compound_formula,substructure,Tc_anchor_K,Hc2_T_anchor,T_K,H_T,withheld_reduced_field,refusal_flag,withheld_log_Jc,withheld_log_Jc_lower_95,withheld_log_Jc_upper_95
Co0.05Fe0.95Se1,iron_chalcogenide_11,10.0,16.0,4.2,0.1,0.00625,H_below_validated_reduced_field,5.99788020316565,5.9654169680036055,6.176213825966855
Co0.05Fe0.95Se1,iron_chalcogenide_11,10.0,16.0,4.2,1.0,0.0625,H_below_validated_reduced_field,5.964289782479094,5.928934164797906,6.141525448847071
Co0.05Fe0.95Se1,iron_chalcogenide_11,10.0,16.0,4.2,5.0,0.3125,family_fails_field_axis_validation,5.793584351753543,5.736025170582753,5.978355767467546
Co0.05Fe0.95Se1,iron_chalcogenide_11,10.0,16.0,7.7,0.1,0.00625,H_below_validated_reduced_field,5.697866445940334,5.598835861766412,5.872989059491991
Co0.05Fe0.95Se1,iron_chalcogenide_11,10.0,16.0,7.7,1.0,0.0625,H_below_validated_reduced_field,5.663069015817964,5.563827095144707,5.840862236525205
Co0.05Fe0.95Se1,iron_chalcogenide_11,10.0,16.0,7.7,5.0,0.3125,family_fails_field_axis_validation,5.481836432014088,5.371187542980717,5.671392022373558
Co0.1Fe0.9Se1,iron_chalcogenide_11,5.0,16.0,4.2,0.1,0.00625,H_below_validated_reduced_field,5.99788020316565,5.957696909341225,6.176213825966855
Co0.1Fe0.9Se1,iron_chalcogenide_11,5.0,16.0,4.2,1.0,0.0625,H_below_validated_reduced_field,5.964232065287694,5.927107128405255,6.140822575904862
Co0.1Fe0.9Se1,iron_chalcogenide_11,5.0,16.0,4.2,5.0,0.3125,family_fails_field_axis_validation,5.793718439494315,5.731342816955841,5.977750918286211
Co0.1Fe0.9Se1,iron_chalcogenide_11,5.0,16.0,3.85,0.1,0.00625,H_below_validated_reduced_field,6.141988109247318,6.076073771651065,6.312228491243515
Co0.1Fe0.9Se1,iron_chalcogenide_11,5.0,16.0,3.85,1.0,0.0625,H_below_validated_reduced_field,6.107286111577497,6.0407470049261525,6.279634702648892
Co0.1Fe0.9Se1,iron_chalcogenide_11,5.0,16.0,3.85,5.0,0.3125,family_fails_field_axis_validation,5.926235219705911,5.84713907256771,6.107464166453562
Fe0.95Ni0.05Se1,iron_chalcogenide_11,10.0,16.0,4.2,0.1,0.00625,H_below_validated_reduced_field,5.99788020316565,5.9654169680036055,6.176213825966855
Fe0.95Ni0.05Se1,iron_chalcogenide_11,10.0,16.0,4.2,1.0,0.0625,H_below_validated_reduced_field,5.964861545692122,5.929952325403831,6.144075285596129
Fe0.95Ni0.05Se1,iron_chalcogenide_11,10.0,16.0,4.2,5.0,0.3125,family_fails_field_axis_validation,5.794166884567984,5.736025170582753,5.978355767467546
Fe0.95Ni0.05Se1,iron_chalcogenide_11,10.0,16.0,7.7,0.1,0.00625,H_below_validated_reduced_field,5.698364833492231,5.60179313988917,5.876626817182242
Fe0.95Ni0.05Se1,iron_chalcogenide_11,10.0,16.0,7.7,1.0,0.0625,H_below_validated_reduced_field,5.663696301868296,5.566099995072637,5.841945876006518
Fe0.95Ni0.05Se1,iron_chalcogenide_11,10.0,16.0,7.7,5.0,0.3125,family_fails_field_axis_validation,5.482427823414536,5.37199336875205,5.676640092461713
Fe1S0.04Se0.96,iron_chalcogenide_11,9.58,16.0,4.2,0.1,0.00625,H_below_validated_reduced_field,5.99788020316565,5.9654169680036055,6.176213825966855
Fe1S0.04Se0.96,iron_chalcogenide_11,9.58,16.0,4.2,1.0,0.0625,H_below_validated_reduced_field,5.964861545692122,5.92917980578886,6.139673732425383
Fe1S0.04Se0.96,iron_chalcogenide_11,9.58,16.0,4.2,5.0,0.3125,family_fails_field_axis_validation,5.793793869886969,5.734388442057165,5.971313271715997
Fe1S0.04Se0.96,iron_chalcogenide_11,9.58,16.0,7.3766,0.1,0.00625,H_below_validated_reduced_field,5.708996081470319,5.615949273985669,5.87372897745143
Fe1S0.04Se0.96,iron_chalcogenide_11,9.58,16.0,7.3766,1.0,0.0625,H_below_validated_reduced_field,5.67593803615329,5.581021891660599,5.843114178777213
Fe1S0.04Se0.96,iron_chalcogenide_11,9.58,16.0,7.3766,5.0,0.3125,family_fails_field_axis_validation,5.49383866194856,5.385886227949219,5.677237718906459
Fe1S0.09Se0.91,iron_chalcogenide_11,10.1,16.0,4.2,0.1,0.00625,H_below_validated_reduced_field,5.99788020316565,5.9654169680036055,6.176213825966855
Fe1S0.09Se0.91,iron_chalcogenide_11,10.1,16.0,4.2,1.0,0.0625,H_below_validated_reduced_field,5.96530304716595,5.929414599932982,6.142170975011203
Fe1S0.09Se0.91,iron_chalcogenide_11,10.1,16.0,4.2,5.0,0.3125,family_fails_field_axis_validation,5.794673986989771,5.734741744748328,5.984162150780839
Fe1S0.09Se0.91,iron_chalcogenide_11,10.1,16.0,7.777,0.1,0.00625,H_below_validated_reduced_field,5.697775814916272,5.597126661251756,5.874732433590308
Fe1S0.09Se0.91,iron_chalcogenide_11,10.1,16.0,7.777,1.0,0.0625,H_below_validated_reduced_field,5.665093547661131,5.562924679369547,5.841510287876459
Fe1S0.09Se0.91,iron_chalcogenide_11,10.1,16.0,7.777,5.0,0.3125,family_fails_field_axis_validation,5.480910863779309,5.367378653277124,5.669655802357601
Fe1S0.11Se0.89,iron_chalcogenide_11,10.7,16.0,4.2,0.1,0.00625,H_below_validated_reduced_field,5.99788020316565,5.9654169680036055,6.176213825966855
Fe1S0.11Se0.89,iron_chalcogenide_11,10.7,16.0,4.2,1.0,0.0625,H_below_validated_reduced_field,5.965038789852715,5.928876874462134,6.141532543090417
Fe1S0.11Se0.89,iron_chalcogenide_11,10.7,16.0,4.2,5.0,0.3125,family_fails_field_axis_validation,5.794483122214318,5.736024200224702,5.98233585896097
Fe1S0.11Se0.89,iron_chalcogenide_11,10.7,16.0,8.238999999999999,0.1,0.00625,H_below_validated_reduced_field,5.683577120383366,5.5786900752563255,5.863962276455263
Fe1S0.11Se0.89,iron_chalcogenide_11,10.7,16.0,8.238999999999999,1.0,0.0625,H_below_validated_reduced_field,5.649398717024972,5.545176770513652,5.832080891147923
Fe1S0.11Se0.89,iron_chalcogenide_11,10.7,16.0,8.238999999999999,5.0,0.3125,family_fails_field_axis_validation,5.467406436174751,5.3502045631744055,5.662976782596013
Fe1S0.12Te0.88,iron_chalcogenide_11,6.8,47.0,4.2,0.1,0.002127659574468085,H_below_validated_reduced_field,5.99788020316565,5.9654169680036055,6.176213825966855
Fe1S0.12Te0.88,iron_chalcogenide_11,6.8,47.0,4.2,1.0,0.02127659574468085,H_below_validated_reduced_field,5.9867929215522775,5.953309062217193,6.164469506709773
Fe1S0.12Te0.88,iron_chalcogenide_11,6.8,47.0,4.2,5.0,0.10638297872340426,H_below_validated_reduced_field,5.938933606337035,5.897372186629297,6.110521930498953
Fe1S0.12Te0.88,iron_chalcogenide_11,6.8,47.0,5.236,0.1,0.002127659574468085,H_below_validated_reduced_field,5.8421528220433725,5.770075043849395,6.000225760757821
Fe1S0.12Te0.88,iron_chalcogenide_11,6.8,47.0,5.236,1.0,0.02127659574468085,H_below_validated_reduced_field,5.830490886102018,5.758075431553488,5.98890262495736
Fe1S0.12Te0.88,iron_chalcogenide_11,6.8,47.0,5.236,5.0,0.10638297872340426,H_below_validated_reduced_field,5.775115788145889,5.702649356637473,5.938445401446892
Fe1S0.1Se0.9,iron_chalcogenide_11,10.27,16.0,4.2,0.1,0.00625,H_below_validated_reduced_field,5.99788020316565,5.9654169680036055,6.176213825966855
Fe1S0.1Se0.9,iron_chalcogenide_11,10.27,16.0,4.2,1.0,0.0625,H_below_validated_reduced_field,5.96530304716595,5.929665462604227,6.1421549292514985
Fe1S0.1Se0.9,iron_chalcogenide_11,10.27,16.0,4.2,5.0,0.3125,family_fails_field_axis_validation,5.794483122214318,5.734697267184831,5.977892494774907
Fe1S0.1Se0.9,iron_chalcogenide_11,10.27,16.0,7.9079,0.1,0.00625,H_below_validated_reduced_field,5.692643643609175,5.59262103510468,5.864784315083119
Fe1S0.1Se0.9,iron_chalcogenide_11,10.27,16.0,7.9079,1.0,0.0625,H_below_validated_reduced_field,5.659624161344798,5.5582034073428455,5.830354950791143
Fe1S0.1Se0.9,iron_chalcogenide_11,10.27,16.0,7.9079,5.0,0.3125,family_fails_field_axis_validation,5.474860094234339,5.363712676245793,5.662913787443027
Fe1S0.1Te0.9,iron_chalcogenide_11,10.0,47.0,4.2,0.1,0.002127659574468085,H_below_validated_reduced_field,5.99788020316565,5.9654169680036055,6.176213825966855
Fe1S0.1Te0.9,iron_chalcogenide_11,10.0,47.0,4.2,1.0,0.02127659574468085,H_below_validated_reduced_field,5.986959380957325,5.953469432427636,6.164469506709773
Fe1S0.1Te0.9,iron_chalcogenide_11,10.0,47.0,4.2,5.0,0.10638297872340426,H_below_validated_reduced_field,5.939009036729689,5.898393991070364,6.1093900702487485
Fe1S0.1Te0.9,iron_chalcogenide_11,10.0,47.0,7.7,0.1,0.002127659574468085,H_below_validated_reduced_field,5.702624053851948,5.599922243394935,5.870498626506607
Fe1S0.1Te0.9,iron_chalcogenide_11,10.0,47.0,7.7,1.0,0.02127659574468085,H_below_validated_reduced_field,5.691319872317742,5.589273001265749,5.858532376102464
Fe1S0.1Te0.9,iron_chalcogenide_11,10.0,47.0,7.7,5.0,0.10638297872340426,H_below_validated_reduced_field,5.639075452672245,5.534990568569001,5.809727688584971
Fe1Se0.05Te0.95,iron_chalcogenide_11,3.35,47.0,2.5795000000000003,0.1,0.002127659574468085,H_below_validated_reduced_field,13.406126701611544,10.769388800148835,14.1342087563703
Fe1Se0.05Te0.95,iron_chalcogenide_11,3.35,47.0,2.5795000000000003,1.0,0.02127659574468085,H_below_validated_reduced_field,13.394591704758309,10.757529432379652,14.123780648787928
Fe1Se0.05Te0.95,iron_chalcogenide_11,3.35,47.0,2.5795000000000003,5.0,0.10638297872340426,H_below_validated_reduced_field,13.340877091102357,10.701183046479304,14.077158051551944
Fe1Se0.075Te0.925,iron_chalcogenide_11,11.5,47.0,4.2,0.1,0.002127659574468085,H_below_validated_reduced_field,5.99788020316565,5.9654169680036055,6.176213825966855
Fe1Se0.075Te0.925,iron_chalcogenide_11,11.5,47.0,4.2,1.0,0.02127659574468085,H_below_validated_reduced_field,5.986745393491715,5.953619977866262,6.164655033877475
Fe1Se0.075Te0.925,iron_chalcogenide_11,11.5,47.0,4.2,5.0,0.10638297872340426,H_below_validated_reduced_field,5.937017118472056,5.898255002298896,6.111720083216756
Fe1Se0.075Te0.925,iron_chalcogenide_11,11.5,47.0,8.855,0.1,0.002127659574468085,H_below_validated_reduced_field,5.669157400431583,5.562111395700157,5.852719214477706
Fe1Se0.075Te0.925,iron_chalcogenide_11,11.5,47.0,8.855,1.0,0.02127659574468085,H_below_validated_reduced_field,5.657410255067217,5.550800517867104,5.842298162048055
Fe1Se0.075Te0.925,iron_chalcogenide_11,11.5,47.0,8.855,5.0,0.10638297872340426,H_below_validated_reduced_field,5.603019485062447,5.49603134896671,5.790791564672008
Fe1Se0.07Te0.93,iron_chalcogenide_11,8.2,47.0,4.2,0.1,0.002127659574468085,H_below_validated_reduced_field,5.99788020316565,5.9654169680036055,6.176213825966855
Fe1Se0.07Te0.93,iron_chalcogenide_11,8.2,47.0,4.2,1.0,0.02127659574468085,H_below_validated_reduced_field,5.986593027493477,5.952946695956383,6.164684062173716
Fe1Se0.07Te0.93,iron_chalcogenide_11,8.2,47.0,4.2,5.0,0.10638297872340426,H_below_validated_reduced_field,5.936826253696603,5.898532979841832,6.111714023192824
Fe1Se0.07Te0.93,iron_chalcogenide_11,8.2,47.0,6.313999999999999,0.1,0.002127659574468085,H_below_validated_reduced_field,5.75683782589076,5.671381142364888,5.922980765997914
Fe1Se0.07Te0.93,iron_chalcogenide_11,8.2,47.0,6.313999999999999,1.0,0.02127659574468085,H_below_validated_reduced_field,5.747118571638639,5.660019085808383,5.912766078350207
Fe1Se0.07Te0.93,iron_chalcogenide_11,8.2,47.0,6.313999999999999,5.0,0.10638297872340426,H_below_validated_reduced_field,5.694796007305458,5.6039998767504375,5.861322802319188
Fe1Se0.13Te0.87,iron_chalcogenide_11,6.0,47.0,4.2,0.1,0.002127659574468085,H_below_validated_reduced_field,5.99788020316565,5.9654169680036055,6.176213825966855
Fe1Se0.13Te0.87,iron_chalcogenide_11,6.0,47.0,4.2,1.0,0.02127659574468085,H_below_validated_reduced_field,5.986768516181872,5.953262222106843,6.165526731532781
Fe1Se0.13Te0.87,iron_chalcogenide_11,6.0,47.0,4.2,5.0,0.10638297872340426,H_below_validated_reduced_field,5.937207983247509,5.897361369176324,6.114174542954605
Fe1Se0.13Te0.87,iron_chalcogenide_11,6.0,47.0,4.62,0.1,0.002127659574468085,H_below_validated_reduced_field,5.916490502849535,5.863879111802604,6.095177091138978
Fe1Se0.13Te0.87,iron_chalcogenide_11,6.0,47.0,4.62,1.0,0.02127659574468085,H_below_validated_reduced_field,5.904955505804197,5.853087010781182,6.082806803386912
Fe1Se0.13Te0.87,iron_chalcogenide_11,6.0,47.0,4.62,5.0,0.10638297872340426,H_below_validated_reduced_field,5.851487859612931,5.799096167380397,6.026617951613328
Fe1Se0.1Te0.9,iron_chalcogenide_11,9.816666665,47.0,4.2,0.1,0.002127659574468085,H_below_validated_reduced_field,5.99788020316565,5.9654169680036055,6.176213825966855
Fe1Se0.1Te0.9,iron_chalcogenide_11,9.816666665,47.0,4.2,1.0,0.02127659574468085,H_below_validated_reduced_field,5.986540697909593,5.953106456032565,6.164421306103224
Fe1Se0.1Te0.9,iron_chalcogenide_11,9.816666665,47.0,4.2,5.0,0.10638297872340426,H_below_validated_reduced_field,5.936137001369254,5.897743615421821,6.110383983119559
Fe1Se0.1Te0.9,iron_chalcogenide_11,9.816666665,47.0,7.55883333205,0.1,0.002127659574468085,H_below_validated_reduced_field,5.706701387307562,5.60703236340948,5.874624376243627
Fe1Se0.1Te0.9,iron_chalcogenide_11,9.816666665,47.0,7.55883333205,1.0,0.02127659574468085,H_below_validated_reduced_field,5.695265561190494,5.59569100730891,5.862831856379996
Fe1Se0.1Te0.9,iron_chalcogenide_11,9.816666665,47.0,7.55883333205,5.0,0.10638297872340426,H_below_validated_reduced_field,5.642038187319823,5.540403292514222,5.810634236297519
Fe1Se0.8,iron_chalcogenide_11,8.65,16.0,4.2,0.1,0.00625,H_below_validated_reduced_field,5.99788020316565,5.9654169680036055,6.176213825966855
Fe1Se0.8,iron_chalcogenide_11,8.65,16.0,4.2,1.0,0.0625,H_below_validated_reduced_field,5.964096862972119,5.929952325403831,6.140895968442644
Fe1Se0.8,iron_chalcogenide_11,8.65,16.0,4.2,5.0,0.3125,family_fails_field_axis_validation,5.79310461755962,5.73438052199131,5.981871811131597
Fe1Se0.8,iron_chalcogenide_11,8.65,16.0,6.660500000000001,0.1,0.00625,H_below_validated_reduced_field,5.738153999998746,5.651515093374252,5.906518329577915
Fe1Se0.8,iron_chalcogenide_11,8.65,16.0,6.660500000000001,1.0,0.0625,H_below_validated_reduced_field,5.704230524386052,5.615585682602555,5.872490242601551
Fe1Se0.8,iron_chalcogenide_11,8.65,16.0,6.660500000000001,5.0,0.3125,family_fails_field_axis_validation,5.521918055234496,5.419815134578966,5.706927702923549
Fe1Se0.82,iron_chalcogenide_11,7.83,16.0,4.2,0.1,0.00625,H_below_validated_reduced_field,5.99788020316565,5.9654169680036055,6.176213825966855
Fe1Se0.82,iron_chalcogenide_11,7.83,16.0,4.2,1.0,0.0625,H_below_validated_reduced_field,5.965112182390497,5.927916004191982,6.140895968442644
Fe1Se0.82,iron_chalcogenide_11,7.83,16.0,4.2,5.0,0.3125,family_fails_field_axis_validation,5.794673986989771,5.73438052199131,5.976424202724572
Fe1Se0.82,iron_chalcogenide_11,7.83,16.0,6.029100000000001,0.1,0.00625,H_below_validated_reduced_field,5.7723332389524895,5.69251516750311,5.938372725427067
Fe1Se0.82,iron_chalcogenide_11,7.83,16.0,6.029100000000001,1.0,0.0625,H_below_validated_reduced_field,5.7420035244886005,5.6570886641605735,5.904329017653565
Fe1Se0.82,iron_chalcogenide_11,7.83,16.0,6.029100000000001,5.0,0.3125,family_fails_field_axis_validation,5.557384223027061,5.461761035525576,5.74008003318159
Fe1Se0.85,iron_chalcogenide_11,9.62,16.0,4.2,0.1,0.00625,H_below_validated_reduced_field,5.99788020316565,5.9654169680036055,6.176213825966855
Fe1Se0.85,iron_chalcogenide_11,9.62,16.0,4.2,1.0,0.0625,H_below_validated_reduced_field,5.965112182390497,5.928876874462134,6.141525448847071
Fe1Se0.85,iron_chalcogenide_11,9.62,16.0,4.2,5.0,0.3125,family_fails_field_axis_validation,5.794483122214318,5.734702208800174,5.981983149751032
Fe1Se0.85,iron_chalcogenide_11,9.62,16.0,7.4074,0.1,0.00625,H_below_validated_reduced_field,5.707851897565487,5.61231913898874,5.886280952754418
Fe1Se0.85,iron_chalcogenide_11,9.62,16.0,7.4074,1.0,0.0625,H_below_validated_reduced_field,5.673762453970569,5.579659316712973,5.854171625835203
Fe1Se0.85,iron_chalcogenide_11,9.62,16.0,7.4074,5.0,0.3125,family_fails_field_axis_validation,5.492142007250595,5.383688179514121,5.685173295735714
Fe1Se0.88,iron_chalcogenide_11,8.843333333,16.0,4.2,0.1,0.00625,H_below_validated_reduced_field,5.99788020316565,5.96437031215008,6.176213825966855
Fe1Se0.88,iron_chalcogenide_11,8.843333333,16.0,4.2,1.0,0.0625,H_below_validated_reduced_field,5.965266350897059,5.928934164797906,6.14145205630929
Fe1Se0.88,iron_chalcogenide_11,8.843333333,16.0,4.2,5.0,0.3125,family_fails_field_axis_validation,5.794483122214318,5.734702208800174,5.977894277008013
Fe1Se0.88,iron_chalcogenide_11,8.843333333,16.0,6.809366666410001,0.1,0.00625,H_below_validated_reduced_field,5.730947315187859,5.641499550678558,5.909090073213611
Fe1Se0.88,iron_chalcogenide_11,8.843333333,16.0,6.809366666410001,1.0,0.0625,H_below_validated_reduced_field,5.699069411730343,5.60734829723323,5.874690111803034
Fe1Se0.88,iron_chalcogenide_11,8.843333333,16.0,6.809366666410001,5.0,0.3125,family_fails_field_axis_validation,5.516555923994941,5.410994510661727,5.709707464562621
Fe1Se0.92,iron_chalcogenide_11,7.4,16.0,4.2,0.1,0.00625,H_below_validated_reduced_field,5.99788020316565,5.9654169680036055,6.176213825966855
Fe1Se0.92,iron_chalcogenide_11,7.4,16.0,4.2,1.0,0.0625,H_below_validated_reduced_field,5.965550798019471,5.930099110479395,6.140441777894957
Fe1Se0.92,iron_chalcogenide_11,7.4,16.0,4.2,5.0,0.3125,family_fails_field_axis_validation,5.794864851765224,5.737382449575351,5.974027730274056
Fe1Se0.92,iron_chalcogenide_11,7.4,16.0,5.698,0.1,0.00625,H_below_validated_reduced_field,5.801933325499592,5.718768751067165,5.964113551179215
Fe1Se0.92,iron_chalcogenide_11,7.4,16.0,5.698,1.0,0.0625,H_below_validated_reduced_field,5.7672593498389615,5.684516791934614,5.9288235863172325
Fe1Se0.92,iron_chalcogenide_11,7.4,16.0,5.698,5.0,0.3125,family_fails_field_axis_validation,5.58168811099052,5.489732427757669,5.763805108289771
Fe1Se0.93,iron_chalcogenide_11,7.0,16.0,4.2,0.1,0.00625,H_below_validated_reduced_field,5.99788020316565,5.9654169680036055,6.176213825966855
Fe1Se0.93,iron_chalcogenide_11,7.0,16.0,4.2,1.0,0.0625,H_below_validated_reduced_field,5.964976980074921,5.928396439327058,6.14145205630929
Fe1Se0.93,iron_chalcogenide_11,7.0,16.0,4.2,5.0,0.3125,family_fails_field_axis_validation,5.794166884567984,5.7339243942277935,5.977903320833908
Fe1Se0.93,iron_chalcogenide_11,7.0,16.0,5.390000000000001,0.1,0.00625,H_below_validated_reduced_field,5.825543417267294,5.751518188191514,5.983960975412051
Fe1Se0.93,iron_chalcogenide_11,7.0,16.0,5.390000000000001,1.0,0.0625,H_below_validated_reduced_field,5.790925048115524,5.715809930897456,5.952648551984423
Fe1Se0.93,iron_chalcogenide_11,7.0,16.0,5.390000000000001,5.0,0.3125,family_fails_field_axis_validation,5.605330877731846,5.519313005132895,5.786373758835361
Fe1Se0.94,iron_chalcogenide_11,8.545,16.0,4.2,0.1,0.00625,H_below_validated_reduced_field,5.99788020316565,5.9654169680036055,6.176213825966855
Fe1Se0.94,iron_chalcogenide_11,8.545,16.0,4.2,1.0,0.0625,H_below_validated_reduced_field,5.965112182390497,5.929487992470764,6.140896427502539
Fe1Se0.94,iron_chalcogenide_11,8.545,16.0,4.2,5.0,0.3125,family_fails_field_axis_validation,5.794864851765224,5.734388244055519,5.976424202724572
Fe1Se0.94,iron_chalcogenide_11,8.545,16.0,6.57965,0.1,0.00625,H_below_validated_reduced_field,5.742880792085491,5.656175627902193,5.9099579439969885
Fe1Se0.94,iron_chalcogenide_11,8.545,16.0,6.57965,1.0,0.0625,H_below_validated_reduced_field,5.710104928050457,5.620946241292133,5.876102485055545
Fe1Se0.94,iron_chalcogenide_11,8.545,16.0,6.57965,5.0,0.3125,family_fails_field_axis_validation,5.528278451544511,5.424619896550502,5.711397282190109
Fe1Se0.98,iron_chalcogenide_11,8.105,16.0,4.2,0.1,0.00625,H_below_validated_reduced_field,5.99788020316565,5.9654169680036055,6.176213825966855
Fe1Se0.98,iron_chalcogenide_11,8.105,16.0,4.2,1.0,0.0625,H_below_validated_reduced_field,5.965112182390497,5.929952325403831,6.141525448847071
Fe1Se0.98,iron_chalcogenide_11,8.105,16.0,4.2,5.0,0.3125,family_fails_field_axis_validation,5.794483122214318,5.7373078912002535,5.974354496785264
Fe1Se0.98,iron_chalcogenide_11,8.105,16.0,6.240850000000001,0.1,0.00625,H_below_validated_reduced_field,5.760590120744687,5.677710883192159,5.926411851494623
Fe1Se0.98,iron_chalcogenide_11,8.105,16.0,6.240850000000001,1.0,0.0625,H_below_validated_reduced_field,5.728710568429076,5.641990773210293,5.891250690319604
Fe1Se0.98,iron_chalcogenide_11,8.105,16.0,6.240850000000001,5.0,0.3125,family_fails_field_axis_validation,5.544262829069735,5.445750875530415,5.724556806116961
Fe1Se0.99,iron_chalcogenide_11,6.99,16.0,4.2,0.1,0.00625,H_below_validated_reduced_field,5.99788020316565,5.9654169680036055,6.176213825966855
Fe1Se0.99,iron_chalcogenide_11,6.99,16.0,4.2,1.0,0.0625,H_below_validated_reduced_field,5.965550798019471,5.9300257179416125,6.141453891122734
Fe1Se0.99,iron_chalcogenide_11,6.99,16.0,4.2,5.0,0.3125,family_fails_field_axis_validation,5.79742824459402,5.735460389390172,5.978218486149382
Fe1Se0.99,iron_chalcogenide_11,6.99,16.0,5.3823,0.1,0.00625,H_below_validated_reduced_field,5.828189211041238,5.752906785668149,5.9877227844619
Fe1Se0.99,iron_chalcogenide_11,6.99,16.0,5.3823,1.0,0.0625,H_below_validated_reduced_field,5.792337144427473,5.718127463278121,5.951776433654039
Fe1Se0.99,iron_chalcogenide_11,6.99,16.0,5.3823,5.0,0.3125,family_fails_field_axis_validation,5.607052016016095,5.5218782597145095,5.789723438663267
Fe1Te1,iron_chalcogenide_11,1.5,47.0,1.155,0.1,0.002127659574468085,H_below_validated_reduced_field,13.405628314059646,10.727617674270132,14.1342087563703
Fe1Te1,iron_chalcogenide_11,1.5,47.0,1.155,1.0,0.02127659574468085,H_below_validated_reduced_field,13.39434562544062,10.716710525991928,14.123983920111025
Fe1Te1,iron_chalcogenide_11,1.5,47.0,1.155,5.0,0.10638297872340426,H_below_validated_reduced_field,13.339647283212155,10.662828369608665,14.078494777149915
As2Ba0.1Fe2K0.9,iron_pnictide_122,6.93,60.0,4.2,0.1,0.0016666666666666668,H_below_validated_reduced_field,5.746354490991693,5.616253626881896,5.804297695181981
As2Ba0.1Fe2K0.9,iron_pnictide_122,6.93,60.0,4.2,1.0,0.016666666666666666,H_below_validated_reduced_field,5.741489109671595,5.612725348361308,5.799923696044939
As2Ba0.1Fe2K0.9,iron_pnictide_122,6.93,60.0,4.2,5.0,0.08333333333333333,H_below_validated_reduced_field,5.717976750250158,5.600589500708412,5.782726088382468
As2Ba0.1Fe2K0.9,iron_pnictide_122,6.93,60.0,5.3361,0.1,0.0016666666666666668,H_below_validated_reduced_field,5.293425683096583,5.123753878776227,5.399977878983842
As2Ba0.1Fe2K0.9,iron_pnictide_122,6.93,60.0,5.3361,1.0,0.016666666666666666,H_below_validated_reduced_field,5.288868723293739,5.120480931240773,5.396099511003258
As2Ba0.1Fe2K0.9,iron_pnictide_122,6.93,60.0,5.3361,5.0,0.08333333333333333,H_below_validated_reduced_field,5.26903841347395,5.102040168841148,5.380800905893094
As2Ba0.2Fe2K0.8,iron_pnictide_122,12.8,60.0,4.2,0.1,0.0016666666666666668,H_below_validated_reduced_field,5.746354490991693,5.616253626881896,5.813389291270404
As2Ba0.2Fe2K0.8,iron_pnictide_122,12.8,60.0,4.2,1.0,0.016666666666666666,H_below_validated_reduced_field,5.741408603988862,5.612883174543616,5.80232360127003
As2Ba0.2Fe2K0.8,iron_pnictide_122,12.8,60.0,4.2,5.0,0.08333333333333333,H_below_validated_reduced_field,5.718019243994539,5.599655696730935,5.786709780492977
As2Ba0.2Fe2K0.8,iron_pnictide_122,12.8,60.0,9.856000000000002,0.1,0.0016666666666666668,H_below_validated_reduced_field,4.863616316744199,4.542960428375939,5.027654178041543
As2Ba0.2Fe2K0.8,iron_pnictide_122,12.8,60.0,9.856000000000002,1.0,0.016666666666666666,H_below_validated_reduced_field,4.858238249321129,4.538872556619363,5.02408426473014
As2Ba0.2Fe2K0.8,iron_pnictide_122,12.8,60.0,9.856000000000002,5.0,0.08333333333333333,H_below_validated_reduced_field,4.8382419626217565,4.522610223088213,5.008011543900811
As2Ba0.3Fe2K0.7,iron_pnictide_122,19.7,60.0,4.2,0.1,0.0016666666666666668,H_below_validated_reduced_field,5.746354490991693,5.635326719245767,5.804297695181981
As2Ba0.3Fe2K0.7,iron_pnictide_122,19.7,60.0,4.2,1.0,0.016666666666666666,H_below_validated_reduced_field,5.741819480489184,5.631757137162446,5.799488692629642
As2Ba0.3Fe2K0.7,iron_pnictide_122,19.7,60.0,4.2,5.0,0.08333333333333333,H_below_validated_reduced_field,5.7180022319169,5.607899140450289,5.782418142852415
As2Ba0.3Fe2K0.7,iron_pnictide_122,19.7,60.0,15.169,0.1,0.0016666666666666668,H_below_validated_reduced_field,4.73574631527282,4.372481076863403,4.91799850315449
As2Ba0.3Fe2K0.7,iron_pnictide_122,19.7,60.0,15.169,1.0,0.016666666666666666,H_below_validated_reduced_field,4.732152541786281,4.368414367047798,4.91257673409317
As2Ba0.3Fe2K0.7,iron_pnictide_122,19.7,60.0,15.169,5.0,0.08333333333333333,H_below_validated_reduced_field,4.713070504622982,4.352562042638408,4.894633893259552
Al0.01B2Mg0.99,conventional_AlB2,37.95,15.5,4.2,0.1,0.0064516129032258064,H_below_validated_reduced_field,5.324105348641889,5.171003190830169,5.559330705252185
Al0.01B2Mg0.99,conventional_AlB2,37.95,15.5,4.2,1.0,0.06451612903225806,H_below_validated_reduced_field,5.2695011907785725,5.102598161437979,5.511386766736761
Al0.01B2Mg0.99,conventional_AlB2,37.95,15.5,20.0,0.1,0.0064516129032258064,H_below_validated_reduced_field,5.025882153683416,4.768388612396264,5.332070285623967
Al0.01B2Mg0.99,conventional_AlB2,37.95,15.5,20.0,1.0,0.06451612903225806,H_below_validated_reduced_field,4.965470775795234,4.693833653303094,5.286253408812813
Al0.01B2Mg0.99,conventional_AlB2,37.95,15.5,29.2215,0.1,0.0064516129032258064,H_below_validated_reduced_field,4.654774365022116,4.216949953597596,5.156090774485815
Al0.01B2Mg0.99,conventional_AlB2,37.95,15.5,29.2215,1.0,0.06451612903225806,H_below_validated_reduced_field,4.593826707863045,4.140111714931476,5.1065950958401976
Al0.022B2Mg0.978,conventional_AlB2,34.7,15.5,4.2,0.1,0.0064516129032258064,H_below_validated_reduced_field,5.324105348641889,5.171003190830169,5.559330705252185
Al0.022B2Mg0.978,conventional_AlB2,34.7,15.5,4.2,1.0,0.06451612903225806,H_below_validated_reduced_field,5.269431390263902,5.102598161437979,5.506751427124972
Al0.022B2Mg0.978,conventional_AlB2,34.7,15.5,20.0,0.1,0.0064516129032258064,H_below_validated_reduced_field,4.9773605448428775,4.691824301828232,5.3041390730603775
Al0.022B2Mg0.978,conventional_AlB2,34.7,15.5,20.0,1.0,0.06451612903225806,H_below_validated_reduced_field,4.917084452649401,4.617290685471185,5.258881318205379
Al0.022B2Mg0.978,conventional_AlB2,34.7,15.5,26.719,0.1,0.0064516129032258064,H_below_validated_reduced_field,4.66057683240042,4.196984019093271,5.169997883757132
Al0.022B2Mg0.978,conventional_AlB2,34.7,15.5,26.719,1.0,0.06451612903225806,H_below_validated_reduced_field,4.599706652276755,4.123343100210763,5.126008878734804
Al0.02B2Mg0.98,conventional_AlB2,36.7,15.5,4.2,0.1,0.0064516129032258064,H_below_validated_reduced_field,5.324105348641889,5.1863788403346,5.559330705252185
Al0.02B2Mg0.98,conventional_AlB2,36.7,15.5,4.2,1.0,0.06451612903225806,H_below_validated_reduced_field,5.269431390263902,5.106251513927366,5.504780351850702
Al0.02B2Mg0.98,conventional_AlB2,36.7,15.5,20.0,0.1,0.0064516129032258064,H_below_validated_reduced_field,5.009059454988169,4.725435420495534,5.323215444047008
Al0.02B2Mg0.98,conventional_AlB2,36.7,15.5,20.0,1.0,0.06451612903225806,H_below_validated_reduced_field,4.951031416759867,4.65391613998368,5.279406167994257
Al0.02B2Mg0.98,conventional_AlB2,36.7,15.5,28.259000000000004,0.1,0.0064516129032258064,H_below_validated_reduced_field,4.656876601001858,4.176119521602563,5.188898229927758
Al0.02B2Mg0.98,conventional_AlB2,36.7,15.5,28.259000000000004,1.0,0.06451612903225806,H_below_validated_reduced_field,4.601098632888471,4.104846454603556,5.138605020547736
Al0.03B2Mg0.97,conventional_AlB2,37.3,15.5,4.2,0.1,0.0064516129032258064,H_below_validated_reduced_field,5.324105348641889,5.1863788403346,5.559330705252185
Al0.03B2Mg0.97,conventional_AlB2,37.3,15.5,4.2,1.0,0.06451612903225806,H_below_validated_reduced_field,5.270343882357867,5.104644875708542,5.507908158442016
Al0.03B2Mg0.97,conventional_AlB2,37.3,15.5,20.0,0.1,0.0064516129032258064,H_below_validated_reduced_field,5.017475462598519,4.741894356204116,5.3275873451749005
Al0.03B2Mg0.97,conventional_AlB2,37.3,15.5,20.0,1.0,0.06451612903225806,H_below_validated_reduced_field,4.958111411706181,4.672338429544889,5.283400203191563
Al0.03B2Mg0.97,conventional_AlB2,37.3,15.5,28.721,0.1,0.0064516129032258064,H_below_validated_reduced_field,4.65584882773663,4.136604764983917,5.167899849493845
Al0.03B2Mg0.97,conventional_AlB2,37.3,15.5,28.721,1.0,0.06451612903225806,H_below_validated_reduced_field,4.596362509198966,4.0628970629072985,5.123225508673572
Al0.044B2Mg0.956,conventional_AlB2,34.0,15.5,4.2,0.1,0.0064516129032258064,H_below_validated_reduced_field,5.324105348641889,5.1863788403346,5.559330705252185
Al0.044B2Mg0.956,conventional_AlB2,34.0,15.5,4.2,1.0,0.06451612903225806,H_below_validated_reduced_field,5.271544406272218,5.106563100257184,5.511386766736761
Al0.044B2Mg0.956,conventional_AlB2,34.0,15.5,20.0,0.1,0.0064516129032258064,H_below_validated_reduced_field,4.961989900734549,4.66503868777328,5.300174108532829
Al0.044B2Mg0.956,conventional_AlB2,34.0,15.5,20.0,1.0,0.06451612903225806,H_below_validated_reduced_field,4.901738601512581,4.590564555251951,5.254905405410147
Al0.044B2Mg0.956,conventional_AlB2,34.0,15.5,26.18,0.1,0.0064516129032258064,H_below_validated_reduced_field,4.65383974473448,4.158688625963652,5.190273203933468
Al0.044B2Mg0.956,conventional_AlB2,34.0,15.5,26.18,1.0,0.06451612903225806,H_below_validated_reduced_field,4.598493960686294,4.081505684416016,5.136020858003566
Al0.05B2Mg0.95,conventional_AlB2,36.46666667,15.5,4.2,0.1,0.0064516129032258064,H_below_validated_reduced_field,5.324105348641889,5.171003190830169,5.559330705252185
Al0.05B2Mg0.95,conventional_AlB2,36.46666667,15.5,4.2,1.0,0.06451612903225806,H_below_validated_reduced_field,5.271544406272218,5.102014001796972,5.506751427124972
Al0.05B2Mg0.95,conventional_AlB2,36.46666667,15.5,20.0,0.1,0.0064516129032258064,H_below_validated_reduced_field,5.005661691244728,4.733251218215677,5.3166976001904604
Al0.05B2Mg0.95,conventional_AlB2,36.46666667,15.5,20.0,1.0,0.06451612903225806,H_below_validated_reduced_field,4.944503878712571,4.6519659323932725,5.272001229364306
Al0.05B2Mg0.95,conventional_AlB2,36.46666667,15.5,28.079333335900003,0.1,0.0064516129032258064,H_below_validated_reduced_field,4.6491437734721055,4.195298725659312,5.167720369488789
Al0.05B2Mg0.95,conventional_AlB2,36.46666667,15.5,28.079333335900003,1.0,0.06451612903225806,H_below_validated_reduced_field,4.59107722922165,4.135575852900819,5.113995218617294
Al0.06B2Mg0.94,conventional_AlB2,37.0,15.5,4.2,0.1,0.0064516129032258064,H_below_validated_reduced_field,5.324105348641889,5.171003190830169,5.559330705252185
Al0.06B2Mg0.94,conventional_AlB2,37.0,15.5,4.2,1.0,0.06451612903225806,H_below_validated_reduced_field,5.269369534580036,5.1026131398903125,5.504791778125286
Al0.06B2Mg0.94,conventional_AlB2,37.0,15.5,20.0,0.1,0.0064516129032258064,H_below_validated_reduced_field,5.0133238328376,4.736545385410831,5.325430679487951
Al0.06B2Mg0.94,conventional_AlB2,37.0,15.5,20.0,1.0,0.06451612903225806,H_below_validated_reduced_field,4.953573873619922,4.667482526268644,5.281909456468356
Al0.06B2Mg0.94,conventional_AlB2,37.0,15.5,28.49,0.1,0.0064516129032258064,H_below_validated_reduced_field,4.6563582809529525,4.206167093770524,5.188701663850621
Al0.06B2Mg0.94,conventional_AlB2,37.0,15.5,28.49,1.0,0.06451612903225806,H_below_validated_reduced_field,4.593245845334247,4.137001341893999,5.140709257485257
Al0.07B2Mg0.93,conventional_AlB2,35.8,15.5,4.2,0.1,0.0064516129032258064,H_below_validated_reduced_field,5.324105348641889,5.1863788403346,5.559330705252185
Al0.07B2Mg0.93,conventional_AlB2,35.8,15.5,4.2,1.0,0.06451612903225806,H_below_validated_reduced_field,5.271544406272218,5.104036057933822,5.511386766736761
Al0.07B2Mg0.93,conventional_AlB2,35.8,15.5,20.0,0.1,0.0064516129032258064,H_below_validated_reduced_field,4.993811750971566,4.72095452430642,5.319412891300964
Al0.07B2Mg0.93,conventional_AlB2,35.8,15.5,20.0,1.0,0.06451612903225806,H_below_validated_reduced_field,4.934642026393273,4.6436908217380655,5.2758836636155575
Al0.07B2Mg0.93,conventional_AlB2,35.8,15.5,27.566,0.1,0.0064516129032258064,H_below_validated_reduced_field,4.650344897255437,4.197643248521653,5.189646337980883
Al0.07B2Mg0.93,conventional_AlB2,35.8,15.5,27.566,1.0,0.06451612903225806,H_below_validated_reduced_field,4.59499911320725,4.124841428898355,5.1350959845794
Al0.085B2Mg0.915,conventional_AlB2,32.4,15.5,4.2,0.1,0.0064516129032258064,H_below_validated_reduced_field,5.324105348641889,5.171003190830169,5.549941092791016
Al0.085B2Mg0.915,conventional_AlB2,32.4,15.5,4.2,1.0,0.06451612903225806,H_below_validated_reduced_field,5.2681634603827865,5.103264623835246,5.502805514958336
Al0.085B2Mg0.915,conventional_AlB2,32.4,15.5,20.0,0.1,0.0064516129032258064,H_below_validated_reduced_field,4.930968707891346,4.6283667495727805,5.2839896186354425
Al0.085B2Mg0.915,conventional_AlB2,32.4,15.5,20.0,1.0,0.06451612903225806,H_below_validated_reduced_field,4.870844928361594,4.557408544842829,5.23788090262048
Al0.085B2Mg0.915,conventional_AlB2,32.4,15.5,24.948,0.1,0.0064516129032258064,H_below_validated_reduced_field,4.665438705767914,4.219496600552518,5.179730630337098
Al0.085B2Mg0.915,conventional_AlB2,32.4,15.5,24.948,1.0,0.06451612903225806,H_below_validated_reduced_field,4.606150098766803,4.147084240294694,5.125653536254911
Al0.08B2Mg0.92,conventional_AlB2,33.55,15.5,4.2,0.1,0.0064516129032258064,H_below_validated_reduced_field,5.324105348641889,5.1863788403346,5.559330705252185
Al0.08B2Mg0.92,conventional_AlB2,33.55,15.5,4.2,1.0,0.06451612903225806,H_below_validated_reduced_field,5.269331709916639,5.106325025815066,5.506751427124972
Al0.08B2Mg0.92,conventional_AlB2,33.55,15.5,20.0,0.1,0.0064516129032258064,H_below_validated_reduced_field,4.951763951053977,4.65373928241921,5.304079077385875
Al0.08B2Mg0.92,conventional_AlB2,33.55,15.5,20.0,1.0,0.06451612903225806,H_below_validated_reduced_field,4.894751538270164,4.571011177332893,5.253906648077294
Al0.08B2Mg0.92,conventional_AlB2,33.55,15.5,25.8335,0.1,0.0064516129032258064,H_below_validated_reduced_field,4.652394126548209,4.141811881857304,5.188230043969297
Al0.08B2Mg0.92,conventional_AlB2,33.55,15.5,25.8335,1.0,0.06451612903225806,H_below_validated_reduced_field,4.59705043306968,4.077708213309831,5.137139243124572
Al0.09B2Mg0.91,conventional_AlB2,34.7,15.5,4.2,0.1,0.0064516129032258064,H_below_validated_reduced_field,5.324105348641889,5.1863788403346,5.559330705252185
Al0.09B2Mg0.91,conventional_AlB2,34.7,15.5,4.2,1.0,0.06451612903225806,H_below_validated_reduced_field,5.270871172094313,5.113330314759067,5.508722502399244
Al0.09B2Mg0.91,conventional_AlB2,34.7,15.5,20.0,0.1,0.0064516129032258064,H_below_validated_reduced_field,4.9773605448428775,4.707199951332664,5.3041390730603775
Al0.09B2Mg0.91,conventional_AlB2,34.7,15.5,20.0,1.0,0.06451612903225806,H_below_validated_reduced_field,4.917550753839916,4.629053604782869,5.25872225651867
Al0.09B2Mg0.91,conventional_AlB2,34.7,15.5,26.719,0.1,0.0064516129032258064,H_below_validated_reduced_field,4.66057683240042,4.265835106472126,5.169997883757132
Al0.09B2Mg0.91,conventional_AlB2,34.7,15.5,26.719,1.0,0.06451612903225806,H_below_validated_reduced_field,4.600305829220233,4.19583084724809,5.12110102368802
Al0.14B2Mg0.86,conventional_AlB2,35.1,15.5,4.2,0.1,0.0064516129032258064,H_below_validated_reduced_field,5.324105348641889,5.171003190830169,5.549941092791016
Al0.14B2Mg0.86,conventional_AlB2,35.1,15.5,4.2,1.0,0.06451612903225806,H_below_validated_reduced_field,5.269431390263902,5.101108685649522,5.502031359042437
Al0.14B2Mg0.86,conventional_AlB2,35.1,15.5,20.0,0.1,0.0064516129032258064,H_below_validated_reduced_field,4.979690677505768,4.687869738522662,5.310301230125434
Al0.14B2Mg0.86,conventional_AlB2,35.1,15.5,20.0,1.0,0.06451612903225806,H_below_validated_reduced_field,4.923072015114213,4.615907048576883,5.261388849037443
Al0.14B2Mg0.86,conventional_AlB2,35.1,15.5,27.027,0.1,0.0064516129032258064,H_below_validated_reduced_field,4.651658515977499,4.174907795855057,5.169653504930845
Al0.14B2Mg0.86,conventional_AlB2,35.1,15.5,27.027,1.0,0.06451612903225806,H_below_validated_reduced_field,4.596312731929313,4.097207436908412,5.1214939689685215
Al0.15B2Mg0.85,conventional_AlB2,31.5,15.5,4.2,0.1,0.0064516129032258064,H_below_validated_reduced_field,5.324105348641889,5.171003190830169,5.559330705252185
Al0.15B2Mg0.85,conventional_AlB2,31.5,15.5,4.2,1.0,0.06451612903225806,H_below_validated_reduced_field,5.26911416701377,5.104680266782216,5.504821127261954
Al0.15B2Mg0.85,conventional_AlB2,31.5,15.5,20.0,0.1,0.0064516129032258064,H_below_validated_reduced_field,4.903105273263592,4.5942890019275255,5.281516904618397
Al0.15B2Mg0.85,conventional_AlB2,31.5,15.5,20.0,1.0,0.06451612903225806,H_below_validated_reduced_field,4.845389504809846,4.518035617041118,5.234395665103246
Al0.15B2Mg0.85,conventional_AlB2,31.5,15.5,24.255,0.1,0.0064516129032258064,H_below_validated_reduced_field,4.657882537550838,4.19184347481841,5.188301220694665
Al0.15B2Mg0.85,conventional_AlB2,31.5,15.5,24.255,1.0,0.06451612903225806,H_below_validated_reduced_field,4.601466380936136,4.12063658016437,5.141088343276501
Al0.185B2Mg0.815,conventional_AlB2,25.3,15.5,4.2,0.1,0.0064516129032258064,H_below_validated_reduced_field,5.324105348641889,5.1863788403346,5.559330705252185
Al0.185B2Mg0.815,conventional_AlB2,25.3,15.5,4.2,1.0,0.06451612903225806,H_below_validated_reduced_field,5.271544406272218,5.102884623932617,5.506411368300817
Al0.185B2Mg0.815,conventional_AlB2,25.3,15.5,20.0,0.1,0.0064516129032258064,H_below_validated_reduced_field,4.640332762427629,4.182642615321417,5.170404266409632
Al0.185B2Mg0.815,conventional_AlB2,25.3,15.5,20.0,1.0,0.06451612903225806,H_below_validated_reduced_field,4.579292617062315,4.121256611080734,5.120581834642871
Al0.185B2Mg0.815,conventional_AlB2,25.3,15.5,19.481,0.1,0.0064516129032258064,H_below_validated_reduced_field,4.6865695128761775,4.26394296853293,5.190921650287658
Al0.185B2Mg0.815,conventional_AlB2,25.3,15.5,19.481,1.0,0.06451612903225806,H_below_validated_reduced_field,4.626298509695991,4.1895373323616445,5.139534553867796
Al0.19B2Mg0.81,conventional_AlB2,30.8,15.5,4.2,0.1,0.0064516129032258064,H_below_validated_reduced_field,5.324105348641889,5.171003190830169,5.559330705252185
Al0.19B2Mg0.81,conventional_AlB2,30.8,15.5,4.2,1.0,0.06451612903225806,H_below_validated_reduced_field,5.269431390263902,5.101961655945378,5.5094156914624905
Al0.19B2Mg0.81,conventional_AlB2,30.8,15.5,20.0,0.1,0.0064516129032258064,H_below_validated_reduced_field,4.888277304935218,4.567678039939393,5.272049044363935
Al0.19B2Mg0.81,conventional_AlB2,30.8,15.5,20.0,1.0,0.06451612903225806,H_below_validated_reduced_field,4.830546726646253,4.494505765470041,5.2273505590247495
Al0.19B2Mg0.81,conventional_AlB2,30.8,15.5,23.716,0.1,0.0064516129032258064,H_below_validated_reduced_field,4.661140563086377,4.203957151509679,5.194436874035504
Al0.19B2Mg0.81,conventional_AlB2,30.8,15.5,23.716,1.0,0.06451612903225806,H_below_validated_reduced_field,4.606170372343387,4.127050947572639,5.148033938739311
Al0.1B2Mg0.9,conventional_AlB2,34.3,15.5,4.2,0.1,0.0064516129032258064,H_below_validated_reduced_field,5.324105348641889,5.171003190830169,5.549941092791016
Al0.1B2Mg0.9,conventional_AlB2,34.3,15.5,4.2,1.0,0.06451612903225806,H_below_validated_reduced_field,5.269307678896171,5.102014001796972,5.50481893902118
Al0.1B2Mg0.9,conventional_AlB2,34.3,15.5,20.0,0.1,0.0064516129032258064,H_below_validated_reduced_field,4.969269354659736,4.669913781901835,5.300979501916558
Al0.1B2Mg0.9,conventional_AlB2,34.3,15.5,20.0,1.0,0.06451612903225806,H_below_validated_reduced_field,4.911378370538033,4.593813020026535,5.255699827738652
Al0.1B2Mg0.9,conventional_AlB2,34.3,15.5,26.411,0.1,0.0064516129032258064,H_below_validated_reduced_field,4.661372266581253,4.198151667691668,5.170350854679169
Al0.1B2Mg0.9,conventional_AlB2,34.3,15.5,26.411,1.0,0.06451612903225806,H_below_validated_reduced_field,4.608700358168826,4.12388815866104,5.122450664905938
Al0.21B2Mg0.79,conventional_AlB2,27.1,15.5,4.2,0.1,0.0064516129032258064,H_below_validated_reduced_field,5.324105348641889,5.171003190830169,5.559330705252185
Al0.21B2Mg0.79,conventional_AlB2,27.1,15.5,4.2,1.0,0.06451612903225806,H_below_validated_reduced_field,5.269431390263902,5.101961655945378,5.509651616859299
Al0.21B2Mg0.79,conventional_AlB2,27.1,15.5,20.0,0.1,0.0064516129032258064,H_below_validated_reduced_field,4.744526540283598,4.316753391424418,5.2169818194739
Al0.21B2Mg0.79,conventional_AlB2,27.1,15.5,20.0,1.0,0.06451612903225806,H_below_validated_reduced_field,4.689852581905611,4.236392406091009,5.170055324445732
Al0.21B2Mg0.79,conventional_AlB2,27.1,15.5,20.867,0.1,0.0064516129032258064,H_below_validated_reduced_field,4.680068892900915,4.195432140098158,5.191041137034483
Al0.21B2Mg0.79,conventional_AlB2,27.1,15.5,20.867,1.0,0.06451612903225806,H_below_validated_reduced_field,4.619797889720728,4.129648553609356,5.144718858890264
Al0.29B2Mg0.71,conventional_AlB2,24.0,15.5,4.2,0.1,0.0064516129032258064,H_below_validated_reduced_field,5.324105348641889,5.171003190830169,5.559330705252185
Al0.29B2Mg0.71,conventional_AlB2,24.0,15.5,4.2,1.0,0.06451612903225806,H_below_validated_reduced_field,5.269431390263902,5.104036057933822,5.508722502399244
Al0.29B2Mg0.71,conventional_AlB2,24.0,15.5,20.0,0.1,0.0064516129032258064,H_below_validated_reduced_field,4.521564945665185,3.8957018039528784,5.113176422248356
Al0.29B2Mg0.71,conventional_AlB2,24.0,15.5,20.0,1.0,0.06451612903225806,H_below_validated_reduced_field,4.465781080111004,3.8273114935199897,5.067401967620885
Al0.29B2Mg0.71,conventional_AlB2,24.0,15.5,18.48,0.1,0.0064516129032258064,H_below_validated_reduced_field,4.6853375828597965,4.21953765611355,5.1753946579333885
Al0.29B2Mg0.71,conventional_AlB2,24.0,15.5,18.48,1.0,0.06451612903225806,H_below_validated_reduced_field,4.628446744179631,4.142986779036062,5.13381866129814
Al0.2B2Mg0.8,conventional_AlB2,28.71,15.5,4.2,0.1,0.0064516129032258064,H_below_validated_reduced_field,5.324105348641889,5.1863788403346,5.549941092791016
Al0.2B2Mg0.8,conventional_AlB2,28.71,15.5,4.2,1.0,0.06451612903225806,H_below_validated_reduced_field,5.27055914925549,5.105616317081055,5.504780351850702
Al0.2B2Mg0.8,conventional_AlB2,28.71,15.5,20.0,0.1,0.0064516129032258064,H_below_validated_reduced_field,4.823636198700835,4.444773525771826,5.237228244801422
Al0.2B2Mg0.8,conventional_AlB2,28.71,15.5,20.0,1.0,0.06451612903225806,H_below_validated_reduced_field,4.761289147911749,4.377023502630714,5.189269857137347
Al0.2B2Mg0.8,conventional_AlB2,28.71,15.5,22.1067,0.1,0.0064516129032258064,H_below_validated_reduced_field,4.675004555727743,4.233154290441443,5.17640013164698
Al0.2B2Mg0.8,conventional_AlB2,28.71,15.5,22.1067,1.0,0.06451612903225806,H_below_validated_reduced_field,4.613896545862325,4.150291716215185,5.131164206211266
Al0.5B2Mg0.5,conventional_AlB2,12.9,15.5,4.2,0.1,0.0064516129032258064,H_below_validated_reduced_field,5.324105348641889,5.1863788403346,5.559330705252185
Al0.5B2Mg0.5,conventional_AlB2,12.9,15.5,4.2,1.0,0.06451612903225806,H_below_validated_reduced_field,5.269431390263902,5.106267801025989,5.507922188052283
Al0.5B2Mg0.5,conventional_AlB2,12.9,15.5,9.933,0.1,0.0064516129032258064,H_below_validated_reduced_field,4.805138832694093,4.404808623970418,5.228173678526495
Al0.5B2Mg0.5,conventional_AlB2,12.9,15.5,9.933,1.0,0.06451612903225806,H_below_validated_reduced_field,4.741994001125368,4.32770076185255,5.183703283739923
Al0.69B2Mg0.31,conventional_AlB2,11.1,15.5,4.2,0.1,0.0064516129032258064,H_below_validated_reduced_field,5.324105348641889,5.1863788403346,5.549941092791016
Al0.69B2Mg0.31,conventional_AlB2,11.1,15.5,4.2,1.0,0.06451612903225806,H_below_validated_reduced_field,5.270126875332979,5.104644875708542,5.503796239442917
Al0.69B2Mg0.31,conventional_AlB2,11.1,15.5,8.547,0.1,0.0064516129032258064,H_below_validated_reduced_field,4.84177175164792,4.444198736497682,5.248167631099802
Al0.69B2Mg0.31,conventional_AlB2,11.1,15.5,8.547,1.0,0.06451612903225806,H_below_validated_reduced_field,4.781576450344808,4.367063334767897,5.202923190775021
Al0.6B2Mg0.4,conventional_AlB2,8.925,15.5,4.2,0.1,0.0064516129032258064,H_below_validated_reduced_field,5.324105348641889,5.171003190830169,5.559330705252185
Al0.6B2Mg0.4,conventional_AlB2,8.925,15.5,4.2,1.0,0.06451612903225806,H_below_validated_reduced_field,5.27055914925549,5.103255297865912,5.5094156914624905
Al0.6B2Mg0.4,conventional_AlB2,8.925,15.5,6.872250000000001,0.1,0.0064516129032258064,H_below_validated_reduced_field,4.925983294267375,4.60876728179961,5.281340611610796
Al0.6B2Mg0.4,conventional_AlB2,8.925,15.5,6.872250000000001,1.0,0.06451612903225806,H_below_validated_reduced_field,4.8673149014405634,4.534783466370818,5.232048896252989
Au0.146B2Mg0.854,conventional_AlB2,25.6,15.5,4.2,0.1,0.0064516129032258064,H_below_validated_reduced_field,5.324105348641889,5.1863788403346,5.559330705252185
Au0.146B2Mg0.854,conventional_AlB2,25.6,15.5,4.2,1.0,0.06451612903225806,H_below_validated_reduced_field,5.269466290521237,5.104763346785199,5.507908158442016
Au0.146B2Mg0.854,conventional_AlB2,25.6,15.5,20.0,0.1,0.0064516129032258064,H_below_validated_reduced_field,4.658920790915012,4.13709367916648,5.170006370462392
Au0.146B2Mg0.854,conventional_AlB2,25.6,15.5,20.0,1.0,0.06451612903225806,H_below_validated_reduced_field,4.59935263391413,4.053991235715856,5.126310393272382
Au0.146B2Mg0.854,conventional_AlB2,25.6,15.5,19.712000000000003,0.1,0.0064516129032258064,H_below_validated_reduced_field,4.6854163727930604,4.18751631173646,5.181020336257479
Au0.146B2Mg0.854,conventional_AlB2,25.6,15.5,19.712000000000003,1.0,0.06451612903225806,H_below_validated_reduced_field,4.624688600705001,4.1044020952371065,5.135759068233756
B2Co0.01Mg0.99,conventional_AlB2,37.1,15.5,4.2,0.1,0.0064516129032258064,H_below_validated_reduced_field,5.324105348641889,5.171003190830169,5.549941092791016
B2Co0.01Mg0.99,conventional_AlB2,37.1,15.5,4.2,1.0,0.06451612903225806,H_below_validated_reduced_field,5.269431390263902,5.102598161437979,5.504360479776018
B2Co0.01Mg0.99,conventional_AlB2,37.1,15.5,20.0,0.1,0.0064516129032258064,H_below_validated_reduced_field,5.014720006802907,4.748107462306581,5.326155956224411
B2Co0.01Mg0.99,conventional_AlB2,37.1,15.5,20.0,1.0,0.06451612903225806,H_below_validated_reduced_field,4.954510732409256,4.669939177616581,5.282634719503857
B2Co0.01Mg0.99,conventional_AlB2,37.1,15.5,28.567,0.1,0.0064516129032258064,H_below_validated_reduced_field,4.656187489324388,4.205829889535687,5.178130186834653
B2Co0.01Mg0.99,conventional_AlB2,37.1,15.5,28.567,1.0,0.06451612903225806,H_below_validated_reduced_field,4.595916486144201,4.131774707332931,5.13411513342342
B2Co0.02Mg0.98,conventional_AlB2,37.4,15.5,4.2,0.1,0.0064516129032258064,H_below_validated_reduced_field,5.324105348641889,5.1863788403346,5.550175833102542
B2Co0.02Mg0.98,conventional_AlB2,37.4,15.5,4.2,1.0,0.06451612903225806,H_below_validated_reduced_field,5.26911416701377,5.104680266782216,5.50466141861311
B2Co0.02Mg0.98,conventional_AlB2,37.4,15.5,20.0,0.1,0.0064516129032258064,H_below_validated_reduced_field,5.018835078436869,4.753460390065952,5.328293630897584
B2Co0.02Mg0.98,conventional_AlB2,37.4,15.5,20.0,1.0,0.06451612903225806,H_below_validated_reduced_field,4.956347232940901,4.676924595873031,5.282778203571851
B2Co0.02Mg0.98,conventional_AlB2,37.4,15.5,28.798,0.1,0.0064516129032258064,H_below_validated_reduced_field,4.647538696269514,4.17440867290715,5.182135928781925
B2Co0.02Mg0.98,conventional_AlB2,37.4,15.5,28.798,1.0,0.06451612903225806,H_below_validated_reduced_field,4.591676610948789,4.093772537196479,5.134223070212585
B2Co0.03Mg0.97,conventional_AlB2,36.2,15.5,4.2,0.1,0.0064516129032258064,H_below_validated_reduced_field,5.324105348641889,5.1863788403346,5.549941092791016
B2Co0.03Mg0.97,conventional_AlB2,36.2,15.5,4.2,1.0,0.06451612903225806,H_below_validated_reduced_field,5.269466290521237,5.103261402338787,5.504360479776018
B2Co0.03Mg0.97,conventional_AlB2,36.2,15.5,20.0,0.1,0.0064516129032258064,H_below_validated_reduced_field,5.00168838314446,4.736929890675658,5.324324072146122
B2Co0.03Mg0.97,conventional_AlB2,36.2,15.5,20.0,1.0,0.06451612903225806,H_below_validated_reduced_field,4.940603761005436,4.661275971199002,5.276754441292072
B2Co0.03Mg0.97,conventional_AlB2,36.2,15.5,27.874,0.1,0.0064516129032258064,H_below_validated_reduced_field,4.649618565732829,4.259319249542738,5.183297302934295
B2Co0.03Mg0.97,conventional_AlB2,36.2,15.5,27.874,1.0,0.06451612903225806,H_below_validated_reduced_field,4.592508220236346,4.192953507229849,5.136744752975971
B2Co0.1Mg0.9,conventional_AlB2,34.5,15.5,4.2,0.1,0.0064516129032258064,H_below_validated_reduced_field,5.324105348641889,5.1863788403346,5.559330705252185
B2Co0.1Mg0.9,conventional_AlB2,34.5,15.5,4.2,1.0,0.06451612903225806,H_below_validated_reduced_field,5.271544406272218,5.103264623835246,5.506751427124972
B2Co0.1Mg0.9,conventional_AlB2,34.5,15.5,20.0,0.1,0.0064516129032258064,H_below_validated_reduced_field,4.970281798845096,4.69540935327846,5.3049181410396695
B2Co0.1Mg0.9,conventional_AlB2,34.5,15.5,20.0,1.0,0.06451612903225806,H_below_validated_reduced_field,4.912728726938162,4.61870567196384,5.263138366237177
B2Co0.1Mg0.9,conventional_AlB2,34.5,15.5,26.565,0.1,0.0064516129032258064,H_below_validated_reduced_field,4.652829839214036,4.212920791357852,5.170173275205705
B2Co0.1Mg0.9,conventional_AlB2,34.5,15.5,26.565,1.0,0.06451612903225806,H_below_validated_reduced_field,4.595719493717553,4.139815931363453,5.12156963461339
B2Cr0.01Mg0.99,conventional_AlB2,36.7,15.5,4.2,0.1,0.0064516129032258064,H_below_validated_reduced_field,5.324105348641889,5.171003190830169,5.559330705252185
B2Cr0.01Mg0.99,conventional_AlB2,36.7,15.5,4.2,1.0,0.06451612903225806,H_below_validated_reduced_field,5.269431390263902,5.100611799867726,5.508722502399244
B2Cr0.01Mg0.99,conventional_AlB2,36.7,15.5,20.0,0.1,0.0064516129032258064,H_below_validated_reduced_field,5.002262897628857,4.738690215226709,5.327594957516368
B2Cr0.01Mg0.99,conventional_AlB2,36.7,15.5,20.0,1.0,0.06451612903225806,H_below_validated_reduced_field,4.945184961129829,4.661583977820649,5.282925968115291
B2Cr0.01Mg0.99,conventional_AlB2,36.7,15.5,28.259000000000004,0.1,0.0064516129032258064,H_below_validated_reduced_field,4.648734356126141,4.206927955816948,5.177755596579912
B2Cr0.01Mg0.99,conventional_AlB2,36.7,15.5,28.259000000000004,1.0,0.06451612903225806,H_below_validated_reduced_field,4.591678288120013,4.126142031305932,5.131602138859683
B2Cr0.02Mg0.98,conventional_AlB2,35.3,15.5,4.2,0.1,0.0064516129032258064,H_below_validated_reduced_field,5.324105348641889,5.171003190830169,5.559330705252185
B2Cr0.02Mg0.98,conventional_AlB2,35.3,15.5,4.2,1.0,0.06451612903225806,H_below_validated_reduced_field,5.269431390263902,5.102014001796972,5.508722502399244
B2Cr0.02Mg0.98,conventional_AlB2,35.3,15.5,20.0,0.1,0.0064516129032258064,H_below_validated_reduced_field,4.987518497792547,4.706735553833833,5.312156142769415
B2Cr0.02Mg0.98,conventional_AlB2,35.3,15.5,20.0,1.0,0.06451612903225806,H_below_validated_reduced_field,4.927660257457669,4.630865128178105,5.268360615285196
B2Cr0.02Mg0.98,conventional_AlB2,35.3,15.5,27.181,0.1,0.0064516129032258064,H_below_validated_reduced_field,4.659419766175089,4.199524732992654,5.169484439977301
B2Cr0.02Mg0.98,conventional_AlB2,35.3,15.5,27.181,1.0,0.06451612903225806,H_below_validated_reduced_field,4.599933447637425,4.124480515101231,5.123313309015829
B2Cr0.03Mg0.97,conventional_AlB2,35.1,15.5,4.2,0.1,0.0064516129032258064,H_below_validated_reduced_field,5.324105348641889,5.1863788403346,5.559330705252185
B2Cr0.03Mg0.97,conventional_AlB2,35.1,15.5,4.2,1.0,0.06451612903225806,H_below_validated_reduced_field,5.26911416701377,5.104036057933822,5.508722502399244
B2Cr0.03Mg0.97,conventional_AlB2,35.1,15.5,20.0,0.1,0.0064516129032258064,H_below_validated_reduced_field,4.984199303885426,4.699021265076237,5.310301230125434
B2Cr0.03Mg0.97,conventional_AlB2,35.1,15.5,20.0,1.0,0.06451612903225806,H_below_validated_reduced_field,4.926372969909226,4.624427479410906,5.263644113622846
B2Cr0.03Mg0.97,conventional_AlB2,35.1,15.5,27.027,0.1,0.0064516129032258064,H_below_validated_reduced_field,4.659800760853216,4.174391537542425,5.1790431173920135
B2Cr0.03Mg0.97,conventional_AlB2,35.1,15.5,27.027,1.0,0.06451612903225806,H_below_validated_reduced_field,4.605126802475229,4.097372103307133,5.134299266211287
B2Cu0.004Mg0.996,conventional_AlB2,38.11,15.5,4.2,0.1,0.0064516129032258064,H_below_validated_reduced_field,5.324105348641889,5.1863788403346,5.559330705252185
B2Cu0.004Mg0.996,conventional_AlB2,38.11,15.5,4.2,1.0,0.06451612903225806,H_below_validated_reduced_field,5.270126875332979,5.104680266782216,5.506751427124972
B2Cu0.004Mg0.996,conventional_AlB2,38.11,15.5,20.0,0.1,0.0064516129032258064,H_below_validated_reduced_field,5.027744648255126,4.765426963703318,5.3331537214049884
B2Cu0.004Mg0.996,conventional_AlB2,38.11,15.5,20.0,1.0,0.06451612903225806,H_below_validated_reduced_field,4.966636638389708,4.690916788586447,5.285212142638399
B2Cu0.004Mg0.996,conventional_AlB2,38.11,15.5,29.3447,0.1,0.0064516129032258064,H_below_validated_reduced_field,4.646373606722773,4.143521178935609,5.167308346352704
B2Cu0.004Mg0.996,conventional_AlB2,38.11,15.5,29.3447,1.0,0.06451612903225806,H_below_validated_reduced_field,4.591473033175807,4.077096771474098,5.116700143499763
B2Cu0.011Mg0.989,conventional_AlB2,38.05,15.5,4.2,0.1,0.0064516129032258064,H_below_validated_reduced_field,5.324105348641889,5.1863788403346,5.559330705252185
B2Cu0.011Mg0.989,conventional_AlB2,38.05,15.5,4.2,1.0,0.06451612903225806,H_below_validated_reduced_field,5.268839439664567,5.104680266782216,5.511302177676431
B2Cu0.011Mg0.989,conventional_AlB2,38.05,15.5,20.0,0.1,0.0064516129032258064,H_below_validated_reduced_field,5.022475265678074,4.757177045848962,5.342127586900824
B2Cu0.011Mg0.989,conventional_AlB2,38.05,15.5,20.0,1.0,0.06451612903225806,H_below_validated_reduced_field,4.963902510393462,4.68098640102303,5.297413203377953
B2Cu0.011Mg0.989,conventional_AlB2,38.05,15.5,29.2985,0.1,0.0064516129032258064,H_below_validated_reduced_field,4.6440881690455065,4.104362596510962,5.196430717567951
B2Cu0.011Mg0.989,conventional_AlB2,38.05,15.5,29.2985,1.0,0.06451612903225806,H_below_validated_reduced_field,4.588228174294438,4.043220771185272,5.146720158122787
B2Cu0.018Mg0.982,conventional_AlB2,37.8,15.5,4.2,0.1,0.0064516129032258064,H_below_validated_reduced_field,5.324105348641889,5.1863788403346,5.559330705252185
B2Cu0.018Mg0.982,conventional_AlB2,37.8,15.5,4.2,1.0,0.06451612903225806,H_below_validated_reduced_field,5.269431390263902,5.105616317081055,5.511029478775231
B2Cu0.018Mg0.982,conventional_AlB2,37.8,15.5,20.0,0.1,0.0064516129032258064,H_below_validated_reduced_field,5.02411281976708,4.752922184059639,5.333140124431383
B2Cu0.018Mg0.982,conventional_AlB2,37.8,15.5,20.0,1.0,0.06451612903225806,H_below_validated_reduced_field,4.965209127326169,4.683393944386267,5.28786833332552
B2Cu0.018Mg0.982,conventional_AlB2,37.8,15.5,29.106,0.1,0.0064516129032258064,H_below_validated_reduced_field,4.655018833127556,4.12790972237835,5.175460079517246
B2Cu0.018Mg0.982,conventional_AlB2,37.8,15.5,29.106,1.0,0.06451612903225806,H_below_validated_reduced_field,4.603383777315904,4.059255794110351,5.126336179981663
B2Cu0.03Mg0.97,conventional_AlB2,37.58,15.5,4.2,0.1,0.0064516129032258064,H_below_validated_reduced_field,5.324105348641889,5.1863788403346,5.559330705252185
B2Cu0.03Mg0.97,conventional_AlB2,37.58,15.5,4.2,1.0,0.06451612903225806,H_below_validated_reduced_field,5.271019861639648,5.109617186589486,5.509651616859299
B2Cu0.03Mg0.97,conventional_AlB2,37.58,15.5,20.0,0.1,0.0064516129032258064,H_below_validated_reduced_field,5.021252614002386,4.761934562356067,5.332584593345842
B2Cu0.03Mg0.97,conventional_AlB2,37.58,15.5,20.0,1.0,0.06451612903225806,H_below_validated_reduced_field,4.961917046535884,4.68550437103839,5.28929726045429
B2Cu0.03Mg0.97,conventional_AlB2,37.58,15.5,28.9366,0.1,0.0064516129032258064,H_below_validated_reduced_field,4.655381138561722,4.204732708662304,5.188268060594555
B2Cu0.03Mg0.97,conventional_AlB2,37.58,15.5,28.9366,1.0,0.06451612903225806,H_below_validated_reduced_field,4.597223151389851,4.136074951446595,5.137659857741614
B2Cu0.05Mg0.95,conventional_AlB2,37.75,15.5,4.2,0.1,0.0064516129032258064,H_below_validated_reduced_field,5.324105348641889,5.171003190830169,5.559330705252185
B2Cu0.05Mg0.95,conventional_AlB2,37.75,15.5,4.2,1.0,0.06451612903225806,H_below_validated_reduced_field,5.270126875332979,5.102012693150682,5.50466439194405
B2Cu0.05Mg0.95,conventional_AlB2,37.75,15.5,20.0,0.1,0.0064516129032258064,H_below_validated_reduced_field,5.023501397115826,4.751076913612311,5.336350319528476
B2Cu0.05Mg0.95,conventional_AlB2,37.75,15.5,20.0,1.0,0.06451612903225806,H_below_validated_reduced_field,4.965610412994123,4.678051278216032,5.289231158225951
B2Cu0.05Mg0.95,conventional_AlB2,37.75,15.5,29.0675,0.1,0.0064516129032258064,H_below_validated_reduced_field,4.655100781247521,4.135153999096712,5.188143653092239
B2Cu0.05Mg0.95,conventional_AlB2,37.75,15.5,29.0675,1.0,0.06451612903225806,H_below_validated_reduced_field,4.597094134069578,4.057347223539912,5.136101641628
B2Cu0.1Mg0.9,conventional_AlB2,38.6,15.5,4.2,0.1,0.0064516129032258064,H_below_validated_reduced_field,5.324105348641889,5.171003190830169,5.559330705252185
B2Cu0.1Mg0.9,conventional_AlB2,38.6,15.5,4.2,1.0,0.06451612903225806,H_below_validated_reduced_field,5.268327380528502,5.100227295432026,5.509421589597411
B2Cu0.1Mg0.9,conventional_AlB2,38.6,15.5,20.0,0.1,0.0064516129032258064,H_below_validated_reduced_field,5.029747721280355,4.765399674858496,5.338550834005714
B2Cu0.1Mg0.9,conventional_AlB2,38.6,15.5,20.0,1.0,0.06451612903225806,H_below_validated_reduced_field,4.972015099093183,4.690986897600106,5.292362616279604
B2Cu0.1Mg0.9,conventional_AlB2,38.6,15.5,29.722,0.1,0.0064516129032258064,H_below_validated_reduced_field,4.645596055404505,4.186945473305755,5.17521510990987
B2Cu0.1Mg0.9,conventional_AlB2,38.6,15.5,29.722,1.0,0.06451612903225806,H_below_validated_reduced_field,4.5905987259163386,4.117861289906172,5.126680985127607
B2Cu0.2Mg0.8,conventional_AlB2,38.6,15.5,4.2,0.1,0.0064516129032258064,H_below_validated_reduced_field,5.324105348641889,5.1863788403346,5.559330705252185
B2Cu0.2Mg0.8,conventional_AlB2,38.6,15.5,4.2,1.0,0.06451612903225806,H_below_validated_reduced_field,5.269431390263902,5.1026131398903125,5.506786674396561
B2Cu0.2Mg0.8,conventional_AlB2,38.6,15.5,20.0,0.1,0.0064516129032258064,H_below_validated_reduced_field,5.033294764575276,4.778907075808101,5.345700865178884
B2Cu0.2Mg0.8,conventional_AlB2,38.6,15.5,20.0,1.0,0.06451612903225806,H_below_validated_reduced_field,4.976155633582662,4.706113139298288,5.295092662325943
B2Cu0.2Mg0.8,conventional_AlB2,38.6,15.5,29.722,0.1,0.0064516129032258064,H_below_validated_reduced_field,4.653738300280222,4.202200123608209,5.187539057294278
B2Cu0.2Mg0.8,conventional_AlB2,38.6,15.5,29.722,1.0,0.06451612903225806,H_below_validated_reduced_field,4.595847316158519,4.125070058779004,5.140471426743466
B2Fe0.003Mg0.997,conventional_AlB2,37.8,15.5,4.2,0.1,0.0064516129032258064,H_below_validated_reduced_field,5.324105348641889,5.171003190830169,5.559330705252185
B2Fe0.003Mg0.997,conventional_AlB2,37.8,15.5,4.2,1.0,0.06451612903225806,H_below_validated_reduced_field,5.269431390263902,5.103264623835246,5.509851251003933
B2Fe0.003Mg0.997,conventional_AlB2,37.8,15.5,20.0,0.1,0.0064516129032258064,H_below_validated_reduced_field,5.02411281976708,4.752432755107655,5.340447611452732
B2Fe0.003Mg0.997,conventional_AlB2,37.8,15.5,20.0,1.0,0.06451612903225806,H_below_validated_reduced_field,4.964264866069562,4.676998333393696,5.292587389475862
B2Fe0.003Mg0.997,conventional_AlB2,37.8,15.5,29.106,0.1,0.0064516129032258064,H_below_validated_reduced_field,4.655018833127556,4.105188013747362,5.188107288922632
B2Fe0.003Mg0.997,conventional_AlB2,37.8,15.5,29.106,1.0,0.06451612903225806,H_below_validated_reduced_field,4.593910823262137,4.036042827983021,5.1429873233935695
B2Fe0.006Mg0.994,conventional_AlB2,35.6,15.5,4.2,0.1,0.0064516129032258064,H_below_validated_reduced_field,5.324105348641889,5.1863788403346,5.549941092791016
B2Fe0.006Mg0.994,conventional_AlB2,35.6,15.5,4.2,1.0,0.06451612903225806,H_below_validated_reduced_field,5.269431390263902,5.105594992823659,5.504360479776018
B2Fe0.006Mg0.994,conventional_AlB2,35.6,15.5,20.0,0.1,0.0064516129032258064,H_below_validated_reduced_field,4.989662963824535,4.716732307261099,5.314549689843848
B2Fe0.006Mg0.994,conventional_AlB2,35.6,15.5,20.0,1.0,0.06451612903225806,H_below_validated_reduced_field,4.929613326482839,4.6426020652066855,5.268404836495749
B2Fe0.006Mg0.994,conventional_AlB2,35.6,15.5,27.412000000000003,0.1,0.0064516129032258064,H_below_validated_reduced_field,4.650714592936893,4.207644714954848,5.169234642636511
B2Fe0.006Mg0.994,conventional_AlB2,35.6,15.5,27.412000000000003,1.0,0.06451612903225806,H_below_validated_reduced_field,4.593917768644251,4.126704318421463,5.1227411975809725
B2Fe0.012Mg0.988,conventional_AlB2,33.45,15.5,4.2,0.1,0.0064516129032258064,H_below_validated_reduced_field,5.324105348641889,5.171003190830169,5.549941092791016
B2Fe0.012Mg0.988,conventional_AlB2,33.45,15.5,4.2,1.0,0.06451612903225806,H_below_validated_reduced_field,5.27032038721538,5.102014001796972,5.503751555737729
B2Fe0.012Mg0.988,conventional_AlB2,33.45,15.5,20.0,0.1,0.0064516129032258064,H_below_validated_reduced_field,4.94845931127179,4.654578441913915,5.294659439981234
B2Fe0.012Mg0.988,conventional_AlB2,33.45,15.5,20.0,1.0,0.06451612903225806,H_below_validated_reduced_field,4.891647852524923,4.577507786557622,5.251138216961639
B2Fe0.012Mg0.988,conventional_AlB2,33.45,15.5,25.756500000000003,0.1,0.0064516129032258064,H_below_validated_reduced_field,4.663130257643948,4.160786590264417,5.171305718463365
B2Fe0.012Mg0.988,conventional_AlB2,33.45,15.5,25.756500000000003,1.0,0.06451612903225806,H_below_validated_reduced_field,4.60242707039856,4.097249568415684,5.131039044892186
B2Fe0.01Mg0.99,conventional_AlB2,34.7,15.5,4.2,0.1,0.0064516129032258064,H_below_validated_reduced_field,5.324105348641889,5.171003190830169,5.550175833102542
B2Fe0.01Mg0.99,conventional_AlB2,34.7,15.5,4.2,1.0,0.06451612903225806,H_below_validated_reduced_field,5.26911416701377,5.103255297865912,5.50466439194405
B2Fe0.01Mg0.99,conventional_AlB2,34.7,15.5,20.0,0.1,0.0064516129032258064,H_below_validated_reduced_field,4.971099193934597,4.676168058092223,5.306748669367916
B2Fe0.01Mg0.99,conventional_AlB2,34.7,15.5,20.0,1.0,0.06451612903225806,H_below_validated_reduced_field,4.912465249186022,4.601598235506155,5.25974054505928
B2Fe0.01Mg0.99,conventional_AlB2,34.7,15.5,26.719,0.1,0.0064516129032258064,H_below_validated_reduced_field,4.652434587524703,4.191177313268852,5.169997883757132
B2Fe0.01Mg0.99,conventional_AlB2,34.7,15.5,26.719,1.0,0.06451612903225806,H_below_validated_reduced_field,4.595232248933641,4.117511867101847,5.125831117815384
B2Fe0.03Mg0.97,conventional_AlB2,32.96666667,15.5,4.2,0.1,0.0064516129032258064,H_below_validated_reduced_field,5.324105348641889,5.1863788403346,5.549941092791016
B2Fe0.03Mg0.97,conventional_AlB2,32.96666667,15.5,4.2,1.0,0.06451612903225806,H_below_validated_reduced_field,5.269431390263902,5.106267801025989,5.504780351850702
B2Fe0.03Mg0.97,conventional_AlB2,32.96666667,15.5,20.0,0.1,0.0064516129032258064,H_below_validated_reduced_field,4.943392770529325,4.642689744679027,5.289434067889332
B2Fe0.03Mg0.97,conventional_AlB2,32.96666667,15.5,20.0,1.0,0.06451612903225806,H_below_validated_reduced_field,4.885666967422655,4.564953234696993,5.241665891826932
B2Fe0.03Mg0.97,conventional_AlB2,32.96666667,15.5,25.384333335900003,0.1,0.0064516129032258064,H_below_validated_reduced_field,4.664173277673519,4.153750611580569,5.171593792802397
B2Fe0.03Mg0.97,conventional_AlB2,32.96666667,15.5,25.384333335900003,1.0,0.06451612903225806,H_below_validated_reduced_field,4.611612335303848,4.077672504830504,5.12539980397468
B2Fe0.05Mg0.95,conventional_AlB2,29.5,15.5,4.2,0.1,0.0064516129032258064,H_below_validated_reduced_field,5.324105348641889,5.1863788403346,5.550175833102542
B2Fe0.05Mg0.95,conventional_AlB2,29.5,15.5,4.2,1.0,0.06451612903225806,H_below_validated_reduced_field,5.271019861639648,5.103264623835246,5.504804943271403
B2Fe0.05Mg0.95,conventional_AlB2,29.5,15.5,20.0,0.1,0.0064516129032258064,H_below_validated_reduced_field,4.84922630140886,4.5196466839498255,5.251957220307144
B2Fe0.05Mg0.95,conventional_AlB2,29.5,15.5,20.0,1.0,0.06451612903225806,H_below_validated_reduced_field,4.789763681400416,4.4396350115609335,5.205784509712676
B2Fe0.05Mg0.95,conventional_AlB2,29.5,15.5,22.715,0.1,0.0064516129032258064,H_below_validated_reduced_field,4.6727385736997,4.230212359020569,5.184784223117182
B2Fe0.05Mg0.95,conventional_AlB2,29.5,15.5,22.715,1.0,0.06451612903225806,H_below_validated_reduced_field,4.610687789258109,4.1673815889308585,5.137785662770942
B2Fe0.1Mg0.9,conventional_AlB2,34.0,15.5,4.2,0.1,0.0064516129032258064,H_below_validated_reduced_field,5.324105348641889,5.1863788403346,5.559330705252185
B2Fe0.1Mg0.9,conventional_AlB2,34.0,15.5,4.2,1.0,0.06451612903225806,H_below_validated_reduced_field,5.266214364520186,5.1026131398903125,5.5094156914624905
B2Fe0.1Mg0.9,conventional_AlB2,34.0,15.5,20.0,0.1,0.0064516129032258064,H_below_validated_reduced_field,4.961989900734549,4.673887484732049,5.2985229422299565
B2Fe0.1Mg0.9,conventional_AlB2,34.0,15.5,20.0,1.0,0.06451612903225806,H_below_validated_reduced_field,4.903382008945176,4.599855029762884,5.247935497653896
B2Fe0.1Mg0.9,conventional_AlB2,34.0,15.5,26.18,0.1,0.0064516129032258064,H_below_validated_reduced_field,4.661981989610196,4.21442235321204,5.159834951478632
B2Fe0.1Mg0.9,conventional_AlB2,34.0,15.5,26.18,1.0,0.06451612903225806,H_below_validated_reduced_field,4.599100856742604,4.147781694551108,5.110155863085746
B2Ir0.02Mg0.98,conventional_AlB2,33.2,15.5,4.2,0.1,0.0064516129032258064,H_below_validated_reduced_field,5.324105348641889,5.171003190830169,5.559330705252185
B2Ir0.02Mg0.98,conventional_AlB2,33.2,15.5,4.2,1.0,0.06451612903225806,H_below_validated_reduced_field,5.269814033055775,5.102884623932617,5.509421589597411
B2Ir0.02Mg0.98,conventional_AlB2,33.2,15.5,20.0,0.1,0.0064516129032258064,H_below_validated_reduced_field,4.949050890309292,4.659966192468467,5.300966382940048
B2Ir0.02Mg0.98,conventional_AlB2,33.2,15.5,20.0,1.0,0.06451612903225806,H_below_validated_reduced_field,4.894016804380321,4.585334272038149,5.251469920888495
B2Ir0.02Mg0.98,conventional_AlB2,33.2,15.5,25.564000000000004,0.1,0.0064516129032258064,H_below_validated_reduced_field,4.678156827392253,4.267987242431087,5.186335317801769
B2Ir0.02Mg0.98,conventional_AlB2,33.2,15.5,25.564000000000004,1.0,0.06451612903225806,H_below_validated_reduced_field,4.613943278346122,4.194578514977312,5.140509950831015
B2Ir0.06Mg0.94,conventional_AlB2,28.1,15.5,4.2,0.1,0.0064516129032258064,H_below_validated_reduced_field,5.324105348641889,5.171003190830169,5.559330705252185
B2Ir0.06Mg0.94,conventional_AlB2,28.1,15.5,4.2,1.0,0.06451612903225806,H_below_validated_reduced_field,5.269431390263902,5.102598161437979,5.508175347598792
B2Ir0.06Mg0.94,conventional_AlB2,28.1,15.5,20.0,0.1,0.0064516129032258064,H_below_validated_reduced_field,4.795050774127515,4.451366493114586,5.225603879175497
B2Ir0.06Mg0.94,conventional_AlB2,28.1,15.5,20.0,1.0,0.06451612903225806,H_below_validated_reduced_field,4.737827201214398,4.369964892545047,5.177418086984712
B2Ir0.06Mg0.94,conventional_AlB2,28.1,15.5,21.637,0.1,0.0064516129032258064,H_below_validated_reduced_field,4.676849055011506,4.287339621762154,5.175079545985517
B2Ir0.06Mg0.94,conventional_AlB2,28.1,15.5,21.637,1.0,0.06451612903225806,H_below_validated_reduced_field,4.620016319975242,4.211271631897255,5.124667815493503
B2Ir0.12Mg0.88,conventional_AlB2,18.0,15.5,4.2,0.1,0.0064516129032258064,H_below_validated_reduced_field,5.324105348641889,5.1863788403346,5.559330705252185
B2Ir0.12Mg0.88,conventional_AlB2,18.0,15.5,4.2,1.0,0.06451612903225806,H_below_validated_reduced_field,5.26921092295497,5.102884623932617,5.506751427124972
B2Ir0.12Mg0.88,conventional_AlB2,18.0,15.5,13.86,0.1,0.0064516129032258064,H_below_validated_reduced_field,4.72745012946565,4.3116678780912,5.200252709151571
B2Ir0.12Mg0.88,conventional_AlB2,18.0,15.5,13.86,1.0,0.06451612903225806,H_below_validated_reduced_field,4.669638131286176,4.237137861572033,5.158238194037553
B2Li0.05Mg0.95,conventional_AlB2,38.25,15.5,4.2,0.1,0.0064516129032258064,H_below_validated_reduced_field,5.324105348641889,5.171003190830169,5.559330705252185
B2Li0.05Mg0.95,conventional_AlB2,38.25,15.5,4.2,1.0,0.06451612903225806,H_below_validated_reduced_field,5.268327380528502,5.1026131398903125,5.506751427124972
B2Li0.05Mg0.95,conventional_AlB2,38.25,15.5,20.0,0.1,0.0064516129032258064,H_below_validated_reduced_field,5.021211500545731,4.757939136841882,5.334056482733017
B2Li0.05Mg0.95,conventional_AlB2,38.25,15.5,20.0,1.0,0.06451612903225806,H_below_validated_reduced_field,4.966489105281549,4.680284909599084,5.28877680855511
B2Li0.05Mg0.95,conventional_AlB2,38.25,15.5,29.4525,0.1,0.0064516129032258064,H_below_validated_reduced_field,4.646149291031468,4.096269124217277,5.167208807109489
B2Li0.05Mg0.95,conventional_AlB2,38.25,15.5,29.4525,1.0,0.06451612903225806,H_below_validated_reduced_field,4.589222844882082,4.019452161442819,5.114695643954141
B2Li0.07Mg0.93,conventional_AlB2,37.8,15.5,4.2,0.1,0.0064516129032258064,H_below_validated_reduced_field,5.324105348641889,5.171003190830169,5.549941092791016
B2Li0.07Mg0.93,conventional_AlB2,37.8,15.5,4.2,1.0,0.06451612903225806,H_below_validated_reduced_field,5.271695840921429,5.102014001796972,5.50435276339558
B2Li0.07Mg0.93,conventional_AlB2,37.8,15.5,20.0,0.1,0.0064516129032258064,H_below_validated_reduced_field,5.02411281976708,4.74465322037898,5.331057998991564
B2Li0.07Mg0.93,conventional_AlB2,37.8,15.5,20.0,1.0,0.06451612903225806,H_below_validated_reduced_field,4.962164543919816,4.668414894360798,5.285778324813657
B2Li0.07Mg0.93,conventional_AlB2,37.8,15.5,29.106,0.1,0.0064516129032258064,H_below_validated_reduced_field,4.646876588251839,4.052556050724152,5.167531542511934
B2Li0.07Mg0.93,conventional_AlB2,37.8,15.5,29.106,1.0,0.06451612903225806,H_below_validated_reduced_field,4.591530804203653,3.995426511766519,5.124001818021736
B2Li0.08Mg0.92,conventional_AlB2,38.0,15.5,4.2,0.1,0.0064516129032258064,H_below_validated_reduced_field,5.324105348641889,5.1863788403346,5.550175833102542
B2Li0.08Mg0.92,conventional_AlB2,38.0,15.5,4.2,1.0,0.06451612903225806,H_below_validated_reduced_field,5.271540284592202,5.106267801025989,5.505780192669341
B2Li0.08Mg0.92,conventional_AlB2,38.0,15.5,20.0,0.1,0.0064516129032258064,H_below_validated_reduced_field,5.026466908536555,4.761897098699579,5.340312654016243
B2Li0.08Mg0.92,conventional_AlB2,38.0,15.5,20.0,1.0,0.06451612903225806,H_below_validated_reduced_field,4.968369976109798,4.691599223305245,5.293493226615351
B2Li0.08Mg0.92,conventional_AlB2,38.0,15.5,29.26,0.1,0.0064516129032258064,H_below_validated_reduced_field,4.654693331195798,4.134492115982969,5.187962848666296
B2Li0.08Mg0.92,conventional_AlB2,38.0,15.5,29.26,1.0,0.06451612903225806,H_below_validated_reduced_field,4.594446154036819,4.057319673022314,5.137373108821335
B2Li0.11Mg0.89,conventional_AlB2,35.3,15.5,4.2,0.1,0.0064516129032258064,H_below_validated_reduced_field,5.324105348641889,5.171003190830169,5.559330705252185
B2Li0.11Mg0.89,conventional_AlB2,35.3,15.5,4.2,1.0,0.06451612903225806,H_below_validated_reduced_field,5.269431390263902,5.1026131398903125,5.5039358646518375
B2Li0.11Mg0.89,conventional_AlB2,35.3,15.5,20.0,0.1,0.0064516129032258064,H_below_validated_reduced_field,4.987518497792547,4.703297723308031,5.311852026593003
B2Li0.11Mg0.89,conventional_AlB2,35.3,15.5,20.0,1.0,0.06451612903225806,H_below_validated_reduced_field,4.927364347240971,4.633898834481236,5.26317756787459
B2Li0.11Mg0.89,conventional_AlB2,35.3,15.5,27.181,0.1,0.0064516129032258064,H_below_validated_reduced_field,4.651277521299373,4.21066116633464,5.169484439977301
B2Li0.11Mg0.89,conventional_AlB2,35.3,15.5,27.181,1.0,0.06451612903225806,H_below_validated_reduced_field,4.596280191811206,4.127530662736663,5.126310355983504
B2Li0.15Mg0.85,conventional_AlB2,36.6,15.5,4.2,0.1,0.0064516129032258064,H_below_validated_reduced_field,5.324105348641889,5.171003190830169,5.559330705252185
B2Li0.15Mg0.85,conventional_AlB2,36.6,15.5,4.2,1.0,0.06451612903225806,H_below_validated_reduced_field,5.268712629035969,5.1026131398903125,5.503806929154295
B2Li0.15Mg0.85,conventional_AlB2,36.6,15.5,20.0,0.1,0.0064516129032258064,H_below_validated_reduced_field,5.007612115383634,4.728992129413282,5.322463588067016
B2Li0.15Mg0.85,conventional_AlB2,36.6,15.5,20.0,1.0,0.06451612903225806,H_below_validated_reduced_field,4.946504105518216,4.651795190445578,5.277640710229797
B2Li0.15Mg0.85,conventional_AlB2,36.6,15.5,28.182,0.1,0.0064516129032258064,H_below_validated_reduced_field,4.6570513849345465,4.139047757943462,5.178244159571235
B2Li0.15Mg0.85,conventional_AlB2,36.6,15.5,28.182,1.0,0.06451612903225806,H_below_validated_reduced_field,4.59678038175436,4.053929288675527,5.131531581441607
B2Li0.1Mg0.9,conventional_AlB2,36.91666667,15.5,4.2,0.1,0.0064516129032258064,H_below_validated_reduced_field,5.324105348641889,5.1863788403346,5.559330705252185
B2Li0.1Mg0.9,conventional_AlB2,36.91666667,15.5,4.2,1.0,0.06451612903225806,H_below_validated_reduced_field,5.271019861639648,5.106267801025989,5.511386766736761
B2Li0.1Mg0.9,conventional_AlB2,36.91666667,15.5,20.0,0.1,0.0064516129032258064,H_below_validated_reduced_field,5.012150793981983,4.742894254093343,5.325758466968892
B2Li0.1Mg0.9,conventional_AlB2,36.91666667,15.5,20.0,1.0,0.06451612903225806,H_below_validated_reduced_field,4.951135686955612,4.671242524545902,5.282962078219271
B2Li0.1Mg0.9,conventional_AlB2,36.91666667,15.5,28.4258333359,0.1,0.0064516129032258064,H_below_validated_reduced_field,4.656501359478493,4.206377124271894,5.177579020457948
B2Li0.1Mg0.9,conventional_AlB2,36.91666667,15.5,28.4258333359,1.0,0.06451612903225806,H_below_validated_reduced_field,4.597463114591125,4.142609091541546,5.130457961435338
B2Li0.2Mg0.8,conventional_AlB2,34.0,15.5,4.2,0.1,0.0064516129032258064,H_below_validated_reduced_field,5.324105348641889,5.171003190830169,5.559330705252185
B2Li0.2Mg0.8,conventional_AlB2,34.0,15.5,4.2,1.0,0.06451612903225806,H_below_validated_reduced_field,5.271019861639648,5.1026131398903125,5.508722502399244
B2Li0.2Mg0.8,conventional_AlB2,34.0,15.5,20.0,0.1,0.0064516129032258064,H_below_validated_reduced_field,4.962136814092754,4.673903937923178,5.309563720993998
B2Li0.2Mg0.8,conventional_AlB2,34.0,15.5,20.0,1.0,0.06451612903225806,H_below_validated_reduced_field,4.904857050830024,4.604168289002343,5.260776000124083
B2Li0.2Mg0.8,conventional_AlB2,34.0,15.5,26.18,0.1,0.0064516129032258064,H_below_validated_reduced_field,4.661981989610196,4.19904670370761,5.185409162619903
B2Li0.2Mg0.8,conventional_AlB2,34.0,15.5,26.18,1.0,0.06451612903225806,H_below_validated_reduced_field,4.604247730652053,4.126836704761499,5.133201225381774
B2Mg0.1Nb0.9,conventional_AlB2,4.5,15.5,4.2,0.1,0.0064516129032258064,H_below_validated_reduced_field,5.324105348641889,5.1863788403346,5.559330705252185
B2Mg0.1Nb0.9,conventional_AlB2,4.5,15.5,4.2,1.0,0.06451612903225806,H_below_validated_reduced_field,5.268327380528502,5.110315493266729,5.50466141861311
B2Mg0.1Nb0.9,conventional_AlB2,4.5,15.5,3.465,0.1,0.0064516129032258064,H_below_validated_reduced_field,5.989640506930083,5.509445653207885,6.536059434407562
B2Mg0.1Nb0.9,conventional_AlB2,4.5,15.5,3.465,1.0,0.06451612903225806,H_below_validated_reduced_field,5.926689756866467,5.443072404589474,6.4854346774533695
B2Mg0.7,conventional_AlB2,37.2,15.5,4.2,0.1,0.0064516129032258064,H_below_validated_reduced_field,5.324105348641889,5.171003190830169,5.549941092791016
B2Mg0.7,conventional_AlB2,37.2,15.5,4.2,1.0,0.06451612903225806,H_below_validated_reduced_field,5.268327380528502,5.101108685649522,5.5019971542755925
B2Mg0.7,conventional_AlB2,37.2,15.5,20.0,0.1,0.0064516129032258064,H_below_validated_reduced_field,5.0116124556796775,4.755363753313919,5.326874815596508
B2Mg0.7,conventional_AlB2,37.2,15.5,20.0,1.0,0.06451612903225806,H_below_validated_reduced_field,4.953485218867891,4.678373784883734,5.278535519963048
B2Mg0.7,conventional_AlB2,37.2,15.5,28.644,0.1,0.0064516129032258064,H_below_validated_reduced_field,4.647875429497821,4.213163562148937,5.167974774553075
B2Mg0.7,conventional_AlB2,37.2,15.5,28.644,1.0,0.06451612903225806,H_below_validated_reduced_field,4.594233620293483,4.14924788395157,5.118101733391432
B2Mg0.8,conventional_AlB2,38.0,15.5,4.2,0.1,0.0064516129032258064,H_below_validated_reduced_field,5.324105348641889,5.1863788403346,5.559330705252185
B2Mg0.8,conventional_AlB2,38.0,15.5,4.2,1.0,0.06451612903225806,H_below_validated_reduced_field,5.267530764241894,5.104680266782216,5.503925174940459
B2Mg0.8,conventional_AlB2,38.0,15.5,20.0,0.1,0.0064516129032258064,H_below_validated_reduced_field,5.026466908536555,4.761897098699579,5.332404840631137
B2Mg0.8,conventional_AlB2,38.0,15.5,20.0,1.0,0.06451612903225806,H_below_validated_reduced_field,4.965641239407697,4.688722108492972,5.28741832425904
B2Mg0.8,conventional_AlB2,38.0,15.5,29.26,0.1,0.0064516129032258064,H_below_validated_reduced_field,4.654693331195798,4.182540694299255,5.167387102255598
B2Mg0.8,conventional_AlB2,38.0,15.5,29.26,1.0,0.06451612903225806,H_below_validated_reduced_field,4.594422328015611,4.11364082076118,5.1195164898083245
B2Mg0.85Na0.15,conventional_AlB2,38.0,15.5,4.2,0.1,0.0064516129032258064,H_below_validated_reduced_field,5.324105348641889,5.171003190830169,5.559330705252185
B2Mg0.85Na0.15,conventional_AlB2,38.0,15.5,4.2,1.0,0.06451612903225806,H_below_validated_reduced_field,5.271536162912187,5.102014001796972,5.514051031074279
B2Mg0.85Na0.15,conventional_AlB2,38.0,15.5,20.0,0.1,0.0064516129032258064,H_below_validated_reduced_field,5.026466908536555,4.763748431069105,5.333589740527749
B2Mg0.85Na0.15,conventional_AlB2,38.0,15.5,20.0,1.0,0.06451612903225806,H_below_validated_reduced_field,4.965451898692527,4.68845585379884,5.286399612491958
B2Mg0.85Na0.15,conventional_AlB2,38.0,15.5,29.26,0.1,0.0064516129032258064,H_below_validated_reduced_field,4.654693331195798,4.206632952763108,5.167387102255598
B2Mg0.85Na0.15,conventional_AlB2,38.0,15.5,29.26,1.0,0.06451612903225806,H_below_validated_reduced_field,4.596519320204221,4.145180291897795,5.122124709211025
B2Mg0.88Sc0.12,conventional_AlB2,30.0,15.5,4.2,0.1,0.0064516129032258064,H_below_validated_reduced_field,5.324105348641889,5.171003190830169,5.549941092791016
B2Mg0.88Sc0.12,conventional_AlB2,30.0,15.5,4.2,1.0,0.06451612903225806,H_below_validated_reduced_field,5.269431390263902,5.103264623835246,5.49742842127224
B2Mg0.88Sc0.12,conventional_AlB2,30.0,15.5,20.0,0.1,0.0064516129032258064,H_below_validated_reduced_field,4.865033191629284,4.539108901238627,5.260113294275617
B2Mg0.88Sc0.12,conventional_AlB2,30.0,15.5,20.0,1.0,0.06451612903225806,H_below_validated_reduced_field,4.806023159808983,4.461246535820269,5.212101437606637
B2Mg0.88Sc0.12,conventional_AlB2,30.0,15.5,23.1,0.1,0.0064516129032258064,H_below_validated_reduced_field,4.6632288601483225,4.233174739179399,5.180910872931012
B2Mg0.88Sc0.12,conventional_AlB2,30.0,15.5,23.1,1.0,0.06451612903225806,H_below_validated_reduced_field,4.608617117530723,4.156532961635767,5.133569211189479
B2Mg0.8Na0.2,conventional_AlB2,38.0,15.5,4.2,0.1,0.0064516129032258064,H_below_validated_reduced_field,5.324105348641889,5.1863788403346,5.559330705252185
B2Mg0.8Na0.2,conventional_AlB2,38.0,15.5,4.2,1.0,0.06451612903225806,H_below_validated_reduced_field,5.270028908317437,5.106267801025989,5.508722502399244
B2Mg0.8Na0.2,conventional_AlB2,38.0,15.5,20.0,0.1,0.0064516129032258064,H_below_validated_reduced_field,5.026749249273116,4.761897098699579,5.340312654016243
B2Mg0.8Na0.2,conventional_AlB2,38.0,15.5,20.0,1.0,0.06451612903225806,H_below_validated_reduced_field,4.971266296440821,4.693646719449889,5.291186250239364
B2Mg0.8Na0.2,conventional_AlB2,38.0,15.5,29.26,0.1,0.0064516129032258064,H_below_validated_reduced_field,4.654693331195798,4.143646988132608,5.179839383864978
B2Mg0.8Na0.2,conventional_AlB2,38.0,15.5,29.26,1.0,0.06451612903225806,H_below_validated_reduced_field,4.603316426020416,4.073287419813854,5.133021399810124
B2Mg0.8Ti0.2,conventional_AlB2,37.8,15.5,4.2,0.1,0.0064516129032258064,H_below_validated_reduced_field,5.324105348641889,5.171003190830169,5.559330705252185
B2Mg0.8Ti0.2,conventional_AlB2,37.8,15.5,4.2,1.0,0.06451612903225806,H_below_validated_reduced_field,5.268327380528502,5.103264623835246,5.509835033152891
B2Mg0.8Ti0.2,conventional_AlB2,37.8,15.5,20.0,0.1,0.0064516129032258064,H_below_validated_reduced_field,5.015970574891363,4.752444231095849,5.331057998991564
B2Mg0.8Ti0.2,conventional_AlB2,37.8,15.5,20.0,1.0,0.06451612903225806,H_below_validated_reduced_field,4.9601926067779765,4.67593749381297,5.2813829171473365
B2Mg0.8Ti0.2,conventional_AlB2,37.8,15.5,29.106,0.1,0.0064516129032258064,H_below_validated_reduced_field,4.641738294362475,4.135153372619229,5.156217769426336
B2Mg0.8Ti0.2,conventional_AlB2,37.8,15.5,29.106,1.0,0.06451612903225806,H_below_validated_reduced_field,4.58837633323636,4.056741763766488,5.112136701911587
B2Mg0.8Zn0.2,conventional_AlB2,38.4,15.5,4.2,0.1,0.0064516129032258064,H_below_validated_reduced_field,5.324105348641889,5.171003190830169,5.559330705252185
B2Mg0.8Zn0.2,conventional_AlB2,38.4,15.5,4.2,1.0,0.06451612903225806,H_below_validated_reduced_field,5.269431390263902,5.100255715353666,5.511386766736761
B2Mg0.8Zn0.2,conventional_AlB2,38.4,15.5,20.0,0.1,0.0064516129032258064,H_below_validated_reduced_field,5.03180445229941,4.766457003538389,5.337687964412662
B2Mg0.8Zn0.2,conventional_AlB2,38.4,15.5,20.0,1.0,0.06451612903225806,H_below_validated_reduced_field,4.973809514200352,4.6950053169842505,5.290785852724491
B2Mg0.8Zn0.2,conventional_AlB2,38.4,15.5,29.568,0.1,0.0064516129032258064,H_below_validated_reduced_field,4.652370535405649,4.133191536525202,5.167103012811404
B2Mg0.8Zn0.2,conventional_AlB2,38.4,15.5,29.568,1.0,0.06451612903225806,H_below_validated_reduced_field,4.590763625272837,4.0624687549314,5.122124915130268
B2Mg0.8Zr0.2,conventional_AlB2,37.3,15.5,4.2,0.1,0.0064516129032258064,H_below_validated_reduced_field,5.324105348641889,5.1863788403346,5.559330705252185
B2Mg0.8Zr0.2,conventional_AlB2,37.3,15.5,4.2,1.0,0.06451612903225806,H_below_validated_reduced_field,5.270332134786623,5.104763346785199,5.504780351850702
B2Mg0.8Zr0.2,conventional_AlB2,37.3,15.5,20.0,0.1,0.0064516129032258064,H_below_validated_reduced_field,5.017475462598519,4.749731005457174,5.336976957636069
B2Mg0.8Zr0.2,conventional_AlB2,37.3,15.5,20.0,1.0,0.06451612903225806,H_below_validated_reduced_field,4.956938597711241,4.672623143339306,5.291711683063687
B2Mg0.8Zr0.2,conventional_AlB2,37.3,15.5,28.721,0.1,0.0064516129032258064,H_below_validated_reduced_field,4.65584882773663,4.136839505295447,5.188475595904543
B2Mg0.8Zr0.2,conventional_AlB2,37.3,15.5,28.721,1.0,0.06451612903225806,H_below_validated_reduced_field,4.597842180558687,4.059725540572579,5.1428979562204855
B2Mg0.9,conventional_AlB2,38.2,15.5,4.2,0.1,0.0064516129032258064,H_below_validated_reduced_field,5.324105348641889,5.1863788403346,5.559330705252185
B2Mg0.9,conventional_AlB2,38.2,15.5,4.2,1.0,0.06451612903225806,H_below_validated_reduced_field,5.2686158730947685,5.103264623835246,5.506751427124972
B2Mg0.9,conventional_AlB2,38.2,15.5,20.0,0.1,0.0064516129032258064,H_below_validated_reduced_field,5.02878124948441,4.751565419241546,5.336575812377657
B2Mg0.9,conventional_AlB2,38.2,15.5,20.0,1.0,0.06451612903225806,H_below_validated_reduced_field,4.968078062239023,4.676979626426036,5.291959347835899
B2Mg0.9,conventional_AlB2,38.2,15.5,29.414,0.1,0.0064516129032258064,H_below_validated_reduced_field,4.646229203372878,4.103872852435984,5.176633880371198
B2Mg0.9,conventional_AlB2,38.2,15.5,29.414,1.0,0.06451612903225806,H_below_validated_reduced_field,4.590351692168521,4.029767327368167,5.130432473824904
B2Mg0.93Na0.07,conventional_AlB2,38.0,15.5,4.2,0.1,0.0064516129032258064,H_below_validated_reduced_field,5.324105348641889,5.171003190830169,5.559330705252185
B2Mg0.93Na0.07,conventional_AlB2,38.0,15.5,4.2,1.0,0.06451612903225806,H_below_validated_reduced_field,5.269431390263902,5.103264623835246,5.503374888924745
B2Mg0.93Na0.07,conventional_AlB2,38.0,15.5,20.0,0.1,0.0064516129032258064,H_below_validated_reduced_field,5.026608078904836,4.761897098699579,5.331723005641765
B2Mg0.93Na0.07,conventional_AlB2,38.0,15.5,20.0,1.0,0.06451612903225806,H_below_validated_reduced_field,4.967876737299485,4.692869921261678,5.282888402271863
B2Mg0.93Na0.07,conventional_AlB2,38.0,15.5,29.26,0.1,0.0064516129032258064,H_below_validated_reduced_field,4.654693331195798,4.2548163778743895,5.1674424826563765
B2Mg0.93Na0.07,conventional_AlB2,38.0,15.5,29.26,1.0,0.06451612903225806,H_below_validated_reduced_field,4.600367115352349,4.179871036600167,5.121204812681421
B2Mg0.94Pb0.06,conventional_AlB2,35.0,15.5,4.2,0.1,0.0064516129032258064,H_below_validated_reduced_field,5.324105348641889,5.171003190830169,5.559330705252185
B2Mg0.94Pb0.06,conventional_AlB2,35.0,15.5,4.2,1.0,0.06451612903225806,H_below_validated_reduced_field,5.269431390263902,5.104644875708542,5.506419869771421
B2Mg0.94Pb0.06,conventional_AlB2,35.0,15.5,20.0,0.1,0.0064516129032258064,H_below_validated_reduced_field,4.978161426875234,4.696851264918469,5.309426302020235
B2Mg0.94Pb0.06,conventional_AlB2,35.0,15.5,20.0,1.0,0.06451612903225806,H_below_validated_reduced_field,4.921105358869106,4.623756104644968,5.266139382051435
B2Mg0.94Pb0.06,conventional_AlB2,35.0,15.5,26.95,0.1,0.0064516129032258064,H_below_validated_reduced_field,4.649468647823672,4.135868776664697,5.169738811361065
B2Mg0.94Pb0.06,conventional_AlB2,35.0,15.5,26.95,1.0,0.06451612903225806,H_below_validated_reduced_field,4.59395977333011,4.062718767675607,5.130939634300123
B2Mg0.95Mn0.05,conventional_AlB2,30.0,15.5,4.2,0.1,0.0064516129032258064,H_below_validated_reduced_field,5.324105348641889,5.171003190830169,5.559330705252185
B2Mg0.95Mn0.05,conventional_AlB2,30.0,15.5,4.2,1.0,0.06451612903225806,H_below_validated_reduced_field,5.270332134786623,5.102598161437979,5.508175347598792
B2Mg0.95Mn0.05,conventional_AlB2,30.0,15.5,20.0,0.1,0.0064516129032258064,H_below_validated_reduced_field,4.867415301257425,4.5208688446262,5.260113294275617
B2Mg0.95Mn0.05,conventional_AlB2,30.0,15.5,20.0,1.0,0.06451612903225806,H_below_validated_reduced_field,4.807142207507582,4.451252256988673,5.213273126319256
B2Mg0.95Mn0.05,conventional_AlB2,30.0,15.5,23.1,0.1,0.0064516129032258064,H_below_validated_reduced_field,4.671371105024039,4.177527858093611,5.189002290544084
B2Mg0.95Mn0.05,conventional_AlB2,30.0,15.5,23.1,1.0,0.06451612903225806,H_below_validated_reduced_field,4.609355179377871,4.101617891381736,5.138865997909835
B2Mg0.95Ti0.05,conventional_AlB2,38.5,15.5,4.2,0.1,0.0064516129032258064,H_below_validated_reduced_field,5.324105348641889,5.171003190830169,5.559330705252185
B2Mg0.95Ti0.05,conventional_AlB2,38.5,15.5,4.2,1.0,0.06451612903225806,H_below_validated_reduced_field,5.270126875332979,5.101961655945378,5.506419869771421
B2Mg0.95Ti0.05,conventional_AlB2,38.5,15.5,20.0,0.1,0.0064516129032258064,H_below_validated_reduced_field,5.033041943342514,4.764549334356147,5.335673734573872
B2Mg0.95Ti0.05,conventional_AlB2,38.5,15.5,20.0,1.0,0.06451612903225806,H_below_validated_reduced_field,4.977506514614178,4.691624858272867,5.2860096387762345
B2Mg0.95Ti0.05,conventional_AlB2,38.5,15.5,29.645,0.1,0.0064516129032258064,H_below_validated_reduced_field,4.653895278344464,4.188379579561176,5.167032969308389
B2Mg0.95Ti0.05,conventional_AlB2,38.5,15.5,29.645,1.0,0.06451612903225806,H_below_validated_reduced_field,4.604640241591297,4.115288883418305,5.116701056774952
B2Mg0.95Zn0.05,conventional_AlB2,38.3,15.5,4.2,0.1,0.0064516129032258064,H_below_validated_reduced_field,5.324105348641889,5.1863788403346,5.559330705252185
B2Mg0.95Zn0.05,conventional_AlB2,38.3,15.5,4.2,1.0,0.06451612903225806,H_below_validated_reduced_field,5.270967928035513,5.10734653176746,5.506751427124972
B2Mg0.95Zn0.05,conventional_AlB2,38.3,15.5,20.0,0.1,0.0064516129032258064,H_below_validated_reduced_field,5.029923837264707,4.774123744253612,5.343772261073245
B2Mg0.95Zn0.05,conventional_AlB2,38.3,15.5,20.0,1.0,0.06451612903225806,H_below_validated_reduced_field,4.969429285171991,4.700607937720736,5.293775852855576
B2Mg0.95Zn0.05,conventional_AlB2,38.3,15.5,29.491,0.1,0.0064516129032258064,H_below_validated_reduced_field,4.64606960018882,4.203016257513983,5.187749191008888
B2Mg0.95Zn0.05,conventional_AlB2,38.3,15.5,29.491,1.0,0.06451612903225806,H_below_validated_reduced_field,4.590723816140634,4.122790890771963,5.141605317185912
B2Mg0.95Zr0.05,conventional_AlB2,37.7,15.5,4.2,0.1,0.0064516129032258064,H_below_validated_reduced_field,5.324105348641889,5.1860283986298965,5.559330705252185
B2Mg0.95Zr0.05,conventional_AlB2,37.7,15.5,4.2,1.0,0.06451612903225806,H_below_validated_reduced_field,5.271544406272218,5.106267801025989,5.506625722502818
B2Mg0.95Zr0.05,conventional_AlB2,37.7,15.5,20.0,0.1,0.0064516129032258064,H_below_validated_reduced_field,5.022843417316064,4.7567503190537215,5.330375860629099
B2Mg0.95Zr0.05,conventional_AlB2,37.7,15.5,20.0,1.0,0.06451612903225806,H_below_validated_reduced_field,4.963301546455627,4.682251861762111,5.283730065433531
B2Mg0.95Zr0.05,conventional_AlB2,37.7,15.5,29.029000000000003,0.1,0.0064516129032258064,H_below_validated_reduced_field,4.655182960361492,4.144876409284809,5.181979742118704
B2Mg0.95Zr0.05,conventional_AlB2,37.7,15.5,29.029000000000003,1.0,0.06451612903225806,H_below_validated_reduced_field,4.5968780841025945,4.089249056616487,5.134646391702315
B2Mg0.96Mn0.04,conventional_AlB2,32.3,15.5,4.2,0.1,0.0064516129032258064,H_below_validated_reduced_field,5.324105348641889,5.171003190830169,5.559330705252185
B2Mg0.96Mn0.04,conventional_AlB2,32.3,15.5,4.2,1.0,0.06451612903225806,H_below_validated_reduced_field,5.272728443466507,5.103261402338787,5.508175347598792
B2Mg0.96Mn0.04,conventional_AlB2,32.3,15.5,20.0,0.1,0.0064516129032258064,H_below_validated_reduced_field,4.927828212180584,4.619171141804865,5.282991481393401
B2Mg0.96Mn0.04,conventional_AlB2,32.3,15.5,20.0,1.0,0.06451612903225806,H_below_validated_reduced_field,4.867394118555021,4.546128514669693,5.23881891818853
B2Mg0.96Mn0.04,conventional_AlB2,32.3,15.5,24.871,0.1,0.0064516129032258064,H_below_validated_reduced_field,4.6575247250824265,4.177791644260573,5.1798196555284886
B2Mg0.96Mn0.04,conventional_AlB2,32.3,15.5,24.871,1.0,0.06451612903225806,H_below_validated_reduced_field,4.60217894103424,4.117121176582799,5.132847049402193
B2Mg0.97Na0.03,conventional_AlB2,38.0,15.5,4.2,0.1,0.0064516129032258064,H_below_validated_reduced_field,5.324105348641889,5.1863788403346,5.559330705252185
B2Mg0.97Na0.03,conventional_AlB2,38.0,15.5,4.2,1.0,0.06451612903225806,H_below_validated_reduced_field,5.269431390263902,5.106563100257184,5.505780192669341
B2Mg0.97Na0.03,conventional_AlB2,38.0,15.5,20.0,0.1,0.0064516129032258064,H_below_validated_reduced_field,5.024382158187858,4.769218377052384,5.335444737108285
B2Mg0.97Na0.03,conventional_AlB2,38.0,15.5,20.0,1.0,0.06451612903225806,H_below_validated_reduced_field,4.963630190096042,4.69404470938388,5.29022433446032
B2Mg0.97Na0.03,conventional_AlB2,38.0,15.5,29.26,0.1,0.0064516129032258064,H_below_validated_reduced_field,4.6465510863200805,4.190031685996107,5.176776714716767
B2Mg0.97Na0.03,conventional_AlB2,38.0,15.5,29.26,1.0,0.06451612903225806,H_below_validated_reduced_field,4.589754262027439,4.117774726138576,5.125627997078577
B2Mg0.98,conventional_AlB2,38.4,15.5,4.2,0.1,0.0064516129032258064,H_below_validated_reduced_field,5.324105348641889,5.1863788403346,5.559330705252185
B2Mg0.98,conventional_AlB2,38.4,15.5,4.2,1.0,0.06451612903225806,H_below_validated_reduced_field,5.269431390263902,5.104761269785125,5.509655623407958
B2Mg0.98,conventional_AlB2,38.4,15.5,20.0,0.1,0.0064516129032258064,H_below_validated_reduced_field,5.031056870802062,4.767855599990344,5.336312940232499
B2Mg0.98,conventional_AlB2,38.4,15.5,20.0,1.0,0.06451612903225806,H_below_validated_reduced_field,4.97008458993685,4.694275868415062,5.289754188718013
B2Mg0.98,conventional_AlB2,38.4,15.5,29.568,0.1,0.0064516129032258064,H_below_validated_reduced_field,4.64591087932223,4.187023224273159,5.176492625272572
B2Mg0.98,conventional_AlB2,38.4,15.5,29.568,1.0,0.06451612903225806,H_below_validated_reduced_field,4.588492805020654,4.110226141265418,5.127018030874385
B2Mg0.988Sc0.012,conventional_AlB2,41.4,15.5,4.2,0.1,0.0064516129032258064,H_below_validated_reduced_field,5.324105348641889,5.1863788403346,5.549941092791016
B2Mg0.988Sc0.012,conventional_AlB2,41.4,15.5,4.2,1.0,0.06451612903225806,H_below_validated_reduced_field,5.269431390263902,5.103264623835246,5.5033653449493976
B2Mg0.988Sc0.012,conventional_AlB2,41.4,15.5,20.0,0.1,0.0064516129032258064,H_below_validated_reduced_field,5.061145845441139,4.812652330702673,5.352245654131821
B2Mg0.988Sc0.012,conventional_AlB2,41.4,15.5,20.0,1.0,0.06451612903225806,H_below_validated_reduced_field,5.003815970963844,4.735940391218199,5.306965979953914
B2Mg0.988Sc0.012,conventional_AlB2,41.4,15.5,31.878,0.1,0.0064516129032258064,H_below_validated_reduced_field,4.641525988362149,4.149493590319171,5.165157233961928
B2Mg0.988Sc0.012,conventional_AlB2,41.4,15.5,31.878,1.0,0.06451612903225806,H_below_validated_reduced_field,4.583800185255478,4.06680421218094,5.118491746585473
B2Mg0.98Pb0.02,conventional_AlB2,35.5,15.5,4.2,0.1,0.0064516129032258064,H_below_validated_reduced_field,5.324105348641889,5.1863788403346,5.559330705252185
B2Mg0.98Pb0.02,conventional_AlB2,35.5,15.5,4.2,1.0,0.06451612903225806,H_below_validated_reduced_field,5.266732057385629,5.106933843589786,5.504780351850702
B2Mg0.98Pb0.02,conventional_AlB2,35.5,15.5,20.0,0.1,0.0064516129032258064,H_below_validated_reduced_field,4.98565991208458,4.701930235328386,5.313716400271679
B2Mg0.98Pb0.02,conventional_AlB2,35.5,15.5,20.0,1.0,0.06451612903225806,H_below_validated_reduced_field,4.928014988677258,4.629046498196184,5.265772461756256
B2Mg0.98Pb0.02,conventional_AlB2,35.5,15.5,27.335,0.1,0.0064516129032258064,H_below_validated_reduced_field,4.650901107650895,4.1339395646640575,5.1693174078384105
B2Mg0.98Pb0.02,conventional_AlB2,35.5,15.5,27.335,1.0,0.06451612903225806,H_below_validated_reduced_field,4.593974661501509,4.053715600947247,5.117735563529033
B2Mg0.98Sc0.02,conventional_AlB2,39.0,15.5,4.2,0.1,0.0064516129032258064,H_below_validated_reduced_field,5.324105348641889,5.1863788403346,5.559330705252185
B2Mg0.98Sc0.02,conventional_AlB2,39.0,15.5,4.2,1.0,0.06451612903225806,H_below_validated_reduced_field,5.268327380528502,5.103264623835246,5.508722502399244
B2Mg0.98Sc0.02,conventional_AlB2,39.0,15.5,20.0,0.1,0.0064516129032258064,H_below_validated_reduced_field,5.037661166864107,4.778071151294755,5.348199009044136
B2Mg0.98Sc0.02,conventional_AlB2,39.0,15.5,20.0,1.0,0.06451612903225806,H_below_validated_reduced_field,4.978585136744572,4.700963289176888,5.297684685612339
B2Mg0.98Sc0.02,conventional_AlB2,39.0,15.5,30.03,0.1,0.0064516129032258064,H_below_validated_reduced_field,4.644976679318344,4.1860362671937805,5.180924795975389
B2Mg0.98Sc0.02,conventional_AlB2,39.0,15.5,30.03,1.0,0.06451612903225806,H_below_validated_reduced_field,4.587085695196641,4.118294478702398,5.131869370888347
B2Mg0.99Mn0.01,conventional_AlB2,33.4,15.5,4.2,0.1,0.0064516129032258064,H_below_validated_reduced_field,5.324105348641889,5.171003190830169,5.559330705252185
B2Mg0.99Mn0.01,conventional_AlB2,33.4,15.5,4.2,1.0,0.06451612903225806,H_below_validated_reduced_field,5.271540284592202,5.103248336736622,5.511386766736761
B2Mg0.99Mn0.01,conventional_AlB2,33.4,15.5,20.0,0.1,0.0064516129032258064,H_below_validated_reduced_field,4.951446204319461,4.659687144426594,5.294141757692456
B2Mg0.99Mn0.01,conventional_AlB2,33.4,15.5,20.0,1.0,0.06451612903225806,H_below_validated_reduced_field,4.893483673612886,4.58762658670556,5.248878453091111
B2Mg0.99Mn0.01,conventional_AlB2,33.4,15.5,25.718,0.1,0.0064516129032258064,H_below_validated_reduced_field,4.655094410805765,4.200888476559335,5.171178170320868
B2Mg0.99Mn0.01,conventional_AlB2,33.4,15.5,25.718,1.0,0.06451612903225806,H_below_validated_reduced_field,4.598297586513122,4.13139056187354,5.121792815283504
B2Mg0.99Pb0.01,conventional_AlB2,35.9,15.5,4.2,0.1,0.0064516129032258064,H_below_validated_reduced_field,5.324105348641889,5.171003190830169,5.559330705252185
B2Mg0.99Pb0.01,conventional_AlB2,35.9,15.5,4.2,1.0,0.06451612903225806,H_below_validated_reduced_field,5.271019861639648,5.103264623835246,5.505780192669341
B2Mg0.99Pb0.01,conventional_AlB2,35.9,15.5,20.0,0.1,0.0064516129032258064,H_below_validated_reduced_field,4.995856738423834,4.697476827385392,5.317002283325959
B2Mg0.99Pb0.01,conventional_AlB2,35.9,15.5,20.0,1.0,0.06451612903225806,H_below_validated_reduced_field,4.936973469452536,4.623682432107461,5.268975870476713
B2Mg0.99Pb0.01,conventional_AlB2,35.9,15.5,27.643,0.1,0.0064516129032258064,H_below_validated_reduced_field,4.658303941334854,4.074634873641357,5.168989296906785
B2Mg0.99Pb0.01,conventional_AlB2,35.9,15.5,27.643,1.0,0.06451612903225806,H_below_validated_reduced_field,4.603016122405301,4.005503037894756,5.120612716225589
B2Mg0.99Sn0.01,conventional_AlB2,33.5,15.5,4.2,0.1,0.0064516129032258064,H_below_validated_reduced_field,5.324105348641889,5.1863788403346,5.549941092791016
B2Mg0.99Sn0.01,conventional_AlB2,33.5,15.5,4.2,1.0,0.06451612903225806,H_below_validated_reduced_field,5.270126875332979,5.106251513927366,5.503762245449106
B2Mg0.99Sn0.01,conventional_AlB2,33.5,15.5,20.0,0.1,0.0064516129032258064,H_below_validated_reduced_field,4.953250978078133,4.661503443743546,5.29403067664164
B2Mg0.99Sn0.01,conventional_AlB2,33.5,15.5,20.0,1.0,0.06451612903225806,H_below_validated_reduced_field,4.89453417404386,4.586864340074909,5.241257680971326
B2Mg0.99Sn0.01,conventional_AlB2,33.5,15.5,25.795,0.1,0.0064516129032258064,H_below_validated_reduced_field,4.663024199978515,4.2067963514674185,5.160555314800212
B2Mg0.99Sn0.01,conventional_AlB2,33.5,15.5,25.795,1.0,0.06451612903225806,H_below_validated_reduced_field,4.600207996724811,4.133622519949626,5.115682227630086
B2Mg0.99Ti0.01,conventional_AlB2,38.6,15.5,4.2,0.1,0.0064516129032258064,H_below_validated_reduced_field,5.324105348641889,5.171003190830169,5.549941092791016
B2Mg0.99Ti0.01,conventional_AlB2,38.6,15.5,4.2,1.0,0.06451612903225806,H_below_validated_reduced_field,5.270343882357867,5.104680266782216,5.50339774679099
B2Mg0.99Ti0.01,conventional_AlB2,38.6,15.5,20.0,0.1,0.0064516129032258064,H_below_validated_reduced_field,5.028288570274436,4.769692496127175,5.3363112527177154
B2Mg0.99Ti0.01,conventional_AlB2,38.6,15.5,20.0,1.0,0.06451612903225806,H_below_validated_reduced_field,4.972186754709857,4.695126396911481,5.285979340184278
B2Mg0.99Ti0.01,conventional_AlB2,38.6,15.5,29.722,0.1,0.0064516129032258064,H_below_validated_reduced_field,4.645596055404505,4.171569823801326,5.16696331088358
B2Mg0.99Ti0.01,conventional_AlB2,38.6,15.5,29.722,1.0,0.06451612903225806,H_below_validated_reduced_field,4.58973397008378,4.091108763249548,5.116938939908139
B2Mg0.9Pb0.1,conventional_AlB2,34.0,15.5,4.2,0.1,0.0064516129032258064,H_below_validated_reduced_field,5.324105348641889,5.171003190830169,5.559330705252185
B2Mg0.9Pb0.1,conventional_AlB2,34.0,15.5,4.2,1.0,0.06451612903225806,H_below_validated_reduced_field,5.271019861639648,5.102598161437979,5.506326026910626
B2Mg0.9Pb0.1,conventional_AlB2,34.0,15.5,20.0,0.1,0.0064516129032258064,H_below_validated_reduced_field,4.964704367952282,4.675613099516081,5.300174108532829
B2Mg0.9Pb0.1,conventional_AlB2,34.0,15.5,20.0,1.0,0.06451612903225806,H_below_validated_reduced_field,4.907890591530317,4.604862403038387,5.25489471569877
B2Mg0.9Pb0.1,conventional_AlB2,34.0,15.5,26.18,0.1,0.0064516129032258064,H_below_validated_reduced_field,4.661981989610196,4.214417499281159,5.170621416976968
B2Mg0.9Pb0.1,conventional_AlB2,34.0,15.5,26.18,1.0,0.06451612903225806,H_below_validated_reduced_field,4.610088783162276,4.138359006144169,5.124561381483776
B2Mg0.9Ti0.1,conventional_AlB2,38.3,15.5,4.2,0.1,0.0064516129032258064,H_below_validated_reduced_field,5.324105348641889,5.1863788403346,5.559330705252185
B2Mg0.9Ti0.1,conventional_AlB2,38.3,15.5,4.2,1.0,0.06451612903225806,H_below_validated_reduced_field,5.271544406272218,5.106251513927366,5.506751427124972
B2Mg0.9Ti0.1,conventional_AlB2,38.3,15.5,20.0,0.1,0.0064516129032258064,H_below_validated_reduced_field,5.030556573943203,4.778282547133274,5.343772261073245
B2Mg0.9Ti0.1,conventional_AlB2,38.3,15.5,20.0,1.0,0.06451612903225806,H_below_validated_reduced_field,4.973873735023588,4.701502192830848,5.295830537487282
B2Mg0.9Ti0.1,conventional_AlB2,38.3,15.5,29.491,0.1,0.0064516129032258064,H_below_validated_reduced_field,4.654211845064537,4.253725194522658,5.187749191008888
B2Mg0.9Ti0.1,conventional_AlB2,38.3,15.5,29.491,1.0,0.06451612903225806,H_below_validated_reduced_field,4.592557707316379,4.170328906863648,5.141800495751636
B2Mg0.9Zn0.1,conventional_AlB2,38.4,15.5,4.2,0.1,0.0064516129032258064,H_below_validated_reduced_field,5.324105348641889,5.1863788403346,5.559330705252185
B2Mg0.9Zn0.1,conventional_AlB2,38.4,15.5,4.2,1.0,0.06451612903225806,H_below_validated_reduced_field,5.271544406272218,5.105616317081055,5.504360479776018
B2Mg0.9Zn0.1,conventional_AlB2,38.4,15.5,20.0,0.1,0.0064516129032258064,H_below_validated_reduced_field,5.03180445229941,4.768528917344452,5.33503088956498
B2Mg0.9Zn0.1,conventional_AlB2,38.4,15.5,20.0,1.0,0.06451612903225806,H_below_validated_reduced_field,4.97444726475203,4.69611642733864,5.285380970571516
B2Mg0.9Zn0.1,conventional_AlB2,38.4,15.5,29.568,0.1,0.0064516129032258064,H_below_validated_reduced_field,4.654053124197947,4.202666701364808,5.167103012811404
B2Mg0.9Zn0.1,conventional_AlB2,38.4,15.5,29.568,1.0,0.06451612903225806,H_below_validated_reduced_field,4.59378212101776,4.133632599652646,5.116505362990176
B2Mg0.9Zr0.1,conventional_AlB2,37.3,15.5,4.2,0.1,0.0064516129032258064,H_below_validated_reduced_field,5.324105348641889,5.1863788403346,5.559330705252185
B2Mg0.9Zr0.1,conventional_AlB2,37.3,15.5,4.2,1.0,0.06451612903225806,H_below_validated_reduced_field,5.270343882357867,5.105616317081055,5.509821037403115
B2Mg0.9Zr0.1,conventional_AlB2,37.3,15.5,20.0,0.1,0.0064516129032258064,H_below_validated_reduced_field,5.017475462598519,4.74411277463904,5.3275873451749005
B2Mg0.9Zr0.1,conventional_AlB2,37.3,15.5,20.0,1.0,0.06451612903225806,H_below_validated_reduced_field,4.957644691864488,4.672675018709546,5.282006732159903
B2Mg0.9Zr0.1,conventional_AlB2,37.3,15.5,28.721,0.1,0.0064516129032258064,H_below_validated_reduced_field,4.65584882773663,4.127449892834278,5.178014106929294
B2Mg0.9Zr0.1,conventional_AlB2,37.3,15.5,28.721,1.0,0.06451612903225806,H_below_validated_reduced_field,4.597957843614927,4.054598303542692,5.12936526080653
MgB2,conventional_AlB2,39.0,15.5,4.2,0.1,0.0064516129032258064,H_below_validated_reduced_field,5.324105348641889,5.171003190830169,5.559330705252185
MgB2,conventional_AlB2,39.0,15.5,4.2,1.0,0.06451612903225806,H_below_validated_reduced_field,5.269431390263902,5.119994491079674,5.497380150421345
MgB2,conventional_AlB2,39.0,15.5,20.0,0.1,0.0064516129032258064,H_below_validated_reduced_field,5.037661166864107,4.778071151294755,5.3405280800361625
MgB2,conventional_AlB2,39.0,15.5,20.0,1.0,0.06451612903225806,H_below_validated_reduced_field,4.977834839336795,4.71870572534728,5.282649186267793
MgB2,conventional_AlB2,39.0,15.5,30.03,0.1,0.0064516129032258064,H_below_validated_reduced_field,4.644976679318344,4.170521583981996,5.167132767194071
MgB2,conventional_AlB2,39.0,15.5,30.03,1.0,0.06451612903225806,H_below_validated_reduced_field,4.588528999089175,4.118296206587695,5.114147759100393
Ba(Fe0.93Co0.07)2As2,iron_pnictide_122,22.0,50.0,4.2,0.1,0.002,H_below_validated_reduced_field,5.746354490991693,5.635326719245767,5.804297695181981
Ba(Fe0.93Co0.07)2As2,iron_pnictide_122,22.0,50.0,4.2,1.0,0.02,H_below_validated_reduced_field,5.740902344022302,5.631035769834476,5.800656018135584
Ba(Fe0.93Co0.07)2As2,iron_pnictide_122,22.0,50.0,4.2,5.0,0.1,H_below_validated_reduced_field,5.71371497840829,5.600851336392585,5.78144686886319
Ba(Fe0.93Co0.07)2As2,iron_pnictide_122,22.0,50.0,20.0,0.1,0.002,H_below_validated_reduced_field,3.974644207764872,3.339420327493112,4.257774212838008
Ba(Fe0.93Co0.07)2As2,iron_pnictide_122,22.0,50.0,20.0,1.0,0.02,H_below_validated_reduced_field,3.97034379223014,3.336218647920496,4.252337520195214
Ba(Fe0.93Co0.07)2As2,iron_pnictide_122,22.0,50.0,20.0,5.0,0.1,H_below_validated_reduced_field,3.946170311239484,3.315464432137848,4.227915105000718
Ba(Fe0.93Co0.07)2As2,iron_pnictide_122,22.0,50.0,16.94,0.1,0.002,H_below_validated_reduced_field,4.717666471051823,4.353812498460178,4.9001174499010585
Ba(Fe0.93Co0.07)2As2,iron_pnictide_122,22.0,50.0,16.94,1.0,0.02,H_below_validated_reduced_field,4.7131319086720325,4.348987943149071,4.894850828789998
Ba(Fe0.93Co0.07)2As2,iron_pnictide_122,22.0,50.0,16.94,5.0,0.1,H_below_validated_reduced_field,4.690028305396954,4.325432139661615,4.87133108864405
Ba(Fe0.93Co0.07)2As2,iron_pnictide_122,22.0,50.0,4.2,0.1,0.002,H_below_validated_reduced_field,5.746354490991693,5.644766721618954,5.804297695181981
Ba(Fe0.93Co0.07)2As2,iron_pnictide_122,22.0,50.0,4.2,1.0,0.02,H_below_validated_reduced_field,5.74127921142142,5.633333873329548,5.799182799259492
Ba(Fe0.93Co0.07)2As2,iron_pnictide_122,22.0,50.0,4.2,5.0,0.1,H_below_validated_reduced_field,5.714620990037053,5.60297924082382,5.77993016881091
Ba(Fe0.93Co0.07)2As2,iron_pnictide_122,22.0,50.0,20.0,0.1,0.002,H_below_validated_reduced_field,3.9714861965914334,3.337756302857802,4.260456153999684
Ba(Fe0.93Co0.07)2As2,iron_pnictide_122,22.0,50.0,20.0,1.0,0.02,H_below_validated_reduced_field,3.9658681498056128,3.332162392484376,4.255573039306511
Ba(Fe0.93Co0.07)2As2,iron_pnictide_122,22.0,50.0,20.0,5.0,0.1,H_below_validated_reduced_field,3.9425691334084494,3.302787728103016,4.2308633429096565
Ba(Fe0.93Co0.07)2As2,iron_pnictide_122,22.0,50.0,16.94,0.1,0.002,H_below_validated_reduced_field,4.715861815275864,4.345159864042462,4.899211304905734
Ba(Fe0.93Co0.07)2As2,iron_pnictide_122,22.0,50.0,16.94,1.0,0.02,H_below_validated_reduced_field,4.710543320988981,4.34166145857338,4.895001624491424
Ba(Fe0.93Co0.07)2As2,iron_pnictide_122,22.0,50.0,16.94,5.0,0.1,H_below_validated_reduced_field,4.686630595930824,4.320103850640174,4.872192507939099
Ba(Fe0.93Co0.07)2As2,iron_pnictide_122,22.0,50.0,4.2,0.1,0.002,H_below_validated_reduced_field,5.746354490991693,5.621997152667846,5.802165025000917
Ba(Fe0.93Co0.07)2As2,iron_pnictide_122,22.0,50.0,4.2,1.0,0.02,H_below_validated_reduced_field,5.741095917472194,5.616606702733714,5.797506629875487
Ba(Fe0.93Co0.07)2As2,iron_pnictide_122,22.0,50.0,4.2,5.0,0.1,H_below_validated_reduced_field,5.71371497840829,5.597240896706988,5.7784720035183685
Ba(Fe0.93Co0.07)2As2,iron_pnictide_122,22.0,50.0,20.0,0.1,0.002,H_below_validated_reduced_field,3.968356475510099,3.340491002672354,4.261813517154851
Ba(Fe0.93Co0.07)2As2,iron_pnictide_122,22.0,50.0,20.0,1.0,0.02,H_below_validated_reduced_field,3.963970771792361,3.335564909190388,4.256563046380756
Ba(Fe0.93Co0.07)2As2,iron_pnictide_122,22.0,50.0,20.0,5.0,0.1,H_below_validated_reduced_field,3.940110139891819,3.313189462811156,4.232474593200921
Ba(Fe0.93Co0.07)2As2,iron_pnictide_122,22.0,50.0,16.94,0.1,0.002,H_below_validated_reduced_field,4.711612822879223,4.347500873446063,4.9001174499010585
Ba(Fe0.93Co0.07)2As2,iron_pnictide_122,22.0,50.0,16.94,1.0,0.02,H_below_validated_reduced_field,4.706415659341659,4.342883631477095,4.894920025213188
Ba(Fe0.93Co0.07)2As2,iron_pnictide_122,22.0,50.0,16.94,5.0,0.1,H_below_validated_reduced_field,4.683217945594075,4.321608609660158,4.873931453036316
Ba(Fe0.93Co0.07)2As2,iron_pnictide_122,22.0,50.0,4.2,0.1,0.002,H_below_validated_reduced_field,5.746354490991693,5.617854385081122,5.804297695181981
Ba(Fe0.93Co0.07)2As2,iron_pnictide_122,22.0,50.0,4.2,1.0,0.02,H_below_validated_reduced_field,5.741298227606492,5.615412583820014,5.801119261020693
Ba(Fe0.93Co0.07)2As2,iron_pnictide_122,22.0,50.0,4.2,5.0,0.1,H_below_validated_reduced_field,5.714371282347733,5.596479256105287,5.78020387349917
Ba(Fe0.93Co0.07)2As2,iron_pnictide_122,22.0,50.0,20.0,0.1,0.002,H_below_validated_reduced_field,3.974644207067806,3.339420327493112,4.262659559312832
Ba(Fe0.93Co0.07)2As2,iron_pnictide_122,22.0,50.0,20.0,1.0,0.02,H_below_validated_reduced_field,3.970680702133465,3.334730815548513,4.256809315668608
Ba(Fe0.93Co0.07)2As2,iron_pnictide_122,22.0,50.0,20.0,5.0,0.1,H_below_validated_reduced_field,3.946738347716042,3.317058622880523,4.23367058471664
Ba(Fe0.93Co0.07)2As2,iron_pnictide_122,22.0,50.0,16.94,0.1,0.002,H_below_validated_reduced_field,4.716805540766063,4.348721684886555,4.901179312427715
Ba(Fe0.93Co0.07)2As2,iron_pnictide_122,22.0,50.0,16.94,1.0,0.02,H_below_validated_reduced_field,4.712262611487116,4.3450722161692905,4.895925027791553
Ba(Fe0.93Co0.07)2As2,iron_pnictide_122,22.0,50.0,16.94,5.0,0.1,H_below_validated_reduced_field,4.68844773319586,4.324612470887556,4.874528924479719
FeSe1-xSx,iron_chalcogenide_11,14.0,30.0,4.2,0.1,0.0033333333333333335,H_below_validated_reduced_field,5.99788020316565,5.9654169680036055,6.176213825966855
FeSe1-xSx,iron_chalcogenide_11,14.0,30.0,4.2,1.0,0.03333333333333333,H_below_validated_reduced_field,5.980310794064193,5.946533350226875,6.1576517083421285
FeSe1-xSx,iron_chalcogenide_11,14.0,30.0,4.2,5.0,0.16666666666666666,H_below_validated_reduced_field,5.898721265445932,5.855055135967864,6.074044607291994
FeSe1-xSx,iron_chalcogenide_11,14.0,30.0,10.78,0.1,0.0033333333333333335,H_below_validated_reduced_field,5.636819627389768,5.524936026168288,5.822200133982052
FeSe1-xSx,iron_chalcogenide_11,14.0,30.0,10.78,1.0,0.03333333333333333,H_below_validated_reduced_field,5.618027085132171,5.506660470012022,5.804112898736524
FeSe1-xSx,iron_chalcogenide_11,14.0,30.0,10.78,5.0,0.16666666666666666,H_below_validated_reduced_field,5.529574059077103,5.414354187788684,5.717456581169995
FeSe1-xSx,iron_chalcogenide_11,14.0,30.0,4.2,0.1,0.0033333333333333335,H_below_validated_reduced_field,5.99788020316565,5.9654169680036055,6.176213825966855
FeSe1-xSx,iron_chalcogenide_11,14.0,30.0,4.2,1.0,0.03333333333333333,H_below_validated_reduced_field,5.980041806121134,5.946318138523388,6.157122047552168
FeSe1-xSx,iron_chalcogenide_11,14.0,30.0,4.2,5.0,0.16666666666666666,H_below_validated_reduced_field,5.897516524174528,5.85482969856512,6.069437261165928
FeSe1-xSx,iron_chalcogenide_11,14.0,30.0,10.78,0.1,0.0033333333333333335,H_below_validated_reduced_field,5.636935061772567,5.524305903507215,5.813087458619198
FeSe1-xSx,iron_chalcogenide_11,14.0,30.0,10.78,1.0,0.03333333333333333,H_below_validated_reduced_field,5.618479431470784,5.506207619255945,5.79467965007317
FeSe1-xSx,iron_chalcogenide_11,14.0,30.0,10.78,5.0,0.16666666666666666,H_below_validated_reduced_field,5.530925014701644,5.4128807958904455,5.709442421801247
FeSe1-xSx,iron_chalcogenide_11,14.0,30.0,4.2,0.1,0.0033333333333333335,H_below_validated_reduced_field,5.99788020316565,5.965396004009358,6.176213825966855
FeSe1-xSx,iron_chalcogenide_11,14.0,30.0,4.2,1.0,0.03333333333333333,H_below_validated_reduced_field,5.980003781971959,5.945323057329618,6.158019410156758
FeSe1-xSx,iron_chalcogenide_11,14.0,30.0,4.2,5.0,0.16666666666666666,H_below_validated_reduced_field,5.89732320248788,5.852977377448163,6.077515372618393
FeSe1-xSx,iron_chalcogenide_11,14.0,30.0,10.78,0.1,0.0033333333333333335,H_below_validated_reduced_field,5.636819627389768,5.521875956972551,5.822184899972838
FeSe1-xSx,iron_chalcogenide_11,14.0,30.0,10.78,1.0,0.03333333333333333,H_below_validated_reduced_field,5.618119227670428,5.504896730333188,5.803993468705546
FeSe1-xSx,iron_chalcogenide_11,14.0,30.0,10.78,5.0,0.16666666666666666,H_below_validated_reduced_field,5.528577768821462,5.412040616936875,5.719078691249869
FeSe1-xSx,iron_chalcogenide_11,14.0,30.0,4.2,0.1,0.0033333333333333335,H_below_validated_reduced_field,5.99788020316565,5.9654169680036055,6.176213825966855
FeSe1-xSx,iron_chalcogenide_11,14.0,30.0,4.2,1.0,0.03333333333333333,H_below_validated_reduced_field,5.9802068211724375,5.946533350226875,6.157612250811331
FeSe1-xSx,iron_chalcogenide_11,14.0,30.0,4.2,5.0,0.16666666666666666,H_below_validated_reduced_field,5.898281206894531,5.855460582393574,6.069662698568672
FeSe1-xSx,iron_chalcogenide_11,14.0,30.0,10.78,0.1,0.0033333333333333335,H_below_validated_reduced_field,5.637508879717117,5.521875956972551,5.816033367293775
FeSe1-xSx,iron_chalcogenide_11,14.0,30.0,10.78,1.0,0.03333333333333333,H_below_validated_reduced_field,5.6191414549428,5.505225674307987,5.797842653708759
FeSe1-xSx,iron_chalcogenide_11,14.0,30.0,10.78,5.0,0.16666666666666666,H_below_validated_reduced_field,5.53274816848381,5.412765865460124,5.715060362105001
FeSe1-xSx,iron_chalcogenide_11,14.0,30.0,4.2,0.1,0.0033333333333333335,H_below_validated_reduced_field,5.99788020316565,5.9654169680036055,6.176213825966855
FeSe1-xSx,iron_chalcogenide_11,14.0,30.0,4.2,1.0,0.03333333333333333,H_below_validated_reduced_field,5.980832338565287,5.946533350226875,6.1576892411153255
FeSe1-xSx,iron_chalcogenide_11,14.0,30.0,4.2,5.0,0.16666666666666666,H_below_validated_reduced_field,5.899161323997333,5.855460582393574,6.071641368481596
FeSe1-xSx,iron_chalcogenide_11,14.0,30.0,10.78,0.1,0.0033333333333333335,H_below_validated_reduced_field,5.63769974449257,5.521080990541562,5.813517722416956
FeSe1-xSx,iron_chalcogenide_11,14.0,30.0,10.78,1.0,0.03333333333333333,H_below_validated_reduced_field,5.619667505218276,5.504932147588268,5.797512762099467
FeSe1-xSx,iron_chalcogenide_11,14.0,30.0,10.78,5.0,0.16666666666666666,H_below_validated_reduced_field,5.53472579730852,5.41458462997366,5.718501535920482
CaFe2As2,iron_pnictide_122,22.0,50.0,4.2,0.1,0.002,H_below_validated_reduced_field,5.746354490991693,5.635326719245767,5.804297695181981
CaFe2As2,iron_pnictide_122,22.0,50.0,4.2,1.0,0.02,H_below_validated_reduced_field,5.741472784871311,5.631403215548616,5.800080599223015
CaFe2As2,iron_pnictide_122,22.0,50.0,4.2,5.0,0.1,H_below_validated_reduced_field,5.71476041260463,5.602104237010964,5.780185352879332
CaFe2As2,iron_pnictide_122,22.0,50.0,20.0,0.1,0.002,H_below_validated_reduced_field,3.976968857342053,3.3230155735984157,4.261813524750908
CaFe2As2,iron_pnictide_122,22.0,50.0,20.0,1.0,0.02,H_below_validated_reduced_field,3.97217145666747,3.318588220767642,4.25514390651884
CaFe2As2,iron_pnictide_122,22.0,50.0,20.0,5.0,0.1,H_below_validated_reduced_field,3.950232694360959,3.297599365038607,4.232913567539672
CaFe2As2,iron_pnictide_122,22.0,50.0,16.94,0.1,0.002,H_below_validated_reduced_field,4.717666471051823,4.342173702912915,4.901179312427715
CaFe2As2,iron_pnictide_122,22.0,50.0,16.94,1.0,0.02,H_below_validated_reduced_field,4.713098600984582,4.3363371585411015,4.896564148764503
CaFe2As2,iron_pnictide_122,22.0,50.0,16.94,5.0,0.1,H_below_validated_reduced_field,4.69014314095014,4.314660643902581,4.875029691403644
"Ba(Fe,Co)2As2",iron_pnictide_122,22.0,50.0,4.2,0.1,0.002,H_below_validated_reduced_field,5.746354490991693,5.635326719245767,5.804297695181981
"Ba(Fe,Co)2As2",iron_pnictide_122,22.0,50.0,4.2,1.0,0.02,H_below_validated_reduced_field,5.741794944878735,5.629278976231039,5.800164409013806
"Ba(Fe,Co)2As2",iron_pnictide_122,22.0,50.0,4.2,5.0,0.1,H_below_validated_reduced_field,5.715392733506044,5.598087418893487,5.779744279872412
"Ba(Fe,Co)2As2",iron_pnictide_122,22.0,50.0,20.0,0.1,0.002,H_below_validated_reduced_field,3.9739826449875375,3.3376673231202845,4.261813532157063
"Ba(Fe,Co)2As2",iron_pnictide_122,22.0,50.0,20.0,1.0,0.02,H_below_validated_reduced_field,3.9683568958773754,3.331630147984142,4.255534915532441
"Ba(Fe,Co)2As2",iron_pnictide_122,22.0,50.0,20.0,5.0,0.1,H_below_validated_reduced_field,3.9441294064870087,3.307184763084997,4.231180498763752
"Ba(Fe,Co)2As2",iron_pnictide_122,22.0,50.0,16.94,0.1,0.002,H_below_validated_reduced_field,4.716523374147064,4.345160837149249,4.900117458244485
"Ba(Fe,Co)2As2",iron_pnictide_122,22.0,50.0,16.94,1.0,0.02,H_below_validated_reduced_field,4.71128310571376,4.3406566893028105,4.895187402969868
"Ba(Fe,Co)2As2",iron_pnictide_122,22.0,50.0,16.94,5.0,0.1,H_below_validated_reduced_field,4.686660885306378,4.319611936247538,4.87299878671193
"Ba(Fe,Co)2As2",iron_pnictide_122,22.0,50.0,4.2,0.1,0.002,H_below_validated_reduced_field,5.746354490991693,5.635326719245767,5.80286845255883
"Ba(Fe,Co)2As2",iron_pnictide_122,22.0,50.0,4.2,1.0,0.02,H_below_validated_reduced_field,5.741601371428844,5.629477389017176,5.798166162363851
"Ba(Fe,Co)2As2",iron_pnictide_122,22.0,50.0,4.2,5.0,0.1,H_below_validated_reduced_field,5.715833816790853,5.5992299240929,5.779085292914403
"Ba(Fe,Co)2As2",iron_pnictide_122,22.0,50.0,20.0,0.1,0.002,H_below_validated_reduced_field,3.980488904225547,3.354521217306623,4.264393085196215
"Ba(Fe,Co)2As2",iron_pnictide_122,22.0,50.0,20.0,1.0,0.02,H_below_validated_reduced_field,3.97489584574935,3.345542427788025,4.259926914700246
"Ba(Fe,Co)2As2",iron_pnictide_122,22.0,50.0,20.0,5.0,0.1,H_below_validated_reduced_field,3.951895078050079,3.3201845374926,4.237827136694417
"Ba(Fe,Co)2As2",iron_pnictide_122,22.0,50.0,16.94,0.1,0.002,H_below_validated_reduced_field,4.7175301456730345,4.354765566127099,4.902204544754011
"Ba(Fe,Co)2As2",iron_pnictide_122,22.0,50.0,16.94,1.0,0.02,H_below_validated_reduced_field,4.713402083844011,4.352062040557814,4.898391247842929
"Ba(Fe,Co)2As2",iron_pnictide_122,22.0,50.0,16.94,5.0,0.1,H_below_validated_reduced_field,4.690780845776628,4.330783988880622,4.877674352647359
"Ba(Fe,Co)2As2",iron_pnictide_122,22.0,50.0,4.2,0.1,0.002,H_below_validated_reduced_field,5.746354490991693,5.635326719245767,5.804297695181981
"Ba(Fe,Co)2As2",iron_pnictide_122,22.0,50.0,4.2,1.0,0.02,H_below_validated_reduced_field,5.741937693097867,5.631409859572171,5.800272506712911
"Ba(Fe,Co)2As2",iron_pnictide_122,22.0,50.0,4.2,5.0,0.1,H_below_validated_reduced_field,5.716128941739685,5.600726102061265,5.780596949122076
"Ba(Fe,Co)2As2",iron_pnictide_122,22.0,50.0,20.0,0.1,0.002,H_below_validated_reduced_field,3.9739826457825216,3.3377279993218214,4.260470095220109
"Ba(Fe,Co)2As2",iron_pnictide_122,22.0,50.0,20.0,1.0,0.02,H_below_validated_reduced_field,3.967311066933612,3.3315011546593887,4.254676653963465
"Ba(Fe,Co)2As2",iron_pnictide_122,22.0,50.0,20.0,5.0,0.1,H_below_validated_reduced_field,3.94443770690696,3.312466095126384,4.231957682423164
"Ba(Fe,Co)2As2",iron_pnictide_122,22.0,50.0,16.94,0.1,0.002,H_below_validated_reduced_field,4.71637668693619,4.352673771120094,4.900117445421096
"Ba(Fe,Co)2As2",iron_pnictide_122,22.0,50.0,16.94,1.0,0.02,H_below_validated_reduced_field,4.710674045635493,4.347430875644396,4.895366361942523
"Ba(Fe,Co)2As2",iron_pnictide_122,22.0,50.0,16.94,5.0,0.1,H_below_validated_reduced_field,4.686733020559048,4.325505276459234,4.872192507873352
"Ba(Fe,Co)2As2",iron_pnictide_122,22.0,50.0,4.2,0.1,0.002,H_below_validated_reduced_field,5.746354490991693,5.635326719245767,5.813389291270404
"Ba(Fe,Co)2As2",iron_pnictide_122,22.0,50.0,4.2,1.0,0.02,H_below_validated_reduced_field,5.741472784871311,5.631077087781853,5.802318003686846
"Ba(Fe,Co)2As2",iron_pnictide_122,22.0,50.0,4.2,5.0,0.1,H_below_validated_reduced_field,5.714178328639415,5.600822011793873,5.784972109947273
"Ba(Fe,Co)2As2",iron_pnictide_122,22.0,50.0,20.0,0.1,0.002,H_below_validated_reduced_field,3.9746441513810313,3.319798306120732,4.26045615272749
"Ba(Fe,Co)2As2",iron_pnictide_122,22.0,50.0,20.0,1.0,0.02,H_below_validated_reduced_field,3.969192060098417,3.315705880550436,4.255488749693774
"Ba(Fe,Co)2As2",iron_pnictide_122,22.0,50.0,20.0,5.0,0.1,H_below_validated_reduced_field,3.945910580435616,3.293202142024952,4.229427999830144
"Ba(Fe,Co)2As2",iron_pnictide_122,22.0,50.0,16.94,0.1,0.002,H_below_validated_reduced_field,4.71637668693619,4.336525619221918,4.898827670148903
"Ba(Fe,Co)2As2",iron_pnictide_122,22.0,50.0,16.94,1.0,0.02,H_below_validated_reduced_field,4.711855559912184,4.33189684449052,4.894400664125328
"Ba(Fe,Co)2As2",iron_pnictide_122,22.0,50.0,16.94,5.0,0.1,H_below_validated_reduced_field,4.688515212108931,4.307237906104547,4.870762288751774
"Ba(Fe,Co)2As2",iron_pnictide_122,22.0,50.0,4.2,0.1,0.002,H_below_validated_reduced_field,5.746354490991693,5.635326719245767,5.813389291270404
"Ba(Fe,Co)2As2",iron_pnictide_122,22.0,50.0,4.2,1.0,0.02,H_below_validated_reduced_field,5.741095917472194,5.631409631675387,5.8075399610418135
"Ba(Fe,Co)2As2",iron_pnictide_122,22.0,50.0,4.2,5.0,0.1,H_below_validated_reduced_field,5.714426985660092,5.6007539703026845,5.785221903137696
"Ba(Fe,Co)2As2",iron_pnictide_122,22.0,50.0,20.0,0.1,0.002,H_below_validated_reduced_field,3.97845521780554,3.3319226916104103,4.250920226302985
"Ba(Fe,Co)2As2",iron_pnictide_122,22.0,50.0,20.0,1.0,0.02,H_below_validated_reduced_field,3.9729427048875134,3.3260615812698964,4.246686930028213
"Ba(Fe,Co)2As2",iron_pnictide_122,22.0,50.0,20.0,5.0,0.1,H_below_validated_reduced_field,3.947556637763312,3.3062866763967755,4.225436733574869
"Ba(Fe,Co)2As2",iron_pnictide_122,22.0,50.0,16.94,0.1,0.002,H_below_validated_reduced_field,4.718932527525396,4.348404803991501,4.89530227073589
"Ba(Fe,Co)2As2",iron_pnictide_122,22.0,50.0,16.94,1.0,0.02,H_below_validated_reduced_field,4.713884908499539,4.343456428201149,4.890050342408242
"Ba(Fe,Co)2As2",iron_pnictide_122,22.0,50.0,16.94,5.0,0.1,H_below_validated_reduced_field,4.689976170869583,4.322204444045629,4.8681385768985095
"Ba(Fe,Co)2As2",iron_pnictide_122,22.0,50.0,4.2,0.1,0.002,H_below_validated_reduced_field,5.746354490991693,5.635326719245767,5.804297695181981
"Ba(Fe,Co)2As2",iron_pnictide_122,22.0,50.0,4.2,1.0,0.02,H_below_validated_reduced_field,5.741686674181285,5.63065355520261,5.798917819512779
"Ba(Fe,Co)2As2",iron_pnictide_122,22.0,50.0,4.2,5.0,0.1,H_below_validated_reduced_field,5.715919385856288,5.600726102061265,5.779575122626036
"Ba(Fe,Co)2As2",iron_pnictide_122,22.0,50.0,20.0,0.1,0.002,H_below_validated_reduced_field,3.980488904225547,3.311848709777765,4.260860652174764
"Ba(Fe,Co)2As2",iron_pnictide_122,22.0,50.0,20.0,1.0,0.02,H_below_validated_reduced_field,3.974860442559023,3.3071373829453057,4.255143892740343
"Ba(Fe,Co)2As2",iron_pnictide_122,22.0,50.0,20.0,5.0,0.1,H_below_validated_reduced_field,3.950594841208087,3.2817875691572294,4.228791332958006
"Ba(Fe,Co)2As2",iron_pnictide_122,22.0,50.0,16.94,0.1,0.002,H_below_validated_reduced_field,4.719605452829709,4.333850394293044,4.900117449791791
"Ba(Fe,Co)2As2",iron_pnictide_122,22.0,50.0,16.94,1.0,0.02,H_below_validated_reduced_field,4.714883290452425,4.328897194976462,4.894543130108686
"Ba(Fe,Co)2As2",iron_pnictide_122,22.0,50.0,16.94,5.0,0.1,H_below_validated_reduced_field,4.691837010717981,4.308814189042047,4.873301519586939
"Ba(Fe,Co)2As2",iron_pnictide_122,22.0,50.0,4.2,0.1,0.002,H_below_validated_reduced_field,5.746354490991693,5.635326719245767,5.813389291270404
"Ba(Fe,Co)2As2",iron_pnictide_122,22.0,50.0,4.2,1.0,0.02,H_below_validated_reduced_field,5.740902344022302,5.629460607153749,5.807152814142032
"Ba(Fe,Co)2As2",iron_pnictide_122,22.0,50.0,4.2,5.0,0.1,H_below_validated_reduced_field,5.713615873229743,5.596400637151457,5.783528120845082
"Ba(Fe,Co)2As2",iron_pnictide_122,22.0,50.0,20.0,0.1,0.002,H_below_validated_reduced_field,3.972277212589029,3.34587751408378,4.261813516964949
"Ba(Fe,Co)2As2",iron_pnictide_122,22.0,50.0,20.0,1.0,0.02,H_below_validated_reduced_field,3.966451059279138,3.3397486552964386,4.255964194509773
"Ba(Fe,Co)2As2",iron_pnictide_122,22.0,50.0,20.0,5.0,0.1,H_below_validated_reduced_field,3.9431501067080665,3.316661708125856,4.233117161354375
"Ba(Fe,Co)2As2",iron_pnictide_122,22.0,50.0,16.94,0.1,0.002,H_below_validated_reduced_field,4.716523374147064,4.354765566127099,4.900118474389754
"Ba(Fe,Co)2As2",iron_pnictide_122,22.0,50.0,16.94,1.0,0.02,H_below_validated_reduced_field,4.711356450177707,4.351376361975811,4.89647577693666
"Ba(Fe,Co)2As2",iron_pnictide_122,22.0,50.0,16.94,5.0,0.1,H_below_validated_reduced_field,4.686619782480846,4.323758772712482,4.875174740699768
"Ba(Fe,Co)2As2",iron_pnictide_122,22.0,50.0,4.2,0.1,0.002,H_below_validated_reduced_field,5.746354490991693,5.635326719245767,5.802831805312083
"Ba(Fe,Co)2As2",iron_pnictide_122,22.0,50.0,4.2,1.0,0.02,H_below_validated_reduced_field,5.741095917472194,5.631678160819556,5.797972927720905
"Ba(Fe,Co)2As2",iron_pnictide_122,22.0,50.0,4.2,5.0,0.1,H_below_validated_reduced_field,5.71371497840829,5.603678963195124,5.777801897777431
"Ba(Fe,Co)2As2",iron_pnictide_122,22.0,50.0,20.0,0.1,0.002,H_below_validated_reduced_field,3.97420622986626,3.324127330720912,4.252711014517114
"Ba(Fe,Co)2As2",iron_pnictide_122,22.0,50.0,20.0,1.0,0.02,H_below_validated_reduced_field,3.9691045384700776,3.3172935955032314,4.2485622225619375
"Ba(Fe,Co)2As2",iron_pnictide_122,22.0,50.0,20.0,5.0,0.1,H_below_validated_reduced_field,3.946226241974905,3.294298380058559,4.228361531653074
"Ba(Fe,Co)2As2",iron_pnictide_122,22.0,50.0,16.94,0.1,0.002,H_below_validated_reduced_field,4.71704232524743,4.342380954114396,4.895890242056062
"Ba(Fe,Co)2As2",iron_pnictide_122,22.0,50.0,16.94,1.0,0.02,H_below_validated_reduced_field,4.7125109668125695,4.335784269131056,4.88998148486089
"Ba(Fe,Co)2As2",iron_pnictide_122,22.0,50.0,16.94,5.0,0.1,H_below_validated_reduced_field,4.687579094440362,4.311089831169731,4.870511185080526
"Ba(Fe,Co)2As2",iron_pnictide_122,22.0,50.0,4.2,0.1,0.002,H_below_validated_reduced_field,5.746354490991693,5.635326719245767,5.804297695181981
"Ba(Fe,Co)2As2",iron_pnictide_122,22.0,50.0,4.2,1.0,0.02,H_below_validated_reduced_field,5.740214800588266,5.629467710344682,5.800090290467692
"Ba(Fe,Co)2As2",iron_pnictide_122,22.0,50.0,4.2,5.0,0.1,H_below_validated_reduced_field,5.7122284483701655,5.598175428682214,5.7807176278254495
"Ba(Fe,Co)2As2",iron_pnictide_122,22.0,50.0,20.0,0.1,0.002,H_below_validated_reduced_field,3.97420622986626,3.3362019913207326,4.253079363534689
"Ba(Fe,Co)2As2",iron_pnictide_122,22.0,50.0,20.0,1.0,0.02,H_below_validated_reduced_field,3.9694411590481753,3.3295300388121607,4.247496949375131
"Ba(Fe,Co)2As2",iron_pnictide_122,22.0,50.0,20.0,5.0,0.1,H_below_validated_reduced_field,3.94575988826412,3.3033641699873115,4.226920336666785
"Ba(Fe,Co)2As2",iron_pnictide_122,22.0,50.0,16.94,0.1,0.002,H_below_validated_reduced_field,4.716523377581102,4.344734050891507,4.898827661305464
"Ba(Fe,Co)2As2",iron_pnictide_122,22.0,50.0,16.94,1.0,0.02,H_below_validated_reduced_field,4.711855560770694,4.3396062998061495,4.8921817202365645
"Ba(Fe,Co)2As2",iron_pnictide_122,22.0,50.0,16.94,5.0,0.1,H_below_validated_reduced_field,4.688447734399112,4.317282095850895,4.872231964775443
"Ba(Fe,Co)2As2",iron_pnictide_122,22.0,50.0,4.2,0.1,0.002,H_below_validated_reduced_field,5.746354490991693,5.616253626881896,5.802165025000917
"Ba(Fe,Co)2As2",iron_pnictide_122,22.0,50.0,4.2,1.0,0.02,H_below_validated_reduced_field,5.740505160763102,5.612219708245731,5.795156833147564
"Ba(Fe,Co)2As2",iron_pnictide_122,22.0,50.0,4.2,5.0,0.1,H_below_validated_reduced_field,5.713053417820071,5.593864601160592,5.777515186497339
"Ba(Fe,Co)2As2",iron_pnictide_122,22.0,50.0,20.0,0.1,0.002,H_below_validated_reduced_field,3.974641679902293,3.324618479954533,4.261813516964949
"Ba(Fe,Co)2As2",iron_pnictide_122,22.0,50.0,20.0,1.0,0.02,H_below_validated_reduced_field,3.969679176809239,3.3209553145744333,4.25617775333853
"Ba(Fe,Co)2As2",iron_pnictide_122,22.0,50.0,20.0,5.0,0.1,H_below_validated_reduced_field,3.945588628046562,3.299200606106872,4.23441912022429
"Ba(Fe,Co)2As2",iron_pnictide_122,22.0,50.0,16.94,0.1,0.002,H_below_validated_reduced_field,4.7158618169928825,4.342599742099698,4.901411995160354
"Ba(Fe,Co)2As2",iron_pnictide_122,22.0,50.0,16.94,1.0,0.02,H_below_validated_reduced_field,4.711229401263529,4.337798623194117,4.897798855544189
"Ba(Fe,Co)2As2",iron_pnictide_122,22.0,50.0,16.94,5.0,0.1,H_below_validated_reduced_field,4.686537050732705,4.314284195779077,4.876608062514271
"Ba(Fe,Co)2As2",iron_pnictide_122,22.0,50.0,4.2,0.1,0.002,H_below_validated_reduced_field,5.746354490991693,5.635326719245767,5.804297695181981
"Ba(Fe,Co)2As2",iron_pnictide_122,22.0,50.0,4.2,1.0,0.02,H_below_validated_reduced_field,5.740505160763102,5.631678160819556,5.800649374112028
"Ba(Fe,Co)2As2",iron_pnictide_122,22.0,50.0,4.2,5.0,0.1,H_below_validated_reduced_field,5.713137201544459,5.601579858090218,5.781439564473237
"Ba(Fe,Co)2As2",iron_pnictide_122,22.0,50.0,20.0,0.1,0.002,H_below_validated_reduced_field,3.974644206370741,3.337673535043297,4.261813517154851
"Ba(Fe,Co)2As2",iron_pnictide_122,22.0,50.0,20.0,1.0,0.02,H_below_validated_reduced_field,3.970674569638071,3.33459375781314,4.25647902074379
"Ba(Fe,Co)2As2",iron_pnictide_122,22.0,50.0,20.0,5.0,0.1,H_below_validated_reduced_field,3.947789630421732,3.3057559076750054,4.23252208214581
"Ba(Fe,Co)2As2",iron_pnictide_122,22.0,50.0,16.94,0.1,0.002,H_below_validated_reduced_field,4.717342730223301,4.351492708510919,4.901407229536729
"Ba(Fe,Co)2As2",iron_pnictide_122,22.0,50.0,16.94,1.0,0.02,H_below_validated_reduced_field,4.713298057768547,4.344908909601349,4.896470538800519
"Ba(Fe,Co)2As2",iron_pnictide_122,22.0,50.0,16.94,5.0,0.1,H_below_validated_reduced_field,4.689883491309345,4.320348638250374,4.87502420506527
"Ba(Fe,Co)2As2",iron_pnictide_122,22.0,50.0,4.2,0.1,0.002,H_below_validated_reduced_field,5.746354490991693,5.614582757298319,5.804297695181981
"Ba(Fe,Co)2As2",iron_pnictide_122,22.0,50.0,4.2,1.0,0.02,H_below_validated_reduced_field,5.741343504700187,5.611413949026288,5.799631778961625
"Ba(Fe,Co)2As2",iron_pnictide_122,22.0,50.0,4.2,5.0,0.1,H_below_validated_reduced_field,5.713730810602755,5.593839370150106,5.779085292914403
"Ba(Fe,Co)2As2",iron_pnictide_122,22.0,50.0,20.0,0.1,0.002,H_below_validated_reduced_field,3.97845521780554,3.323748887980984,4.264393092969629
"Ba(Fe,Co)2As2",iron_pnictide_122,22.0,50.0,20.0,1.0,0.02,H_below_validated_reduced_field,3.973735787454471,3.3171383307826825,4.259720854505932
"Ba(Fe,Co)2As2",iron_pnictide_122,22.0,50.0,20.0,5.0,0.1,H_below_validated_reduced_field,3.950276678507622,3.293248615715485,4.23659457655216
"Ba(Fe,Co)2As2",iron_pnictide_122,22.0,50.0,16.94,0.1,0.002,H_below_validated_reduced_field,4.719075931260153,4.344509798320352,4.901412003120252
"Ba(Fe,Co)2As2",iron_pnictide_122,22.0,50.0,16.94,1.0,0.02,H_below_validated_reduced_field,4.713981436584975,4.340488973592968,4.89768536204162
"Ba(Fe,Co)2As2",iron_pnictide_122,22.0,50.0,16.94,5.0,0.1,H_below_validated_reduced_field,4.690996913485241,4.314425386021283,4.876458231757958
FeSe,iron_chalcogenide_11,14.0,16.0,4.2,0.1,0.00625,H_below_validated_reduced_field,5.99788020316565,5.957696909341225,6.176213825966855
FeSe,iron_chalcogenide_11,14.0,16.0,4.2,1.0,0.0625,H_below_validated_reduced_field,5.964921317615044,5.927106386305676,6.140895968442644
FeSe,iron_chalcogenide_11,14.0,16.0,4.2,5.0,0.3125,family_fails_field_axis_validation,5.794483122214318,5.732948166275349,5.976424202724572
FeSe,iron_chalcogenide_11,14.0,16.0,10.78,0.1,0.00625,H_below_validated_reduced_field,5.636525096879788,5.520750735634983,5.815745398222314
FeSe,iron_chalcogenide_11,14.0,16.0,10.78,1.0,0.0625,H_below_validated_reduced_field,5.600817259319144,5.486060523716291,5.781940912003591
FeSe,iron_chalcogenide_11,14.0,16.0,10.78,5.0,0.3125,family_fails_field_axis_validation,5.416317061371261,5.291554623199873,5.610417603986274
FeSe,iron_chalcogenide_11,14.0,16.0,4.2,0.1,0.00625,H_below_validated_reduced_field,5.99788020316565,5.9654169680036055,6.176213825966855
FeSe,iron_chalcogenide_11,14.0,16.0,4.2,1.0,0.0625,H_below_validated_reduced_field,5.964861545692122,5.929414599932982,6.141453891122734
FeSe,iron_chalcogenide_11,14.0,16.0,4.2,5.0,0.3125,family_fails_field_axis_validation,5.794416078343932,5.734702208800174,5.977389656537481
FeSe,iron_chalcogenide_11,14.0,16.0,10.78,0.1,0.00625,H_below_validated_reduced_field,5.637508879717117,5.521875956972551,5.813517721612255
FeSe,iron_chalcogenide_11,14.0,16.0,10.78,1.0,0.0625,H_below_validated_reduced_field,5.602425966668249,5.487909307887803,5.780431029557829
FeSe,iron_chalcogenide_11,14.0,16.0,10.78,5.0,0.3125,family_fails_field_axis_validation,5.419354766589613,5.2935749341785225,5.61214917319271
FeSe,iron_chalcogenide_11,14.0,16.0,4.2,0.1,0.00625,H_below_validated_reduced_field,5.99788020316565,5.9654169680036055,6.176213825966855
FeSe,iron_chalcogenide_11,14.0,16.0,4.2,1.0,0.0625,H_below_validated_reduced_field,5.96530304716595,5.929952325403831,6.1421549292514985
FeSe,iron_chalcogenide_11,14.0,16.0,4.2,5.0,0.3125,family_fails_field_axis_validation,5.794864851765224,5.737769662960171,5.977891719638175
FeSe,iron_chalcogenide_11,14.0,16.0,10.78,0.1,0.00625,H_below_validated_reduced_field,5.637890609268023,5.524846728468924,5.816033367293775
FeSe,iron_chalcogenide_11,14.0,16.0,10.78,1.0,0.0625,H_below_validated_reduced_field,5.605874475839995,5.489432973479019,5.785799229621
FeSe,iron_chalcogenide_11,14.0,16.0,10.78,5.0,0.3125,family_fails_field_axis_validation,5.421059319570247,5.296512027525791,5.6135675865308645
FeSe,iron_chalcogenide_11,14.0,16.0,4.2,0.1,0.00625,H_below_validated_reduced_field,5.99788020316565,5.9654169680036055,6.182974719014479
FeSe,iron_chalcogenide_11,14.0,16.0,4.2,1.0,0.0625,H_below_validated_reduced_field,5.965741662794924,5.929952325403831,6.15737181135246
FeSe,iron_chalcogenide_11,14.0,16.0,4.2,5.0,0.3125,family_fails_field_axis_validation,5.797523676981746,5.736025170582753,5.985116660515169
FeSe,iron_chalcogenide_11,14.0,16.0,10.78,0.1,0.00625,H_below_validated_reduced_field,5.637491723290794,5.521722133972325,5.823951783306731
FeSe,iron_chalcogenide_11,14.0,16.0,10.78,1.0,0.0625,H_below_validated_reduced_field,5.602760730674412,5.4883822535574405,5.79014019676212
FeSe,iron_chalcogenide_11,14.0,16.0,10.78,5.0,0.3125,family_fails_field_axis_validation,5.420625220473831,5.293219189258295,5.619762161513845
FeTeSe,iron_chalcogenide_11,14.0,47.0,4.2,0.1,0.002127659574468085,H_below_validated_reduced_field,5.99788020316565,5.9654169680036055,6.176213825966855
FeTeSe,iron_chalcogenide_11,14.0,47.0,4.2,1.0,0.02127659574468085,H_below_validated_reduced_field,5.98660523017868,5.953285266981048,6.164445101339369
FeTeSe,iron_chalcogenide_11,14.0,47.0,4.2,5.0,0.10638297872340426,H_below_validated_reduced_field,5.936826253696603,5.898255002298896,6.110521930498953
FeTeSe,iron_chalcogenide_11,14.0,47.0,10.78,0.1,0.002127659574468085,H_below_validated_reduced_field,5.636819627389768,5.521875956972551,5.813076426234761
FeTeSe,iron_chalcogenide_11,14.0,47.0,10.78,1.0,0.02127659574468085,H_below_validated_reduced_field,5.625009436765961,5.512114740066548,5.801366969737514
FeTeSe,iron_chalcogenide_11,14.0,47.0,10.78,5.0,0.10638297872340426,H_below_validated_reduced_field,5.570052885337363,5.4554454675409225,5.747994685298288
FeTeSe,iron_chalcogenide_11,14.0,47.0,4.2,0.1,0.002127659574468085,H_below_validated_reduced_field,5.99788020316565,5.9654169680036055,6.176213825966855
FeTeSe,iron_chalcogenide_11,14.0,47.0,4.2,1.0,0.02127659574468085,H_below_validated_reduced_field,5.986536071087868,5.953266216108747,6.164654423743214
FeTeSe,iron_chalcogenide_11,14.0,47.0,4.2,5.0,0.10638297872340426,H_below_validated_reduced_field,5.936015890553638,5.896833824647631,6.111742829088207
FeTeSe,iron_chalcogenide_11,14.0,47.0,10.78,0.1,0.002127659574468085,H_below_validated_reduced_field,5.636819627389768,5.521867750767537,5.81357322971653
FeTeSe,iron_chalcogenide_11,14.0,47.0,10.78,1.0,0.02127659574468085,H_below_validated_reduced_field,5.625181211319753,5.511907154708722,5.803481710042554
FeTeSe,iron_chalcogenide_11,14.0,47.0,10.78,5.0,0.10638297872340426,H_below_validated_reduced_field,5.570424475992869,5.455872856898683,5.754307435036096
FeTeSe,iron_chalcogenide_11,14.0,47.0,4.2,0.1,0.002127659574468085,H_below_validated_reduced_field,5.99788020316565,5.9654169680036055,6.176213825966855
FeTeSe,iron_chalcogenide_11,14.0,47.0,4.2,1.0,0.02127659574468085,H_below_validated_reduced_field,5.986745393491715,5.952677718839859,6.164421306103224
FeTeSe,iron_chalcogenide_11,14.0,47.0,4.2,5.0,0.10638297872340426,H_below_validated_reduced_field,5.936577059920655,5.896326837719072,6.109190849033613
FeTeSe,iron_chalcogenide_11,14.0,47.0,10.78,0.1,0.002127659574468085,H_below_validated_reduced_field,5.63769974449257,5.524305903507215,5.813517722416956
FeTeSe,iron_chalcogenide_11,14.0,47.0,10.78,1.0,0.02127659574468085,H_below_validated_reduced_field,5.625981932630614,5.512623628437431,5.802996518890121
FeTeSe,iron_chalcogenide_11,14.0,47.0,10.78,5.0,0.10638297872340426,H_below_validated_reduced_field,5.573402736867347,5.456095574351585,5.751529830684062
FeTeSe,iron_chalcogenide_11,14.0,47.0,4.2,0.1,0.002127659574468085,H_below_validated_reduced_field,5.99788020316565,5.9654169680036055,6.176213825966855
FeTeSe,iron_chalcogenide_11,14.0,47.0,4.2,1.0,0.02127659574468085,H_below_validated_reduced_field,5.986516292539188,5.952776193297033,6.164469659361897
FeTeSe,iron_chalcogenide_11,14.0,47.0,4.2,5.0,0.10638297872340426,H_below_validated_reduced_field,5.936015890553638,5.896833824647631,6.111371588191375
FeTeSe,iron_chalcogenide_11,14.0,47.0,10.78,0.1,0.002127659574468085,H_below_validated_reduced_field,5.637474566864471,5.520782218796533,5.816033367293775
FeTeSe,iron_chalcogenide_11,14.0,47.0,10.78,1.0,0.02127659574468085,H_below_validated_reduced_field,5.625727803546195,5.509904016026176,5.805061075930526
FeTeSe,iron_chalcogenide_11,14.0,47.0,10.78,5.0,0.10638297872340426,H_below_validated_reduced_field,5.572103281412395,5.455029841627593,5.755477713364179
FeTeSe,iron_chalcogenide_11,14.0,47.0,4.2,0.1,0.002127659574468085,H_below_validated_reduced_field,5.99788020316565,5.963698291130914,6.176213825966855
FeTeSe,iron_chalcogenide_11,14.0,47.0,4.2,1.0,0.02127659574468085,H_below_validated_reduced_field,5.986554528716262,5.952408741723336,6.16424188502048
FeTeSe,iron_chalcogenide_11,14.0,47.0,4.2,5.0,0.10638297872340426,H_below_validated_reduced_field,5.936137001369254,5.896218342855335,6.109329837805081
FeTeSe,iron_chalcogenide_11,14.0,47.0,10.78,0.1,0.002127659574468085,H_below_validated_reduced_field,5.637491723290794,5.52075073583271,5.822217973012442
FeTeSe,iron_chalcogenide_11,14.0,47.0,10.78,1.0,0.02127659574468085,H_below_validated_reduced_field,5.625727803546195,5.509934091021255,5.8104730436211005
FeTeSe,iron_chalcogenide_11,14.0,47.0,10.78,5.0,0.10638297872340426,H_below_validated_reduced_field,5.572050763229379,5.45557210577595,5.757289988293781
FeTeSe,iron_chalcogenide_11,14.0,47.0,4.2,0.1,0.002127659574468085,H_below_validated_reduced_field,5.99788020316565,5.9654169680036055,6.176213825966855
FeTeSe,iron_chalcogenide_11,14.0,47.0,4.2,1.0,0.02127659574468085,H_below_validated_reduced_field,5.987002243956123,5.953623838005714,6.16746729416808
FeTeSe,iron_chalcogenide_11,14.0,47.0,4.2,5.0,0.10638297872340426,H_below_validated_reduced_field,5.939009036729689,5.898393991070364,6.117282823546577
FeTeSe,iron_chalcogenide_11,14.0,47.0,10.78,0.1,0.002127659574468085,H_below_validated_reduced_field,5.63769974449257,5.5266534228462,5.824436729760235
FeTeSe,iron_chalcogenide_11,14.0,47.0,10.78,1.0,0.02127659574468085,H_below_validated_reduced_field,5.62728805139567,5.514797303377697,5.813683764023367
FeTeSe,iron_chalcogenide_11,14.0,47.0,10.78,5.0,0.10638297872340426,H_below_validated_reduced_field,5.576882810587236,5.458415706405187,5.761498512868876
FeTeSe,iron_chalcogenide_11,14.0,47.0,4.2,0.1,0.002127659574468085,H_below_validated_reduced_field,5.99788020316565,5.9654169680036055,6.176213825966855
FeTeSe,iron_chalcogenide_11,14.0,47.0,4.2,1.0,0.02127659574468085,H_below_validated_reduced_field,5.986554528716262,5.952946695956383,6.164655033877475
FeTeSe,iron_chalcogenide_11,14.0,47.0,4.2,5.0,0.10638297872340426,H_below_validated_reduced_field,5.936137001369254,5.89564173195376,6.1111868187511496
FeTeSe,iron_chalcogenide_11,14.0,47.0,10.78,0.1,0.002127659574468085,H_below_validated_reduced_field,5.636305996762463,5.521875956972551,5.81752419927323
FeTeSe,iron_chalcogenide_11,14.0,47.0,10.78,1.0,0.02127659574468085,H_below_validated_reduced_field,5.624736882237452,5.512273963809273,5.810212959026463
FeTeSe,iron_chalcogenide_11,14.0,47.0,10.78,5.0,0.10638297872340426,H_below_validated_reduced_field,5.569493511064088,5.45687447025424,5.758425125804669
FeTeSe,iron_chalcogenide_11,14.0,47.0,4.2,0.1,0.002127659574468085,H_below_validated_reduced_field,5.99788020316565,5.9654169680036055,6.176213825966855
FeTeSe,iron_chalcogenide_11,14.0,47.0,4.2,1.0,0.02127659574468085,H_below_validated_reduced_field,5.986830077527817,5.953623838005714,6.164445711473629
FeTeSe,iron_chalcogenide_11,14.0,47.0,4.2,5.0,0.10638297872340426,H_below_validated_reduced_field,5.937207983247509,5.899042895215273,6.110521930498953
FeTeSe,iron_chalcogenide_11,14.0,47.0,10.78,0.1,0.002127659574468085,H_below_validated_reduced_field,5.63769974449257,5.524846728468924,5.816033367293775
FeTeSe,iron_chalcogenide_11,14.0,47.0,10.78,1.0,0.02127659574468085,H_below_validated_reduced_field,5.6269780850882825,5.513089080095891,5.804311923628885
FeTeSe,iron_chalcogenide_11,14.0,47.0,10.78,5.0,0.10638297872340426,H_below_validated_reduced_field,5.574588295169893,5.45668000909629,5.752560910621427
CaFe2As2,iron_pnictide_122,22.0,50.0,4.2,0.1,0.002,H_below_validated_reduced_field,5.746354490991693,5.636887458490011,5.804964475493147
CaFe2As2,iron_pnictide_122,22.0,50.0,4.2,1.0,0.02,H_below_validated_reduced_field,5.741123670341674,5.631678398175814,5.801091287748635
CaFe2As2,iron_pnictide_122,22.0,50.0,4.2,5.0,0.1,H_below_validated_reduced_field,5.71371497840829,5.602411934025588,5.782070330673978
CaFe2As2,iron_pnictide_122,22.0,50.0,20.0,0.1,0.002,H_below_validated_reduced_field,3.969957233709324,3.327528227982632,4.258328389996322
CaFe2As2,iron_pnictide_122,22.0,50.0,20.0,1.0,0.02,H_below_validated_reduced_field,3.965954701362133,3.3219665249631984,4.253175814238996
CaFe2As2,iron_pnictide_122,22.0,50.0,20.0,5.0,0.1,H_below_validated_reduced_field,3.944640515714049,3.3007768168093112,4.230778464783143
CaFe2As2,iron_pnictide_122,22.0,50.0,16.94,0.1,0.002,H_below_validated_reduced_field,4.7158618169928825,4.344185807236784,4.898827661414731
CaFe2As2,iron_pnictide_122,22.0,50.0,16.94,1.0,0.02,H_below_validated_reduced_field,4.711364911315953,4.339519389951774,4.893333191843183
CaFe2As2,iron_pnictide_122,22.0,50.0,16.94,5.0,0.1,H_below_validated_reduced_field,4.687060772337789,4.315092671182045,4.872403746000773
CaFe2As2,iron_pnictide_122,22.0,50.0,4.2,0.1,0.002,H_below_validated_reduced_field,5.746354490991693,5.635326719245767,5.802181694508696
CaFe2As2,iron_pnictide_122,22.0,50.0,4.2,1.0,0.02,H_below_validated_reduced_field,5.741095917472194,5.630440173789138,5.798250942988744
CaFe2As2,iron_pnictide_122,22.0,50.0,4.2,5.0,0.1,H_below_validated_reduced_field,5.7133756236118,5.5992299240929,5.778075371428925
CaFe2As2,iron_pnictide_122,22.0,50.0,20.0,0.1,0.002,H_below_validated_reduced_field,3.9784552171084746,3.3454388718137977,4.256190813637556
CaFe2As2,iron_pnictide_122,22.0,50.0,20.0,1.0,0.02,H_below_validated_reduced_field,3.972343851013221,3.3399026849465123,4.250634415236175
CaFe2As2,iron_pnictide_122,22.0,50.0,20.0,5.0,0.1,H_below_validated_reduced_field,3.94967797092842,3.3183560349044363,4.229688197559166
CaFe2As2,iron_pnictide_122,22.0,50.0,16.94,0.1,0.002,H_below_validated_reduced_field,4.716933052820384,4.358700347397904,4.900117445421096
CaFe2As2,iron_pnictide_122,22.0,50.0,16.94,1.0,0.02,H_below_validated_reduced_field,4.712528373287846,4.352393012961524,4.895384044999345
CaFe2As2,iron_pnictide_122,22.0,50.0,16.94,5.0,0.1,H_below_validated_reduced_field,4.690355537671804,4.327246779977406,4.874263187531902
"Ba(Fe,Ru)2As2",iron_pnictide_122,22.0,60.0,4.2,0.1,0.0016666666666666668,H_below_validated_reduced_field,5.746354490991693,5.616253626881896,5.802181694508696
"Ba(Fe,Ru)2As2",iron_pnictide_122,22.0,60.0,4.2,1.0,0.016666666666666666,H_below_validated_reduced_field,5.74198049185465,5.613205647321003,5.797807695371653
"Ba(Fe,Ru)2As2",iron_pnictide_122,22.0,60.0,4.2,5.0,0.08333333333333333,H_below_validated_reduced_field,5.718640052391739,5.599724177739232,5.7827118575395495
"Ba(Fe,Ru)2As2",iron_pnictide_122,22.0,60.0,20.0,0.1,0.0016666666666666668,H_below_validated_reduced_field,3.9681379419595233,3.309612005044337,4.259050723460761
"Ba(Fe,Ru)2As2",iron_pnictide_122,22.0,60.0,20.0,1.0,0.016666666666666666,H_below_validated_reduced_field,3.963301323224029,3.307340502299993,4.254833997062213
"Ba(Fe,Ru)2As2",iron_pnictide_122,22.0,60.0,20.0,5.0,0.08333333333333333,H_below_validated_reduced_field,3.9444920966323913,3.287777643427777,4.234481707110194
"Ba(Fe,Ru)2As2",iron_pnictide_122,22.0,60.0,16.94,0.1,0.0016666666666666668,H_below_validated_reduced_field,4.714141211661214,4.333348926549232,4.900117445530364
"Ba(Fe,Ru)2As2",iron_pnictide_122,22.0,60.0,16.94,1.0,0.016666666666666666,H_below_validated_reduced_field,4.70869677950056,4.327267287647373,4.895586469046164
"Ba(Fe,Ru)2As2",iron_pnictide_122,22.0,60.0,16.94,5.0,0.08333333333333333,H_below_validated_reduced_field,4.688585251827391,4.309477101942757,4.875520591690304
FeTe0.62Se0.38,iron_chalcogenide_11,14.0,47.0,4.2,0.1,0.002127659574468085,H_below_validated_reduced_field,5.99788020316565,5.9654169680036055,6.176213825966855
FeTe0.62Se0.38,iron_chalcogenide_11,14.0,47.0,4.2,1.0,0.02127659574468085,H_below_validated_reduced_field,5.986536071087868,5.953622600713559,6.164266290390885
FeTe0.62Se0.38,iron_chalcogenide_11,14.0,47.0,4.2,5.0,0.10638297872340426,H_below_validated_reduced_field,5.936137001369254,5.8983905163510775,6.109190849033613
FeTe0.62Se0.38,iron_chalcogenide_11,14.0,47.0,10.78,0.1,0.002127659574468085,H_below_validated_reduced_field,5.636819627389768,5.524305903507215,5.817404694127088
FeTe0.62Se0.38,iron_chalcogenide_11,14.0,47.0,10.78,1.0,0.02127659574468085,H_below_validated_reduced_field,5.625050902762282,5.512511598024617,5.806467914247322
FeTe0.62Se0.38,iron_chalcogenide_11,14.0,47.0,10.78,5.0,0.10638297872340426,H_below_validated_reduced_field,5.570287007774277,5.457420771316769,5.754907005300629
FeTe0.61Se0.39,iron_chalcogenide_11,14.0,47.0,4.2,0.1,0.002127659574468085,H_below_validated_reduced_field,5.99788020316565,5.9654169680036055,6.176213825966855
FeTe0.61Se0.39,iron_chalcogenide_11,14.0,47.0,4.2,1.0,0.02127659574468085,H_below_validated_reduced_field,5.987002243956123,5.95328479070924,6.16467882911362
FeTe0.61Se0.39,iron_chalcogenide_11,14.0,47.0,4.2,5.0,0.10638297872340426,H_below_validated_reduced_field,5.939773719449692,5.8977354360995005,6.11415864857939
FeTe0.61Se0.39,iron_chalcogenide_11,14.0,47.0,10.78,0.1,0.002127659574468085,H_below_validated_reduced_field,5.637508879717117,5.521875956972551,5.81941402572789
FeTe0.61Se0.39,iron_chalcogenide_11,14.0,47.0,10.78,1.0,0.02127659574468085,H_below_validated_reduced_field,5.625931019865084,5.512740169768444,5.808742494197001
FeTe0.61Se0.39,iron_chalcogenide_11,14.0,47.0,10.78,5.0,0.10638297872340426,H_below_validated_reduced_field,5.573503061718383,5.456438357009261,5.7553554056353065
FeTe0.61Se0.39,iron_chalcogenide_11,14.0,47.0,4.2,0.1,0.002127659574468085,H_below_validated_reduced_field,5.99788020316565,5.9654169680036055,6.176213825966855
FeTe0.61Se0.39,iron_chalcogenide_11,14.0,47.0,4.2,1.0,0.02127659574468085,H_below_validated_reduced_field,5.986951571644089,5.953619977866262,6.1648881515174665
FeTe0.61Se0.39,iron_chalcogenide_11,14.0,47.0,4.2,5.0,0.10638297872340426,H_below_validated_reduced_field,5.937331260176409,5.898255002298896,6.115087672962724
FeTe0.61Se0.39,iron_chalcogenide_11,14.0,47.0,10.78,0.1,0.002127659574468085,H_below_validated_reduced_field,5.637890609268023,5.525905991090735,5.816033367293775
FeTe0.61Se0.39,iron_chalcogenide_11,14.0,47.0,10.78,1.0,0.02127659574468085,H_below_validated_reduced_field,5.627203514833949,5.514294102304382,5.804241610216527
FeTe0.61Se0.39,iron_chalcogenide_11,14.0,47.0,10.78,5.0,0.10638297872340426,H_below_validated_reduced_field,5.5756126671953625,5.458816358849684,5.751732216860024
FeTe0.61Se0.39,iron_chalcogenide_11,14.0,47.0,4.2,0.1,0.002127659574468085,H_below_validated_reduced_field,5.99788020316565,5.9654169680036055,6.176213825966855
FeTe0.61Se0.39,iron_chalcogenide_11,14.0,47.0,4.2,1.0,0.02127659574468085,H_below_validated_reduced_field,5.986536071087868,5.95328479070924,6.164898882957753
FeTe0.61Se0.39,iron_chalcogenide_11,14.0,47.0,4.2,5.0,0.10638297872340426,H_below_validated_reduced_field,5.9360615709766,5.897926281524145,6.1148015861888245
FeTe0.61Se0.39,iron_chalcogenide_11,14.0,47.0,10.78,0.1,0.002127659574468085,H_below_validated_reduced_field,5.636819627389768,5.521875956972551,5.813517721632373
FeTe0.61Se0.39,iron_chalcogenide_11,14.0,47.0,10.78,1.0,0.02127659574468085,H_below_validated_reduced_field,5.6250631054474844,5.5108148346465065,5.802830627198299
FeTe0.61Se0.39,iron_chalcogenide_11,14.0,47.0,10.78,5.0,0.10638297872340426,H_below_validated_reduced_field,5.570375540377139,5.456682663388436,5.751716667062983
FeTe0.61Se0.39,iron_chalcogenide_11,14.0,47.0,4.2,0.1,0.002127659574468085,H_below_validated_reduced_field,5.99788020316565,5.9654169680036055,6.176213825966855
FeTe0.61Se0.39,iron_chalcogenide_11,14.0,47.0,4.2,1.0,0.02127659574468085,H_below_validated_reduced_field,5.986620755123971,5.953285266981048,6.16424188502048
FeTe0.61Se0.39,iron_chalcogenide_11,14.0,47.0,4.2,5.0,0.10638297872340426,H_below_validated_reduced_field,5.936194718560653,5.897626755274626,6.109329837805081
FeTe0.61Se0.39,iron_chalcogenide_11,14.0,47.0,10.78,0.1,0.002127659574468085,H_below_validated_reduced_field,5.636130375062418,5.521875956972551,5.813076426234761
FeTe0.61Se0.39,iron_chalcogenide_11,14.0,47.0,10.78,1.0,0.02127659574468085,H_below_validated_reduced_field,5.6245123779782205,5.511825286086755,5.80077966821894
FeTe0.61Se0.39,iron_chalcogenide_11,14.0,47.0,10.78,5.0,0.10638297872340426,H_below_validated_reduced_field,5.569657661685058,5.456438994774652,5.748857935341254
FeTe0.61Se0.39,iron_chalcogenide_11,14.0,47.0,4.2,0.1,0.002127659574468085,H_below_validated_reduced_field,5.99788020316565,5.9654169680036055,6.176213825966855
FeTe0.61Se0.39,iron_chalcogenide_11,14.0,47.0,4.2,1.0,0.02127659574468085,H_below_validated_reduced_field,5.986554528716262,5.95304008510067,6.165542696033164
FeTe0.61Se0.39,iron_chalcogenide_11,14.0,47.0,4.2,5.0,0.10638297872340426,H_below_validated_reduced_field,5.936137001369254,5.897375661348583,6.116091600207721
FeTe0.61Se0.39,iron_chalcogenide_11,14.0,47.0,10.78,0.1,0.002127659574468085,H_below_validated_reduced_field,5.637508879717117,5.520750735828146,5.817557272312834
FeTe0.61Se0.39,iron_chalcogenide_11,14.0,47.0,10.78,1.0,0.02127659574468085,H_below_validated_reduced_field,5.625924844093366,5.508810277845595,5.8063700410473125
FeTe0.61Se0.39,iron_chalcogenide_11,14.0,47.0,10.78,5.0,0.10638297872340426,H_below_validated_reduced_field,5.572465382709195,5.453901521866995,5.756484943398134
MgB2,conventional_AlB2,39.0,15.5,4.2,0.1,0.0064516129032258064,H_below_validated_reduced_field,5.652121901343918,5.29332971608345,5.791065446039283
MgB2,conventional_AlB2,39.0,15.5,4.2,1.0,0.06451612903225806,H_below_validated_reduced_field,5.585221250816453,5.216294665686269,5.74082626272841
MgB2,conventional_AlB2,39.0,15.5,20.0,0.1,0.0064516129032258064,H_below_validated_reduced_field,5.329332110305278,4.9074295073873,5.6277593928333305
MgB2,conventional_AlB2,39.0,15.5,20.0,1.0,0.06451612903225806,H_below_validated_reduced_field,5.259777670093304,4.8243355152637175,5.564715705811386
MgB2,conventional_AlB2,39.0,15.5,30.03,0.1,0.0064516129032258064,H_below_validated_reduced_field,4.910811921707008,4.324647282198495,5.4425051260323976
MgB2,conventional_AlB2,39.0,15.5,30.03,1.0,0.06451612903225806,H_below_validated_reduced_field,4.844505368942476,4.270586541336201,5.393417311049787
MgB2,conventional_AlB2,39.0,15.5,4.2,0.1,0.0064516129032258064,H_below_validated_reduced_field,5.652121901343918,5.29332971608345,5.791065446039283
MgB2,conventional_AlB2,39.0,15.5,4.2,1.0,0.06451612903225806,H_below_validated_reduced_field,5.585221250816453,5.218332394757927,5.7398230805545225
MgB2,conventional_AlB2,39.0,15.5,20.0,0.1,0.0064516129032258064,H_below_validated_reduced_field,5.31535194677143,4.908539921423754,5.6277593928333305
MgB2,conventional_AlB2,39.0,15.5,20.0,1.0,0.06451612903225806,H_below_validated_reduced_field,5.258954412452608,4.834980986120899,5.560927136680721
MgB2,conventional_AlB2,39.0,15.5,30.03,0.1,0.0064516129032258064,H_below_validated_reduced_field,4.918850830443564,4.326265715406327,5.4425051260323976
MgB2,conventional_AlB2,39.0,15.5,30.03,1.0,0.06451612903225806,H_below_validated_reduced_field,4.846449460998375,4.275841752534054,5.395086385923642
Ba(Fe1-xCox)2As2,iron_pnictide_122,22.0,50.0,4.2,0.1,0.002,H_below_validated_reduced_field,5.746354490991693,5.635326719245767,5.813389291270404
Ba(Fe1-xCox)2As2,iron_pnictide_122,22.0,50.0,4.2,1.0,0.02,H_below_validated_reduced_field,5.741472784871311,5.629271873040106,5.802552678479633
Ba(Fe1-xCox)2As2,iron_pnictide_122,22.0,50.0,4.2,5.0,0.1,H_below_validated_reduced_field,5.7133756236118,5.598072644560894,5.783592225535076
Ba(Fe1-xCox)2As2,iron_pnictide_122,22.0,50.0,20.0,0.1,0.002,H_below_validated_reduced_field,3.9752724298981534,3.334905350569082,4.262489303109706
Ba(Fe1-xCox)2As2,iron_pnictide_122,22.0,50.0,20.0,1.0,0.02,H_below_validated_reduced_field,3.970761464584164,3.3283150657677893,4.257145715034817
Ba(Fe1-xCox)2As2,iron_pnictide_122,22.0,50.0,20.0,5.0,0.1,H_below_validated_reduced_field,3.947324575829888,3.305831640985199,4.23426162717422
Ba(Fe1-xCox)2As2,iron_pnictide_122,22.0,50.0,16.94,0.1,0.002,H_below_validated_reduced_field,4.716523375864083,4.34843756288331,4.901179313268989
Ba(Fe1-xCox)2As2,iron_pnictide_122,22.0,50.0,16.94,1.0,0.02,H_below_validated_reduced_field,4.7118555581951655,4.3444043461996165,4.896512941174002
Ba(Fe1-xCox)2As2,iron_pnictide_122,22.0,50.0,16.94,5.0,0.1,H_below_validated_reduced_field,4.686856100701702,4.321036355517625,4.875251909852456
Ba(Fe1-xCox)2As2,iron_pnictide_122,22.0,50.0,4.2,0.1,0.002,H_below_validated_reduced_field,5.746354490991693,5.635326719245767,5.804297695181981
Ba(Fe1-xCox)2As2,iron_pnictide_122,22.0,50.0,4.2,1.0,0.02,H_below_validated_reduced_field,5.740505160763102,5.6324240463921456,5.799629878371573
Ba(Fe1-xCox)2As2,iron_pnictide_122,22.0,50.0,4.2,5.0,0.1,H_below_validated_reduced_field,5.713100763529607,5.601968719942043,5.779575122626036
Ba(Fe1-xCox)2As2,iron_pnictide_122,22.0,50.0,20.0,0.1,0.002,H_below_validated_reduced_field,3.974644204878693,3.32413703438091,4.258323482546426
Ba(Fe1-xCox)2As2,iron_pnictide_122,22.0,50.0,20.0,1.0,0.02,H_below_validated_reduced_field,3.969835896742591,3.3194396797350474,4.253657649231202
Ba(Fe1-xCox)2As2,iron_pnictide_122,22.0,50.0,20.0,5.0,0.1,H_below_validated_reduced_field,3.946521337969557,3.2992054503361863,4.230075570598387
Ba(Fe1-xCox)2As2,iron_pnictide_122,22.0,50.0,16.94,0.1,0.002,H_below_validated_reduced_field,4.716523376722593,4.342974353670354,4.900117449791791
Ba(Fe1-xCox)2As2,iron_pnictide_122,22.0,50.0,16.94,1.0,0.02,H_below_validated_reduced_field,4.711894553465927,4.337764980755776,4.895170971583998
Ba(Fe1-xCox)2As2,iron_pnictide_122,22.0,50.0,16.94,5.0,0.1,H_below_validated_reduced_field,4.688069447071388,4.312269778167462,4.874117638407375
Ba(Fe1-xCox)2As2,iron_pnictide_122,22.0,50.0,4.2,0.1,0.002,H_below_validated_reduced_field,5.746354490991693,5.616253626881896,5.804297695181981
Ba(Fe1-xCox)2As2,iron_pnictide_122,22.0,50.0,4.2,1.0,0.02,H_below_validated_reduced_field,5.740902344022302,5.612349461556964,5.800679566306166
Ba(Fe1-xCox)2As2,iron_pnictide_122,22.0,50.0,4.2,5.0,0.1,H_below_validated_reduced_field,5.713137201544459,5.593864601160592,5.781478889795283
Ba(Fe1-xCox)2As2,iron_pnictide_122,22.0,50.0,20.0,0.1,0.002,H_below_validated_reduced_field,3.976024446607184,3.32413703438091,4.259858925133173
Ba(Fe1-xCox)2As2,iron_pnictide_122,22.0,50.0,20.0,1.0,0.02,H_below_validated_reduced_field,3.971160433558408,3.3220375457243727,4.255351512081035
Ba(Fe1-xCox)2As2,iron_pnictide_122,22.0,50.0,20.0,5.0,0.1,H_below_validated_reduced_field,3.947419788805892,3.2997695080098395,4.23118115266137
Ba(Fe1-xCox)2As2,iron_pnictide_122,22.0,50.0,16.94,0.1,0.002,H_below_validated_reduced_field,4.716523376722593,4.340939450760275,4.900117445421096
Ba(Fe1-xCox)2As2,iron_pnictide_122,22.0,50.0,16.94,1.0,0.02,H_below_validated_reduced_field,4.71187704222432,4.334756604050965,4.895361118783881
Ba(Fe1-xCox)2As2,iron_pnictide_122,22.0,50.0,16.94,5.0,0.1,H_below_validated_reduced_field,4.687711667931431,4.315107667242623,4.874539199456493
Ba(Fe1-xCox)2As2,iron_pnictide_122,22.0,50.0,4.2,0.1,0.002,H_below_validated_reduced_field,5.746354490991693,5.634889910891651,5.804297695181981
Ba(Fe1-xCox)2As2,iron_pnictide_122,22.0,50.0,4.2,1.0,0.02,H_below_validated_reduced_field,5.741095917472194,5.619176889893965,5.798983049895145
Ba(Fe1-xCox)2As2,iron_pnictide_122,22.0,50.0,4.2,5.0,0.1,H_below_validated_reduced_field,5.7134244889267976,5.596644506247479,5.780176675174102
Ba(Fe1-xCox)2As2,iron_pnictide_122,22.0,50.0,20.0,0.1,0.002,H_below_validated_reduced_field,3.973694778581363,3.345354286723041,4.259873855854836
Ba(Fe1-xCox)2As2,iron_pnictide_122,22.0,50.0,20.0,1.0,0.02,H_below_validated_reduced_field,3.96678766186463,3.340767510829693,4.254982726777282
Ba(Fe1-xCox)2As2,iron_pnictide_122,22.0,50.0,20.0,5.0,0.1,H_below_validated_reduced_field,3.943426273539498,3.318743344878496,4.233668736359044
Ba(Fe1-xCox)2As2,iron_pnictide_122,22.0,50.0,16.94,0.1,0.002,H_below_validated_reduced_field,4.716153037204999,4.3540770187504965,4.900117445639631
Ba(Fe1-xCox)2As2,iron_pnictide_122,22.0,50.0,16.94,1.0,0.02,H_below_validated_reduced_field,4.711444142855678,4.350839017024106,4.895170761251797
Ba(Fe1-xCox)2As2,iron_pnictide_122,22.0,50.0,16.94,5.0,0.1,H_below_validated_reduced_field,4.687434631968895,4.3288796120708,4.875758074408131
Ba(Fe1-xCox)2As2,iron_pnictide_122,22.0,50.0,4.2,0.1,0.002,H_below_validated_reduced_field,5.746354490991693,5.635326719245767,5.802165025000917
Ba(Fe1-xCox)2As2,iron_pnictide_122,22.0,50.0,4.2,1.0,0.02,H_below_validated_reduced_field,5.740505160763102,5.631026348149498,5.796906451481418
Ba(Fe1-xCox)2As2,iron_pnictide_122,22.0,50.0,4.2,5.0,0.1,H_below_validated_reduced_field,5.71371497840829,5.600818550401028,5.779072733178207
Ba(Fe1-xCox)2As2,iron_pnictide_122,22.0,50.0,20.0,0.1,0.002,H_below_validated_reduced_field,3.974644207067806,3.3551127351963355,4.261813524561006
Ba(Fe1-xCox)2As2,iron_pnictide_122,22.0,50.0,20.0,1.0,0.02,H_below_validated_reduced_field,3.970902502840884,3.351463269452923,4.25602730471189
Ba(Fe1-xCox)2As2,iron_pnictide_122,22.0,50.0,20.0,5.0,0.1,H_below_validated_reduced_field,3.94758595629696,3.3269310899824007,4.231366117537403
Ba(Fe1-xCox)2As2,iron_pnictide_122,22.0,50.0,16.94,0.1,0.002,H_below_validated_reduced_field,4.717666471051823,4.360210629843075,4.898827670046853
Ba(Fe1-xCox)2As2,iron_pnictide_122,22.0,50.0,16.94,1.0,0.02,H_below_validated_reduced_field,4.7128775497168025,4.355508371289693,4.894536720737612
Ba(Fe1-xCox)2As2,iron_pnictide_122,22.0,50.0,16.94,5.0,0.1,H_below_validated_reduced_field,4.68928170163733,4.33450077917127,4.872543622467431
Ba(Fe1-xCox)2As2,iron_pnictide_122,22.0,50.0,4.2,0.1,0.002,H_below_validated_reduced_field,5.746354490991693,5.635326719245767,5.802181694508696
Ba(Fe1-xCox)2As2,iron_pnictide_122,22.0,50.0,4.2,1.0,0.02,H_below_validated_reduced_field,5.741686674181285,5.630880368119899,5.797977670844283
Ba(Fe1-xCox)2As2,iron_pnictide_122,22.0,50.0,4.2,5.0,0.1,H_below_validated_reduced_field,5.714390547645239,5.596504308810628,5.778093567189832
Ba(Fe1-xCox)2As2,iron_pnictide_122,22.0,50.0,20.0,0.1,0.002,H_below_validated_reduced_field,3.974644206370741,3.354657537557852,4.263103316272696
Ba(Fe1-xCox)2As2,iron_pnictide_122,22.0,50.0,20.0,1.0,0.02,H_below_validated_reduced_field,3.970001357135324,3.3487894753625347,4.258546302984972
Ba(Fe1-xCox)2As2,iron_pnictide_122,22.0,50.0,20.0,5.0,0.1,H_below_validated_reduced_field,3.945974069312333,3.3234509766851312,4.236088813648469
Ba(Fe1-xCox)2As2,iron_pnictide_122,22.0,50.0,16.94,0.1,0.002,H_below_validated_reduced_field,4.717247163725581,4.355851002350995,4.9022045529766185
Ba(Fe1-xCox)2As2,iron_pnictide_122,22.0,50.0,16.94,1.0,0.02,H_below_validated_reduced_field,4.712232428169811,4.35154839320288,4.89785521232514
Ba(Fe1-xCox)2As2,iron_pnictide_122,22.0,50.0,16.94,5.0,0.1,H_below_validated_reduced_field,4.688447733596943,4.330386868524172,4.875400470485871
Ba(Fe1-xCox)2As2,iron_pnictide_122,22.0,50.0,4.2,0.1,0.002,H_below_validated_reduced_field,5.746354490991693,5.614582757298319,5.802165025000917
Ba(Fe1-xCox)2As2,iron_pnictide_122,22.0,50.0,4.2,1.0,0.02,H_below_validated_reduced_field,5.740505160763102,5.611200197170586,5.7964406929214265
Ba(Fe1-xCox)2As2,iron_pnictide_122,22.0,50.0,4.2,5.0,0.1,H_below_validated_reduced_field,5.713070491301031,5.592355392790315,5.776948098583455
Ba(Fe1-xCox)2As2,iron_pnictide_122,22.0,50.0,20.0,0.1,0.002,H_below_validated_reduced_field,3.9740552447054274,3.327445603735293,4.259070145840587
Ba(Fe1-xCox)2As2,iron_pnictide_122,22.0,50.0,20.0,1.0,0.02,H_below_validated_reduced_field,3.967289875924614,3.3218887421337127,4.252539271478074
Ba(Fe1-xCox)2As2,iron_pnictide_122,22.0,50.0,20.0,5.0,0.1,H_below_validated_reduced_field,3.943600402033763,3.2992093155755264,4.229004989477581
Ba(Fe1-xCox)2As2,iron_pnictide_122,22.0,50.0,16.94,0.1,0.002,H_below_validated_reduced_field,4.716523375864083,4.344306373093979,4.900117449791791
Ba(Fe1-xCox)2As2,iron_pnictide_122,22.0,50.0,16.94,1.0,0.02,H_below_validated_reduced_field,4.711706655687578,4.340623333235138,4.894674636327825
Ba(Fe1-xCox)2As2,iron_pnictide_122,22.0,50.0,16.94,5.0,0.1,H_below_validated_reduced_field,4.6864529782090525,4.319382298885965,4.872364661685441
FeSeTe,iron_chalcogenide_11,14.0,47.0,4.2,0.1,0.002127659574468085,H_below_validated_reduced_field,5.99788020316565,5.9654169680036055,6.176213825966855
FeSeTe,iron_chalcogenide_11,14.0,47.0,4.2,1.0,0.02127659574468085,H_below_validated_reduced_field,5.986363663940809,5.953262222106843,6.16424188502048
FeSeTe,iron_chalcogenide_11,14.0,47.0,4.2,5.0,0.10638297872340426,H_below_validated_reduced_field,5.935334603452924,5.898109038522529,6.108172519311832
FeSeTe,iron_chalcogenide_11,14.0,47.0,10.78,0.1,0.002127659574468085,H_below_validated_reduced_field,5.636819627389768,5.524305903507215,5.813517722416956
FeSeTe,iron_chalcogenide_11,14.0,47.0,10.78,1.0,0.02127659574468085,H_below_validated_reduced_field,5.625260225166128,5.513000870716014,5.803589423565856
FeSeTe,iron_chalcogenide_11,14.0,47.0,10.78,5.0,0.10638297872340426,H_below_validated_reduced_field,5.571355062509712,5.457421915345441,5.751429484627758
FeSeTe,iron_chalcogenide_11,14.0,47.0,4.2,0.1,0.002127659574468085,H_below_validated_reduced_field,5.99788020316565,5.96362286073826,6.176213825966855
FeSeTe,iron_chalcogenide_11,14.0,47.0,4.2,1.0,0.02127659574468085,H_below_validated_reduced_field,5.986554528716262,5.95217845881976,6.164266290390885
FeSeTe,iron_chalcogenide_11,14.0,47.0,4.2,5.0,0.10638297872340426,H_below_validated_reduced_field,5.936577059920655,5.8964580285777926,6.109190849033613
FeSeTe,iron_chalcogenide_11,14.0,47.0,10.78,0.1,0.002127659574468085,H_below_validated_reduced_field,5.636017229473437,5.521872522386924,5.816033367293775
FeSeTe,iron_chalcogenide_11,14.0,47.0,10.78,1.0,0.02127659574468085,H_below_validated_reduced_field,5.624184611882834,5.511165684798742,5.805613512525497
FeSeTe,iron_chalcogenide_11,14.0,47.0,10.78,5.0,0.10638297872340426,H_below_validated_reduced_field,5.568823872655566,5.457277000760397,5.757030699337435
FeSeTe,iron_chalcogenide_11,14.0,47.0,4.2,0.1,0.002127659574468085,H_below_validated_reduced_field,5.99788020316565,5.9654169680036055,6.176213825966855
FeSeTe,iron_chalcogenide_11,14.0,47.0,4.2,1.0,0.02127659574468085,H_below_validated_reduced_field,5.986363663940809,5.953469432427636,6.164445101339369
FeSeTe,iron_chalcogenide_11,14.0,47.0,4.2,5.0,0.10638297872340426,H_below_validated_reduced_field,5.935447749041905,5.8983905163510775,6.111282513083977
FeSeTe,iron_chalcogenide_11,14.0,47.0,10.78,0.1,0.002127659574468085,H_below_validated_reduced_field,5.636819627389768,5.525905991090735,5.817404694127088
FeSeTe,iron_chalcogenide_11,14.0,47.0,10.78,1.0,0.02127659574468085,H_below_validated_reduced_field,5.625050902762282,5.514294609980277,5.806735493011273
FeSeTe,iron_chalcogenide_11,14.0,47.0,10.78,5.0,0.10638297872340426,H_below_validated_reduced_field,5.570438479594516,5.458160708105611,5.755328075895781
FeSeTe,iron_chalcogenide_11,14.0,47.0,4.2,0.1,0.002127659574468085,H_below_validated_reduced_field,5.99788020316565,5.9654169680036055,6.176213825966855
FeSeTe,iron_chalcogenide_11,14.0,47.0,4.2,1.0,0.02127659574468085,H_below_validated_reduced_field,5.986554528716262,5.953285266981048,6.16467882911362
FeSeTe,iron_chalcogenide_11,14.0,47.0,4.2,5.0,0.10638297872340426,H_below_validated_reduced_field,5.936137001369254,5.898255002298896,6.110521930498953
FeSeTe,iron_chalcogenide_11,14.0,47.0,10.78,0.1,0.002127659574468085,H_below_validated_reduced_field,5.636744196997114,5.5248605957756345,5.815745398222314
FeSeTe,iron_chalcogenide_11,14.0,47.0,10.78,1.0,0.02127659574468085,H_below_validated_reduced_field,5.625050902762282,5.513083236901534,5.804268335098397
FeSeTe,iron_chalcogenide_11,14.0,47.0,10.78,5.0,0.10638297872340426,H_below_validated_reduced_field,5.570339489560597,5.457248758254256,5.752945135270082
FeSeTe,iron_chalcogenide_11,14.0,47.0,4.2,0.1,0.002127659574468085,H_below_validated_reduced_field,5.99788020316565,5.9654169680036055,6.176213825966855
FeSeTe,iron_chalcogenide_11,14.0,47.0,4.2,1.0,0.02127659574468085,H_below_validated_reduced_field,5.9867929215522775,5.953623838005714,6.16424188502048
FeSeTe,iron_chalcogenide_11,14.0,47.0,4.2,5.0,0.10638297872340426,H_below_validated_reduced_field,5.937112550859783,5.89926993306552,6.109329837805081
FeSeTe,iron_chalcogenide_11,14.0,47.0,10.78,0.1,0.002127659574468085,H_below_validated_reduced_field,5.63769974449257,5.525979536240844,5.813517721612255
FeSeTe,iron_chalcogenide_11,14.0,47.0,10.78,1.0,0.02127659574468085,H_below_validated_reduced_field,5.626139411483318,5.515134605382532,5.801725811882884
FeSeTe,iron_chalcogenide_11,14.0,47.0,10.78,5.0,0.10638297872340426,H_below_validated_reduced_field,5.572909322540886,5.45919918301084,5.749657524240251
FeSeTe,iron_chalcogenide_11,14.0,47.0,4.2,0.1,0.002127659574468085,H_below_validated_reduced_field,5.99788020316565,5.9654169680036055,6.176213825966855
FeSeTe,iron_chalcogenide_11,14.0,47.0,4.2,1.0,0.02127659574468085,H_below_validated_reduced_field,5.986745393491715,5.953309062217193,6.164109914182347
FeSeTe,iron_chalcogenide_11,14.0,47.0,4.2,5.0,0.10638297872340426,H_below_validated_reduced_field,5.937017118472056,5.898255002298896,6.109055334981432
FeSeTe,iron_chalcogenide_11,14.0,47.0,10.78,0.1,0.002127659574468085,H_below_validated_reduced_field,5.636819627389768,5.524305903507215,5.816067650464607
FeSeTe,iron_chalcogenide_11,14.0,47.0,10.78,1.0,0.02127659574468085,H_below_validated_reduced_field,5.625288525189784,5.513115666384293,5.805359358470055
FeSeTe,iron_chalcogenide_11,14.0,47.0,10.78,5.0,0.10638297872340426,H_below_validated_reduced_field,5.570564178745279,5.45719559493875,5.754658192054177
FeTe1-xSex,iron_chalcogenide_11,14.0,47.0,4.2,0.1,0.002127659574468085,H_below_validated_reduced_field,5.99788020316565,5.9654169680036055,6.176213825966855
FeTe1-xSex,iron_chalcogenide_11,14.0,47.0,4.2,1.0,0.02127659574468085,H_below_validated_reduced_field,5.98698378632773,5.953622600713559,6.164469506709773
FeTe1-xSex,iron_chalcogenide_11,14.0,47.0,4.2,5.0,0.10638297872340426,H_below_validated_reduced_field,5.939084467122343,5.8985295051225455,6.111334432268485
FeTe1-xSex,iron_chalcogenide_11,14.0,47.0,10.78,0.1,0.002127659574468085,H_below_validated_reduced_field,5.637508879717117,5.521875956972551,5.823951783306731
FeTe1-xSex,iron_chalcogenide_11,14.0,47.0,10.78,1.0,0.02127659574468085,H_below_validated_reduced_field,5.6255740703834975,5.512329492287128,5.811949815043338
FeTe1-xSex,iron_chalcogenide_11,14.0,47.0,10.78,5.0,0.10638297872340426,H_below_validated_reduced_field,5.571912416636942,5.456716020762414,5.757238161965884
FeTe1-xSex,iron_chalcogenide_11,14.0,47.0,4.2,0.1,0.002127659574468085,H_below_validated_reduced_field,5.99788020316565,5.964387543458264,6.176213825966855
FeTe1-xSex,iron_chalcogenide_11,14.0,47.0,4.2,1.0,0.02127659574468085,H_below_validated_reduced_field,5.986536071087868,5.95217845881976,6.164469659361897
FeTe1-xSex,iron_chalcogenide_11,14.0,47.0,4.2,5.0,0.10638297872340426,H_below_validated_reduced_field,5.935946396167904,5.896833824647631,6.110521930498953
FeTe1-xSex,iron_chalcogenide_11,14.0,47.0,10.78,0.1,0.002127659574468085,H_below_validated_reduced_field,5.637508879717117,5.520750735650149,5.82395712840343
FeTe1-xSex,iron_chalcogenide_11,14.0,47.0,10.78,1.0,0.02127659574468085,H_below_validated_reduced_field,5.62570028371753,5.508982011022647,5.812659111681842
FeTe1-xSex,iron_chalcogenide_11,14.0,47.0,10.78,5.0,0.10638297872340426,H_below_validated_reduced_field,5.571267044027651,5.45432917926378,5.76152491117004
BaFe2As2,iron_pnictide_122,22.0,60.0,4.2,0.1,0.0016666666666666668,H_below_validated_reduced_field,5.746354490991693,5.614582757298319,5.797653148949851
BaFe2As2,iron_pnictide_122,22.0,60.0,4.2,1.0,0.016666666666666666,H_below_validated_reduced_field,5.741819480489184,5.611946992181425,5.795564117107647
BaFe2As2,iron_pnictide_122,22.0,60.0,4.2,5.0,0.08333333333333333,H_below_validated_reduced_field,5.718401359908496,5.596229580335235,5.782165920271404
BaFe2As2,iron_pnictide_122,22.0,60.0,20.0,0.1,0.0016666666666666668,H_below_validated_reduced_field,3.966755717310873,3.3237318247615013,4.262025429428195
BaFe2As2,iron_pnictide_122,22.0,60.0,20.0,1.0,0.016666666666666666,H_below_validated_reduced_field,3.962263946439101,3.32160394518351,4.257353974734852
BaFe2As2,iron_pnictide_122,22.0,60.0,20.0,5.0,0.08333333333333333,H_below_validated_reduced_field,3.941549104242428,3.304017560679908,4.236842392171119
BaFe2As2,iron_pnictide_122,22.0,60.0,16.94,0.1,0.0016666666666666668,H_below_validated_reduced_field,4.711646608577112,4.340455102442997,4.901407229645996
BaFe2As2,iron_pnictide_122,22.0,60.0,16.94,1.0,0.016666666666666666,H_below_validated_reduced_field,4.707334192233767,4.337391849269448,4.896237609245663
BaFe2As2,iron_pnictide_122,22.0,60.0,16.94,5.0,0.08333333333333333,H_below_validated_reduced_field,4.688173369353,4.320089623468258,4.876887033977535
BaFe2As2,iron_pnictide_122,22.0,60.0,4.2,0.1,0.0016666666666666668,H_below_validated_reduced_field,5.746354490991693,5.635326719245767,5.80286845255883
BaFe2As2,iron_pnictide_122,22.0,60.0,4.2,1.0,0.016666666666666666,H_below_validated_reduced_field,5.74198049185465,5.632501882117411,5.79968511741934
BaFe2As2,iron_pnictide_122,22.0,60.0,4.2,5.0,0.08333333333333333,H_below_validated_reduced_field,5.718640052391739,5.610669205663629,5.782726088382468
BaFe2As2,iron_pnictide_122,22.0,60.0,20.0,0.1,0.0016666666666666668,H_below_validated_reduced_field,3.974644206370741,3.3387587669048924,4.251435729411283
BaFe2As2,iron_pnictide_122,22.0,60.0,20.0,1.0,0.016666666666666666,H_below_validated_reduced_field,3.971419896740594,3.3352824683314832,4.248887503113287
BaFe2As2,iron_pnictide_122,22.0,60.0,20.0,5.0,0.08333333333333333,H_below_validated_reduced_field,3.952277077414663,3.316708854452847,4.2316321186906745
BaFe2As2,iron_pnictide_122,22.0,60.0,16.94,0.1,0.0016666666666666668,H_below_validated_reduced_field,4.717342730223301,4.347401507908551,4.896748664739309
BaFe2As2,iron_pnictide_122,22.0,60.0,16.94,1.0,0.016666666666666666,H_below_validated_reduced_field,4.71389117103638,4.342529035287097,4.893645859086781
BaFe2As2,iron_pnictide_122,22.0,60.0,16.94,5.0,0.08333333333333333,H_below_validated_reduced_field,4.694606090562367,4.321781116165743,4.873980872186724
BaFe2As2,iron_pnictide_122,22.0,60.0,4.2,0.1,0.0016666666666666668,H_below_validated_reduced_field,5.746354490991693,5.635326719245767,5.804297695181981
BaFe2As2,iron_pnictide_122,22.0,60.0,4.2,1.0,0.016666666666666666,H_below_validated_reduced_field,5.742220538135275,5.631267407551919,5.8014342528144525
BaFe2As2,iron_pnictide_122,22.0,60.0,4.2,5.0,0.08333333333333333,H_below_validated_reduced_field,5.720191325371745,5.605001711773383,5.78415555490598
BaFe2As2,iron_pnictide_122,22.0,60.0,20.0,0.1,0.0016666666666666668,H_below_validated_reduced_field,3.981150464813767,3.337806475786877,4.263103301080582
BaFe2As2,iron_pnictide_122,22.0,60.0,20.0,1.0,0.016666666666666666,H_below_validated_reduced_field,3.9766959613881214,3.333911574278313,4.259331382694582
BaFe2As2,iron_pnictide_122,22.0,60.0,20.0,5.0,0.08333333333333333,H_below_validated_reduced_field,3.957681915297597,3.3158216282249477,4.24230580884863
BaFe2As2,iron_pnictide_122,22.0,60.0,16.94,0.1,0.0016666666666666668,H_below_validated_reduced_field,4.717929076394513,4.352700724448664,4.901407238380169
BaFe2As2,iron_pnictide_122,22.0,60.0,16.94,1.0,0.016666666666666666,H_below_validated_reduced_field,4.7146158079588325,4.348593123021588,4.898102210622361
BaFe2As2,iron_pnictide_122,22.0,60.0,16.94,5.0,0.08333333333333333,H_below_validated_reduced_field,4.69672200422885,4.327562672720835,4.883193481966258
BaFe2As2,iron_pnictide_122,22.0,60.0,4.2,0.1,0.0016666666666666668,H_below_validated_reduced_field,5.746354490991693,5.635326719245767,5.804297695181981
BaFe2As2,iron_pnictide_122,22.0,60.0,4.2,1.0,0.016666666666666666,H_below_validated_reduced_field,5.742220538135275,5.63197863048655,5.799754768348878
BaFe2As2,iron_pnictide_122,22.0,60.0,4.2,5.0,0.08333333333333333,H_below_validated_reduced_field,5.718926912196215,5.6085749031979,5.782726088382468
BaFe2As2,iron_pnictide_122,22.0,60.0,20.0,0.1,0.0016666666666666668,H_below_validated_reduced_field,3.9732940568446304,3.342055468183517,4.25832348381862
BaFe2As2,iron_pnictide_122,22.0,60.0,20.0,1.0,0.016666666666666666,H_below_validated_reduced_field,3.9672407694377214,3.3381804158746378,4.254435328856516
BaFe2As2,iron_pnictide_122,22.0,60.0,20.0,5.0,0.08333333333333333,H_below_validated_reduced_field,3.949810843814894,3.316924936719138,4.235874063335451
BaFe2As2,iron_pnictide_122,22.0,60.0,16.94,0.1,0.0016666666666666668,H_below_validated_reduced_field,4.716523376722593,4.352793649866524,4.898827678210852
BaFe2As2,iron_pnictide_122,22.0,60.0,16.94,1.0,0.016666666666666666,H_below_validated_reduced_field,4.712924475699097,4.349920539914363,4.896007834269933
BaFe2As2,iron_pnictide_122,22.0,60.0,16.94,5.0,0.08333333333333333,H_below_validated_reduced_field,4.694022561334467,4.328193623038502,4.87644672304632
BaFe2As2,iron_pnictide_122,22.0,60.0,4.2,0.1,0.0016666666666666668,H_below_validated_reduced_field,5.746354490991693,5.614582757298319,5.802165025000917
BaFe2As2,iron_pnictide_122,22.0,60.0,4.2,1.0,0.016666666666666666,H_below_validated_reduced_field,5.741982348534451,5.612879228889058,5.796468873835951
BaFe2As2,iron_pnictide_122,22.0,60.0,4.2,5.0,0.08333333333333333,H_below_validated_reduced_field,5.719301612979958,5.600589500708412,5.782726088382468
BaFe2As2,iron_pnictide_122,22.0,60.0,20.0,0.1,0.0016666666666666668,H_below_validated_reduced_field,3.969957233709324,3.3514473607575144,4.261813516964949
BaFe2As2,iron_pnictide_122,22.0,60.0,20.0,1.0,0.016666666666666666,H_below_validated_reduced_field,3.967087004561221,3.347183271833797,4.256807715291597
BaFe2As2,iron_pnictide_122,22.0,60.0,20.0,5.0,0.08333333333333333,H_below_validated_reduced_field,3.9492768712678754,3.3276103688587417,4.237956803881271
BaFe2As2,iron_pnictide_122,22.0,60.0,16.94,0.1,0.0016666666666666668,H_below_validated_reduced_field,4.715861814417354,4.352791402837203,4.900117445421096
BaFe2As2,iron_pnictide_122,22.0,60.0,16.94,1.0,0.016666666666666666,H_below_validated_reduced_field,4.711657993685476,4.349920401451933,4.895984258191722
BaFe2As2,iron_pnictide_122,22.0,60.0,16.94,5.0,0.08333333333333333,H_below_validated_reduced_field,4.691915413085583,4.330071769456763,4.878713473402665
BaFe2As2,iron_pnictide_122,22.0,60.0,4.2,0.1,0.0016666666666666668,H_below_validated_reduced_field,5.746354490991693,5.616253626881896,5.804297695181981
BaFe2As2,iron_pnictide_122,22.0,60.0,4.2,1.0,0.016666666666666666,H_below_validated_reduced_field,5.741489109671595,5.613213703874304,5.799754953881183
BaFe2As2,iron_pnictide_122,22.0,60.0,4.2,5.0,0.08333333333333333,H_below_validated_reduced_field,5.718019243994539,5.598973770227521,5.784146376071575
BaFe2As2,iron_pnictide_122,22.0,60.0,20.0,0.1,0.0016666666666666668,H_below_validated_reduced_field,3.9742062247118346,3.3237318247615013,4.258328391445874
BaFe2As2,iron_pnictide_122,22.0,60.0,20.0,1.0,0.016666666666666666,H_below_validated_reduced_field,3.969608645153431,3.319167162763233,4.254731039005476
BaFe2As2,iron_pnictide_122,22.0,60.0,20.0,5.0,0.08333333333333333,H_below_validated_reduced_field,3.9510292834404352,3.29898032284638,4.235729249137315
BaFe2As2,iron_pnictide_122,22.0,60.0,16.94,0.1,0.0016666666666666668,H_below_validated_reduced_field,4.716523375005574,4.34376491207718,4.898827665676159
BaFe2As2,iron_pnictide_122,22.0,60.0,16.94,1.0,0.016666666666666666,H_below_validated_reduced_field,4.712640758910096,4.340203107241677,4.8939640437227405
BaFe2As2,iron_pnictide_122,22.0,60.0,16.94,5.0,0.08333333333333333,H_below_validated_reduced_field,4.692690807324237,4.319918324499815,4.877541044514154
BaFe2As2,iron_pnictide_122,22.0,60.0,4.2,0.1,0.0016666666666666668,H_below_validated_reduced_field,5.746354490991693,5.641070245031717,5.804297695181981
BaFe2As2,iron_pnictide_122,22.0,60.0,4.2,1.0,0.016666666666666666,H_below_validated_reduced_field,5.74198049185465,5.635309473127014,5.800300159508088
BaFe2As2,iron_pnictide_122,22.0,60.0,4.2,5.0,0.08333333333333333,H_below_validated_reduced_field,5.719529764783526,5.6128592507000965,5.7850671426089
BaFe2As2,iron_pnictide_122,22.0,60.0,20.0,0.1,0.0016666666666666668,H_below_validated_reduced_field,3.980488905619677,3.32413703438091,4.257760129159588
BaFe2As2,iron_pnictide_122,22.0,60.0,20.0,1.0,0.016666666666666666,H_below_validated_reduced_field,3.9757646992697353,3.3202543769571795,4.253967645798925
BaFe2As2,iron_pnictide_122,22.0,60.0,20.0,5.0,0.08333333333333333,H_below_validated_reduced_field,3.957807234381936,3.303973102594936,4.235213268047193
BaFe2As2,iron_pnictide_122,22.0,60.0,16.94,0.1,0.0016666666666666668,H_below_validated_reduced_field,4.719605453230793,4.345112355082809,4.898827661414731
BaFe2As2,iron_pnictide_122,22.0,60.0,16.94,1.0,0.016666666666666666,H_below_validated_reduced_field,4.715234777065092,4.342081856123477,4.894415576125812
BaFe2As2,iron_pnictide_122,22.0,60.0,16.94,5.0,0.08333333333333333,H_below_validated_reduced_field,4.697166807067216,4.32583094505322,4.878446837210737
