compound_formula,substructure,MP_id,paper_id,source_provenance,Tc_anchor_K,Tc_provenance_tier,Hc2_T_anchor,Hc2_anchor_type,Hc2_deviation_flag,Hc2_source,sample_form_commitment,predictor_method_scope,T_K,H_T,predicted_log_Jc,predicted_log_Jc_lower_95,predicted_log_Jc_upper_95,parent_match_uncertainty_envelope_dex,bootstrap_iterations,refusal_flag,withheld_log_Jc,withheld_log_Jc_lower_95,withheld_log_Jc_upper_95,withheld_reduced_field,withheld_reduced_temperature
Co0.05Fe0.95Se1,iron_chalcogenide_11,mp-20311,,A1,10.0,3DSC_MP,16.0,c_parent,±20-50%,S1_v3_2_2B_extension,single_crystal,sample_form_conditional_median:single_crystal,4.2,0.1,,,,,5000,H_below_validated_reduced_field,5.996159972950191,5.877146982269887,6.121613313756543,0.00625,
Co0.05Fe0.95Se1,iron_chalcogenide_11,mp-20311,,A1,10.0,3DSC_MP,16.0,c_parent,±20-50%,S1_v3_2_2B_extension,single_crystal,sample_form_conditional_median:single_crystal,4.2,1.0,,,,,5000,H_below_validated_reduced_field,5.96084211542598,5.843659858350076,6.085475382656883,0.0625,
Co0.05Fe0.95Se1,iron_chalcogenide_11,mp-20311,,A1,10.0,3DSC_MP,16.0,c_parent,±20-50%,S1_v3_2_2B_extension,single_crystal,sample_form_conditional_median:single_crystal,4.2,5.0,,,,,5000,family_fails_field_axis_validation,5.771923410007387,5.665413914623919,5.897399953205208,0.3125,
Co0.05Fe0.95Se1,iron_chalcogenide_11,mp-20311,,A1,10.0,3DSC_MP,16.0,c_parent,±20-50%,S1_v3_2_2B_extension,single_crystal,sample_form_conditional_median:single_crystal,20.0,0.1,,,,,5000,T_above_Tc,,,,,
Co0.05Fe0.95Se1,iron_chalcogenide_11,mp-20311,,A1,10.0,3DSC_MP,16.0,c_parent,±20-50%,S1_v3_2_2B_extension,single_crystal,sample_form_conditional_median:single_crystal,20.0,1.0,,,,,5000,T_above_Tc,,,,,
Co0.05Fe0.95Se1,iron_chalcogenide_11,mp-20311,,A1,10.0,3DSC_MP,16.0,c_parent,±20-50%,S1_v3_2_2B_extension,single_crystal,sample_form_conditional_median:single_crystal,20.0,5.0,,,,,5000,T_above_Tc,,,,,
Co0.05Fe0.95Se1,iron_chalcogenide_11,mp-20311,,A1,10.0,3DSC_MP,16.0,c_parent,±20-50%,S1_v3_2_2B_extension,single_crystal,sample_form_conditional_median:single_crystal,7.7,0.1,,,,,5000,H_below_validated_reduced_field,5.806967537993907,5.710977496196544,5.946515512050161,0.00625,
Co0.05Fe0.95Se1,iron_chalcogenide_11,mp-20311,,A1,10.0,3DSC_MP,16.0,c_parent,±20-50%,S1_v3_2_2B_extension,single_crystal,sample_form_conditional_median:single_crystal,7.7,1.0,,,,,5000,H_below_validated_reduced_field,5.771649680469697,5.67823227271878,5.91110803773744,0.0625,
Co0.05Fe0.95Se1,iron_chalcogenide_11,mp-20311,,A1,10.0,3DSC_MP,16.0,c_parent,±20-50%,S1_v3_2_2B_extension,single_crystal,sample_form_conditional_median:single_crystal,7.7,5.0,,,,,5000,family_fails_field_axis_validation,5.591967978918046,5.499244425505327,5.728172910710815,0.3125,
Co0.1Fe0.9Se1,iron_chalcogenide_11,mp-20311,,A1,5.0,3DSC_MP,16.0,c_parent,±20-50%,S1_v3_2_2B_extension,single_crystal,sample_form_conditional_median:single_crystal,4.2,0.1,,,,,5000,H_below_validated_reduced_field,5.996159972950191,5.877146982269887,6.121613313756543,0.00625,
Co0.1Fe0.9Se1,iron_chalcogenide_11,mp-20311,,A1,5.0,3DSC_MP,16.0,c_parent,±20-50%,S1_v3_2_2B_extension,single_crystal,sample_form_conditional_median:single_crystal,4.2,1.0,,,,,5000,H_below_validated_reduced_field,5.960695330350417,5.844079196146921,6.086148671156769,0.0625,
Co0.1Fe0.9Se1,iron_chalcogenide_11,mp-20311,,A1,5.0,3DSC_MP,16.0,c_parent,±20-50%,S1_v3_2_2B_extension,single_crystal,sample_form_conditional_median:single_crystal,4.2,5.0,,,,,5000,family_fails_field_axis_validation,5.7694682668345525,5.668065312167597,5.898304846472484,0.3125,
Co0.1Fe0.9Se1,iron_chalcogenide_11,mp-20311,,A1,5.0,3DSC_MP,16.0,c_parent,±20-50%,S1_v3_2_2B_extension,single_crystal,sample_form_conditional_median:single_crystal,20.0,0.1,,,,,5000,T_above_Tc,,,,,
Co0.1Fe0.9Se1,iron_chalcogenide_11,mp-20311,,A1,5.0,3DSC_MP,16.0,c_parent,±20-50%,S1_v3_2_2B_extension,single_crystal,sample_form_conditional_median:single_crystal,20.0,1.0,,,,,5000,T_above_Tc,,,,,
Co0.1Fe0.9Se1,iron_chalcogenide_11,mp-20311,,A1,5.0,3DSC_MP,16.0,c_parent,±20-50%,S1_v3_2_2B_extension,single_crystal,sample_form_conditional_median:single_crystal,20.0,5.0,,,,,5000,T_above_Tc,,,,,
Co0.1Fe0.9Se1,iron_chalcogenide_11,mp-20311,,A1,5.0,3DSC_MP,16.0,c_parent,±20-50%,S1_v3_2_2B_extension,single_crystal,sample_form_conditional_median:single_crystal,3.85,0.1,,,,,5000,H_below_validated_reduced_field,6.057468381163306,5.954333991878817,6.182921721969659,0.00625,
Co0.1Fe0.9Se1,iron_chalcogenide_11,mp-20311,,A1,5.0,3DSC_MP,16.0,c_parent,±20-50%,S1_v3_2_2B_extension,single_crystal,sample_form_conditional_median:single_crystal,3.85,1.0,,,,,5000,H_below_validated_reduced_field,6.022832691649029,5.920515557493,6.149434594814061,0.0625,
Co0.1Fe0.9Se1,iron_chalcogenide_11,mp-20311,,A1,5.0,3DSC_MP,16.0,c_parent,±20-50%,S1_v3_2_2B_extension,single_crystal,sample_form_conditional_median:single_crystal,3.85,5.0,,,,,5000,family_fails_field_axis_validation,5.837120338392599,5.7437077093635205,5.966696465146865,0.3125,
Fe0.95Ni0.05Se1,iron_chalcogenide_11,mp-20311,,A1,10.0,3DSC_MP,16.0,c_parent,±20-50%,S1_v3_2_2B_extension,single_crystal,sample_form_conditional_median:single_crystal,4.2,0.1,,,,,5000,H_below_validated_reduced_field,5.996159972950191,5.877146982269887,6.121613313756543,0.00625,
Fe0.95Ni0.05Se1,iron_chalcogenide_11,mp-20311,,A1,10.0,3DSC_MP,16.0,c_parent,±20-50%,S1_v3_2_2B_extension,single_crystal,sample_form_conditional_median:single_crystal,4.2,1.0,,,,,5000,H_below_validated_reduced_field,5.960695330350417,5.844079196146921,6.085458118849194,0.0625,
Fe0.95Ni0.05Se1,iron_chalcogenide_11,mp-20311,,A1,10.0,3DSC_MP,16.0,c_parent,±20-50%,S1_v3_2_2B_extension,single_crystal,sample_form_conditional_median:single_crystal,4.2,5.0,,,,,5000,family_fails_field_axis_validation,5.771923410007387,5.668065312167597,5.89737675081374,0.3125,
Fe0.95Ni0.05Se1,iron_chalcogenide_11,mp-20311,,A1,10.0,3DSC_MP,16.0,c_parent,±20-50%,S1_v3_2_2B_extension,single_crystal,sample_form_conditional_median:single_crystal,20.0,0.1,,,,,5000,T_above_Tc,,,,,
Fe0.95Ni0.05Se1,iron_chalcogenide_11,mp-20311,,A1,10.0,3DSC_MP,16.0,c_parent,±20-50%,S1_v3_2_2B_extension,single_crystal,sample_form_conditional_median:single_crystal,20.0,1.0,,,,,5000,T_above_Tc,,,,,
Fe0.95Ni0.05Se1,iron_chalcogenide_11,mp-20311,,A1,10.0,3DSC_MP,16.0,c_parent,±20-50%,S1_v3_2_2B_extension,single_crystal,sample_form_conditional_median:single_crystal,20.0,5.0,,,,,5000,T_above_Tc,,,,,
Fe0.95Ni0.05Se1,iron_chalcogenide_11,mp-20311,,A1,10.0,3DSC_MP,16.0,c_parent,±20-50%,S1_v3_2_2B_extension,single_crystal,sample_form_conditional_median:single_crystal,7.7,0.1,,,,,5000,H_below_validated_reduced_field,5.804971065674835,5.720888288855996,5.943214117717066,0.00625,
Fe0.95Ni0.05Se1,iron_chalcogenide_11,mp-20311,,A1,10.0,3DSC_MP,16.0,c_parent,±20-50%,S1_v3_2_2B_extension,single_crystal,sample_form_conditional_median:single_crystal,7.7,1.0,,,,,5000,H_below_validated_reduced_field,5.771483938519237,5.685570431331785,5.907896260192855,0.0625,
Fe0.95Ni0.05Se1,iron_chalcogenide_11,mp-20311,,A1,10.0,3DSC_MP,16.0,c_parent,±20-50%,S1_v3_2_2B_extension,single_crystal,sample_form_conditional_median:single_crystal,7.7,5.0,,,,,5000,family_fails_field_axis_validation,5.591619253696695,5.501533740698156,5.728132797237954,0.3125,
Fe1S0.04Se0.96,iron_chalcogenide_11,mp-20311,,A1,9.58,3DSC_MP,16.0,c_parent,±20-50%,S1_v3_2_2B_extension,single_crystal,sample_form_conditional_median:single_crystal,4.2,0.1,,,,,5000,H_below_validated_reduced_field,5.996159972950191,5.877146982269887,6.121613313756543,0.00625,
Fe1S0.04Se0.96,iron_chalcogenide_11,mp-20311,,A1,9.58,3DSC_MP,16.0,c_parent,±20-50%,S1_v3_2_2B_extension,single_crystal,sample_form_conditional_median:single_crystal,4.2,1.0,,,,,5000,H_below_validated_reduced_field,5.96084211542598,5.84365985511429,6.086148671156769,0.0625,
Fe1S0.04Se0.96,iron_chalcogenide_11,mp-20311,,A1,9.58,3DSC_MP,16.0,c_parent,±20-50%,S1_v3_2_2B_extension,single_crystal,sample_form_conditional_median:single_crystal,4.2,5.0,,,,,5000,family_fails_field_axis_validation,5.771923410007387,5.665413894164623,5.9005933551835135,0.3125,
Fe1S0.04Se0.96,iron_chalcogenide_11,mp-20311,,A1,9.58,3DSC_MP,16.0,c_parent,±20-50%,S1_v3_2_2B_extension,single_crystal,sample_form_conditional_median:single_crystal,20.0,0.1,,,,,5000,T_above_Tc,,,,,
Fe1S0.04Se0.96,iron_chalcogenide_11,mp-20311,,A1,9.58,3DSC_MP,16.0,c_parent,±20-50%,S1_v3_2_2B_extension,single_crystal,sample_form_conditional_median:single_crystal,20.0,1.0,,,,,5000,T_above_Tc,,,,,
Fe1S0.04Se0.96,iron_chalcogenide_11,mp-20311,,A1,9.58,3DSC_MP,16.0,c_parent,±20-50%,S1_v3_2_2B_extension,single_crystal,sample_form_conditional_median:single_crystal,20.0,5.0,,,,,5000,T_above_Tc,,,,,
Fe1S0.04Se0.96,iron_chalcogenide_11,mp-20311,,A1,9.58,3DSC_MP,16.0,c_parent,±20-50%,S1_v3_2_2B_extension,single_crystal,sample_form_conditional_median:single_crystal,7.3766,0.1,,,,,5000,H_below_validated_reduced_field,5.8127634989324015,5.716773457044394,5.9483917954660495,0.00625,
Fe1S0.04Se0.96,iron_chalcogenide_11,mp-20311,,A1,9.58,3DSC_MP,16.0,c_parent,±20-50%,S1_v3_2_2B_extension,single_crystal,sample_form_conditional_median:single_crystal,7.3766,1.0,,,,,5000,H_below_validated_reduced_field,5.777775071349115,5.683286327380706,5.914347192989687,0.0625,
Fe1S0.04Se0.96,iron_chalcogenide_11,mp-20311,,A1,9.58,3DSC_MP,16.0,c_parent,±20-50%,S1_v3_2_2B_extension,single_crystal,sample_form_conditional_median:single_crystal,7.3766,5.0,,,,,5000,family_fails_field_axis_validation,5.5988254499186825,5.503030095810392,5.733043511168837,0.3125,
Fe1S0.09Se0.91,iron_chalcogenide_11,mp-20311,,A1,10.1,3DSC_MP,16.0,c_parent,±20-50%,S1_v3_2_2B_extension,single_crystal,sample_form_conditional_median:single_crystal,4.2,0.1,,,,,5000,H_below_validated_reduced_field,5.996159972950191,5.877146982269887,6.121613313756543,0.00625,
Fe1S0.09Se0.91,iron_chalcogenide_11,mp-20311,,A1,10.1,3DSC_MP,16.0,c_parent,±20-50%,S1_v3_2_2B_extension,single_crystal,sample_form_conditional_median:single_crystal,4.2,1.0,,,,,5000,H_below_validated_reduced_field,5.96084211542598,5.84365985511429,6.086148671156769,0.0625,
Fe1S0.09Se0.91,iron_chalcogenide_11,mp-20311,,A1,10.1,3DSC_MP,16.0,c_parent,±20-50%,S1_v3_2_2B_extension,single_crystal,sample_form_conditional_median:single_crystal,4.2,5.0,,,,,5000,family_fails_field_axis_validation,5.771923410007387,5.665413894164623,5.898304846472484,0.3125,
Fe1S0.09Se0.91,iron_chalcogenide_11,mp-20311,,A1,10.1,3DSC_MP,16.0,c_parent,±20-50%,S1_v3_2_2B_extension,single_crystal,sample_form_conditional_median:single_crystal,20.0,0.1,,,,,5000,T_above_Tc,,,,,
Fe1S0.09Se0.91,iron_chalcogenide_11,mp-20311,,A1,10.1,3DSC_MP,16.0,c_parent,±20-50%,S1_v3_2_2B_extension,single_crystal,sample_form_conditional_median:single_crystal,20.0,1.0,,,,,5000,T_above_Tc,,,,,
Fe1S0.09Se0.91,iron_chalcogenide_11,mp-20311,,A1,10.1,3DSC_MP,16.0,c_parent,±20-50%,S1_v3_2_2B_extension,single_crystal,sample_form_conditional_median:single_crystal,20.0,5.0,,,,,5000,T_above_Tc,,,,,
Fe1S0.09Se0.91,iron_chalcogenide_11,mp-20311,,A1,10.1,3DSC_MP,16.0,c_parent,±20-50%,S1_v3_2_2B_extension,single_crystal,sample_form_conditional_median:single_crystal,7.777,0.1,,,,,5000,H_below_validated_reduced_field,5.805684081150271,5.719681380830687,5.9421449614593485,0.00625,
Fe1S0.09Se0.91,iron_chalcogenide_11,mp-20311,,A1,10.1,3DSC_MP,16.0,c_parent,±20-50%,S1_v3_2_2B_extension,single_crystal,sample_form_conditional_median:single_crystal,7.777,1.0,,,,,5000,H_below_validated_reduced_field,5.770219441169303,5.684359853679586,5.909698452266572,0.0625,
Fe1S0.09Se0.91,iron_chalcogenide_11,mp-20311,,A1,10.1,3DSC_MP,16.0,c_parent,±20-50%,S1_v3_2_2B_extension,single_crystal,sample_form_conditional_median:single_crystal,7.777,5.0,,,,,5000,family_fails_field_axis_validation,5.590740915361273,5.497960951267715,5.72792107414021,0.3125,
Fe1S0.11Se0.89,iron_chalcogenide_11,mp-20311,,A1,10.7,3DSC_MP,16.0,c_parent,±20-50%,S1_v3_2_2B_extension,single_crystal,sample_form_conditional_median:single_crystal,4.2,0.1,,,,,5000,H_below_validated_reduced_field,5.996159972950191,5.92973727936992,6.121613313756543,0.00625,
Fe1S0.11Se0.89,iron_chalcogenide_11,mp-20311,,A1,10.7,3DSC_MP,16.0,c_parent,±20-50%,S1_v3_2_2B_extension,single_crystal,sample_form_conditional_median:single_crystal,4.2,1.0,,,,,5000,H_below_validated_reduced_field,5.96084211542598,5.889314006589612,6.085458118849194,0.0625,
Fe1S0.11Se0.89,iron_chalcogenide_11,mp-20311,,A1,10.7,3DSC_MP,16.0,c_parent,±20-50%,S1_v3_2_2B_extension,single_crystal,sample_form_conditional_median:single_crystal,4.2,5.0,,,,,5000,family_fails_field_axis_validation,5.771923410007387,5.674148188752294,5.89737675081374,0.3125,
Fe1S0.11Se0.89,iron_chalcogenide_11,mp-20311,,A1,10.7,3DSC_MP,16.0,c_parent,±20-50%,S1_v3_2_2B_extension,single_crystal,sample_form_conditional_median:single_crystal,20.0,0.1,,,,,5000,T_above_Tc,,,,,
Fe1S0.11Se0.89,iron_chalcogenide_11,mp-20311,,A1,10.7,3DSC_MP,16.0,c_parent,±20-50%,S1_v3_2_2B_extension,single_crystal,sample_form_conditional_median:single_crystal,20.0,1.0,,,,,5000,T_above_Tc,,,,,
Fe1S0.11Se0.89,iron_chalcogenide_11,mp-20311,,A1,10.7,3DSC_MP,16.0,c_parent,±20-50%,S1_v3_2_2B_extension,single_crystal,sample_form_conditional_median:single_crystal,20.0,5.0,,,,,5000,T_above_Tc,,,,,
Fe1S0.11Se0.89,iron_chalcogenide_11,mp-20311,,A1,10.7,3DSC_MP,16.0,c_parent,±20-50%,S1_v3_2_2B_extension,single_crystal,sample_form_conditional_median:single_crystal,8.238999999999999,0.1,,,,,5000,H_below_validated_reduced_field,5.798652206013586,5.71459815913942,5.9377533959610505,0.00625,
Fe1S0.11Se0.89,iron_chalcogenide_11,mp-20311,,A1,10.7,3DSC_MP,16.0,c_parent,±20-50%,S1_v3_2_2B_extension,single_crystal,sample_form_conditional_median:single_crystal,8.238999999999999,1.0,,,,,5000,H_below_validated_reduced_field,5.763334348489376,5.680539262424063,5.904285026388185,0.0625,
Fe1S0.11Se0.89,iron_chalcogenide_11,mp-20311,,A1,10.7,3DSC_MP,16.0,c_parent,±20-50%,S1_v3_2_2B_extension,single_crystal,sample_form_conditional_median:single_crystal,8.238999999999999,5.0,,,,,5000,family_fails_field_axis_validation,5.583382590846566,5.4973066947378735,5.722415762428192,0.3125,
Fe1S0.12Te0.88,iron_chalcogenide_11,mp-21273,,A1,6.8,3DSC_MP,47.0,c_parent,±20-50%,S1_v3_2_2B_extension,single_crystal,sample_form_conditional_median:single_crystal,4.2,0.1,,,,,5000,H_below_validated_reduced_field,5.996159972950191,5.93108574852633,6.121613313756543,0.002127659574468,
Fe1S0.12Te0.88,iron_chalcogenide_11,mp-21273,,A1,6.8,3DSC_MP,47.0,c_parent,±20-50%,S1_v3_2_2B_extension,single_crystal,sample_form_conditional_median:single_crystal,4.2,1.0,,,,,5000,H_below_validated_reduced_field,5.98441565369311,5.918077522246061,6.109462561861685,0.0212765957446808,
Fe1S0.12Te0.88,iron_chalcogenide_11,mp-21273,,A1,6.8,3DSC_MP,47.0,c_parent,±20-50%,S1_v3_2_2B_extension,single_crystal,sample_form_conditional_median:single_crystal,4.2,5.0,,,,,5000,H_below_validated_reduced_field,5.929148868030789,5.857003800182613,6.052414688608272,0.1063829787234042,
Fe1S0.12Te0.88,iron_chalcogenide_11,mp-21273,,A1,6.8,3DSC_MP,47.0,c_parent,±20-50%,S1_v3_2_2B_extension,single_crystal,sample_form_conditional_median:single_crystal,20.0,0.1,,,,,5000,T_above_Tc,,,,,
Fe1S0.12Te0.88,iron_chalcogenide_11,mp-21273,,A1,6.8,3DSC_MP,47.0,c_parent,±20-50%,S1_v3_2_2B_extension,single_crystal,sample_form_conditional_median:single_crystal,20.0,1.0,,,,,5000,T_above_Tc,,,,,
Fe1S0.12Te0.88,iron_chalcogenide_11,mp-21273,,A1,6.8,3DSC_MP,47.0,c_parent,±20-50%,S1_v3_2_2B_extension,single_crystal,sample_form_conditional_median:single_crystal,20.0,5.0,,,,,5000,T_above_Tc,,,,,
Fe1S0.12Te0.88,iron_chalcogenide_11,mp-21273,,A1,6.8,3DSC_MP,47.0,c_parent,±20-50%,S1_v3_2_2B_extension,single_crystal,sample_form_conditional_median:single_crystal,5.236,0.1,,,,,5000,H_below_validated_reduced_field,5.8895856008941845,5.805083919848228,6.014956671652142,0.002127659574468,
Fe1S0.12Te0.88,iron_chalcogenide_11,mp-21273,,A1,6.8,3DSC_MP,47.0,c_parent,±20-50%,S1_v3_2_2B_extension,single_crystal,sample_form_conditional_median:single_crystal,5.236,1.0,,,,,5000,H_below_validated_reduced_field,5.878236591163309,5.793285049081124,6.00316476192277,0.0212765957446808,
Fe1S0.12Te0.88,iron_chalcogenide_11,mp-21273,,A1,6.8,3DSC_MP,47.0,c_parent,±20-50%,S1_v3_2_2B_extension,single_crystal,sample_form_conditional_median:single_crystal,5.236,5.0,,,,,5000,H_below_validated_reduced_field,5.825000234232363,5.7390172786625,5.948140568562722,0.1063829787234042,
Fe1S0.1Se0.9,iron_chalcogenide_11,mp-20311,,A1,10.27,3DSC_MP,16.0,c_parent,±20-50%,S1_v3_2_2B_extension,single_crystal,sample_form_conditional_median:single_crystal,4.2,0.1,,,,,5000,H_below_validated_reduced_field,5.996159972950191,5.877146982269887,6.121613313756543,0.00625,
Fe1S0.1Se0.9,iron_chalcogenide_11,mp-20311,,A1,10.27,3DSC_MP,16.0,c_parent,±20-50%,S1_v3_2_2B_extension,single_crystal,sample_form_conditional_median:single_crystal,4.2,1.0,,,,,5000,H_below_validated_reduced_field,5.96084211542598,5.843659858350076,6.086148671156769,0.0625,
Fe1S0.1Se0.9,iron_chalcogenide_11,mp-20311,,A1,10.27,3DSC_MP,16.0,c_parent,±20-50%,S1_v3_2_2B_extension,single_crystal,sample_form_conditional_median:single_crystal,4.2,5.0,,,,,5000,family_fails_field_axis_validation,5.771923410007387,5.665413914623919,5.898304846472484,0.3125,
Fe1S0.1Se0.9,iron_chalcogenide_11,mp-20311,,A1,10.27,3DSC_MP,16.0,c_parent,±20-50%,S1_v3_2_2B_extension,single_crystal,sample_form_conditional_median:single_crystal,20.0,0.1,,,,,5000,T_above_Tc,,,,,
Fe1S0.1Se0.9,iron_chalcogenide_11,mp-20311,,A1,10.27,3DSC_MP,16.0,c_parent,±20-50%,S1_v3_2_2B_extension,single_crystal,sample_form_conditional_median:single_crystal,20.0,1.0,,,,,5000,T_above_Tc,,,,,
Fe1S0.1Se0.9,iron_chalcogenide_11,mp-20311,,A1,10.27,3DSC_MP,16.0,c_parent,±20-50%,S1_v3_2_2B_extension,single_crystal,sample_form_conditional_median:single_crystal,20.0,5.0,,,,,5000,T_above_Tc,,,,,
Fe1S0.1Se0.9,iron_chalcogenide_11,mp-20311,,A1,10.27,3DSC_MP,16.0,c_parent,±20-50%,S1_v3_2_2B_extension,single_crystal,sample_form_conditional_median:single_crystal,7.9079,0.1,,,,,5000,H_below_validated_reduced_field,5.803579512673048,5.70892155517542,5.940389257816719,0.00625,
Fe1S0.1Se0.9,iron_chalcogenide_11,mp-20311,,A1,10.27,3DSC_MP,16.0,c_parent,±20-50%,S1_v3_2_2B_extension,single_crystal,sample_form_conditional_median:single_crystal,7.9079,1.0,,,,,5000,H_below_validated_reduced_field,5.768114870073274,5.675852804736461,5.907119723322759,0.0625,
Fe1S0.1Se0.9,iron_chalcogenide_11,mp-20311,,A1,10.27,3DSC_MP,16.0,c_parent,±20-50%,S1_v3_2_2B_extension,single_crystal,sample_form_conditional_median:single_crystal,7.9079,5.0,,,,,5000,family_fails_field_axis_validation,5.588231228375836,5.495856380171686,5.723452998657056,0.3125,
Fe1S0.1Te0.9,iron_chalcogenide_11,mp-21273,,A1,10.0,3DSC_MP,47.0,c_parent,±20-50%,S1_v3_2_2B_extension,single_crystal,sample_form_conditional_median:single_crystal,4.2,0.1,,,,,5000,H_below_validated_reduced_field,5.996159972950191,5.877146982269887,6.121613313756543,0.002127659574468,
Fe1S0.1Te0.9,iron_chalcogenide_11,mp-21273,,A1,10.0,3DSC_MP,47.0,c_parent,±20-50%,S1_v3_2_2B_extension,single_crystal,sample_form_conditional_median:single_crystal,4.2,1.0,,,,,5000,H_below_validated_reduced_field,5.984517703737607,5.866150883848946,6.109868994499462,0.0212765957446808,
Fe1S0.1Te0.9,iron_chalcogenide_11,mp-21273,,A1,10.0,3DSC_MP,47.0,c_parent,±20-50%,S1_v3_2_2B_extension,single_crystal,sample_form_conditional_median:single_crystal,4.2,5.0,,,,,5000,H_below_validated_reduced_field,5.929148868030789,5.814524117503292,6.05472932559477,0.1063829787234042,
Fe1S0.1Te0.9,iron_chalcogenide_11,mp-21273,,A1,10.0,3DSC_MP,47.0,c_parent,±20-50%,S1_v3_2_2B_extension,single_crystal,sample_form_conditional_median:single_crystal,20.0,0.1,,,,,5000,T_above_Tc,,,,,
Fe1S0.1Te0.9,iron_chalcogenide_11,mp-21273,,A1,10.0,3DSC_MP,47.0,c_parent,±20-50%,S1_v3_2_2B_extension,single_crystal,sample_form_conditional_median:single_crystal,20.0,1.0,,,,,5000,T_above_Tc,,,,,
Fe1S0.1Te0.9,iron_chalcogenide_11,mp-21273,,A1,10.0,3DSC_MP,47.0,c_parent,±20-50%,S1_v3_2_2B_extension,single_crystal,sample_form_conditional_median:single_crystal,20.0,5.0,,,,,5000,T_above_Tc,,,,,
Fe1S0.1Te0.9,iron_chalcogenide_11,mp-21273,,A1,10.0,3DSC_MP,47.0,c_parent,±20-50%,S1_v3_2_2B_extension,single_crystal,sample_form_conditional_median:single_crystal,7.7,0.1,,,,,5000,H_below_validated_reduced_field,5.806967537993907,5.713621435637952,5.952076046257077,0.002127659574468,
Fe1S0.1Te0.9,iron_chalcogenide_11,mp-21273,,A1,10.0,3DSC_MP,47.0,c_parent,±20-50%,S1_v3_2_2B_extension,single_crystal,sample_form_conditional_median:single_crystal,7.7,1.0,,,,,5000,H_below_validated_reduced_field,5.795223218736826,5.702285295068371,5.940640435920559,0.0212765957446808,
Fe1S0.1Te0.9,iron_chalcogenide_11,mp-21273,,A1,10.0,3DSC_MP,47.0,c_parent,±20-50%,S1_v3_2_2B_extension,single_crystal,sample_form_conditional_median:single_crystal,7.7,5.0,,,,,5000,H_below_validated_reduced_field,5.742369535658458,5.651728586585333,5.885192058095304,0.1063829787234042,
Fe1Se0.05Te0.95,iron_chalcogenide_11,mp-21273,,A1,3.35,3DSC_MP,47.0,c_parent,±20-50%,S1_v3_2_2B_extension,single_crystal,sample_form_conditional_median:single_crystal,4.2,0.1,,,,,5000,T_above_Tc,,,,,
Fe1Se0.05Te0.95,iron_chalcogenide_11,mp-21273,,A1,3.35,3DSC_MP,47.0,c_parent,±20-50%,S1_v3_2_2B_extension,single_crystal,sample_form_conditional_median:single_crystal,4.2,1.0,,,,,5000,T_above_Tc,,,,,
Fe1Se0.05Te0.95,iron_chalcogenide_11,mp-21273,,A1,3.35,3DSC_MP,47.0,c_parent,±20-50%,S1_v3_2_2B_extension,single_crystal,sample_form_conditional_median:single_crystal,4.2,5.0,,,,,5000,T_above_Tc,,,,,
Fe1Se0.05Te0.95,iron_chalcogenide_11,mp-21273,,A1,3.35,3DSC_MP,47.0,c_parent,±20-50%,S1_v3_2_2B_extension,single_crystal,sample_form_conditional_median:single_crystal,20.0,0.1,,,,,5000,T_above_Tc,,,,,
Fe1Se0.05Te0.95,iron_chalcogenide_11,mp-21273,,A1,3.35,3DSC_MP,47.0,c_parent,±20-50%,S1_v3_2_2B_extension,single_crystal,sample_form_conditional_median:single_crystal,20.0,1.0,,,,,5000,T_above_Tc,,,,,
Fe1Se0.05Te0.95,iron_chalcogenide_11,mp-21273,,A1,3.35,3DSC_MP,47.0,c_parent,±20-50%,S1_v3_2_2B_extension,single_crystal,sample_form_conditional_median:single_crystal,20.0,5.0,,,,,5000,T_above_Tc,,,,,
Fe1Se0.05Te0.95,iron_chalcogenide_11,mp-21273,,A1,3.35,3DSC_MP,47.0,c_parent,±20-50%,S1_v3_2_2B_extension,single_crystal,sample_form_conditional_median:single_crystal,2.5795000000000003,0.1,,,,,5000,H_below_validated_reduced_field,9.496827252954535,8.87122619544403,10.28930342638615,0.002127659574468,
Fe1Se0.05Te0.95,iron_chalcogenide_11,mp-21273,,A1,3.35,3DSC_MP,47.0,c_parent,±20-50%,S1_v3_2_2B_extension,single_crystal,sample_form_conditional_median:single_crystal,2.5795000000000003,1.0,,,,,5000,H_below_validated_reduced_field,9.485691710204012,8.859474915149217,10.278167883602672,0.0212765957446808,
Fe1Se0.05Te0.95,iron_chalcogenide_11,mp-21273,,A1,3.35,3DSC_MP,47.0,c_parent,±20-50%,S1_v3_2_2B_extension,single_crystal,sample_form_conditional_median:single_crystal,2.5795000000000003,5.0,,,,,5000,H_below_validated_reduced_field,9.433259390877138,8.805976384104335,10.225316666135132,0.1063829787234042,
Fe1Se0.075Te0.925,iron_chalcogenide_11,mp-21273,,A1,11.5,3DSC_MP,47.0,c_parent,±20-50%,S1_v3_2_2B_extension,single_crystal,sample_form_conditional_median:single_crystal,4.2,0.1,,,,,5000,H_below_validated_reduced_field,5.996159972950191,5.877146982269887,6.121613313756543,0.002127659574468,
Fe1Se0.075Te0.925,iron_chalcogenide_11,mp-21273,,A1,11.5,3DSC_MP,47.0,c_parent,±20-50%,S1_v3_2_2B_extension,single_crystal,sample_form_conditional_median:single_crystal,4.2,1.0,,,,,5000,H_below_validated_reduced_field,5.98441565369311,5.866011440595365,6.109820183758652,0.0212765957446808,
Fe1Se0.075Te0.925,iron_chalcogenide_11,mp-21273,,A1,11.5,3DSC_MP,47.0,c_parent,±20-50%,S1_v3_2_2B_extension,single_crystal,sample_form_conditional_median:single_crystal,4.2,5.0,,,,,5000,H_below_validated_reduced_field,5.929148868030789,5.813729987105639,6.054451348051834,0.1063829787234042,
Fe1Se0.075Te0.925,iron_chalcogenide_11,mp-21273,,A1,11.5,3DSC_MP,47.0,c_parent,±20-50%,S1_v3_2_2B_extension,single_crystal,sample_form_conditional_median:single_crystal,20.0,0.1,,,,,5000,T_above_Tc,,,,,
Fe1Se0.075Te0.925,iron_chalcogenide_11,mp-21273,,A1,11.5,3DSC_MP,47.0,c_parent,±20-50%,S1_v3_2_2B_extension,single_crystal,sample_form_conditional_median:single_crystal,20.0,1.0,,,,,5000,T_above_Tc,,,,,
Fe1Se0.075Te0.925,iron_chalcogenide_11,mp-21273,,A1,11.5,3DSC_MP,47.0,c_parent,±20-50%,S1_v3_2_2B_extension,single_crystal,sample_form_conditional_median:single_crystal,20.0,5.0,,,,,5000,T_above_Tc,,,,,
Fe1Se0.075Te0.925,iron_chalcogenide_11,mp-21273,,A1,11.5,3DSC_MP,47.0,c_parent,±20-50%,S1_v3_2_2B_extension,single_crystal,sample_form_conditional_median:single_crystal,8.855,0.1,,,,,5000,H_below_validated_reduced_field,5.790753081316644,5.694763036920546,5.928729335566075,0.002127659574468,
Fe1Se0.075Te0.925,iron_chalcogenide_11,mp-21273,,A1,11.5,3DSC_MP,47.0,c_parent,±20-50%,S1_v3_2_2B_extension,single_crystal,sample_form_conditional_median:single_crystal,8.855,1.0,,,,,5000,H_below_validated_reduced_field,5.779008762059562,5.683627495246023,5.916985016308994,0.0212765957446808,
Fe1Se0.075Te0.925,iron_chalcogenide_11,mp-21273,,A1,11.5,3DSC_MP,47.0,c_parent,±20-50%,S1_v3_2_2B_extension,single_crystal,sample_form_conditional_median:single_crystal,8.855,5.0,,,,,5000,H_below_validated_reduced_field,5.726253278542613,5.631346041674409,5.8618453474043015,0.1063829787234042,
Fe1Se0.07Te0.93,iron_chalcogenide_11,mp-21273,,A1,8.2,3DSC_MP,47.0,c_parent,±20-50%,S1_v3_2_2B_extension,single_crystal,sample_form_conditional_median:single_crystal,4.2,0.1,,,,,5000,H_below_validated_reduced_field,5.996159972950191,5.877146982269887,6.121613313756543,0.002127659574468,
Fe1Se0.07Te0.93,iron_chalcogenide_11,mp-21273,,A1,8.2,3DSC_MP,47.0,c_parent,±20-50%,S1_v3_2_2B_extension,single_crystal,sample_form_conditional_median:single_crystal,4.2,1.0,,,,,5000,H_below_validated_reduced_field,5.98441565369311,5.8660114395193625,6.109590552990185,0.0212765957446808,
Fe1Se0.07Te0.93,iron_chalcogenide_11,mp-21273,,A1,8.2,3DSC_MP,47.0,c_parent,±20-50%,S1_v3_2_2B_extension,single_crystal,sample_form_conditional_median:single_crystal,4.2,5.0,,,,,5000,H_below_validated_reduced_field,5.9289980072454815,5.813729980977796,6.053143599065836,0.1063829787234042,
Fe1Se0.07Te0.93,iron_chalcogenide_11,mp-21273,,A1,8.2,3DSC_MP,47.0,c_parent,±20-50%,S1_v3_2_2B_extension,single_crystal,sample_form_conditional_median:single_crystal,20.0,0.1,,,,,5000,T_above_Tc,,,,,
Fe1Se0.07Te0.93,iron_chalcogenide_11,mp-21273,,A1,8.2,3DSC_MP,47.0,c_parent,±20-50%,S1_v3_2_2B_extension,single_crystal,sample_form_conditional_median:single_crystal,20.0,1.0,,,,,5000,T_above_Tc,,,,,
Fe1Se0.07Te0.93,iron_chalcogenide_11,mp-21273,,A1,8.2,3DSC_MP,47.0,c_parent,±20-50%,S1_v3_2_2B_extension,single_crystal,sample_form_conditional_median:single_crystal,20.0,5.0,,,,,5000,T_above_Tc,,,,,
Fe1Se0.07Te0.93,iron_chalcogenide_11,mp-21273,,A1,8.2,3DSC_MP,47.0,c_parent,±20-50%,S1_v3_2_2B_extension,single_crystal,sample_form_conditional_median:single_crystal,6.313999999999999,0.1,,,,,5000,H_below_validated_reduced_field,5.838478362313592,5.742077633722924,5.978207231584909,0.002127659574468,
Fe1Se0.07Te0.93,iron_chalcogenide_11,mp-21273,,A1,8.2,3DSC_MP,47.0,c_parent,±20-50%,S1_v3_2_2B_extension,single_crystal,sample_form_conditional_median:single_crystal,6.313999999999999,1.0,,,,,5000,H_below_validated_reduced_field,5.827181591183074,5.730942088860042,5.96706444846673,0.0212765957446808,
Fe1Se0.07Te0.93,iron_chalcogenide_11,mp-21273,,A1,8.2,3DSC_MP,47.0,c_parent,±20-50%,S1_v3_2_2B_extension,single_crystal,sample_form_conditional_median:single_crystal,6.313999999999999,5.0,,,,,5000,H_below_validated_reduced_field,5.774650676826931,5.678660630318476,5.912492969095748,0.1063829787234042,
Fe1Se0.13Te0.87,iron_chalcogenide_11,mp-21273,,A1,6.0,3DSC_MP,47.0,c_parent,±20-50%,S1_v3_2_2B_extension,single_crystal,sample_form_conditional_median:single_crystal,4.2,0.1,,,,,5000,H_below_validated_reduced_field,5.996159972950191,5.877146982269887,6.121613313756543,0.002127659574468,
Fe1Se0.13Te0.87,iron_chalcogenide_11,mp-21273,,A1,6.0,3DSC_MP,47.0,c_parent,±20-50%,S1_v3_2_2B_extension,single_crystal,sample_form_conditional_median:single_crystal,4.2,1.0,,,,,5000,H_below_validated_reduced_field,5.98441565369311,5.866150883848946,6.109868994499462,0.0212765957446808,
Fe1Se0.13Te0.87,iron_chalcogenide_11,mp-21273,,A1,6.0,3DSC_MP,47.0,c_parent,±20-50%,S1_v3_2_2B_extension,single_crystal,sample_form_conditional_median:single_crystal,4.2,5.0,,,,,5000,H_below_validated_reduced_field,5.929148868030789,5.814524117503292,6.05472932559477,0.1063829787234042,
Fe1Se0.13Te0.87,iron_chalcogenide_11,mp-21273,,A1,6.0,3DSC_MP,47.0,c_parent,±20-50%,S1_v3_2_2B_extension,single_crystal,sample_form_conditional_median:single_crystal,20.0,0.1,,,,,5000,T_above_Tc,,,,,
Fe1Se0.13Te0.87,iron_chalcogenide_11,mp-21273,,A1,6.0,3DSC_MP,47.0,c_parent,±20-50%,S1_v3_2_2B_extension,single_crystal,sample_form_conditional_median:single_crystal,20.0,1.0,,,,,5000,T_above_Tc,,,,,
Fe1Se0.13Te0.87,iron_chalcogenide_11,mp-21273,,A1,6.0,3DSC_MP,47.0,c_parent,±20-50%,S1_v3_2_2B_extension,single_crystal,sample_form_conditional_median:single_crystal,20.0,5.0,,,,,5000,T_above_Tc,,,,,
Fe1Se0.13Te0.87,iron_chalcogenide_11,mp-21273,,A1,6.0,3DSC_MP,47.0,c_parent,±20-50%,S1_v3_2_2B_extension,single_crystal,sample_form_conditional_median:single_crystal,4.62,0.1,,,,,5000,H_below_validated_reduced_field,5.940434398136417,5.8344486280516925,6.073305528002446,0.002127659574468,
Fe1Se0.13Te0.87,iron_chalcogenide_11,mp-21273,,A1,6.0,3DSC_MP,47.0,c_parent,±20-50%,S1_v3_2_2B_extension,single_crystal,sample_form_conditional_median:single_crystal,4.62,1.0,,,,,5000,H_below_validated_reduced_field,5.928776571018499,5.822326742493682,6.061157975885799,0.0212765957446808,
Fe1Se0.13Te0.87,iron_chalcogenide_11,mp-21273,,A1,6.0,3DSC_MP,47.0,c_parent,±20-50%,S1_v3_2_2B_extension,single_crystal,sample_form_conditional_median:single_crystal,4.62,5.0,,,,,5000,H_below_validated_reduced_field,5.875147295162724,5.767790663161118,6.005409325095121,0.1063829787234042,
Fe1Se0.1Te0.9,iron_chalcogenide_11,mp-21273,,A1,9.816666665,3DSC_MP,47.0,c_parent,±20-50%,S1_v3_2_2B_extension,single_crystal,sample_form_conditional_median:single_crystal,4.2,0.1,,,,,5000,H_below_validated_reduced_field,5.996159972950191,5.877146982269887,6.121613313756543,0.002127659574468,
Fe1Se0.1Te0.9,iron_chalcogenide_11,mp-21273,,A1,9.816666665,3DSC_MP,47.0,c_parent,±20-50%,S1_v3_2_2B_extension,single_crystal,sample_form_conditional_median:single_crystal,4.2,1.0,,,,,5000,H_below_validated_reduced_field,5.98441565369311,5.866011440595365,6.109821404027172,0.0212765957446808,
Fe1Se0.1Te0.9,iron_chalcogenide_11,mp-21273,,A1,9.816666665,3DSC_MP,47.0,c_parent,±20-50%,S1_v3_2_2B_extension,single_crystal,sample_form_conditional_median:single_crystal,4.2,5.0,,,,,5000,H_below_validated_reduced_field,5.9289980072454815,5.813729987105639,6.05472932559477,0.1063829787234042,
Fe1Se0.1Te0.9,iron_chalcogenide_11,mp-21273,,A1,9.816666665,3DSC_MP,47.0,c_parent,±20-50%,S1_v3_2_2B_extension,single_crystal,sample_form_conditional_median:single_crystal,20.0,0.1,,,,,5000,T_above_Tc,,,,,
Fe1Se0.1Te0.9,iron_chalcogenide_11,mp-21273,,A1,9.816666665,3DSC_MP,47.0,c_parent,±20-50%,S1_v3_2_2B_extension,single_crystal,sample_form_conditional_median:single_crystal,20.0,1.0,,,,,5000,T_above_Tc,,,,,
Fe1Se0.1Te0.9,iron_chalcogenide_11,mp-21273,,A1,9.816666665,3DSC_MP,47.0,c_parent,±20-50%,S1_v3_2_2B_extension,single_crystal,sample_form_conditional_median:single_crystal,20.0,5.0,,,,,5000,T_above_Tc,,,,,
Fe1Se0.1Te0.9,iron_chalcogenide_11,mp-21273,,A1,9.816666665,3DSC_MP,47.0,c_parent,±20-50%,S1_v3_2_2B_extension,single_crystal,sample_form_conditional_median:single_crystal,7.55883333205,0.1,,,,,5000,H_below_validated_reduced_field,5.807446619837963,5.713423660453622,5.949093109141833,0.002127659574468,
Fe1Se0.1Te0.9,iron_chalcogenide_11,mp-21273,,A1,9.816666665,3DSC_MP,47.0,c_parent,±20-50%,S1_v3_2_2B_extension,single_crystal,sample_form_conditional_median:single_crystal,7.55883333205,1.0,,,,,5000,H_below_validated_reduced_field,5.795702300580881,5.702424073454876,5.937348789884752,0.0212765957446808,
Fe1Se0.1Te0.9,iron_chalcogenide_11,mp-21273,,A1,9.816666665,3DSC_MP,47.0,c_parent,±20-50%,S1_v3_2_2B_extension,single_crystal,sample_form_conditional_median:single_crystal,7.55883333205,5.0,,,,,5000,H_below_validated_reduced_field,5.7425297166879465,5.65078093993062,5.885661602868048,0.1063829787234042,
Fe1Se0.8,iron_chalcogenide_11,mp-20311,,A1,8.65,3DSC_MP,16.0,c_parent,±20-50%,S1_v3_2_2B_extension,single_crystal,sample_form_conditional_median:single_crystal,4.2,0.1,,,,,5000,H_below_validated_reduced_field,5.996159972950191,5.877146982269887,6.121613313756543,0.00625,
Fe1Se0.8,iron_chalcogenide_11,mp-20311,,A1,8.65,3DSC_MP,16.0,c_parent,±20-50%,S1_v3_2_2B_extension,single_crystal,sample_form_conditional_median:single_crystal,4.2,1.0,,,,,5000,H_below_validated_reduced_field,5.960695330350417,5.84365985511429,6.086148671156769,0.0625,
Fe1Se0.8,iron_chalcogenide_11,mp-20311,,A1,8.65,3DSC_MP,16.0,c_parent,±20-50%,S1_v3_2_2B_extension,single_crystal,sample_form_conditional_median:single_crystal,4.2,5.0,,,,,5000,family_fails_field_axis_validation,5.7694682668345525,5.665413894164623,5.898304846472484,0.3125,
Fe1Se0.8,iron_chalcogenide_11,mp-20311,,A1,8.65,3DSC_MP,16.0,c_parent,±20-50%,S1_v3_2_2B_extension,single_crystal,sample_form_conditional_median:single_crystal,20.0,0.1,,,,,5000,T_above_Tc,,,,,
Fe1Se0.8,iron_chalcogenide_11,mp-20311,,A1,8.65,3DSC_MP,16.0,c_parent,±20-50%,S1_v3_2_2B_extension,single_crystal,sample_form_conditional_median:single_crystal,20.0,1.0,,,,,5000,T_above_Tc,,,,,
Fe1Se0.8,iron_chalcogenide_11,mp-20311,,A1,8.65,3DSC_MP,16.0,c_parent,±20-50%,S1_v3_2_2B_extension,single_crystal,sample_form_conditional_median:single_crystal,20.0,5.0,,,,,5000,T_above_Tc,,,,,
Fe1Se0.8,iron_chalcogenide_11,mp-20311,,A1,8.65,3DSC_MP,16.0,c_parent,±20-50%,S1_v3_2_2B_extension,single_crystal,sample_form_conditional_median:single_crystal,6.660500000000001,0.1,,,,,5000,H_below_validated_reduced_field,5.828512928127476,5.736051259402272,5.969218539419639,0.00625,
Fe1Se0.8,iron_chalcogenide_11,mp-20311,,A1,8.65,3DSC_MP,16.0,c_parent,±20-50%,S1_v3_2_2B_extension,single_crystal,sample_form_conditional_median:single_crystal,6.660500000000001,1.0,,,,,5000,H_below_validated_reduced_field,5.794441666253616,5.700552574420056,5.935159642704283,0.0625,
Fe1Se0.8,iron_chalcogenide_11,mp-20311,,A1,8.65,3DSC_MP,16.0,c_parent,±20-50%,S1_v3_2_2B_extension,single_crystal,sample_form_conditional_median:single_crystal,6.660500000000001,5.0,,,,,5000,family_fails_field_axis_validation,5.614734988391504,5.520579072031003,5.75275265227523,0.3125,
Fe1Se0.82,iron_chalcogenide_11,mp-20311,,A1,7.83,3DSC_MP,16.0,c_parent,±20-50%,S1_v3_2_2B_extension,single_crystal,sample_form_conditional_median:single_crystal,4.2,0.1,,,,,5000,H_below_validated_reduced_field,5.996159972950191,5.877146982269887,6.121613313756543,0.00625,
Fe1Se0.82,iron_chalcogenide_11,mp-20311,,A1,7.83,3DSC_MP,16.0,c_parent,±20-50%,S1_v3_2_2B_extension,single_crystal,sample_form_conditional_median:single_crystal,4.2,1.0,,,,,5000,H_below_validated_reduced_field,5.96084211542598,5.843659858350076,6.085458118849194,0.0625,
Fe1Se0.82,iron_chalcogenide_11,mp-20311,,A1,7.83,3DSC_MP,16.0,c_parent,±20-50%,S1_v3_2_2B_extension,single_crystal,sample_form_conditional_median:single_crystal,4.2,5.0,,,,,5000,family_fails_field_axis_validation,5.771923410007387,5.665413914623919,5.898304846472484,0.3125,
Fe1Se0.82,iron_chalcogenide_11,mp-20311,,A1,7.83,3DSC_MP,16.0,c_parent,±20-50%,S1_v3_2_2B_extension,single_crystal,sample_form_conditional_median:single_crystal,20.0,0.1,,,,,5000,T_above_Tc,,,,,
Fe1Se0.82,iron_chalcogenide_11,mp-20311,,A1,7.83,3DSC_MP,16.0,c_parent,±20-50%,S1_v3_2_2B_extension,single_crystal,sample_form_conditional_median:single_crystal,20.0,1.0,,,,,5000,T_above_Tc,,,,,
Fe1Se0.82,iron_chalcogenide_11,mp-20311,,A1,7.83,3DSC_MP,16.0,c_parent,±20-50%,S1_v3_2_2B_extension,single_crystal,sample_form_conditional_median:single_crystal,20.0,5.0,,,,,5000,T_above_Tc,,,,,
Fe1Se0.82,iron_chalcogenide_11,mp-20311,,A1,7.83,3DSC_MP,16.0,c_parent,±20-50%,S1_v3_2_2B_extension,single_crystal,sample_form_conditional_median:single_crystal,6.029100000000001,0.1,,,,,5000,H_below_validated_reduced_field,5.849151469334602,5.758730780552487,5.985879670307586,0.00625,
Fe1Se0.82,iron_chalcogenide_11,mp-20311,,A1,7.83,3DSC_MP,16.0,c_parent,±20-50%,S1_v3_2_2B_extension,single_crystal,sample_form_conditional_median:single_crystal,6.029100000000001,1.0,,,,,5000,H_below_validated_reduced_field,5.815116748619893,5.725243653396889,5.952392546387775,0.0625,
Fe1Se0.82,iron_chalcogenide_11,mp-20311,,A1,7.83,3DSC_MP,16.0,c_parent,±20-50%,S1_v3_2_2B_extension,single_crystal,sample_form_conditional_median:single_crystal,6.029100000000001,5.0,,,,,5000,family_fails_field_axis_validation,5.635332550477397,5.543798160767244,5.767900471644446,0.3125,
Fe1Se0.85,iron_chalcogenide_11,mp-20311,,A1,9.62,3DSC_MP,16.0,c_parent,±20-50%,S1_v3_2_2B_extension,single_crystal,sample_form_conditional_median:single_crystal,4.2,0.1,,,,,5000,H_below_validated_reduced_field,5.996159972950191,5.877146982269887,6.121613313756543,0.00625,
Fe1Se0.85,iron_chalcogenide_11,mp-20311,,A1,9.62,3DSC_MP,16.0,c_parent,±20-50%,S1_v3_2_2B_extension,single_crystal,sample_form_conditional_median:single_crystal,4.2,1.0,,,,,5000,H_below_validated_reduced_field,5.960695330350417,5.843659858350076,6.085475382656883,0.0625,
Fe1Se0.85,iron_chalcogenide_11,mp-20311,,A1,9.62,3DSC_MP,16.0,c_parent,±20-50%,S1_v3_2_2B_extension,single_crystal,sample_form_conditional_median:single_crystal,4.2,5.0,,,,,5000,family_fails_field_axis_validation,5.7694682668345525,5.665413914623919,5.89737675081374,0.3125,
Fe1Se0.85,iron_chalcogenide_11,mp-20311,,A1,9.62,3DSC_MP,16.0,c_parent,±20-50%,S1_v3_2_2B_extension,single_crystal,sample_form_conditional_median:single_crystal,20.0,0.1,,,,,5000,T_above_Tc,,,,,
Fe1Se0.85,iron_chalcogenide_11,mp-20311,,A1,9.62,3DSC_MP,16.0,c_parent,±20-50%,S1_v3_2_2B_extension,single_crystal,sample_form_conditional_median:single_crystal,20.0,1.0,,,,,5000,T_above_Tc,,,,,
Fe1Se0.85,iron_chalcogenide_11,mp-20311,,A1,9.62,3DSC_MP,16.0,c_parent,±20-50%,S1_v3_2_2B_extension,single_crystal,sample_form_conditional_median:single_crystal,20.0,5.0,,,,,5000,T_above_Tc,,,,,
Fe1Se0.85,iron_chalcogenide_11,mp-20311,,A1,9.62,3DSC_MP,16.0,c_parent,±20-50%,S1_v3_2_2B_extension,single_crystal,sample_form_conditional_median:single_crystal,7.4074,0.1,,,,,5000,H_below_validated_reduced_field,5.812181286315359,5.725791075203895,5.947951440252919,0.00625,
Fe1Se0.85,iron_chalcogenide_11,mp-20311,,A1,9.62,3DSC_MP,16.0,c_parent,±20-50%,S1_v3_2_2B_extension,single_crystal,sample_form_conditional_median:single_crystal,7.4074,1.0,,,,,5000,H_below_validated_reduced_field,5.776760331565509,5.6904695480527945,5.91452408978981,0.0625,
Fe1Se0.85,iron_chalcogenide_11,mp-20311,,A1,9.62,3DSC_MP,16.0,c_parent,±20-50%,S1_v3_2_2B_extension,single_crystal,sample_form_conditional_median:single_crystal,7.4074,5.0,,,,,5000,family_fails_field_axis_validation,5.597259332172942,5.505460396633928,5.7331470989008695,0.3125,
Fe1Se0.88,iron_chalcogenide_11,mp-20311,,A1,8.843333333,3DSC_MP,16.0,c_parent,±20-50%,S1_v3_2_2B_extension,single_crystal,sample_form_conditional_median:single_crystal,4.2,0.1,,,,,5000,H_below_validated_reduced_field,5.996159972950191,5.877146982269887,6.121613313756543,0.00625,
Fe1Se0.88,iron_chalcogenide_11,mp-20311,,A1,8.843333333,3DSC_MP,16.0,c_parent,±20-50%,S1_v3_2_2B_extension,single_crystal,sample_form_conditional_median:single_crystal,4.2,1.0,,,,,5000,H_below_validated_reduced_field,5.960695330350417,5.844410032227914,6.086295456232333,0.0625,
Fe1Se0.88,iron_chalcogenide_11,mp-20311,,A1,8.843333333,3DSC_MP,16.0,c_parent,±20-50%,S1_v3_2_2B_extension,single_crystal,sample_form_conditional_median:single_crystal,4.2,5.0,,,,,5000,family_fails_field_axis_validation,5.7694682668345525,5.670157129263759,5.898304846472484,0.3125,
Fe1Se0.88,iron_chalcogenide_11,mp-20311,,A1,8.843333333,3DSC_MP,16.0,c_parent,±20-50%,S1_v3_2_2B_extension,single_crystal,sample_form_conditional_median:single_crystal,20.0,0.1,,,,,5000,T_above_Tc,,,,,
Fe1Se0.88,iron_chalcogenide_11,mp-20311,,A1,8.843333333,3DSC_MP,16.0,c_parent,±20-50%,S1_v3_2_2B_extension,single_crystal,sample_form_conditional_median:single_crystal,20.0,1.0,,,,,5000,T_above_Tc,,,,,
Fe1Se0.88,iron_chalcogenide_11,mp-20311,,A1,8.843333333,3DSC_MP,16.0,c_parent,±20-50%,S1_v3_2_2B_extension,single_crystal,sample_form_conditional_median:single_crystal,20.0,5.0,,,,,5000,T_above_Tc,,,,,
Fe1Se0.88,iron_chalcogenide_11,mp-20311,,A1,8.843333333,3DSC_MP,16.0,c_parent,±20-50%,S1_v3_2_2B_extension,single_crystal,sample_form_conditional_median:single_crystal,6.809366666410001,0.1,,,,,5000,H_below_validated_reduced_field,5.82484373065835,5.7470946250856585,5.965352195387381,0.00625,
Fe1Se0.88,iron_chalcogenide_11,mp-20311,,A1,8.843333333,3DSC_MP,16.0,c_parent,±20-50%,S1_v3_2_2B_extension,single_crystal,sample_form_conditional_median:single_crystal,6.809366666410001,1.0,,,,,5000,H_below_validated_reduced_field,5.790511035629335,5.712446214805055,5.930944704149717,0.0625,
Fe1Se0.88,iron_chalcogenide_11,mp-20311,,A1,8.843333333,3DSC_MP,16.0,c_parent,±20-50%,S1_v3_2_2B_extension,single_crystal,sample_form_conditional_median:single_crystal,6.809366666410001,5.0,,,,,5000,family_fails_field_axis_validation,5.611318223064492,5.524466979021105,5.747450302793371,0.3125,
Fe1Se0.92,iron_chalcogenide_11,mp-20311,,A1,7.4,3DSC_MP,16.0,c_parent,±20-50%,S1_v3_2_2B_extension,single_crystal,sample_form_conditional_median:single_crystal,4.2,0.1,,,,,5000,H_below_validated_reduced_field,5.996159972950191,5.877146982269887,6.121613313756543,0.00625,
Fe1Se0.92,iron_chalcogenide_11,mp-20311,,A1,7.4,3DSC_MP,16.0,c_parent,±20-50%,S1_v3_2_2B_extension,single_crystal,sample_form_conditional_median:single_crystal,4.2,1.0,,,,,5000,H_below_validated_reduced_field,5.96084211542598,5.843659858350076,6.085458118849194,0.0625,
Fe1Se0.92,iron_chalcogenide_11,mp-20311,,A1,7.4,3DSC_MP,16.0,c_parent,±20-50%,S1_v3_2_2B_extension,single_crystal,sample_form_conditional_median:single_crystal,4.2,5.0,,,,,5000,family_fails_field_axis_validation,5.771923410007387,5.667999027229005,5.89737675081374,0.3125,
Fe1Se0.92,iron_chalcogenide_11,mp-20311,,A1,7.4,3DSC_MP,16.0,c_parent,±20-50%,S1_v3_2_2B_extension,single_crystal,sample_form_conditional_median:single_crystal,20.0,0.1,,,,,5000,T_above_Tc,,,,,
Fe1Se0.92,iron_chalcogenide_11,mp-20311,,A1,7.4,3DSC_MP,16.0,c_parent,±20-50%,S1_v3_2_2B_extension,single_crystal,sample_form_conditional_median:single_crystal,20.0,1.0,,,,,5000,T_above_Tc,,,,,
Fe1Se0.92,iron_chalcogenide_11,mp-20311,,A1,7.4,3DSC_MP,16.0,c_parent,±20-50%,S1_v3_2_2B_extension,single_crystal,sample_form_conditional_median:single_crystal,20.0,5.0,,,,,5000,T_above_Tc,,,,,
Fe1Se0.92,iron_chalcogenide_11,mp-20311,,A1,7.4,3DSC_MP,16.0,c_parent,±20-50%,S1_v3_2_2B_extension,single_crystal,sample_form_conditional_median:single_crystal,5.698,0.1,,,,,5000,H_below_validated_reduced_field,5.863748444822501,5.770488728911439,5.9903337824493095,0.00625,
Fe1Se0.92,iron_chalcogenide_11,mp-20311,,A1,7.4,3DSC_MP,16.0,c_parent,±20-50%,S1_v3_2_2B_extension,single_crystal,sample_form_conditional_median:single_crystal,5.698,1.0,,,,,5000,H_below_validated_reduced_field,5.829689548107145,5.736987307516848,5.956846655293712,0.0625,
Fe1Se0.92,iron_chalcogenide_11,mp-20311,,A1,7.4,3DSC_MP,16.0,c_parent,±20-50%,S1_v3_2_2B_extension,single_crystal,sample_form_conditional_median:single_crystal,5.698,5.0,,,,,5000,family_fails_field_axis_validation,5.649348384046153,5.555140444614227,5.777868527590427,0.3125,
Fe1Se0.93,iron_chalcogenide_11,mp-20311,,A1,7.0,3DSC_MP,16.0,c_parent,±20-50%,S1_v3_2_2B_extension,single_crystal,sample_form_conditional_median:single_crystal,4.2,0.1,,,,,5000,H_below_validated_reduced_field,5.996159972950191,5.877146982269887,6.121613313756543,0.00625,
Fe1Se0.93,iron_chalcogenide_11,mp-20311,,A1,7.0,3DSC_MP,16.0,c_parent,±20-50%,S1_v3_2_2B_extension,single_crystal,sample_form_conditional_median:single_crystal,4.2,1.0,,,,,5000,H_below_validated_reduced_field,5.960695330350417,5.84365985511429,6.086295456232333,0.0625,
Fe1Se0.93,iron_chalcogenide_11,mp-20311,,A1,7.0,3DSC_MP,16.0,c_parent,±20-50%,S1_v3_2_2B_extension,single_crystal,sample_form_conditional_median:single_crystal,4.2,5.0,,,,,5000,family_fails_field_axis_validation,5.7694682668345525,5.665413894164623,5.898304846472484,0.3125,
Fe1Se0.93,iron_chalcogenide_11,mp-20311,,A1,7.0,3DSC_MP,16.0,c_parent,±20-50%,S1_v3_2_2B_extension,single_crystal,sample_form_conditional_median:single_crystal,20.0,0.1,,,,,5000,T_above_Tc,,,,,
Fe1Se0.93,iron_chalcogenide_11,mp-20311,,A1,7.0,3DSC_MP,16.0,c_parent,±20-50%,S1_v3_2_2B_extension,single_crystal,sample_form_conditional_median:single_crystal,20.0,1.0,,,,,5000,T_above_Tc,,,,,
Fe1Se0.93,iron_chalcogenide_11,mp-20311,,A1,7.0,3DSC_MP,16.0,c_parent,±20-50%,S1_v3_2_2B_extension,single_crystal,sample_form_conditional_median:single_crystal,20.0,5.0,,,,,5000,T_above_Tc,,,,,
Fe1Se0.93,iron_chalcogenide_11,mp-20311,,A1,7.0,3DSC_MP,16.0,c_parent,±20-50%,S1_v3_2_2B_extension,single_crystal,sample_form_conditional_median:single_crystal,5.390000000000001,0.1,,,,,5000,H_below_validated_reduced_field,5.879988855923071,5.777729865773301,6.008147671918627,0.00625,
Fe1Se0.93,iron_chalcogenide_11,mp-20311,,A1,7.0,3DSC_MP,16.0,c_parent,±20-50%,S1_v3_2_2B_extension,single_crystal,sample_form_conditional_median:single_crystal,5.390000000000001,1.0,,,,,5000,H_below_validated_reduced_field,5.845542565145406,5.743795264415796,5.974863487129508,0.0625,
Fe1Se0.93,iron_chalcogenide_11,mp-20311,,A1,7.0,3DSC_MP,16.0,c_parent,±20-50%,S1_v3_2_2B_extension,single_crystal,sample_form_conditional_median:single_crystal,5.390000000000001,5.0,,,,,5000,family_fails_field_axis_validation,5.664640571625859,5.5647442961351485,5.795834541218019,0.3125,
Fe1Se0.94,iron_chalcogenide_11,mp-20311,,A1,8.545,3DSC_MP,16.0,c_parent,±20-50%,S1_v3_2_2B_extension,single_crystal,sample_form_conditional_median:single_crystal,4.2,0.1,,,,,5000,H_below_validated_reduced_field,5.996159972950191,5.877146982269887,6.121613313756543,0.00625,
Fe1Se0.94,iron_chalcogenide_11,mp-20311,,A1,8.545,3DSC_MP,16.0,c_parent,±20-50%,S1_v3_2_2B_extension,single_crystal,sample_form_conditional_median:single_crystal,4.2,1.0,,,,,5000,H_below_validated_reduced_field,5.96084211542598,5.843659858350076,6.086148671156769,0.0625,
Fe1Se0.94,iron_chalcogenide_11,mp-20311,,A1,8.545,3DSC_MP,16.0,c_parent,±20-50%,S1_v3_2_2B_extension,single_crystal,sample_form_conditional_median:single_crystal,4.2,5.0,,,,,5000,family_fails_field_axis_validation,5.771923410007387,5.665413914623919,5.898304846472484,0.3125,
Fe1Se0.94,iron_chalcogenide_11,mp-20311,,A1,8.545,3DSC_MP,16.0,c_parent,±20-50%,S1_v3_2_2B_extension,single_crystal,sample_form_conditional_median:single_crystal,20.0,0.1,,,,,5000,T_above_Tc,,,,,
Fe1Se0.94,iron_chalcogenide_11,mp-20311,,A1,8.545,3DSC_MP,16.0,c_parent,±20-50%,S1_v3_2_2B_extension,single_crystal,sample_form_conditional_median:single_crystal,20.0,1.0,,,,,5000,T_above_Tc,,,,,
Fe1Se0.94,iron_chalcogenide_11,mp-20311,,A1,8.545,3DSC_MP,16.0,c_parent,±20-50%,S1_v3_2_2B_extension,single_crystal,sample_form_conditional_median:single_crystal,20.0,5.0,,,,,5000,T_above_Tc,,,,,
Fe1Se0.94,iron_chalcogenide_11,mp-20311,,A1,8.545,3DSC_MP,16.0,c_parent,±20-50%,S1_v3_2_2B_extension,single_crystal,sample_form_conditional_median:single_crystal,6.57965,0.1,,,,,5000,H_below_validated_reduced_field,5.830608635960312,5.734618593793223,5.9714268499673855,0.00625,
Fe1Se0.94,iron_chalcogenide_11,mp-20311,,A1,8.545,3DSC_MP,16.0,c_parent,±20-50%,S1_v3_2_2B_extension,single_crystal,sample_form_conditional_median:single_crystal,6.57965,1.0,,,,,5000,H_below_validated_reduced_field,5.796549739244956,5.7018733706759415,5.935282362517714,0.0625,
Fe1Se0.94,iron_chalcogenide_11,mp-20311,,A1,8.545,3DSC_MP,16.0,c_parent,±20-50%,S1_v3_2_2B_extension,single_crystal,sample_form_conditional_median:single_crystal,6.57965,5.0,,,,,5000,family_fails_field_axis_validation,5.6175295631822735,5.522885523918245,5.750485483209595,0.3125,
Fe1Se0.98,iron_chalcogenide_11,mp-20311,,A1,8.105,3DSC_MP,16.0,c_parent,±20-50%,S1_v3_2_2B_extension,single_crystal,sample_form_conditional_median:single_crystal,4.2,0.1,,,,,5000,H_below_validated_reduced_field,5.996159972950191,5.877146982269887,6.121613313756543,0.00625,
Fe1Se0.98,iron_chalcogenide_11,mp-20311,,A1,8.105,3DSC_MP,16.0,c_parent,±20-50%,S1_v3_2_2B_extension,single_crystal,sample_form_conditional_median:single_crystal,4.2,1.0,,,,,5000,H_below_validated_reduced_field,5.960695330350417,5.843659858350076,6.085458118849194,0.0625,
Fe1Se0.98,iron_chalcogenide_11,mp-20311,,A1,8.105,3DSC_MP,16.0,c_parent,±20-50%,S1_v3_2_2B_extension,single_crystal,sample_form_conditional_median:single_crystal,4.2,5.0,,,,,5000,family_fails_field_axis_validation,5.7694682668345525,5.665413914623919,5.89737675081374,0.3125,
Fe1Se0.98,iron_chalcogenide_11,mp-20311,,A1,8.105,3DSC_MP,16.0,c_parent,±20-50%,S1_v3_2_2B_extension,single_crystal,sample_form_conditional_median:single_crystal,20.0,0.1,,,,,5000,T_above_Tc,,,,,
Fe1Se0.98,iron_chalcogenide_11,mp-20311,,A1,8.105,3DSC_MP,16.0,c_parent,±20-50%,S1_v3_2_2B_extension,single_crystal,sample_form_conditional_median:single_crystal,20.0,1.0,,,,,5000,T_above_Tc,,,,,
Fe1Se0.98,iron_chalcogenide_11,mp-20311,,A1,8.105,3DSC_MP,16.0,c_parent,±20-50%,S1_v3_2_2B_extension,single_crystal,sample_form_conditional_median:single_crystal,20.0,5.0,,,,,5000,T_above_Tc,,,,,
Fe1Se0.98,iron_chalcogenide_11,mp-20311,,A1,8.105,3DSC_MP,16.0,c_parent,±20-50%,S1_v3_2_2B_extension,single_crystal,sample_form_conditional_median:single_crystal,6.240850000000001,0.1,,,,,5000,H_below_validated_reduced_field,5.841075553965226,5.75222558391479,5.966892304062863,0.00625,
Fe1Se0.98,iron_chalcogenide_11,mp-20311,,A1,8.105,3DSC_MP,16.0,c_parent,±20-50%,S1_v3_2_2B_extension,single_crystal,sample_form_conditional_median:single_crystal,6.240850000000001,1.0,,,,,5000,H_below_validated_reduced_field,5.807140276805457,5.716760941315016,5.93682887717172,0.0625,
Fe1Se0.98,iron_chalcogenide_11,mp-20311,,A1,8.105,3DSC_MP,16.0,c_parent,±20-50%,S1_v3_2_2B_extension,single_crystal,sample_form_conditional_median:single_crystal,6.240850000000001,5.0,,,,,5000,family_fails_field_axis_validation,5.627302288610518,5.5320341581947,5.75500301728918,0.3125,
Fe1Se0.99,iron_chalcogenide_11,mp-20311,,A1,6.99,3DSC_MP,16.0,c_parent,±20-50%,S1_v3_2_2B_extension,single_crystal,sample_form_conditional_median:single_crystal,4.2,0.1,,,,,5000,H_below_validated_reduced_field,5.996159972950191,5.877146982269887,6.121613313756543,0.00625,
Fe1Se0.99,iron_chalcogenide_11,mp-20311,,A1,6.99,3DSC_MP,16.0,c_parent,±20-50%,S1_v3_2_2B_extension,single_crystal,sample_form_conditional_median:single_crystal,4.2,1.0,,,,,5000,H_below_validated_reduced_field,5.96084211542598,5.84365985511429,6.086148671156769,0.0625,
Fe1Se0.99,iron_chalcogenide_11,mp-20311,,A1,6.99,3DSC_MP,16.0,c_parent,±20-50%,S1_v3_2_2B_extension,single_crystal,sample_form_conditional_median:single_crystal,4.2,5.0,,,,,5000,family_fails_field_axis_validation,5.771923410007387,5.665413894164623,5.898304846472484,0.3125,
Fe1Se0.99,iron_chalcogenide_11,mp-20311,,A1,6.99,3DSC_MP,16.0,c_parent,±20-50%,S1_v3_2_2B_extension,single_crystal,sample_form_conditional_median:single_crystal,20.0,0.1,,,,,5000,T_above_Tc,,,,,
Fe1Se0.99,iron_chalcogenide_11,mp-20311,,A1,6.99,3DSC_MP,16.0,c_parent,±20-50%,S1_v3_2_2B_extension,single_crystal,sample_form_conditional_median:single_crystal,20.0,1.0,,,,,5000,T_above_Tc,,,,,
Fe1Se0.99,iron_chalcogenide_11,mp-20311,,A1,6.99,3DSC_MP,16.0,c_parent,±20-50%,S1_v3_2_2B_extension,single_crystal,sample_form_conditional_median:single_crystal,20.0,5.0,,,,,5000,T_above_Tc,,,,,
Fe1Se0.99,iron_chalcogenide_11,mp-20311,,A1,6.99,3DSC_MP,16.0,c_parent,±20-50%,S1_v3_2_2B_extension,single_crystal,sample_form_conditional_median:single_crystal,5.3823,0.1,,,,,5000,H_below_validated_reduced_field,5.880549761320104,5.7781158006919,6.006003102126456,0.00625,
Fe1Se0.99,iron_chalcogenide_11,mp-20311,,A1,6.99,3DSC_MP,16.0,c_parent,±20-50%,S1_v3_2_2B_extension,single_crystal,sample_form_conditional_median:single_crystal,5.3823,1.0,,,,,5000,H_below_validated_reduced_field,5.846490864604748,5.74343884927868,5.9719442054111,0.0625,
Fe1Se0.99,iron_chalcogenide_11,mp-20311,,A1,6.99,3DSC_MP,16.0,c_parent,±20-50%,S1_v3_2_2B_extension,single_crystal,sample_form_conditional_median:single_crystal,5.3823,5.0,,,,,5000,family_fails_field_axis_validation,5.6651588005775295,5.562767517904723,5.793979331072006,0.3125,
Fe1Te1,iron_chalcogenide_11,mp-21273,,A1,1.5,3DSC_MP,47.0,c_parent,±20-50%,S1_v3_2_2B_extension,single_crystal,sample_form_conditional_median:single_crystal,4.2,0.1,,,,,5000,T_above_Tc,,,,,
Fe1Te1,iron_chalcogenide_11,mp-21273,,A1,1.5,3DSC_MP,47.0,c_parent,±20-50%,S1_v3_2_2B_extension,single_crystal,sample_form_conditional_median:single_crystal,4.2,1.0,,,,,5000,T_above_Tc,,,,,
Fe1Te1,iron_chalcogenide_11,mp-21273,,A1,1.5,3DSC_MP,47.0,c_parent,±20-50%,S1_v3_2_2B_extension,single_crystal,sample_form_conditional_median:single_crystal,4.2,5.0,,,,,5000,T_above_Tc,,,,,
Fe1Te1,iron_chalcogenide_11,mp-21273,,A1,1.5,3DSC_MP,47.0,c_parent,±20-50%,S1_v3_2_2B_extension,single_crystal,sample_form_conditional_median:single_crystal,20.0,0.1,,,,,5000,T_above_Tc,,,,,
Fe1Te1,iron_chalcogenide_11,mp-21273,,A1,1.5,3DSC_MP,47.0,c_parent,±20-50%,S1_v3_2_2B_extension,single_crystal,sample_form_conditional_median:single_crystal,20.0,1.0,,,,,5000,T_above_Tc,,,,,
Fe1Te1,iron_chalcogenide_11,mp-21273,,A1,1.5,3DSC_MP,47.0,c_parent,±20-50%,S1_v3_2_2B_extension,single_crystal,sample_form_conditional_median:single_crystal,20.0,5.0,,,,,5000,T_above_Tc,,,,,
Fe1Te1,iron_chalcogenide_11,mp-21273,,A1,1.5,3DSC_MP,47.0,c_parent,±20-50%,S1_v3_2_2B_extension,single_crystal,sample_form_conditional_median:single_crystal,1.155,0.1,,,,,5000,H_below_validated_reduced_field,9.496827252954535,8.87122619544403,10.289303426353197,0.002127659574468,
Fe1Te1,iron_chalcogenide_11,mp-21273,,A1,1.5,3DSC_MP,47.0,c_parent,±20-50%,S1_v3_2_2B_extension,single_crystal,sample_form_conditional_median:single_crystal,1.155,1.0,,,,,5000,H_below_validated_reduced_field,9.485540850494706,8.860090653769507,10.277559107096115,0.0212765957446808,
Fe1Te1,iron_chalcogenide_11,mp-21273,,A1,1.5,3DSC_MP,47.0,c_parent,±20-50%,S1_v3_2_2B_extension,single_crystal,sample_form_conditional_median:single_crystal,1.155,5.0,,,,,5000,H_below_validated_reduced_field,9.4321765893952,8.807809200126586,10.22450792653425,0.1063829787234042,
As1.7Eu1Fe2P0.3,iron_pnictide_122,mp-20890,,A1,23.0,3DSC_MP,,pending,,,single_crystal,sample_form_conditional_median:single_crystal,4.2,0.1,5.746354490991693,5.621997152667846,5.804297695181981,,5000,Hc2_unavailable,,,,,
As1.7Eu1Fe2P0.3,iron_pnictide_122,mp-20890,,A1,23.0,3DSC_MP,,pending,,,single_crystal,sample_form_conditional_median:single_crystal,4.2,1.0,5.746354490991693,5.621997152667846,5.804297695181981,,5000,Hc2_unavailable,,,,,
As1.7Eu1Fe2P0.3,iron_pnictide_122,mp-20890,,A1,23.0,3DSC_MP,,pending,,,single_crystal,sample_form_conditional_median:single_crystal,4.2,5.0,5.746354490991693,5.621997152667846,5.804297695181981,,5000,Hc2_unavailable,,,,,
As1.7Eu1Fe2P0.3,iron_pnictide_122,mp-20890,,A1,23.0,3DSC_MP,,pending,,,single_crystal,sample_form_conditional_median:single_crystal,20.0,0.1,4.629745832878859,4.471117052610081,4.778622086000626,,5000,Hc2_unavailable,,,,,
As1.7Eu1Fe2P0.3,iron_pnictide_122,mp-20890,,A1,23.0,3DSC_MP,,pending,,,single_crystal,sample_form_conditional_median:single_crystal,20.0,1.0,4.629745832878859,4.471117052610081,4.778622086000626,,5000,Hc2_unavailable,,,,,
As1.7Eu1Fe2P0.3,iron_pnictide_122,mp-20890,,A1,23.0,3DSC_MP,,pending,,,single_crystal,sample_form_conditional_median:single_crystal,20.0,5.0,4.629745832878859,4.471117052610081,4.778622086000626,,5000,Hc2_unavailable,,,,,
As1.7Eu1Fe2P0.3,iron_pnictide_122,mp-20890,,A1,23.0,3DSC_MP,,pending,,,single_crystal,sample_form_conditional_median:single_crystal,17.71,0.1,4.973338296986256,4.836309683957061,5.086288594464686,,5000,Hc2_unavailable,,,,,
As1.7Eu1Fe2P0.3,iron_pnictide_122,mp-20890,,A1,23.0,3DSC_MP,,pending,,,single_crystal,sample_form_conditional_median:single_crystal,17.71,1.0,4.973338296986256,4.836309683957061,5.086288594464686,,5000,Hc2_unavailable,,,,,
As1.7Eu1Fe2P0.3,iron_pnictide_122,mp-20890,,A1,23.0,3DSC_MP,,pending,,,single_crystal,sample_form_conditional_median:single_crystal,17.71,5.0,4.973338296986256,4.836309683957061,5.086288594464686,,5000,Hc2_unavailable,,,,,
As2Ba0.1Fe2K0.9,iron_pnictide_122,mp-35276,,A1,6.93,3DSC_MP,60.0,c_parent,±20-50%,S1_v3_2_2B_extension,single_crystal,sample_form_conditional_median:single_crystal,4.2,0.1,,,,,5000,H_below_validated_reduced_field,5.746354490991693,5.635326719245767,5.804297695181981,0.0016666666666666,
As2Ba0.1Fe2K0.9,iron_pnictide_122,mp-35276,,A1,6.93,3DSC_MP,60.0,c_parent,±20-50%,S1_v3_2_2B_extension,single_crystal,sample_form_conditional_median:single_crystal,4.2,1.0,,,,,5000,H_below_validated_reduced_field,5.74198049185465,5.629967108186695,5.802154203557051,0.0166666666666666,
As2Ba0.1Fe2K0.9,iron_pnictide_122,mp-35276,,A1,6.93,3DSC_MP,60.0,c_parent,±20-50%,S1_v3_2_2B_extension,single_crystal,sample_form_conditional_median:single_crystal,4.2,5.0,,,,,5000,H_below_validated_reduced_field,5.719457031347865,5.602706643340798,5.784813931543852,0.0833333333333333,
As2Ba0.1Fe2K0.9,iron_pnictide_122,mp-35276,,A1,6.93,3DSC_MP,60.0,c_parent,±20-50%,S1_v3_2_2B_extension,single_crystal,sample_form_conditional_median:single_crystal,20.0,0.1,,,,,5000,T_above_Tc,,,,,
As2Ba0.1Fe2K0.9,iron_pnictide_122,mp-35276,,A1,6.93,3DSC_MP,60.0,c_parent,±20-50%,S1_v3_2_2B_extension,single_crystal,sample_form_conditional_median:single_crystal,20.0,1.0,,,,,5000,T_above_Tc,,,,,
As2Ba0.1Fe2K0.9,iron_pnictide_122,mp-35276,,A1,6.93,3DSC_MP,60.0,c_parent,±20-50%,S1_v3_2_2B_extension,single_crystal,sample_form_conditional_median:single_crystal,20.0,5.0,,,,,5000,T_above_Tc,,,,,
As2Ba0.1Fe2K0.9,iron_pnictide_122,mp-35276,,A1,6.93,3DSC_MP,60.0,c_parent,±20-50%,S1_v3_2_2B_extension,single_crystal,sample_form_conditional_median:single_crystal,5.3361,0.1,,,,,5000,H_below_validated_reduced_field,5.416476105744458,5.302118502903439,5.488761645622601,0.0016666666666666,
As2Ba0.1Fe2K0.9,iron_pnictide_122,mp-35276,,A1,6.93,3DSC_MP,60.0,c_parent,±20-50%,S1_v3_2_2B_extension,single_crystal,sample_form_conditional_median:single_crystal,5.3361,1.0,,,,,5000,H_below_validated_reduced_field,5.412812490461079,5.298475982615099,5.484712894783706,0.0166666666666666,
As2Ba0.1Fe2K0.9,iron_pnictide_122,mp-35276,,A1,6.93,3DSC_MP,60.0,c_parent,±20-50%,S1_v3_2_2B_extension,single_crystal,sample_form_conditional_median:single_crystal,5.3361,5.0,,,,,5000,H_below_validated_reduced_field,5.393241481509729,5.277014926603492,5.468278850095436,0.0833333333333333,
As2Ba0.2Fe2K0.8,iron_pnictide_122,mp-35276,,A1,12.8,3DSC_MP,60.0,c_parent,±20-50%,S1_v3_2_2B_extension,single_crystal,sample_form_conditional_median:single_crystal,4.2,0.1,,,,,5000,H_below_validated_reduced_field,5.746354490991693,5.635326719245767,5.797653148949851,0.0016666666666666,
As2Ba0.2Fe2K0.8,iron_pnictide_122,mp-35276,,A1,12.8,3DSC_MP,60.0,c_parent,±20-50%,S1_v3_2_2B_extension,single_crystal,sample_form_conditional_median:single_crystal,4.2,1.0,,,,,5000,H_below_validated_reduced_field,5.741489109671595,5.632286576494953,5.795414182234453,0.0166666666666666,
As2Ba0.2Fe2K0.8,iron_pnictide_122,mp-35276,,A1,12.8,3DSC_MP,60.0,c_parent,±20-50%,S1_v3_2_2B_extension,single_crystal,sample_form_conditional_median:single_crystal,4.2,5.0,,,,,5000,H_below_validated_reduced_field,5.718019243994539,5.612542044381007,5.782726088382468,0.0833333333333333,
As2Ba0.2Fe2K0.8,iron_pnictide_122,mp-35276,,A1,12.8,3DSC_MP,60.0,c_parent,±20-50%,S1_v3_2_2B_extension,single_crystal,sample_form_conditional_median:single_crystal,20.0,0.1,,,,,5000,T_above_Tc,,,,,
As2Ba0.2Fe2K0.8,iron_pnictide_122,mp-35276,,A1,12.8,3DSC_MP,60.0,c_parent,±20-50%,S1_v3_2_2B_extension,single_crystal,sample_form_conditional_median:single_crystal,20.0,1.0,,,,,5000,T_above_Tc,,,,,
As2Ba0.2Fe2K0.8,iron_pnictide_122,mp-35276,,A1,12.8,3DSC_MP,60.0,c_parent,±20-50%,S1_v3_2_2B_extension,single_crystal,sample_form_conditional_median:single_crystal,20.0,5.0,,,,,5000,T_above_Tc,,,,,
As2Ba0.2Fe2K0.8,iron_pnictide_122,mp-35276,,A1,12.8,3DSC_MP,60.0,c_parent,±20-50%,S1_v3_2_2B_extension,single_crystal,sample_form_conditional_median:single_crystal,9.856000000000002,0.1,,,,,5000,H_below_validated_reduced_field,5.090984368714182,4.9666029193448855,5.190827889408133,0.0016666666666666,
As2Ba0.2Fe2K0.8,iron_pnictide_122,mp-35276,,A1,12.8,3DSC_MP,60.0,c_parent,±20-50%,S1_v3_2_2B_extension,single_crystal,sample_form_conditional_median:single_crystal,9.856000000000002,1.0,,,,,5000,H_below_validated_reduced_field,5.086624899105612,4.963111784018548,5.186945272454145,0.0166666666666666,
As2Ba0.2Fe2K0.8,iron_pnictide_122,mp-35276,,A1,12.8,3DSC_MP,60.0,c_parent,±20-50%,S1_v3_2_2B_extension,single_crystal,sample_form_conditional_median:single_crystal,9.856000000000002,5.0,,,,,5000,H_below_validated_reduced_field,5.068016598238861,4.943101481955033,5.168940441039334,0.0833333333333333,
As2Ba0.3Fe2K0.7,iron_pnictide_122,mp-35276,,A1,19.7,3DSC_MP,60.0,c_parent,±20-50%,S1_v3_2_2B_extension,single_crystal,sample_form_conditional_median:single_crystal,4.2,0.1,,,,,5000,H_below_validated_reduced_field,5.746354490991693,5.616211855142307,5.813389291270404,0.0016666666666666,
As2Ba0.3Fe2K0.7,iron_pnictide_122,mp-35276,,A1,19.7,3DSC_MP,60.0,c_parent,±20-50%,S1_v3_2_2B_extension,single_crystal,sample_form_conditional_median:single_crystal,4.2,1.0,,,,,5000,H_below_validated_reduced_field,5.741489109671595,5.612724326710553,5.808362898584841,0.0166666666666666,
As2Ba0.3Fe2K0.7,iron_pnictide_122,mp-35276,,A1,19.7,3DSC_MP,60.0,c_parent,±20-50%,S1_v3_2_2B_extension,single_crystal,sample_form_conditional_median:single_crystal,4.2,5.0,,,,,5000,H_below_validated_reduced_field,5.718019243994539,5.598721892753458,5.787825481520512,0.0833333333333333,
As2Ba0.3Fe2K0.7,iron_pnictide_122,mp-35276,,A1,19.7,3DSC_MP,60.0,c_parent,±20-50%,S1_v3_2_2B_extension,single_crystal,sample_form_conditional_median:single_crystal,20.0,0.1,,,,,5000,T_above_Tc,,,,,
As2Ba0.3Fe2K0.7,iron_pnictide_122,mp-35276,,A1,19.7,3DSC_MP,60.0,c_parent,±20-50%,S1_v3_2_2B_extension,single_crystal,sample_form_conditional_median:single_crystal,20.0,1.0,,,,,5000,T_above_Tc,,,,,
As2Ba0.3Fe2K0.7,iron_pnictide_122,mp-35276,,A1,19.7,3DSC_MP,60.0,c_parent,±20-50%,S1_v3_2_2B_extension,single_crystal,sample_form_conditional_median:single_crystal,20.0,5.0,,,,,5000,T_above_Tc,,,,,
As2Ba0.3Fe2K0.7,iron_pnictide_122,mp-35276,,A1,19.7,3DSC_MP,60.0,c_parent,±20-50%,S1_v3_2_2B_extension,single_crystal,sample_form_conditional_median:single_crystal,15.169,0.1,,,,,5000,H_below_validated_reduced_field,4.99501734588899,4.861504871952415,5.106809593607405,0.0016666666666666,
As2Ba0.3Fe2K0.7,iron_pnictide_122,mp-35276,,A1,19.7,3DSC_MP,60.0,c_parent,±20-50%,S1_v3_2_2B_extension,single_crystal,sample_form_conditional_median:single_crystal,15.169,1.0,,,,,5000,H_below_validated_reduced_field,4.990928493218245,4.857820776421295,5.10276688098164,0.0166666666666666,
As2Ba0.3Fe2K0.7,iron_pnictide_122,mp-35276,,A1,19.7,3DSC_MP,60.0,c_parent,±20-50%,S1_v3_2_2B_extension,single_crystal,sample_form_conditional_median:single_crystal,15.169,5.0,,,,,5000,H_below_validated_reduced_field,4.972111864525944,4.83893320674119,5.084170244733061,0.0833333333333333,
As2Co0.068Fe1.932K1,iron_pnictide_122,mp-35276,,A1,1.845,3DSC_MP,,pending,,,single_crystal,sample_form_conditional_median:single_crystal,4.2,0.1,,,,,5000,Hc2_unavailable,,,,,
As2Co0.068Fe1.932K1,iron_pnictide_122,mp-35276,,A1,1.845,3DSC_MP,,pending,,,single_crystal,sample_form_conditional_median:single_crystal,4.2,1.0,,,,,5000,Hc2_unavailable,,,,,
As2Co0.068Fe1.932K1,iron_pnictide_122,mp-35276,,A1,1.845,3DSC_MP,,pending,,,single_crystal,sample_form_conditional_median:single_crystal,4.2,5.0,,,,,5000,Hc2_unavailable,,,,,
As2Co0.068Fe1.932K1,iron_pnictide_122,mp-35276,,A1,1.845,3DSC_MP,,pending,,,single_crystal,sample_form_conditional_median:single_crystal,20.0,0.1,,,,,5000,Hc2_unavailable,,,,,
As2Co0.068Fe1.932K1,iron_pnictide_122,mp-35276,,A1,1.845,3DSC_MP,,pending,,,single_crystal,sample_form_conditional_median:single_crystal,20.0,1.0,,,,,5000,Hc2_unavailable,,,,,
As2Co0.068Fe1.932K1,iron_pnictide_122,mp-35276,,A1,1.845,3DSC_MP,,pending,,,single_crystal,sample_form_conditional_median:single_crystal,20.0,5.0,,,,,5000,Hc2_unavailable,,,,,
As2Co0.068Fe1.932K1,iron_pnictide_122,mp-35276,,A1,1.845,3DSC_MP,,pending,,,single_crystal,sample_form_conditional_median:single_crystal,1.42065,0.1,17.424651999205018,16.03040539878016,18.72448892899796,,5000,Hc2_unavailable,,,,,
As2Co0.068Fe1.932K1,iron_pnictide_122,mp-35276,,A1,1.845,3DSC_MP,,pending,,,single_crystal,sample_form_conditional_median:single_crystal,1.42065,1.0,17.424651999205018,16.03040539878016,18.72448892899796,,5000,Hc2_unavailable,,,,,
As2Co0.068Fe1.932K1,iron_pnictide_122,mp-35276,,A1,1.845,3DSC_MP,,pending,,,single_crystal,sample_form_conditional_median:single_crystal,1.42065,5.0,17.424651999205018,16.03040539878016,18.72448892899796,,5000,Hc2_unavailable,,,,,
As2Co0.084Fe1.916Sr1,iron_pnictide_122,mp-4488,,A1,2.0,3DSC_MP,,pending,,,single_crystal,sample_form_conditional_median:single_crystal,4.2,0.1,,,,,5000,Hc2_unavailable,,,,,
As2Co0.084Fe1.916Sr1,iron_pnictide_122,mp-4488,,A1,2.0,3DSC_MP,,pending,,,single_crystal,sample_form_conditional_median:single_crystal,4.2,1.0,,,,,5000,Hc2_unavailable,,,,,
As2Co0.084Fe1.916Sr1,iron_pnictide_122,mp-4488,,A1,2.0,3DSC_MP,,pending,,,single_crystal,sample_form_conditional_median:single_crystal,4.2,5.0,,,,,5000,Hc2_unavailable,,,,,
As2Co0.084Fe1.916Sr1,iron_pnictide_122,mp-4488,,A1,2.0,3DSC_MP,,pending,,,single_crystal,sample_form_conditional_median:single_crystal,20.0,0.1,,,,,5000,Hc2_unavailable,,,,,
As2Co0.084Fe1.916Sr1,iron_pnictide_122,mp-4488,,A1,2.0,3DSC_MP,,pending,,,single_crystal,sample_form_conditional_median:single_crystal,20.0,1.0,,,,,5000,Hc2_unavailable,,,,,
As2Co0.084Fe1.916Sr1,iron_pnictide_122,mp-4488,,A1,2.0,3DSC_MP,,pending,,,single_crystal,sample_form_conditional_median:single_crystal,20.0,5.0,,,,,5000,Hc2_unavailable,,,,,
As2Co0.084Fe1.916Sr1,iron_pnictide_122,mp-4488,,A1,2.0,3DSC_MP,,pending,,,single_crystal,sample_form_conditional_median:single_crystal,1.54,0.1,17.428900991601658,16.04781311549264,18.70609762426724,,5000,Hc2_unavailable,,,,,
As2Co0.084Fe1.916Sr1,iron_pnictide_122,mp-4488,,A1,2.0,3DSC_MP,,pending,,,single_crystal,sample_form_conditional_median:single_crystal,1.54,1.0,17.428900991601658,16.04781311549264,18.70609762426724,,5000,Hc2_unavailable,,,,,
As2Co0.084Fe1.916Sr1,iron_pnictide_122,mp-4488,,A1,2.0,3DSC_MP,,pending,,,single_crystal,sample_form_conditional_median:single_crystal,1.54,5.0,17.428900991601658,16.04781311549264,18.70609762426724,,5000,Hc2_unavailable,,,,,
As2Co0.112Fe1.888Sr1,iron_pnictide_122,mp-4488,,A1,2.0,3DSC_MP,,pending,,,single_crystal,sample_form_conditional_median:single_crystal,4.2,0.1,,,,,5000,Hc2_unavailable,,,,,
As2Co0.112Fe1.888Sr1,iron_pnictide_122,mp-4488,,A1,2.0,3DSC_MP,,pending,,,single_crystal,sample_form_conditional_median:single_crystal,4.2,1.0,,,,,5000,Hc2_unavailable,,,,,
As2Co0.112Fe1.888Sr1,iron_pnictide_122,mp-4488,,A1,2.0,3DSC_MP,,pending,,,single_crystal,sample_form_conditional_median:single_crystal,4.2,5.0,,,,,5000,Hc2_unavailable,,,,,
As2Co0.112Fe1.888Sr1,iron_pnictide_122,mp-4488,,A1,2.0,3DSC_MP,,pending,,,single_crystal,sample_form_conditional_median:single_crystal,20.0,0.1,,,,,5000,Hc2_unavailable,,,,,
As2Co0.112Fe1.888Sr1,iron_pnictide_122,mp-4488,,A1,2.0,3DSC_MP,,pending,,,single_crystal,sample_form_conditional_median:single_crystal,20.0,1.0,,,,,5000,Hc2_unavailable,,,,,
As2Co0.112Fe1.888Sr1,iron_pnictide_122,mp-4488,,A1,2.0,3DSC_MP,,pending,,,single_crystal,sample_form_conditional_median:single_crystal,20.0,5.0,,,,,5000,Hc2_unavailable,,,,,
As2Co0.112Fe1.888Sr1,iron_pnictide_122,mp-4488,,A1,2.0,3DSC_MP,,pending,,,single_crystal,sample_form_conditional_median:single_crystal,1.54,0.1,17.41934066753152,16.024459001955815,18.74383755839672,,5000,Hc2_unavailable,,,,,
As2Co0.112Fe1.888Sr1,iron_pnictide_122,mp-4488,,A1,2.0,3DSC_MP,,pending,,,single_crystal,sample_form_conditional_median:single_crystal,1.54,1.0,17.41934066753152,16.024459001955815,18.74383755839672,,5000,Hc2_unavailable,,,,,
As2Co0.112Fe1.888Sr1,iron_pnictide_122,mp-4488,,A1,2.0,3DSC_MP,,pending,,,single_crystal,sample_form_conditional_median:single_crystal,1.54,5.0,17.41934066753152,16.024459001955815,18.74383755839672,,5000,Hc2_unavailable,,,,,
As2Co0.14Fe1.86Sr1,iron_pnictide_122,mp-4488,,A1,7.2,3DSC_MP,,pending,,,single_crystal,sample_form_conditional_median:single_crystal,4.2,0.1,5.746354490991693,5.635326719245767,5.804297695181981,,5000,Hc2_unavailable,,,,,
As2Co0.14Fe1.86Sr1,iron_pnictide_122,mp-4488,,A1,7.2,3DSC_MP,,pending,,,single_crystal,sample_form_conditional_median:single_crystal,4.2,1.0,5.746354490991693,5.635326719245767,5.804297695181981,,5000,Hc2_unavailable,,,,,
As2Co0.14Fe1.86Sr1,iron_pnictide_122,mp-4488,,A1,7.2,3DSC_MP,,pending,,,single_crystal,sample_form_conditional_median:single_crystal,4.2,5.0,5.746354490991693,5.635326719245767,5.804297695181981,,5000,Hc2_unavailable,,,,,
As2Co0.14Fe1.86Sr1,iron_pnictide_122,mp-4488,,A1,7.2,3DSC_MP,,pending,,,single_crystal,sample_form_conditional_median:single_crystal,20.0,0.1,,,,,5000,Hc2_unavailable,,,,,
As2Co0.14Fe1.86Sr1,iron_pnictide_122,mp-4488,,A1,7.2,3DSC_MP,,pending,,,single_crystal,sample_form_conditional_median:single_crystal,20.0,1.0,,,,,5000,Hc2_unavailable,,,,,
As2Co0.14Fe1.86Sr1,iron_pnictide_122,mp-4488,,A1,7.2,3DSC_MP,,pending,,,single_crystal,sample_form_conditional_median:single_crystal,20.0,5.0,,,,,5000,Hc2_unavailable,,,,,
As2Co0.14Fe1.86Sr1,iron_pnictide_122,mp-4488,,A1,7.2,3DSC_MP,,pending,,,single_crystal,sample_form_conditional_median:single_crystal,5.5440000000000005,0.1,5.382526457240147,5.266489083905252,5.456517168268848,,5000,Hc2_unavailable,,,,,
As2Co0.14Fe1.86Sr1,iron_pnictide_122,mp-4488,,A1,7.2,3DSC_MP,,pending,,,single_crystal,sample_form_conditional_median:single_crystal,5.5440000000000005,1.0,5.382526457240147,5.266489083905252,5.456517168268848,,5000,Hc2_unavailable,,,,,
As2Co0.14Fe1.86Sr1,iron_pnictide_122,mp-4488,,A1,7.2,3DSC_MP,,pending,,,single_crystal,sample_form_conditional_median:single_crystal,5.5440000000000005,5.0,5.382526457240147,5.266489083905252,5.456517168268848,,5000,Hc2_unavailable,,,,,
As2Co0.174Fe1.826Sr1,iron_pnictide_122,mp-4488,,A1,9.5,3DSC_MP,,pending,,,single_crystal,sample_form_conditional_median:single_crystal,4.2,0.1,5.746354490991693,5.635326719245767,5.804297695181981,,5000,Hc2_unavailable,,,,,
As2Co0.174Fe1.826Sr1,iron_pnictide_122,mp-4488,,A1,9.5,3DSC_MP,,pending,,,single_crystal,sample_form_conditional_median:single_crystal,4.2,1.0,5.746354490991693,5.635326719245767,5.804297695181981,,5000,Hc2_unavailable,,,,,
As2Co0.174Fe1.826Sr1,iron_pnictide_122,mp-4488,,A1,9.5,3DSC_MP,,pending,,,single_crystal,sample_form_conditional_median:single_crystal,4.2,5.0,5.746354490991693,5.635326719245767,5.804297695181981,,5000,Hc2_unavailable,,,,,
As2Co0.174Fe1.826Sr1,iron_pnictide_122,mp-4488,,A1,9.5,3DSC_MP,,pending,,,single_crystal,sample_form_conditional_median:single_crystal,20.0,0.1,,,,,5000,Hc2_unavailable,,,,,
As2Co0.174Fe1.826Sr1,iron_pnictide_122,mp-4488,,A1,9.5,3DSC_MP,,pending,,,single_crystal,sample_form_conditional_median:single_crystal,20.0,1.0,,,,,5000,Hc2_unavailable,,,,,
As2Co0.174Fe1.826Sr1,iron_pnictide_122,mp-4488,,A1,9.5,3DSC_MP,,pending,,,single_crystal,sample_form_conditional_median:single_crystal,20.0,5.0,,,,,5000,Hc2_unavailable,,,,,
As2Co0.174Fe1.826Sr1,iron_pnictide_122,mp-4488,,A1,9.5,3DSC_MP,,pending,,,single_crystal,sample_form_conditional_median:single_crystal,7.315,0.1,5.20267981625367,5.081073132261025,5.293591009125156,,5000,Hc2_unavailable,,,,,
As2Co0.174Fe1.826Sr1,iron_pnictide_122,mp-4488,,A1,9.5,3DSC_MP,,pending,,,single_crystal,sample_form_conditional_median:single_crystal,7.315,1.0,5.20267981625367,5.081073132261025,5.293591009125156,,5000,Hc2_unavailable,,,,,
As2Co0.174Fe1.826Sr1,iron_pnictide_122,mp-4488,,A1,9.5,3DSC_MP,,pending,,,single_crystal,sample_form_conditional_median:single_crystal,7.315,5.0,5.20267981625367,5.081073132261025,5.293591009125156,,5000,Hc2_unavailable,,,,,
As2Co0.184Fe1.816Sr1,iron_pnictide_122,mp-4488,,A1,13.4,3DSC_MP,,pending,,,single_crystal,sample_form_conditional_median:single_crystal,4.2,0.1,5.746354490991693,5.616211855142307,5.804297695181981,,5000,Hc2_unavailable,,,,,
As2Co0.184Fe1.816Sr1,iron_pnictide_122,mp-4488,,A1,13.4,3DSC_MP,,pending,,,single_crystal,sample_form_conditional_median:single_crystal,4.2,1.0,5.746354490991693,5.616211855142307,5.804297695181981,,5000,Hc2_unavailable,,,,,
As2Co0.184Fe1.816Sr1,iron_pnictide_122,mp-4488,,A1,13.4,3DSC_MP,,pending,,,single_crystal,sample_form_conditional_median:single_crystal,4.2,5.0,5.746354490991693,5.616211855142307,5.804297695181981,,5000,Hc2_unavailable,,,,,
As2Co0.184Fe1.816Sr1,iron_pnictide_122,mp-4488,,A1,13.4,3DSC_MP,,pending,,,single_crystal,sample_form_conditional_median:single_crystal,20.0,0.1,,,,,5000,Hc2_unavailable,,,,,
As2Co0.184Fe1.816Sr1,iron_pnictide_122,mp-4488,,A1,13.4,3DSC_MP,,pending,,,single_crystal,sample_form_conditional_median:single_crystal,20.0,1.0,,,,,5000,Hc2_unavailable,,,,,
As2Co0.184Fe1.816Sr1,iron_pnictide_122,mp-4488,,A1,13.4,3DSC_MP,,pending,,,single_crystal,sample_form_conditional_median:single_crystal,20.0,5.0,,,,,5000,Hc2_unavailable,,,,,
As2Co0.184Fe1.816Sr1,iron_pnictide_122,mp-4488,,A1,13.4,3DSC_MP,,pending,,,single_crystal,sample_form_conditional_median:single_crystal,10.318,0.1,5.078015962965866,4.951467341882443,5.180462954921019,,5000,Hc2_unavailable,,,,,
As2Co0.184Fe1.816Sr1,iron_pnictide_122,mp-4488,,A1,13.4,3DSC_MP,,pending,,,single_crystal,sample_form_conditional_median:single_crystal,10.318,1.0,5.078015962965866,4.951467341882443,5.180462954921019,,5000,Hc2_unavailable,,,,,
As2Co0.184Fe1.816Sr1,iron_pnictide_122,mp-4488,,A1,13.4,3DSC_MP,,pending,,,single_crystal,sample_form_conditional_median:single_crystal,10.318,5.0,5.078015962965866,4.951467341882443,5.180462954921019,,5000,Hc2_unavailable,,,,,
As2Co0.208Fe1.792Sr1,iron_pnictide_122,mp-4488,,A1,13.9,3DSC_MP,,pending,,,single_crystal,sample_form_conditional_median:single_crystal,4.2,0.1,5.746354490991693,5.636927477444992,5.804297695181981,,5000,Hc2_unavailable,,,,,
As2Co0.208Fe1.792Sr1,iron_pnictide_122,mp-4488,,A1,13.9,3DSC_MP,,pending,,,single_crystal,sample_form_conditional_median:single_crystal,4.2,1.0,5.746354490991693,5.636927477444992,5.804297695181981,,5000,Hc2_unavailable,,,,,
As2Co0.208Fe1.792Sr1,iron_pnictide_122,mp-4488,,A1,13.9,3DSC_MP,,pending,,,single_crystal,sample_form_conditional_median:single_crystal,4.2,5.0,5.746354490991693,5.636927477444992,5.804297695181981,,5000,Hc2_unavailable,,,,,
As2Co0.208Fe1.792Sr1,iron_pnictide_122,mp-4488,,A1,13.9,3DSC_MP,,pending,,,single_crystal,sample_form_conditional_median:single_crystal,20.0,0.1,,,,,5000,Hc2_unavailable,,,,,
As2Co0.208Fe1.792Sr1,iron_pnictide_122,mp-4488,,A1,13.9,3DSC_MP,,pending,,,single_crystal,sample_form_conditional_median:single_crystal,20.0,1.0,,,,,5000,Hc2_unavailable,,,,,
As2Co0.208Fe1.792Sr1,iron_pnictide_122,mp-4488,,A1,13.9,3DSC_MP,,pending,,,single_crystal,sample_form_conditional_median:single_crystal,20.0,5.0,,,,,5000,Hc2_unavailable,,,,,
As2Co0.208Fe1.792Sr1,iron_pnictide_122,mp-4488,,A1,13.9,3DSC_MP,,pending,,,single_crystal,sample_form_conditional_median:single_crystal,10.703,0.1,5.068135447658732,4.9398158660457625,5.172501262351531,,5000,Hc2_unavailable,,,,,
As2Co0.208Fe1.792Sr1,iron_pnictide_122,mp-4488,,A1,13.9,3DSC_MP,,pending,,,single_crystal,sample_form_conditional_median:single_crystal,10.703,1.0,5.068135447658732,4.9398158660457625,5.172501262351531,,5000,Hc2_unavailable,,,,,
As2Co0.208Fe1.792Sr1,iron_pnictide_122,mp-4488,,A1,13.9,3DSC_MP,,pending,,,single_crystal,sample_form_conditional_median:single_crystal,10.703,5.0,5.068135447658732,4.9398158660457625,5.172501262351531,,5000,Hc2_unavailable,,,,,
As2Co0.22Eu1Fe1.78,iron_pnictide_122,mp-20890,,A1,21.0,3DSC_MP,,pending,,,single_crystal,sample_form_conditional_median:single_crystal,4.2,0.1,5.746354490991693,5.635326719245767,5.804964475493147,,5000,Hc2_unavailable,,,,,
As2Co0.22Eu1Fe1.78,iron_pnictide_122,mp-20890,,A1,21.0,3DSC_MP,,pending,,,single_crystal,sample_form_conditional_median:single_crystal,4.2,1.0,5.746354490991693,5.635326719245767,5.804964475493147,,5000,Hc2_unavailable,,,,,
As2Co0.22Eu1Fe1.78,iron_pnictide_122,mp-20890,,A1,21.0,3DSC_MP,,pending,,,single_crystal,sample_form_conditional_median:single_crystal,4.2,5.0,5.746354490991693,5.635326719245767,5.804964475493147,,5000,Hc2_unavailable,,,,,
As2Co0.22Eu1Fe1.78,iron_pnictide_122,mp-20890,,A1,21.0,3DSC_MP,,pending,,,single_crystal,sample_form_conditional_median:single_crystal,20.0,0.1,4.033014444058662,3.818986373202443,4.250204018124151,,5000,Hc2_unavailable,,,,,
As2Co0.22Eu1Fe1.78,iron_pnictide_122,mp-20890,,A1,21.0,3DSC_MP,,pending,,,single_crystal,sample_form_conditional_median:single_crystal,20.0,1.0,4.033014444058662,3.818986373202443,4.250204018124151,,5000,Hc2_unavailable,,,,,
As2Co0.22Eu1Fe1.78,iron_pnictide_122,mp-20890,,A1,21.0,3DSC_MP,,pending,,,single_crystal,sample_form_conditional_median:single_crystal,20.0,5.0,4.033014444058662,3.818986373202443,4.250204018124151,,5000,Hc2_unavailable,,,,,
As2Co0.22Eu1Fe1.78,iron_pnictide_122,mp-20890,,A1,21.0,3DSC_MP,,pending,,,single_crystal,sample_form_conditional_median:single_crystal,16.17,0.1,4.986448816329442,4.856022543797076,5.097722119833316,,5000,Hc2_unavailable,,,,,
As2Co0.22Eu1Fe1.78,iron_pnictide_122,mp-20890,,A1,21.0,3DSC_MP,,pending,,,single_crystal,sample_form_conditional_median:single_crystal,16.17,1.0,4.986448816329442,4.856022543797076,5.097722119833316,,5000,Hc2_unavailable,,,,,
As2Co0.22Eu1Fe1.78,iron_pnictide_122,mp-20890,,A1,21.0,3DSC_MP,,pending,,,single_crystal,sample_form_conditional_median:single_crystal,16.17,5.0,4.986448816329442,4.856022543797076,5.097722119833316,,5000,Hc2_unavailable,,,,,
As2Co0.234Fe1.766Sr1,iron_pnictide_122,mp-4488,,A1,14.4,3DSC_MP,,pending,,,single_crystal,sample_form_conditional_median:single_crystal,4.2,0.1,5.746354490991693,5.635326719245767,5.802165025000917,,5000,Hc2_unavailable,,,,,
As2Co0.234Fe1.766Sr1,iron_pnictide_122,mp-4488,,A1,14.4,3DSC_MP,,pending,,,single_crystal,sample_form_conditional_median:single_crystal,4.2,1.0,5.746354490991693,5.635326719245767,5.802165025000917,,5000,Hc2_unavailable,,,,,
As2Co0.234Fe1.766Sr1,iron_pnictide_122,mp-4488,,A1,14.4,3DSC_MP,,pending,,,single_crystal,sample_form_conditional_median:single_crystal,4.2,5.0,5.746354490991693,5.635326719245767,5.802165025000917,,5000,Hc2_unavailable,,,,,
As2Co0.234Fe1.766Sr1,iron_pnictide_122,mp-4488,,A1,14.4,3DSC_MP,,pending,,,single_crystal,sample_form_conditional_median:single_crystal,20.0,0.1,,,,,5000,Hc2_unavailable,,,,,
As2Co0.234Fe1.766Sr1,iron_pnictide_122,mp-4488,,A1,14.4,3DSC_MP,,pending,,,single_crystal,sample_form_conditional_median:single_crystal,20.0,1.0,,,,,5000,Hc2_unavailable,,,,,
As2Co0.234Fe1.766Sr1,iron_pnictide_122,mp-4488,,A1,14.4,3DSC_MP,,pending,,,single_crystal,sample_form_conditional_median:single_crystal,20.0,5.0,,,,,5000,Hc2_unavailable,,,,,
As2Co0.234Fe1.766Sr1,iron_pnictide_122,mp-4488,,A1,14.4,3DSC_MP,,pending,,,single_crystal,sample_form_conditional_median:single_crystal,11.088,0.1,5.05898172474935,4.930227542559042,5.161879944596151,,5000,Hc2_unavailable,,,,,
As2Co0.234Fe1.766Sr1,iron_pnictide_122,mp-4488,,A1,14.4,3DSC_MP,,pending,,,single_crystal,sample_form_conditional_median:single_crystal,11.088,1.0,5.05898172474935,4.930227542559042,5.161879944596151,,5000,Hc2_unavailable,,,,,
As2Co0.234Fe1.766Sr1,iron_pnictide_122,mp-4488,,A1,14.4,3DSC_MP,,pending,,,single_crystal,sample_form_conditional_median:single_crystal,11.088,5.0,5.05898172474935,4.930227542559042,5.161879944596151,,5000,Hc2_unavailable,,,,,
As2Co0.248Fe1.752Sr1,iron_pnictide_122,mp-4488,,A1,13.2,3DSC_MP,,pending,,,single_crystal,sample_form_conditional_median:single_crystal,4.2,0.1,5.746354490991693,5.635326719245767,5.804297695181981,,5000,Hc2_unavailable,,,,,
As2Co0.248Fe1.752Sr1,iron_pnictide_122,mp-4488,,A1,13.2,3DSC_MP,,pending,,,single_crystal,sample_form_conditional_median:single_crystal,4.2,1.0,5.746354490991693,5.635326719245767,5.804297695181981,,5000,Hc2_unavailable,,,,,
As2Co0.248Fe1.752Sr1,iron_pnictide_122,mp-4488,,A1,13.2,3DSC_MP,,pending,,,single_crystal,sample_form_conditional_median:single_crystal,4.2,5.0,5.746354490991693,5.635326719245767,5.804297695181981,,5000,Hc2_unavailable,,,,,
As2Co0.248Fe1.752Sr1,iron_pnictide_122,mp-4488,,A1,13.2,3DSC_MP,,pending,,,single_crystal,sample_form_conditional_median:single_crystal,20.0,0.1,,,,,5000,Hc2_unavailable,,,,,
As2Co0.248Fe1.752Sr1,iron_pnictide_122,mp-4488,,A1,13.2,3DSC_MP,,pending,,,single_crystal,sample_form_conditional_median:single_crystal,20.0,1.0,,,,,5000,Hc2_unavailable,,,,,
As2Co0.248Fe1.752Sr1,iron_pnictide_122,mp-4488,,A1,13.2,3DSC_MP,,pending,,,single_crystal,sample_form_conditional_median:single_crystal,20.0,5.0,,,,,5000,Hc2_unavailable,,,,,
As2Co0.248Fe1.752Sr1,iron_pnictide_122,mp-4488,,A1,13.2,3DSC_MP,,pending,,,single_crystal,sample_form_conditional_median:single_crystal,10.164,0.1,5.081652747986398,4.951449138713942,5.185056723621211,,5000,Hc2_unavailable,,,,,
As2Co0.248Fe1.752Sr1,iron_pnictide_122,mp-4488,,A1,13.2,3DSC_MP,,pending,,,single_crystal,sample_form_conditional_median:single_crystal,10.164,1.0,5.081652747986398,4.951449138713942,5.185056723621211,,5000,Hc2_unavailable,,,,,
As2Co0.248Fe1.752Sr1,iron_pnictide_122,mp-4488,,A1,13.2,3DSC_MP,,pending,,,single_crystal,sample_form_conditional_median:single_crystal,10.164,5.0,5.081652747986398,4.951449138713942,5.185056723621211,,5000,Hc2_unavailable,,,,,
As2Co0.24Eu1Fe1.76,iron_pnictide_122,mp-20890,,A1,2.0,3DSC_MP,,pending,,,single_crystal,sample_form_conditional_median:single_crystal,4.2,0.1,,,,,5000,Hc2_unavailable,,,,,
As2Co0.24Eu1Fe1.76,iron_pnictide_122,mp-20890,,A1,2.0,3DSC_MP,,pending,,,single_crystal,sample_form_conditional_median:single_crystal,4.2,1.0,,,,,5000,Hc2_unavailable,,,,,
As2Co0.24Eu1Fe1.76,iron_pnictide_122,mp-20890,,A1,2.0,3DSC_MP,,pending,,,single_crystal,sample_form_conditional_median:single_crystal,4.2,5.0,,,,,5000,Hc2_unavailable,,,,,
As2Co0.24Eu1Fe1.76,iron_pnictide_122,mp-20890,,A1,2.0,3DSC_MP,,pending,,,single_crystal,sample_form_conditional_median:single_crystal,20.0,0.1,,,,,5000,Hc2_unavailable,,,,,
As2Co0.24Eu1Fe1.76,iron_pnictide_122,mp-20890,,A1,2.0,3DSC_MP,,pending,,,single_crystal,sample_form_conditional_median:single_crystal,20.0,1.0,,,,,5000,Hc2_unavailable,,,,,
As2Co0.24Eu1Fe1.76,iron_pnictide_122,mp-20890,,A1,2.0,3DSC_MP,,pending,,,single_crystal,sample_form_conditional_median:single_crystal,20.0,5.0,,,,,5000,Hc2_unavailable,,,,,
As2Co0.24Eu1Fe1.76,iron_pnictide_122,mp-20890,,A1,2.0,3DSC_MP,,pending,,,single_crystal,sample_form_conditional_median:single_crystal,1.54,0.1,17.40298669924008,16.00338955886269,18.69961534184768,,5000,Hc2_unavailable,,,,,
As2Co0.24Eu1Fe1.76,iron_pnictide_122,mp-20890,,A1,2.0,3DSC_MP,,pending,,,single_crystal,sample_form_conditional_median:single_crystal,1.54,1.0,17.40298669924008,16.00338955886269,18.69961534184768,,5000,Hc2_unavailable,,,,,
As2Co0.24Eu1Fe1.76,iron_pnictide_122,mp-20890,,A1,2.0,3DSC_MP,,pending,,,single_crystal,sample_form_conditional_median:single_crystal,1.54,5.0,17.40298669924008,16.00338955886269,18.69961534184768,,5000,Hc2_unavailable,,,,,
As2Co0.24Fe1.76Sr1,iron_pnictide_122,mp-4488,,A1,13.5,3DSC_MP,,pending,,,single_crystal,sample_form_conditional_median:single_crystal,4.2,0.1,5.746354490991693,5.616211855142307,5.804297695181981,,5000,Hc2_unavailable,,,,,
As2Co0.24Fe1.76Sr1,iron_pnictide_122,mp-4488,,A1,13.5,3DSC_MP,,pending,,,single_crystal,sample_form_conditional_median:single_crystal,4.2,1.0,5.746354490991693,5.616211855142307,5.804297695181981,,5000,Hc2_unavailable,,,,,
As2Co0.24Fe1.76Sr1,iron_pnictide_122,mp-4488,,A1,13.5,3DSC_MP,,pending,,,single_crystal,sample_form_conditional_median:single_crystal,4.2,5.0,5.746354490991693,5.616211855142307,5.804297695181981,,5000,Hc2_unavailable,,,,,
As2Co0.24Fe1.76Sr1,iron_pnictide_122,mp-4488,,A1,13.5,3DSC_MP,,pending,,,single_crystal,sample_form_conditional_median:single_crystal,20.0,0.1,,,,,5000,Hc2_unavailable,,,,,
As2Co0.24Fe1.76Sr1,iron_pnictide_122,mp-4488,,A1,13.5,3DSC_MP,,pending,,,single_crystal,sample_form_conditional_median:single_crystal,20.0,1.0,,,,,5000,Hc2_unavailable,,,,,
As2Co0.24Fe1.76Sr1,iron_pnictide_122,mp-4488,,A1,13.5,3DSC_MP,,pending,,,single_crystal,sample_form_conditional_median:single_crystal,20.0,5.0,,,,,5000,Hc2_unavailable,,,,,
As2Co0.24Fe1.76Sr1,iron_pnictide_122,mp-4488,,A1,13.5,3DSC_MP,,pending,,,single_crystal,sample_form_conditional_median:single_crystal,10.395,0.1,5.073808558647322,4.945932194787884,5.1797030909246615,,5000,Hc2_unavailable,,,,,
As2Co0.24Fe1.76Sr1,iron_pnictide_122,mp-4488,,A1,13.5,3DSC_MP,,pending,,,single_crystal,sample_form_conditional_median:single_crystal,10.395,1.0,5.073808558647322,4.945932194787884,5.1797030909246615,,5000,Hc2_unavailable,,,,,
As2Co0.24Fe1.76Sr1,iron_pnictide_122,mp-4488,,A1,13.5,3DSC_MP,,pending,,,single_crystal,sample_form_conditional_median:single_crystal,10.395,5.0,5.073808558647322,4.945932194787884,5.1797030909246615,,5000,Hc2_unavailable,,,,,
As2Co0.25Fe1.75Sr1,iron_pnictide_122,mp-4488,,A1,15.7,3DSC_MP,,pending,,,single_crystal,sample_form_conditional_median:single_crystal,4.2,0.1,5.746354490991693,5.614582757298319,5.804297695181981,,5000,Hc2_unavailable,,,,,
As2Co0.25Fe1.75Sr1,iron_pnictide_122,mp-4488,,A1,15.7,3DSC_MP,,pending,,,single_crystal,sample_form_conditional_median:single_crystal,4.2,1.0,5.746354490991693,5.614582757298319,5.804297695181981,,5000,Hc2_unavailable,,,,,
As2Co0.25Fe1.75Sr1,iron_pnictide_122,mp-4488,,A1,15.7,3DSC_MP,,pending,,,single_crystal,sample_form_conditional_median:single_crystal,4.2,5.0,5.746354490991693,5.614582757298319,5.804297695181981,,5000,Hc2_unavailable,,,,,
As2Co0.25Fe1.75Sr1,iron_pnictide_122,mp-4488,,A1,15.7,3DSC_MP,,pending,,,single_crystal,sample_form_conditional_median:single_crystal,20.0,0.1,,,,,5000,Hc2_unavailable,,,,,
As2Co0.25Fe1.75Sr1,iron_pnictide_122,mp-4488,,A1,15.7,3DSC_MP,,pending,,,single_crystal,sample_form_conditional_median:single_crystal,20.0,1.0,,,,,5000,Hc2_unavailable,,,,,
As2Co0.25Fe1.75Sr1,iron_pnictide_122,mp-4488,,A1,15.7,3DSC_MP,,pending,,,single_crystal,sample_form_conditional_median:single_crystal,20.0,5.0,,,,,5000,Hc2_unavailable,,,,,
As2Co0.25Fe1.75Sr1,iron_pnictide_122,mp-4488,,A1,15.7,3DSC_MP,,pending,,,single_crystal,sample_form_conditional_median:single_crystal,12.089,0.1,5.038572849091473,4.904543234062478,5.142620697435838,,5000,Hc2_unavailable,,,,,
As2Co0.25Fe1.75Sr1,iron_pnictide_122,mp-4488,,A1,15.7,3DSC_MP,,pending,,,single_crystal,sample_form_conditional_median:single_crystal,12.089,1.0,5.038572849091473,4.904543234062478,5.142620697435838,,5000,Hc2_unavailable,,,,,
As2Co0.25Fe1.75Sr1,iron_pnictide_122,mp-4488,,A1,15.7,3DSC_MP,,pending,,,single_crystal,sample_form_conditional_median:single_crystal,12.089,5.0,5.038572849091473,4.904543234062478,5.142620697435838,,5000,Hc2_unavailable,,,,,
As2Co0.268Fe1.732Sr1,iron_pnictide_122,mp-4488,,A1,11.0,3DSC_MP,,pending,,,single_crystal,sample_form_conditional_median:single_crystal,4.2,0.1,5.746354490991693,5.635326719245767,5.802165025000917,,5000,Hc2_unavailable,,,,,
As2Co0.268Fe1.732Sr1,iron_pnictide_122,mp-4488,,A1,11.0,3DSC_MP,,pending,,,single_crystal,sample_form_conditional_median:single_crystal,4.2,1.0,5.746354490991693,5.635326719245767,5.802165025000917,,5000,Hc2_unavailable,,,,,
As2Co0.268Fe1.732Sr1,iron_pnictide_122,mp-4488,,A1,11.0,3DSC_MP,,pending,,,single_crystal,sample_form_conditional_median:single_crystal,4.2,5.0,5.746354490991693,5.635326719245767,5.802165025000917,,5000,Hc2_unavailable,,,,,
As2Co0.268Fe1.732Sr1,iron_pnictide_122,mp-4488,,A1,11.0,3DSC_MP,,pending,,,single_crystal,sample_form_conditional_median:single_crystal,20.0,0.1,,,,,5000,Hc2_unavailable,,,,,
As2Co0.268Fe1.732Sr1,iron_pnictide_122,mp-4488,,A1,11.0,3DSC_MP,,pending,,,single_crystal,sample_form_conditional_median:single_crystal,20.0,1.0,,,,,5000,Hc2_unavailable,,,,,
As2Co0.268Fe1.732Sr1,iron_pnictide_122,mp-4488,,A1,11.0,3DSC_MP,,pending,,,single_crystal,sample_form_conditional_median:single_crystal,20.0,5.0,,,,,5000,Hc2_unavailable,,,,,
As2Co0.268Fe1.732Sr1,iron_pnictide_122,mp-4488,,A1,11.0,3DSC_MP,,pending,,,single_crystal,sample_form_conditional_median:single_crystal,8.47,0.1,5.1405910114320985,5.016392771693012,5.234538276514811,,5000,Hc2_unavailable,,,,,
As2Co0.268Fe1.732Sr1,iron_pnictide_122,mp-4488,,A1,11.0,3DSC_MP,,pending,,,single_crystal,sample_form_conditional_median:single_crystal,8.47,1.0,5.1405910114320985,5.016392771693012,5.234538276514811,,5000,Hc2_unavailable,,,,,
As2Co0.268Fe1.732Sr1,iron_pnictide_122,mp-4488,,A1,11.0,3DSC_MP,,pending,,,single_crystal,sample_form_conditional_median:single_crystal,8.47,5.0,5.1405910114320985,5.016392771693012,5.234538276514811,,5000,Hc2_unavailable,,,,,
As2Co0.2Fe1.8Sr1,iron_pnictide_122,mp-4488,,A1,18.365,3DSC_MP,,pending,,,single_crystal,sample_form_conditional_median:single_crystal,4.2,0.1,5.746354490991693,5.622103377477762,5.813389291270404,,5000,Hc2_unavailable,,,,,
As2Co0.2Fe1.8Sr1,iron_pnictide_122,mp-4488,,A1,18.365,3DSC_MP,,pending,,,single_crystal,sample_form_conditional_median:single_crystal,4.2,1.0,5.746354490991693,5.622103377477762,5.813389291270404,,5000,Hc2_unavailable,,,,,
As2Co0.2Fe1.8Sr1,iron_pnictide_122,mp-4488,,A1,18.365,3DSC_MP,,pending,,,single_crystal,sample_form_conditional_median:single_crystal,4.2,5.0,5.746354490991693,5.622103377477762,5.813389291270404,,5000,Hc2_unavailable,,,,,
As2Co0.2Fe1.8Sr1,iron_pnictide_122,mp-4488,,A1,18.365,3DSC_MP,,pending,,,single_crystal,sample_form_conditional_median:single_crystal,20.0,0.1,,,,,5000,Hc2_unavailable,,,,,
As2Co0.2Fe1.8Sr1,iron_pnictide_122,mp-4488,,A1,18.365,3DSC_MP,,pending,,,single_crystal,sample_form_conditional_median:single_crystal,20.0,1.0,,,,,5000,Hc2_unavailable,,,,,
As2Co0.2Fe1.8Sr1,iron_pnictide_122,mp-4488,,A1,18.365,3DSC_MP,,pending,,,single_crystal,sample_form_conditional_median:single_crystal,20.0,5.0,,,,,5000,Hc2_unavailable,,,,,
As2Co0.2Fe1.8Sr1,iron_pnictide_122,mp-4488,,A1,18.365,3DSC_MP,,pending,,,single_crystal,sample_form_conditional_median:single_crystal,14.14105,0.1,5.00778427891613,4.877074033738209,5.115407153412949,,5000,Hc2_unavailable,,,,,
As2Co0.2Fe1.8Sr1,iron_pnictide_122,mp-4488,,A1,18.365,3DSC_MP,,pending,,,single_crystal,sample_form_conditional_median:single_crystal,14.14105,1.0,5.00778427891613,4.877074033738209,5.115407153412949,,5000,Hc2_unavailable,,,,,
As2Co0.2Fe1.8Sr1,iron_pnictide_122,mp-4488,,A1,18.365,3DSC_MP,,pending,,,single_crystal,sample_form_conditional_median:single_crystal,14.14105,5.0,5.00778427891613,4.877074033738209,5.115407153412949,,5000,Hc2_unavailable,,,,,
As2Co0.3Fe1.7Sr1,iron_pnictide_122,mp-4488,,A1,13.2,3DSC_MP,,pending,,,single_crystal,sample_form_conditional_median:single_crystal,4.2,0.1,5.746354490991693,5.635326719245767,5.804297695181981,,5000,Hc2_unavailable,,,,,
As2Co0.3Fe1.7Sr1,iron_pnictide_122,mp-4488,,A1,13.2,3DSC_MP,,pending,,,single_crystal,sample_form_conditional_median:single_crystal,4.2,1.0,5.746354490991693,5.635326719245767,5.804297695181981,,5000,Hc2_unavailable,,,,,
As2Co0.3Fe1.7Sr1,iron_pnictide_122,mp-4488,,A1,13.2,3DSC_MP,,pending,,,single_crystal,sample_form_conditional_median:single_crystal,4.2,5.0,5.746354490991693,5.635326719245767,5.804297695181981,,5000,Hc2_unavailable,,,,,
As2Co0.3Fe1.7Sr1,iron_pnictide_122,mp-4488,,A1,13.2,3DSC_MP,,pending,,,single_crystal,sample_form_conditional_median:single_crystal,20.0,0.1,,,,,5000,Hc2_unavailable,,,,,
As2Co0.3Fe1.7Sr1,iron_pnictide_122,mp-4488,,A1,13.2,3DSC_MP,,pending,,,single_crystal,sample_form_conditional_median:single_crystal,20.0,1.0,,,,,5000,Hc2_unavailable,,,,,
As2Co0.3Fe1.7Sr1,iron_pnictide_122,mp-4488,,A1,13.2,3DSC_MP,,pending,,,single_crystal,sample_form_conditional_median:single_crystal,20.0,5.0,,,,,5000,Hc2_unavailable,,,,,
As2Co0.3Fe1.7Sr1,iron_pnictide_122,mp-4488,,A1,13.2,3DSC_MP,,pending,,,single_crystal,sample_form_conditional_median:single_crystal,10.164,0.1,5.081321182447804,4.955054024207653,5.185287207506844,,5000,Hc2_unavailable,,,,,
As2Co0.3Fe1.7Sr1,iron_pnictide_122,mp-4488,,A1,13.2,3DSC_MP,,pending,,,single_crystal,sample_form_conditional_median:single_crystal,10.164,1.0,5.081321182447804,4.955054024207653,5.185287207506844,,5000,Hc2_unavailable,,,,,
As2Co0.3Fe1.7Sr1,iron_pnictide_122,mp-4488,,A1,13.2,3DSC_MP,,pending,,,single_crystal,sample_form_conditional_median:single_crystal,10.164,5.0,5.081321182447804,4.955054024207653,5.185287207506844,,5000,Hc2_unavailable,,,,,
As2Cs1Fe2,iron_pnictide_122,mp-28884,,A1,2.08,3DSC_MP,,pending,,,single_crystal,sample_form_conditional_median:single_crystal,4.2,0.1,,,,,5000,Hc2_unavailable,,,,,
As2Cs1Fe2,iron_pnictide_122,mp-28884,,A1,2.08,3DSC_MP,,pending,,,single_crystal,sample_form_conditional_median:single_crystal,4.2,1.0,,,,,5000,Hc2_unavailable,,,,,
As2Cs1Fe2,iron_pnictide_122,mp-28884,,A1,2.08,3DSC_MP,,pending,,,single_crystal,sample_form_conditional_median:single_crystal,4.2,5.0,,,,,5000,Hc2_unavailable,,,,,
As2Cs1Fe2,iron_pnictide_122,mp-28884,,A1,2.08,3DSC_MP,,pending,,,single_crystal,sample_form_conditional_median:single_crystal,20.0,0.1,,,,,5000,Hc2_unavailable,,,,,
As2Cs1Fe2,iron_pnictide_122,mp-28884,,A1,2.08,3DSC_MP,,pending,,,single_crystal,sample_form_conditional_median:single_crystal,20.0,1.0,,,,,5000,Hc2_unavailable,,,,,
As2Cs1Fe2,iron_pnictide_122,mp-28884,,A1,2.08,3DSC_MP,,pending,,,single_crystal,sample_form_conditional_median:single_crystal,20.0,5.0,,,,,5000,Hc2_unavailable,,,,,
As2Cs1Fe2,iron_pnictide_122,mp-28884,,A1,2.08,3DSC_MP,,pending,,,single_crystal,sample_form_conditional_median:single_crystal,1.6016,0.1,17.420957315549423,16.046696866801526,18.71654889131156,,5000,Hc2_unavailable,,,,,
As2Cs1Fe2,iron_pnictide_122,mp-28884,,A1,2.08,3DSC_MP,,pending,,,single_crystal,sample_form_conditional_median:single_crystal,1.6016,1.0,17.420957315549423,16.046696866801526,18.71654889131156,,5000,Hc2_unavailable,,,,,
As2Cs1Fe2,iron_pnictide_122,mp-28884,,A1,2.08,3DSC_MP,,pending,,,single_crystal,sample_form_conditional_median:single_crystal,1.6016,5.0,17.420957315549423,16.046696866801526,18.71654889131156,,5000,Hc2_unavailable,,,,,
As2Eu0.7Fe2Na0.3,iron_pnictide_122,mp-20890,,A1,32.0,3DSC_MP,,pending,,,single_crystal,sample_form_conditional_median:single_crystal,4.2,0.1,5.746354490991693,5.635326719245767,5.804964475493147,,5000,Hc2_unavailable,,,,,
As2Eu0.7Fe2Na0.3,iron_pnictide_122,mp-20890,,A1,32.0,3DSC_MP,,pending,,,single_crystal,sample_form_conditional_median:single_crystal,4.2,1.0,5.746354490991693,5.635326719245767,5.804964475493147,,5000,Hc2_unavailable,,,,,
As2Eu0.7Fe2Na0.3,iron_pnictide_122,mp-20890,,A1,32.0,3DSC_MP,,pending,,,single_crystal,sample_form_conditional_median:single_crystal,4.2,5.0,5.746354490991693,5.635326719245767,5.804964475493147,,5000,Hc2_unavailable,,,,,
As2Eu0.7Fe2Na0.3,iron_pnictide_122,mp-20890,,A1,32.0,3DSC_MP,,pending,,,single_crystal,sample_form_conditional_median:single_crystal,20.0,0.1,5.233102702569837,5.105927748516311,5.320486259975692,,5000,Hc2_unavailable,,,,,
As2Eu0.7Fe2Na0.3,iron_pnictide_122,mp-20890,,A1,32.0,3DSC_MP,,pending,,,single_crystal,sample_form_conditional_median:single_crystal,20.0,1.0,5.233102702569837,5.105927748516311,5.320486259975692,,5000,Hc2_unavailable,,,,,
As2Eu0.7Fe2Na0.3,iron_pnictide_122,mp-20890,,A1,32.0,3DSC_MP,,pending,,,single_crystal,sample_form_conditional_median:single_crystal,20.0,5.0,5.233102702569837,5.105927748516311,5.320486259975692,,5000,Hc2_unavailable,,,,,
As2Eu0.7Fe2Na0.3,iron_pnictide_122,mp-20890,,A1,32.0,3DSC_MP,,pending,,,single_crystal,sample_form_conditional_median:single_crystal,24.64,0.1,4.935579603336433,4.788736724519112,5.052609049477999,,5000,Hc2_unavailable,,,,,
As2Eu0.7Fe2Na0.3,iron_pnictide_122,mp-20890,,A1,32.0,3DSC_MP,,pending,,,single_crystal,sample_form_conditional_median:single_crystal,24.64,1.0,4.935579603336433,4.788736724519112,5.052609049477999,,5000,Hc2_unavailable,,,,,
As2Eu0.7Fe2Na0.3,iron_pnictide_122,mp-20890,,A1,32.0,3DSC_MP,,pending,,,single_crystal,sample_form_conditional_median:single_crystal,24.64,5.0,4.935579603336433,4.788736724519112,5.052609049477999,,5000,Hc2_unavailable,,,,,
As2Eu1Fe1.72Ir0.28,iron_pnictide_122,mp-20890,,A1,21.66666667,3DSC_MP,,pending,,,single_crystal,sample_form_conditional_median:single_crystal,4.2,0.1,5.746354490991693,5.635326719245767,5.804297695181981,,5000,Hc2_unavailable,,,,,
As2Eu1Fe1.72Ir0.28,iron_pnictide_122,mp-20890,,A1,21.66666667,3DSC_MP,,pending,,,single_crystal,sample_form_conditional_median:single_crystal,4.2,1.0,5.746354490991693,5.635326719245767,5.804297695181981,,5000,Hc2_unavailable,,,,,
As2Eu1Fe1.72Ir0.28,iron_pnictide_122,mp-20890,,A1,21.66666667,3DSC_MP,,pending,,,single_crystal,sample_form_conditional_median:single_crystal,4.2,5.0,5.746354490991693,5.635326719245767,5.804297695181981,,5000,Hc2_unavailable,,,,,
As2Eu1Fe1.72Ir0.28,iron_pnictide_122,mp-20890,,A1,21.66666667,3DSC_MP,,pending,,,single_crystal,sample_form_conditional_median:single_crystal,20.0,0.1,4.320755580181794,4.133692649670043,4.501614197084836,,5000,Hc2_unavailable,,,,,
As2Eu1Fe1.72Ir0.28,iron_pnictide_122,mp-20890,,A1,21.66666667,3DSC_MP,,pending,,,single_crystal,sample_form_conditional_median:single_crystal,20.0,1.0,4.320755580181794,4.133692649670043,4.501614197084836,,5000,Hc2_unavailable,,,,,
As2Eu1Fe1.72Ir0.28,iron_pnictide_122,mp-20890,,A1,21.66666667,3DSC_MP,,pending,,,single_crystal,sample_form_conditional_median:single_crystal,20.0,5.0,4.320755580181794,4.133692649670043,4.501614197084836,,5000,Hc2_unavailable,,,,,
As2Eu1Fe1.72Ir0.28,iron_pnictide_122,mp-20890,,A1,21.66666667,3DSC_MP,,pending,,,single_crystal,sample_form_conditional_median:single_crystal,16.683333335900002,0.1,4.981418352725358,4.845808245748598,5.093250529045149,,5000,Hc2_unavailable,,,,,
As2Eu1Fe1.72Ir0.28,iron_pnictide_122,mp-20890,,A1,21.66666667,3DSC_MP,,pending,,,single_crystal,sample_form_conditional_median:single_crystal,16.683333335900002,1.0,4.981418352725358,4.845808245748598,5.093250529045149,,5000,Hc2_unavailable,,,,,
As2Eu1Fe1.72Ir0.28,iron_pnictide_122,mp-20890,,A1,21.66666667,3DSC_MP,,pending,,,single_crystal,sample_form_conditional_median:single_crystal,16.683333335900002,5.0,4.981418352725358,4.845808245748598,5.093250529045149,,5000,Hc2_unavailable,,,,,
As2Eu1Fe1.78Ir0.22,iron_pnictide_122,mp-20890,,A1,21.0,3DSC_MP,,pending,,,single_crystal,sample_form_conditional_median:single_crystal,4.2,0.1,5.746354490991693,5.635326719245767,5.804297695181981,,5000,Hc2_unavailable,,,,,
As2Eu1Fe1.78Ir0.22,iron_pnictide_122,mp-20890,,A1,21.0,3DSC_MP,,pending,,,single_crystal,sample_form_conditional_median:single_crystal,4.2,1.0,5.746354490991693,5.635326719245767,5.804297695181981,,5000,Hc2_unavailable,,,,,
As2Eu1Fe1.78Ir0.22,iron_pnictide_122,mp-20890,,A1,21.0,3DSC_MP,,pending,,,single_crystal,sample_form_conditional_median:single_crystal,4.2,5.0,5.746354490991693,5.635326719245767,5.804297695181981,,5000,Hc2_unavailable,,,,,
As2Eu1Fe1.78Ir0.22,iron_pnictide_122,mp-20890,,A1,21.0,3DSC_MP,,pending,,,single_crystal,sample_form_conditional_median:single_crystal,20.0,0.1,4.03268461638018,3.8258363667496473,4.244069232606936,,5000,Hc2_unavailable,,,,,
As2Eu1Fe1.78Ir0.22,iron_pnictide_122,mp-20890,,A1,21.0,3DSC_MP,,pending,,,single_crystal,sample_form_conditional_median:single_crystal,20.0,1.0,4.03268461638018,3.8258363667496473,4.244069232606936,,5000,Hc2_unavailable,,,,,
As2Eu1Fe1.78Ir0.22,iron_pnictide_122,mp-20890,,A1,21.0,3DSC_MP,,pending,,,single_crystal,sample_form_conditional_median:single_crystal,20.0,5.0,4.03268461638018,3.8258363667496473,4.244069232606936,,5000,Hc2_unavailable,,,,,
As2Eu1Fe1.78Ir0.22,iron_pnictide_122,mp-20890,,A1,21.0,3DSC_MP,,pending,,,single_crystal,sample_form_conditional_median:single_crystal,16.17,0.1,4.985093688105314,4.85079558347173,5.095212330506511,,5000,Hc2_unavailable,,,,,
As2Eu1Fe1.78Ir0.22,iron_pnictide_122,mp-20890,,A1,21.0,3DSC_MP,,pending,,,single_crystal,sample_form_conditional_median:single_crystal,16.17,1.0,4.985093688105314,4.85079558347173,5.095212330506511,,5000,Hc2_unavailable,,,,,
As2Eu1Fe1.78Ir0.22,iron_pnictide_122,mp-20890,,A1,21.0,3DSC_MP,,pending,,,single_crystal,sample_form_conditional_median:single_crystal,16.17,5.0,4.985093688105314,4.85079558347173,5.095212330506511,,5000,Hc2_unavailable,,,,,
As2Fe1.75Pt0.25Sr1,iron_pnictide_122,mp-4488,,A1,16.3,3DSC_MP,,pending,,,single_crystal,sample_form_conditional_median:single_crystal,4.2,0.1,5.746354490991693,5.635326719245767,5.813389291270404,,5000,Hc2_unavailable,,,,,
As2Fe1.75Pt0.25Sr1,iron_pnictide_122,mp-4488,,A1,16.3,3DSC_MP,,pending,,,single_crystal,sample_form_conditional_median:single_crystal,4.2,1.0,5.746354490991693,5.635326719245767,5.813389291270404,,5000,Hc2_unavailable,,,,,
As2Fe1.75Pt0.25Sr1,iron_pnictide_122,mp-4488,,A1,16.3,3DSC_MP,,pending,,,single_crystal,sample_form_conditional_median:single_crystal,4.2,5.0,5.746354490991693,5.635326719245767,5.813389291270404,,5000,Hc2_unavailable,,,,,
As2Fe1.75Pt0.25Sr1,iron_pnictide_122,mp-4488,,A1,16.3,3DSC_MP,,pending,,,single_crystal,sample_form_conditional_median:single_crystal,20.0,0.1,,,,,5000,Hc2_unavailable,,,,,
As2Fe1.75Pt0.25Sr1,iron_pnictide_122,mp-4488,,A1,16.3,3DSC_MP,,pending,,,single_crystal,sample_form_conditional_median:single_crystal,20.0,1.0,,,,,5000,Hc2_unavailable,,,,,
As2Fe1.75Pt0.25Sr1,iron_pnictide_122,mp-4488,,A1,16.3,3DSC_MP,,pending,,,single_crystal,sample_form_conditional_median:single_crystal,20.0,5.0,,,,,5000,Hc2_unavailable,,,,,
As2Fe1.75Pt0.25Sr1,iron_pnictide_122,mp-4488,,A1,16.3,3DSC_MP,,pending,,,single_crystal,sample_form_conditional_median:single_crystal,12.551,0.1,5.030912623229396,4.900900601503848,5.139517956229295,,5000,Hc2_unavailable,,,,,
As2Fe1.75Pt0.25Sr1,iron_pnictide_122,mp-4488,,A1,16.3,3DSC_MP,,pending,,,single_crystal,sample_form_conditional_median:single_crystal,12.551,1.0,5.030912623229396,4.900900601503848,5.139517956229295,,5000,Hc2_unavailable,,,,,
As2Fe1.75Pt0.25Sr1,iron_pnictide_122,mp-4488,,A1,16.3,3DSC_MP,,pending,,,single_crystal,sample_form_conditional_median:single_crystal,12.551,5.0,5.030912623229396,4.900900601503848,5.139517956229295,,5000,Hc2_unavailable,,,,,
As2Fe1.75Rh0.25Sr1,iron_pnictide_122,mp-4488,,A1,21.9,3DSC_MP,,pending,,,single_crystal,sample_form_conditional_median:single_crystal,4.2,0.1,5.746354490991693,5.614582757298319,5.802165025000917,,5000,Hc2_unavailable,,,,,
As2Fe1.75Rh0.25Sr1,iron_pnictide_122,mp-4488,,A1,21.9,3DSC_MP,,pending,,,single_crystal,sample_form_conditional_median:single_crystal,4.2,1.0,5.746354490991693,5.614582757298319,5.802165025000917,,5000,Hc2_unavailable,,,,,
As2Fe1.75Rh0.25Sr1,iron_pnictide_122,mp-4488,,A1,21.9,3DSC_MP,,pending,,,single_crystal,sample_form_conditional_median:single_crystal,4.2,5.0,5.746354490991693,5.614582757298319,5.802165025000917,,5000,Hc2_unavailable,,,,,
As2Fe1.75Rh0.25Sr1,iron_pnictide_122,mp-4488,,A1,21.9,3DSC_MP,,pending,,,single_crystal,sample_form_conditional_median:single_crystal,20.0,0.1,4.387834005743411,4.208463359383371,4.557025405583571,,5000,Hc2_unavailable,,,,,
As2Fe1.75Rh0.25Sr1,iron_pnictide_122,mp-4488,,A1,21.9,3DSC_MP,,pending,,,single_crystal,sample_form_conditional_median:single_crystal,20.0,1.0,4.387834005743411,4.208463359383371,4.557025405583571,,5000,Hc2_unavailable,,,,,
As2Fe1.75Rh0.25Sr1,iron_pnictide_122,mp-4488,,A1,21.9,3DSC_MP,,pending,,,single_crystal,sample_form_conditional_median:single_crystal,20.0,5.0,4.387834005743411,4.208463359383371,4.557025405583571,,5000,Hc2_unavailable,,,,,
As2Fe1.75Rh0.25Sr1,iron_pnictide_122,mp-4488,,A1,21.9,3DSC_MP,,pending,,,single_crystal,sample_form_conditional_median:single_crystal,16.863,0.1,4.978547381082566,4.844078230728108,5.087169269886292,,5000,Hc2_unavailable,,,,,
As2Fe1.75Rh0.25Sr1,iron_pnictide_122,mp-4488,,A1,21.9,3DSC_MP,,pending,,,single_crystal,sample_form_conditional_median:single_crystal,16.863,1.0,4.978547381082566,4.844078230728108,5.087169269886292,,5000,Hc2_unavailable,,,,,
As2Fe1.75Rh0.25Sr1,iron_pnictide_122,mp-4488,,A1,21.9,3DSC_MP,,pending,,,single_crystal,sample_form_conditional_median:single_crystal,16.863,5.0,4.978547381082566,4.844078230728108,5.087169269886292,,5000,Hc2_unavailable,,,,,
As2Fe1.78Ni0.22Sr1,iron_pnictide_122,mp-4488,,A1,2.305,3DSC_MP,,pending,,,single_crystal,sample_form_conditional_median:single_crystal,4.2,0.1,,,,,5000,Hc2_unavailable,,,,,
As2Fe1.78Ni0.22Sr1,iron_pnictide_122,mp-4488,,A1,2.305,3DSC_MP,,pending,,,single_crystal,sample_form_conditional_median:single_crystal,4.2,1.0,,,,,5000,Hc2_unavailable,,,,,
As2Fe1.78Ni0.22Sr1,iron_pnictide_122,mp-4488,,A1,2.305,3DSC_MP,,pending,,,single_crystal,sample_form_conditional_median:single_crystal,4.2,5.0,,,,,5000,Hc2_unavailable,,,,,
As2Fe1.78Ni0.22Sr1,iron_pnictide_122,mp-4488,,A1,2.305,3DSC_MP,,pending,,,single_crystal,sample_form_conditional_median:single_crystal,20.0,0.1,,,,,5000,Hc2_unavailable,,,,,
As2Fe1.78Ni0.22Sr1,iron_pnictide_122,mp-4488,,A1,2.305,3DSC_MP,,pending,,,single_crystal,sample_form_conditional_median:single_crystal,20.0,1.0,,,,,5000,Hc2_unavailable,,,,,
As2Fe1.78Ni0.22Sr1,iron_pnictide_122,mp-4488,,A1,2.305,3DSC_MP,,pending,,,single_crystal,sample_form_conditional_median:single_crystal,20.0,5.0,,,,,5000,Hc2_unavailable,,,,,
As2Fe1.78Ni0.22Sr1,iron_pnictide_122,mp-4488,,A1,2.305,3DSC_MP,,pending,,,single_crystal,sample_form_conditional_median:single_crystal,1.7748500000000005,0.1,17.426776495403338,16.045183256345087,18.755121478860406,,5000,Hc2_unavailable,,,,,
As2Fe1.78Ni0.22Sr1,iron_pnictide_122,mp-4488,,A1,2.305,3DSC_MP,,pending,,,single_crystal,sample_form_conditional_median:single_crystal,1.7748500000000005,1.0,17.426776495403338,16.045183256345087,18.755121478860406,,5000,Hc2_unavailable,,,,,
As2Fe1.78Ni0.22Sr1,iron_pnictide_122,mp-4488,,A1,2.305,3DSC_MP,,pending,,,single_crystal,sample_form_conditional_median:single_crystal,1.7748500000000005,5.0,17.426776495403338,16.045183256345087,18.755121478860406,,5000,Hc2_unavailable,,,,,
As2Fe1.7Pt0.3Sr1,iron_pnictide_122,mp-4488,,A1,12.6,3DSC_MP,,pending,,,single_crystal,sample_form_conditional_median:single_crystal,4.2,0.1,5.746354490991693,5.617854385081122,5.804297695181981,,5000,Hc2_unavailable,,,,,
As2Fe1.7Pt0.3Sr1,iron_pnictide_122,mp-4488,,A1,12.6,3DSC_MP,,pending,,,single_crystal,sample_form_conditional_median:single_crystal,4.2,1.0,5.746354490991693,5.617854385081122,5.804297695181981,,5000,Hc2_unavailable,,,,,
As2Fe1.7Pt0.3Sr1,iron_pnictide_122,mp-4488,,A1,12.6,3DSC_MP,,pending,,,single_crystal,sample_form_conditional_median:single_crystal,4.2,5.0,5.746354490991693,5.617854385081122,5.804297695181981,,5000,Hc2_unavailable,,,,,
As2Fe1.7Pt0.3Sr1,iron_pnictide_122,mp-4488,,A1,12.6,3DSC_MP,,pending,,,single_crystal,sample_form_conditional_median:single_crystal,20.0,0.1,,,,,5000,Hc2_unavailable,,,,,
As2Fe1.7Pt0.3Sr1,iron_pnictide_122,mp-4488,,A1,12.6,3DSC_MP,,pending,,,single_crystal,sample_form_conditional_median:single_crystal,20.0,1.0,,,,,5000,Hc2_unavailable,,,,,
As2Fe1.7Pt0.3Sr1,iron_pnictide_122,mp-4488,,A1,12.6,3DSC_MP,,pending,,,single_crystal,sample_form_conditional_median:single_crystal,20.0,5.0,,,,,5000,Hc2_unavailable,,,,,
As2Fe1.7Pt0.3Sr1,iron_pnictide_122,mp-4488,,A1,12.6,3DSC_MP,,pending,,,single_crystal,sample_form_conditional_median:single_crystal,9.702,0.1,5.096556786512799,4.971406677175829,5.195795011188487,,5000,Hc2_unavailable,,,,,
As2Fe1.7Pt0.3Sr1,iron_pnictide_122,mp-4488,,A1,12.6,3DSC_MP,,pending,,,single_crystal,sample_form_conditional_median:single_crystal,9.702,1.0,5.096556786512799,4.971406677175829,5.195795011188487,,5000,Hc2_unavailable,,,,,
As2Fe1.7Pt0.3Sr1,iron_pnictide_122,mp-4488,,A1,12.6,3DSC_MP,,pending,,,single_crystal,sample_form_conditional_median:single_crystal,9.702,5.0,5.096556786512799,4.971406677175829,5.195795011188487,,5000,Hc2_unavailable,,,,,
As2Fe1.82Ni0.18Sr1,iron_pnictide_122,mp-4488,,A1,9.6,3DSC_MP,,pending,,,single_crystal,sample_form_conditional_median:single_crystal,4.2,0.1,5.746354490991693,5.635326719245767,5.804297695181981,,5000,Hc2_unavailable,,,,,
As2Fe1.82Ni0.18Sr1,iron_pnictide_122,mp-4488,,A1,9.6,3DSC_MP,,pending,,,single_crystal,sample_form_conditional_median:single_crystal,4.2,1.0,5.746354490991693,5.635326719245767,5.804297695181981,,5000,Hc2_unavailable,,,,,
As2Fe1.82Ni0.18Sr1,iron_pnictide_122,mp-4488,,A1,9.6,3DSC_MP,,pending,,,single_crystal,sample_form_conditional_median:single_crystal,4.2,5.0,5.746354490991693,5.635326719245767,5.804297695181981,,5000,Hc2_unavailable,,,,,
As2Fe1.82Ni0.18Sr1,iron_pnictide_122,mp-4488,,A1,9.6,3DSC_MP,,pending,,,single_crystal,sample_form_conditional_median:single_crystal,20.0,0.1,,,,,5000,Hc2_unavailable,,,,,
As2Fe1.82Ni0.18Sr1,iron_pnictide_122,mp-4488,,A1,9.6,3DSC_MP,,pending,,,single_crystal,sample_form_conditional_median:single_crystal,20.0,1.0,,,,,5000,Hc2_unavailable,,,,,
As2Fe1.82Ni0.18Sr1,iron_pnictide_122,mp-4488,,A1,9.6,3DSC_MP,,pending,,,single_crystal,sample_form_conditional_median:single_crystal,20.0,5.0,,,,,5000,Hc2_unavailable,,,,,
As2Fe1.82Ni0.18Sr1,iron_pnictide_122,mp-4488,,A1,9.6,3DSC_MP,,pending,,,single_crystal,sample_form_conditional_median:single_crystal,7.391999999999999,0.1,5.199935987618115,5.079246201767245,5.286810769471369,,5000,Hc2_unavailable,,,,,
As2Fe1.82Ni0.18Sr1,iron_pnictide_122,mp-4488,,A1,9.6,3DSC_MP,,pending,,,single_crystal,sample_form_conditional_median:single_crystal,7.391999999999999,1.0,5.199935987618115,5.079246201767245,5.286810769471369,,5000,Hc2_unavailable,,,,,
As2Fe1.82Ni0.18Sr1,iron_pnictide_122,mp-4488,,A1,9.6,3DSC_MP,,pending,,,single_crystal,sample_form_conditional_median:single_crystal,7.391999999999999,5.0,5.199935987618115,5.079246201767245,5.286810769471369,,5000,Hc2_unavailable,,,,,
As2Fe1.84Ni0.16Sr1,iron_pnictide_122,mp-4488,,A1,8.65,3DSC_MP,,pending,,,single_crystal,sample_form_conditional_median:single_crystal,4.2,0.1,5.746354490991693,5.635326719245767,5.805175095887575,,5000,Hc2_unavailable,,,,,
As2Fe1.84Ni0.16Sr1,iron_pnictide_122,mp-4488,,A1,8.65,3DSC_MP,,pending,,,single_crystal,sample_form_conditional_median:single_crystal,4.2,1.0,5.746354490991693,5.635326719245767,5.805175095887575,,5000,Hc2_unavailable,,,,,
As2Fe1.84Ni0.16Sr1,iron_pnictide_122,mp-4488,,A1,8.65,3DSC_MP,,pending,,,single_crystal,sample_form_conditional_median:single_crystal,4.2,5.0,5.746354490991693,5.635326719245767,5.805175095887575,,5000,Hc2_unavailable,,,,,
As2Fe1.84Ni0.16Sr1,iron_pnictide_122,mp-4488,,A1,8.65,3DSC_MP,,pending,,,single_crystal,sample_form_conditional_median:single_crystal,20.0,0.1,,,,,5000,Hc2_unavailable,,,,,
As2Fe1.84Ni0.16Sr1,iron_pnictide_122,mp-4488,,A1,8.65,3DSC_MP,,pending,,,single_crystal,sample_form_conditional_median:single_crystal,20.0,1.0,,,,,5000,Hc2_unavailable,,,,,
As2Fe1.84Ni0.16Sr1,iron_pnictide_122,mp-4488,,A1,8.65,3DSC_MP,,pending,,,single_crystal,sample_form_conditional_median:single_crystal,20.0,5.0,,,,,5000,Hc2_unavailable,,,,,
As2Fe1.84Ni0.16Sr1,iron_pnictide_122,mp-4488,,A1,8.65,3DSC_MP,,pending,,,single_crystal,sample_form_conditional_median:single_crystal,6.660500000000001,0.1,5.253975440310556,5.136456825978383,5.339151552069895,,5000,Hc2_unavailable,,,,,
As2Fe1.84Ni0.16Sr1,iron_pnictide_122,mp-4488,,A1,8.65,3DSC_MP,,pending,,,single_crystal,sample_form_conditional_median:single_crystal,6.660500000000001,1.0,5.253975440310556,5.136456825978383,5.339151552069895,,5000,Hc2_unavailable,,,,,
As2Fe1.84Ni0.16Sr1,iron_pnictide_122,mp-4488,,A1,8.65,3DSC_MP,,pending,,,single_crystal,sample_form_conditional_median:single_crystal,6.660500000000001,5.0,5.253975440310556,5.136456825978383,5.339151552069895,,5000,Hc2_unavailable,,,,,
As2Fe1.84Pt0.16Sr1,iron_pnictide_122,mp-4488,,A1,16.0,3DSC_MP,,pending,,,single_crystal,sample_form_conditional_median:single_crystal,4.2,0.1,5.746354490991693,5.635326719245767,5.804297695181981,,5000,Hc2_unavailable,,,,,
As2Fe1.84Pt0.16Sr1,iron_pnictide_122,mp-4488,,A1,16.0,3DSC_MP,,pending,,,single_crystal,sample_form_conditional_median:single_crystal,4.2,1.0,5.746354490991693,5.635326719245767,5.804297695181981,,5000,Hc2_unavailable,,,,,
As2Fe1.84Pt0.16Sr1,iron_pnictide_122,mp-4488,,A1,16.0,3DSC_MP,,pending,,,single_crystal,sample_form_conditional_median:single_crystal,4.2,5.0,5.746354490991693,5.635326719245767,5.804297695181981,,5000,Hc2_unavailable,,,,,
As2Fe1.84Pt0.16Sr1,iron_pnictide_122,mp-4488,,A1,16.0,3DSC_MP,,pending,,,single_crystal,sample_form_conditional_median:single_crystal,20.0,0.1,,,,,5000,Hc2_unavailable,,,,,
As2Fe1.84Pt0.16Sr1,iron_pnictide_122,mp-4488,,A1,16.0,3DSC_MP,,pending,,,single_crystal,sample_form_conditional_median:single_crystal,20.0,1.0,,,,,5000,Hc2_unavailable,,,,,
As2Fe1.84Pt0.16Sr1,iron_pnictide_122,mp-4488,,A1,16.0,3DSC_MP,,pending,,,single_crystal,sample_form_conditional_median:single_crystal,20.0,5.0,,,,,5000,Hc2_unavailable,,,,,
As2Fe1.84Pt0.16Sr1,iron_pnictide_122,mp-4488,,A1,16.0,3DSC_MP,,pending,,,single_crystal,sample_form_conditional_median:single_crystal,12.32,0.1,5.03457103748876,4.904554290633408,5.141987260687951,,5000,Hc2_unavailable,,,,,
As2Fe1.84Pt0.16Sr1,iron_pnictide_122,mp-4488,,A1,16.0,3DSC_MP,,pending,,,single_crystal,sample_form_conditional_median:single_crystal,12.32,1.0,5.03457103748876,4.904554290633408,5.141987260687951,,5000,Hc2_unavailable,,,,,
As2Fe1.84Pt0.16Sr1,iron_pnictide_122,mp-4488,,A1,16.0,3DSC_MP,,pending,,,single_crystal,sample_form_conditional_median:single_crystal,12.32,5.0,5.03457103748876,4.904554290633408,5.141987260687951,,5000,Hc2_unavailable,,,,,
As2Fe1.85Ni0.15Sr1,iron_pnictide_122,mp-4488,,A1,8.93,3DSC_MP,,pending,,,single_crystal,sample_form_conditional_median:single_crystal,4.2,0.1,5.746354490991693,5.635326719245767,5.804297695181981,,5000,Hc2_unavailable,,,,,
As2Fe1.85Ni0.15Sr1,iron_pnictide_122,mp-4488,,A1,8.93,3DSC_MP,,pending,,,single_crystal,sample_form_conditional_median:single_crystal,4.2,1.0,5.746354490991693,5.635326719245767,5.804297695181981,,5000,Hc2_unavailable,,,,,
As2Fe1.85Ni0.15Sr1,iron_pnictide_122,mp-4488,,A1,8.93,3DSC_MP,,pending,,,single_crystal,sample_form_conditional_median:single_crystal,4.2,5.0,5.746354490991693,5.635326719245767,5.804297695181981,,5000,Hc2_unavailable,,,,,
As2Fe1.85Ni0.15Sr1,iron_pnictide_122,mp-4488,,A1,8.93,3DSC_MP,,pending,,,single_crystal,sample_form_conditional_median:single_crystal,20.0,0.1,,,,,5000,Hc2_unavailable,,,,,
As2Fe1.85Ni0.15Sr1,iron_pnictide_122,mp-4488,,A1,8.93,3DSC_MP,,pending,,,single_crystal,sample_form_conditional_median:single_crystal,20.0,1.0,,,,,5000,Hc2_unavailable,,,,,
As2Fe1.85Ni0.15Sr1,iron_pnictide_122,mp-4488,,A1,8.93,3DSC_MP,,pending,,,single_crystal,sample_form_conditional_median:single_crystal,20.0,5.0,,,,,5000,Hc2_unavailable,,,,,
As2Fe1.85Ni0.15Sr1,iron_pnictide_122,mp-4488,,A1,8.93,3DSC_MP,,pending,,,single_crystal,sample_form_conditional_median:single_crystal,6.8761,0.1,5.235606128736108,5.12032761636952,5.324603794290632,,5000,Hc2_unavailable,,,,,
As2Fe1.85Ni0.15Sr1,iron_pnictide_122,mp-4488,,A1,8.93,3DSC_MP,,pending,,,single_crystal,sample_form_conditional_median:single_crystal,6.8761,1.0,5.235606128736108,5.12032761636952,5.324603794290632,,5000,Hc2_unavailable,,,,,
As2Fe1.85Ni0.15Sr1,iron_pnictide_122,mp-4488,,A1,8.93,3DSC_MP,,pending,,,single_crystal,sample_form_conditional_median:single_crystal,6.8761,5.0,5.235606128736108,5.12032761636952,5.324603794290632,,5000,Hc2_unavailable,,,,,
As2Fe1.85Pd0.15Sr1,iron_pnictide_122,mp-4488,,A1,8.7,3DSC_MP,,pending,,,single_crystal,sample_form_conditional_median:single_crystal,4.2,0.1,5.746354490991693,5.635326719245767,5.804297695181981,,5000,Hc2_unavailable,,,,,
As2Fe1.85Pd0.15Sr1,iron_pnictide_122,mp-4488,,A1,8.7,3DSC_MP,,pending,,,single_crystal,sample_form_conditional_median:single_crystal,4.2,1.0,5.746354490991693,5.635326719245767,5.804297695181981,,5000,Hc2_unavailable,,,,,
As2Fe1.85Pd0.15Sr1,iron_pnictide_122,mp-4488,,A1,8.7,3DSC_MP,,pending,,,single_crystal,sample_form_conditional_median:single_crystal,4.2,5.0,5.746354490991693,5.635326719245767,5.804297695181981,,5000,Hc2_unavailable,,,,,
As2Fe1.85Pd0.15Sr1,iron_pnictide_122,mp-4488,,A1,8.7,3DSC_MP,,pending,,,single_crystal,sample_form_conditional_median:single_crystal,20.0,0.1,,,,,5000,Hc2_unavailable,,,,,
As2Fe1.85Pd0.15Sr1,iron_pnictide_122,mp-4488,,A1,8.7,3DSC_MP,,pending,,,single_crystal,sample_form_conditional_median:single_crystal,20.0,1.0,,,,,5000,Hc2_unavailable,,,,,
As2Fe1.85Pd0.15Sr1,iron_pnictide_122,mp-4488,,A1,8.7,3DSC_MP,,pending,,,single_crystal,sample_form_conditional_median:single_crystal,20.0,5.0,,,,,5000,Hc2_unavailable,,,,,
As2Fe1.85Pd0.15Sr1,iron_pnictide_122,mp-4488,,A1,8.7,3DSC_MP,,pending,,,single_crystal,sample_form_conditional_median:single_crystal,6.699,0.1,5.250427313024797,5.130236902945008,5.335641160497323,,5000,Hc2_unavailable,,,,,
As2Fe1.85Pd0.15Sr1,iron_pnictide_122,mp-4488,,A1,8.7,3DSC_MP,,pending,,,single_crystal,sample_form_conditional_median:single_crystal,6.699,1.0,5.250427313024797,5.130236902945008,5.335641160497323,,5000,Hc2_unavailable,,,,,
As2Fe1.85Pd0.15Sr1,iron_pnictide_122,mp-4488,,A1,8.7,3DSC_MP,,pending,,,single_crystal,sample_form_conditional_median:single_crystal,6.699,5.0,5.250427313024797,5.130236902945008,5.335641160497323,,5000,Hc2_unavailable,,,,,
As2Fe1.85Pt0.15Sr1,iron_pnictide_122,mp-4488,,A1,11.7,3DSC_MP,,pending,,,single_crystal,sample_form_conditional_median:single_crystal,4.2,0.1,5.746354490991693,5.636927477444992,5.802165025000917,,5000,Hc2_unavailable,,,,,
As2Fe1.85Pt0.15Sr1,iron_pnictide_122,mp-4488,,A1,11.7,3DSC_MP,,pending,,,single_crystal,sample_form_conditional_median:single_crystal,4.2,1.0,5.746354490991693,5.636927477444992,5.802165025000917,,5000,Hc2_unavailable,,,,,
As2Fe1.85Pt0.15Sr1,iron_pnictide_122,mp-4488,,A1,11.7,3DSC_MP,,pending,,,single_crystal,sample_form_conditional_median:single_crystal,4.2,5.0,5.746354490991693,5.636927477444992,5.802165025000917,,5000,Hc2_unavailable,,,,,
As2Fe1.85Pt0.15Sr1,iron_pnictide_122,mp-4488,,A1,11.7,3DSC_MP,,pending,,,single_crystal,sample_form_conditional_median:single_crystal,20.0,0.1,,,,,5000,Hc2_unavailable,,,,,
As2Fe1.85Pt0.15Sr1,iron_pnictide_122,mp-4488,,A1,11.7,3DSC_MP,,pending,,,single_crystal,sample_form_conditional_median:single_crystal,20.0,1.0,,,,,5000,Hc2_unavailable,,,,,
As2Fe1.85Pt0.15Sr1,iron_pnictide_122,mp-4488,,A1,11.7,3DSC_MP,,pending,,,single_crystal,sample_form_conditional_median:single_crystal,20.0,5.0,,,,,5000,Hc2_unavailable,,,,,
As2Fe1.85Pt0.15Sr1,iron_pnictide_122,mp-4488,,A1,11.7,3DSC_MP,,pending,,,single_crystal,sample_form_conditional_median:single_crystal,9.009,0.1,5.119816268495256,4.998846995339855,5.220278217187115,,5000,Hc2_unavailable,,,,,
As2Fe1.85Pt0.15Sr1,iron_pnictide_122,mp-4488,,A1,11.7,3DSC_MP,,pending,,,single_crystal,sample_form_conditional_median:single_crystal,9.009,1.0,5.119816268495256,4.998846995339855,5.220278217187115,,5000,Hc2_unavailable,,,,,
As2Fe1.85Pt0.15Sr1,iron_pnictide_122,mp-4488,,A1,11.7,3DSC_MP,,pending,,,single_crystal,sample_form_conditional_median:single_crystal,9.009,5.0,5.119816268495256,4.998846995339855,5.220278217187115,,5000,Hc2_unavailable,,,,,
As2Fe1.88Ni0.12Sr1,iron_pnictide_122,mp-4488,,A1,5.92,3DSC_MP,,pending,,,single_crystal,sample_form_conditional_median:single_crystal,4.2,0.1,5.746354490991693,5.636927477444992,5.80431436468976,,5000,Hc2_unavailable,,,,,
As2Fe1.88Ni0.12Sr1,iron_pnictide_122,mp-4488,,A1,5.92,3DSC_MP,,pending,,,single_crystal,sample_form_conditional_median:single_crystal,4.2,1.0,5.746354490991693,5.636927477444992,5.80431436468976,,5000,Hc2_unavailable,,,,,
As2Fe1.88Ni0.12Sr1,iron_pnictide_122,mp-4488,,A1,5.92,3DSC_MP,,pending,,,single_crystal,sample_form_conditional_median:single_crystal,4.2,5.0,5.746354490991693,5.636927477444992,5.80431436468976,,5000,Hc2_unavailable,,,,,
As2Fe1.88Ni0.12Sr1,iron_pnictide_122,mp-4488,,A1,5.92,3DSC_MP,,pending,,,single_crystal,sample_form_conditional_median:single_crystal,20.0,0.1,,,,,5000,Hc2_unavailable,,,,,
As2Fe1.88Ni0.12Sr1,iron_pnictide_122,mp-4488,,A1,5.92,3DSC_MP,,pending,,,single_crystal,sample_form_conditional_median:single_crystal,20.0,1.0,,,,,5000,Hc2_unavailable,,,,,
As2Fe1.88Ni0.12Sr1,iron_pnictide_122,mp-4488,,A1,5.92,3DSC_MP,,pending,,,single_crystal,sample_form_conditional_median:single_crystal,20.0,5.0,,,,,5000,Hc2_unavailable,,,,,
As2Fe1.88Ni0.12Sr1,iron_pnictide_122,mp-4488,,A1,5.92,3DSC_MP,,pending,,,single_crystal,sample_form_conditional_median:single_crystal,4.5584,0.1,5.603036541006132,5.494699458291135,5.666154787472322,,5000,Hc2_unavailable,,,,,
As2Fe1.88Ni0.12Sr1,iron_pnictide_122,mp-4488,,A1,5.92,3DSC_MP,,pending,,,single_crystal,sample_form_conditional_median:single_crystal,4.5584,1.0,5.603036541006132,5.494699458291135,5.666154787472322,,5000,Hc2_unavailable,,,,,
As2Fe1.88Ni0.12Sr1,iron_pnictide_122,mp-4488,,A1,5.92,3DSC_MP,,pending,,,single_crystal,sample_form_conditional_median:single_crystal,4.5584,5.0,5.603036541006132,5.494699458291135,5.666154787472322,,5000,Hc2_unavailable,,,,,
As2Fe1.8Ni0.2Sr1,iron_pnictide_122,mp-4488,,A1,7.4,3DSC_MP,,pending,,,single_crystal,sample_form_conditional_median:single_crystal,4.2,0.1,5.746354490991693,5.634889910891651,5.804297695181981,,5000,Hc2_unavailable,,,,,
As2Fe1.8Ni0.2Sr1,iron_pnictide_122,mp-4488,,A1,7.4,3DSC_MP,,pending,,,single_crystal,sample_form_conditional_median:single_crystal,4.2,1.0,5.746354490991693,5.634889910891651,5.804297695181981,,5000,Hc2_unavailable,,,,,
As2Fe1.8Ni0.2Sr1,iron_pnictide_122,mp-4488,,A1,7.4,3DSC_MP,,pending,,,single_crystal,sample_form_conditional_median:single_crystal,4.2,5.0,5.746354490991693,5.634889910891651,5.804297695181981,,5000,Hc2_unavailable,,,,,
As2Fe1.8Ni0.2Sr1,iron_pnictide_122,mp-4488,,A1,7.4,3DSC_MP,,pending,,,single_crystal,sample_form_conditional_median:single_crystal,20.0,0.1,,,,,5000,Hc2_unavailable,,,,,
As2Fe1.8Ni0.2Sr1,iron_pnictide_122,mp-4488,,A1,7.4,3DSC_MP,,pending,,,single_crystal,sample_form_conditional_median:single_crystal,20.0,1.0,,,,,5000,Hc2_unavailable,,,,,
As2Fe1.8Ni0.2Sr1,iron_pnictide_122,mp-4488,,A1,7.4,3DSC_MP,,pending,,,single_crystal,sample_form_conditional_median:single_crystal,20.0,5.0,,,,,5000,Hc2_unavailable,,,,,
As2Fe1.8Ni0.2Sr1,iron_pnictide_122,mp-4488,,A1,7.4,3DSC_MP,,pending,,,single_crystal,sample_form_conditional_median:single_crystal,5.698,0.1,5.35839472578567,5.243145534244424,5.437611596418224,,5000,Hc2_unavailable,,,,,
As2Fe1.8Ni0.2Sr1,iron_pnictide_122,mp-4488,,A1,7.4,3DSC_MP,,pending,,,single_crystal,sample_form_conditional_median:single_crystal,5.698,1.0,5.35839472578567,5.243145534244424,5.437611596418224,,5000,Hc2_unavailable,,,,,
As2Fe1.8Ni0.2Sr1,iron_pnictide_122,mp-4488,,A1,7.4,3DSC_MP,,pending,,,single_crystal,sample_form_conditional_median:single_crystal,5.698,5.0,5.35839472578567,5.243145534244424,5.437611596418224,,5000,Hc2_unavailable,,,,,
As2Fe1.8Pt0.2Sr1,iron_pnictide_122,mp-4488,,A1,15.8,3DSC_MP,,pending,,,single_crystal,sample_form_conditional_median:single_crystal,4.2,0.1,5.746354490991693,5.635326719245767,5.804297695181981,,5000,Hc2_unavailable,,,,,
As2Fe1.8Pt0.2Sr1,iron_pnictide_122,mp-4488,,A1,15.8,3DSC_MP,,pending,,,single_crystal,sample_form_conditional_median:single_crystal,4.2,1.0,5.746354490991693,5.635326719245767,5.804297695181981,,5000,Hc2_unavailable,,,,,
As2Fe1.8Pt0.2Sr1,iron_pnictide_122,mp-4488,,A1,15.8,3DSC_MP,,pending,,,single_crystal,sample_form_conditional_median:single_crystal,4.2,5.0,5.746354490991693,5.635326719245767,5.804297695181981,,5000,Hc2_unavailable,,,,,
As2Fe1.8Pt0.2Sr1,iron_pnictide_122,mp-4488,,A1,15.8,3DSC_MP,,pending,,,single_crystal,sample_form_conditional_median:single_crystal,20.0,0.1,,,,,5000,Hc2_unavailable,,,,,
As2Fe1.8Pt0.2Sr1,iron_pnictide_122,mp-4488,,A1,15.8,3DSC_MP,,pending,,,single_crystal,sample_form_conditional_median:single_crystal,20.0,1.0,,,,,5000,Hc2_unavailable,,,,,
As2Fe1.8Pt0.2Sr1,iron_pnictide_122,mp-4488,,A1,15.8,3DSC_MP,,pending,,,single_crystal,sample_form_conditional_median:single_crystal,20.0,5.0,,,,,5000,Hc2_unavailable,,,,,
As2Fe1.8Pt0.2Sr1,iron_pnictide_122,mp-4488,,A1,15.8,3DSC_MP,,pending,,,single_crystal,sample_form_conditional_median:single_crystal,12.166,0.1,5.038555069749257,4.910374606361086,5.142674805283367,,5000,Hc2_unavailable,,,,,
As2Fe1.8Pt0.2Sr1,iron_pnictide_122,mp-4488,,A1,15.8,3DSC_MP,,pending,,,single_crystal,sample_form_conditional_median:single_crystal,12.166,1.0,5.038555069749257,4.910374606361086,5.142674805283367,,5000,Hc2_unavailable,,,,,
As2Fe1.8Pt0.2Sr1,iron_pnictide_122,mp-4488,,A1,15.8,3DSC_MP,,pending,,,single_crystal,sample_form_conditional_median:single_crystal,12.166,5.0,5.038555069749257,4.910374606361086,5.142674805283367,,5000,Hc2_unavailable,,,,,
As2Fe1.9Ni0.1Sr1,iron_pnictide_122,mp-4488,,A1,5.5,3DSC_MP,,pending,,,single_crystal,sample_form_conditional_median:single_crystal,4.2,0.1,5.746354490991693,5.635326719245767,5.804297695181981,,5000,Hc2_unavailable,,,,,
As2Fe1.9Ni0.1Sr1,iron_pnictide_122,mp-4488,,A1,5.5,3DSC_MP,,pending,,,single_crystal,sample_form_conditional_median:single_crystal,4.2,1.0,5.746354490991693,5.635326719245767,5.804297695181981,,5000,Hc2_unavailable,,,,,
As2Fe1.9Ni0.1Sr1,iron_pnictide_122,mp-4488,,A1,5.5,3DSC_MP,,pending,,,single_crystal,sample_form_conditional_median:single_crystal,4.2,5.0,5.746354490991693,5.635326719245767,5.804297695181981,,5000,Hc2_unavailable,,,,,
As2Fe1.9Ni0.1Sr1,iron_pnictide_122,mp-4488,,A1,5.5,3DSC_MP,,pending,,,single_crystal,sample_form_conditional_median:single_crystal,20.0,0.1,,,,,5000,Hc2_unavailable,,,,,
As2Fe1.9Ni0.1Sr1,iron_pnictide_122,mp-4488,,A1,5.5,3DSC_MP,,pending,,,single_crystal,sample_form_conditional_median:single_crystal,20.0,1.0,,,,,5000,Hc2_unavailable,,,,,
As2Fe1.9Ni0.1Sr1,iron_pnictide_122,mp-4488,,A1,5.5,3DSC_MP,,pending,,,single_crystal,sample_form_conditional_median:single_crystal,20.0,5.0,,,,,5000,Hc2_unavailable,,,,,
As2Fe1.9Ni0.1Sr1,iron_pnictide_122,mp-4488,,A1,5.5,3DSC_MP,,pending,,,single_crystal,sample_form_conditional_median:single_crystal,4.235,0.1,5.729454907606806,5.617713463587158,5.7877066928861005,,5000,Hc2_unavailable,,,,,
As2Fe1.9Ni0.1Sr1,iron_pnictide_122,mp-4488,,A1,5.5,3DSC_MP,,pending,,,single_crystal,sample_form_conditional_median:single_crystal,4.235,1.0,5.729454907606806,5.617713463587158,5.7877066928861005,,5000,Hc2_unavailable,,,,,
As2Fe1.9Ni0.1Sr1,iron_pnictide_122,mp-4488,,A1,5.5,3DSC_MP,,pending,,,single_crystal,sample_form_conditional_median:single_crystal,4.235,5.0,5.729454907606806,5.617713463587158,5.7877066928861005,,5000,Hc2_unavailable,,,,,
As2Fe1.9Pt0.1Sr1,iron_pnictide_122,mp-4488,,A1,1.6,3DSC_MP,,pending,,,single_crystal,sample_form_conditional_median:single_crystal,4.2,0.1,,,,,5000,Hc2_unavailable,,,,,
As2Fe1.9Pt0.1Sr1,iron_pnictide_122,mp-4488,,A1,1.6,3DSC_MP,,pending,,,single_crystal,sample_form_conditional_median:single_crystal,4.2,1.0,,,,,5000,Hc2_unavailable,,,,,
As2Fe1.9Pt0.1Sr1,iron_pnictide_122,mp-4488,,A1,1.6,3DSC_MP,,pending,,,single_crystal,sample_form_conditional_median:single_crystal,4.2,5.0,,,,,5000,Hc2_unavailable,,,,,
As2Fe1.9Pt0.1Sr1,iron_pnictide_122,mp-4488,,A1,1.6,3DSC_MP,,pending,,,single_crystal,sample_form_conditional_median:single_crystal,20.0,0.1,,,,,5000,Hc2_unavailable,,,,,
As2Fe1.9Pt0.1Sr1,iron_pnictide_122,mp-4488,,A1,1.6,3DSC_MP,,pending,,,single_crystal,sample_form_conditional_median:single_crystal,20.0,1.0,,,,,5000,Hc2_unavailable,,,,,
As2Fe1.9Pt0.1Sr1,iron_pnictide_122,mp-4488,,A1,1.6,3DSC_MP,,pending,,,single_crystal,sample_form_conditional_median:single_crystal,20.0,5.0,,,,,5000,Hc2_unavailable,,,,,
As2Fe1.9Pt0.1Sr1,iron_pnictide_122,mp-4488,,A1,1.6,3DSC_MP,,pending,,,single_crystal,sample_form_conditional_median:single_crystal,1.2320000000000002,0.1,17.43105605854193,16.027180735992534,18.753249141028995,,5000,Hc2_unavailable,,,,,
As2Fe1.9Pt0.1Sr1,iron_pnictide_122,mp-4488,,A1,1.6,3DSC_MP,,pending,,,single_crystal,sample_form_conditional_median:single_crystal,1.2320000000000002,1.0,17.43105605854193,16.027180735992534,18.753249141028995,,5000,Hc2_unavailable,,,,,
As2Fe1.9Pt0.1Sr1,iron_pnictide_122,mp-4488,,A1,1.6,3DSC_MP,,pending,,,single_crystal,sample_form_conditional_median:single_crystal,1.2320000000000002,5.0,17.43105605854193,16.027180735992534,18.753249141028995,,5000,Hc2_unavailable,,,,,
As2Fe2K0.1Sr0.9,iron_pnictide_122,mp-4488,,A1,5.11,3DSC_MP,,pending,,,single_crystal,sample_form_conditional_median:single_crystal,4.2,0.1,5.746354490991693,5.635326719245767,5.804964475493147,,5000,Hc2_unavailable,,,,,
As2Fe2K0.1Sr0.9,iron_pnictide_122,mp-4488,,A1,5.11,3DSC_MP,,pending,,,single_crystal,sample_form_conditional_median:single_crystal,4.2,1.0,5.746354490991693,5.635326719245767,5.804964475493147,,5000,Hc2_unavailable,,,,,
As2Fe2K0.1Sr0.9,iron_pnictide_122,mp-4488,,A1,5.11,3DSC_MP,,pending,,,single_crystal,sample_form_conditional_median:single_crystal,4.2,5.0,5.746354490991693,5.635326719245767,5.804964475493147,,5000,Hc2_unavailable,,,,,
As2Fe2K0.1Sr0.9,iron_pnictide_122,mp-4488,,A1,5.11,3DSC_MP,,pending,,,single_crystal,sample_form_conditional_median:single_crystal,20.0,0.1,,,,,5000,Hc2_unavailable,,,,,
As2Fe2K0.1Sr0.9,iron_pnictide_122,mp-4488,,A1,5.11,3DSC_MP,,pending,,,single_crystal,sample_form_conditional_median:single_crystal,20.0,1.0,,,,,5000,Hc2_unavailable,,,,,
As2Fe2K0.1Sr0.9,iron_pnictide_122,mp-4488,,A1,5.11,3DSC_MP,,pending,,,single_crystal,sample_form_conditional_median:single_crystal,20.0,5.0,,,,,5000,Hc2_unavailable,,,,,
As2Fe2K0.1Sr0.9,iron_pnictide_122,mp-4488,,A1,5.11,3DSC_MP,,pending,,,single_crystal,sample_form_conditional_median:single_crystal,3.9347,0.1,5.898537070927698,5.783776515658534,5.963516656806642,,5000,Hc2_unavailable,,,,,
As2Fe2K0.1Sr0.9,iron_pnictide_122,mp-4488,,A1,5.11,3DSC_MP,,pending,,,single_crystal,sample_form_conditional_median:single_crystal,3.9347,1.0,5.898537070927698,5.783776515658534,5.963516656806642,,5000,Hc2_unavailable,,,,,
As2Fe2K0.1Sr0.9,iron_pnictide_122,mp-4488,,A1,5.11,3DSC_MP,,pending,,,single_crystal,sample_form_conditional_median:single_crystal,3.9347,5.0,5.898537070927698,5.783776515658534,5.963516656806642,,5000,Hc2_unavailable,,,,,
As2Fe2K0.2Sr0.8,iron_pnictide_122,mp-4488,,A1,13.3,3DSC_MP,,pending,,,single_crystal,sample_form_conditional_median:single_crystal,4.2,0.1,5.746354490991693,5.635326719245767,5.804297695181981,,5000,Hc2_unavailable,,,,,
As2Fe2K0.2Sr0.8,iron_pnictide_122,mp-4488,,A1,13.3,3DSC_MP,,pending,,,single_crystal,sample_form_conditional_median:single_crystal,4.2,1.0,5.746354490991693,5.635326719245767,5.804297695181981,,5000,Hc2_unavailable,,,,,
As2Fe2K0.2Sr0.8,iron_pnictide_122,mp-4488,,A1,13.3,3DSC_MP,,pending,,,single_crystal,sample_form_conditional_median:single_crystal,4.2,5.0,5.746354490991693,5.635326719245767,5.804297695181981,,5000,Hc2_unavailable,,,,,
As2Fe2K0.2Sr0.8,iron_pnictide_122,mp-4488,,A1,13.3,3DSC_MP,,pending,,,single_crystal,sample_form_conditional_median:single_crystal,20.0,0.1,,,,,5000,Hc2_unavailable,,,,,
As2Fe2K0.2Sr0.8,iron_pnictide_122,mp-4488,,A1,13.3,3DSC_MP,,pending,,,single_crystal,sample_form_conditional_median:single_crystal,20.0,1.0,,,,,5000,Hc2_unavailable,,,,,
As2Fe2K0.2Sr0.8,iron_pnictide_122,mp-4488,,A1,13.3,3DSC_MP,,pending,,,single_crystal,sample_form_conditional_median:single_crystal,20.0,5.0,,,,,5000,Hc2_unavailable,,,,,
As2Fe2K0.2Sr0.8,iron_pnictide_122,mp-4488,,A1,13.3,3DSC_MP,,pending,,,single_crystal,sample_form_conditional_median:single_crystal,10.241,0.1,5.080561699086878,4.9522205755570585,5.183372866035284,,5000,Hc2_unavailable,,,,,
As2Fe2K0.2Sr0.8,iron_pnictide_122,mp-4488,,A1,13.3,3DSC_MP,,pending,,,single_crystal,sample_form_conditional_median:single_crystal,10.241,1.0,5.080561699086878,4.9522205755570585,5.183372866035284,,5000,Hc2_unavailable,,,,,
As2Fe2K0.2Sr0.8,iron_pnictide_122,mp-4488,,A1,13.3,3DSC_MP,,pending,,,single_crystal,sample_form_conditional_median:single_crystal,10.241,5.0,5.080561699086878,4.9522205755570585,5.183372866035284,,5000,Hc2_unavailable,,,,,
As2Fe2K0.7Sr0.3,iron_pnictide_122,mp-35276,,A1,12.2,3DSC_MP,,pending,,,single_crystal,sample_form_conditional_median:single_crystal,4.2,0.1,5.746354490991693,5.635326719245767,5.804297695181981,,5000,Hc2_unavailable,,,,,
As2Fe2K0.7Sr0.3,iron_pnictide_122,mp-35276,,A1,12.2,3DSC_MP,,pending,,,single_crystal,sample_form_conditional_median:single_crystal,4.2,1.0,5.746354490991693,5.635326719245767,5.804297695181981,,5000,Hc2_unavailable,,,,,
As2Fe2K0.7Sr0.3,iron_pnictide_122,mp-35276,,A1,12.2,3DSC_MP,,pending,,,single_crystal,sample_form_conditional_median:single_crystal,4.2,5.0,5.746354490991693,5.635326719245767,5.804297695181981,,5000,Hc2_unavailable,,,,,
As2Fe2K0.7Sr0.3,iron_pnictide_122,mp-35276,,A1,12.2,3DSC_MP,,pending,,,single_crystal,sample_form_conditional_median:single_crystal,20.0,0.1,,,,,5000,Hc2_unavailable,,,,,
As2Fe2K0.7Sr0.3,iron_pnictide_122,mp-35276,,A1,12.2,3DSC_MP,,pending,,,single_crystal,sample_form_conditional_median:single_crystal,20.0,1.0,,,,,5000,Hc2_unavailable,,,,,
As2Fe2K0.7Sr0.3,iron_pnictide_122,mp-35276,,A1,12.2,3DSC_MP,,pending,,,single_crystal,sample_form_conditional_median:single_crystal,20.0,5.0,,,,,5000,Hc2_unavailable,,,,,
As2Fe2K0.7Sr0.3,iron_pnictide_122,mp-35276,,A1,12.2,3DSC_MP,,pending,,,single_crystal,sample_form_conditional_median:single_crystal,9.394,0.1,5.105892867898023,4.982273113417725,5.204974771366178,,5000,Hc2_unavailable,,,,,
As2Fe2K0.7Sr0.3,iron_pnictide_122,mp-35276,,A1,12.2,3DSC_MP,,pending,,,single_crystal,sample_form_conditional_median:single_crystal,9.394,1.0,5.105892867898023,4.982273113417725,5.204974771366178,,5000,Hc2_unavailable,,,,,
As2Fe2K0.7Sr0.3,iron_pnictide_122,mp-35276,,A1,12.2,3DSC_MP,,pending,,,single_crystal,sample_form_conditional_median:single_crystal,9.394,5.0,5.105892867898023,4.982273113417725,5.204974771366178,,5000,Hc2_unavailable,,,,,
As2Fe2K0.9Na0.1,iron_pnictide_122,mp-35276,,A1,2.9,3DSC_MP,,pending,,,single_crystal,sample_form_conditional_median:single_crystal,4.2,0.1,,,,,5000,Hc2_unavailable,,,,,
As2Fe2K0.9Na0.1,iron_pnictide_122,mp-35276,,A1,2.9,3DSC_MP,,pending,,,single_crystal,sample_form_conditional_median:single_crystal,4.2,1.0,,,,,5000,Hc2_unavailable,,,,,
As2Fe2K0.9Na0.1,iron_pnictide_122,mp-35276,,A1,2.9,3DSC_MP,,pending,,,single_crystal,sample_form_conditional_median:single_crystal,4.2,5.0,,,,,5000,Hc2_unavailable,,,,,
As2Fe2K0.9Na0.1,iron_pnictide_122,mp-35276,,A1,2.9,3DSC_MP,,pending,,,single_crystal,sample_form_conditional_median:single_crystal,20.0,0.1,,,,,5000,Hc2_unavailable,,,,,
As2Fe2K0.9Na0.1,iron_pnictide_122,mp-35276,,A1,2.9,3DSC_MP,,pending,,,single_crystal,sample_form_conditional_median:single_crystal,20.0,1.0,,,,,5000,Hc2_unavailable,,,,,
As2Fe2K0.9Na0.1,iron_pnictide_122,mp-35276,,A1,2.9,3DSC_MP,,pending,,,single_crystal,sample_form_conditional_median:single_crystal,20.0,5.0,,,,,5000,Hc2_unavailable,,,,,
As2Fe2K0.9Na0.1,iron_pnictide_122,mp-35276,,A1,2.9,3DSC_MP,,pending,,,single_crystal,sample_form_conditional_median:single_crystal,2.233,0.1,17.425175737204114,16.04567387349689,18.70535474343725,,5000,Hc2_unavailable,,,,,
As2Fe2K0.9Na0.1,iron_pnictide_122,mp-35276,,A1,2.9,3DSC_MP,,pending,,,single_crystal,sample_form_conditional_median:single_crystal,2.233,1.0,17.425175737204114,16.04567387349689,18.70535474343725,,5000,Hc2_unavailable,,,,,
As2Fe2K0.9Na0.1,iron_pnictide_122,mp-35276,,A1,2.9,3DSC_MP,,pending,,,single_crystal,sample_form_conditional_median:single_crystal,2.233,5.0,17.425175737204114,16.04567387349689,18.70535474343725,,5000,Hc2_unavailable,,,,,
As2Fe2K1,iron_pnictide_122,mp-35276,,A1,2.9965,3DSC_MP,,pending,,,single_crystal,sample_form_conditional_median:single_crystal,4.2,0.1,,,,,5000,Hc2_unavailable,,,,,
As2Fe2K1,iron_pnictide_122,mp-35276,,A1,2.9965,3DSC_MP,,pending,,,single_crystal,sample_form_conditional_median:single_crystal,4.2,1.0,,,,,5000,Hc2_unavailable,,,,,
As2Fe2K1,iron_pnictide_122,mp-35276,,A1,2.9965,3DSC_MP,,pending,,,single_crystal,sample_form_conditional_median:single_crystal,4.2,5.0,,,,,5000,Hc2_unavailable,,,,,
As2Fe2K1,iron_pnictide_122,mp-35276,,A1,2.9965,3DSC_MP,,pending,,,single_crystal,sample_form_conditional_median:single_crystal,20.0,0.1,,,,,5000,Hc2_unavailable,,,,,
As2Fe2K1,iron_pnictide_122,mp-35276,,A1,2.9965,3DSC_MP,,pending,,,single_crystal,sample_form_conditional_median:single_crystal,20.0,1.0,,,,,5000,Hc2_unavailable,,,,,
As2Fe2K1,iron_pnictide_122,mp-35276,,A1,2.9965,3DSC_MP,,pending,,,single_crystal,sample_form_conditional_median:single_crystal,20.0,5.0,,,,,5000,Hc2_unavailable,,,,,
As2Fe2K1,iron_pnictide_122,mp-35276,,A1,2.9965,3DSC_MP,,pending,,,single_crystal,sample_form_conditional_median:single_crystal,2.3073050000000004,0.1,17.396749198497034,16.023984407563717,18.704761197945512,,5000,Hc2_unavailable,,,,,
As2Fe2K1,iron_pnictide_122,mp-35276,,A1,2.9965,3DSC_MP,,pending,,,single_crystal,sample_form_conditional_median:single_crystal,2.3073050000000004,1.0,17.396749198497034,16.023984407563717,18.704761197945512,,5000,Hc2_unavailable,,,,,
As2Fe2K1,iron_pnictide_122,mp-35276,,A1,2.9965,3DSC_MP,,pending,,,single_crystal,sample_form_conditional_median:single_crystal,2.3073050000000004,5.0,17.396749198497034,16.023984407563717,18.704761197945512,,5000,Hc2_unavailable,,,,,
As2Fe2Rb1,iron_pnictide_122,mp-975359,,A1,1.983333333,3DSC_MP,,pending,,,single_crystal,sample_form_conditional_median:single_crystal,4.2,0.1,,,,,5000,Hc2_unavailable,,,,,
As2Fe2Rb1,iron_pnictide_122,mp-975359,,A1,1.983333333,3DSC_MP,,pending,,,single_crystal,sample_form_conditional_median:single_crystal,4.2,1.0,,,,,5000,Hc2_unavailable,,,,,
As2Fe2Rb1,iron_pnictide_122,mp-975359,,A1,1.983333333,3DSC_MP,,pending,,,single_crystal,sample_form_conditional_median:single_crystal,4.2,5.0,,,,,5000,Hc2_unavailable,,,,,
As2Fe2Rb1,iron_pnictide_122,mp-975359,,A1,1.983333333,3DSC_MP,,pending,,,single_crystal,sample_form_conditional_median:single_crystal,20.0,0.1,,,,,5000,Hc2_unavailable,,,,,
As2Fe2Rb1,iron_pnictide_122,mp-975359,,A1,1.983333333,3DSC_MP,,pending,,,single_crystal,sample_form_conditional_median:single_crystal,20.0,1.0,,,,,5000,Hc2_unavailable,,,,,
As2Fe2Rb1,iron_pnictide_122,mp-975359,,A1,1.983333333,3DSC_MP,,pending,,,single_crystal,sample_form_conditional_median:single_crystal,20.0,5.0,,,,,5000,Hc2_unavailable,,,,,
As2Fe2Rb1,iron_pnictide_122,mp-975359,,A1,1.983333333,3DSC_MP,,pending,,,single_crystal,sample_form_conditional_median:single_crystal,1.52716666641,0.1,17.42079388359829,16.022714800530714,18.70629024225916,,5000,Hc2_unavailable,,,,,
As2Fe2Rb1,iron_pnictide_122,mp-975359,,A1,1.983333333,3DSC_MP,,pending,,,single_crystal,sample_form_conditional_median:single_crystal,1.52716666641,1.0,17.42079388359829,16.022714800530714,18.70629024225916,,5000,Hc2_unavailable,,,,,
As2Fe2Rb1,iron_pnictide_122,mp-975359,,A1,1.983333333,3DSC_MP,,pending,,,single_crystal,sample_form_conditional_median:single_crystal,1.52716666641,5.0,17.42079388359829,16.022714800530714,18.70629024225916,,5000,Hc2_unavailable,,,,,
Ag1B2,conventional_AlB2,mp-12062,,A1,6.7,3DSC_MP,,pending,,,,substructure_aggregate_median,4.2,0.1,5.324105348641889,5.1863788403346,5.549941092791016,,5000,Hc2_unavailable,,,,,
Ag1B2,conventional_AlB2,mp-12062,,A1,6.7,3DSC_MP,,pending,,,,substructure_aggregate_median,4.2,1.0,5.324105348641889,5.1863788403346,5.549941092791016,,5000,Hc2_unavailable,,,,,
Ag1B2,conventional_AlB2,mp-12062,,A1,6.7,3DSC_MP,,pending,,,,substructure_aggregate_median,4.2,5.0,5.324105348641889,5.1863788403346,5.549941092791016,,5000,Hc2_unavailable,,,,,
Ag1B2,conventional_AlB2,mp-12062,,A1,6.7,3DSC_MP,,pending,,,,substructure_aggregate_median,20.0,0.1,,,,,5000,Hc2_unavailable,,,,,
Ag1B2,conventional_AlB2,mp-12062,,A1,6.7,3DSC_MP,,pending,,,,substructure_aggregate_median,20.0,1.0,,,,,5000,Hc2_unavailable,,,,,
Ag1B2,conventional_AlB2,mp-12062,,A1,6.7,3DSC_MP,,pending,,,,substructure_aggregate_median,20.0,5.0,,,,,5000,Hc2_unavailable,,,,,
Ag1B2,conventional_AlB2,mp-12062,,A1,6.7,3DSC_MP,,pending,,,,substructure_aggregate_median,5.159000000000001,0.1,5.097642673803628,4.870562893480564,5.370000723024609,,5000,Hc2_unavailable,,,,,
Ag1B2,conventional_AlB2,mp-12062,,A1,6.7,3DSC_MP,,pending,,,,substructure_aggregate_median,5.159000000000001,1.0,5.097642673803628,4.870562893480564,5.370000723024609,,5000,Hc2_unavailable,,,,,
Ag1B2,conventional_AlB2,mp-12062,,A1,6.7,3DSC_MP,,pending,,,,substructure_aggregate_median,5.159000000000001,5.0,5.097642673803628,4.870562893480564,5.370000723024609,,5000,Hc2_unavailable,,,,,
Al0.01B2Mg0.99,conventional_AlB2,mp-763,,A1,37.95,3DSC_MP,15.5,c_parent,±20-50%,S1_v3_2_2B_extension,,substructure_aggregate_median,4.2,0.1,,,,0.0,5000,H_below_validated_reduced_field,5.324105348641889,5.1863788403346,5.559330705252185,0.0064516129032258,
Al0.01B2Mg0.99,conventional_AlB2,mp-763,,A1,37.95,3DSC_MP,15.5,c_parent,±20-50%,S1_v3_2_2B_extension,,substructure_aggregate_median,4.2,1.0,,,,0.024714809950443,5000,H_below_validated_reduced_field,5.269431390263902,5.10734653176746,5.508161317988524,0.064516129032258,
Al0.01B2Mg0.99,conventional_AlB2,mp-763,,A1,37.95,3DSC_MP,15.5,c_parent,±20-50%,S1_v3_2_2B_extension,,substructure_aggregate_median,4.2,5.0,4.981083116464963,4.664326021449344,5.264931825178314,0.1854995258153735,5000,,,,,,
Al0.01B2Mg0.99,conventional_AlB2,mp-763,,A1,37.95,3DSC_MP,15.5,c_parent,±20-50%,S1_v3_2_2B_extension,,substructure_aggregate_median,20.0,0.1,,,,0.0,5000,H_below_validated_reduced_field,5.026105223389626,4.75640296000854,5.341459898085136,0.0064516129032258,
Al0.01B2Mg0.99,conventional_AlB2,mp-763,,A1,37.95,3DSC_MP,15.5,c_parent,±20-50%,S1_v3_2_2B_extension,,substructure_aggregate_median,20.0,1.0,,,,0.0254183747952447,5000,H_below_validated_reduced_field,4.968041392846604,4.683895671678248,5.293522205802226,0.064516129032258,
Al0.01B2Mg0.99,conventional_AlB2,mp-763,,A1,37.95,3DSC_MP,15.5,c_parent,±20-50%,S1_v3_2_2B_extension,,substructure_aggregate_median,20.0,5.0,4.667530960476145,4.248060158285139,5.063042301394115,0.1910183038581117,5000,,,,,,
Al0.01B2Mg0.99,conventional_AlB2,mp-763,,A1,37.95,3DSC_MP,15.5,c_parent,±20-50%,S1_v3_2_2B_extension,,substructure_aggregate_median,29.2215,0.1,,,,0.0,5000,H_below_validated_reduced_field,4.654774365022116,4.188081961573795,5.1879988071215415,0.0064516129032258,
Al0.01B2Mg0.99,conventional_AlB2,mp-763,,A1,37.95,3DSC_MP,15.5,c_parent,±20-50%,S1_v3_2_2B_extension,,substructure_aggregate_median,29.2215,1.0,,,,0.0254594645429984,5000,H_below_validated_reduced_field,4.600391695026145,4.10376742675534,5.14186464348482,0.064516129032258,
Al0.01B2Mg0.99,conventional_AlB2,mp-763,,A1,37.95,3DSC_MP,15.5,c_parent,±20-50%,S1_v3_2_2B_extension,,substructure_aggregate_median,29.2215,5.0,,,,0.1967799076260927,5000,T_above_validated_reduced_temperature,4.294569283828846,3.679643346856204,4.907462811711364,,0.7699999999999999
Al0.022B2Mg0.978,conventional_AlB2,mp-763,,A1,34.7,3DSC_MP,15.5,c_parent,±20-50%,S1_v3_2_2B_extension,,substructure_aggregate_median,4.2,0.1,,,,0.0,5000,H_below_validated_reduced_field,5.324105348641889,5.171003190830169,5.559330705252185,0.0064516129032258,
Al0.022B2Mg0.978,conventional_AlB2,mp-763,,A1,34.7,3DSC_MP,15.5,c_parent,±20-50%,S1_v3_2_2B_extension,,substructure_aggregate_median,4.2,1.0,,,,0.0242485749384933,5000,H_below_validated_reduced_field,5.269431390263902,5.104680266782216,5.507922188052283,0.064516129032258,
Al0.022B2Mg0.978,conventional_AlB2,mp-763,,A1,34.7,3DSC_MP,15.5,c_parent,±20-50%,S1_v3_2_2B_extension,,substructure_aggregate_median,4.2,5.0,4.980622895715926,4.66194451505004,5.268626383053967,0.1849636369458869,5000,,,,,,
Al0.022B2Mg0.978,conventional_AlB2,mp-763,,A1,34.7,3DSC_MP,15.5,c_parent,±20-50%,S1_v3_2_2B_extension,,substructure_aggregate_median,20.0,0.1,,,,0.0,5000,H_below_validated_reduced_field,4.973481303562738,4.690210189790752,5.310059050358187,0.0064516129032258,
Al0.022B2Mg0.978,conventional_AlB2,mp-763,,A1,34.7,3DSC_MP,15.5,c_parent,±20-50%,S1_v3_2_2B_extension,,substructure_aggregate_median,20.0,1.0,,,,0.0241068248616995,5000,H_below_validated_reduced_field,4.915755500456068,4.614915624619084,5.263142104958129,0.064516129032258,
Al0.022B2Mg0.978,conventional_AlB2,mp-763,,A1,34.7,3DSC_MP,15.5,c_parent,±20-50%,S1_v3_2_2B_extension,,substructure_aggregate_median,20.0,5.0,4.612819498687968,4.168798040936677,5.0282185091895455,0.1908853150581304,5000,,,,,,
Al0.022B2Mg0.978,conventional_AlB2,mp-763,,A1,34.7,3DSC_MP,15.5,c_parent,±20-50%,S1_v3_2_2B_extension,,substructure_aggregate_median,26.719,0.1,,,,0.0,5000,H_below_validated_reduced_field,4.660300939958743,4.155834051414945,5.187512659912651,0.0064516129032258,
Al0.022B2Mg0.978,conventional_AlB2,mp-763,,A1,34.7,3DSC_MP,15.5,c_parent,±20-50%,S1_v3_2_2B_extension,,substructure_aggregate_median,26.719,1.0,,,,0.0229982893727207,5000,H_below_validated_reduced_field,4.599873645155032,4.081463547994479,5.136031846159431,0.064516129032258,
Al0.022B2Mg0.978,conventional_AlB2,mp-763,,A1,34.7,3DSC_MP,15.5,c_parent,±20-50%,S1_v3_2_2B_extension,,substructure_aggregate_median,26.719,5.0,,,,0.1930856591809684,5000,T_above_validated_reduced_temperature,4.297455628538685,3.685194951121375,4.891752620310233,,0.77
Al0.02B2Mg0.98,conventional_AlB2,mp-763,,A1,36.7,3DSC_MP,15.5,c_parent,±20-50%,S1_v3_2_2B_extension,,substructure_aggregate_median,4.2,0.1,,,,0.0,5000,H_below_validated_reduced_field,5.324105348641889,5.171003190830169,5.559330705252185,0.0064516129032258,
Al0.02B2Mg0.98,conventional_AlB2,mp-763,,A1,36.7,3DSC_MP,15.5,c_parent,±20-50%,S1_v3_2_2B_extension,,substructure_aggregate_median,4.2,1.0,,,,0.0269497634137731,5000,H_below_validated_reduced_field,5.271544406272218,5.105592915823584,5.506751427124972,0.064516129032258,
Al0.02B2Mg0.98,conventional_AlB2,mp-763,,A1,36.7,3DSC_MP,15.5,c_parent,±20-50%,S1_v3_2_2B_extension,,substructure_aggregate_median,4.2,5.0,4.981543337214,4.670757041964992,5.267720163001365,0.1860886993948609,5000,,,,,,
Al0.02B2Mg0.98,conventional_AlB2,mp-763,,A1,36.7,3DSC_MP,15.5,c_parent,±20-50%,S1_v3_2_2B_extension,,substructure_aggregate_median,20.0,0.1,,,,0.0,5000,H_below_validated_reduced_field,5.009059454988169,4.723314565722279,5.323057922571009,0.0064516129032258,
Al0.02B2Mg0.98,conventional_AlB2,mp-763,,A1,36.7,3DSC_MP,15.5,c_parent,±20-50%,S1_v3_2_2B_extension,,substructure_aggregate_median,20.0,1.0,,,,0.0245466521897181,5000,H_below_validated_reduced_field,4.950439432026436,4.650266040146747,5.272012223741379,0.064516129032258,
Al0.02B2Mg0.98,conventional_AlB2,mp-763,,A1,36.7,3DSC_MP,15.5,c_parent,±20-50%,S1_v3_2_2B_extension,,substructure_aggregate_median,20.0,5.0,4.645931099745012,4.21900389462887,5.033883906144396,0.1916882192385607,5000,,,,,,
Al0.02B2Mg0.98,conventional_AlB2,mp-763,,A1,36.7,3DSC_MP,15.5,c_parent,±20-50%,S1_v3_2_2B_extension,,substructure_aggregate_median,28.259000000000004,0.1,,,,0.0,5000,H_below_validated_reduced_field,4.656876601001858,4.118218026739378,5.168355920009565,0.0064516129032258,
Al0.02B2Mg0.98,conventional_AlB2,mp-763,,A1,36.7,3DSC_MP,15.5,c_parent,±20-50%,S1_v3_2_2B_extension,,substructure_aggregate_median,28.259000000000004,1.0,,,,0.0242828755698587,5000,H_below_validated_reduced_field,4.602550385158409,4.053675634553142,5.115825918764208,0.064516129032258,
Al0.02B2Mg0.98,conventional_AlB2,mp-763,,A1,36.7,3DSC_MP,15.5,c_parent,±20-50%,S1_v3_2_2B_extension,,substructure_aggregate_median,28.259000000000004,5.0,,,,0.1947552143120932,5000,T_above_validated_reduced_temperature,4.294212001559919,3.6492483996955145,4.879432148185523,,0.77
Al0.03B2Mg0.97,conventional_AlB2,mp-763,,A1,37.3,3DSC_MP,15.5,c_parent,±20-50%,S1_v3_2_2B_extension,,substructure_aggregate_median,4.2,0.1,,,,0.0,5000,H_below_validated_reduced_field,5.324105348641889,5.171003190830169,5.559330705252185,0.0064516129032258,
Al0.03B2Mg0.97,conventional_AlB2,mp-763,,A1,37.3,3DSC_MP,15.5,c_parent,±20-50%,S1_v3_2_2B_extension,,substructure_aggregate_median,4.2,1.0,,,,0.023854965423002,5000,H_below_validated_reduced_field,5.266214364520186,5.103264623835246,5.5094156914624905,0.064516129032258,
Al0.03B2Mg0.97,conventional_AlB2,mp-763,,A1,37.3,3DSC_MP,15.5,c_parent,±20-50%,S1_v3_2_2B_extension,,substructure_aggregate_median,4.2,5.0,4.978240786087785,4.661485594406893,5.264406632650265,0.1846186285834665,5000,,,,,,
Al0.03B2Mg0.97,conventional_AlB2,mp-763,,A1,37.3,3DSC_MP,15.5,c_parent,±20-50%,S1_v3_2_2B_extension,,substructure_aggregate_median,20.0,0.1,,,,0.0,5000,H_below_validated_reduced_field,5.017475462598519,4.738871615227802,5.3275873451749005,0.0064516129032258,
Al0.03B2Mg0.97,conventional_AlB2,mp-763,,A1,37.3,3DSC_MP,15.5,c_parent,±20-50%,S1_v3_2_2B_extension,,substructure_aggregate_median,20.0,1.0,,,,0.0246900026529282,5000,H_below_validated_reduced_field,4.956938597711241,4.665830741274884,5.27973591929788,0.064516129032258,
Al0.03B2Mg0.97,conventional_AlB2,mp-763,,A1,37.3,3DSC_MP,15.5,c_parent,±20-50%,S1_v3_2_2B_extension,,substructure_aggregate_median,20.0,5.0,4.655156205122421,4.217202942642701,5.0331965211488745,0.1880097775768003,5000,,,,,,
Al0.03B2Mg0.97,conventional_AlB2,mp-763,,A1,37.3,3DSC_MP,15.5,c_parent,±20-50%,S1_v3_2_2B_extension,,substructure_aggregate_median,28.721,0.1,,,,0.0,5000,H_below_validated_reduced_field,4.65584882773663,4.171163973619355,5.167899849493845,0.0064516129032258,
Al0.03B2Mg0.97,conventional_AlB2,mp-763,,A1,37.3,3DSC_MP,15.5,c_parent,±20-50%,S1_v3_2_2B_extension,,substructure_aggregate_median,28.721,1.0,,,,0.0236872504668923,5000,H_below_validated_reduced_field,4.592709253372747,4.090627346874213,5.11774532952097,0.064516129032258,
Al0.03B2Mg0.97,conventional_AlB2,mp-763,,A1,37.3,3DSC_MP,15.5,c_parent,±20-50%,S1_v3_2_2B_extension,,substructure_aggregate_median,28.721,5.0,,,,0.1910663819353537,5000,T_above_validated_reduced_temperature,4.290045482041284,3.639968008202633,4.878752905592394,,0.77
Al0.044B2Mg0.956,conventional_AlB2,mp-763,,A1,34.0,3DSC_MP,15.5,c_parent,±20-50%,S1_v3_2_2B_extension,,substructure_aggregate_median,4.2,0.1,,,,0.0,5000,H_below_validated_reduced_field,5.324105348641889,5.171003190830169,5.559330705252185,0.0064516129032258,
Al0.044B2Mg0.956,conventional_AlB2,mp-763,,A1,34.0,3DSC_MP,15.5,c_parent,±20-50%,S1_v3_2_2B_extension,,substructure_aggregate_median,4.2,1.0,,,,0.02344083865363,5000,H_below_validated_reduced_field,5.268327380528502,5.102014001796972,5.508161317988524,0.064516129032258,
Al0.044B2Mg0.956,conventional_AlB2,mp-763,,A1,34.0,3DSC_MP,15.5,c_parent,±20-50%,S1_v3_2_2B_extension,,substructure_aggregate_median,4.2,5.0,4.97994781687558,4.662443293737564,5.265395422341659,0.1828035983636553,5000,,,,,,
Al0.044B2Mg0.956,conventional_AlB2,mp-763,,A1,34.0,3DSC_MP,15.5,c_parent,±20-50%,S1_v3_2_2B_extension,,substructure_aggregate_median,20.0,0.1,,,,0.0,5000,H_below_validated_reduced_field,4.961989900734549,4.668342589629016,5.300174108532829,0.0064516129032258,
Al0.044B2Mg0.956,conventional_AlB2,mp-763,,A1,34.0,3DSC_MP,15.5,c_parent,±20-50%,S1_v3_2_2B_extension,,substructure_aggregate_median,20.0,1.0,,,,0.0243274349561399,5000,H_below_validated_reduced_field,4.901028804227336,4.594734632841817,5.256210919367534,0.064516129032258,
Al0.044B2Mg0.956,conventional_AlB2,mp-763,,A1,34.0,3DSC_MP,15.5,c_parent,±20-50%,S1_v3_2_2B_extension,,substructure_aggregate_median,20.0,5.0,4.596594530911205,4.145227964443689,5.0219676077812325,0.1880844851302727,5000,,,,,,
Al0.044B2Mg0.956,conventional_AlB2,mp-763,,A1,34.0,3DSC_MP,15.5,c_parent,±20-50%,S1_v3_2_2B_extension,,substructure_aggregate_median,26.18,0.1,,,,0.0,5000,H_below_validated_reduced_field,4.649100245221423,4.149299013502484,5.171153036866937,0.0064516129032258,
Al0.044B2Mg0.956,conventional_AlB2,mp-763,,A1,34.0,3DSC_MP,15.5,c_parent,±20-50%,S1_v3_2_2B_extension,,substructure_aggregate_median,26.18,1.0,,,,0.02433581149974,5000,H_below_validated_reduced_field,4.594402797242099,4.080274997680359,5.130496398037151,0.064516129032258,
Al0.044B2Mg0.956,conventional_AlB2,mp-763,,A1,34.0,3DSC_MP,15.5,c_parent,±20-50%,S1_v3_2_2B_extension,,substructure_aggregate_median,26.18,5.0,,,,0.1930840253041159,5000,T_above_validated_reduced_temperature,4.294118887560661,3.6687490617462255,4.895450638381949,,0.77
Al0.05B2Mg0.95,conventional_AlB2,mp-763,,A1,36.46666667,3DSC_MP,15.5,c_parent,±20-50%,S1_v3_2_2B_extension,,substructure_aggregate_median,4.2,0.1,,,,0.0,5000,H_below_validated_reduced_field,5.324105348641889,5.171003190830169,5.549941092791016,0.0064516129032258,
Al0.05B2Mg0.95,conventional_AlB2,mp-763,,A1,36.46666667,3DSC_MP,15.5,c_parent,±20-50%,S1_v3_2_2B_extension,,substructure_aggregate_median,4.2,1.0,,,,0.0250933492021498,5000,H_below_validated_reduced_field,5.271544406272218,5.102598161437979,5.50374824969933,0.064516129032258,
Al0.05B2Mg0.95,conventional_AlB2,mp-763,,A1,36.46666667,3DSC_MP,15.5,c_parent,±20-50%,S1_v3_2_2B_extension,,substructure_aggregate_median,4.2,5.0,4.980622895715926,4.666310110214952,5.25712374031608,0.185451602314405,5000,,,,,,
Al0.05B2Mg0.95,conventional_AlB2,mp-763,,A1,36.46666667,3DSC_MP,15.5,c_parent,±20-50%,S1_v3_2_2B_extension,,substructure_aggregate_median,20.0,0.1,,,,0.0,5000,H_below_validated_reduced_field,5.005661691244728,4.734232757667157,5.321450392513073,0.0064516129032258,
Al0.05B2Mg0.95,conventional_AlB2,mp-763,,A1,36.46666667,3DSC_MP,15.5,c_parent,±20-50%,S1_v3_2_2B_extension,,substructure_aggregate_median,20.0,1.0,,,,0.0244020206203927,5000,H_below_validated_reduced_field,4.944569661137445,4.665186810970564,5.276176653483256,0.064516129032258,
Al0.05B2Mg0.95,conventional_AlB2,mp-763,,A1,36.46666667,3DSC_MP,15.5,c_parent,±20-50%,S1_v3_2_2B_extension,,substructure_aggregate_median,20.0,5.0,4.639133131953429,4.226427312998879,5.039496843586286,0.1926474699176728,5000,,,,,,
Al0.05B2Mg0.95,conventional_AlB2,mp-763,,A1,36.46666667,3DSC_MP,15.5,c_parent,±20-50%,S1_v3_2_2B_extension,,substructure_aggregate_median,28.079333335900003,0.1,,,,0.0,5000,H_below_validated_reduced_field,4.6491437734721055,4.232251118997718,5.168537597414918,0.0064516129032258,
Al0.05B2Mg0.95,conventional_AlB2,mp-763,,A1,36.46666667,3DSC_MP,15.5,c_parent,±20-50%,S1_v3_2_2B_extension,,substructure_aggregate_median,28.079333335900003,1.0,,,,0.0250676103028792,5000,H_below_validated_reduced_field,4.592346949179463,4.161742304565974,5.129908095662392,0.064516129032258,
Al0.05B2Mg0.95,conventional_AlB2,mp-763,,A1,36.46666667,3DSC_MP,15.5,c_parent,±20-50%,S1_v3_2_2B_extension,,substructure_aggregate_median,28.079333335900003,5.0,,,,0.1954352148280644,5000,T_above_validated_reduced_temperature,4.291641076058754,3.709548441839616,4.88920123042337,,0.77
Al0.06B2Mg0.94,conventional_AlB2,mp-763,,A1,37.0,3DSC_MP,15.5,c_parent,±20-50%,S1_v3_2_2B_extension,,substructure_aggregate_median,4.2,0.1,,,,0.0,5000,H_below_validated_reduced_field,5.324105348641889,5.1863788403346,5.549941092791016,0.0064516129032258,
Al0.06B2Mg0.94,conventional_AlB2,mp-763,,A1,37.0,3DSC_MP,15.5,c_parent,±20-50%,S1_v3_2_2B_extension,,substructure_aggregate_median,4.2,1.0,,,,0.0246463674043102,5000,H_below_validated_reduced_field,5.26921092295497,5.104761269785125,5.50466141861311,0.064516129032258,
Al0.06B2Mg0.94,conventional_AlB2,mp-763,,A1,37.0,3DSC_MP,15.5,c_parent,±20-50%,S1_v3_2_2B_extension,,substructure_aggregate_median,4.2,5.0,4.9763786985300005,4.661485594406893,5.263501015723233,0.1846186285834665,5000,,,,,,
Al0.06B2Mg0.94,conventional_AlB2,mp-763,,A1,37.0,3DSC_MP,15.5,c_parent,±20-50%,S1_v3_2_2B_extension,,substructure_aggregate_median,20.0,0.1,,,,0.0,5000,H_below_validated_reduced_field,5.0133238328376,4.74415382352567,5.33482029194912,0.0064516129032258,
Al0.06B2Mg0.94,conventional_AlB2,mp-763,,A1,37.0,3DSC_MP,15.5,c_parent,±20-50%,S1_v3_2_2B_extension,,substructure_aggregate_median,20.0,1.0,,,,0.025315114451069,5000,H_below_validated_reduced_field,4.953051079322383,4.6667776759956325,5.284052518980359,0.064516129032258,
Al0.06B2Mg0.94,conventional_AlB2,mp-763,,A1,37.0,3DSC_MP,15.5,c_parent,±20-50%,S1_v3_2_2B_extension,,substructure_aggregate_median,20.0,5.0,4.647034679595952,4.225152511042297,5.05425683790584,0.19362293800115,5000,,,,,,
Al0.06B2Mg0.94,conventional_AlB2,mp-763,,A1,37.0,3DSC_MP,15.5,c_parent,±20-50%,S1_v3_2_2B_extension,,substructure_aggregate_median,28.49,0.1,,,,0.0,5000,H_below_validated_reduced_field,4.6563582809529525,4.206167093770524,5.170100187862556,0.0064516129032258,
Al0.06B2Mg0.94,conventional_AlB2,mp-763,,A1,37.0,3DSC_MP,15.5,c_parent,±20-50%,S1_v3_2_2B_extension,,substructure_aggregate_median,28.49,1.0,,,,0.0233009272656437,5000,H_below_validated_reduced_field,4.595250271087534,4.131364282217897,5.129487002325337,0.064516129032258,
Al0.06B2Mg0.94,conventional_AlB2,mp-763,,A1,37.0,3DSC_MP,15.5,c_parent,±20-50%,S1_v3_2_2B_extension,,substructure_aggregate_median,28.49,5.0,,,,0.1970424605492375,5000,T_above_validated_reduced_temperature,4.289103604745754,3.681732165257126,4.8999787574294205,,0.7699999999999999
Al0.07B2Mg0.93,conventional_AlB2,mp-763,,A1,35.8,3DSC_MP,15.5,c_parent,±20-50%,S1_v3_2_2B_extension,,substructure_aggregate_median,4.2,0.1,,,,0.0,5000,H_below_validated_reduced_field,5.324105348641889,5.171003190830169,5.549941092791016,0.0064516129032258,
Al0.07B2Mg0.93,conventional_AlB2,mp-763,,A1,35.8,3DSC_MP,15.5,c_parent,±20-50%,S1_v3_2_2B_extension,,substructure_aggregate_median,4.2,1.0,,,,0.0239948834593759,5000,H_below_validated_reduced_field,5.269431390263902,5.1026131398903125,5.5039358646518375,0.064516129032258,
Al0.07B2Mg0.93,conventional_AlB2,mp-763,,A1,35.8,3DSC_MP,15.5,c_parent,±20-50%,S1_v3_2_2B_extension,,substructure_aggregate_median,4.2,5.0,4.978391941810938,4.65997924780446,5.263524537620467,0.1856621626134105,5000,,,,,,
Al0.07B2Mg0.93,conventional_AlB2,mp-763,,A1,35.8,3DSC_MP,15.5,c_parent,±20-50%,S1_v3_2_2B_extension,,substructure_aggregate_median,20.0,0.1,,,,0.0,5000,H_below_validated_reduced_field,4.989987810441459,4.708071504738192,5.316192514934161,0.0064516129032258,
Al0.07B2Mg0.93,conventional_AlB2,mp-763,,A1,35.8,3DSC_MP,15.5,c_parent,±20-50%,S1_v3_2_2B_extension,,substructure_aggregate_median,20.0,1.0,,,,0.0250471248404107,5000,H_below_validated_reduced_field,4.932052130194654,4.632078572594114,5.268964055041206,0.064516129032258,
Al0.07B2Mg0.93,conventional_AlB2,mp-763,,A1,35.8,3DSC_MP,15.5,c_parent,±20-50%,S1_v3_2_2B_extension,,substructure_aggregate_median,20.0,5.0,4.628384700935478,4.186994981816402,5.046217814130137,0.1901293888564241,5000,,,,,,
Al0.07B2Mg0.93,conventional_AlB2,mp-763,,A1,35.8,3DSC_MP,15.5,c_parent,±20-50%,S1_v3_2_2B_extension,,substructure_aggregate_median,27.566,0.1,,,,0.0,5000,H_below_validated_reduced_field,4.646206872879994,4.111821570197525,5.167928716665624,0.0064516129032258,
Al0.07B2Mg0.93,conventional_AlB2,mp-763,,A1,35.8,3DSC_MP,15.5,c_parent,±20-50%,S1_v3_2_2B_extension,,substructure_aggregate_median,27.566,1.0,,,,0.0247298108449625,5000,H_below_validated_reduced_field,4.591483985728242,4.032122838445882,5.11938055230761,0.064516129032258,
Al0.07B2Mg0.93,conventional_AlB2,mp-763,,A1,35.8,3DSC_MP,15.5,c_parent,±20-50%,S1_v3_2_2B_extension,,substructure_aggregate_median,27.566,5.0,,,,0.1961131327926919,5000,T_above_validated_reduced_temperature,4.286636660203532,3.6271415704781913,4.89072158912341,,0.77
Al0.085B2Mg0.915,conventional_AlB2,mp-763,,A1,32.4,3DSC_MP,15.5,c_parent,±20-50%,S1_v3_2_2B_extension,,substructure_aggregate_median,4.2,0.1,,,,0.0,5000,H_below_validated_reduced_field,5.324105348641889,5.1863788403346,5.559330705252185,0.0064516129032258,
Al0.085B2Mg0.915,conventional_AlB2,mp-763,,A1,32.4,3DSC_MP,15.5,c_parent,±20-50%,S1_v3_2_2B_extension,,substructure_aggregate_median,4.2,1.0,,,,0.0233342602886832,5000,H_below_validated_reduced_field,5.269307678896171,5.109270978216732,5.506786674396561,0.064516129032258,
Al0.085B2Mg0.915,conventional_AlB2,mp-763,,A1,32.4,3DSC_MP,15.5,c_parent,±20-50%,S1_v3_2_2B_extension,,substructure_aggregate_median,4.2,5.0,4.980801987065298,4.667268958449525,5.264489202289058,0.1843989497486449,5000,,,,,,
Al0.085B2Mg0.915,conventional_AlB2,mp-763,,A1,32.4,3DSC_MP,15.5,c_parent,±20-50%,S1_v3_2_2B_extension,,substructure_aggregate_median,20.0,0.1,,,,0.0,5000,H_below_validated_reduced_field,4.926990475384274,4.627491276771631,5.292550189259555,0.0064516129032258,
Al0.085B2Mg0.915,conventional_AlB2,mp-763,,A1,32.4,3DSC_MP,15.5,c_parent,±20-50%,S1_v3_2_2B_extension,,substructure_aggregate_median,20.0,1.0,,,,0.0239856574734345,5000,H_below_validated_reduced_field,4.8691673557626745,4.551664221183088,5.242635175469861,0.064516129032258,
Al0.085B2Mg0.915,conventional_AlB2,mp-763,,A1,32.4,3DSC_MP,15.5,c_parent,±20-50%,S1_v3_2_2B_extension,,substructure_aggregate_median,20.0,5.0,4.563843101185936,4.110099742058509,5.0056810933035205,0.1910774843446789,5000,,,,,,
Al0.085B2Mg0.915,conventional_AlB2,mp-763,,A1,32.4,3DSC_MP,15.5,c_parent,±20-50%,S1_v3_2_2B_extension,,substructure_aggregate_median,24.948,0.1,,,,0.0,5000,H_below_validated_reduced_field,4.655163285903798,4.219496600552518,5.17215532175352,0.0064516129032258,
Al0.085B2Mg0.915,conventional_AlB2,mp-763,,A1,32.4,3DSC_MP,15.5,c_parent,±20-50%,S1_v3_2_2B_extension,,substructure_aggregate_median,24.948,1.0,,,,0.0239930586314489,5000,H_below_validated_reduced_field,4.600758396289692,4.148134282958605,5.126583893333505,0.064516129032258,
Al0.085B2Mg0.915,conventional_AlB2,mp-763,,A1,32.4,3DSC_MP,15.5,c_parent,±20-50%,S1_v3_2_2B_extension,,substructure_aggregate_median,24.948,5.0,,,,0.1933649698058293,5000,T_above_validated_reduced_temperature,4.297332684805882,3.7158609806728418,4.894854490684743,,0.77
Al0.08B2Mg0.92,conventional_AlB2,mp-763,,A1,33.55,3DSC_MP,15.5,c_parent,±20-50%,S1_v3_2_2B_extension,,substructure_aggregate_median,4.2,0.1,,,,0.0,5000,H_below_validated_reduced_field,5.324105348641889,5.185994449096989,5.559330705252185,0.0064516129032258,
Al0.08B2Mg0.92,conventional_AlB2,mp-763,,A1,33.55,3DSC_MP,15.5,c_parent,±20-50%,S1_v3_2_2B_extension,,substructure_aggregate_median,4.2,1.0,,,,0.0256688672082843,5000,H_below_validated_reduced_field,5.271544406272218,5.104036057933822,5.50942559614607,0.064516129032258,
Al0.08B2Mg0.92,conventional_AlB2,mp-763,,A1,33.55,3DSC_MP,15.5,c_parent,±20-50%,S1_v3_2_2B_extension,,substructure_aggregate_median,4.2,5.0,4.980622895715926,4.66240692831103,5.266442531151321,0.1850087458433922,5000,,,,,,
Al0.08B2Mg0.92,conventional_AlB2,mp-763,,A1,33.55,3DSC_MP,15.5,c_parent,±20-50%,S1_v3_2_2B_extension,,substructure_aggregate_median,20.0,0.1,,,,0.0,5000,H_below_validated_reduced_field,4.951006438331306,4.648231483274939,5.305076035340955,0.0064516129032258,
Al0.08B2Mg0.92,conventional_AlB2,mp-763,,A1,33.55,3DSC_MP,15.5,c_parent,±20-50%,S1_v3_2_2B_extension,,substructure_aggregate_median,20.0,1.0,,,,0.0242594907595679,5000,H_below_validated_reduced_field,4.892454796750105,4.576720817412639,5.2597963611630485,0.064516129032258,
Al0.08B2Mg0.92,conventional_AlB2,mp-763,,A1,33.55,3DSC_MP,15.5,c_parent,±20-50%,S1_v3_2_2B_extension,,substructure_aggregate_median,20.0,5.0,4.587486408082513,4.135659250375783,5.020293106310528,0.191487760055133,5000,,,,,,
Al0.08B2Mg0.92,conventional_AlB2,mp-763,,A1,33.55,3DSC_MP,15.5,c_parent,±20-50%,S1_v3_2_2B_extension,,substructure_aggregate_median,25.8335,0.1,,,,0.0,5000,H_below_validated_reduced_field,4.651916221696753,4.130625747907775,5.1916127279380495,0.0064516129032258,
Al0.08B2Mg0.92,conventional_AlB2,mp-763,,A1,33.55,3DSC_MP,15.5,c_parent,±20-50%,S1_v3_2_2B_extension,,substructure_aggregate_median,25.8335,1.0,,,,0.0250933492021498,5000,H_below_validated_reduced_field,4.595862274195376,4.058046181413017,5.140869075747453,0.064516129032258,
Al0.08B2Mg0.92,conventional_AlB2,mp-763,,A1,33.55,3DSC_MP,15.5,c_parent,±20-50%,S1_v3_2_2B_extension,,substructure_aggregate_median,25.8335,5.0,,,,0.1966585583186546,5000,T_above_validated_reduced_temperature,4.2900619704331735,3.6570876362592784,4.902167443117816,,0.7700000000000001
Al0.09B2Mg0.91,conventional_AlB2,mp-763,,A1,34.7,3DSC_MP,15.5,c_parent,±20-50%,S1_v3_2_2B_extension,,substructure_aggregate_median,4.2,0.1,,,,0.0,5000,H_below_validated_reduced_field,5.324105348641889,5.1863788403346,5.559330705252185,0.0064516129032258,
Al0.09B2Mg0.91,conventional_AlB2,mp-763,,A1,34.7,3DSC_MP,15.5,c_parent,±20-50%,S1_v3_2_2B_extension,,substructure_aggregate_median,4.2,1.0,,,,0.0241882717625721,5000,H_below_validated_reduced_field,5.268327380528502,5.105592915823584,5.506751427124972,0.064516129032258,
Al0.09B2Mg0.91,conventional_AlB2,mp-763,,A1,34.7,3DSC_MP,15.5,c_parent,±20-50%,S1_v3_2_2B_extension,,substructure_aggregate_median,4.2,5.0,4.978628899283534,4.666190369578961,5.266417610807262,0.1862888350268061,5000,,,,,,
Al0.09B2Mg0.91,conventional_AlB2,mp-763,,A1,34.7,3DSC_MP,15.5,c_parent,±20-50%,S1_v3_2_2B_extension,,substructure_aggregate_median,20.0,0.1,,,,0.0,5000,H_below_validated_reduced_field,4.973481303562738,4.696973037039252,5.313528685521546,0.0064516129032258,
Al0.09B2Mg0.91,conventional_AlB2,mp-763,,A1,34.7,3DSC_MP,15.5,c_parent,±20-50%,S1_v3_2_2B_extension,,substructure_aggregate_median,20.0,1.0,,,,0.0240539672521249,5000,H_below_validated_reduced_field,4.915994615962407,4.6199971937729485,5.263218944877717,0.064516129032258,
Al0.09B2Mg0.91,conventional_AlB2,mp-763,,A1,34.7,3DSC_MP,15.5,c_parent,±20-50%,S1_v3_2_2B_extension,,substructure_aggregate_median,20.0,5.0,4.611329093317343,4.190073023635319,5.027380571858147,0.1902879638230938,5000,,,,,,
Al0.09B2Mg0.91,conventional_AlB2,mp-763,,A1,34.7,3DSC_MP,15.5,c_parent,±20-50%,S1_v3_2_2B_extension,,substructure_aggregate_median,26.719,0.1,,,,0.0,5000,H_below_validated_reduced_field,4.652434587524703,4.196932746023043,5.169997883757132,0.0064516129032258,
Al0.09B2Mg0.91,conventional_AlB2,mp-763,,A1,34.7,3DSC_MP,15.5,c_parent,±20-50%,S1_v3_2_2B_extension,,substructure_aggregate_median,26.719,1.0,,,,0.0247412688005166,5000,H_below_validated_reduced_field,4.594626193910516,4.121860764349097,5.119396320919394,0.064516129032258,
Al0.09B2Mg0.91,conventional_AlB2,mp-763,,A1,34.7,3DSC_MP,15.5,c_parent,±20-50%,S1_v3_2_2B_extension,,substructure_aggregate_median,26.719,5.0,,,,0.1929860287014397,5000,T_above_validated_reduced_temperature,4.292389882387574,3.7021898319261055,4.881174171109375,,0.77
Al0.14B2Mg0.86,conventional_AlB2,mp-763,,A1,35.1,3DSC_MP,15.5,c_parent,±20-50%,S1_v3_2_2B_extension,,substructure_aggregate_median,4.2,0.1,,,,0.0,5000,H_below_validated_reduced_field,5.324105348641889,5.171003190830169,5.559330705252185,0.0064516129032258,
Al0.14B2Mg0.86,conventional_AlB2,mp-763,,A1,35.1,3DSC_MP,15.5,c_parent,±20-50%,S1_v3_2_2B_extension,,substructure_aggregate_median,4.2,1.0,,,,0.023734428952709,5000,H_below_validated_reduced_field,5.268976803339168,5.103248336736622,5.504780351850702,0.064516129032258,
Al0.14B2Mg0.86,conventional_AlB2,mp-763,,A1,35.1,3DSC_MP,15.5,c_parent,±20-50%,S1_v3_2_2B_extension,,substructure_aggregate_median,4.2,5.0,4.979161227585859,4.65997924780446,5.2601945325867545,0.1846186285834665,5000,,,,,,
Al0.14B2Mg0.86,conventional_AlB2,mp-763,,A1,35.1,3DSC_MP,15.5,c_parent,±20-50%,S1_v3_2_2B_extension,,substructure_aggregate_median,20.0,0.1,,,,0.0,5000,H_below_validated_reduced_field,4.979690677505768,4.698553341425925,5.310301230125434,0.0064516129032258,
Al0.14B2Mg0.86,conventional_AlB2,mp-763,,A1,35.1,3DSC_MP,15.5,c_parent,±20-50%,S1_v3_2_2B_extension,,substructure_aggregate_median,20.0,1.0,,,,0.0246393645035123,5000,H_below_validated_reduced_field,4.922879612699596,4.618906194229048,5.264313028763689,0.064516129032258,
Al0.14B2Mg0.86,conventional_AlB2,mp-763,,A1,35.1,3DSC_MP,15.5,c_parent,±20-50%,S1_v3_2_2B_extension,,substructure_aggregate_median,20.0,5.0,4.617197564277795,4.174075106894755,5.029789658533594,0.1892943751404097,5000,,,,,,
Al0.14B2Mg0.86,conventional_AlB2,mp-763,,A1,35.1,3DSC_MP,15.5,c_parent,±20-50%,S1_v3_2_2B_extension,,substructure_aggregate_median,27.027,0.1,,,,0.0,5000,H_below_validated_reduced_field,4.651658515977499,4.183860703642732,5.169653504930845,0.0064516129032258,
Al0.14B2Mg0.86,conventional_AlB2,mp-763,,A1,35.1,3DSC_MP,15.5,c_parent,±20-50%,S1_v3_2_2B_extension,,substructure_aggregate_median,27.027,1.0,,,,0.0253304205698876,5000,H_below_validated_reduced_field,4.594991071529925,4.115583150739832,5.121863670508242,0.064516129032258,
Al0.14B2Mg0.86,conventional_AlB2,mp-763,,A1,35.1,3DSC_MP,15.5,c_parent,±20-50%,S1_v3_2_2B_extension,,substructure_aggregate_median,27.027,5.0,,,,0.1934665271680788,5000,T_above_validated_reduced_temperature,4.29161381084037,3.672325838288471,4.889628465379071,,0.77
Al0.15B2Mg0.85,conventional_AlB2,mp-763,,A1,31.5,3DSC_MP,15.5,c_parent,±20-50%,S1_v3_2_2B_extension,,substructure_aggregate_median,4.2,0.1,,,,0.0,5000,H_below_validated_reduced_field,5.324105348641889,5.171003190830169,5.549941092791016,0.0064516129032258,
Al0.15B2Mg0.85,conventional_AlB2,mp-763,,A1,31.5,3DSC_MP,15.5,c_parent,±20-50%,S1_v3_2_2B_extension,,substructure_aggregate_median,4.2,1.0,,,,0.0257448331470833,5000,H_below_validated_reduced_field,5.271019861639648,5.1026131398903125,5.504780351850702,0.064516129032258,
Al0.15B2Mg0.85,conventional_AlB2,mp-763,,A1,31.5,3DSC_MP,15.5,c_parent,±20-50%,S1_v3_2_2B_extension,,substructure_aggregate_median,4.2,5.0,4.980622895715926,4.6599317983817325,5.265395422341659,0.1842132186998473,5000,,,,,,
Al0.15B2Mg0.85,conventional_AlB2,mp-763,,A1,31.5,3DSC_MP,15.5,c_parent,±20-50%,S1_v3_2_2B_extension,,substructure_aggregate_median,20.0,0.1,,,,0.0,5000,H_below_validated_reduced_field,4.9048257860937445,4.558114957755689,5.274564750330425,0.0064516129032258,
Al0.15B2Mg0.85,conventional_AlB2,mp-763,,A1,31.5,3DSC_MP,15.5,c_parent,±20-50%,S1_v3_2_2B_extension,,substructure_aggregate_median,20.0,1.0,,,,0.0254133541113414,5000,H_below_validated_reduced_field,4.847162786094373,4.4851945387733965,5.228599472100351,0.064516129032258,
Al0.15B2Mg0.85,conventional_AlB2,mp-763,,A1,31.5,3DSC_MP,15.5,c_parent,±20-50%,S1_v3_2_2B_extension,,substructure_aggregate_median,20.0,5.0,4.537636868795291,4.048028225524992,4.994166482205307,0.1915581854945447,5000,,,,,,
Al0.15B2Mg0.85,conventional_AlB2,mp-763,,A1,31.5,3DSC_MP,15.5,c_parent,±20-50%,S1_v3_2_2B_extension,,substructure_aggregate_median,24.255,0.1,,,,0.0,5000,H_below_validated_reduced_field,4.659407021316167,4.130643567802703,5.173091874993016,0.0064516129032258,
Al0.15B2Mg0.85,conventional_AlB2,mp-763,,A1,31.5,3DSC_MP,15.5,c_parent,±20-50%,S1_v3_2_2B_extension,,substructure_aggregate_median,24.255,1.0,,,,0.0238512867433708,5000,H_below_validated_reduced_field,4.602610197023525,4.0574350824437,5.129562150502817,0.064516129032258,
Al0.15B2Mg0.85,conventional_AlB2,mp-763,,A1,31.5,3DSC_MP,15.5,c_parent,±20-50%,S1_v3_2_2B_extension,,substructure_aggregate_median,24.255,5.0,,,,0.1975508117543372,5000,T_above_validated_reduced_temperature,4.298185771324155,3.643689193579824,4.894155812062641,,0.77
Al0.185B2Mg0.815,conventional_AlB2,mp-763,,A1,25.3,3DSC_MP,15.5,c_parent,±20-50%,S1_v3_2_2B_extension,,substructure_aggregate_median,4.2,0.1,,,,0.0,5000,H_below_validated_reduced_field,5.324105348641889,5.171003190830169,5.549941092791016,0.0064516129032258,
Al0.185B2Mg0.815,conventional_AlB2,mp-763,,A1,25.3,3DSC_MP,15.5,c_parent,±20-50%,S1_v3_2_2B_extension,,substructure_aggregate_median,4.2,1.0,,,,0.0254594645429984,5000,H_below_validated_reduced_field,5.270343882357867,5.102014001796972,5.502017363292661,0.064516129032258,
Al0.185B2Mg0.815,conventional_AlB2,mp-763,,A1,25.3,3DSC_MP,15.5,c_parent,±20-50%,S1_v3_2_2B_extension,,substructure_aggregate_median,4.2,5.0,4.979576386144396,4.651863879031354,5.261122873473595,0.1874646280936547,5000,,,,,,
Al0.185B2Mg0.815,conventional_AlB2,mp-763,,A1,25.3,3DSC_MP,15.5,c_parent,±20-50%,S1_v3_2_2B_extension,,substructure_aggregate_median,20.0,0.1,,,,0.0,5000,H_below_validated_reduced_field,4.632190517551913,4.058320323782376,5.161014653948463,0.0064516129032258,
Al0.185B2Mg0.815,conventional_AlB2,mp-763,,A1,25.3,3DSC_MP,15.5,c_parent,±20-50%,S1_v3_2_2B_extension,,substructure_aggregate_median,20.0,1.0,,,,0.0237003651569231,5000,H_below_validated_reduced_field,4.576844733503727,3.9920640563590544,5.115734979770557,0.064516129032258,
Al0.185B2Mg0.815,conventional_AlB2,mp-763,,A1,25.3,3DSC_MP,15.5,c_parent,±20-50%,S1_v3_2_2B_extension,,substructure_aggregate_median,20.0,5.0,,,,0.1932199963968965,5000,T_above_validated_reduced_temperature,4.273368931355641,3.5868468401630578,4.885784232727443,,0.7905138339920948
Al0.185B2Mg0.815,conventional_AlB2,mp-763,,A1,25.3,3DSC_MP,15.5,c_parent,±20-50%,S1_v3_2_2B_extension,,substructure_aggregate_median,19.481,0.1,,,,0.0,5000,H_below_validated_reduced_field,4.678717016248374,4.153367192610604,5.181532037826489,0.0064516129032258,
Al0.185B2Mg0.815,conventional_AlB2,mp-763,,A1,25.3,3DSC_MP,15.5,c_parent,±20-50%,S1_v3_2_2B_extension,,substructure_aggregate_median,19.481,1.0,,,,0.0238976732230993,5000,H_below_validated_reduced_field,4.624350229798847,4.0871109251872815,5.135534526067748,0.064516129032258,
Al0.185B2Mg0.815,conventional_AlB2,mp-763,,A1,25.3,3DSC_MP,15.5,c_parent,±20-50%,S1_v3_2_2B_extension,,substructure_aggregate_median,19.481,5.0,,,,0.1933513618698725,5000,T_above_validated_reduced_temperature,4.319870875177763,3.6697795394701975,4.904831624032511,,0.77
Al0.19B2Mg0.81,conventional_AlB2,mp-763,,A1,30.8,3DSC_MP,15.5,c_parent,±20-50%,S1_v3_2_2B_extension,,substructure_aggregate_median,4.2,0.1,,,,0.0,5000,H_below_validated_reduced_field,5.324105348641889,5.171003190830169,5.559330705252185,0.0064516129032258,
Al0.19B2Mg0.81,conventional_AlB2,mp-763,,A1,30.8,3DSC_MP,15.5,c_parent,±20-50%,S1_v3_2_2B_extension,,substructure_aggregate_median,4.2,1.0,,,,0.0242485749384933,5000,H_below_validated_reduced_field,5.269431390263902,5.102014001796972,5.50466439194405,0.064516129032258,
Al0.19B2Mg0.81,conventional_AlB2,mp-763,,A1,30.8,3DSC_MP,15.5,c_parent,±20-50%,S1_v3_2_2B_extension,,substructure_aggregate_median,4.2,5.0,4.9763786985300005,4.662443950924451,5.264408696891235,0.1847630904181665,5000,,,,,,
Al0.19B2Mg0.81,conventional_AlB2,mp-763,,A1,30.8,3DSC_MP,15.5,c_parent,±20-50%,S1_v3_2_2B_extension,,substructure_aggregate_median,20.0,0.1,,,,0.0,5000,H_below_validated_reduced_field,4.888277304935218,4.53151860173425,5.266477101100772,0.0064516129032258,
Al0.19B2Mg0.81,conventional_AlB2,mp-763,,A1,30.8,3DSC_MP,15.5,c_parent,±20-50%,S1_v3_2_2B_extension,,substructure_aggregate_median,20.0,1.0,,,,0.0261144767336807,5000,H_below_validated_reduced_field,4.82884292000169,4.458377247954478,5.220476756774985,0.064516129032258,
Al0.19B2Mg0.81,conventional_AlB2,mp-763,,A1,30.8,3DSC_MP,15.5,c_parent,±20-50%,S1_v3_2_2B_extension,,substructure_aggregate_median,20.0,5.0,4.519732064558616,4.028997906686251,4.987109003591003,0.1905496643154274,5000,,,,,,
Al0.19B2Mg0.81,conventional_AlB2,mp-763,,A1,30.8,3DSC_MP,15.5,c_parent,±20-50%,S1_v3_2_2B_extension,,substructure_aggregate_median,23.716,0.1,,,,0.0,5000,H_below_validated_reduced_field,4.661140563086377,4.134165255043057,5.173861127624806,0.0064516129032258,
Al0.19B2Mg0.81,conventional_AlB2,mp-763,,A1,30.8,3DSC_MP,15.5,c_parent,±20-50%,S1_v3_2_2B_extension,,substructure_aggregate_median,23.716,1.0,,,,0.0247164970778204,5000,H_below_validated_reduced_field,4.605278477765651,4.054025311201428,5.1285814534469,0.064516129032258,
Al0.19B2Mg0.81,conventional_AlB2,mp-763,,A1,30.8,3DSC_MP,15.5,c_parent,±20-50%,S1_v3_2_2B_extension,,substructure_aggregate_median,23.716,5.0,,,,0.1960758323926077,5000,T_above_validated_reduced_temperature,4.3029997747915365,3.666231489785893,4.894493030115037,,0.77
Al0.1B2Mg0.9,conventional_AlB2,mp-763,,A1,34.3,3DSC_MP,15.5,c_parent,±20-50%,S1_v3_2_2B_extension,,substructure_aggregate_median,4.2,0.1,,,,0.0,5000,H_below_validated_reduced_field,5.324105348641889,5.1863788403346,5.559330705252185,0.0064516129032258,
Al0.1B2Mg0.9,conventional_AlB2,mp-763,,A1,34.3,3DSC_MP,15.5,c_parent,±20-50%,S1_v3_2_2B_extension,,substructure_aggregate_median,4.2,1.0,,,,0.0251493678374252,5000,H_below_validated_reduced_field,5.270126875332979,5.107188996046361,5.508722502399244,0.064516129032258,
Al0.1B2Mg0.9,conventional_AlB2,mp-763,,A1,34.3,3DSC_MP,15.5,c_parent,±20-50%,S1_v3_2_2B_extension,,substructure_aggregate_median,4.2,5.0,4.980622895715926,4.667268958449525,5.264406632650265,0.1844461906801937,5000,,,,,,
Al0.1B2Mg0.9,conventional_AlB2,mp-763,,A1,34.3,3DSC_MP,15.5,c_parent,±20-50%,S1_v3_2_2B_extension,,substructure_aggregate_median,20.0,0.1,,,,0.0,5000,H_below_validated_reduced_field,4.967016371410289,4.67238853273506,5.3030498964359705,0.0064516129032258,
Al0.1B2Mg0.9,conventional_AlB2,mp-763,,A1,34.3,3DSC_MP,15.5,c_parent,±20-50%,S1_v3_2_2B_extension,,substructure_aggregate_median,20.0,1.0,,,,0.0244485741738991,5000,H_below_validated_reduced_field,4.909290568303619,4.598024095657174,5.259763394505914,0.064516129032258,
Al0.1B2Mg0.9,conventional_AlB2,mp-763,,A1,34.3,3DSC_MP,15.5,c_parent,±20-50%,S1_v3_2_2B_extension,,substructure_aggregate_median,20.0,5.0,4.60635456653552,4.158229897217055,5.0310216003331485,0.1898638701851807,5000,,,,,,
Al0.1B2Mg0.9,conventional_AlB2,mp-763,,A1,34.3,3DSC_MP,15.5,c_parent,±20-50%,S1_v3_2_2B_extension,,substructure_aggregate_median,26.411,0.1,,,,0.0,5000,H_below_validated_reduced_field,4.661372266581253,4.138670749715988,5.170350854679169,0.0064516129032258,
Al0.1B2Mg0.9,conventional_AlB2,mp-763,,A1,34.3,3DSC_MP,15.5,c_parent,±20-50%,S1_v3_2_2B_extension,,substructure_aggregate_median,26.411,1.0,,,,0.0227541104577273,5000,H_below_validated_reduced_field,4.601372399256617,4.059207229741771,5.1291554921488975,0.064516129032258,
Al0.1B2Mg0.9,conventional_AlB2,mp-763,,A1,34.3,3DSC_MP,15.5,c_parent,±20-50%,S1_v3_2_2B_extension,,substructure_aggregate_median,26.411,5.0,,,,0.1952618970206749,5000,T_above_validated_reduced_temperature,4.298661803140782,3.6566942728617673,4.891550761331173,,0.7700000000000001
Al0.21B2Mg0.79,conventional_AlB2,mp-763,,A1,27.1,3DSC_MP,15.5,c_parent,±20-50%,S1_v3_2_2B_extension,,substructure_aggregate_median,4.2,0.1,,,,0.0,5000,H_below_validated_reduced_field,5.324105348641889,5.171003190830169,5.559330705252185,0.0064516129032258,
Al0.21B2Mg0.79,conventional_AlB2,mp-763,,A1,27.1,3DSC_MP,15.5,c_parent,±20-50%,S1_v3_2_2B_extension,,substructure_aggregate_median,4.2,1.0,,,,0.0242333297955053,5000,H_below_validated_reduced_field,5.269401297056348,5.102014001796972,5.506411368300817,0.064516129032258,
Al0.21B2Mg0.79,conventional_AlB2,mp-763,,A1,27.1,3DSC_MP,15.5,c_parent,±20-50%,S1_v3_2_2B_extension,,substructure_aggregate_median,4.2,5.0,4.98039196413065,4.66194451505004,5.264406632650265,0.1842723216757944,5000,,,,,,
Al0.21B2Mg0.79,conventional_AlB2,mp-763,,A1,27.1,3DSC_MP,15.5,c_parent,±20-50%,S1_v3_2_2B_extension,,substructure_aggregate_median,20.0,0.1,,,,0.0,5000,H_below_validated_reduced_field,4.744526540283598,4.316929820788912,5.207250250464953,0.0064516129032258,
Al0.21B2Mg0.79,conventional_AlB2,mp-763,,A1,27.1,3DSC_MP,15.5,c_parent,±20-50%,S1_v3_2_2B_extension,,substructure_aggregate_median,20.0,1.0,,,,0.0238364001072488,5000,H_below_validated_reduced_field,4.686635556161895,4.240159537278387,5.154690217507174,0.064516129032258,
Al0.21B2Mg0.79,conventional_AlB2,mp-763,,A1,27.1,3DSC_MP,15.5,c_parent,±20-50%,S1_v3_2_2B_extension,,substructure_aggregate_median,20.0,5.0,,,,0.1939328925239101,5000,T_above_validated_reduced_temperature,4.379591047492615,3.7982401211132575,4.924759181725385,,0.7380073800738007
Al0.21B2Mg0.79,conventional_AlB2,mp-763,,A1,27.1,3DSC_MP,15.5,c_parent,±20-50%,S1_v3_2_2B_extension,,substructure_aggregate_median,20.867,0.1,,,,0.0,5000,H_below_validated_reduced_field,4.6740128578023805,4.195432140098158,5.178647412194633,0.0064516129032258,
Al0.21B2Mg0.79,conventional_AlB2,mp-763,,A1,27.1,3DSC_MP,15.5,c_parent,±20-50%,S1_v3_2_2B_extension,,substructure_aggregate_median,20.867,1.0,,,,0.0238175422499207,5000,H_below_validated_reduced_field,4.617187760033323,4.1211801378661646,5.127471346011634,0.064516129032258,
Al0.21B2Mg0.79,conventional_AlB2,mp-763,,A1,27.1,3DSC_MP,15.5,c_parent,±20-50%,S1_v3_2_2B_extension,,substructure_aggregate_median,20.867,5.0,,,,0.1951166312607313,5000,T_above_validated_reduced_temperature,4.31300913952106,3.685040820174693,4.893674506847484,,0.77
Al0.29B2Mg0.71,conventional_AlB2,mp-1207086,,A1,24.0,3DSC_MP,15.5,c_parent,±20-50%,S1_v3_2_2B_extension,,substructure_aggregate_median,4.2,0.1,,,,0.0,5000,H_below_validated_reduced_field,5.324105348641889,5.185994449096989,5.559330705252185,0.0064516129032258,
Al0.29B2Mg0.71,conventional_AlB2,mp-1207086,,A1,24.0,3DSC_MP,15.5,c_parent,±20-50%,S1_v3_2_2B_extension,,substructure_aggregate_median,4.2,1.0,,,,0.0245198605090033,5000,H_below_validated_reduced_field,5.269393565600504,5.104680266782216,5.504780351850702,0.064516129032258,
Al0.29B2Mg0.71,conventional_AlB2,mp-1207086,,A1,24.0,3DSC_MP,15.5,c_parent,±20-50%,S1_v3_2_2B_extension,,substructure_aggregate_median,4.2,5.0,4.979161227585859,4.667150606665967,5.26081579515503,0.1864077165464328,5000,,,,,,
Al0.29B2Mg0.71,conventional_AlB2,mp-1207086,,A1,24.0,3DSC_MP,15.5,c_parent,±20-50%,S1_v3_2_2B_extension,,substructure_aggregate_median,20.0,0.1,,,,0.0,5000,H_below_validated_reduced_field,4.532527381675038,3.9313693112549584,5.122566034709524,0.0064516129032258,
Al0.29B2Mg0.71,conventional_AlB2,mp-1207086,,A1,24.0,3DSC_MP,15.5,c_parent,±20-50%,S1_v3_2_2B_extension,,substructure_aggregate_median,20.0,1.0,,,,0.0236019089931769,5000,H_below_validated_reduced_field,4.471824194429651,3.862177155394644,5.0714470700637495,0.064516129032258,
Al0.29B2Mg0.71,conventional_AlB2,mp-1207086,,A1,24.0,3DSC_MP,15.5,c_parent,±20-50%,S1_v3_2_2B_extension,,substructure_aggregate_median,20.0,5.0,,,,0.1933820920968614,5000,T_above_validated_reduced_temperature,4.169777367639243,3.417553977807924,4.833818255696782,,0.8333333333333334
Al0.29B2Mg0.71,conventional_AlB2,mp-1207086,,A1,24.0,3DSC_MP,15.5,c_parent,±20-50%,S1_v3_2_2B_extension,,substructure_aggregate_median,18.48,0.1,,,,0.0,5000,H_below_validated_reduced_field,4.691934773103534,4.227500869844838,5.183912851846123,0.0064516129032258,
Al0.29B2Mg0.71,conventional_AlB2,mp-1207086,,A1,24.0,3DSC_MP,15.5,c_parent,±20-50%,S1_v3_2_2B_extension,,substructure_aggregate_median,18.48,1.0,,,,0.0246995891760466,5000,H_below_validated_reduced_field,4.634043788981831,4.15322640344753,5.138633177668217,0.064516129032258,
Al0.29B2Mg0.71,conventional_AlB2,mp-1207086,,A1,24.0,3DSC_MP,15.5,c_parent,±20-50%,S1_v3_2_2B_extension,,substructure_aggregate_median,18.48,5.0,,,,0.1929054821473883,5000,T_above_validated_reduced_temperature,4.332015613097519,3.7155857863380657,4.896660051887063,,0.77
Al0.2B2Mg0.8,conventional_AlB2,mp-1222150,,A1,28.71,3DSC_MP,15.5,c_parent,±20-50%,S1_v3_2_2B_extension,,substructure_aggregate_median,4.2,0.1,,,,0.0,5000,H_below_validated_reduced_field,5.324105348641889,5.1863788403346,5.559330705252185,0.0064516129032258,
Al0.2B2Mg0.8,conventional_AlB2,mp-1222150,,A1,28.71,3DSC_MP,15.5,c_parent,±20-50%,S1_v3_2_2B_extension,,substructure_aggregate_median,4.2,1.0,,,,0.0255405430726636,5000,H_below_validated_reduced_field,5.270343882357867,5.106267801025989,5.506323838669852,0.064516129032258,
Al0.2B2Mg0.8,conventional_AlB2,mp-1222150,,A1,28.71,3DSC_MP,15.5,c_parent,±20-50%,S1_v3_2_2B_extension,,substructure_aggregate_median,4.2,5.0,4.981987504912386,4.661953624195636,5.264408696891235,0.183614180410232,5000,,,,,,
Al0.2B2Mg0.8,conventional_AlB2,mp-1222150,,A1,28.71,3DSC_MP,15.5,c_parent,±20-50%,S1_v3_2_2B_extension,,substructure_aggregate_median,20.0,0.1,,,,0.0,5000,H_below_validated_reduced_field,4.822647244745413,4.434713863843735,5.2377917615988165,0.0064516129032258,
Al0.2B2Mg0.8,conventional_AlB2,mp-1222150,,A1,28.71,3DSC_MP,15.5,c_parent,±20-50%,S1_v3_2_2B_extension,,substructure_aggregate_median,20.0,1.0,,,,0.026973341564398,5000,H_below_validated_reduced_field,4.759117657801511,4.370576702533519,5.196034795119442,0.064516129032258,
Al0.2B2Mg0.8,conventional_AlB2,mp-1222150,,A1,28.71,3DSC_MP,15.5,c_parent,±20-50%,S1_v3_2_2B_extension,,substructure_aggregate_median,20.0,5.0,4.448178719680456,3.948120853915375,4.968527422986587,0.194005960982329,5000,,,,,,
Al0.2B2Mg0.8,conventional_AlB2,mp-1222150,,A1,28.71,3DSC_MP,15.5,c_parent,±20-50%,S1_v3_2_2B_extension,,substructure_aggregate_median,22.1067,0.1,,,,0.0,5000,H_below_validated_reduced_field,4.666862310852027,4.218163032174624,5.19221421241922,0.0064516129032258,
Al0.2B2Mg0.8,conventional_AlB2,mp-1222150,,A1,28.71,3DSC_MP,15.5,c_parent,±20-50%,S1_v3_2_2B_extension,,substructure_aggregate_median,22.1067,1.0,,,,0.0244894569392624,5000,H_below_validated_reduced_field,4.609674466796333,4.145103249856758,5.140731890143623,0.064516129032258,
Al0.2B2Mg0.8,conventional_AlB2,mp-1222150,,A1,28.71,3DSC_MP,15.5,c_parent,±20-50%,S1_v3_2_2B_extension,,substructure_aggregate_median,22.1067,5.0,,,,0.1940443946176628,5000,T_above_validated_reduced_temperature,4.305765255342217,3.724472184082236,4.9078289341562265,,0.77
Al0.5B2Mg0.5,conventional_AlB2,mp-1207086,,A1,12.9,3DSC_MP,15.5,c_parent,±20-50%,S1_v3_2_2B_extension,,substructure_aggregate_median,4.2,0.1,,,,0.0,5000,H_below_validated_reduced_field,5.324105348641889,5.171003190830169,5.549941092791016,0.0064516129032258,
Al0.5B2Mg0.5,conventional_AlB2,mp-1207086,,A1,12.9,3DSC_MP,15.5,c_parent,±20-50%,S1_v3_2_2B_extension,,substructure_aggregate_median,4.2,1.0,,,,0.0254347364415101,5000,H_below_validated_reduced_field,5.269466290521237,5.1026131398903125,5.500999741249408,0.064516129032258,
Al0.5B2Mg0.5,conventional_AlB2,mp-1207086,,A1,12.9,3DSC_MP,15.5,c_parent,±20-50%,S1_v3_2_2B_extension,,substructure_aggregate_median,4.2,5.0,4.981465135227783,4.661588655142967,5.255102393462412,0.1851151939248803,5000,,,,,,
Al0.5B2Mg0.5,conventional_AlB2,mp-1207086,,A1,12.9,3DSC_MP,15.5,c_parent,±20-50%,S1_v3_2_2B_extension,,substructure_aggregate_median,20.0,0.1,,,,,5000,T_above_Tc,,,,,
Al0.5B2Mg0.5,conventional_AlB2,mp-1207086,,A1,12.9,3DSC_MP,15.5,c_parent,±20-50%,S1_v3_2_2B_extension,,substructure_aggregate_median,20.0,1.0,,,,,5000,T_above_Tc,,,,,
Al0.5B2Mg0.5,conventional_AlB2,mp-1207086,,A1,12.9,3DSC_MP,15.5,c_parent,±20-50%,S1_v3_2_2B_extension,,substructure_aggregate_median,20.0,5.0,,,,,5000,T_above_Tc,,,,,
Al0.5B2Mg0.5,conventional_AlB2,mp-1207086,,A1,12.9,3DSC_MP,15.5,c_parent,±20-50%,S1_v3_2_2B_extension,,substructure_aggregate_median,9.933,0.1,,,,0.0,5000,H_below_validated_reduced_field,4.799031524569726,4.451446915005191,5.228173678526495,0.0064516129032258,
Al0.5B2Mg0.5,conventional_AlB2,mp-1207086,,A1,12.9,3DSC_MP,15.5,c_parent,±20-50%,S1_v3_2_2B_extension,,substructure_aggregate_median,9.933,1.0,,,,0.0261507197239447,5000,H_below_validated_reduced_field,4.7412304012827065,4.372787735717349,5.179272851863656,0.064516129032258,
Al0.5B2Mg0.5,conventional_AlB2,mp-1207086,,A1,12.9,3DSC_MP,15.5,c_parent,±20-50%,S1_v3_2_2B_extension,,substructure_aggregate_median,9.933,5.0,,,,0.1919436769072877,5000,T_above_validated_reduced_temperature,4.433610822730859,3.923378353178329,4.939868587084373,,0.77
Al0.69B2Mg0.31,conventional_AlB2,mp-1207086,,A1,11.1,3DSC_MP,15.5,c_parent,±20-50%,S1_v3_2_2B_extension,,substructure_aggregate_median,4.2,0.1,,,,0.0,5000,H_below_validated_reduced_field,5.324105348641889,5.1863788403346,5.559330705252185,0.0064516129032258,
Al0.69B2Mg0.31,conventional_AlB2,mp-1207086,,A1,11.1,3DSC_MP,15.5,c_parent,±20-50%,S1_v3_2_2B_extension,,substructure_aggregate_median,4.2,1.0,,,,0.0254594645429984,5000,H_below_validated_reduced_field,5.271536162912187,5.106251513927366,5.50481893902118,0.064516129032258,
Al0.69B2Mg0.31,conventional_AlB2,mp-1207086,,A1,11.1,3DSC_MP,15.5,c_parent,±20-50%,S1_v3_2_2B_extension,,substructure_aggregate_median,4.2,5.0,4.981543337214,4.666310110214952,5.263546589996212,0.1857284068110249,5000,,,,,,
Al0.69B2Mg0.31,conventional_AlB2,mp-1207086,,A1,11.1,3DSC_MP,15.5,c_parent,±20-50%,S1_v3_2_2B_extension,,substructure_aggregate_median,20.0,0.1,,,,,5000,T_above_Tc,,,,,
Al0.69B2Mg0.31,conventional_AlB2,mp-1207086,,A1,11.1,3DSC_MP,15.5,c_parent,±20-50%,S1_v3_2_2B_extension,,substructure_aggregate_median,20.0,1.0,,,,,5000,T_above_Tc,,,,,
Al0.69B2Mg0.31,conventional_AlB2,mp-1207086,,A1,11.1,3DSC_MP,15.5,c_parent,±20-50%,S1_v3_2_2B_extension,,substructure_aggregate_median,20.0,5.0,,,,,5000,T_above_Tc,,,,,
Al0.69B2Mg0.31,conventional_AlB2,mp-1207086,,A1,11.1,3DSC_MP,15.5,c_parent,±20-50%,S1_v3_2_2B_extension,,substructure_aggregate_median,8.547,0.1,,,,0.0,5000,H_below_validated_reduced_field,4.8441538612760615,4.515127478065879,5.2460770858494215,0.0064516129032258,
Al0.69B2Mg0.31,conventional_AlB2,mp-1207086,,A1,11.1,3DSC_MP,15.5,c_parent,±20-50%,S1_v3_2_2B_extension,,substructure_aggregate_median,8.547,1.0,,,,0.0254434999133339,5000,H_below_validated_reduced_field,4.785407509647748,4.439075775299604,5.196051420312061,0.064516129032258,
Al0.69B2Mg0.31,conventional_AlB2,mp-1207086,,A1,11.1,3DSC_MP,15.5,c_parent,±20-50%,S1_v3_2_2B_extension,,substructure_aggregate_median,8.547,5.0,,,,0.1922415250755103,5000,T_above_validated_reduced_temperature,4.47814006717811,3.989701334483387,4.962902492250607,,0.7700000000000001
Al0.6B2Mg0.4,conventional_AlB2,mp-1207086,,A1,8.925,3DSC_MP,15.5,c_parent,±20-50%,S1_v3_2_2B_extension,,substructure_aggregate_median,4.2,0.1,,,,0.0,5000,H_below_validated_reduced_field,5.324105348641889,5.171003190830169,5.549941092791016,0.0064516129032258,
Al0.6B2Mg0.4,conventional_AlB2,mp-1207086,,A1,8.925,3DSC_MP,15.5,c_parent,±20-50%,S1_v3_2_2B_extension,,substructure_aggregate_median,4.2,1.0,,,,0.0245644095418331,5000,H_below_validated_reduced_field,5.269466290521237,5.1026131398903125,5.50466439194405,0.064516129032258,
Al0.6B2Mg0.4,conventional_AlB2,mp-1207086,,A1,8.925,3DSC_MP,15.5,c_parent,±20-50%,S1_v3_2_2B_extension,,substructure_aggregate_median,4.2,5.0,4.980622895715926,4.666223515771057,5.264406632650265,0.1833098582995749,5000,,,,,,
Al0.6B2Mg0.4,conventional_AlB2,mp-1207086,,A1,8.925,3DSC_MP,15.5,c_parent,±20-50%,S1_v3_2_2B_extension,,substructure_aggregate_median,20.0,0.1,,,,,5000,T_above_Tc,,,,,
Al0.6B2Mg0.4,conventional_AlB2,mp-1207086,,A1,8.925,3DSC_MP,15.5,c_parent,±20-50%,S1_v3_2_2B_extension,,substructure_aggregate_median,20.0,1.0,,,,,5000,T_above_Tc,,,,,
Al0.6B2Mg0.4,conventional_AlB2,mp-1207086,,A1,8.925,3DSC_MP,15.5,c_parent,±20-50%,S1_v3_2_2B_extension,,substructure_aggregate_median,20.0,5.0,,,,,5000,T_above_Tc,,,,,
Al0.6B2Mg0.4,conventional_AlB2,mp-1207086,,A1,8.925,3DSC_MP,15.5,c_parent,±20-50%,S1_v3_2_2B_extension,,substructure_aggregate_median,6.872250000000001,0.1,,,,0.0,5000,H_below_validated_reduced_field,4.91869016244675,4.595413898795525,5.2801042161308605,0.0064516129032258,
Al0.6B2Mg0.4,conventional_AlB2,mp-1207086,,A1,8.925,3DSC_MP,15.5,c_parent,±20-50%,S1_v3_2_2B_extension,,substructure_aggregate_median,6.872250000000001,1.0,,,,0.0249510065050495,5000,H_below_validated_reduced_field,4.861889758892954,4.521870316850773,5.232935740103528,0.064516129032258,
Al0.6B2Mg0.4,conventional_AlB2,mp-1207086,,A1,8.925,3DSC_MP,15.5,c_parent,±20-50%,S1_v3_2_2B_extension,,substructure_aggregate_median,6.872250000000001,5.0,,,,0.1884833538944681,5000,T_above_validated_reduced_temperature,4.554570906100084,4.075968405708618,4.993823382726523,,0.77
Au0.146B2Mg0.854,conventional_AlB2,mp-763,,A1,25.6,3DSC_MP,15.5,c_parent,±20-50%,S1_v3_2_2B_extension,,substructure_aggregate_median,4.2,0.1,,,,0.0,5000,H_below_validated_reduced_field,5.324105348641889,5.171003190830169,5.559330705252185,0.0064516129032258,
Au0.146B2Mg0.854,conventional_AlB2,mp-763,,A1,25.6,3DSC_MP,15.5,c_parent,±20-50%,S1_v3_2_2B_extension,,substructure_aggregate_median,4.2,1.0,,,,0.0243043023415507,5000,H_below_validated_reduced_field,5.269431390263902,5.104680266782216,5.506411368300817,0.064516129032258,
Au0.146B2Mg0.854,conventional_AlB2,mp-763,,A1,25.6,3DSC_MP,15.5,c_parent,±20-50%,S1_v3_2_2B_extension,,substructure_aggregate_median,4.2,5.0,4.978628899283534,4.666176321222375,5.263500412597663,0.1864077165464328,5000,,,,,,
Au0.146B2Mg0.854,conventional_AlB2,mp-763,,A1,25.6,3DSC_MP,15.5,c_parent,±20-50%,S1_v3_2_2B_extension,,substructure_aggregate_median,20.0,0.1,,,,0.0,5000,H_below_validated_reduced_field,4.660595957532337,4.155638163777288,5.179395982923561,0.0064516129032258,
Au0.146B2Mg0.854,conventional_AlB2,mp-763,,A1,25.6,3DSC_MP,15.5,c_parent,±20-50%,S1_v3_2_2B_extension,,substructure_aggregate_median,20.0,1.0,,,,0.0231683161959095,5000,H_below_validated_reduced_field,4.60232565786713,4.089266793256412,5.13153116221219,0.064516129032258,
Au0.146B2Mg0.854,conventional_AlB2,mp-763,,A1,25.6,3DSC_MP,15.5,c_parent,±20-50%,S1_v3_2_2B_extension,,substructure_aggregate_median,20.0,5.0,,,,0.1957948269521798,5000,T_above_validated_reduced_temperature,4.295242524501736,3.670241525065221,4.900963314614924,,0.78125
Au0.146B2Mg0.854,conventional_AlB2,mp-763,,A1,25.6,3DSC_MP,15.5,c_parent,±20-50%,S1_v3_2_2B_extension,,substructure_aggregate_median,19.712000000000003,0.1,,,,0.0,5000,H_below_validated_reduced_field,4.6854163727930604,4.206060796347268,5.190409948718648,0.0064516129032258,
Au0.146B2Mg0.854,conventional_AlB2,mp-763,,A1,25.6,3DSC_MP,15.5,c_parent,±20-50%,S1_v3_2_2B_extension,,substructure_aggregate_median,19.712000000000003,1.0,,,,0.0236778464650475,5000,H_below_validated_reduced_field,4.627461090091847,4.128744242891197,5.142545128007277,0.064516129032258,
Au0.146B2Mg0.854,conventional_AlB2,mp-763,,A1,25.6,3DSC_MP,15.5,c_parent,±20-50%,S1_v3_2_2B_extension,,substructure_aggregate_median,19.712000000000003,5.0,,,,0.196405852881222,5000,T_above_validated_reduced_temperature,4.320009134797831,3.714951116341645,4.911265887998473,,0.7700000000000001
B2Ce0.001La0.999Rh3,conventional_AlB2,mp-3465,,A1,1.67,3DSC_MP,,pending,,,,substructure_aggregate_median,4.2,0.1,,,,,5000,Hc2_unavailable,,,,,
B2Ce0.001La0.999Rh3,conventional_AlB2,mp-3465,,A1,1.67,3DSC_MP,,pending,,,,substructure_aggregate_median,4.2,1.0,,,,,5000,Hc2_unavailable,,,,,
B2Ce0.001La0.999Rh3,conventional_AlB2,mp-3465,,A1,1.67,3DSC_MP,,pending,,,,substructure_aggregate_median,4.2,5.0,,,,,5000,Hc2_unavailable,,,,,
B2Ce0.001La0.999Rh3,conventional_AlB2,mp-3465,,A1,1.67,3DSC_MP,,pending,,,,substructure_aggregate_median,20.0,0.1,,,,,5000,Hc2_unavailable,,,,,
B2Ce0.001La0.999Rh3,conventional_AlB2,mp-3465,,A1,1.67,3DSC_MP,,pending,,,,substructure_aggregate_median,20.0,1.0,,,,,5000,Hc2_unavailable,,,,,
B2Ce0.001La0.999Rh3,conventional_AlB2,mp-3465,,A1,1.67,3DSC_MP,,pending,,,,substructure_aggregate_median,20.0,5.0,,,,,5000,Hc2_unavailable,,,,,
B2Ce0.001La0.999Rh3,conventional_AlB2,mp-3465,,A1,1.67,3DSC_MP,,pending,,,,substructure_aggregate_median,1.2859,0.1,14.86769234464299,8.070149957497122,24.529730054687924,,5000,Hc2_unavailable,,,,,
B2Ce0.001La0.999Rh3,conventional_AlB2,mp-3465,,A1,1.67,3DSC_MP,,pending,,,,substructure_aggregate_median,1.2859,1.0,14.86769234464299,8.070149957497122,24.529730054687924,,5000,Hc2_unavailable,,,,,
B2Ce0.001La0.999Rh3,conventional_AlB2,mp-3465,,A1,1.67,3DSC_MP,,pending,,,,substructure_aggregate_median,1.2859,5.0,14.86769234464299,8.070149957497122,24.529730054687924,,5000,Hc2_unavailable,,,,,
B2Ce0.002La0.998Rh3,conventional_AlB2,mp-3465,,A1,1.07,3DSC_MP,,pending,,,,substructure_aggregate_median,4.2,0.1,,,,,5000,Hc2_unavailable,,,,,
B2Ce0.002La0.998Rh3,conventional_AlB2,mp-3465,,A1,1.07,3DSC_MP,,pending,,,,substructure_aggregate_median,4.2,1.0,,,,,5000,Hc2_unavailable,,,,,
B2Ce0.002La0.998Rh3,conventional_AlB2,mp-3465,,A1,1.07,3DSC_MP,,pending,,,,substructure_aggregate_median,4.2,5.0,,,,,5000,Hc2_unavailable,,,,,
B2Ce0.002La0.998Rh3,conventional_AlB2,mp-3465,,A1,1.07,3DSC_MP,,pending,,,,substructure_aggregate_median,20.0,0.1,,,,,5000,Hc2_unavailable,,,,,
B2Ce0.002La0.998Rh3,conventional_AlB2,mp-3465,,A1,1.07,3DSC_MP,,pending,,,,substructure_aggregate_median,20.0,1.0,,,,,5000,Hc2_unavailable,,,,,
B2Ce0.002La0.998Rh3,conventional_AlB2,mp-3465,,A1,1.07,3DSC_MP,,pending,,,,substructure_aggregate_median,20.0,5.0,,,,,5000,Hc2_unavailable,,,,,
B2Ce0.002La0.998Rh3,conventional_AlB2,mp-3465,,A1,1.07,3DSC_MP,,pending,,,,substructure_aggregate_median,0.8239000000000001,0.1,14.853201201835986,8.040184598625256,24.545614254923283,,5000,Hc2_unavailable,,,,,
B2Ce0.002La0.998Rh3,conventional_AlB2,mp-3465,,A1,1.07,3DSC_MP,,pending,,,,substructure_aggregate_median,0.8239000000000001,1.0,14.853201201835986,8.040184598625256,24.545614254923283,,5000,Hc2_unavailable,,,,,
B2Ce0.002La0.998Rh3,conventional_AlB2,mp-3465,,A1,1.07,3DSC_MP,,pending,,,,substructure_aggregate_median,0.8239000000000001,5.0,14.853201201835986,8.040184598625256,24.545614254923283,,5000,Hc2_unavailable,,,,,
B2Ce0.003La0.997Rh3,conventional_AlB2,mp-3465,,A1,0.38,3DSC_MP,,pending,,,,substructure_aggregate_median,4.2,0.1,,,,,5000,Hc2_unavailable,,,,,
B2Ce0.003La0.997Rh3,conventional_AlB2,mp-3465,,A1,0.38,3DSC_MP,,pending,,,,substructure_aggregate_median,4.2,1.0,,,,,5000,Hc2_unavailable,,,,,
B2Ce0.003La0.997Rh3,conventional_AlB2,mp-3465,,A1,0.38,3DSC_MP,,pending,,,,substructure_aggregate_median,4.2,5.0,,,,,5000,Hc2_unavailable,,,,,
B2Ce0.003La0.997Rh3,conventional_AlB2,mp-3465,,A1,0.38,3DSC_MP,,pending,,,,substructure_aggregate_median,20.0,0.1,,,,,5000,Hc2_unavailable,,,,,
B2Ce0.003La0.997Rh3,conventional_AlB2,mp-3465,,A1,0.38,3DSC_MP,,pending,,,,substructure_aggregate_median,20.0,1.0,,,,,5000,Hc2_unavailable,,,,,
B2Ce0.003La0.997Rh3,conventional_AlB2,mp-3465,,A1,0.38,3DSC_MP,,pending,,,,substructure_aggregate_median,20.0,5.0,,,,,5000,Hc2_unavailable,,,,,
B2Ce0.003La0.997Rh3,conventional_AlB2,mp-3465,,A1,0.38,3DSC_MP,,pending,,,,substructure_aggregate_median,0.2926,0.1,14.853201201835986,8.060760345035954,19.48252987467516,,5000,Hc2_unavailable,,,,,
B2Ce0.003La0.997Rh3,conventional_AlB2,mp-3465,,A1,0.38,3DSC_MP,,pending,,,,substructure_aggregate_median,0.2926,1.0,14.853201201835986,8.060760345035954,19.48252987467516,,5000,Hc2_unavailable,,,,,
B2Ce0.003La0.997Rh3,conventional_AlB2,mp-3465,,A1,0.38,3DSC_MP,,pending,,,,substructure_aggregate_median,0.2926,5.0,14.853201201835986,8.060760345035954,19.48252987467516,,5000,Hc2_unavailable,,,,,
B2Ce1Ru3,conventional_AlB2,mp-5940,,A1,0.55,3DSC_MP,,pending,,,,substructure_aggregate_median,4.2,0.1,,,,,5000,Hc2_unavailable,,,,,
B2Ce1Ru3,conventional_AlB2,mp-5940,,A1,0.55,3DSC_MP,,pending,,,,substructure_aggregate_median,4.2,1.0,,,,,5000,Hc2_unavailable,,,,,
B2Ce1Ru3,conventional_AlB2,mp-5940,,A1,0.55,3DSC_MP,,pending,,,,substructure_aggregate_median,4.2,5.0,,,,,5000,Hc2_unavailable,,,,,
B2Ce1Ru3,conventional_AlB2,mp-5940,,A1,0.55,3DSC_MP,,pending,,,,substructure_aggregate_median,20.0,0.1,,,,,5000,Hc2_unavailable,,,,,
B2Ce1Ru3,conventional_AlB2,mp-5940,,A1,0.55,3DSC_MP,,pending,,,,substructure_aggregate_median,20.0,1.0,,,,,5000,Hc2_unavailable,,,,,
B2Ce1Ru3,conventional_AlB2,mp-5940,,A1,0.55,3DSC_MP,,pending,,,,substructure_aggregate_median,20.0,5.0,,,,,5000,Hc2_unavailable,,,,,
B2Ce1Ru3,conventional_AlB2,mp-5940,,A1,0.55,3DSC_MP,,pending,,,,substructure_aggregate_median,0.4235,0.1,14.853201201835986,8.051370732574785,19.707803132786864,,5000,Hc2_unavailable,,,,,
B2Ce1Ru3,conventional_AlB2,mp-5940,,A1,0.55,3DSC_MP,,pending,,,,substructure_aggregate_median,0.4235,1.0,14.853201201835986,8.051370732574785,19.707803132786864,,5000,Hc2_unavailable,,,,,
B2Ce1Ru3,conventional_AlB2,mp-5940,,A1,0.55,3DSC_MP,,pending,,,,substructure_aggregate_median,0.4235,5.0,14.853201201835986,8.051370732574785,19.707803132786864,,5000,Hc2_unavailable,,,,,
B2Co0.01Mg0.99,conventional_AlB2,mp-763,,A1,37.1,3DSC_MP,15.5,c_parent,±20-50%,S1_v3_2_2B_extension,,substructure_aggregate_median,4.2,0.1,,,,0.0,5000,H_below_validated_reduced_field,5.324105348641889,5.171003190830169,5.559330705252185,0.0064516129032258,
B2Co0.01Mg0.99,conventional_AlB2,mp-763,,A1,37.1,3DSC_MP,15.5,c_parent,±20-50%,S1_v3_2_2B_extension,,substructure_aggregate_median,4.2,1.0,,,,0.0254594645429984,5000,H_below_validated_reduced_field,5.270993894837581,5.102014001796972,5.503792933404519,0.064516129032258,
B2Co0.01Mg0.99,conventional_AlB2,mp-763,,A1,37.1,3DSC_MP,15.5,c_parent,±20-50%,S1_v3_2_2B_extension,,substructure_aggregate_median,4.2,5.0,4.980507429923287,4.655341231936519,5.26082830090082,0.1841264042334858,5000,,,,,,
B2Co0.01Mg0.99,conventional_AlB2,mp-763,,A1,37.1,3DSC_MP,15.5,c_parent,±20-50%,S1_v3_2_2B_extension,,substructure_aggregate_median,20.0,0.1,,,,0.0,5000,H_below_validated_reduced_field,5.014720006802907,4.738344219650115,5.326155956224411,0.0064516129032258,
B2Co0.01Mg0.99,conventional_AlB2,mp-763,,A1,37.1,3DSC_MP,15.5,c_parent,±20-50%,S1_v3_2_2B_extension,,substructure_aggregate_median,20.0,1.0,,,,0.0253201807052034,5000,H_below_validated_reduced_field,4.953116269250138,4.668939505609911,5.278129543375165,0.064516129032258,
B2Co0.01Mg0.99,conventional_AlB2,mp-763,,A1,37.1,3DSC_MP,15.5,c_parent,±20-50%,S1_v3_2_2B_extension,,substructure_aggregate_median,20.0,5.0,4.648430853561258,4.2235664765268215,5.038416299880808,0.1904074492495997,5000,,,,,,
B2Co0.01Mg0.99,conventional_AlB2,mp-763,,A1,37.1,3DSC_MP,15.5,c_parent,±20-50%,S1_v3_2_2B_extension,,substructure_aggregate_median,28.567,0.1,,,,0.0,5000,H_below_validated_reduced_field,4.648045244448671,4.116717009028887,5.16805012929797,0.0064516129032258,
B2Co0.01Mg0.99,conventional_AlB2,mp-763,,A1,37.1,3DSC_MP,15.5,c_parent,±20-50%,S1_v3_2_2B_extension,,substructure_aggregate_median,28.567,1.0,,,,0.0254629701758117,5000,H_below_validated_reduced_field,4.589803140069463,4.041995369672069,5.123493165288592,0.064516129032258,
B2Co0.01Mg0.99,conventional_AlB2,mp-763,,A1,37.1,3DSC_MP,15.5,c_parent,±20-50%,S1_v3_2_2B_extension,,substructure_aggregate_median,28.567,5.0,,,,0.1928661193175154,5000,T_above_validated_reduced_temperature,4.28786964221526,3.626041351728821,4.889740984924347,,0.77
B2Co0.02Mg0.98,conventional_AlB2,mp-763,,A1,37.4,3DSC_MP,15.5,c_parent,±20-50%,S1_v3_2_2B_extension,,substructure_aggregate_median,4.2,0.1,,,,0.0,5000,H_below_validated_reduced_field,5.324105348641889,5.1863788403346,5.549941092791016,0.0064516129032258,
B2Co0.02Mg0.98,conventional_AlB2,mp-763,,A1,37.4,3DSC_MP,15.5,c_parent,±20-50%,S1_v3_2_2B_extension,,substructure_aggregate_median,4.2,1.0,,,,0.0254594645429984,5000,H_below_validated_reduced_field,5.27055914925549,5.104680266782216,5.5037471039633,0.064516129032258,
B2Co0.02Mg0.98,conventional_AlB2,mp-763,,A1,37.4,3DSC_MP,15.5,c_parent,±20-50%,S1_v3_2_2B_extension,,substructure_aggregate_median,4.2,5.0,4.978912482618636,4.651889285545567,5.263546589996212,0.1857963139965308,5000,,,,,,
B2Co0.02Mg0.98,conventional_AlB2,mp-763,,A1,37.4,3DSC_MP,15.5,c_parent,±20-50%,S1_v3_2_2B_extension,,substructure_aggregate_median,20.0,0.1,,,,0.0,5000,H_below_validated_reduced_field,5.018835078436869,4.766890307491431,5.33193285360548,0.0064516129032258,
B2Co0.02Mg0.98,conventional_AlB2,mp-763,,A1,37.4,3DSC_MP,15.5,c_parent,±20-50%,S1_v3_2_2B_extension,,substructure_aggregate_median,20.0,1.0,,,,0.0239565291608556,5000,H_below_validated_reduced_field,4.960517639215496,4.689328977551742,5.287078364082615,0.064516129032258,
B2Co0.02Mg0.98,conventional_AlB2,mp-763,,A1,37.4,3DSC_MP,15.5,c_parent,±20-50%,S1_v3_2_2B_extension,,substructure_aggregate_median,20.0,5.0,4.656320338317912,4.244587523903577,5.051259964682015,0.1921336025563329,5000,,,,,,
B2Co0.02Mg0.98,conventional_AlB2,mp-763,,A1,37.4,3DSC_MP,15.5,c_parent,±20-50%,S1_v3_2_2B_extension,,substructure_aggregate_median,28.798,0.1,,,,0.0,5000,H_below_validated_reduced_field,4.645156586641373,4.256266128716139,5.188401096861892,0.0064516129032258,
B2Co0.02Mg0.98,conventional_AlB2,mp-763,,A1,37.4,3DSC_MP,15.5,c_parent,±20-50%,S1_v3_2_2B_extension,,substructure_aggregate_median,28.798,1.0,,,,0.0251514986099321,5000,H_below_validated_reduced_field,4.588780290617765,4.181480823485709,5.138423798948739,0.064516129032258,
B2Co0.02Mg0.98,conventional_AlB2,mp-763,,A1,37.4,3DSC_MP,15.5,c_parent,±20-50%,S1_v3_2_2B_extension,,substructure_aggregate_median,28.798,5.0,,,,0.1940448363507521,5000,T_above_validated_reduced_temperature,4.289054448988412,3.732773103471057,4.894799770240639,,0.77
B2Co0.03Mg0.97,conventional_AlB2,mp-763,,A1,36.2,3DSC_MP,15.5,c_parent,±20-50%,S1_v3_2_2B_extension,,substructure_aggregate_median,4.2,0.1,,,,0.0,5000,H_below_validated_reduced_field,5.324105348641889,5.171003190830169,5.559330705252185,0.0064516129032258,
B2Co0.03Mg0.97,conventional_AlB2,mp-763,,A1,36.2,3DSC_MP,15.5,c_parent,±20-50%,S1_v3_2_2B_extension,,substructure_aggregate_median,4.2,1.0,,,,0.0243811898529768,5000,H_below_validated_reduced_field,5.269331709916639,5.102884623932617,5.503925174940459,0.064516129032258,
B2Co0.03Mg0.97,conventional_AlB2,mp-763,,A1,36.2,3DSC_MP,15.5,c_parent,±20-50%,S1_v3_2_2B_extension,,substructure_aggregate_median,4.2,5.0,4.9763786985300005,4.658087464905135,5.258474867104329,0.1821084352748663,5000,,,,,,
B2Co0.03Mg0.97,conventional_AlB2,mp-763,,A1,36.2,3DSC_MP,15.5,c_parent,±20-50%,S1_v3_2_2B_extension,,substructure_aggregate_median,20.0,0.1,,,,0.0,5000,H_below_validated_reduced_field,4.995570200729643,4.715934185695081,5.319420712307737,0.0064516129032258,
B2Co0.03Mg0.97,conventional_AlB2,mp-763,,A1,36.2,3DSC_MP,15.5,c_parent,±20-50%,S1_v3_2_2B_extension,,substructure_aggregate_median,20.0,1.0,,,,0.0244401390438957,5000,H_below_validated_reduced_field,4.938096041911602,4.647673943391784,5.27577129449663,0.064516129032258,
B2Co0.03Mg0.97,conventional_AlB2,mp-763,,A1,36.2,3DSC_MP,15.5,c_parent,±20-50%,S1_v3_2_2B_extension,,substructure_aggregate_median,20.0,5.0,4.633501433131614,4.213573484782817,5.047761293708607,0.192670767028054,5000,,,,,,
B2Co0.03Mg0.97,conventional_AlB2,mp-763,,A1,36.2,3DSC_MP,15.5,c_parent,±20-50%,S1_v3_2_2B_extension,,substructure_aggregate_median,27.874,0.1,,,,0.0,5000,H_below_validated_reduced_field,4.645271065420176,4.192711238084668,5.1687482846924855,0.0064516129032258,
B2Co0.03Mg0.97,conventional_AlB2,mp-763,,A1,36.2,3DSC_MP,15.5,c_parent,±20-50%,S1_v3_2_2B_extension,,substructure_aggregate_median,27.874,1.0,,,,0.0252764068725745,5000,H_below_validated_reduced_field,4.590035491253964,4.112675278205826,5.126756614363912,0.064516129032258,
B2Co0.03Mg0.97,conventional_AlB2,mp-763,,A1,36.2,3DSC_MP,15.5,c_parent,±20-50%,S1_v3_2_2B_extension,,substructure_aggregate_median,27.874,5.0,,,,0.1943546085617109,5000,T_above_validated_reduced_temperature,4.2866796184957625,3.66814258917465,4.889701557386512,,0.7699999999999999
B2Co0.1Mg0.9,conventional_AlB2,mp-763,,A1,34.5,3DSC_MP,15.5,c_parent,±20-50%,S1_v3_2_2B_extension,,substructure_aggregate_median,4.2,0.1,,,,0.0,5000,H_below_validated_reduced_field,5.324105348641889,5.171003190830169,5.559330705252185,0.0064516129032258,
B2Co0.1Mg0.9,conventional_AlB2,mp-763,,A1,34.5,3DSC_MP,15.5,c_parent,±20-50%,S1_v3_2_2B_extension,,substructure_aggregate_median,4.2,1.0,,,,0.0246463674043102,5000,H_below_validated_reduced_field,5.269431390263902,5.101108685649522,5.504780351850702,0.064516129032258,
B2Co0.1Mg0.9,conventional_AlB2,mp-763,,A1,34.5,3DSC_MP,15.5,c_parent,±20-50%,S1_v3_2_2B_extension,,substructure_aggregate_median,4.2,5.0,4.978895063434697,4.655327540514675,5.256702552765383,0.1853988192590838,5000,,,,,,
B2Co0.1Mg0.9,conventional_AlB2,mp-763,,A1,34.5,3DSC_MP,15.5,c_parent,±20-50%,S1_v3_2_2B_extension,,substructure_aggregate_median,20.0,0.1,,,,0.0,5000,H_below_validated_reduced_field,4.97383673680358,4.685670106168464,5.3049181410396695,0.0064516129032258,
B2Co0.1Mg0.9,conventional_AlB2,mp-763,,A1,34.5,3DSC_MP,15.5,c_parent,±20-50%,S1_v3_2_2B_extension,,substructure_aggregate_median,20.0,1.0,,,,0.0245289239495782,5000,H_below_validated_reduced_field,4.915607840467109,4.608221808514638,5.260796101312364,0.064516129032258,
B2Co0.1Mg0.9,conventional_AlB2,mp-763,,A1,34.5,3DSC_MP,15.5,c_parent,±20-50%,S1_v3_2_2B_extension,,substructure_aggregate_median,20.0,5.0,4.615144834324527,4.15718315889547,5.028828241857193,0.1873300266158146,5000,,,,,,
B2Co0.1Mg0.9,conventional_AlB2,mp-763,,A1,34.5,3DSC_MP,15.5,c_parent,±20-50%,S1_v3_2_2B_extension,,substructure_aggregate_median,26.565,0.1,,,,0.0,5000,H_below_validated_reduced_field,4.660972084089752,4.156402264256879,5.184884542480722,0.0064516129032258,
B2Co0.1Mg0.9,conventional_AlB2,mp-763,,A1,34.5,3DSC_MP,15.5,c_parent,±20-50%,S1_v3_2_2B_extension,,substructure_aggregate_median,26.565,1.0,,,,0.0227006366650055,5000,H_below_validated_reduced_field,4.604181407657157,4.078730324548579,5.133641664368415,0.064516129032258,
B2Co0.1Mg0.9,conventional_AlB2,mp-763,,A1,34.5,3DSC_MP,15.5,c_parent,±20-50%,S1_v3_2_2B_extension,,substructure_aggregate_median,26.565,5.0,,,,0.191489868627622,5000,T_above_validated_reduced_temperature,4.300371452351628,3.68589168924717,4.8919565742623465,,0.77
B2Cr0.01Mg0.99,conventional_AlB2,mp-763,,A1,36.7,3DSC_MP,15.5,c_parent,±20-50%,S1_v3_2_2B_extension,,substructure_aggregate_median,4.2,0.1,,,,0.0,5000,H_below_validated_reduced_field,5.324105348641889,5.171003190830169,5.559330705252185,0.0064516129032258,
B2Cr0.01Mg0.99,conventional_AlB2,mp-763,,A1,36.7,3DSC_MP,15.5,c_parent,±20-50%,S1_v3_2_2B_extension,,substructure_aggregate_median,4.2,1.0,,,,0.0257448331470833,5000,H_below_validated_reduced_field,5.270967928035513,5.104644875708542,5.508722502399244,0.064516129032258,
B2Cr0.01Mg0.99,conventional_AlB2,mp-763,,A1,36.7,3DSC_MP,15.5,c_parent,±20-50%,S1_v3_2_2B_extension,,substructure_aggregate_median,4.2,5.0,4.97994781687558,4.661544720035862,5.269583657060885,0.1842429029214312,5000,,,,,,
B2Cr0.01Mg0.99,conventional_AlB2,mp-763,,A1,36.7,3DSC_MP,15.5,c_parent,±20-50%,S1_v3_2_2B_extension,,substructure_aggregate_median,20.0,0.1,,,,0.0,5000,H_below_validated_reduced_field,5.009059454988169,4.731051149681318,5.318205345055199,0.0064516129032258,
B2Cr0.01Mg0.99,conventional_AlB2,mp-763,,A1,36.7,3DSC_MP,15.5,c_parent,±20-50%,S1_v3_2_2B_extension,,substructure_aggregate_median,20.0,1.0,,,,0.0248114281987197,5000,H_below_validated_reduced_field,4.948860208474031,4.655433752526956,5.272935039861793,0.064516129032258,
B2Cr0.01Mg0.99,conventional_AlB2,mp-763,,A1,36.7,3DSC_MP,15.5,c_parent,±20-50%,S1_v3_2_2B_extension,,substructure_aggregate_median,20.0,5.0,4.6458029975844415,4.208488896220804,5.038844296162517,0.1913761681161716,5000,,,,,,
B2Cr0.01Mg0.99,conventional_AlB2,mp-763,,A1,36.7,3DSC_MP,15.5,c_parent,±20-50%,S1_v3_2_2B_extension,,substructure_aggregate_median,28.259000000000004,0.1,,,,0.0,5000,H_below_validated_reduced_field,4.656876601001858,4.129537812523512,5.15889965458727,0.0064516129032258,
B2Cr0.01Mg0.99,conventional_AlB2,mp-763,,A1,36.7,3DSC_MP,15.5,c_parent,±20-50%,S1_v3_2_2B_extension,,substructure_aggregate_median,28.259000000000004,1.0,,,,0.0230205624544685,5000,H_below_validated_reduced_field,4.597041010184918,4.06375845871279,5.11338402820937,0.064516129032258,
B2Cr0.01Mg0.99,conventional_AlB2,mp-763,,A1,36.7,3DSC_MP,15.5,c_parent,±20-50%,S1_v3_2_2B_extension,,substructure_aggregate_median,28.259000000000004,5.0,,,,0.1967339305842923,5000,T_above_validated_reduced_temperature,4.291064764818264,3.662641160104017,4.880426147180542,,0.77
B2Cr0.02Mg0.98,conventional_AlB2,mp-763,,A1,35.3,3DSC_MP,15.5,c_parent,±20-50%,S1_v3_2_2B_extension,,substructure_aggregate_median,4.2,0.1,,,,0.0,5000,H_below_validated_reduced_field,5.324105348641889,5.1863788403346,5.559330705252185,0.0064516129032258,
B2Cr0.02Mg0.98,conventional_AlB2,mp-763,,A1,35.3,3DSC_MP,15.5,c_parent,±20-50%,S1_v3_2_2B_extension,,substructure_aggregate_median,4.2,1.0,,,,0.0262821365304821,5000,H_below_validated_reduced_field,5.271544406272218,5.105616317081055,5.506780183126137,0.064516129032258,
B2Cr0.02Mg0.98,conventional_AlB2,mp-763,,A1,35.3,3DSC_MP,15.5,c_parent,±20-50%,S1_v3_2_2B_extension,,substructure_aggregate_median,4.2,5.0,4.981543337214,4.666310110214952,5.263524537620467,0.1841835298952858,5000,,,,,,
B2Cr0.02Mg0.98,conventional_AlB2,mp-763,,A1,35.3,3DSC_MP,15.5,c_parent,±20-50%,S1_v3_2_2B_extension,,substructure_aggregate_median,20.0,0.1,,,,0.0,5000,H_below_validated_reduced_field,4.988430169996427,4.710431068993549,5.312156142769415,0.0064516129032258,
B2Cr0.02Mg0.98,conventional_AlB2,mp-763,,A1,35.3,3DSC_MP,15.5,c_parent,±20-50%,S1_v3_2_2B_extension,,substructure_aggregate_median,20.0,1.0,,,,0.0246273997108081,5000,H_below_validated_reduced_field,4.932256472790478,4.637770708743002,5.270094192193538,0.064516129032258,
B2Cr0.02Mg0.98,conventional_AlB2,mp-763,,A1,35.3,3DSC_MP,15.5,c_parent,±20-50%,S1_v3_2_2B_extension,,substructure_aggregate_median,20.0,5.0,4.626999148297832,4.191078905301291,5.03512783635325,0.1899911995564958,5000,,,,,,
B2Cr0.02Mg0.98,conventional_AlB2,mp-763,,A1,35.3,3DSC_MP,15.5,c_parent,±20-50%,S1_v3_2_2B_extension,,substructure_aggregate_median,27.181,0.1,,,,0.0,5000,H_below_validated_reduced_field,4.673910908982094,4.209023043304142,5.189595076457983,0.0064516129032258,
B2Cr0.02Mg0.98,conventional_AlB2,mp-763,,A1,35.3,3DSC_MP,15.5,c_parent,±20-50%,S1_v3_2_2B_extension,,substructure_aggregate_median,27.181,1.0,,,,0.0251034331034087,5000,H_below_validated_reduced_field,4.610164729421922,4.130458760497638,5.1374838136847085,0.064516129032258,
B2Cr0.02Mg0.98,conventional_AlB2,mp-763,,A1,35.3,3DSC_MP,15.5,c_parent,±20-50%,S1_v3_2_2B_extension,,substructure_aggregate_median,27.181,5.0,,,,0.1935981061715832,5000,T_above_validated_reduced_temperature,4.303224905715002,3.6980241182361953,4.89998122531752,,0.7700000000000001
B2Cr0.03Mg0.97,conventional_AlB2,mp-763,,A1,35.1,3DSC_MP,15.5,c_parent,±20-50%,S1_v3_2_2B_extension,,substructure_aggregate_median,4.2,0.1,,,,0.0,5000,H_below_validated_reduced_field,5.324105348641889,5.171003190830169,5.559330705252185,0.0064516129032258,
B2Cr0.03Mg0.97,conventional_AlB2,mp-763,,A1,35.1,3DSC_MP,15.5,c_parent,±20-50%,S1_v3_2_2B_extension,,substructure_aggregate_median,4.2,1.0,,,,0.0244474711714017,5000,H_below_validated_reduced_field,5.269431390263902,5.103248336736622,5.508722502399244,0.064516129032258,
B2Cr0.03Mg0.97,conventional_AlB2,mp-763,,A1,35.1,3DSC_MP,15.5,c_parent,±20-50%,S1_v3_2_2B_extension,,substructure_aggregate_median,4.2,5.0,4.980622895715926,4.657563454596022,5.271600867811023,0.185158858444387,5000,,,,,,
B2Cr0.03Mg0.97,conventional_AlB2,mp-763,,A1,35.1,3DSC_MP,15.5,c_parent,±20-50%,S1_v3_2_2B_extension,,substructure_aggregate_median,20.0,0.1,,,,0.0,5000,H_below_validated_reduced_field,4.984199303885426,4.701829484638735,5.307251933717255,0.0064516129032258,
B2Cr0.03Mg0.97,conventional_AlB2,mp-763,,A1,35.1,3DSC_MP,15.5,c_parent,±20-50%,S1_v3_2_2B_extension,,substructure_aggregate_median,20.0,1.0,,,,0.0244289392595646,5000,H_below_validated_reduced_field,4.925051619385116,4.629367330427368,5.26227270254968,0.064516129032258,
B2Cr0.03Mg0.97,conventional_AlB2,mp-763,,A1,35.1,3DSC_MP,15.5,c_parent,±20-50%,S1_v3_2_2B_extension,,substructure_aggregate_median,20.0,5.0,4.621395946507317,4.183831450689021,5.028882183080567,0.1904940659179281,5000,,,,,,
B2Cr0.03Mg0.97,conventional_AlB2,mp-763,,A1,35.1,3DSC_MP,15.5,c_parent,±20-50%,S1_v3_2_2B_extension,,substructure_aggregate_median,27.027,0.1,,,,0.0,5000,H_below_validated_reduced_field,4.659800760853216,4.19584479365365,5.168201446944538,0.0064516129032258,
B2Cr0.03Mg0.97,conventional_AlB2,mp-763,,A1,35.1,3DSC_MP,15.5,c_parent,±20-50%,S1_v3_2_2B_extension,,substructure_aggregate_median,27.027,1.0,,,,0.0227223137211485,5000,H_below_validated_reduced_field,4.60105040597256,4.126566187173057,5.117074226803632,0.064516129032258,
B2Cr0.03Mg0.97,conventional_AlB2,mp-763,,A1,35.1,3DSC_MP,15.5,c_parent,±20-50%,S1_v3_2_2B_extension,,substructure_aggregate_median,27.027,5.0,,,,0.1959657534667416,5000,T_above_validated_reduced_temperature,4.297582967934322,3.69403568591728,4.885166431226193,,0.77
B2Cu0.004Mg0.996,conventional_AlB2,mp-763,,A1,38.11,3DSC_MP,15.5,c_parent,±20-50%,S1_v3_2_2B_extension,,substructure_aggregate_median,4.2,0.1,,,,0.0,5000,H_below_validated_reduced_field,5.324105348641889,5.171003190830169,5.559330705252185,0.0064516129032258,
B2Cu0.004Mg0.996,conventional_AlB2,mp-763,,A1,38.11,3DSC_MP,15.5,c_parent,±20-50%,S1_v3_2_2B_extension,,substructure_aggregate_median,4.2,1.0,,,,0.023854965423002,5000,H_below_validated_reduced_field,5.266214364520186,5.100092209645829,5.50576400867879,0.064516129032258,
B2Cu0.004Mg0.996,conventional_AlB2,mp-763,,A1,38.11,3DSC_MP,15.5,c_parent,±20-50%,S1_v3_2_2B_extension,,substructure_aggregate_median,4.2,5.0,4.975326348157319,4.6615651292183,5.264931825178314,0.1845036098240786,5000,,,,,,
B2Cu0.004Mg0.996,conventional_AlB2,mp-763,,A1,38.11,3DSC_MP,15.5,c_parent,±20-50%,S1_v3_2_2B_extension,,substructure_aggregate_median,20.0,0.1,,,,0.0,5000,H_below_validated_reduced_field,5.01960240337941,4.760570127688244,5.333135872136754,0.0064516129032258,
B2Cu0.004Mg0.996,conventional_AlB2,mp-763,,A1,38.11,3DSC_MP,15.5,c_parent,±20-50%,S1_v3_2_2B_extension,,substructure_aggregate_median,20.0,1.0,,,,0.0236563746409883,5000,H_below_validated_reduced_field,4.964256619331223,4.683629912618813,5.287886531647479,0.064516129032258,
B2Cu0.004Mg0.996,conventional_AlB2,mp-763,,A1,38.11,3DSC_MP,15.5,c_parent,±20-50%,S1_v3_2_2B_extension,,substructure_aggregate_median,20.0,5.0,4.661351398763664,4.24660172655291,5.0477236485058965,0.1897889028646178,5000,,,,,,
B2Cu0.004Mg0.996,conventional_AlB2,mp-763,,A1,38.11,3DSC_MP,15.5,c_parent,±20-50%,S1_v3_2_2B_extension,,substructure_aggregate_median,29.3447,0.1,,,,0.0,5000,H_below_validated_reduced_field,4.646373606722773,4.203462520462983,5.167308346352704,0.0064516129032258,
B2Cu0.004Mg0.996,conventional_AlB2,mp-763,,A1,38.11,3DSC_MP,15.5,c_parent,±20-50%,S1_v3_2_2B_extension,,substructure_aggregate_median,29.3447,1.0,,,,0.0252562991392251,5000,H_below_validated_reduced_field,4.589340383006553,4.141953093227119,5.11936440783728,0.064516129032258,
B2Cu0.004Mg0.996,conventional_AlB2,mp-763,,A1,38.11,3DSC_MP,15.5,c_parent,±20-50%,S1_v3_2_2B_extension,,substructure_aggregate_median,29.3447,5.0,,,,0.1925374488504569,5000,T_above_validated_reduced_temperature,4.286694083260439,3.6992218781197495,4.880706916567631,,0.77
B2Cu0.011Mg0.989,conventional_AlB2,mp-763,,A1,38.05,3DSC_MP,15.5,c_parent,±20-50%,S1_v3_2_2B_extension,,substructure_aggregate_median,4.2,0.1,,,,0.0,5000,H_below_validated_reduced_field,5.324105348641889,5.171003190830169,5.559330705252185,0.0064516129032258,
B2Cu0.011Mg0.989,conventional_AlB2,mp-763,,A1,38.05,3DSC_MP,15.5,c_parent,±20-50%,S1_v3_2_2B_extension,,substructure_aggregate_median,4.2,1.0,,,,0.0234457150947982,5000,H_below_validated_reduced_field,5.26911416701377,5.103264623835246,5.506751427124972,0.064516129032258,
B2Cu0.011Mg0.989,conventional_AlB2,mp-763,,A1,38.05,3DSC_MP,15.5,c_parent,±20-50%,S1_v3_2_2B_extension,,substructure_aggregate_median,4.2,5.0,4.980622895715926,4.66194451505004,5.260069290786695,0.1849636369458869,5000,,,,,,
B2Cu0.011Mg0.989,conventional_AlB2,mp-763,,A1,38.05,3DSC_MP,15.5,c_parent,±20-50%,S1_v3_2_2B_extension,,substructure_aggregate_median,20.0,0.1,,,,0.0,5000,H_below_validated_reduced_field,5.027049179335381,4.759014077190904,5.3323052487658185,0.0064516129032258,
B2Cu0.011Mg0.989,conventional_AlB2,mp-763,,A1,38.05,3DSC_MP,15.5,c_parent,±20-50%,S1_v3_2_2B_extension,,substructure_aggregate_median,20.0,1.0,,,,0.024528583990655,5000,H_below_validated_reduced_field,4.9646926280025845,4.68833653705429,5.2810867642880535,0.064516129032258,
B2Cu0.011Mg0.989,conventional_AlB2,mp-763,,A1,38.05,3DSC_MP,15.5,c_parent,±20-50%,S1_v3_2_2B_extension,,substructure_aggregate_median,20.0,5.0,4.663038039472059,4.249063718683685,5.046402246952853,0.1881114181889467,5000,,,,,,
B2Cu0.011Mg0.989,conventional_AlB2,mp-763,,A1,38.05,3DSC_MP,15.5,c_parent,±20-50%,S1_v3_2_2B_extension,,substructure_aggregate_median,29.2985,0.1,,,,0.0,5000,H_below_validated_reduced_field,4.646470278673648,4.166702426310262,5.15600670197186,0.0064516129032258,
B2Cu0.011Mg0.989,conventional_AlB2,mp-763,,A1,38.05,3DSC_MP,15.5,c_parent,±20-50%,S1_v3_2_2B_extension,,substructure_aggregate_median,29.2985,1.0,,,,0.0237541175846978,5000,H_below_validated_reduced_field,4.591124494625461,4.086414381841425,5.109876727873295,0.064516129032258,
B2Cu0.011Mg0.989,conventional_AlB2,mp-763,,A1,38.05,3DSC_MP,15.5,c_parent,±20-50%,S1_v3_2_2B_extension,,substructure_aggregate_median,29.2985,5.0,,,,0.1951659617215853,5000,T_above_validated_reduced_temperature,4.285830036199902,3.658078402693467,4.878205593202277,,0.7700000000000001
B2Cu0.018Mg0.982,conventional_AlB2,mp-763,,A1,37.8,3DSC_MP,15.5,c_parent,±20-50%,S1_v3_2_2B_extension,,substructure_aggregate_median,4.2,0.1,,,,0.0,5000,H_below_validated_reduced_field,5.324105348641889,5.171003190830169,5.549941092791016,0.0064516129032258,
B2Cu0.018Mg0.982,conventional_AlB2,mp-763,,A1,37.8,3DSC_MP,15.5,c_parent,±20-50%,S1_v3_2_2B_extension,,substructure_aggregate_median,4.2,1.0,,,,0.0239948834593759,5000,H_below_validated_reduced_field,5.269431390263902,5.1026131398903125,5.5019971542755925,0.064516129032258,
B2Cu0.018Mg0.982,conventional_AlB2,mp-763,,A1,37.8,3DSC_MP,15.5,c_parent,±20-50%,S1_v3_2_2B_extension,,substructure_aggregate_median,4.2,5.0,4.98039196413065,4.657914814423946,5.255017020189096,0.1837761800861779,5000,,,,,,
B2Cu0.018Mg0.982,conventional_AlB2,mp-763,,A1,37.8,3DSC_MP,15.5,c_parent,±20-50%,S1_v3_2_2B_extension,,substructure_aggregate_median,20.0,0.1,,,,0.0,5000,H_below_validated_reduced_field,5.02411281976708,4.752444231095849,5.331057998991564,0.0064516129032258,
B2Cu0.018Mg0.982,conventional_AlB2,mp-763,,A1,37.8,3DSC_MP,15.5,c_parent,±20-50%,S1_v3_2_2B_extension,,substructure_aggregate_median,20.0,1.0,,,,0.0242349974142026,5000,H_below_validated_reduced_field,4.963776384413901,4.681368421813862,5.283124848838484,0.064516129032258,
B2Cu0.018Mg0.982,conventional_AlB2,mp-763,,A1,37.8,3DSC_MP,15.5,c_parent,±20-50%,S1_v3_2_2B_extension,,substructure_aggregate_median,20.0,5.0,4.664172564456719,4.238024840881443,5.046903336026763,0.1906166275364018,5000,,,,,,
B2Cu0.018Mg0.982,conventional_AlB2,mp-763,,A1,37.8,3DSC_MP,15.5,c_parent,±20-50%,S1_v3_2_2B_extension,,substructure_aggregate_median,29.106,0.1,,,,0.0,5000,H_below_validated_reduced_field,4.641738294362475,4.12576376015806,5.167531542511934,0.0064516129032258,
B2Cu0.018Mg0.982,conventional_AlB2,mp-763,,A1,37.8,3DSC_MP,15.5,c_parent,±20-50%,S1_v3_2_2B_extension,,substructure_aggregate_median,29.106,1.0,,,,0.0241456790058229,5000,H_below_validated_reduced_field,4.589177351992804,4.056741763766488,5.121950929496936,0.064516129032258,
B2Cu0.018Mg0.982,conventional_AlB2,mp-763,,A1,37.8,3DSC_MP,15.5,c_parent,±20-50%,S1_v3_2_2B_extension,,substructure_aggregate_median,29.106,5.0,,,,0.1935984619443447,5000,T_above_validated_reduced_temperature,4.287796564730518,3.6562877910806586,4.879676138681235,,0.7700000000000001
B2Cu0.03Mg0.97,conventional_AlB2,mp-763,,A1,37.58,3DSC_MP,15.5,c_parent,±20-50%,S1_v3_2_2B_extension,,substructure_aggregate_median,4.2,0.1,,,,0.0,5000,H_below_validated_reduced_field,5.324105348641889,5.171003190830169,5.559330705252185,0.0064516129032258,
B2Cu0.03Mg0.97,conventional_AlB2,mp-763,,A1,37.58,3DSC_MP,15.5,c_parent,±20-50%,S1_v3_2_2B_extension,,substructure_aggregate_median,4.2,1.0,,,,0.0246463674043102,5000,H_below_validated_reduced_field,5.269355740937106,5.103264623835246,5.508722502399244,0.064516129032258,
B2Cu0.03Mg0.97,conventional_AlB2,mp-763,,A1,37.58,3DSC_MP,15.5,c_parent,±20-50%,S1_v3_2_2B_extension,,substructure_aggregate_median,4.2,5.0,4.9763786985300005,4.666223515771057,5.265495856664213,0.1843524931608131,5000,,,,,,
B2Cu0.03Mg0.97,conventional_AlB2,mp-763,,A1,37.58,3DSC_MP,15.5,c_parent,±20-50%,S1_v3_2_2B_extension,,substructure_aggregate_median,20.0,0.1,,,,0.0,5000,H_below_validated_reduced_field,5.021252614002386,4.7465448920605136,5.329549478914238,0.0064516129032258,
B2Cu0.03Mg0.97,conventional_AlB2,mp-763,,A1,37.58,3DSC_MP,15.5,c_parent,±20-50%,S1_v3_2_2B_extension,,substructure_aggregate_median,20.0,1.0,,,,0.0253604649574681,5000,H_below_validated_reduced_field,4.960772952701126,4.67776626015522,5.283551967155497,0.064516129032258,
B2Cu0.03Mg0.97,conventional_AlB2,mp-763,,A1,37.58,3DSC_MP,15.5,c_parent,±20-50%,S1_v3_2_2B_extension,,substructure_aggregate_median,20.0,5.0,4.657495361634589,4.246278914715051,5.049941927328062,0.1906556373097139,5000,,,,,,
B2Cu0.03Mg0.97,conventional_AlB2,mp-763,,A1,37.58,3DSC_MP,15.5,c_parent,±20-50%,S1_v3_2_2B_extension,,substructure_aggregate_median,28.9366,0.1,,,,0.0,5000,H_below_validated_reduced_field,4.655381138561722,4.184237976796379,5.167692314183857,0.0064516129032258,
B2Cu0.03Mg0.97,conventional_AlB2,mp-763,,A1,37.58,3DSC_MP,15.5,c_parent,±20-50%,S1_v3_2_2B_extension,,substructure_aggregate_median,28.9366,1.0,,,,0.0256021488450404,5000,H_below_validated_reduced_field,4.602816074512036,4.106210268461273,5.119782580435278,0.064516129032258,
B2Cu0.03Mg0.97,conventional_AlB2,mp-763,,A1,37.58,3DSC_MP,15.5,c_parent,±20-50%,S1_v3_2_2B_extension,,substructure_aggregate_median,28.9366,5.0,,,,0.1947305302978277,5000,T_above_validated_reduced_temperature,4.289190919626191,3.673629079246935,4.886731733825129,,0.77
B2Cu0.05Mg0.95,conventional_AlB2,mp-763,,A1,37.75,3DSC_MP,15.5,c_parent,±20-50%,S1_v3_2_2B_extension,,substructure_aggregate_median,4.2,0.1,,,,0.0,5000,H_below_validated_reduced_field,5.324105348641889,5.1863788403346,5.559330705252185,0.0064516129032258,
B2Cu0.05Mg0.95,conventional_AlB2,mp-763,,A1,37.75,3DSC_MP,15.5,c_parent,±20-50%,S1_v3_2_2B_extension,,substructure_aggregate_median,4.2,1.0,,,,0.0254594645429984,5000,H_below_validated_reduced_field,5.271536162912187,5.104680266782216,5.506751427124972,0.064516129032258,
B2Cu0.05Mg0.95,conventional_AlB2,mp-763,,A1,37.75,3DSC_MP,15.5,c_parent,±20-50%,S1_v3_2_2B_extension,,substructure_aggregate_median,4.2,5.0,4.980622895715926,4.661544720035862,5.265395422341659,0.1844443918403993,5000,,,,,,
B2Cu0.05Mg0.95,conventional_AlB2,mp-763,,A1,37.75,3DSC_MP,15.5,c_parent,±20-50%,S1_v3_2_2B_extension,,substructure_aggregate_median,20.0,0.1,,,,0.0,5000,H_below_validated_reduced_field,5.023501397115826,4.765033835720256,5.330717664339587,0.0064516129032258,
B2Cu0.05Mg0.95,conventional_AlB2,mp-763,,A1,37.75,3DSC_MP,15.5,c_parent,±20-50%,S1_v3_2_2B_extension,,substructure_aggregate_median,20.0,1.0,,,,0.0252233073536682,5000,H_below_validated_reduced_field,4.965626978790241,4.688645310662396,5.282886274406245,0.064516129032258,
B2Cu0.05Mg0.95,conventional_AlB2,mp-763,,A1,37.75,3DSC_MP,15.5,c_parent,±20-50%,S1_v3_2_2B_extension,,substructure_aggregate_median,20.0,5.0,4.662306583771308,4.247469597193171,5.049790438630109,0.1915772593039131,5000,,,,,,
B2Cu0.05Mg0.95,conventional_AlB2,mp-763,,A1,37.75,3DSC_MP,15.5,c_parent,±20-50%,S1_v3_2_2B_extension,,substructure_aggregate_median,29.0675,0.1,,,,0.0,5000,H_below_validated_reduced_field,4.655100781247521,4.183138805988789,5.181937739686424,0.0064516129032258,
B2Cu0.05Mg0.95,conventional_AlB2,mp-763,,A1,37.75,3DSC_MP,15.5,c_parent,±20-50%,S1_v3_2_2B_extension,,substructure_aggregate_median,29.0675,1.0,,,,0.0235042171924977,5000,H_below_validated_reduced_field,4.598526196847526,4.107078798222635,5.130084601621147,0.064516129032258,
B2Cu0.05Mg0.95,conventional_AlB2,mp-763,,A1,37.75,3DSC_MP,15.5,c_parent,±20-50%,S1_v3_2_2B_extension,,substructure_aggregate_median,29.0675,5.0,,,,0.1947381445953269,5000,T_above_validated_reduced_temperature,4.293057262584432,3.68507191523773,4.892337485460521,,0.77
B2Cu0.1Mg0.9,conventional_AlB2,mp-763,,A1,38.6,3DSC_MP,15.5,c_parent,±20-50%,S1_v3_2_2B_extension,,substructure_aggregate_median,4.2,0.1,,,,0.0,5000,H_below_validated_reduced_field,5.324105348641889,5.171003190830169,5.549941092791016,0.0064516129032258,
B2Cu0.1Mg0.9,conventional_AlB2,mp-763,,A1,38.6,3DSC_MP,15.5,c_parent,±20-50%,S1_v3_2_2B_extension,,substructure_aggregate_median,4.2,1.0,,,,0.0233234241987583,5000,H_below_validated_reduced_field,5.267314672209294,5.1026131398903125,5.499339529953279,0.064516129032258,
B2Cu0.1Mg0.9,conventional_AlB2,mp-763,,A1,38.6,3DSC_MP,15.5,c_parent,±20-50%,S1_v3_2_2B_extension,,substructure_aggregate_median,4.2,5.0,4.978510420547236,4.661953624195636,5.256994599571886,0.1846186285834665,5000,,,,,,
B2Cu0.1Mg0.9,conventional_AlB2,mp-763,,A1,38.6,3DSC_MP,15.5,c_parent,±20-50%,S1_v3_2_2B_extension,,substructure_aggregate_median,20.0,0.1,,,,0.0,5000,H_below_validated_reduced_field,5.02515251969956,4.772988024469917,5.3363112527177154,0.0064516129032258,
B2Cu0.1Mg0.9,conventional_AlB2,mp-763,,A1,38.6,3DSC_MP,15.5,c_parent,±20-50%,S1_v3_2_2B_extension,,substructure_aggregate_median,20.0,1.0,,,,0.024039932962923,5000,H_below_validated_reduced_field,4.97026484985463,4.69970162080769,5.287359131259812,0.064516129032258,
B2Cu0.1Mg0.9,conventional_AlB2,mp-763,,A1,38.6,3DSC_MP,15.5,c_parent,±20-50%,S1_v3_2_2B_extension,,substructure_aggregate_median,20.0,5.0,4.667507170322648,4.268004140263859,5.051045137778675,0.1910131547749696,5000,,,,,,
B2Cu0.1Mg0.9,conventional_AlB2,mp-763,,A1,38.6,3DSC_MP,15.5,c_parent,±20-50%,S1_v3_2_2B_extension,,substructure_aggregate_median,29.722,0.1,,,,0.0,5000,H_below_validated_reduced_field,4.645596055404505,4.240361358439477,5.164824235611567,0.0064516129032258,
B2Cu0.1Mg0.9,conventional_AlB2,mp-763,,A1,38.6,3DSC_MP,15.5,c_parent,±20-50%,S1_v3_2_2B_extension,,substructure_aggregate_median,29.722,1.0,,,,0.0234886554113327,5000,H_below_validated_reduced_field,4.590250271356319,4.160904679325488,5.116966293238837,0.064516129032258,
B2Cu0.1Mg0.9,conventional_AlB2,mp-763,,A1,38.6,3DSC_MP,15.5,c_parent,±20-50%,S1_v3_2_2B_extension,,substructure_aggregate_median,29.722,5.0,,,,0.193361934022576,5000,T_above_validated_reduced_temperature,4.288674810044218,3.7124738860777455,4.877816366982129,,0.77
B2Cu0.2Mg0.8,conventional_AlB2,mp-763,,A1,38.6,3DSC_MP,15.5,c_parent,±20-50%,S1_v3_2_2B_extension,,substructure_aggregate_median,4.2,0.1,,,,0.0,5000,H_below_validated_reduced_field,5.324105348641889,5.1863788403346,5.559330705252185,0.0064516129032258,
B2Cu0.2Mg0.8,conventional_AlB2,mp-763,,A1,38.6,3DSC_MP,15.5,c_parent,±20-50%,S1_v3_2_2B_extension,,substructure_aggregate_median,4.2,1.0,,,,0.0255207996085422,5000,H_below_validated_reduced_field,5.271695840921429,5.103255297865912,5.507908158442016,0.064516129032258,
B2Cu0.2Mg0.8,conventional_AlB2,mp-763,,A1,38.6,3DSC_MP,15.5,c_parent,±20-50%,S1_v3_2_2B_extension,,substructure_aggregate_median,4.2,5.0,4.980622895715926,4.661589258371804,5.264489202289058,0.1852514666824598,5000,,,,,,
B2Cu0.2Mg0.8,conventional_AlB2,mp-763,,A1,38.6,3DSC_MP,15.5,c_parent,±20-50%,S1_v3_2_2B_extension,,substructure_aggregate_median,20.0,0.1,,,,0.0,5000,H_below_validated_reduced_field,5.033294764575276,4.779068489266972,5.3363112527177154,0.0064516129032258,
B2Cu0.2Mg0.8,conventional_AlB2,mp-763,,A1,38.6,3DSC_MP,15.5,c_parent,±20-50%,S1_v3_2_2B_extension,,substructure_aggregate_median,20.0,1.0,,,,0.0241283540001751,5000,H_below_validated_reduced_field,4.973424435465634,4.706021307079868,5.290727685550237,0.064516129032258,
B2Cu0.2Mg0.8,conventional_AlB2,mp-763,,A1,38.6,3DSC_MP,15.5,c_parent,±20-50%,S1_v3_2_2B_extension,,substructure_aggregate_median,20.0,5.0,4.674784197974749,4.2702773166435,5.053861128402115,0.1904140620621692,5000,,,,,,
B2Cu0.2Mg0.8,conventional_AlB2,mp-763,,A1,38.6,3DSC_MP,15.5,c_parent,±20-50%,S1_v3_2_2B_extension,,substructure_aggregate_median,29.722,0.1,,,,0.0,5000,H_below_validated_reduced_field,4.653738300280222,4.255796560684612,5.16696331088358,0.0064516129032258,
B2Cu0.2Mg0.8,conventional_AlB2,mp-763,,A1,38.6,3DSC_MP,15.5,c_parent,±20-50%,S1_v3_2_2B_extension,,substructure_aggregate_median,29.722,1.0,,,,0.0231026099964646,5000,H_below_validated_reduced_field,4.592494976662015,4.189750688109835,5.120805128542067,0.064516129032258,
B2Cu0.2Mg0.8,conventional_AlB2,mp-763,,A1,38.6,3DSC_MP,15.5,c_parent,±20-50%,S1_v3_2_2B_extension,,substructure_aggregate_median,29.722,5.0,,,,0.1922200752813783,5000,T_above_validated_reduced_temperature,4.288072790098537,3.728347350567915,4.889702651531472,,0.77
B2Fe0.003Mg0.997,conventional_AlB2,mp-763,,A1,37.8,3DSC_MP,15.5,c_parent,±20-50%,S1_v3_2_2B_extension,,substructure_aggregate_median,4.2,0.1,,,,0.0,5000,H_below_validated_reduced_field,5.324105348641889,5.171003190830169,5.549941092791016,0.0064516129032258,
B2Fe0.003Mg0.997,conventional_AlB2,mp-763,,A1,37.8,3DSC_MP,15.5,c_parent,±20-50%,S1_v3_2_2B_extension,,substructure_aggregate_median,4.2,1.0,,,,0.0239948834593759,5000,H_below_validated_reduced_field,5.269431390263902,5.104680266782216,5.503374888924745,0.064516129032258,
B2Fe0.003Mg0.997,conventional_AlB2,mp-763,,A1,37.8,3DSC_MP,15.5,c_parent,±20-50%,S1_v3_2_2B_extension,,substructure_aggregate_median,4.2,5.0,4.979227182023163,4.661953624195636,5.260794148889566,0.1864933408724089,5000,,,,,,
B2Fe0.003Mg0.997,conventional_AlB2,mp-763,,A1,37.8,3DSC_MP,15.5,c_parent,±20-50%,S1_v3_2_2B_extension,,substructure_aggregate_median,20.0,0.1,,,,0.0,5000,H_below_validated_reduced_field,5.02411281976708,4.765877935074358,5.333110531824441,0.0064516129032258,
B2Fe0.003Mg0.997,conventional_AlB2,mp-763,,A1,37.8,3DSC_MP,15.5,c_parent,±20-50%,S1_v3_2_2B_extension,,substructure_aggregate_median,20.0,1.0,,,,0.0251483162380745,5000,H_below_validated_reduced_field,4.966221835645377,4.6921723569295954,5.289014662210436,0.064516129032258,
B2Fe0.003Mg0.997,conventional_AlB2,mp-763,,A1,37.8,3DSC_MP,15.5,c_parent,±20-50%,S1_v3_2_2B_extension,,substructure_aggregate_median,20.0,5.0,4.668243924779475,4.258781110988466,5.049674202419956,0.1910765899538198,5000,,,,,,
B2Fe0.003Mg0.997,conventional_AlB2,mp-763,,A1,37.8,3DSC_MP,15.5,c_parent,±20-50%,S1_v3_2_2B_extension,,substructure_aggregate_median,29.106,0.1,,,,0.0,5000,H_below_validated_reduced_field,4.655018833127556,4.238986272564484,5.181895855317112,0.0064516129032258,
B2Fe0.003Mg0.997,conventional_AlB2,mp-763,,A1,37.8,3DSC_MP,15.5,c_parent,±20-50%,S1_v3_2_2B_extension,,substructure_aggregate_median,29.106,1.0,,,,0.024517377444754,5000,H_below_validated_reduced_field,4.604040931071102,4.162038696295192,5.131486302222921,0.064516129032258,
B2Fe0.003Mg0.997,conventional_AlB2,mp-763,,A1,37.8,3DSC_MP,15.5,c_parent,±20-50%,S1_v3_2_2B_extension,,substructure_aggregate_median,29.106,5.0,,,,0.1941658866742939,5000,T_above_validated_reduced_temperature,4.29717336265847,3.722303382761767,4.889197664324265,,0.7700000000000001
B2Fe0.006Mg0.994,conventional_AlB2,mp-763,,A1,35.6,3DSC_MP,15.5,c_parent,±20-50%,S1_v3_2_2B_extension,,substructure_aggregate_median,4.2,0.1,,,,0.0,5000,H_below_validated_reduced_field,5.324105348641889,5.171003190830169,5.559330705252185,0.0064516129032258,
B2Fe0.006Mg0.994,conventional_AlB2,mp-763,,A1,35.6,3DSC_MP,15.5,c_parent,±20-50%,S1_v3_2_2B_extension,,substructure_aggregate_median,4.2,1.0,,,,0.0251025864123821,5000,H_below_validated_reduced_field,5.269307678896171,5.102014001796972,5.508167991864219,0.064516129032258,
B2Fe0.006Mg0.994,conventional_AlB2,mp-763,,A1,35.6,3DSC_MP,15.5,c_parent,±20-50%,S1_v3_2_2B_extension,,substructure_aggregate_median,4.2,5.0,4.980622895715926,4.651889285545567,5.271600867811023,0.1869204379022546,5000,,,,,,
B2Fe0.006Mg0.994,conventional_AlB2,mp-763,,A1,35.6,3DSC_MP,15.5,c_parent,±20-50%,S1_v3_2_2B_extension,,substructure_aggregate_median,20.0,0.1,,,,0.0,5000,H_below_validated_reduced_field,4.992377684017201,4.724794927522573,5.314549689843848,0.0064516129032258,
B2Fe0.006Mg0.994,conventional_AlB2,mp-763,,A1,35.6,3DSC_MP,15.5,c_parent,±20-50%,S1_v3_2_2B_extension,,substructure_aggregate_median,20.0,1.0,,,,0.0244184493695769,5000,H_below_validated_reduced_field,4.935041302175662,4.646302947433424,5.266523276994603,0.064516129032258,
B2Fe0.006Mg0.994,conventional_AlB2,mp-763,,A1,35.6,3DSC_MP,15.5,c_parent,±20-50%,S1_v3_2_2B_extension,,substructure_aggregate_median,20.0,5.0,4.633146003497009,4.1941023755110844,5.034098403958578,0.1894050378484308,5000,,,,,,
B2Fe0.006Mg0.994,conventional_AlB2,mp-763,,A1,35.6,3DSC_MP,15.5,c_parent,±20-50%,S1_v3_2_2B_extension,,substructure_aggregate_median,27.412000000000003,0.1,,,,0.0,5000,H_below_validated_reduced_field,4.673347980619615,4.260928150265725,5.169234642636511,0.0064516129032258,
B2Fe0.006Mg0.994,conventional_AlB2,mp-763,,A1,35.6,3DSC_MP,15.5,c_parent,±20-50%,S1_v3_2_2B_extension,,substructure_aggregate_median,27.412000000000003,1.0,,,,0.0231898878557581,5000,H_below_validated_reduced_field,4.610208406255731,4.19064213899949,5.125762696498772,0.064516129032258,
B2Fe0.006Mg0.994,conventional_AlB2,mp-763,,A1,35.6,3DSC_MP,15.5,c_parent,±20-50%,S1_v3_2_2B_extension,,substructure_aggregate_median,27.412000000000003,5.0,,,,0.192220266608281,5000,T_above_validated_reduced_temperature,4.303531147409693,3.72522404665017,4.887681752600584,,0.77
B2Fe0.012Mg0.988,conventional_AlB2,mp-763,,A1,33.45,3DSC_MP,15.5,c_parent,±20-50%,S1_v3_2_2B_extension,,substructure_aggregate_median,4.2,0.1,,,,0.0,5000,H_below_validated_reduced_field,5.324105348641889,5.171003190830169,5.559330705252185,0.0064516129032258,
B2Fe0.012Mg0.988,conventional_AlB2,mp-763,,A1,33.45,3DSC_MP,15.5,c_parent,±20-50%,S1_v3_2_2B_extension,,substructure_aggregate_median,4.2,1.0,,,,0.0238375899414142,5000,H_below_validated_reduced_field,5.267940368156896,5.101961655945378,5.506419869771421,0.064516129032258,
B2Fe0.012Mg0.988,conventional_AlB2,mp-763,,A1,33.45,3DSC_MP,15.5,c_parent,±20-50%,S1_v3_2_2B_extension,,substructure_aggregate_median,4.2,5.0,4.9740306958490415,4.655381392460561,5.264500267861289,0.1869003499565913,5000,,,,,,
B2Fe0.012Mg0.988,conventional_AlB2,mp-763,,A1,33.45,3DSC_MP,15.5,c_parent,±20-50%,S1_v3_2_2B_extension,,substructure_aggregate_median,20.0,0.1,,,,0.0,5000,H_below_validated_reduced_field,4.94845931127179,4.654401043192386,5.287673461200554,0.0064516129032258,
B2Fe0.012Mg0.988,conventional_AlB2,mp-763,,A1,33.45,3DSC_MP,15.5,c_parent,±20-50%,S1_v3_2_2B_extension,,substructure_aggregate_median,20.0,1.0,,,,0.0250136242864558,5000,H_below_validated_reduced_field,4.889534836516607,4.580551948439923,5.243504082327841,0.064516129032258,
B2Fe0.012Mg0.988,conventional_AlB2,mp-763,,A1,33.45,3DSC_MP,15.5,c_parent,±20-50%,S1_v3_2_2B_extension,,substructure_aggregate_median,20.0,5.0,4.581005512172087,4.132496081335257,5.0079817523098775,0.1907448025004896,5000,,,,,,
B2Fe0.012Mg0.988,conventional_AlB2,mp-763,,A1,33.45,3DSC_MP,15.5,c_parent,±20-50%,S1_v3_2_2B_extension,,substructure_aggregate_median,25.756500000000003,0.1,,,,0.0,5000,H_below_validated_reduced_field,4.652189075219323,4.179325943906617,5.160431447411657,0.0064516129032258,
B2Fe0.012Mg0.988,conventional_AlB2,mp-763,,A1,33.45,3DSC_MP,15.5,c_parent,±20-50%,S1_v3_2_2B_extension,,substructure_aggregate_median,25.756500000000003,1.0,,,,0.0251705524289027,5000,H_below_validated_reduced_field,4.595553627834702,4.1050896017458856,5.112531257638426,0.064516129032258,
B2Fe0.012Mg0.988,conventional_AlB2,mp-763,,A1,33.45,3DSC_MP,15.5,c_parent,±20-50%,S1_v3_2_2B_extension,,substructure_aggregate_median,25.756500000000003,5.0,,,,0.1921260635232542,5000,T_above_validated_reduced_temperature,4.289796185278469,3.680969642285471,4.883877925017583,,0.77
B2Fe0.01Mg0.99,conventional_AlB2,mp-763,,A1,34.7,3DSC_MP,15.5,c_parent,±20-50%,S1_v3_2_2B_extension,,substructure_aggregate_median,4.2,0.1,,,,0.0,5000,H_below_validated_reduced_field,5.324105348641889,5.171003190830169,5.559330705252185,0.0064516129032258,
B2Fe0.01Mg0.99,conventional_AlB2,mp-763,,A1,34.7,3DSC_MP,15.5,c_parent,±20-50%,S1_v3_2_2B_extension,,substructure_aggregate_median,4.2,1.0,,,,0.0257448331470833,5000,H_below_validated_reduced_field,5.270343882357867,5.103264623835246,5.506323838669852,0.064516129032258,
B2Fe0.01Mg0.99,conventional_AlB2,mp-763,,A1,34.7,3DSC_MP,15.5,c_parent,±20-50%,S1_v3_2_2B_extension,,substructure_aggregate_median,4.2,5.0,4.983848333870372,4.667150606665967,5.263524537620467,0.1838909849068519,5000,,,,,,
B2Fe0.01Mg0.99,conventional_AlB2,mp-763,,A1,34.7,3DSC_MP,15.5,c_parent,±20-50%,S1_v3_2_2B_extension,,substructure_aggregate_median,20.0,0.1,,,,0.0,5000,H_below_validated_reduced_field,4.9773605448428775,4.677909324673336,5.306748669367916,0.0064516129032258,
B2Fe0.01Mg0.99,conventional_AlB2,mp-763,,A1,34.7,3DSC_MP,15.5,c_parent,±20-50%,S1_v3_2_2B_extension,,substructure_aggregate_median,20.0,1.0,,,,0.0238167958541515,5000,H_below_validated_reduced_field,4.918514186749772,4.600837567425354,5.262927944223833,0.064516129032258,
B2Fe0.01Mg0.99,conventional_AlB2,mp-763,,A1,34.7,3DSC_MP,15.5,c_parent,±20-50%,S1_v3_2_2B_extension,,substructure_aggregate_median,20.0,5.0,4.616406833695808,4.166804422775988,5.030870501289571,0.1874251769100006,5000,,,,,,
B2Fe0.01Mg0.99,conventional_AlB2,mp-763,,A1,34.7,3DSC_MP,15.5,c_parent,±20-50%,S1_v3_2_2B_extension,,substructure_aggregate_median,26.719,0.1,,,,0.0,5000,H_below_validated_reduced_field,4.66057683240042,4.13677517314387,5.169997883757132,0.0064516129032258,
B2Fe0.01Mg0.99,conventional_AlB2,mp-763,,A1,34.7,3DSC_MP,15.5,c_parent,±20-50%,S1_v3_2_2B_extension,,substructure_aggregate_median,26.719,1.0,,,,0.024028394141105,5000,H_below_validated_reduced_field,4.599789527947694,4.059935102165947,5.125856367843495,0.064516129032258,
B2Fe0.01Mg0.99,conventional_AlB2,mp-763,,A1,34.7,3DSC_MP,15.5,c_parent,±20-50%,S1_v3_2_2B_extension,,substructure_aggregate_median,26.719,5.0,,,,0.1896244701574181,5000,T_above_validated_reduced_temperature,4.302219847794967,3.641178661960058,4.891647839874698,,0.77
B2Fe0.03Mg0.97,conventional_AlB2,mp-763,,A1,32.96666667,3DSC_MP,15.5,c_parent,±20-50%,S1_v3_2_2B_extension,,substructure_aggregate_median,4.2,0.1,,,,0.0,5000,H_below_validated_reduced_field,5.324105348641889,5.1863788403346,5.559330705252185,0.0064516129032258,
B2Fe0.03Mg0.97,conventional_AlB2,mp-763,,A1,32.96666667,3DSC_MP,15.5,c_parent,±20-50%,S1_v3_2_2B_extension,,substructure_aggregate_median,4.2,1.0,,,,0.024704992032607,5000,H_below_validated_reduced_field,5.269307678896171,5.105616317081055,5.506419869771421,0.064516129032258,
B2Fe0.03Mg0.97,conventional_AlB2,mp-763,,A1,32.96666667,3DSC_MP,15.5,c_parent,±20-50%,S1_v3_2_2B_extension,,substructure_aggregate_median,4.2,5.0,4.981543337214,4.66390965664839,5.264943415107397,0.1850470720690538,5000,,,,,,
B2Fe0.03Mg0.97,conventional_AlB2,mp-763,,A1,32.96666667,3DSC_MP,15.5,c_parent,±20-50%,S1_v3_2_2B_extension,,substructure_aggregate_median,20.0,0.1,,,,0.0,5000,H_below_validated_reduced_field,4.943392770529325,4.632912577492559,5.298826182589676,0.0064516129032258,
B2Fe0.03Mg0.97,conventional_AlB2,mp-763,,A1,32.96666667,3DSC_MP,15.5,c_parent,±20-50%,S1_v3_2_2B_extension,,substructure_aggregate_median,20.0,1.0,,,,0.0247750555190799,5000,H_below_validated_reduced_field,4.883186622849433,4.55379106139378,5.250981723224225,0.064516129032258,
B2Fe0.03Mg0.97,conventional_AlB2,mp-763,,A1,32.96666667,3DSC_MP,15.5,c_parent,±20-50%,S1_v3_2_2B_extension,,substructure_aggregate_median,20.0,5.0,4.57673311792972,4.104591837142061,5.02038624277539,0.1877478644928789,5000,,,,,,
B2Fe0.03Mg0.97,conventional_AlB2,mp-763,,A1,32.96666667,3DSC_MP,15.5,c_parent,±20-50%,S1_v3_2_2B_extension,,substructure_aggregate_median,25.384333335900003,0.1,,,,0.0,5000,H_below_validated_reduced_field,4.664173277673519,4.1443609991194,5.191619868607363,0.0064516129032258,
B2Fe0.03Mg0.97,conventional_AlB2,mp-763,,A1,32.96666667,3DSC_MP,15.5,c_parent,±20-50%,S1_v3_2_2B_extension,,substructure_aggregate_median,25.384333335900003,1.0,,,,0.0228869107617901,5000,H_below_validated_reduced_field,4.604197860873393,4.076636844449754,5.139590261085882,0.064516129032258,
B2Fe0.03Mg0.97,conventional_AlB2,mp-763,,A1,32.96666667,3DSC_MP,15.5,c_parent,±20-50%,S1_v3_2_2B_extension,,substructure_aggregate_median,25.384333335900003,5.0,,,,0.1948233177181668,5000,T_above_validated_reduced_temperature,4.299419713622108,3.641709562730932,4.900987725699816,,0.77
B2Fe0.05Mg0.95,conventional_AlB2,mp-763,,A1,29.5,3DSC_MP,15.5,c_parent,±20-50%,S1_v3_2_2B_extension,,substructure_aggregate_median,4.2,0.1,,,,0.0,5000,H_below_validated_reduced_field,5.324105348641889,5.171003190830169,5.559330705252185,0.0064516129032258,
B2Fe0.05Mg0.95,conventional_AlB2,mp-763,,A1,29.5,3DSC_MP,15.5,c_parent,±20-50%,S1_v3_2_2B_extension,,substructure_aggregate_median,4.2,1.0,,,,0.0236766581917384,5000,H_below_validated_reduced_field,5.267411428150495,5.101784558126327,5.506419869771421,0.064516129032258,
B2Fe0.05Mg0.95,conventional_AlB2,mp-763,,A1,29.5,3DSC_MP,15.5,c_parent,±20-50%,S1_v3_2_2B_extension,,substructure_aggregate_median,4.2,5.0,4.975786568906356,4.6571606044087055,5.265395422341659,0.1836202205858379,5000,,,,,,
B2Fe0.05Mg0.95,conventional_AlB2,mp-763,,A1,29.5,3DSC_MP,15.5,c_parent,±20-50%,S1_v3_2_2B_extension,,substructure_aggregate_median,20.0,0.1,,,,0.0,5000,H_below_validated_reduced_field,4.8507775274382965,4.525836155471636,5.249314234202875,0.0064516129032258,
B2Fe0.05Mg0.95,conventional_AlB2,mp-763,,A1,29.5,3DSC_MP,15.5,c_parent,±20-50%,S1_v3_2_2B_extension,,substructure_aggregate_median,20.0,1.0,,,,0.0250192773274307,5000,H_below_validated_reduced_field,4.790769920071845,4.449255292987382,5.205674101949504,0.064516129032258,
B2Fe0.05Mg0.95,conventional_AlB2,mp-763,,A1,29.5,3DSC_MP,15.5,c_parent,±20-50%,S1_v3_2_2B_extension,,substructure_aggregate_median,20.0,5.0,4.479128817380817,3.999848139412326,4.970830828755447,0.1904128803192,5000,,,,,,
B2Fe0.05Mg0.95,conventional_AlB2,mp-763,,A1,29.5,3DSC_MP,15.5,c_parent,±20-50%,S1_v3_2_2B_extension,,substructure_aggregate_median,22.715,0.1,,,,0.0,5000,H_below_validated_reduced_field,4.6727385736997,4.283687796894994,5.175394610656014,0.0064516129032258,
B2Fe0.05Mg0.95,conventional_AlB2,mp-763,,A1,29.5,3DSC_MP,15.5,c_parent,±20-50%,S1_v3_2_2B_extension,,substructure_aggregate_median,22.715,1.0,,,,0.0231757794629787,5000,H_below_validated_reduced_field,4.611514528987287,4.220972726733638,5.13364619519037,0.064516129032258,
B2Fe0.05Mg0.95,conventional_AlB2,mp-763,,A1,29.5,3DSC_MP,15.5,c_parent,±20-50%,S1_v3_2_2B_extension,,substructure_aggregate_median,22.715,5.0,,,,0.1945122153085572,5000,T_above_validated_reduced_temperature,4.307324460160552,3.756345393136455,4.893336985725912,,0.77
B2Fe0.1Mg0.9,conventional_AlB2,mp-763,,A1,34.0,3DSC_MP,15.5,c_parent,±20-50%,S1_v3_2_2B_extension,,substructure_aggregate_median,4.2,0.1,,,,0.0,5000,H_below_validated_reduced_field,5.324105348641889,5.185994449096989,5.559330705252185,0.0064516129032258,
B2Fe0.1Mg0.9,conventional_AlB2,mp-763,,A1,34.0,3DSC_MP,15.5,c_parent,±20-50%,S1_v3_2_2B_extension,,substructure_aggregate_median,4.2,1.0,,,,0.0239996397414383,5000,H_below_validated_reduced_field,5.269431390263902,5.103264623835246,5.506326026910626,0.064516129032258,
B2Fe0.1Mg0.9,conventional_AlB2,mp-763,,A1,34.0,3DSC_MP,15.5,c_parent,±20-50%,S1_v3_2_2B_extension,,substructure_aggregate_median,4.2,5.0,4.980622895715926,4.662443950924451,5.264406632650265,0.1848955150900595,5000,,,,,,
B2Fe0.1Mg0.9,conventional_AlB2,mp-763,,A1,34.0,3DSC_MP,15.5,c_parent,±20-50%,S1_v3_2_2B_extension,,substructure_aggregate_median,20.0,0.1,,,,0.0,5000,H_below_validated_reduced_field,4.961989900734549,4.673903937923178,5.300174108532829,0.0064516129032258,
B2Fe0.1Mg0.9,conventional_AlB2,mp-763,,A1,34.0,3DSC_MP,15.5,c_parent,±20-50%,S1_v3_2_2B_extension,,substructure_aggregate_median,20.0,1.0,,,,0.0240832348356692,5000,H_below_validated_reduced_field,4.903529707796851,4.600364703164974,5.253250200347603,0.064516129032258,
B2Fe0.1Mg0.9,conventional_AlB2,mp-763,,A1,34.0,3DSC_MP,15.5,c_parent,±20-50%,S1_v3_2_2B_extension,,substructure_aggregate_median,20.0,5.0,4.595976038503468,4.148825012659504,5.029371186017469,0.1914729032017286,5000,,,,,,
B2Fe0.1Mg0.9,conventional_AlB2,mp-763,,A1,34.0,3DSC_MP,15.5,c_parent,±20-50%,S1_v3_2_2B_extension,,substructure_aggregate_median,26.18,0.1,,,,0.0,5000,H_below_validated_reduced_field,4.661981989610196,4.178109705909017,5.170621416976968,0.0064516129032258,
B2Fe0.1Mg0.9,conventional_AlB2,mp-763,,A1,34.0,3DSC_MP,15.5,c_parent,±20-50%,S1_v3_2_2B_extension,,substructure_aggregate_median,26.18,1.0,,,,0.0248605525788327,5000,H_below_validated_reduced_field,4.60083542193319,4.103201896050599,5.122204032558778,0.064516129032258,
B2Fe0.1Mg0.9,conventional_AlB2,mp-763,,A1,34.0,3DSC_MP,15.5,c_parent,±20-50%,S1_v3_2_2B_extension,,substructure_aggregate_median,26.18,5.0,,,,0.1977767953426958,5000,T_above_validated_reduced_temperature,4.2940845383809965,3.688260945745625,4.891073645980663,,0.77
B2Ir0.02Mg0.98,conventional_AlB2,mp-763,,A1,33.2,3DSC_MP,15.5,c_parent,±20-50%,S1_v3_2_2B_extension,,substructure_aggregate_median,4.2,0.1,,,,0.0,5000,H_below_validated_reduced_field,5.324105348641889,5.171003190830169,5.559330705252185,0.0064516129032258,
B2Ir0.02Mg0.98,conventional_AlB2,mp-763,,A1,33.2,3DSC_MP,15.5,c_parent,±20-50%,S1_v3_2_2B_extension,,substructure_aggregate_median,4.2,1.0,,,,0.0244807380071208,5000,H_below_validated_reduced_field,5.269814033055775,5.103264623835246,5.5094156914624905,0.064516129032258,
B2Ir0.02Mg0.98,conventional_AlB2,mp-763,,A1,33.2,3DSC_MP,15.5,c_parent,±20-50%,S1_v3_2_2B_extension,,substructure_aggregate_median,4.2,5.0,4.980622895715926,4.661953624195636,5.266384212033055,0.1841112312442678,5000,,,,,,
B2Ir0.02Mg0.98,conventional_AlB2,mp-763,,A1,33.2,3DSC_MP,15.5,c_parent,±20-50%,S1_v3_2_2B_extension,,substructure_aggregate_median,20.0,0.1,,,,0.0,5000,H_below_validated_reduced_field,4.947777044924093,4.663550257028224,5.292401342887064,0.0064516129032258,
B2Ir0.02Mg0.98,conventional_AlB2,mp-763,,A1,33.2,3DSC_MP,15.5,c_parent,±20-50%,S1_v3_2_2B_extension,,substructure_aggregate_median,20.0,1.0,,,,0.0241871984690904,5000,H_below_validated_reduced_field,4.88988606080239,4.590927592499733,5.24735654174556,0.064516129032258,
B2Ir0.02Mg0.98,conventional_AlB2,mp-763,,A1,33.2,3DSC_MP,15.5,c_parent,±20-50%,S1_v3_2_2B_extension,,substructure_aggregate_median,20.0,5.0,4.589526040308347,4.144559915842474,5.01474584151328,0.1883485507607103,5000,,,,,,
B2Ir0.02Mg0.98,conventional_AlB2,mp-763,,A1,33.2,3DSC_MP,15.5,c_parent,±20-50%,S1_v3_2_2B_extension,,substructure_aggregate_median,25.564000000000004,0.1,,,,0.0,5000,H_below_validated_reduced_field,4.663665684585248,4.267987242431087,5.179436803895227,0.0064516129032258,
B2Ir0.02Mg0.98,conventional_AlB2,mp-763,,A1,33.2,3DSC_MP,15.5,c_parent,±20-50%,S1_v3_2_2B_extension,,substructure_aggregate_median,25.564000000000004,1.0,,,,0.0237074953590754,5000,H_below_validated_reduced_field,4.607563244498728,4.1989831160036015,5.130382725334772,0.064516129032258,
B2Ir0.02Mg0.98,conventional_AlB2,mp-763,,A1,33.2,3DSC_MP,15.5,c_parent,±20-50%,S1_v3_2_2B_extension,,substructure_aggregate_median,25.564000000000004,5.0,,,,0.1912621901670874,5000,T_above_validated_reduced_temperature,4.30436232959682,3.7430833012318767,4.893572418850814,,0.77
B2Ir0.06Mg0.94,conventional_AlB2,mp-763,,A1,28.1,3DSC_MP,15.5,c_parent,±20-50%,S1_v3_2_2B_extension,,substructure_aggregate_median,4.2,0.1,,,,0.0,5000,H_below_validated_reduced_field,5.324105348641889,5.1863788403346,5.559330705252185,0.0064516129032258,
B2Ir0.06Mg0.94,conventional_AlB2,mp-763,,A1,28.1,3DSC_MP,15.5,c_parent,±20-50%,S1_v3_2_2B_extension,,substructure_aggregate_median,4.2,1.0,,,,0.0243600297446082,5000,H_below_validated_reduced_field,5.269431390263902,5.105616317081055,5.508722502399244,0.064516129032258,
B2Ir0.06Mg0.94,conventional_AlB2,mp-763,,A1,28.1,3DSC_MP,15.5,c_parent,±20-50%,S1_v3_2_2B_extension,,substructure_aggregate_median,4.2,5.0,4.979161227585859,4.666310110214952,5.265395422341659,0.1864571035082693,5000,,,,,,
B2Ir0.06Mg0.94,conventional_AlB2,mp-763,,A1,28.1,3DSC_MP,15.5,c_parent,±20-50%,S1_v3_2_2B_extension,,substructure_aggregate_median,20.0,0.1,,,,0.0,5000,H_below_validated_reduced_field,4.795050774127515,4.451366493114586,5.225125817316132,0.0064516129032258,
B2Ir0.06Mg0.94,conventional_AlB2,mp-763,,A1,28.1,3DSC_MP,15.5,c_parent,±20-50%,S1_v3_2_2B_extension,,substructure_aggregate_median,20.0,1.0,,,,0.0260334481162356,5000,H_below_validated_reduced_field,4.737923957155599,4.373621276335492,5.173772786135868,0.064516129032258,
B2Ir0.06Mg0.94,conventional_AlB2,mp-763,,A1,28.1,3DSC_MP,15.5,c_parent,±20-50%,S1_v3_2_2B_extension,,substructure_aggregate_median,20.0,5.0,,,,0.1925991527029085,5000,T_above_validated_reduced_temperature,4.430315395638914,3.918608245604189,4.936706757131295,,0.7117437722419928
B2Ir0.06Mg0.94,conventional_AlB2,mp-763,,A1,28.1,3DSC_MP,15.5,c_parent,±20-50%,S1_v3_2_2B_extension,,substructure_aggregate_median,21.637,0.1,,,,0.0,5000,H_below_validated_reduced_field,4.676849055011506,4.287339621762154,5.17721862125753,0.0064516129032258,
B2Ir0.06Mg0.94,conventional_AlB2,mp-763,,A1,28.1,3DSC_MP,15.5,c_parent,±20-50%,S1_v3_2_2B_extension,,substructure_aggregate_median,21.637,1.0,,,,0.0246007283949047,5000,H_below_validated_reduced_field,4.618958070889804,4.205912765303927,5.126610418404589,0.064516129032258,
B2Ir0.06Mg0.94,conventional_AlB2,mp-763,,A1,28.1,3DSC_MP,15.5,c_parent,±20-50%,S1_v3_2_2B_extension,,substructure_aggregate_median,21.637,5.0,,,,0.192760873459183,5000,T_above_validated_reduced_temperature,4.312748147554222,3.7559197338317927,4.889403369246572,,0.77
B2Ir0.12Mg0.88,conventional_AlB2,mp-763,,A1,18.0,3DSC_MP,15.5,c_parent,±20-50%,S1_v3_2_2B_extension,,substructure_aggregate_median,4.2,0.1,,,,0.0,5000,H_below_validated_reduced_field,5.324105348641889,5.171003190830169,5.559330705252185,0.0064516129032258,
B2Ir0.12Mg0.88,conventional_AlB2,mp-763,,A1,18.0,3DSC_MP,15.5,c_parent,±20-50%,S1_v3_2_2B_extension,,substructure_aggregate_median,4.2,1.0,,,,0.0242485749384933,5000,H_below_validated_reduced_field,5.269431390263902,5.1026131398903125,5.509421589597411,0.064516129032258,
B2Ir0.12Mg0.88,conventional_AlB2,mp-763,,A1,18.0,3DSC_MP,15.5,c_parent,±20-50%,S1_v3_2_2B_extension,,substructure_aggregate_median,4.2,5.0,4.979161227585859,4.662432558599641,5.270003645054798,0.1832915204353691,5000,,,,,,
B2Ir0.12Mg0.88,conventional_AlB2,mp-763,,A1,18.0,3DSC_MP,15.5,c_parent,±20-50%,S1_v3_2_2B_extension,,substructure_aggregate_median,20.0,0.1,,,,,5000,T_above_Tc,,,,,
B2Ir0.12Mg0.88,conventional_AlB2,mp-763,,A1,18.0,3DSC_MP,15.5,c_parent,±20-50%,S1_v3_2_2B_extension,,substructure_aggregate_median,20.0,1.0,,,,,5000,T_above_Tc,,,,,
B2Ir0.12Mg0.88,conventional_AlB2,mp-763,,A1,18.0,3DSC_MP,15.5,c_parent,±20-50%,S1_v3_2_2B_extension,,substructure_aggregate_median,20.0,5.0,,,,,5000,T_above_Tc,,,,,
B2Ir0.12Mg0.88,conventional_AlB2,mp-763,,A1,18.0,3DSC_MP,15.5,c_parent,±20-50%,S1_v3_2_2B_extension,,substructure_aggregate_median,13.86,0.1,,,,0.0,5000,H_below_validated_reduced_field,4.728228302523246,4.275355230788176,5.216256785721489,0.0064516129032258,
B2Ir0.12Mg0.88,conventional_AlB2,mp-763,,A1,18.0,3DSC_MP,15.5,c_parent,±20-50%,S1_v3_2_2B_extension,,substructure_aggregate_median,13.86,1.0,,,,0.0238135828089269,5000,H_below_validated_reduced_field,4.670337318401543,4.200805539773729,5.168042028829679,0.064516129032258,
B2Ir0.12Mg0.88,conventional_AlB2,mp-763,,A1,18.0,3DSC_MP,15.5,c_parent,±20-50%,S1_v3_2_2B_extension,,substructure_aggregate_median,13.86,5.0,,,,0.1956900526797733,5000,T_above_validated_reduced_temperature,4.363387546985154,3.7931037358504,4.931851612090483,,0.77
B2Ir3La1,conventional_AlB2,mp-10112,,A1,1.65,3DSC_MP,,pending,,,,substructure_aggregate_median,4.2,0.1,,,,,5000,Hc2_unavailable,,,,,
B2Ir3La1,conventional_AlB2,mp-10112,,A1,1.65,3DSC_MP,,pending,,,,substructure_aggregate_median,4.2,1.0,,,,,5000,Hc2_unavailable,,,,,
B2Ir3La1,conventional_AlB2,mp-10112,,A1,1.65,3DSC_MP,,pending,,,,substructure_aggregate_median,4.2,5.0,,,,,5000,Hc2_unavailable,,,,,
B2Ir3La1,conventional_AlB2,mp-10112,,A1,1.65,3DSC_MP,,pending,,,,substructure_aggregate_median,20.0,0.1,,,,,5000,Hc2_unavailable,,,,,
B2Ir3La1,conventional_AlB2,mp-10112,,A1,1.65,3DSC_MP,,pending,,,,substructure_aggregate_median,20.0,1.0,,,,,5000,Hc2_unavailable,,,,,
B2Ir3La1,conventional_AlB2,mp-10112,,A1,1.65,3DSC_MP,,pending,,,,substructure_aggregate_median,20.0,5.0,,,,,5000,Hc2_unavailable,,,,,
B2Ir3La1,conventional_AlB2,mp-10112,,A1,1.65,3DSC_MP,,pending,,,,substructure_aggregate_median,1.2705,0.1,14.86769234464299,9.399503587891097,24.649290079075456,,5000,Hc2_unavailable,,,,,
B2Ir3La1,conventional_AlB2,mp-10112,,A1,1.65,3DSC_MP,,pending,,,,substructure_aggregate_median,1.2705,1.0,14.86769234464299,9.399503587891097,24.649290079075456,,5000,Hc2_unavailable,,,,,
B2Ir3La1,conventional_AlB2,mp-10112,,A1,1.65,3DSC_MP,,pending,,,,substructure_aggregate_median,1.2705,5.0,14.86769234464299,9.399503587891097,24.649290079075456,,5000,Hc2_unavailable,,,,,
B2Ir3Th1,conventional_AlB2,mp-10115,,A1,2.09,3DSC_MP,,pending,,,,substructure_aggregate_median,4.2,0.1,,,,,5000,Hc2_unavailable,,,,,
B2Ir3Th1,conventional_AlB2,mp-10115,,A1,2.09,3DSC_MP,,pending,,,,substructure_aggregate_median,4.2,1.0,,,,,5000,Hc2_unavailable,,,,,
B2Ir3Th1,conventional_AlB2,mp-10115,,A1,2.09,3DSC_MP,,pending,,,,substructure_aggregate_median,4.2,5.0,,,,,5000,Hc2_unavailable,,,,,
B2Ir3Th1,conventional_AlB2,mp-10115,,A1,2.09,3DSC_MP,,pending,,,,substructure_aggregate_median,20.0,0.1,,,,,5000,Hc2_unavailable,,,,,
B2Ir3Th1,conventional_AlB2,mp-10115,,A1,2.09,3DSC_MP,,pending,,,,substructure_aggregate_median,20.0,1.0,,,,,5000,Hc2_unavailable,,,,,
B2Ir3Th1,conventional_AlB2,mp-10115,,A1,2.09,3DSC_MP,,pending,,,,substructure_aggregate_median,20.0,5.0,,,,,5000,Hc2_unavailable,,,,,
B2Ir3Th1,conventional_AlB2,mp-10115,,A1,2.09,3DSC_MP,,pending,,,,substructure_aggregate_median,1.6093,0.1,14.853201201835986,8.070149957497122,19.547459057149467,,5000,Hc2_unavailable,,,,,
B2Ir3Th1,conventional_AlB2,mp-10115,,A1,2.09,3DSC_MP,,pending,,,,substructure_aggregate_median,1.6093,1.0,14.853201201835986,8.070149957497122,19.547459057149467,,5000,Hc2_unavailable,,,,,
B2Ir3Th1,conventional_AlB2,mp-10115,,A1,2.09,3DSC_MP,,pending,,,,substructure_aggregate_median,1.6093,5.0,14.853201201835986,8.070149957497122,19.547459057149467,,5000,Hc2_unavailable,,,,,
B2Li0.05Mg0.95,conventional_AlB2,mp-763,,A1,38.25,3DSC_MP,15.5,c_parent,±20-50%,S1_v3_2_2B_extension,,substructure_aggregate_median,4.2,0.1,,,,0.0,5000,H_below_validated_reduced_field,5.324105348641889,5.1863788403346,5.559330705252185,0.0064516129032258,
B2Li0.05Mg0.95,conventional_AlB2,mp-763,,A1,38.25,3DSC_MP,15.5,c_parent,±20-50%,S1_v3_2_2B_extension,,substructure_aggregate_median,4.2,1.0,,,,0.0246463674043102,5000,H_below_validated_reduced_field,5.269431390263902,5.106267801025989,5.506751427124972,0.064516129032258,
B2Li0.05Mg0.95,conventional_AlB2,mp-763,,A1,38.25,3DSC_MP,15.5,c_parent,±20-50%,S1_v3_2_2B_extension,,substructure_aggregate_median,4.2,5.0,4.980622895715926,4.664288439251294,5.271989495193117,0.1848935846752741,5000,,,,,,
B2Li0.05Mg0.95,conventional_AlB2,mp-763,,A1,38.25,3DSC_MP,15.5,c_parent,±20-50%,S1_v3_2_2B_extension,,substructure_aggregate_median,20.0,0.1,,,,0.0,5000,H_below_validated_reduced_field,5.029353745421448,4.766068152309717,5.343446095194185,0.0064516129032258,
B2Li0.05Mg0.95,conventional_AlB2,mp-763,,A1,38.25,3DSC_MP,15.5,c_parent,±20-50%,S1_v3_2_2B_extension,,substructure_aggregate_median,20.0,1.0,,,,0.0240477266438201,5000,H_below_validated_reduced_field,4.968245735556029,4.69725848057245,5.292284049963072,0.064516129032258,
B2Li0.05Mg0.95,conventional_AlB2,mp-763,,A1,38.25,3DSC_MP,15.5,c_parent,±20-50%,S1_v3_2_2B_extension,,substructure_aggregate_median,20.0,5.0,4.667406510996847,4.264084318043861,5.067505743743904,0.1919202025136757,5000,,,,,,
B2Li0.05Mg0.95,conventional_AlB2,mp-763,,A1,38.25,3DSC_MP,15.5,c_parent,±20-50%,S1_v3_2_2B_extension,,substructure_aggregate_median,29.4525,0.1,,,,0.0,5000,H_below_validated_reduced_field,4.646149291031468,4.124286257057216,5.176598419570658,0.0064516129032258,
B2Li0.05Mg0.95,conventional_AlB2,mp-763,,A1,38.25,3DSC_MP,15.5,c_parent,±20-50%,S1_v3_2_2B_extension,,substructure_aggregate_median,29.4525,1.0,,,,0.0245632055958928,5000,H_below_validated_reduced_field,4.590287205710743,4.040520556612929,5.130842727011343,0.064516129032258,
B2Li0.05Mg0.95,conventional_AlB2,mp-763,,A1,38.25,3DSC_MP,15.5,c_parent,±20-50%,S1_v3_2_2B_extension,,substructure_aggregate_median,29.4525,5.0,,,,0.1927003594120808,5000,T_above_validated_reduced_temperature,4.292073742988291,3.642188606169508,4.899795378578908,,0.77
B2Li0.07Mg0.93,conventional_AlB2,mp-763,,A1,37.8,3DSC_MP,15.5,c_parent,±20-50%,S1_v3_2_2B_extension,,substructure_aggregate_median,4.2,0.1,,,,0.0,5000,H_below_validated_reduced_field,5.324105348641889,5.171003190830169,5.549941092791016,0.0064516129032258,
B2Li0.07Mg0.93,conventional_AlB2,mp-763,,A1,37.8,3DSC_MP,15.5,c_parent,±20-50%,S1_v3_2_2B_extension,,substructure_aggregate_median,4.2,1.0,,,,0.023854965423002,5000,H_below_validated_reduced_field,5.266214364520186,5.103264623835246,5.5019971542755925,0.064516129032258,
B2Li0.07Mg0.93,conventional_AlB2,mp-763,,A1,37.8,3DSC_MP,15.5,c_parent,±20-50%,S1_v3_2_2B_extension,,substructure_aggregate_median,4.2,5.0,4.978628899283534,4.667268958449525,5.256010677755983,0.1869268185792689,5000,,,,,,
B2Li0.07Mg0.93,conventional_AlB2,mp-763,,A1,37.8,3DSC_MP,15.5,c_parent,±20-50%,S1_v3_2_2B_extension,,substructure_aggregate_median,20.0,0.1,,,,0.0,5000,H_below_validated_reduced_field,5.023035316548285,4.762840523027759,5.331057998991564,0.0064516129032258,
B2Li0.07Mg0.93,conventional_AlB2,mp-763,,A1,37.8,3DSC_MP,15.5,c_parent,±20-50%,S1_v3_2_2B_extension,,substructure_aggregate_median,20.0,1.0,,,,0.023977804196277,5000,H_below_validated_reduced_field,4.961366417028046,4.692796893689033,5.284615147709259,0.064516129032258,
B2Li0.07Mg0.93,conventional_AlB2,mp-763,,A1,37.8,3DSC_MP,15.5,c_parent,±20-50%,S1_v3_2_2B_extension,,substructure_aggregate_median,20.0,5.0,4.660925971974756,4.263342346519421,5.052527838813194,0.1936120563629408,5000,,,,,,
B2Li0.07Mg0.93,conventional_AlB2,mp-763,,A1,37.8,3DSC_MP,15.5,c_parent,±20-50%,S1_v3_2_2B_extension,,substructure_aggregate_median,29.106,0.1,,,,0.0,5000,H_below_validated_reduced_field,4.646876588251839,4.255294194749188,5.1779044070445455,0.0064516129032258,
B2Li0.07Mg0.93,conventional_AlB2,mp-763,,A1,37.8,3DSC_MP,15.5,c_parent,±20-50%,S1_v3_2_2B_extension,,substructure_aggregate_median,29.106,1.0,,,,0.0255606859071271,5000,H_below_validated_reduced_field,4.591014502931114,4.182245669173655,5.131973459752047,0.064516129032258,
B2Li0.07Mg0.93,conventional_AlB2,mp-763,,A1,37.8,3DSC_MP,15.5,c_parent,±20-50%,S1_v3_2_2B_extension,,substructure_aggregate_median,29.106,5.0,,,,0.193877474622627,5000,T_above_validated_reduced_temperature,4.287211162363871,3.721044537390659,4.889909263843278,,0.7700000000000001
B2Li0.08Mg0.92,conventional_AlB2,mp-763,,A1,38.0,3DSC_MP,15.5,c_parent,±20-50%,S1_v3_2_2B_extension,,substructure_aggregate_median,4.2,0.1,,,,0.0,5000,H_below_validated_reduced_field,5.324105348641889,5.171003190830169,5.559330705252185,0.0064516129032258,
B2Li0.08Mg0.92,conventional_AlB2,mp-763,,A1,38.0,3DSC_MP,15.5,c_parent,±20-50%,S1_v3_2_2B_extension,,substructure_aggregate_median,4.2,1.0,,,,0.0244397295358247,5000,H_below_validated_reduced_field,5.269331709916639,5.1026131398903125,5.504360479776018,0.064516129032258,
B2Li0.08Mg0.92,conventional_AlB2,mp-763,,A1,38.0,3DSC_MP,15.5,c_parent,±20-50%,S1_v3_2_2B_extension,,substructure_aggregate_median,4.2,5.0,4.9763786985300005,4.656878383419974,5.262594192545062,0.1831581639790434,5000,,,,,,
B2Li0.08Mg0.92,conventional_AlB2,mp-763,,A1,38.0,3DSC_MP,15.5,c_parent,±20-50%,S1_v3_2_2B_extension,,substructure_aggregate_median,20.0,0.1,,,,0.0,5000,H_below_validated_reduced_field,5.026466908536555,4.7577112975261695,5.332404840631137,0.0064516129032258,
B2Li0.08Mg0.92,conventional_AlB2,mp-763,,A1,38.0,3DSC_MP,15.5,c_parent,±20-50%,S1_v3_2_2B_extension,,substructure_aggregate_median,20.0,1.0,,,,0.0246029250836636,5000,H_below_validated_reduced_field,4.965763721291168,4.684852229868467,5.286452633975252,0.064516129032258,
B2Li0.08Mg0.92,conventional_AlB2,mp-763,,A1,38.0,3DSC_MP,15.5,c_parent,±20-50%,S1_v3_2_2B_extension,,substructure_aggregate_median,20.0,5.0,4.662455768673233,4.254720886056155,5.054869755895078,0.1940494011081144,5000,,,,,,
B2Li0.08Mg0.92,conventional_AlB2,mp-763,,A1,38.0,3DSC_MP,15.5,c_parent,±20-50%,S1_v3_2_2B_extension,,substructure_aggregate_median,29.26,0.1,,,,0.0,5000,H_below_validated_reduced_field,4.648864170541291,4.1251025035218,5.167387102255598,0.0064516129032258,
B2Li0.08Mg0.92,conventional_AlB2,mp-763,,A1,38.0,3DSC_MP,15.5,c_parent,±20-50%,S1_v3_2_2B_extension,,substructure_aggregate_median,29.26,1.0,,,,0.0252739456498822,5000,H_below_validated_reduced_field,4.589883641872508,4.051519586605719,5.119444896728162,0.064516129032258,
B2Li0.08Mg0.92,conventional_AlB2,mp-763,,A1,38.0,3DSC_MP,15.5,c_parent,±20-50%,S1_v3_2_2B_extension,,substructure_aggregate_median,29.26,5.0,,,,0.1935652850456426,5000,T_above_validated_reduced_temperature,4.286506381182952,3.672125785550613,4.887287634846547,,0.77
B2Li0.11Mg0.89,conventional_AlB2,mp-763,,A1,35.3,3DSC_MP,15.5,c_parent,±20-50%,S1_v3_2_2B_extension,,substructure_aggregate_median,4.2,0.1,,,,0.0,5000,H_below_validated_reduced_field,5.324105348641889,5.171003190830169,5.559330705252185,0.0064516129032258,
B2Li0.11Mg0.89,conventional_AlB2,mp-763,,A1,35.3,3DSC_MP,15.5,c_parent,±20-50%,S1_v3_2_2B_extension,,substructure_aggregate_median,4.2,1.0,,,,0.0265890262055048,5000,H_below_validated_reduced_field,5.271544406272218,5.102014001796972,5.509421589597411,0.064516129032258,
B2Li0.11Mg0.89,conventional_AlB2,mp-763,,A1,35.3,3DSC_MP,15.5,c_parent,±20-50%,S1_v3_2_2B_extension,,substructure_aggregate_median,4.2,5.0,4.980622895715926,4.661977679714222,5.272925810373348,0.188730385414761,5000,,,,,,
B2Li0.11Mg0.89,conventional_AlB2,mp-763,,A1,35.3,3DSC_MP,15.5,c_parent,±20-50%,S1_v3_2_2B_extension,,substructure_aggregate_median,20.0,0.1,,,,0.0,5000,H_below_validated_reduced_field,4.987518497792547,4.698568500605272,5.321415079096131,0.0064516129032258,
B2Li0.11Mg0.89,conventional_AlB2,mp-763,,A1,35.3,3DSC_MP,15.5,c_parent,±20-50%,S1_v3_2_2B_extension,,substructure_aggregate_median,20.0,1.0,,,,0.025288598951481,5000,H_below_validated_reduced_field,4.929738634162129,4.621995637171254,5.274543257721901,0.064516129032258,
B2Li0.11Mg0.89,conventional_AlB2,mp-763,,A1,35.3,3DSC_MP,15.5,c_parent,±20-50%,S1_v3_2_2B_extension,,substructure_aggregate_median,20.0,5.0,4.628782462699931,4.173905281070806,5.042822028952751,0.1900874665053997,5000,,,,,,
B2Li0.11Mg0.89,conventional_AlB2,mp-763,,A1,35.3,3DSC_MP,15.5,c_parent,±20-50%,S1_v3_2_2B_extension,,substructure_aggregate_median,27.181,0.1,,,,0.0,5000,H_below_validated_reduced_field,4.659419766175089,4.21027677509703,5.190060186387998,0.0064516129032258,
B2Li0.11Mg0.89,conventional_AlB2,mp-763,,A1,35.3,3DSC_MP,15.5,c_parent,±20-50%,S1_v3_2_2B_extension,,substructure_aggregate_median,27.181,1.0,,,,0.0241882717625721,5000,H_below_validated_reduced_field,4.603808918447562,4.134583059584576,5.142298915320299,0.064516129032258,
B2Li0.11Mg0.89,conventional_AlB2,mp-763,,A1,35.3,3DSC_MP,15.5,c_parent,±20-50%,S1_v3_2_2B_extension,,substructure_aggregate_median,27.181,5.0,,,,0.1930162185350932,5000,T_above_validated_reduced_temperature,4.3000776283042175,3.7018006719366254,4.901333871862773,,0.7700000000000001
B2Li0.15Mg0.85,conventional_AlB2,mp-763,,A1,36.6,3DSC_MP,15.5,c_parent,±20-50%,S1_v3_2_2B_extension,,substructure_aggregate_median,4.2,0.1,,,,0.0,5000,H_below_validated_reduced_field,5.324105348641889,5.171003190830169,5.549941092791016,0.0064516129032258,
B2Li0.15Mg0.85,conventional_AlB2,mp-763,,A1,36.6,3DSC_MP,15.5,c_parent,±20-50%,S1_v3_2_2B_extension,,substructure_aggregate_median,4.2,1.0,,,,0.0254594645429984,5000,H_below_validated_reduced_field,5.270343882357867,5.102884623932617,5.50435276339558,0.064516129032258,
B2Li0.15Mg0.85,conventional_AlB2,mp-763,,A1,36.6,3DSC_MP,15.5,c_parent,±20-50%,S1_v3_2_2B_extension,,substructure_aggregate_median,4.2,5.0,4.9763786985300005,4.652032227858731,5.264406632650265,0.1846186285834665,5000,,,,,,
B2Li0.15Mg0.85,conventional_AlB2,mp-763,,A1,36.6,3DSC_MP,15.5,c_parent,±20-50%,S1_v3_2_2B_extension,,substructure_aggregate_median,20.0,0.1,,,,0.0,5000,H_below_validated_reduced_field,5.007612115383634,4.738568302313068,5.321137525278658,0.0064516129032258,
B2Li0.15Mg0.85,conventional_AlB2,mp-763,,A1,36.6,3DSC_MP,15.5,c_parent,±20-50%,S1_v3_2_2B_extension,,substructure_aggregate_median,20.0,1.0,,,,0.0251469432679609,5000,H_below_validated_reduced_field,4.946504105518216,4.659565753785168,5.272406008157766,0.064516129032258,
B2Li0.15Mg0.85,conventional_AlB2,mp-763,,A1,36.6,3DSC_MP,15.5,c_parent,±20-50%,S1_v3_2_2B_extension,,substructure_aggregate_median,20.0,5.0,4.643782707071752,4.217991819518686,5.03853762114672,0.1896621719078677,5000,,,,,,
B2Li0.15Mg0.85,conventional_AlB2,mp-763,,A1,36.6,3DSC_MP,15.5,c_parent,±20-50%,S1_v3_2_2B_extension,,substructure_aggregate_median,28.182,0.1,,,,0.0,5000,H_below_validated_reduced_field,4.64890914005883,4.242009264685024,5.168433479721436,0.0064516129032258,
B2Li0.15Mg0.85,conventional_AlB2,mp-763,,A1,36.6,3DSC_MP,15.5,c_parent,±20-50%,S1_v3_2_2B_extension,,substructure_aggregate_median,28.182,1.0,,,,0.0241261612514298,5000,H_below_validated_reduced_field,4.593752352537262,4.156259832420838,5.119475404034378,0.064516129032258,
B2Li0.15Mg0.85,conventional_AlB2,mp-763,,A1,36.6,3DSC_MP,15.5,c_parent,±20-50%,S1_v3_2_2B_extension,,substructure_aggregate_median,28.182,5.0,,,,0.1939837013978618,5000,T_above_validated_reduced_temperature,4.2889622939205445,3.715633941857568,4.883093875427361,,0.7699999999999999
B2Li0.1Mg0.9,conventional_AlB2,mp-763,,A1,36.91666667,3DSC_MP,15.5,c_parent,±20-50%,S1_v3_2_2B_extension,,substructure_aggregate_median,4.2,0.1,,,,0.0,5000,H_below_validated_reduced_field,5.324105348641889,5.171003190830169,5.559330705252185,0.0064516129032258,
B2Li0.1Mg0.9,conventional_AlB2,mp-763,,A1,36.91666667,3DSC_MP,15.5,c_parent,±20-50%,S1_v3_2_2B_extension,,substructure_aggregate_median,4.2,1.0,,,,0.0265836480729246,5000,H_below_validated_reduced_field,5.271544406272218,5.101743882495833,5.511148037005241,0.064516129032258,
B2Li0.1Mg0.9,conventional_AlB2,mp-763,,A1,36.91666667,3DSC_MP,15.5,c_parent,±20-50%,S1_v3_2_2B_extension,,substructure_aggregate_median,4.2,5.0,4.979861361064101,4.655381392460561,5.27222837779613,0.1868150604466363,5000,,,,,,
B2Li0.1Mg0.9,conventional_AlB2,mp-763,,A1,36.91666667,3DSC_MP,15.5,c_parent,±20-50%,S1_v3_2_2B_extension,,substructure_aggregate_median,20.0,0.1,,,,0.0,5000,H_below_validated_reduced_field,5.012150793981983,4.729437237469203,5.325676203877007,0.0064516129032258,
B2Li0.1Mg0.9,conventional_AlB2,mp-763,,A1,36.91666667,3DSC_MP,15.5,c_parent,±20-50%,S1_v3_2_2B_extension,,substructure_aggregate_median,20.0,1.0,,,,0.0243390323840015,5000,H_below_validated_reduced_field,4.95210396932953,4.659063235932792,5.278358524699554,0.064516129032258,
B2Li0.1Mg0.9,conventional_AlB2,mp-763,,A1,36.91666667,3DSC_MP,15.5,c_parent,±20-50%,S1_v3_2_2B_extension,,substructure_aggregate_median,20.0,5.0,4.648880650690408,4.226137590123148,5.0443597582556805,0.1896373096128139,5000,,,,,,
B2Li0.1Mg0.9,conventional_AlB2,mp-763,,A1,36.91666667,3DSC_MP,15.5,c_parent,±20-50%,S1_v3_2_2B_extension,,substructure_aggregate_median,28.4258333359,0.1,,,,0.0,5000,H_below_validated_reduced_field,4.656501359478493,4.128775509989133,5.167554386457521,0.0064516129032258,
B2Li0.1Mg0.9,conventional_AlB2,mp-763,,A1,36.91666667,3DSC_MP,15.5,c_parent,±20-50%,S1_v3_2_2B_extension,,substructure_aggregate_median,28.4258333359,1.0,,,,0.0234472995209742,5000,H_below_validated_reduced_field,4.597646643849451,4.057995905673489,5.114975759807875,0.064516129032258,
B2Li0.1Mg0.9,conventional_AlB2,mp-763,,A1,36.91666667,3DSC_MP,15.5,c_parent,±20-50%,S1_v3_2_2B_extension,,substructure_aggregate_median,28.4258333359,5.0,,,,0.1915796588650531,5000,T_above_validated_reduced_temperature,4.293857277933407,3.6440257444460857,4.877633074394505,,0.77
B2Li0.2Mg0.8,conventional_AlB2,mp-763,,A1,34.0,3DSC_MP,15.5,c_parent,±20-50%,S1_v3_2_2B_extension,,substructure_aggregate_median,4.2,0.1,,,,0.0,5000,H_below_validated_reduced_field,5.324105348641889,5.171003190830169,5.549941092791016,0.0064516129032258,
B2Li0.2Mg0.8,conventional_AlB2,mp-763,,A1,34.0,3DSC_MP,15.5,c_parent,±20-50%,S1_v3_2_2B_extension,,substructure_aggregate_median,4.2,1.0,,,,0.0257448331470833,5000,H_below_validated_reduced_field,5.270343882357867,5.102014001796972,5.5019971542755925,0.064516129032258,
B2Li0.2Mg0.8,conventional_AlB2,mp-763,,A1,34.0,3DSC_MP,15.5,c_parent,±20-50%,S1_v3_2_2B_extension,,substructure_aggregate_median,4.2,5.0,4.980156196696775,4.664288439251294,5.264406632650265,0.1869390372934098,5000,,,,,,
B2Li0.2Mg0.8,conventional_AlB2,mp-763,,A1,34.0,3DSC_MP,15.5,c_parent,±20-50%,S1_v3_2_2B_extension,,substructure_aggregate_median,20.0,0.1,,,,0.0,5000,H_below_validated_reduced_field,4.9616016894548665,4.668326136437886,5.307953833848696,0.0064516129032258,
B2Li0.2Mg0.8,conventional_AlB2,mp-763,,A1,34.0,3DSC_MP,15.5,c_parent,±20-50%,S1_v3_2_2B_extension,,substructure_aggregate_median,20.0,1.0,,,,0.0247622433782916,5000,H_below_validated_reduced_field,4.901640800286552,4.593102957181697,5.2584266480406745,0.064516129032258,
B2Li0.2Mg0.8,conventional_AlB2,mp-763,,A1,34.0,3DSC_MP,15.5,c_parent,±20-50%,S1_v3_2_2B_extension,,substructure_aggregate_median,20.0,5.0,4.596517417939436,4.1533550902421785,5.028564480183073,0.1897622700133201,5000,,,,,,
B2Li0.2Mg0.8,conventional_AlB2,mp-763,,A1,34.0,3DSC_MP,15.5,c_parent,±20-50%,S1_v3_2_2B_extension,,substructure_aggregate_median,26.18,0.1,,,,0.0,5000,H_below_validated_reduced_field,4.651457635106339,4.139909401041315,5.180011029438137,0.0064516129032258,
B2Li0.2Mg0.8,conventional_AlB2,mp-763,,A1,34.0,3DSC_MP,15.5,c_parent,±20-50%,S1_v3_2_2B_extension,,substructure_aggregate_median,26.18,1.0,,,,0.0248714448426721,5000,H_below_validated_reduced_field,4.594929904433521,4.072494343377716,5.132185535159296,0.064516129032258,
B2Li0.2Mg0.8,conventional_AlB2,mp-763,,A1,34.0,3DSC_MP,15.5,c_parent,±20-50%,S1_v3_2_2B_extension,,substructure_aggregate_median,26.18,5.0,,,,0.192670767028054,5000,T_above_validated_reduced_temperature,4.293628255894669,3.6902743456481337,4.893781929388908,,0.77
B2Lu1Os3,conventional_AlB2,mp-2880,,A1,4.655,3DSC_MP,,pending,,,,substructure_aggregate_median,4.2,0.1,5.324105348641889,5.1863788403346,5.549941092791016,,5000,Hc2_unavailable,,,,,
B2Lu1Os3,conventional_AlB2,mp-2880,,A1,4.655,3DSC_MP,,pending,,,,substructure_aggregate_median,4.2,1.0,5.324105348641889,5.1863788403346,5.549941092791016,,5000,Hc2_unavailable,,,,,
B2Lu1Os3,conventional_AlB2,mp-2880,,A1,4.655,3DSC_MP,,pending,,,,substructure_aggregate_median,4.2,5.0,5.324105348641889,5.1863788403346,5.549941092791016,,5000,Hc2_unavailable,,,,,
B2Lu1Os3,conventional_AlB2,mp-2880,,A1,4.655,3DSC_MP,,pending,,,,substructure_aggregate_median,20.0,0.1,,,,,5000,Hc2_unavailable,,,,,
B2Lu1Os3,conventional_AlB2,mp-2880,,A1,4.655,3DSC_MP,,pending,,,,substructure_aggregate_median,20.0,1.0,,,,,5000,Hc2_unavailable,,,,,
B2Lu1Os3,conventional_AlB2,mp-2880,,A1,4.655,3DSC_MP,,pending,,,,substructure_aggregate_median,20.0,5.0,,,,,5000,Hc2_unavailable,,,,,
B2Lu1Os3,conventional_AlB2,mp-2880,,A1,4.655,3DSC_MP,,pending,,,,substructure_aggregate_median,3.58435,0.1,5.793079067403056,5.444486289109469,6.170005811433414,,5000,Hc2_unavailable,,,,,
B2Lu1Os3,conventional_AlB2,mp-2880,,A1,4.655,3DSC_MP,,pending,,,,substructure_aggregate_median,3.58435,1.0,5.793079067403056,5.444486289109469,6.170005811433414,,5000,Hc2_unavailable,,,,,
B2Lu1Os3,conventional_AlB2,mp-2880,,A1,4.655,3DSC_MP,,pending,,,,substructure_aggregate_median,3.58435,5.0,5.793079067403056,5.444486289109469,6.170005811433414,,5000,Hc2_unavailable,,,,,
B2Mg0.1Nb0.9,conventional_AlB2,mp-450,,A1,4.5,3DSC_MP,15.5,c_parent,±20-50%,S1_v3_2_2B_extension,,substructure_aggregate_median,4.2,0.1,,,,0.0,5000,H_below_validated_reduced_field,5.324105348641889,5.171003190830169,5.559330705252185,0.0064516129032258,
B2Mg0.1Nb0.9,conventional_AlB2,mp-450,,A1,4.5,3DSC_MP,15.5,c_parent,±20-50%,S1_v3_2_2B_extension,,substructure_aggregate_median,4.2,1.0,,,,0.0254594645429984,5000,H_below_validated_reduced_field,5.270681871998757,5.104036057933822,5.5094156914624905,0.064516129032258,
B2Mg0.1Nb0.9,conventional_AlB2,mp-450,,A1,4.5,3DSC_MP,15.5,c_parent,±20-50%,S1_v3_2_2B_extension,,substructure_aggregate_median,4.2,5.0,,,,0.185236182461046,5000,T_above_validated_reduced_temperature,4.981543337214,4.655306448540895,5.266119204051221,,0.9333333333333333
B2Mg0.1Nb0.9,conventional_AlB2,mp-450,,A1,4.5,3DSC_MP,15.5,c_parent,±20-50%,S1_v3_2_2B_extension,,substructure_aggregate_median,20.0,0.1,,,,,5000,T_above_Tc,,,,,
B2Mg0.1Nb0.9,conventional_AlB2,mp-450,,A1,4.5,3DSC_MP,15.5,c_parent,±20-50%,S1_v3_2_2B_extension,,substructure_aggregate_median,20.0,1.0,,,,,5000,T_above_Tc,,,,,
B2Mg0.1Nb0.9,conventional_AlB2,mp-450,,A1,4.5,3DSC_MP,15.5,c_parent,±20-50%,S1_v3_2_2B_extension,,substructure_aggregate_median,20.0,5.0,,,,,5000,T_above_Tc,,,,,
B2Mg0.1Nb0.9,conventional_AlB2,mp-450,,A1,4.5,3DSC_MP,15.5,c_parent,±20-50%,S1_v3_2_2B_extension,,substructure_aggregate_median,3.465,0.1,,,,0.0,5000,H_below_validated_reduced_field,6.000356867596901,5.504766405404356,6.459035010333848,0.0064516129032258,
B2Mg0.1Nb0.9,conventional_AlB2,mp-450,,A1,4.5,3DSC_MP,15.5,c_parent,±20-50%,S1_v3_2_2B_extension,,substructure_aggregate_median,3.465,1.0,,,,0.0253891414622566,5000,H_below_validated_reduced_field,5.94262872682644,5.431361792018805,6.415649366084826,0.064516129032258,
B2Mg0.1Nb0.9,conventional_AlB2,mp-450,,A1,4.5,3DSC_MP,15.5,c_parent,±20-50%,S1_v3_2_2B_extension,,substructure_aggregate_median,3.465,5.0,,,,0.1909118673920637,5000,T_above_validated_reduced_temperature,5.628205612401301,5.0006788648823,6.167209872423871,,0.77
B2Mg0.7,conventional_AlB2,mp-763,,A1,37.2,3DSC_MP,15.5,c_parent,±20-50%,S1_v3_2_2B_extension,,substructure_aggregate_median,4.2,0.1,,,,0.0,5000,H_below_validated_reduced_field,5.324105348641889,5.1863788403346,5.559330705252185,0.0064516129032258,
B2Mg0.7,conventional_AlB2,mp-763,,A1,37.2,3DSC_MP,15.5,c_parent,±20-50%,S1_v3_2_2B_extension,,substructure_aggregate_median,4.2,1.0,,,,0.0269497634137731,5000,H_below_validated_reduced_field,5.271544406272218,5.109608531380167,5.511145922278733,0.064516129032258,
B2Mg0.7,conventional_AlB2,mp-763,,A1,37.2,3DSC_MP,15.5,c_parent,±20-50%,S1_v3_2_2B_extension,,substructure_aggregate_median,4.2,5.0,4.981675246088607,4.667150606665967,5.271605694817802,0.1857284068110249,5000,,,,,,
B2Mg0.7,conventional_AlB2,mp-763,,A1,37.2,3DSC_MP,15.5,c_parent,±20-50%,S1_v3_2_2B_extension,,substructure_aggregate_median,20.0,0.1,,,,0.0,5000,H_below_validated_reduced_field,5.016801206611074,4.755502787021273,5.3296292370930765,0.0064516129032258,
B2Mg0.7,conventional_AlB2,mp-763,,A1,37.2,3DSC_MP,15.5,c_parent,±20-50%,S1_v3_2_2B_extension,,substructure_aggregate_median,20.0,1.0,,,,0.025183137993519,5000,H_below_validated_reduced_field,4.960010530178479,4.68199410847509,5.283353592576913,0.064516129032258,
B2Mg0.7,conventional_AlB2,mp-763,,A1,37.2,3DSC_MP,15.5,c_parent,±20-50%,S1_v3_2_2B_extension,,substructure_aggregate_median,20.0,5.0,4.6566070952815135,4.251634526196149,5.046110991167243,0.1919698094784045,5000,,,,,,
B2Mg0.7,conventional_AlB2,mp-763,,A1,37.2,3DSC_MP,15.5,c_parent,±20-50%,S1_v3_2_2B_extension,,substructure_aggregate_median,28.644,0.1,,,,0.0,5000,H_below_validated_reduced_field,4.656017674373537,4.20566710419924,5.167974774553075,0.0064516129032258,
B2Mg0.7,conventional_AlB2,mp-763,,A1,37.2,3DSC_MP,15.5,c_parent,±20-50%,S1_v3_2_2B_extension,,substructure_aggregate_median,28.644,1.0,,,,0.0232662369696594,5000,H_below_validated_reduced_field,4.60023970626015,4.141943788511899,5.124486314083304,0.064516129032258,
B2Mg0.7,conventional_AlB2,mp-763,,A1,37.2,3DSC_MP,15.5,c_parent,±20-50%,S1_v3_2_2B_extension,,substructure_aggregate_median,28.644,5.0,,,,0.1960375104284972,5000,T_above_validated_reduced_temperature,4.295704343268543,3.713384412447906,4.888625960542342,,0.7699999999999999
B2Mg0.8,conventional_AlB2,mp-763,,A1,38.0,3DSC_MP,15.5,c_parent,±20-50%,S1_v3_2_2B_extension,,substructure_aggregate_median,4.2,0.1,,,,0.0,5000,H_below_validated_reduced_field,5.324105348641889,5.185994449096989,5.549941092791016,0.0064516129032258,
B2Mg0.8,conventional_AlB2,mp-763,,A1,38.0,3DSC_MP,15.5,c_parent,±20-50%,S1_v3_2_2B_extension,,substructure_aggregate_median,4.2,1.0,,,,0.0239948834593759,5000,H_below_validated_reduced_field,5.269431390263902,5.1026131398903125,5.5039358646518375,0.064516129032258,
B2Mg0.8,conventional_AlB2,mp-763,,A1,38.0,3DSC_MP,15.5,c_parent,±20-50%,S1_v3_2_2B_extension,,substructure_aggregate_median,4.2,5.0,4.9800520067861775,4.659545975808126,5.263524537620467,0.1848955150900595,5000,,,,,,
B2Mg0.8,conventional_AlB2,mp-763,,A1,38.0,3DSC_MP,15.5,c_parent,±20-50%,S1_v3_2_2B_extension,,substructure_aggregate_median,20.0,0.1,,,,0.0,5000,H_below_validated_reduced_field,5.026466908536555,4.777272748204009,5.331722977966993,0.0064516129032258,
B2Mg0.8,conventional_AlB2,mp-763,,A1,38.0,3DSC_MP,15.5,c_parent,±20-50%,S1_v3_2_2B_extension,,substructure_aggregate_median,20.0,1.0,,,,0.0241523247024453,5000,H_below_validated_reduced_field,4.96657784829255,4.698840026758496,5.284216051109026,0.064516129032258,
B2Mg0.8,conventional_AlB2,mp-763,,A1,38.0,3DSC_MP,15.5,c_parent,±20-50%,S1_v3_2_2B_extension,,substructure_aggregate_median,20.0,5.0,4.666713313018313,4.262089710702336,5.050255353199647,0.1877413677164128,5000,,,,,,
B2Mg0.8,conventional_AlB2,mp-763,,A1,38.0,3DSC_MP,15.5,c_parent,±20-50%,S1_v3_2_2B_extension,,substructure_aggregate_median,29.26,0.1,,,,0.0,5000,H_below_validated_reduced_field,4.654693331195798,4.25719848750253,5.167387102255598,0.0064516129032258,
B2Mg0.8,conventional_AlB2,mp-763,,A1,38.0,3DSC_MP,15.5,c_parent,±20-50%,S1_v3_2_2B_extension,,substructure_aggregate_median,29.26,1.0,,,,0.0227541104577273,5000,H_below_validated_reduced_field,4.5952070126581335,4.19309655578998,5.114281730457791,0.064516129032258,
B2Mg0.8,conventional_AlB2,mp-763,,A1,38.0,3DSC_MP,15.5,c_parent,±20-50%,S1_v3_2_2B_extension,,substructure_aggregate_median,29.26,5.0,,,,0.1918243383884448,5000,T_above_validated_reduced_temperature,4.293348787087427,3.729796993275623,4.887107277187327,,0.77
B2Mg0.85Na0.15,conventional_AlB2,mp-763,,A1,38.0,3DSC_MP,15.5,c_parent,±20-50%,S1_v3_2_2B_extension,,substructure_aggregate_median,4.2,0.1,,,,0.0,5000,H_below_validated_reduced_field,5.324105348641889,5.171003190830169,5.559330705252185,0.0064516129032258,
B2Mg0.85Na0.15,conventional_AlB2,mp-763,,A1,38.0,3DSC_MP,15.5,c_parent,±20-50%,S1_v3_2_2B_extension,,substructure_aggregate_median,4.2,1.0,,,,0.0235209696268086,5000,H_below_validated_reduced_field,5.268127796045864,5.104644875708542,5.506780183126137,0.064516129032258,
B2Mg0.85Na0.15,conventional_AlB2,mp-763,,A1,38.0,3DSC_MP,15.5,c_parent,±20-50%,S1_v3_2_2B_extension,,substructure_aggregate_median,4.2,5.0,4.978628899283534,4.659376101146725,5.264408696891235,0.1855177007787105,5000,,,,,,
B2Mg0.85Na0.15,conventional_AlB2,mp-763,,A1,38.0,3DSC_MP,15.5,c_parent,±20-50%,S1_v3_2_2B_extension,,substructure_aggregate_median,20.0,0.1,,,,0.0,5000,H_below_validated_reduced_field,5.026466908536555,4.777272748204009,5.335488810664362,0.0064516129032258,
B2Mg0.85Na0.15,conventional_AlB2,mp-763,,A1,38.0,3DSC_MP,15.5,c_parent,±20-50%,S1_v3_2_2B_extension,,substructure_aggregate_median,20.0,1.0,,,,0.0248924306816675,5000,H_below_validated_reduced_field,4.967853674837259,4.703022666316128,5.288787676558464,0.064516129032258,
B2Mg0.85Na0.15,conventional_AlB2,mp-763,,A1,38.0,3DSC_MP,15.5,c_parent,±20-50%,S1_v3_2_2B_extension,,substructure_aggregate_median,20.0,5.0,4.664531456354222,4.2622274075416255,5.053183213814046,0.1908698998615996,5000,,,,,,
B2Mg0.85Na0.15,conventional_AlB2,mp-763,,A1,38.0,3DSC_MP,15.5,c_parent,±20-50%,S1_v3_2_2B_extension,,substructure_aggregate_median,29.26,0.1,,,,0.0,5000,H_below_validated_reduced_field,4.654693331195798,4.25719848750253,5.167387102255598,0.0064516129032258,
B2Mg0.85Na0.15,conventional_AlB2,mp-763,,A1,38.0,3DSC_MP,15.5,c_parent,±20-50%,S1_v3_2_2B_extension,,substructure_aggregate_median,29.26,1.0,,,,0.0256832273747065,5000,H_below_validated_reduced_field,4.601607844193557,4.195701028455733,5.122810030466062,0.064516129032258,
B2Mg0.85Na0.15,conventional_AlB2,mp-763,,A1,38.0,3DSC_MP,15.5,c_parent,±20-50%,S1_v3_2_2B_extension,,substructure_aggregate_median,29.26,5.0,,,,0.1939417249503545,5000,T_above_validated_reduced_temperature,4.294095904859594,3.736995635491813,4.888690054528903,,0.77
B2Mg0.88Sc0.12,conventional_AlB2,mp-763,,A1,30.0,3DSC_MP,15.5,c_parent,±20-50%,S1_v3_2_2B_extension,,substructure_aggregate_median,4.2,0.1,,,,0.0,5000,H_below_validated_reduced_field,5.324105348641889,5.1863788403346,5.559330705252185,0.0064516129032258,
B2Mg0.88Sc0.12,conventional_AlB2,mp-763,,A1,30.0,3DSC_MP,15.5,c_parent,±20-50%,S1_v3_2_2B_extension,,substructure_aggregate_median,4.2,1.0,,,,0.023479696295559,5000,H_below_validated_reduced_field,5.268359843526737,5.103264623835246,5.511386766736761,0.064516129032258,
B2Mg0.88Sc0.12,conventional_AlB2,mp-763,,A1,30.0,3DSC_MP,15.5,c_parent,±20-50%,S1_v3_2_2B_extension,,substructure_aggregate_median,4.2,5.0,4.978240786087785,4.666307945353855,5.266181883526289,0.1827556209881624,5000,,,,,,
B2Mg0.88Sc0.12,conventional_AlB2,mp-763,,A1,30.0,3DSC_MP,15.5,c_parent,±20-50%,S1_v3_2_2B_extension,,substructure_aggregate_median,20.0,0.1,,,,0.0,5000,H_below_validated_reduced_field,4.867415301257425,4.533508060793635,5.256281327461039,0.0064516129032258,
B2Mg0.88Sc0.12,conventional_AlB2,mp-763,,A1,30.0,3DSC_MP,15.5,c_parent,±20-50%,S1_v3_2_2B_extension,,substructure_aggregate_median,20.0,1.0,,,,0.0256460533867413,5000,H_below_validated_reduced_field,4.8079809163238965,4.463592231355593,5.212183911940459,0.064516129032258,
B2Mg0.88Sc0.12,conventional_AlB2,mp-763,,A1,30.0,3DSC_MP,15.5,c_parent,±20-50%,S1_v3_2_2B_extension,,substructure_aggregate_median,20.0,5.0,4.50132423872004,4.013144302875967,4.972762871862527,0.1869163775434499,5000,,,,,,
B2Mg0.88Sc0.12,conventional_AlB2,mp-763,,A1,30.0,3DSC_MP,15.5,c_parent,±20-50%,S1_v3_2_2B_extension,,substructure_aggregate_median,23.1,0.1,,,,0.0,5000,H_below_validated_reduced_field,4.671371105024039,4.233174739179399,5.174787801581251,0.0064516129032258,
B2Mg0.88Sc0.12,conventional_AlB2,mp-763,,A1,30.0,3DSC_MP,15.5,c_parent,±20-50%,S1_v3_2_2B_extension,,substructure_aggregate_median,23.1,1.0,,,,0.0228611444535324,5000,H_below_validated_reduced_field,4.612358678475609,4.164538449546315,5.126913443005204,0.064516129032258,
B2Mg0.88Sc0.12,conventional_AlB2,mp-763,,A1,30.0,3DSC_MP,15.5,c_parent,±20-50%,S1_v3_2_2B_extension,,substructure_aggregate_median,23.1,5.0,,,,0.1905163933881546,5000,T_above_validated_reduced_temperature,4.310912999159578,3.730418030636423,4.89056416417245,,0.77
B2Mg0.8Na0.2,conventional_AlB2,mp-763,,A1,38.0,3DSC_MP,15.5,c_parent,±20-50%,S1_v3_2_2B_extension,,substructure_aggregate_median,4.2,0.1,,,,0.0,5000,H_below_validated_reduced_field,5.324105348641889,5.171003190830169,5.559330705252185,0.0064516129032258,
B2Mg0.8Na0.2,conventional_AlB2,mp-763,,A1,38.0,3DSC_MP,15.5,c_parent,±20-50%,S1_v3_2_2B_extension,,substructure_aggregate_median,4.2,1.0,,,,0.0246463674043102,5000,H_below_validated_reduced_field,5.269431390263902,5.1026131398903125,5.506751427124972,0.064516129032258,
B2Mg0.8Na0.2,conventional_AlB2,mp-763,,A1,38.0,3DSC_MP,15.5,c_parent,±20-50%,S1_v3_2_2B_extension,,substructure_aggregate_median,4.2,5.0,4.9763786985300005,4.658606035432146,5.2719886320130085,0.1871754651751729,5000,,,,,,
B2Mg0.8Na0.2,conventional_AlB2,mp-763,,A1,38.0,3DSC_MP,15.5,c_parent,±20-50%,S1_v3_2_2B_extension,,substructure_aggregate_median,20.0,0.1,,,,0.0,5000,H_below_validated_reduced_field,5.026466908536555,4.761897098699579,5.333589740527749,0.0064516129032258,
B2Mg0.8Na0.2,conventional_AlB2,mp-763,,A1,38.0,3DSC_MP,15.5,c_parent,±20-50%,S1_v3_2_2B_extension,,substructure_aggregate_median,20.0,1.0,,,,0.0247854470756268,5000,H_below_validated_reduced_field,4.968369976109798,4.688286649632193,5.288637031244206,0.064516129032258,
B2Mg0.8Na0.2,conventional_AlB2,mp-763,,A1,38.0,3DSC_MP,15.5,c_parent,±20-50%,S1_v3_2_2B_extension,,substructure_aggregate_median,20.0,5.0,4.663576506082317,4.247081395676539,5.0540570603063255,0.1900289091426765,5000,,,,,,
B2Mg0.8Na0.2,conventional_AlB2,mp-763,,A1,38.0,3DSC_MP,15.5,c_parent,±20-50%,S1_v3_2_2B_extension,,substructure_aggregate_median,29.26,0.1,,,,0.0,5000,H_below_validated_reduced_field,4.654693331195798,4.187974849692285,5.177793057126063,0.0064516129032258,
B2Mg0.8Na0.2,conventional_AlB2,mp-763,,A1,38.0,3DSC_MP,15.5,c_parent,±20-50%,S1_v3_2_2B_extension,,substructure_aggregate_median,29.26,1.0,,,,0.0245228596134108,5000,H_below_validated_reduced_field,4.596535344023927,4.1052578582989145,5.134418430892667,0.064516129032258,
B2Mg0.8Na0.2,conventional_AlB2,mp-763,,A1,38.0,3DSC_MP,15.5,c_parent,±20-50%,S1_v3_2_2B_extension,,substructure_aggregate_median,29.26,5.0,,,,0.192928019826291,5000,T_above_validated_reduced_temperature,4.293074303734237,3.681599799239039,4.89869938559015,,0.77
B2Mg0.8Ti0.2,conventional_AlB2,mp-763,,A1,37.8,3DSC_MP,15.5,c_parent,±20-50%,S1_v3_2_2B_extension,,substructure_aggregate_median,4.2,0.1,,,,0.0,5000,H_below_validated_reduced_field,5.324105348641889,5.1863788403346,5.549941092791016,0.0064516129032258,
B2Mg0.8Ti0.2,conventional_AlB2,mp-763,,A1,37.8,3DSC_MP,15.5,c_parent,±20-50%,S1_v3_2_2B_extension,,substructure_aggregate_median,4.2,1.0,,,,0.0254594645429984,5000,H_below_validated_reduced_field,5.271536162912187,5.106267801025989,5.503925174940459,0.064516129032258,
B2Mg0.8Ti0.2,conventional_AlB2,mp-763,,A1,37.8,3DSC_MP,15.5,c_parent,±20-50%,S1_v3_2_2B_extension,,substructure_aggregate_median,4.2,5.0,4.982774073758791,4.664326021449344,5.264406632650265,0.1831982140291517,5000,,,,,,
B2Mg0.8Ti0.2,conventional_AlB2,mp-763,,A1,37.8,3DSC_MP,15.5,c_parent,±20-50%,S1_v3_2_2B_extension,,substructure_aggregate_median,20.0,0.1,,,,0.0,5000,H_below_validated_reduced_field,5.023035316548285,4.760311858021787,5.331057998991564,0.0064516129032258,
B2Mg0.8Ti0.2,conventional_AlB2,mp-763,,A1,37.8,3DSC_MP,15.5,c_parent,±20-50%,S1_v3_2_2B_extension,,substructure_aggregate_median,20.0,1.0,,,,0.0247533241713782,5000,H_below_validated_reduced_field,4.9630073955848495,4.688700006852902,5.284615147709259,0.064516129032258,
B2Mg0.8Ti0.2,conventional_AlB2,mp-763,,A1,37.8,3DSC_MP,15.5,c_parent,±20-50%,S1_v3_2_2B_extension,,substructure_aggregate_median,20.0,5.0,4.664916337522039,4.249147851895642,5.052513240089438,0.1865610489208693,5000,,,,,,
B2Mg0.8Ti0.2,conventional_AlB2,mp-763,,A1,37.8,3DSC_MP,15.5,c_parent,±20-50%,S1_v3_2_2B_extension,,substructure_aggregate_median,29.106,0.1,,,,0.0,5000,H_below_validated_reduced_field,4.646033113400623,4.188440825760861,5.176921154973103,0.0064516129032258,
B2Mg0.8Ti0.2,conventional_AlB2,mp-763,,A1,37.8,3DSC_MP,15.5,c_parent,±20-50%,S1_v3_2_2B_extension,,substructure_aggregate_median,29.106,1.0,,,,0.0244609541941365,5000,H_below_validated_reduced_field,4.588851057320223,4.119698482718028,5.12582662026482,0.064516129032258,
B2Mg0.8Ti0.2,conventional_AlB2,mp-763,,A1,37.8,3DSC_MP,15.5,c_parent,±20-50%,S1_v3_2_2B_extension,,substructure_aggregate_median,29.106,5.0,,,,0.1917697170521854,5000,T_above_validated_reduced_temperature,4.290164137083802,3.701830342775122,4.879874719513261,,0.7700000000000001
B2Mg0.8Zn0.2,conventional_AlB2,mp-763,,A1,38.4,3DSC_MP,15.5,c_parent,±20-50%,S1_v3_2_2B_extension,,substructure_aggregate_median,4.2,0.1,,,,0.0,5000,H_below_validated_reduced_field,5.324105348641889,5.171003190830169,5.549941092791016,0.0064516129032258,
B2Mg0.8Zn0.2,conventional_AlB2,mp-763,,A1,38.4,3DSC_MP,15.5,c_parent,±20-50%,S1_v3_2_2B_extension,,substructure_aggregate_median,4.2,1.0,,,,0.0242485749384933,5000,H_below_validated_reduced_field,5.269431390263902,5.101096491764281,5.5019971542755925,0.064516129032258,
B2Mg0.8Zn0.2,conventional_AlB2,mp-763,,A1,38.4,3DSC_MP,15.5,c_parent,±20-50%,S1_v3_2_2B_extension,,substructure_aggregate_median,4.2,5.0,4.979161227585859,4.653615938449442,5.256010677755983,0.1866122223920356,5000,,,,,,
B2Mg0.8Zn0.2,conventional_AlB2,mp-763,,A1,38.4,3DSC_MP,15.5,c_parent,±20-50%,S1_v3_2_2B_extension,,substructure_aggregate_median,20.0,0.1,,,,0.0,5000,H_below_validated_reduced_field,5.031056870802062,4.76035586453245,5.336312940232499,0.0064516129032258,
B2Mg0.8Zn0.2,conventional_AlB2,mp-763,,A1,38.4,3DSC_MP,15.5,c_parent,±20-50%,S1_v3_2_2B_extension,,substructure_aggregate_median,20.0,1.0,,,,0.0239721434483115,5000,H_below_validated_reduced_field,4.969766277187105,4.687330893142925,5.289501496965213,0.064516129032258,
B2Mg0.8Zn0.2,conventional_AlB2,mp-763,,A1,38.4,3DSC_MP,15.5,c_parent,±20-50%,S1_v3_2_2B_extension,,substructure_aggregate_median,20.0,5.0,4.66837584178738,4.250250818382392,5.054582224497711,0.1924496262314239,5000,,,,,,
B2Mg0.8Zn0.2,conventional_AlB2,mp-763,,A1,38.4,3DSC_MP,15.5,c_parent,±20-50%,S1_v3_2_2B_extension,,substructure_aggregate_median,29.568,0.1,,,,0.0,5000,H_below_validated_reduced_field,4.6481241297339295,4.142346408674841,5.167103012811404,0.0064516129032258,
B2Mg0.8Zn0.2,conventional_AlB2,mp-763,,A1,38.4,3DSC_MP,15.5,c_parent,±20-50%,S1_v3_2_2B_extension,,substructure_aggregate_median,29.568,1.0,,,,0.0229144979585687,5000,H_below_validated_reduced_field,4.59271304463854,4.071627558343541,5.121566148538598,0.064516129032258,
B2Mg0.8Zn0.2,conventional_AlB2,mp-763,,A1,38.4,3DSC_MP,15.5,c_parent,±20-50%,S1_v3_2_2B_extension,,substructure_aggregate_median,29.568,5.0,,,,0.1919558048961809,5000,T_above_validated_reduced_temperature,4.289770412236116,3.6359948278859022,4.888572050221825,,0.77
B2Mg0.8Zr0.2,conventional_AlB2,mp-763,,A1,37.3,3DSC_MP,15.5,c_parent,±20-50%,S1_v3_2_2B_extension,,substructure_aggregate_median,4.2,0.1,,,,0.0,5000,H_below_validated_reduced_field,5.324105348641889,5.171003190830169,5.559330705252185,0.0064516129032258,
B2Mg0.8Zr0.2,conventional_AlB2,mp-763,,A1,37.3,3DSC_MP,15.5,c_parent,±20-50%,S1_v3_2_2B_extension,,substructure_aggregate_median,4.2,1.0,,,,0.0242669048672263,5000,H_below_validated_reduced_field,5.269431390263902,5.101961655945378,5.508729142414447,0.064516129032258,
B2Mg0.8Zr0.2,conventional_AlB2,mp-763,,A1,37.3,3DSC_MP,15.5,c_parent,±20-50%,S1_v3_2_2B_extension,,substructure_aggregate_median,4.2,5.0,4.978628899283534,4.661564106454811,5.266126083927362,0.1859407758312308,5000,,,,,,
B2Mg0.8Zr0.2,conventional_AlB2,mp-763,,A1,37.3,3DSC_MP,15.5,c_parent,±20-50%,S1_v3_2_2B_extension,,substructure_aggregate_median,20.0,0.1,,,,0.0,5000,H_below_validated_reduced_field,5.017475462598519,4.738871615227802,5.327672683357865,0.0064516129032258,
B2Mg0.8Zr0.2,conventional_AlB2,mp-763,,A1,37.3,3DSC_MP,15.5,c_parent,±20-50%,S1_v3_2_2B_extension,,substructure_aggregate_median,20.0,1.0,,,,0.0256541134204129,5000,H_below_validated_reduced_field,4.957204459418332,4.669372945737377,5.283972279294511,0.064516129032258,
B2Mg0.8Zr0.2,conventional_AlB2,mp-763,,A1,37.3,3DSC_MP,15.5,c_parent,±20-50%,S1_v3_2_2B_extension,,substructure_aggregate_median,20.0,5.0,4.654401282109474,4.223207718989063,5.053368719245778,0.1891827680282487,5000,,,,,,
B2Mg0.8Zr0.2,conventional_AlB2,mp-763,,A1,37.3,3DSC_MP,15.5,c_parent,±20-50%,S1_v3_2_2B_extension,,substructure_aggregate_median,28.721,0.1,,,,0.0,5000,H_below_validated_reduced_field,4.65584882773663,4.119098675699927,5.177289461955014,0.0064516129032258,
B2Mg0.8Zr0.2,conventional_AlB2,mp-763,,A1,37.3,3DSC_MP,15.5,c_parent,±20-50%,S1_v3_2_2B_extension,,substructure_aggregate_median,28.721,1.0,,,,0.0228429685476729,5000,H_below_validated_reduced_field,4.595361732523843,4.045726216625016,5.125870357809508,0.064516129032258,
B2Mg0.8Zr0.2,conventional_AlB2,mp-763,,A1,37.3,3DSC_MP,15.5,c_parent,±20-50%,S1_v3_2_2B_extension,,substructure_aggregate_median,28.721,5.0,,,,0.1949396429747265,5000,T_above_validated_reduced_temperature,4.290932282852009,3.645144287888902,4.886880082509889,,0.77
B2Mg0.9,conventional_AlB2,mp-763,,A1,38.2,3DSC_MP,15.5,c_parent,±20-50%,S1_v3_2_2B_extension,,substructure_aggregate_median,4.2,0.1,,,,0.0,5000,H_below_validated_reduced_field,5.324105348641889,5.1863788403346,5.559330705252185,0.0064516129032258,
B2Mg0.9,conventional_AlB2,mp-763,,A1,38.2,3DSC_MP,15.5,c_parent,±20-50%,S1_v3_2_2B_extension,,substructure_aggregate_median,4.2,1.0,,,,0.0251045870601087,5000,H_below_validated_reduced_field,5.266214364520186,5.104644875708542,5.508722502399244,0.064516129032258,
B2Mg0.9,conventional_AlB2,mp-763,,A1,38.2,3DSC_MP,15.5,c_parent,±20-50%,S1_v3_2_2B_extension,,substructure_aggregate_median,4.2,5.0,4.976264208839332,4.65808731005489,5.263524537620467,0.1845036098240786,5000,,,,,,
B2Mg0.9,conventional_AlB2,mp-763,,A1,38.2,3DSC_MP,15.5,c_parent,±20-50%,S1_v3_2_2B_extension,,substructure_aggregate_median,20.0,0.1,,,,0.0,5000,H_below_validated_reduced_field,5.02269303955394,4.764836394056017,5.3337289414030185,0.0064516129032258,
B2Mg0.9,conventional_AlB2,mp-763,,A1,38.2,3DSC_MP,15.5,c_parent,±20-50%,S1_v3_2_2B_extension,,substructure_aggregate_median,20.0,1.0,,,,0.0243320412688454,5000,H_below_validated_reduced_field,4.966158598557558,4.692387779988293,5.283469396385786,0.064516129032258,
B2Mg0.9,conventional_AlB2,mp-763,,A1,38.2,3DSC_MP,15.5,c_parent,±20-50%,S1_v3_2_2B_extension,,substructure_aggregate_median,20.0,5.0,4.664523178699433,4.252260010045114,5.047798170344647,0.1908901585950797,5000,,,,,,
B2Mg0.9,conventional_AlB2,mp-763,,A1,38.2,3DSC_MP,15.5,c_parent,±20-50%,S1_v3_2_2B_extension,,substructure_aggregate_median,29.414,0.1,,,,0.0,5000,H_below_validated_reduced_field,4.646229203372878,4.18934020918037,5.158388812239446,0.0064516129032258,
B2Mg0.9,conventional_AlB2,mp-763,,A1,38.2,3DSC_MP,15.5,c_parent,±20-50%,S1_v3_2_2B_extension,,substructure_aggregate_median,29.414,1.0,,,,0.0249630082528105,5000,H_below_validated_reduced_field,4.589155651330895,4.114285873756201,5.112266691041772,0.064516129032258,
B2Mg0.9,conventional_AlB2,mp-763,,A1,38.2,3DSC_MP,15.5,c_parent,±20-50%,S1_v3_2_2B_extension,,substructure_aggregate_median,29.414,5.0,,,,0.1944551269332963,5000,T_above_validated_reduced_temperature,4.28692584838445,3.6728076820944033,4.877626862374022,,0.77
B2Mg0.93Na0.07,conventional_AlB2,mp-763,,A1,38.0,3DSC_MP,15.5,c_parent,±20-50%,S1_v3_2_2B_extension,,substructure_aggregate_median,4.2,0.1,,,,0.0,5000,H_below_validated_reduced_field,5.324105348641889,5.171003190830169,5.559330705252185,0.0064516129032258,
B2Mg0.93Na0.07,conventional_AlB2,mp-763,,A1,38.0,3DSC_MP,15.5,c_parent,±20-50%,S1_v3_2_2B_extension,,substructure_aggregate_median,4.2,1.0,,,,0.0242485749384933,5000,H_below_validated_reduced_field,5.269431390263902,5.101961655945378,5.506323838669852,0.064516129032258,
B2Mg0.93Na0.07,conventional_AlB2,mp-763,,A1,38.0,3DSC_MP,15.5,c_parent,±20-50%,S1_v3_2_2B_extension,,substructure_aggregate_median,4.2,5.0,4.981675246088607,4.655366498224829,5.264406632650265,0.1857284068110249,5000,,,,,,
B2Mg0.93Na0.07,conventional_AlB2,mp-763,,A1,38.0,3DSC_MP,15.5,c_parent,±20-50%,S1_v3_2_2B_extension,,substructure_aggregate_median,20.0,0.1,,,,0.0,5000,H_below_validated_reduced_field,5.026466908536555,4.763613030506756,5.332434463128552,0.0064516129032258,
B2Mg0.93Na0.07,conventional_AlB2,mp-763,,A1,38.0,3DSC_MP,15.5,c_parent,±20-50%,S1_v3_2_2B_extension,,substructure_aggregate_median,20.0,1.0,,,,0.0241815812869417,5000,H_below_validated_reduced_field,4.964785629104238,4.689716561630652,5.290555904071107,0.064516129032258,
B2Mg0.93Na0.07,conventional_AlB2,mp-763,,A1,38.0,3DSC_MP,15.5,c_parent,±20-50%,S1_v3_2_2B_extension,,substructure_aggregate_median,20.0,5.0,4.664503460434936,4.251834108110792,5.05689997820616,0.1916366115981649,5000,,,,,,
B2Mg0.93Na0.07,conventional_AlB2,mp-763,,A1,38.0,3DSC_MP,15.5,c_parent,±20-50%,S1_v3_2_2B_extension,,substructure_aggregate_median,29.26,0.1,,,,0.0,5000,H_below_validated_reduced_field,4.6465510863200805,4.182540694299255,5.187962848666296,0.0064516129032258,
B2Mg0.93Na0.07,conventional_AlB2,mp-763,,A1,38.0,3DSC_MP,15.5,c_parent,±20-50%,S1_v3_2_2B_extension,,substructure_aggregate_median,29.26,1.0,,,,0.0239175453748794,5000,H_below_validated_reduced_field,4.591200145205463,4.111166402412154,5.137361470491618,0.064516129032258,
B2Mg0.93Na0.07,conventional_AlB2,mp-763,,A1,38.0,3DSC_MP,15.5,c_parent,±20-50%,S1_v3_2_2B_extension,,substructure_aggregate_median,29.26,5.0,,,,0.1934265748396413,5000,T_above_validated_reduced_temperature,4.287247731331653,3.690971634649855,4.898083474210686,,0.77
B2Mg0.94Pb0.06,conventional_AlB2,mp-763,,A1,35.0,3DSC_MP,15.5,c_parent,±20-50%,S1_v3_2_2B_extension,,substructure_aggregate_median,4.2,0.1,,,,0.0,5000,H_below_validated_reduced_field,5.324105348641889,5.171003190830169,5.559330705252185,0.0064516129032258,
B2Mg0.94Pb0.06,conventional_AlB2,mp-763,,A1,35.0,3DSC_MP,15.5,c_parent,±20-50%,S1_v3_2_2B_extension,,substructure_aggregate_median,4.2,1.0,,,,0.0251493678374252,5000,H_below_validated_reduced_field,5.270343882357867,5.102884623932617,5.504780351850702,0.064516129032258,
B2Mg0.94Pb0.06,conventional_AlB2,mp-763,,A1,35.0,3DSC_MP,15.5,c_parent,±20-50%,S1_v3_2_2B_extension,,substructure_aggregate_median,4.2,5.0,4.978240786087785,4.661987392088656,5.258431937471141,0.1855177007787105,5000,,,,,,
B2Mg0.94Pb0.06,conventional_AlB2,mp-763,,A1,35.0,3DSC_MP,15.5,c_parent,±20-50%,S1_v3_2_2B_extension,,substructure_aggregate_median,20.0,0.1,,,,0.0,5000,H_below_validated_reduced_field,4.978161426875234,4.688491494449147,5.309426302020235,0.0064516129032258,
B2Mg0.94Pb0.06,conventional_AlB2,mp-763,,A1,35.0,3DSC_MP,15.5,c_parent,±20-50%,S1_v3_2_2B_extension,,substructure_aggregate_median,20.0,1.0,,,,0.0248228682558995,5000,H_below_validated_reduced_field,4.919919322496025,4.613699437063096,5.259852037919769,0.064516129032258,
B2Mg0.94Pb0.06,conventional_AlB2,mp-763,,A1,35.0,3DSC_MP,15.5,c_parent,±20-50%,S1_v3_2_2B_extension,,substructure_aggregate_median,20.0,5.0,4.614254021456638,4.176521092567454,5.023038190313475,0.1903384679490027,5000,,,,,,
B2Mg0.94Pb0.06,conventional_AlB2,mp-763,,A1,35.0,3DSC_MP,15.5,c_parent,±20-50%,S1_v3_2_2B_extension,,substructure_aggregate_median,26.95,0.1,,,,0.0,5000,H_below_validated_reduced_field,4.648147027150256,4.135868776664697,5.169738811361065,0.0064516129032258,
B2Mg0.94Pb0.06,conventional_AlB2,mp-763,,A1,35.0,3DSC_MP,15.5,c_parent,±20-50%,S1_v3_2_2B_extension,,substructure_aggregate_median,26.95,1.0,,,,0.0237327177879835,5000,H_below_validated_reduced_field,4.5929409171508535,4.062795541185404,5.121579275398742,0.064516129032258,
B2Mg0.94Pb0.06,conventional_AlB2,mp-763,,A1,35.0,3DSC_MP,15.5,c_parent,±20-50%,S1_v3_2_2B_extension,,substructure_aggregate_median,26.95,5.0,,,,0.1945122260704783,5000,T_above_validated_reduced_temperature,4.290083097121328,3.649702830899979,4.88563554060589,,0.77
B2Mg0.95Mn0.05,conventional_AlB2,mp-763,,A1,30.0,3DSC_MP,15.5,c_parent,±20-50%,S1_v3_2_2B_extension,,substructure_aggregate_median,4.2,0.1,,,,0.0,5000,H_below_validated_reduced_field,5.324105348641889,5.171003190830169,5.559330705252185,0.0064516129032258,
B2Mg0.95Mn0.05,conventional_AlB2,mp-763,,A1,30.0,3DSC_MP,15.5,c_parent,±20-50%,S1_v3_2_2B_extension,,substructure_aggregate_median,4.2,1.0,,,,0.0252764068725737,5000,H_below_validated_reduced_field,5.271544406272218,5.103264623835246,5.506751427124972,0.064516129032258,
B2Mg0.95Mn0.05,conventional_AlB2,mp-763,,A1,30.0,3DSC_MP,15.5,c_parent,±20-50%,S1_v3_2_2B_extension,,substructure_aggregate_median,4.2,5.0,4.9808168791513445,4.668692219843093,5.270572995281247,0.1850470720690538,5000,,,,,,
B2Mg0.95Mn0.05,conventional_AlB2,mp-763,,A1,30.0,3DSC_MP,15.5,c_parent,±20-50%,S1_v3_2_2B_extension,,substructure_aggregate_median,20.0,0.1,,,,0.0,5000,H_below_validated_reduced_field,4.867415301257425,4.482336656149851,5.260181402162738,0.0064516129032258,
B2Mg0.95Mn0.05,conventional_AlB2,mp-763,,A1,30.0,3DSC_MP,15.5,c_parent,±20-50%,S1_v3_2_2B_extension,,substructure_aggregate_median,20.0,1.0,,,,0.0254436057273235,5000,H_below_validated_reduced_field,4.806525145249607,4.411288611665447,5.21349409247897,0.064516129032258,
B2Mg0.95Mn0.05,conventional_AlB2,mp-763,,A1,30.0,3DSC_MP,15.5,c_parent,±20-50%,S1_v3_2_2B_extension,,substructure_aggregate_median,20.0,5.0,4.499228351244579,3.980380230097741,4.9813738203538,0.1904137895315285,5000,,,,,,
B2Mg0.95Mn0.05,conventional_AlB2,mp-763,,A1,30.0,3DSC_MP,15.5,c_parent,±20-50%,S1_v3_2_2B_extension,,substructure_aggregate_median,23.1,0.1,,,,0.0,5000,H_below_validated_reduced_field,4.6632288601483225,4.122124489273836,5.189002290544084,0.0064516129032258,
B2Mg0.95Mn0.05,conventional_AlB2,mp-763,,A1,30.0,3DSC_MP,15.5,c_parent,±20-50%,S1_v3_2_2B_extension,,substructure_aggregate_median,23.1,1.0,,,,0.02294812566842,5000,H_below_validated_reduced_field,4.608182088559566,4.051508956613454,5.140089152623761,0.064516129032258,
B2Mg0.95Mn0.05,conventional_AlB2,mp-763,,A1,30.0,3DSC_MP,15.5,c_parent,±20-50%,S1_v3_2_2B_extension,,substructure_aggregate_median,23.1,5.0,,,,0.1912670732230417,5000,T_above_validated_reduced_temperature,4.306147150398644,3.636027152104969,4.895455100843726,,0.77
B2Mg0.95Ti0.05,conventional_AlB2,mp-763,,A1,38.5,3DSC_MP,15.5,c_parent,±20-50%,S1_v3_2_2B_extension,,substructure_aggregate_median,4.2,0.1,,,,0.0,5000,H_below_validated_reduced_field,5.324105348641889,5.1863788403346,5.559330705252185,0.0064516129032258,
B2Mg0.95Ti0.05,conventional_AlB2,mp-763,,A1,38.5,3DSC_MP,15.5,c_parent,±20-50%,S1_v3_2_2B_extension,,substructure_aggregate_median,4.2,1.0,,,,0.0269497634137731,5000,H_below_validated_reduced_field,5.271544406272218,5.106267801025989,5.506411368300817,0.064516129032258,
B2Mg0.95Ti0.05,conventional_AlB2,mp-763,,A1,38.5,3DSC_MP,15.5,c_parent,±20-50%,S1_v3_2_2B_extension,,substructure_aggregate_median,4.2,5.0,4.97990458896984,4.667268958449525,5.257448727793254,0.1874646280936547,5000,,,,,,
B2Mg0.95Ti0.05,conventional_AlB2,mp-763,,A1,38.5,3DSC_MP,15.5,c_parent,±20-50%,S1_v3_2_2B_extension,,substructure_aggregate_median,20.0,0.1,,,,0.0,5000,H_below_validated_reduced_field,5.032180472992165,4.770152356824497,5.335673734573872,0.0064516129032258,
B2Mg0.95Ti0.05,conventional_AlB2,mp-763,,A1,38.5,3DSC_MP,15.5,c_parent,±20-50%,S1_v3_2_2B_extension,,substructure_aggregate_median,20.0,1.0,,,,0.0239255603389088,5000,H_below_validated_reduced_field,4.9714772857467775,4.697098445540231,5.290530746153812,0.064516129032258,
B2Mg0.95Ti0.05,conventional_AlB2,mp-763,,A1,38.5,3DSC_MP,15.5,c_parent,±20-50%,S1_v3_2_2B_extension,,substructure_aggregate_median,20.0,5.0,4.672686237981405,4.266309411381549,5.055721688113898,0.1912117375619804,5000,,,,,,
B2Mg0.95Ti0.05,conventional_AlB2,mp-763,,A1,38.5,3DSC_MP,15.5,c_parent,±20-50%,S1_v3_2_2B_extension,,substructure_aggregate_median,29.645,0.1,,,,0.0,5000,H_below_validated_reduced_field,4.653895278344464,4.197534451710816,5.1764225817695575,0.0064516129032258,
B2Mg0.95Ti0.05,conventional_AlB2,mp-763,,A1,38.5,3DSC_MP,15.5,c_parent,±20-50%,S1_v3_2_2B_extension,,substructure_aggregate_median,29.645,1.0,,,,0.0238961216469322,5000,H_below_validated_reduced_field,4.5960042942227615,4.120644534872398,5.125014064569656,0.064516129032258,
B2Mg0.95Ti0.05,conventional_AlB2,mp-763,,A1,38.5,3DSC_MP,15.5,c_parent,±20-50%,S1_v3_2_2B_extension,,substructure_aggregate_median,29.645,5.0,,,,0.1958941403155547,5000,T_above_validated_reduced_temperature,4.288637571953361,3.699308315083176,4.8882803543190985,,0.77
B2Mg0.95Zn0.05,conventional_AlB2,mp-763,,A1,38.3,3DSC_MP,15.5,c_parent,±20-50%,S1_v3_2_2B_extension,,substructure_aggregate_median,4.2,0.1,,,,0.0,5000,H_below_validated_reduced_field,5.324105348641889,5.1863788403346,5.559330705252185,0.0064516129032258,
B2Mg0.95Zn0.05,conventional_AlB2,mp-763,,A1,38.3,3DSC_MP,15.5,c_parent,±20-50%,S1_v3_2_2B_extension,,substructure_aggregate_median,4.2,1.0,,,,0.023709514855291,5000,H_below_validated_reduced_field,5.269431390263902,5.103255297865912,5.5131459977201285,0.064516129032258,
B2Mg0.95Zn0.05,conventional_AlB2,mp-763,,A1,38.3,3DSC_MP,15.5,c_parent,±20-50%,S1_v3_2_2B_extension,,substructure_aggregate_median,4.2,5.0,4.980622895715926,4.657567016619448,5.274337113726394,0.1835822140420857,5000,,,,,,
B2Mg0.95Zn0.05,conventional_AlB2,mp-763,,A1,38.3,3DSC_MP,15.5,c_parent,±20-50%,S1_v3_2_2B_extension,,substructure_aggregate_median,20.0,0.1,,,,0.0,5000,H_below_validated_reduced_field,5.030556573943203,4.768520632334422,5.334382648612077,0.0064516129032258,
B2Mg0.95Zn0.05,conventional_AlB2,mp-763,,A1,38.3,3DSC_MP,15.5,c_parent,±20-50%,S1_v3_2_2B_extension,,substructure_aggregate_median,20.0,1.0,,,,0.0253776045074234,5000,H_below_validated_reduced_field,4.973881029641117,4.6924009047797375,5.288802035597079,0.064516129032258,
B2Mg0.95Zn0.05,conventional_AlB2,mp-763,,A1,38.3,3DSC_MP,15.5,c_parent,±20-50%,S1_v3_2_2B_extension,,substructure_aggregate_median,20.0,5.0,4.67167520338468,4.253795290142487,5.057637428021434,0.1897388341227674,5000,,,,,,
B2Mg0.95Zn0.05,conventional_AlB2,mp-763,,A1,38.3,3DSC_MP,15.5,c_parent,±20-50%,S1_v3_2_2B_extension,,substructure_aggregate_median,29.491,0.1,,,,0.0,5000,H_below_validated_reduced_field,4.654211845064537,4.253784747263361,5.16717344459819,0.0064516129032258,
B2Mg0.95Zn0.05,conventional_AlB2,mp-763,,A1,38.3,3DSC_MP,15.5,c_parent,±20-50%,S1_v3_2_2B_extension,,substructure_aggregate_median,29.491,1.0,,,,0.0237715045407531,5000,H_below_validated_reduced_field,4.596320860942834,4.168065493820218,5.1235583787178,0.064516129032258,
B2Mg0.95Zn0.05,conventional_AlB2,mp-763,,A1,38.3,3DSC_MP,15.5,c_parent,±20-50%,S1_v3_2_2B_extension,,substructure_aggregate_median,29.491,5.0,,,,0.1882682423356376,5000,T_above_validated_reduced_temperature,4.294395623869491,3.71099600026588,4.888886792558536,,0.77
B2Mg0.95Zr0.05,conventional_AlB2,mp-763,,A1,37.7,3DSC_MP,15.5,c_parent,±20-50%,S1_v3_2_2B_extension,,substructure_aggregate_median,4.2,0.1,,,,0.0,5000,H_below_validated_reduced_field,5.324105348641889,5.1863788403346,5.559330705252185,0.0064516129032258,
B2Mg0.95Zr0.05,conventional_AlB2,mp-763,,A1,37.7,3DSC_MP,15.5,c_parent,±20-50%,S1_v3_2_2B_extension,,substructure_aggregate_median,4.2,1.0,,,,0.0246463674043102,5000,H_below_validated_reduced_field,5.269431390263902,5.1026131398903125,5.504363453106959,0.064516129032258,
B2Mg0.95Zr0.05,conventional_AlB2,mp-763,,A1,37.7,3DSC_MP,15.5,c_parent,±20-50%,S1_v3_2_2B_extension,,substructure_aggregate_median,4.2,5.0,4.977758236137484,4.655381392460561,5.256220376766975,0.1842540929444647,5000,,,,,,
B2Mg0.95Zr0.05,conventional_AlB2,mp-763,,A1,37.7,3DSC_MP,15.5,c_parent,±20-50%,S1_v3_2_2B_extension,,substructure_aggregate_median,20.0,0.1,,,,0.0,5000,H_below_validated_reduced_field,5.014778293474511,4.749776606362393,5.333711538887206,0.0064516129032258,
B2Mg0.95Zr0.05,conventional_AlB2,mp-763,,A1,37.7,3DSC_MP,15.5,c_parent,±20-50%,S1_v3_2_2B_extension,,substructure_aggregate_median,20.0,1.0,,,,0.0247165968799407,5000,H_below_validated_reduced_field,4.959432509426325,4.681040610751097,5.287903999262658,0.064516129032258,
B2Mg0.95Zr0.05,conventional_AlB2,mp-763,,A1,37.7,3DSC_MP,15.5,c_parent,±20-50%,S1_v3_2_2B_extension,,substructure_aggregate_median,20.0,5.0,4.656727576707379,4.241101305300437,5.058789155540778,0.1901062183158828,5000,,,,,,
B2Mg0.95Zr0.05,conventional_AlB2,mp-763,,A1,37.7,3DSC_MP,15.5,c_parent,±20-50%,S1_v3_2_2B_extension,,substructure_aggregate_median,29.029000000000003,0.1,,,,0.0,5000,H_below_validated_reduced_field,4.647040715485775,4.126097184362472,5.188180119764567,0.0064516129032258,
B2Mg0.95Zr0.05,conventional_AlB2,mp-763,,A1,37.7,3DSC_MP,15.5,c_parent,±20-50%,S1_v3_2_2B_extension,,substructure_aggregate_median,29.029000000000003,1.0,,,,0.0239195241868994,5000,H_below_validated_reduced_field,4.591694931437589,4.051709428753625,5.135600841637355,0.064516129032258,
B2Mg0.95Zr0.05,conventional_AlB2,mp-763,,A1,37.7,3DSC_MP,15.5,c_parent,±20-50%,S1_v3_2_2B_extension,,substructure_aggregate_median,29.029000000000003,5.0,,,,0.1930921382379917,5000,T_above_validated_reduced_temperature,4.285776894203593,3.641372938764446,4.895093380911806,,0.77
B2Mg0.96Mn0.04,conventional_AlB2,mp-763,,A1,32.3,3DSC_MP,15.5,c_parent,±20-50%,S1_v3_2_2B_extension,,substructure_aggregate_median,4.2,0.1,,,,0.0,5000,H_below_validated_reduced_field,5.324105348641889,5.1863788403346,5.559330705252185,0.0064516129032258,
B2Mg0.96Mn0.04,conventional_AlB2,mp-763,,A1,32.3,3DSC_MP,15.5,c_parent,±20-50%,S1_v3_2_2B_extension,,substructure_aggregate_median,4.2,1.0,,,,0.0257706709427596,5000,H_below_validated_reduced_field,5.271544406272218,5.1026131398903125,5.504780351850702,0.064516129032258,
B2Mg0.96Mn0.04,conventional_AlB2,mp-763,,A1,32.3,3DSC_MP,15.5,c_parent,±20-50%,S1_v3_2_2B_extension,,substructure_aggregate_median,4.2,5.0,4.981543337214,4.662443950924451,5.2644911623942825,0.1857284068110249,5000,,,,,,
B2Mg0.96Mn0.04,conventional_AlB2,mp-763,,A1,32.3,3DSC_MP,15.5,c_parent,±20-50%,S1_v3_2_2B_extension,,substructure_aggregate_median,20.0,0.1,,,,0.0,5000,H_below_validated_reduced_field,4.929703595774387,4.628694852296313,5.282991481393401,0.0064516129032258,
B2Mg0.96Mn0.04,conventional_AlB2,mp-763,,A1,32.3,3DSC_MP,15.5,c_parent,±20-50%,S1_v3_2_2B_extension,,substructure_aggregate_median,20.0,1.0,,,,0.0244492497559356,5000,H_below_validated_reduced_field,4.872401928194538,4.54710628004279,5.240226355618384,0.064516129032258,
B2Mg0.96Mn0.04,conventional_AlB2,mp-763,,A1,32.3,3DSC_MP,15.5,c_parent,±20-50%,S1_v3_2_2B_extension,,substructure_aggregate_median,20.0,5.0,4.566997889705483,4.102113807042482,5.004041411877218,0.1893584724465054,5000,,,,,,
B2Mg0.96Mn0.04,conventional_AlB2,mp-763,,A1,32.3,3DSC_MP,15.5,c_parent,±20-50%,S1_v3_2_2B_extension,,substructure_aggregate_median,24.871,0.1,,,,0.0,5000,H_below_validated_reduced_field,4.665666969958143,4.257732880307679,5.1798196555284886,0.0064516129032258,
B2Mg0.96Mn0.04,conventional_AlB2,mp-763,,A1,32.3,3DSC_MP,15.5,c_parent,±20-50%,S1_v3_2_2B_extension,,substructure_aggregate_median,24.871,1.0,,,,0.0245355036446133,5000,H_below_validated_reduced_field,4.608839125373674,4.177682008674483,5.13214160471001,0.064516129032258,
B2Mg0.96Mn0.04,conventional_AlB2,mp-763,,A1,32.3,3DSC_MP,15.5,c_parent,±20-50%,S1_v3_2_2B_extension,,substructure_aggregate_median,24.871,5.0,,,,0.1928298385388807,5000,T_above_validated_reduced_temperature,4.307343295702307,3.723660771122932,4.893196221267145,,0.77
B2Mg0.97Na0.03,conventional_AlB2,mp-763,,A1,38.0,3DSC_MP,15.5,c_parent,±20-50%,S1_v3_2_2B_extension,,substructure_aggregate_median,4.2,0.1,,,,0.0,5000,H_below_validated_reduced_field,5.324105348641889,5.1863788403346,5.559330705252185,0.0064516129032258,
B2Mg0.97Na0.03,conventional_AlB2,mp-763,,A1,38.0,3DSC_MP,15.5,c_parent,±20-50%,S1_v3_2_2B_extension,,substructure_aggregate_median,4.2,1.0,,,,0.0257448331470833,5000,H_below_validated_reduced_field,5.271037799738924,5.106267801025989,5.506326026910626,0.064516129032258,
B2Mg0.97Na0.03,conventional_AlB2,mp-763,,A1,38.0,3DSC_MP,15.5,c_parent,±20-50%,S1_v3_2_2B_extension,,substructure_aggregate_median,4.2,5.0,4.97990458896984,4.667265999654936,5.263501015723233,0.1864933408724089,5000,,,,,,
B2Mg0.97Na0.03,conventional_AlB2,mp-763,,A1,38.0,3DSC_MP,15.5,c_parent,±20-50%,S1_v3_2_2B_extension,,substructure_aggregate_median,20.0,0.1,,,,0.0,5000,H_below_validated_reduced_field,5.026466908536555,4.753842727547954,5.340312654016243,0.0064516129032258,
B2Mg0.97Na0.03,conventional_AlB2,mp-763,,A1,38.0,3DSC_MP,15.5,c_parent,±20-50%,S1_v3_2_2B_extension,,substructure_aggregate_median,20.0,1.0,,,,0.0241866641461294,5000,H_below_validated_reduced_field,4.965763721291168,4.680794201972422,5.292275626645776,0.064516129032258,
B2Mg0.97Na0.03,conventional_AlB2,mp-763,,A1,38.0,3DSC_MP,15.5,c_parent,±20-50%,S1_v3_2_2B_extension,,substructure_aggregate_median,20.0,5.0,4.665548228646005,4.240123529799593,5.058142561277677,0.1902260508576265,5000,,,,,,
B2Mg0.97Na0.03,conventional_AlB2,mp-763,,A1,38.0,3DSC_MP,15.5,c_parent,±20-50%,S1_v3_2_2B_extension,,substructure_aggregate_median,29.26,0.1,,,,0.0,5000,H_below_validated_reduced_field,4.651177254762502,4.113916369572271,5.187962848666296,0.0064516129032258,
B2Mg0.97Na0.03,conventional_AlB2,mp-763,,A1,38.0,3DSC_MP,15.5,c_parent,±20-50%,S1_v3_2_2B_extension,,substructure_aggregate_median,29.26,1.0,,,,0.0239592688927272,5000,H_below_validated_reduced_field,4.591548599765483,4.038195353906721,5.140053114917717,0.064516129032258,
B2Mg0.97Na0.03,conventional_AlB2,mp-763,,A1,38.0,3DSC_MP,15.5,c_parent,±20-50%,S1_v3_2_2B_extension,,substructure_aggregate_median,29.26,5.0,,,,0.1901851431397609,5000,T_above_validated_reduced_temperature,4.28845733710854,3.615786755825068,4.897443799395943,,0.77
B2Mg0.98,conventional_AlB2,mp-763,,A1,38.4,3DSC_MP,15.5,c_parent,±20-50%,S1_v3_2_2B_extension,,substructure_aggregate_median,4.2,0.1,,,,0.0,5000,H_below_validated_reduced_field,5.324105348641889,5.171003190830169,5.549941092791016,0.0064516129032258,
B2Mg0.98,conventional_AlB2,mp-763,,A1,38.4,3DSC_MP,15.5,c_parent,±20-50%,S1_v3_2_2B_extension,,substructure_aggregate_median,4.2,1.0,,,,0.0239978518877705,5000,H_below_validated_reduced_field,5.268327380528502,5.101096491764281,5.504360479776018,0.064516129032258,
B2Mg0.98,conventional_AlB2,mp-763,,A1,38.4,3DSC_MP,15.5,c_parent,±20-50%,S1_v3_2_2B_extension,,substructure_aggregate_median,4.2,5.0,4.9763786985300005,4.659103484778752,5.256994599571886,0.1867810593767851,5000,,,,,,
B2Mg0.98,conventional_AlB2,mp-763,,A1,38.4,3DSC_MP,15.5,c_parent,±20-50%,S1_v3_2_2B_extension,,substructure_aggregate_median,20.0,0.1,,,,0.0,5000,H_below_validated_reduced_field,5.031056870802062,4.767980934117012,5.33503088956498,0.0064516129032258,
B2Mg0.98,conventional_AlB2,mp-763,,A1,38.4,3DSC_MP,15.5,c_parent,±20-50%,S1_v3_2_2B_extension,,substructure_aggregate_median,20.0,1.0,,,,0.0230809200278168,5000,H_below_validated_reduced_field,4.969756363130608,4.687869894808402,5.288008876019775,0.064516129032258,
B2Mg0.98,conventional_AlB2,mp-763,,A1,38.4,3DSC_MP,15.5,c_parent,±20-50%,S1_v3_2_2B_extension,,substructure_aggregate_median,20.0,5.0,4.665674992913292,4.259479350709919,5.050838969116036,0.1901554789269228,5000,,,,,,
B2Mg0.98,conventional_AlB2,mp-763,,A1,38.4,3DSC_MP,15.5,c_parent,±20-50%,S1_v3_2_2B_extension,,substructure_aggregate_median,29.568,0.1,,,,0.0,5000,H_below_validated_reduced_field,4.640494072416694,4.18740761551077,5.167103012811404,0.0064516129032258,
B2Mg0.98,conventional_AlB2,mp-763,,A1,38.4,3DSC_MP,15.5,c_parent,±20-50%,S1_v3_2_2B_extension,,substructure_aggregate_median,29.568,1.0,,,,0.0254531252675267,5000,H_below_validated_reduced_field,4.587668774943022,4.121017985468082,5.121860005168257,0.064516129032258,
B2Mg0.98,conventional_AlB2,mp-763,,A1,38.4,3DSC_MP,15.5,c_parent,±20-50%,S1_v3_2_2B_extension,,substructure_aggregate_median,29.568,5.0,,,,0.194337642188648,5000,T_above_validated_reduced_temperature,4.281539256753845,3.690603055403234,4.891961616505274,,0.77
B2Mg0.988Sc0.012,conventional_AlB2,mp-763,,A1,41.4,3DSC_MP,15.5,c_parent,±20-50%,S1_v3_2_2B_extension,,substructure_aggregate_median,4.2,0.1,,,,0.0,5000,H_below_validated_reduced_field,5.324105348641889,5.171003190830169,5.559330705252185,0.0064516129032258,
B2Mg0.988Sc0.012,conventional_AlB2,mp-763,,A1,41.4,3DSC_MP,15.5,c_parent,±20-50%,S1_v3_2_2B_extension,,substructure_aggregate_median,4.2,1.0,,,,0.0257448331470833,5000,H_below_validated_reduced_field,5.270343882357867,5.101961655945378,5.508722502399244,0.064516129032258,
B2Mg0.988Sc0.012,conventional_AlB2,mp-763,,A1,41.4,3DSC_MP,15.5,c_parent,±20-50%,S1_v3_2_2B_extension,,substructure_aggregate_median,4.2,5.0,4.981675246088607,4.6580299368748985,5.264406632650265,0.1825815273177466,5000,,,,,,
B2Mg0.988Sc0.012,conventional_AlB2,mp-763,,A1,41.4,3DSC_MP,15.5,c_parent,±20-50%,S1_v3_2_2B_extension,,substructure_aggregate_median,20.0,0.1,,,,0.0,5000,H_below_validated_reduced_field,5.0627300012125644,4.81200304882394,5.352245654131821,0.0064516129032258,
B2Mg0.988Sc0.012,conventional_AlB2,mp-763,,A1,41.4,3DSC_MP,15.5,c_parent,±20-50%,S1_v3_2_2B_extension,,substructure_aggregate_median,20.0,1.0,,,,0.0245475176166349,5000,H_below_validated_reduced_field,5.006506787320488,4.742088824534631,5.302741264557914,0.064516129032258,
B2Mg0.988Sc0.012,conventional_AlB2,mp-763,,A1,41.4,3DSC_MP,15.5,c_parent,±20-50%,S1_v3_2_2B_extension,,substructure_aggregate_median,20.0,5.0,4.707398357548378,4.306807181838872,5.070587795906425,0.1890767396248796,5000,,,,,,
B2Mg0.988Sc0.012,conventional_AlB2,mp-763,,A1,41.4,3DSC_MP,15.5,c_parent,±20-50%,S1_v3_2_2B_extension,,substructure_aggregate_median,31.878,0.1,,,,0.0,5000,H_below_validated_reduced_field,4.649668233237865,4.0980865898758445,5.165157233961928,0.0064516129032258,
B2Mg0.988Sc0.012,conventional_AlB2,mp-763,,A1,41.4,3DSC_MP,15.5,c_parent,±20-50%,S1_v3_2_2B_extension,,substructure_aggregate_median,31.878,1.0,,,,0.0232832377953675,5000,H_below_validated_reduced_field,4.589476724405139,4.022903477754912,5.119958565997982,0.064516129032258,
B2Mg0.988Sc0.012,conventional_AlB2,mp-763,,A1,41.4,3DSC_MP,15.5,c_parent,±20-50%,S1_v3_2_2B_extension,,substructure_aggregate_median,31.878,5.0,,,,0.1928238990520103,5000,T_above_validated_reduced_temperature,4.287550970255874,3.628989076238924,4.881783089920845,,0.77
B2Mg0.98Pb0.02,conventional_AlB2,mp-763,,A1,35.5,3DSC_MP,15.5,c_parent,±20-50%,S1_v3_2_2B_extension,,substructure_aggregate_median,4.2,0.1,,,,0.0,5000,H_below_validated_reduced_field,5.324105348641889,5.1863788403346,5.559330705252185,0.0064516129032258,
B2Mg0.98Pb0.02,conventional_AlB2,mp-763,,A1,35.5,3DSC_MP,15.5,c_parent,±20-50%,S1_v3_2_2B_extension,,substructure_aggregate_median,4.2,1.0,,,,0.0267936044545686,5000,H_below_validated_reduced_field,5.271544406272218,5.103255297865912,5.508175347598792,0.064516129032258,
B2Mg0.98Pb0.02,conventional_AlB2,mp-763,,A1,35.5,3DSC_MP,15.5,c_parent,±20-50%,S1_v3_2_2B_extension,,substructure_aggregate_median,4.2,5.0,4.978628899283534,4.655381392460561,5.26941680692436,0.1850681646810885,5000,,,,,,
B2Mg0.98Pb0.02,conventional_AlB2,mp-763,,A1,35.5,3DSC_MP,15.5,c_parent,±20-50%,S1_v3_2_2B_extension,,substructure_aggregate_median,20.0,0.1,,,,0.0,5000,H_below_validated_reduced_field,4.990773582923455,4.722846506641194,5.319480670654585,0.0064516129032258,
B2Mg0.98Pb0.02,conventional_AlB2,mp-763,,A1,35.5,3DSC_MP,15.5,c_parent,±20-50%,S1_v3_2_2B_extension,,substructure_aggregate_median,20.0,1.0,,,,0.0239999497384495,5000,H_below_validated_reduced_field,4.931533017392095,4.644781054385614,5.268563579543121,0.064516129032258,
B2Mg0.98Pb0.02,conventional_AlB2,mp-763,,A1,35.5,3DSC_MP,15.5,c_parent,±20-50%,S1_v3_2_2B_extension,,substructure_aggregate_median,20.0,5.0,4.6251302200503295,4.186652114194771,5.034368886227101,0.1912352850038896,5000,,,,,,
B2Mg0.98Pb0.02,conventional_AlB2,mp-763,,A1,35.5,3DSC_MP,15.5,c_parent,±20-50%,S1_v3_2_2B_extension,,substructure_aggregate_median,27.335,0.1,,,,0.0,5000,H_below_validated_reduced_field,4.659043352526611,4.245643140612595,5.178836410183742,0.0064516129032258,
B2Mg0.98Pb0.02,conventional_AlB2,mp-763,,A1,35.5,3DSC_MP,15.5,c_parent,±20-50%,S1_v3_2_2B_extension,,substructure_aggregate_median,27.335,1.0,,,,0.0244080898328897,5000,H_below_validated_reduced_field,4.6001396600857,4.161713212526356,5.130739908901134,0.064516129032258,
B2Mg0.98Pb0.02,conventional_AlB2,mp-763,,A1,35.5,3DSC_MP,15.5,c_parent,±20-50%,S1_v3_2_2B_extension,,substructure_aggregate_median,27.335,5.0,,,,0.1931006060941174,5000,T_above_validated_reduced_temperature,4.296825559607718,3.703288684423681,4.890949779572301,,0.77
B2Mg0.98Sc0.02,conventional_AlB2,mp-763,,A1,39.0,3DSC_MP,15.5,c_parent,±20-50%,S1_v3_2_2B_extension,,substructure_aggregate_median,4.2,0.1,,,,0.0,5000,H_below_validated_reduced_field,5.324105348641889,5.1863788403346,5.559330705252185,0.0064516129032258,
B2Mg0.98Sc0.02,conventional_AlB2,mp-763,,A1,39.0,3DSC_MP,15.5,c_parent,±20-50%,S1_v3_2_2B_extension,,substructure_aggregate_median,4.2,1.0,,,,0.0254594645429984,5000,H_below_validated_reduced_field,5.270655905196691,5.10734653176746,5.514051031074279,0.064516129032258,
B2Mg0.98Sc0.02,conventional_AlB2,mp-763,,A1,39.0,3DSC_MP,15.5,c_parent,±20-50%,S1_v3_2_2B_extension,,substructure_aggregate_median,4.2,5.0,4.980712441390612,4.671625444468842,5.281369895300264,0.1862888350268061,5000,,,,,,
B2Mg0.98Sc0.02,conventional_AlB2,mp-763,,A1,39.0,3DSC_MP,15.5,c_parent,±20-50%,S1_v3_2_2B_extension,,substructure_aggregate_median,20.0,0.1,,,,0.0,5000,H_below_validated_reduced_field,5.037661166864107,4.785102982134019,5.348199009044136,0.0064516129032258,
B2Mg0.98Sc0.02,conventional_AlB2,mp-763,,A1,39.0,3DSC_MP,15.5,c_parent,±20-50%,S1_v3_2_2B_extension,,substructure_aggregate_median,20.0,1.0,,,,0.024110919930167,5000,H_below_validated_reduced_field,4.9775935779538845,4.712944441842992,5.299775550140987,0.064516129032258,
B2Mg0.98Sc0.02,conventional_AlB2,mp-763,,A1,39.0,3DSC_MP,15.5,c_parent,±20-50%,S1_v3_2_2B_extension,,substructure_aggregate_median,20.0,5.0,4.676860370036109,4.282919692981801,5.070462923537469,0.1893260398885443,5000,,,,,,
B2Mg0.98Sc0.02,conventional_AlB2,mp-763,,A1,39.0,3DSC_MP,15.5,c_parent,±20-50%,S1_v3_2_2B_extension,,substructure_aggregate_median,30.03,0.1,,,,0.0,5000,H_below_validated_reduced_field,4.644976679318344,4.201411916698211,5.166988763812883,0.0064516129032258,
B2Mg0.98Sc0.02,conventional_AlB2,mp-763,,A1,39.0,3DSC_MP,15.5,c_parent,±20-50%,S1_v3_2_2B_extension,,substructure_aggregate_median,30.03,1.0,,,,0.0251330974520058,5000,H_below_validated_reduced_field,4.588070067618604,4.129260047286604,5.127540489450809,0.064516129032258,
B2Mg0.98Sc0.02,conventional_AlB2,mp-763,,A1,39.0,3DSC_MP,15.5,c_parent,±20-50%,S1_v3_2_2B_extension,,substructure_aggregate_median,30.03,5.0,,,,0.1929721617753177,5000,T_above_validated_reduced_temperature,4.286071508334704,3.713437534474856,4.892217470632189,,0.77
B2Mg0.99Mn0.01,conventional_AlB2,mp-763,,A1,33.4,3DSC_MP,15.5,c_parent,±20-50%,S1_v3_2_2B_extension,,substructure_aggregate_median,4.2,0.1,,,,0.0,5000,H_below_validated_reduced_field,5.324105348641889,5.1863788403346,5.559330705252185,0.0064516129032258,
B2Mg0.99Mn0.01,conventional_AlB2,mp-763,,A1,33.4,3DSC_MP,15.5,c_parent,±20-50%,S1_v3_2_2B_extension,,substructure_aggregate_median,4.2,1.0,,,,0.0255405430726636,5000,H_below_validated_reduced_field,5.271019861639648,5.104680266782216,5.504780351850702,0.064516129032258,
B2Mg0.99Mn0.01,conventional_AlB2,mp-763,,A1,33.4,3DSC_MP,15.5,c_parent,±20-50%,S1_v3_2_2B_extension,,substructure_aggregate_median,4.2,5.0,4.979161227585859,4.65808731005489,5.263524537620467,0.1864077165464328,5000,,,,,,
B2Mg0.99Mn0.01,conventional_AlB2,mp-763,,A1,33.4,3DSC_MP,15.5,c_parent,±20-50%,S1_v3_2_2B_extension,,substructure_aggregate_median,20.0,0.1,,,,0.0,5000,H_below_validated_reduced_field,4.951446204319461,4.647732551049877,5.294141757692456,0.0064516129032258,
B2Mg0.99Mn0.01,conventional_AlB2,mp-763,,A1,33.4,3DSC_MP,15.5,c_parent,±20-50%,S1_v3_2_2B_extension,,substructure_aggregate_median,20.0,1.0,,,,0.024991430082351,5000,H_below_validated_reduced_field,4.892030887391261,4.5700567175632925,5.249448122399935,0.064516129032258,
B2Mg0.99Mn0.01,conventional_AlB2,mp-763,,A1,33.4,3DSC_MP,15.5,c_parent,±20-50%,S1_v3_2_2B_extension,,substructure_aggregate_median,20.0,5.0,4.5827173042915685,4.116496177643172,5.018340049699935,0.1904563177234806,5000,,,,,,
B2Mg0.99Mn0.01,conventional_AlB2,mp-763,,A1,33.4,3DSC_MP,15.5,c_parent,±20-50%,S1_v3_2_2B_extension,,substructure_aggregate_median,25.718,0.1,,,,0.0,5000,H_below_validated_reduced_field,4.655094410805765,4.142283627862901,5.190611108325515,0.0064516129032258,
B2Mg0.99Mn0.01,conventional_AlB2,mp-763,,A1,33.4,3DSC_MP,15.5,c_parent,±20-50%,S1_v3_2_2B_extension,,substructure_aggregate_median,25.718,1.0,,,,0.0244345913524846,5000,H_below_validated_reduced_field,4.598297586513122,4.069123616050176,5.13678666458634,0.064516129032258,
B2Mg0.99Mn0.01,conventional_AlB2,mp-763,,A1,33.4,3DSC_MP,15.5,c_parent,±20-50%,S1_v3_2_2B_extension,,substructure_aggregate_median,25.718,5.0,,,,0.1934006580924157,5000,T_above_validated_reduced_temperature,4.29456395047279,3.67512231134642,4.895971619082965,,0.77
B2Mg0.99Pb0.01,conventional_AlB2,mp-763,,A1,35.9,3DSC_MP,15.5,c_parent,±20-50%,S1_v3_2_2B_extension,,substructure_aggregate_median,4.2,0.1,,,,0.0,5000,H_below_validated_reduced_field,5.324105348641889,5.1863788403346,5.549941092791016,0.0064516129032258,
B2Mg0.99Pb0.01,conventional_AlB2,mp-763,,A1,35.9,3DSC_MP,15.5,c_parent,±20-50%,S1_v3_2_2B_extension,,substructure_aggregate_median,4.2,1.0,,,,0.0246509986535192,5000,H_below_validated_reduced_field,5.270126875332979,5.109270978216732,5.504791778125286,0.064516129032258,
B2Mg0.99Pb0.01,conventional_AlB2,mp-763,,A1,35.9,3DSC_MP,15.5,c_parent,±20-50%,S1_v3_2_2B_extension,,substructure_aggregate_median,4.2,5.0,4.981675246088607,4.667265999654936,5.262594192545062,0.1841835298952858,5000,,,,,,
B2Mg0.99Pb0.01,conventional_AlB2,mp-763,,A1,35.9,3DSC_MP,15.5,c_parent,±20-50%,S1_v3_2_2B_extension,,substructure_aggregate_median,20.0,0.1,,,,0.0,5000,H_below_validated_reduced_field,4.995856738423834,4.715641243810425,5.322287542412134,0.0064516129032258,
B2Mg0.99Pb0.01,conventional_AlB2,mp-763,,A1,35.9,3DSC_MP,15.5,c_parent,±20-50%,S1_v3_2_2B_extension,,substructure_aggregate_median,20.0,1.0,,,,0.0246026441813969,5000,H_below_validated_reduced_field,4.937387537962006,4.647045806671812,5.276712807394241,0.064516129032258,
B2Mg0.99Pb0.01,conventional_AlB2,mp-763,,A1,35.9,3DSC_MP,15.5,c_parent,±20-50%,S1_v3_2_2B_extension,,substructure_aggregate_median,20.0,5.0,4.635534276117643,4.209797245911828,5.047023798277358,0.1889804414436087,5000,,,,,,
B2Mg0.99Pb0.01,conventional_AlB2,mp-763,,A1,35.9,3DSC_MP,15.5,c_parent,±20-50%,S1_v3_2_2B_extension,,substructure_aggregate_median,27.643,0.1,,,,0.0,5000,H_below_validated_reduced_field,4.658303941334854,4.206428529670983,5.178451599542701,0.0064516129032258,
B2Mg0.99Pb0.01,conventional_AlB2,mp-763,,A1,35.9,3DSC_MP,15.5,c_parent,±20-50%,S1_v3_2_2B_extension,,substructure_aggregate_median,27.643,1.0,,,,0.0249940242668271,5000,H_below_validated_reduced_field,4.600412957213151,4.1318402623481845,5.134587101460879,0.064516129032258,
B2Mg0.99Pb0.01,conventional_AlB2,mp-763,,A1,35.9,3DSC_MP,15.5,c_parent,±20-50%,S1_v3_2_2B_extension,,substructure_aggregate_median,27.643,5.0,,,,0.1939115306069787,5000,T_above_validated_reduced_temperature,4.297374223100727,3.6984938788266377,4.909114085873218,,0.77
B2Mg0.99Sn0.01,conventional_AlB2,mp-763,,A1,33.5,3DSC_MP,15.5,c_parent,±20-50%,S1_v3_2_2B_extension,,substructure_aggregate_median,4.2,0.1,,,,0.0,5000,H_below_validated_reduced_field,5.324105348641889,5.1863788403346,5.559330705252185,0.0064516129032258,
B2Mg0.99Sn0.01,conventional_AlB2,mp-763,,A1,33.5,3DSC_MP,15.5,c_parent,±20-50%,S1_v3_2_2B_extension,,substructure_aggregate_median,4.2,1.0,,,,0.0250830935348016,5000,H_below_validated_reduced_field,5.270343882357867,5.107342745986254,5.506751427124972,0.064516129032258,
B2Mg0.99Sn0.01,conventional_AlB2,mp-763,,A1,33.5,3DSC_MP,15.5,c_parent,±20-50%,S1_v3_2_2B_extension,,substructure_aggregate_median,4.2,5.0,4.977717263980598,4.670741378486062,5.269564591760424,0.1864077165464328,5000,,,,,,
B2Mg0.99Sn0.01,conventional_AlB2,mp-763,,A1,33.5,3DSC_MP,15.5,c_parent,±20-50%,S1_v3_2_2B_extension,,substructure_aggregate_median,20.0,0.1,,,,0.0,5000,H_below_validated_reduced_field,4.9497363199131215,4.661503443743546,5.305856699907911,0.0064516129032258,
B2Mg0.99Sn0.01,conventional_AlB2,mp-763,,A1,33.5,3DSC_MP,15.5,c_parent,±20-50%,S1_v3_2_2B_extension,,substructure_aggregate_median,20.0,1.0,,,,0.0248353937517409,5000,H_below_validated_reduced_field,4.892108807629677,4.584796140034189,5.2628048402427945,0.064516129032258,
B2Mg0.99Sn0.01,conventional_AlB2,mp-763,,A1,33.5,3DSC_MP,15.5,c_parent,±20-50%,S1_v3_2_2B_extension,,substructure_aggregate_median,20.0,5.0,4.585288903226269,4.134443848417017,5.034291767070359,0.1909684481774212,5000,,,,,,
B2Mg0.99Sn0.01,conventional_AlB2,mp-763,,A1,33.5,3DSC_MP,15.5,c_parent,±20-50%,S1_v3_2_2B_extension,,substructure_aggregate_median,25.795,0.1,,,,0.0,5000,H_below_validated_reduced_field,4.654881955102798,4.15141626214278,5.191659640313509,0.0064516129032258,
B2Mg0.99Sn0.01,conventional_AlB2,mp-763,,A1,33.5,3DSC_MP,15.5,c_parent,±20-50%,S1_v3_2_2B_extension,,substructure_aggregate_median,25.795,1.0,,,,0.0242866019546861,5000,H_below_validated_reduced_field,4.599536171054612,4.0876907692745545,5.146079027298511,0.064516129032258,
B2Mg0.99Sn0.01,conventional_AlB2,mp-763,,A1,33.5,3DSC_MP,15.5,c_parent,±20-50%,S1_v3_2_2B_extension,,substructure_aggregate_median,25.795,5.0,,,,0.1955035210529994,5000,T_above_validated_reduced_temperature,4.294837249965669,3.6647578722495178,4.9081351331949055,,0.77
B2Mg0.99Ti0.01,conventional_AlB2,mp-763,,A1,38.6,3DSC_MP,15.5,c_parent,±20-50%,S1_v3_2_2B_extension,,substructure_aggregate_median,4.2,0.1,,,,0.0,5000,H_below_validated_reduced_field,5.324105348641889,5.171003190830169,5.549941092791016,0.0064516129032258,
B2Mg0.99Ti0.01,conventional_AlB2,mp-763,,A1,38.6,3DSC_MP,15.5,c_parent,±20-50%,S1_v3_2_2B_extension,,substructure_aggregate_median,4.2,1.0,,,,0.024182212884054,5000,H_below_validated_reduced_field,5.269431390263902,5.102014001796972,5.503796239442917,0.064516129032258,
B2Mg0.99Ti0.01,conventional_AlB2,mp-763,,A1,38.6,3DSC_MP,15.5,c_parent,±20-50%,S1_v3_2_2B_extension,,substructure_aggregate_median,4.2,5.0,4.981675246088607,4.661957270531784,5.264489202289058,0.1835362560812274,5000,,,,,,
B2Mg0.99Ti0.01,conventional_AlB2,mp-763,,A1,38.6,3DSC_MP,15.5,c_parent,±20-50%,S1_v3_2_2B_extension,,substructure_aggregate_median,20.0,0.1,,,,0.0,5000,H_below_validated_reduced_field,5.033294764575276,4.76971133154939,5.345700865178884,0.0064516129032258,
B2Mg0.99Ti0.01,conventional_AlB2,mp-763,,A1,38.6,3DSC_MP,15.5,c_parent,±20-50%,S1_v3_2_2B_extension,,substructure_aggregate_median,20.0,1.0,,,,0.0234445044068731,5000,H_below_validated_reduced_field,4.972414971916307,4.691725632917601,5.29523547344306,0.064516129032258,
B2Mg0.99Ti0.01,conventional_AlB2,mp-763,,A1,38.6,3DSC_MP,15.5,c_parent,±20-50%,S1_v3_2_2B_extension,,substructure_aggregate_median,20.0,5.0,4.674508054825669,4.248865125620045,5.0646808999280815,0.1912105726394291,5000,,,,,,
B2Mg0.99Ti0.01,conventional_AlB2,mp-763,,A1,38.6,3DSC_MP,15.5,c_parent,±20-50%,S1_v3_2_2B_extension,,substructure_aggregate_median,29.722,0.1,,,,0.0,5000,H_below_validated_reduced_field,4.653738300280222,4.1231623597956295,5.187539057294278,0.0064516129032258,
B2Mg0.99Ti0.01,conventional_AlB2,mp-763,,A1,38.6,3DSC_MP,15.5,c_parent,±20-50%,S1_v3_2_2B_extension,,substructure_aggregate_median,29.722,1.0,,,,0.0242842175705852,5000,H_below_validated_reduced_field,4.593025632928102,4.051825292516798,5.136946426737398,0.064516129032258,
B2Mg0.99Ti0.01,conventional_AlB2,mp-763,,A1,38.6,3DSC_MP,15.5,c_parent,±20-50%,S1_v3_2_2B_extension,,substructure_aggregate_median,29.722,5.0,,,,0.1956326268279724,5000,T_above_validated_reduced_temperature,4.2888021729115415,3.638491002171937,4.900305732826227,,0.77
B2Mg0.9Pb0.1,conventional_AlB2,mp-763,,A1,34.0,3DSC_MP,15.5,c_parent,±20-50%,S1_v3_2_2B_extension,,substructure_aggregate_median,4.2,0.1,,,,0.0,5000,H_below_validated_reduced_field,5.324105348641889,5.1863788403346,5.559330705252185,0.0064516129032258,
B2Mg0.9Pb0.1,conventional_AlB2,mp-763,,A1,34.0,3DSC_MP,15.5,c_parent,±20-50%,S1_v3_2_2B_extension,,substructure_aggregate_median,4.2,1.0,,,,0.0245708676803406,5000,H_below_validated_reduced_field,5.269431390263902,5.1050929950753625,5.511302177676431,0.064516129032258,
B2Mg0.9Pb0.1,conventional_AlB2,mp-763,,A1,34.0,3DSC_MP,15.5,c_parent,±20-50%,S1_v3_2_2B_extension,,substructure_aggregate_median,4.2,5.0,4.975326348157319,4.666260750805173,5.268738383906248,0.187850245595631,5000,,,,,,
B2Mg0.9Pb0.1,conventional_AlB2,mp-763,,A1,34.0,3DSC_MP,15.5,c_parent,±20-50%,S1_v3_2_2B_extension,,substructure_aggregate_median,20.0,0.1,,,,0.0,5000,H_below_validated_reduced_field,4.962136814092754,4.668342589629016,5.309563720993998,0.0064516129032258,
B2Mg0.9Pb0.1,conventional_AlB2,mp-763,,A1,34.0,3DSC_MP,15.5,c_parent,±20-50%,S1_v3_2_2B_extension,,substructure_aggregate_median,20.0,1.0,,,,0.0237824111045252,5000,H_below_validated_reduced_field,4.9051992243019535,4.593108532015773,5.261261904168445,0.064516129032258,
B2Mg0.9Pb0.1,conventional_AlB2,mp-763,,A1,34.0,3DSC_MP,15.5,c_parent,±20-50%,S1_v3_2_2B_extension,,substructure_aggregate_median,20.0,5.0,4.601216139625704,4.145428407825903,5.02995784170783,0.1904070908144479,5000,,,,,,
B2Mg0.9Pb0.1,conventional_AlB2,mp-763,,A1,34.0,3DSC_MP,15.5,c_parent,±20-50%,S1_v3_2_2B_extension,,substructure_aggregate_median,26.18,0.1,,,,0.0,5000,H_below_validated_reduced_field,4.661981989610196,4.158688625963652,5.187233970496481,0.0064516129032258,
B2Mg0.9Pb0.1,conventional_AlB2,mp-763,,A1,34.0,3DSC_MP,15.5,c_parent,±20-50%,S1_v3_2_2B_extension,,substructure_aggregate_median,26.18,1.0,,,,0.0237740321894364,5000,H_below_validated_reduced_field,4.604091005488494,4.097245855352418,5.135293356152912,0.064516129032258,
B2Mg0.9Pb0.1,conventional_AlB2,mp-763,,A1,34.0,3DSC_MP,15.5,c_parent,±20-50%,S1_v3_2_2B_extension,,substructure_aggregate_median,26.18,5.0,,,,0.193783134064839,5000,T_above_validated_reduced_temperature,4.299083092291819,3.685058004978711,4.901476262247291,,0.77
B2Mg0.9Ti0.1,conventional_AlB2,mp-763,,A1,38.3,3DSC_MP,15.5,c_parent,±20-50%,S1_v3_2_2B_extension,,substructure_aggregate_median,4.2,0.1,,,,0.0,5000,H_below_validated_reduced_field,5.324105348641889,5.1863788403346,5.559330705252185,0.0064516129032258,
B2Mg0.9Ti0.1,conventional_AlB2,mp-763,,A1,38.3,3DSC_MP,15.5,c_parent,±20-50%,S1_v3_2_2B_extension,,substructure_aggregate_median,4.2,1.0,,,,0.0239948834593759,5000,H_below_validated_reduced_field,5.269431390263902,5.106267801025989,5.50466141861311,0.064516129032258,
B2Mg0.9Ti0.1,conventional_AlB2,mp-763,,A1,38.3,3DSC_MP,15.5,c_parent,±20-50%,S1_v3_2_2B_extension,,substructure_aggregate_median,4.2,5.0,4.980622895715926,4.658087464905135,5.264406632650265,0.1840582823776584,5000,,,,,,
B2Mg0.9Ti0.1,conventional_AlB2,mp-763,,A1,38.3,3DSC_MP,15.5,c_parent,±20-50%,S1_v3_2_2B_extension,,substructure_aggregate_median,20.0,0.1,,,,0.0,5000,H_below_validated_reduced_field,5.02178159238899,4.765445871299325,5.334382648612077,0.0064516129032258,
B2Mg0.9Ti0.1,conventional_AlB2,mp-763,,A1,38.3,3DSC_MP,15.5,c_parent,±20-50%,S1_v3_2_2B_extension,,substructure_aggregate_median,20.0,1.0,,,,0.0239994926215141,5000,H_below_validated_reduced_field,4.9664415404781295,4.6924201701289405,5.285974567958309,0.064516129032258,
B2Mg0.9Ti0.1,conventional_AlB2,mp-763,,A1,38.3,3DSC_MP,15.5,c_parent,±20-50%,S1_v3_2_2B_extension,,substructure_aggregate_median,20.0,5.0,4.669647293619105,4.253795290142487,5.048393501800003,0.1876914109572487,5000,,,,,,
B2Mg0.9Ti0.1,conventional_AlB2,mp-763,,A1,38.3,3DSC_MP,15.5,c_parent,±20-50%,S1_v3_2_2B_extension,,substructure_aggregate_median,29.491,0.1,,,,0.0,5000,H_below_validated_reduced_field,4.64606960018882,4.086850947886555,5.155798559726647,0.0064516129032258,
B2Mg0.9Ti0.1,conventional_AlB2,mp-763,,A1,38.3,3DSC_MP,15.5,c_parent,±20-50%,S1_v3_2_2B_extension,,substructure_aggregate_median,29.491,1.0,,,,0.0239930586314489,5000,H_below_validated_reduced_field,4.590250642440751,4.02283652363906,5.11024830396986,0.064516129032258,
B2Mg0.9Ti0.1,conventional_AlB2,mp-763,,A1,38.3,3DSC_MP,15.5,c_parent,±20-50%,S1_v3_2_2B_extension,,substructure_aggregate_median,29.491,5.0,,,,0.1946832099773026,5000,T_above_validated_reduced_temperature,4.286067356825962,3.625190765915542,4.87806247421998,,0.77
B2Mg0.9Zn0.1,conventional_AlB2,mp-763,,A1,38.4,3DSC_MP,15.5,c_parent,±20-50%,S1_v3_2_2B_extension,,substructure_aggregate_median,4.2,0.1,,,,0.0,5000,H_below_validated_reduced_field,5.324105348641889,5.1863788403346,5.559330705252185,0.0064516129032258,
B2Mg0.9Zn0.1,conventional_AlB2,mp-763,,A1,38.4,3DSC_MP,15.5,c_parent,±20-50%,S1_v3_2_2B_extension,,substructure_aggregate_median,4.2,1.0,,,,0.0239948834593759,5000,H_below_validated_reduced_field,5.2695011907785725,5.106267801025989,5.509655623407958,0.064516129032258,
B2Mg0.9Zn0.1,conventional_AlB2,mp-763,,A1,38.4,3DSC_MP,15.5,c_parent,±20-50%,S1_v3_2_2B_extension,,substructure_aggregate_median,4.2,5.0,4.981543337214,4.667268958449525,5.270572995281247,0.1822889823293128,5000,,,,,,
B2Mg0.9Zn0.1,conventional_AlB2,mp-763,,A1,38.4,3DSC_MP,15.5,c_parent,±20-50%,S1_v3_2_2B_extension,,substructure_aggregate_median,20.0,0.1,,,,0.0,5000,H_below_validated_reduced_field,5.031056870802062,4.767980934117012,5.344443236030355,0.0064516129032258,
B2Mg0.9Zn0.1,conventional_AlB2,mp-763,,A1,38.4,3DSC_MP,15.5,c_parent,±20-50%,S1_v3_2_2B_extension,,substructure_aggregate_median,20.0,1.0,,,,0.0236359987836278,5000,H_below_validated_reduced_field,4.972466699564992,4.699208481853686,5.298237227792551,0.064516129032258,
B2Mg0.9Zn0.1,conventional_AlB2,mp-763,,A1,38.4,3DSC_MP,15.5,c_parent,±20-50%,S1_v3_2_2B_extension,,substructure_aggregate_median,20.0,5.0,4.675147844125015,4.2662835704595015,5.064089944176264,0.1920172126769301,5000,,,,,,
B2Mg0.9Zn0.1,conventional_AlB2,mp-763,,A1,38.4,3DSC_MP,15.5,c_parent,±20-50%,S1_v3_2_2B_extension,,substructure_aggregate_median,29.568,0.1,,,,0.0,5000,H_below_validated_reduced_field,4.654053124197947,4.188698019262651,5.187678759222101,0.0064516129032258,
B2Mg0.9Zn0.1,conventional_AlB2,mp-763,,A1,38.4,3DSC_MP,15.5,c_parent,±20-50%,S1_v3_2_2B_extension,,substructure_aggregate_median,29.568,1.0,,,,0.0238356604760614,5000,H_below_validated_reduced_field,4.59937916581996,4.121033013290519,5.141749415510507,0.064516129032258,
B2Mg0.9Zn0.1,conventional_AlB2,mp-763,,A1,38.4,3DSC_MP,15.5,c_parent,±20-50%,S1_v3_2_2B_extension,,substructure_aggregate_median,29.568,5.0,,,,0.1922137439105755,5000,T_above_validated_reduced_temperature,4.294598347372289,3.695414473972389,4.905036455537124,,0.77
B2Mg0.9Zr0.1,conventional_AlB2,mp-763,,A1,37.3,3DSC_MP,15.5,c_parent,±20-50%,S1_v3_2_2B_extension,,substructure_aggregate_median,4.2,0.1,,,,0.0,5000,H_below_validated_reduced_field,5.324105348641889,5.1863788403346,5.549941092791016,0.0064516129032258,
B2Mg0.9Zr0.1,conventional_AlB2,mp-763,,A1,37.3,3DSC_MP,15.5,c_parent,±20-50%,S1_v3_2_2B_extension,,substructure_aggregate_median,4.2,1.0,,,,0.0242505755862199,5000,H_below_validated_reduced_field,5.266214364520186,5.109270978216732,5.503925174940459,0.064516129032258,
B2Mg0.9Zr0.1,conventional_AlB2,mp-763,,A1,37.3,3DSC_MP,15.5,c_parent,±20-50%,S1_v3_2_2B_extension,,substructure_aggregate_median,4.2,5.0,4.9763786985300005,4.66074876192079,5.264489202289058,0.1821084352748663,5000,,,,,,
B2Mg0.9Zr0.1,conventional_AlB2,mp-763,,A1,37.3,3DSC_MP,15.5,c_parent,±20-50%,S1_v3_2_2B_extension,,substructure_aggregate_median,20.0,0.1,,,,0.0,5000,H_below_validated_reduced_field,5.013625932333636,4.749731005457174,5.327672683357865,0.0064516129032258,
B2Mg0.9Zr0.1,conventional_AlB2,mp-763,,A1,37.3,3DSC_MP,15.5,c_parent,±20-50%,S1_v3_2_2B_extension,,substructure_aggregate_median,20.0,1.0,,,,0.0241890639886177,5000,H_below_validated_reduced_field,4.955106692955224,4.673148153663429,5.283972279294511,0.064516129032258,
B2Mg0.9Zr0.1,conventional_AlB2,mp-763,,A1,37.3,3DSC_MP,15.5,c_parent,±20-50%,S1_v3_2_2B_extension,,substructure_aggregate_median,20.0,5.0,4.65118630935687,4.240110409026577,5.046709495515511,0.1923851726365413,5000,,,,,,
B2Mg0.9Zr0.1,conventional_AlB2,mp-763,,A1,37.3,3DSC_MP,15.5,c_parent,±20-50%,S1_v3_2_2B_extension,,substructure_aggregate_median,28.721,0.1,,,,0.0,5000,H_below_validated_reduced_field,4.647706582860913,4.189904564478796,5.182223141580709,0.0064516129032258,
B2Mg0.9Zr0.1,conventional_AlB2,mp-763,,A1,37.3,3DSC_MP,15.5,c_parent,±20-50%,S1_v3_2_2B_extension,,substructure_aggregate_median,28.721,1.0,,,,0.0250051152328527,5000,H_below_validated_reduced_field,4.5908707738946255,4.113965491436085,5.129409404876574,0.064516129032258,
B2Mg0.9Zr0.1,conventional_AlB2,mp-763,,A1,37.3,3DSC_MP,15.5,c_parent,±20-50%,S1_v3_2_2B_extension,,substructure_aggregate_median,28.721,5.0,,,,0.1950141678107186,5000,T_above_validated_reduced_temperature,4.287661877723784,3.681472100112211,4.889485020506533,,0.77
B2Nb0.7,conventional_AlB2,mp-450,,A1,7.96,3DSC_MP,,pending,,,,substructure_aggregate_median,4.2,0.1,5.324105348641889,5.171003190830169,5.559330705252185,,5000,Hc2_unavailable,,,,,
B2Nb0.7,conventional_AlB2,mp-450,,A1,7.96,3DSC_MP,,pending,,,,substructure_aggregate_median,4.2,1.0,5.324105348641889,5.171003190830169,5.559330705252185,,5000,Hc2_unavailable,,,,,
B2Nb0.7,conventional_AlB2,mp-450,,A1,7.96,3DSC_MP,,pending,,,,substructure_aggregate_median,4.2,5.0,5.324105348641889,5.171003190830169,5.559330705252185,,5000,Hc2_unavailable,,,,,
B2Nb0.7,conventional_AlB2,mp-450,,A1,7.96,3DSC_MP,,pending,,,,substructure_aggregate_median,20.0,0.1,,,,,5000,Hc2_unavailable,,,,,
B2Nb0.7,conventional_AlB2,mp-450,,A1,7.96,3DSC_MP,,pending,,,,substructure_aggregate_median,20.0,1.0,,,,,5000,Hc2_unavailable,,,,,
B2Nb0.7,conventional_AlB2,mp-450,,A1,7.96,3DSC_MP,,pending,,,,substructure_aggregate_median,20.0,5.0,,,,,5000,Hc2_unavailable,,,,,
B2Nb0.7,conventional_AlB2,mp-450,,A1,7.96,3DSC_MP,,pending,,,,substructure_aggregate_median,6.1292,0.1,4.982415350485944,4.696722814785645,5.325434566764852,,5000,Hc2_unavailable,,,,,
B2Nb0.7,conventional_AlB2,mp-450,,A1,7.96,3DSC_MP,,pending,,,,substructure_aggregate_median,6.1292,1.0,4.982415350485944,4.696722814785645,5.325434566764852,,5000,Hc2_unavailable,,,,,
B2Nb0.7,conventional_AlB2,mp-450,,A1,7.96,3DSC_MP,,pending,,,,substructure_aggregate_median,6.1292,5.0,4.982415350485944,4.696722814785645,5.325434566764852,,5000,Hc2_unavailable,,,,,
B2Nb0.83,conventional_AlB2,mp-450,,A1,9.77,3DSC_MP,,pending,,,,substructure_aggregate_median,4.2,0.1,5.324105348641889,5.171003190830169,5.559330705252185,,5000,Hc2_unavailable,,,,,
B2Nb0.83,conventional_AlB2,mp-450,,A1,9.77,3DSC_MP,,pending,,,,substructure_aggregate_median,4.2,1.0,5.324105348641889,5.171003190830169,5.559330705252185,,5000,Hc2_unavailable,,,,,
B2Nb0.83,conventional_AlB2,mp-450,,A1,9.77,3DSC_MP,,pending,,,,substructure_aggregate_median,4.2,5.0,5.324105348641889,5.171003190830169,5.559330705252185,,5000,Hc2_unavailable,,,,,
B2Nb0.83,conventional_AlB2,mp-450,,A1,9.77,3DSC_MP,,pending,,,,substructure_aggregate_median,20.0,0.1,,,,,5000,Hc2_unavailable,,,,,
B2Nb0.83,conventional_AlB2,mp-450,,A1,9.77,3DSC_MP,,pending,,,,substructure_aggregate_median,20.0,1.0,,,,,5000,Hc2_unavailable,,,,,
B2Nb0.83,conventional_AlB2,mp-450,,A1,9.77,3DSC_MP,,pending,,,,substructure_aggregate_median,20.0,5.0,,,,,5000,Hc2_unavailable,,,,,
B2Nb0.83,conventional_AlB2,mp-450,,A1,9.77,3DSC_MP,,pending,,,,substructure_aggregate_median,7.5229,0.1,4.885406023555153,4.526876516024137,5.265073835361812,,5000,Hc2_unavailable,,,,,
B2Nb0.83,conventional_AlB2,mp-450,,A1,9.77,3DSC_MP,,pending,,,,substructure_aggregate_median,7.5229,1.0,4.885406023555153,4.526876516024137,5.265073835361812,,5000,Hc2_unavailable,,,,,
B2Nb0.83,conventional_AlB2,mp-450,,A1,9.77,3DSC_MP,,pending,,,,substructure_aggregate_median,7.5229,5.0,4.885406023555153,4.526876516024137,5.265073835361812,,5000,Hc2_unavailable,,,,,
B2Nb0.84,conventional_AlB2,mp-450,,A1,9.1,3DSC_MP,,pending,,,,substructure_aggregate_median,4.2,0.1,5.324105348641889,5.171003190830169,5.549941092791016,,5000,Hc2_unavailable,,,,,
B2Nb0.84,conventional_AlB2,mp-450,,A1,9.1,3DSC_MP,,pending,,,,substructure_aggregate_median,4.2,1.0,5.324105348641889,5.171003190830169,5.549941092791016,,5000,Hc2_unavailable,,,,,
B2Nb0.84,conventional_AlB2,mp-450,,A1,9.1,3DSC_MP,,pending,,,,substructure_aggregate_median,4.2,5.0,5.324105348641889,5.171003190830169,5.549941092791016,,5000,Hc2_unavailable,,,,,
B2Nb0.84,conventional_AlB2,mp-450,,A1,9.1,3DSC_MP,,pending,,,,substructure_aggregate_median,20.0,0.1,,,,,5000,Hc2_unavailable,,,,,
B2Nb0.84,conventional_AlB2,mp-450,,A1,9.1,3DSC_MP,,pending,,,,substructure_aggregate_median,20.0,1.0,,,,,5000,Hc2_unavailable,,,,,
B2Nb0.84,conventional_AlB2,mp-450,,A1,9.1,3DSC_MP,,pending,,,,substructure_aggregate_median,20.0,5.0,,,,,5000,Hc2_unavailable,,,,,
B2Nb0.84,conventional_AlB2,mp-450,,A1,9.1,3DSC_MP,,pending,,,,substructure_aggregate_median,7.007,0.1,4.91213219295337,4.597762222078934,5.277844967397888,,5000,Hc2_unavailable,,,,,
B2Nb0.84,conventional_AlB2,mp-450,,A1,9.1,3DSC_MP,,pending,,,,substructure_aggregate_median,7.007,1.0,4.91213219295337,4.597762222078934,5.277844967397888,,5000,Hc2_unavailable,,,,,
B2Nb0.84,conventional_AlB2,mp-450,,A1,9.1,3DSC_MP,,pending,,,,substructure_aggregate_median,7.007,5.0,4.91213219295337,4.597762222078934,5.277844967397888,,5000,Hc2_unavailable,,,,,
B2Nb0.9,conventional_AlB2,mp-450,,A1,3.64,3DSC_MP,,pending,,,,substructure_aggregate_median,4.2,0.1,,,,,5000,Hc2_unavailable,,,,,
B2Nb0.9,conventional_AlB2,mp-450,,A1,3.64,3DSC_MP,,pending,,,,substructure_aggregate_median,4.2,1.0,,,,,5000,Hc2_unavailable,,,,,
B2Nb0.9,conventional_AlB2,mp-450,,A1,3.64,3DSC_MP,,pending,,,,substructure_aggregate_median,4.2,5.0,,,,,5000,Hc2_unavailable,,,,,
B2Nb0.9,conventional_AlB2,mp-450,,A1,3.64,3DSC_MP,,pending,,,,substructure_aggregate_median,20.0,0.1,,,,,5000,Hc2_unavailable,,,,,
B2Nb0.9,conventional_AlB2,mp-450,,A1,3.64,3DSC_MP,,pending,,,,substructure_aggregate_median,20.0,1.0,,,,,5000,Hc2_unavailable,,,,,
B2Nb0.9,conventional_AlB2,mp-450,,A1,3.64,3DSC_MP,,pending,,,,substructure_aggregate_median,20.0,5.0,,,,,5000,Hc2_unavailable,,,,,
B2Nb0.9,conventional_AlB2,mp-450,,A1,3.64,3DSC_MP,,pending,,,,substructure_aggregate_median,2.8028,0.1,14.853201201835986,8.03028059250382,24.64690796944732,,5000,Hc2_unavailable,,,,,
B2Nb0.9,conventional_AlB2,mp-450,,A1,3.64,3DSC_MP,,pending,,,,substructure_aggregate_median,2.8028,1.0,14.853201201835986,8.03028059250382,24.64690796944732,,5000,Hc2_unavailable,,,,,
B2Nb0.9,conventional_AlB2,mp-450,,A1,3.64,3DSC_MP,,pending,,,,substructure_aggregate_median,2.8028,5.0,14.853201201835986,8.03028059250382,24.64690796944732,,5000,Hc2_unavailable,,,,,
B2Nb1,conventional_AlB2,mp-450,,A1,4.5975,3DSC_MP,,pending,,,,substructure_aggregate_median,4.2,0.1,5.324105348641889,5.1863788403346,5.549941092791016,,5000,Hc2_unavailable,,,,,
B2Nb1,conventional_AlB2,mp-450,,A1,4.5975,3DSC_MP,,pending,,,,substructure_aggregate_median,4.2,1.0,5.324105348641889,5.1863788403346,5.549941092791016,,5000,Hc2_unavailable,,,,,
B2Nb1,conventional_AlB2,mp-450,,A1,4.5975,3DSC_MP,,pending,,,,substructure_aggregate_median,4.2,5.0,5.324105348641889,5.1863788403346,5.549941092791016,,5000,Hc2_unavailable,,,,,
B2Nb1,conventional_AlB2,mp-450,,A1,4.5975,3DSC_MP,,pending,,,,substructure_aggregate_median,20.0,0.1,,,,,5000,Hc2_unavailable,,,,,
B2Nb1,conventional_AlB2,mp-450,,A1,4.5975,3DSC_MP,,pending,,,,substructure_aggregate_median,20.0,1.0,,,,,5000,Hc2_unavailable,,,,,
B2Nb1,conventional_AlB2,mp-450,,A1,4.5975,3DSC_MP,,pending,,,,substructure_aggregate_median,20.0,5.0,,,,,5000,Hc2_unavailable,,,,,
B2Nb1,conventional_AlB2,mp-450,,A1,4.5975,3DSC_MP,,pending,,,,substructure_aggregate_median,3.5400750000000003,0.1,5.8609711277246745,5.473527772018299,6.235572539958467,,5000,Hc2_unavailable,,,,,
B2Nb1,conventional_AlB2,mp-450,,A1,4.5975,3DSC_MP,,pending,,,,substructure_aggregate_median,3.5400750000000003,1.0,5.8609711277246745,5.473527772018299,6.235572539958467,,5000,Hc2_unavailable,,,,,
B2Nb1,conventional_AlB2,mp-450,,A1,4.5975,3DSC_MP,,pending,,,,substructure_aggregate_median,3.5400750000000003,5.0,5.8609711277246745,5.473527772018299,6.235572539958467,,5000,Hc2_unavailable,,,,,
B2Ru3Th1,conventional_AlB2,mp-3223,,A1,1.79,3DSC_MP,,pending,,,,substructure_aggregate_median,4.2,0.1,,,,,5000,Hc2_unavailable,,,,,
B2Ru3Th1,conventional_AlB2,mp-3223,,A1,1.79,3DSC_MP,,pending,,,,substructure_aggregate_median,4.2,1.0,,,,,5000,Hc2_unavailable,,,,,
B2Ru3Th1,conventional_AlB2,mp-3223,,A1,1.79,3DSC_MP,,pending,,,,substructure_aggregate_median,4.2,5.0,,,,,5000,Hc2_unavailable,,,,,
B2Ru3Th1,conventional_AlB2,mp-3223,,A1,1.79,3DSC_MP,,pending,,,,substructure_aggregate_median,20.0,0.1,,,,,5000,Hc2_unavailable,,,,,
B2Ru3Th1,conventional_AlB2,mp-3223,,A1,1.79,3DSC_MP,,pending,,,,substructure_aggregate_median,20.0,1.0,,,,,5000,Hc2_unavailable,,,,,
B2Ru3Th1,conventional_AlB2,mp-3223,,A1,1.79,3DSC_MP,,pending,,,,substructure_aggregate_median,20.0,5.0,,,,,5000,Hc2_unavailable,,,,,
B2Ru3Th1,conventional_AlB2,mp-3223,,A1,1.79,3DSC_MP,,pending,,,,substructure_aggregate_median,1.3783,0.1,14.853201201835986,8.217092234351666,19.57601300967677,,5000,Hc2_unavailable,,,,,
B2Ru3Th1,conventional_AlB2,mp-3223,,A1,1.79,3DSC_MP,,pending,,,,substructure_aggregate_median,1.3783,1.0,14.853201201835986,8.217092234351666,19.57601300967677,,5000,Hc2_unavailable,,,,,
B2Ru3Th1,conventional_AlB2,mp-3223,,A1,1.79,3DSC_MP,,pending,,,,substructure_aggregate_median,1.3783,5.0,14.853201201835986,8.217092234351666,19.57601300967677,,5000,Hc2_unavailable,,,,,
B2V0.01Zr0.99,conventional_AlB2,mp-1472,,A1,6.4,3DSC_MP,,pending,,,,substructure_aggregate_median,4.2,0.1,5.324105348641889,5.171003190830169,5.559330705252185,,5000,Hc2_unavailable,,,,,
B2V0.01Zr0.99,conventional_AlB2,mp-1472,,A1,6.4,3DSC_MP,,pending,,,,substructure_aggregate_median,4.2,1.0,5.324105348641889,5.171003190830169,5.559330705252185,,5000,Hc2_unavailable,,,,,
B2V0.01Zr0.99,conventional_AlB2,mp-1472,,A1,6.4,3DSC_MP,,pending,,,,substructure_aggregate_median,4.2,5.0,5.324105348641889,5.171003190830169,5.559330705252185,,5000,Hc2_unavailable,,,,,
B2V0.01Zr0.99,conventional_AlB2,mp-1472,,A1,6.4,3DSC_MP,,pending,,,,substructure_aggregate_median,20.0,0.1,,,,,5000,Hc2_unavailable,,,,,
B2V0.01Zr0.99,conventional_AlB2,mp-1472,,A1,6.4,3DSC_MP,,pending,,,,substructure_aggregate_median,20.0,1.0,,,,,5000,Hc2_unavailable,,,,,
B2V0.01Zr0.99,conventional_AlB2,mp-1472,,A1,6.4,3DSC_MP,,pending,,,,substructure_aggregate_median,20.0,5.0,,,,,5000,Hc2_unavailable,,,,,
B2V0.01Zr0.99,conventional_AlB2,mp-1472,,A1,6.4,3DSC_MP,,pending,,,,substructure_aggregate_median,4.928000000000001,0.1,5.135387689112218,4.920083751411613,5.391089153808339,,5000,Hc2_unavailable,,,,,
B2V0.01Zr0.99,conventional_AlB2,mp-1472,,A1,6.4,3DSC_MP,,pending,,,,substructure_aggregate_median,4.928000000000001,1.0,5.135387689112218,4.920083751411613,5.391089153808339,,5000,Hc2_unavailable,,,,,
B2V0.01Zr0.99,conventional_AlB2,mp-1472,,A1,6.4,3DSC_MP,,pending,,,,substructure_aggregate_median,4.928000000000001,5.0,5.135387689112218,4.920083751411613,5.391089153808339,,5000,Hc2_unavailable,,,,,
B2V0.04Zr0.96,conventional_AlB2,mp-1472,,A1,8.7,3DSC_MP,,pending,,,,substructure_aggregate_median,4.2,0.1,5.324105348641889,5.1863788403346,5.559330705252185,,5000,Hc2_unavailable,,,,,
B2V0.04Zr0.96,conventional_AlB2,mp-1472,,A1,8.7,3DSC_MP,,pending,,,,substructure_aggregate_median,4.2,1.0,5.324105348641889,5.1863788403346,5.559330705252185,,5000,Hc2_unavailable,,,,,
B2V0.04Zr0.96,conventional_AlB2,mp-1472,,A1,8.7,3DSC_MP,,pending,,,,substructure_aggregate_median,4.2,5.0,5.324105348641889,5.1863788403346,5.559330705252185,,5000,Hc2_unavailable,,,,,
B2V0.04Zr0.96,conventional_AlB2,mp-1472,,A1,8.7,3DSC_MP,,pending,,,,substructure_aggregate_median,20.0,0.1,,,,,5000,Hc2_unavailable,,,,,
B2V0.04Zr0.96,conventional_AlB2,mp-1472,,A1,8.7,3DSC_MP,,pending,,,,substructure_aggregate_median,20.0,1.0,,,,,5000,Hc2_unavailable,,,,,
B2V0.04Zr0.96,conventional_AlB2,mp-1472,,A1,8.7,3DSC_MP,,pending,,,,substructure_aggregate_median,20.0,5.0,,,,,5000,Hc2_unavailable,,,,,
B2V0.04Zr0.96,conventional_AlB2,mp-1472,,A1,8.7,3DSC_MP,,pending,,,,substructure_aggregate_median,6.699,0.1,4.937283497881751,4.648563573439609,5.295428479979434,,5000,Hc2_unavailable,,,,,
B2V0.04Zr0.96,conventional_AlB2,mp-1472,,A1,8.7,3DSC_MP,,pending,,,,substructure_aggregate_median,6.699,1.0,4.937283497881751,4.648563573439609,5.295428479979434,,5000,Hc2_unavailable,,,,,
B2V0.04Zr0.96,conventional_AlB2,mp-1472,,A1,8.7,3DSC_MP,,pending,,,,substructure_aggregate_median,6.699,5.0,4.937283497881751,4.648563573439609,5.295428479979434,,5000,Hc2_unavailable,,,,,
B2V0.05Zr0.95,conventional_AlB2,mp-1472,,A1,8.2,3DSC_MP,,pending,,,,substructure_aggregate_median,4.2,0.1,5.324105348641889,5.171003190830169,5.559330705252185,,5000,Hc2_unavailable,,,,,
B2V0.05Zr0.95,conventional_AlB2,mp-1472,,A1,8.2,3DSC_MP,,pending,,,,substructure_aggregate_median,4.2,1.0,5.324105348641889,5.171003190830169,5.559330705252185,,5000,Hc2_unavailable,,,,,
B2V0.05Zr0.95,conventional_AlB2,mp-1472,,A1,8.2,3DSC_MP,,pending,,,,substructure_aggregate_median,4.2,5.0,5.324105348641889,5.171003190830169,5.559330705252185,,5000,Hc2_unavailable,,,,,
B2V0.05Zr0.95,conventional_AlB2,mp-1472,,A1,8.2,3DSC_MP,,pending,,,,substructure_aggregate_median,20.0,0.1,,,,,5000,Hc2_unavailable,,,,,
B2V0.05Zr0.95,conventional_AlB2,mp-1472,,A1,8.2,3DSC_MP,,pending,,,,substructure_aggregate_median,20.0,1.0,,,,,5000,Hc2_unavailable,,,,,
B2V0.05Zr0.95,conventional_AlB2,mp-1472,,A1,8.2,3DSC_MP,,pending,,,,substructure_aggregate_median,20.0,5.0,,,,,5000,Hc2_unavailable,,,,,
B2V0.05Zr0.95,conventional_AlB2,mp-1472,,A1,8.2,3DSC_MP,,pending,,,,substructure_aggregate_median,6.313999999999999,0.1,4.963614346500313,4.676069985866671,5.3011035005026335,,5000,Hc2_unavailable,,,,,
B2V0.05Zr0.95,conventional_AlB2,mp-1472,,A1,8.2,3DSC_MP,,pending,,,,substructure_aggregate_median,6.313999999999999,1.0,4.963614346500313,4.676069985866671,5.3011035005026335,,5000,Hc2_unavailable,,,,,
B2V0.05Zr0.95,conventional_AlB2,mp-1472,,A1,8.2,3DSC_MP,,pending,,,,substructure_aggregate_median,6.313999999999999,5.0,4.963614346500313,4.676069985866671,5.3011035005026335,,5000,Hc2_unavailable,,,,,
B2Zr1,conventional_AlB2,mp-1472,,A1,2.75,3DSC_MP,,pending,,,,substructure_aggregate_median,4.2,0.1,,,,,5000,Hc2_unavailable,,,,,
B2Zr1,conventional_AlB2,mp-1472,,A1,2.75,3DSC_MP,,pending,,,,substructure_aggregate_median,4.2,1.0,,,,,5000,Hc2_unavailable,,,,,
B2Zr1,conventional_AlB2,mp-1472,,A1,2.75,3DSC_MP,,pending,,,,substructure_aggregate_median,4.2,5.0,,,,,5000,Hc2_unavailable,,,,,
B2Zr1,conventional_AlB2,mp-1472,,A1,2.75,3DSC_MP,,pending,,,,substructure_aggregate_median,20.0,0.1,,,,,5000,Hc2_unavailable,,,,,
B2Zr1,conventional_AlB2,mp-1472,,A1,2.75,3DSC_MP,,pending,,,,substructure_aggregate_median,20.0,1.0,,,,,5000,Hc2_unavailable,,,,,
B2Zr1,conventional_AlB2,mp-1472,,A1,2.75,3DSC_MP,,pending,,,,substructure_aggregate_median,20.0,5.0,,,,,5000,Hc2_unavailable,,,,,
B2Zr1,conventional_AlB2,mp-1472,,A1,2.75,3DSC_MP,,pending,,,,substructure_aggregate_median,2.1175,0.1,14.86769234464299,9.468354675269952,19.547459057149467,,5000,Hc2_unavailable,,,,,
B2Zr1,conventional_AlB2,mp-1472,,A1,2.75,3DSC_MP,,pending,,,,substructure_aggregate_median,2.1175,1.0,14.86769234464299,9.468354675269952,19.547459057149467,,5000,Hc2_unavailable,,,,,
B2Zr1,conventional_AlB2,mp-1472,,A1,2.75,3DSC_MP,,pending,,,,substructure_aggregate_median,2.1175,5.0,14.86769234464299,9.468354675269952,19.547459057149467,,5000,Hc2_unavailable,,,,,
MgB2,conventional_AlB2,,elsevier_10.1016_j.matchemphys.2023.128348_VISION_PASS_LONG,A2,39.0,extraction_csv,15.5,exact,,S1_v3_2_2B_extension,,substructure_aggregate_median,4.2,0.1,,,,,5000,H_below_validated_reduced_field,5.324105348641889,5.171003190830169,5.559330705252185,0.0064516129032258,
MgB2,conventional_AlB2,,elsevier_10.1016_j.matchemphys.2023.128348_VISION_PASS_LONG,A2,39.0,extraction_csv,15.5,exact,,S1_v3_2_2B_extension,,substructure_aggregate_median,4.2,1.0,,,,,5000,H_below_validated_reduced_field,5.269431390263902,5.11879697790681,5.495842676328282,0.064516129032258,
MgB2,conventional_AlB2,,elsevier_10.1016_j.matchemphys.2023.128348_VISION_PASS_LONG,A2,39.0,extraction_csv,15.5,exact,,S1_v3_2_2B_extension,,substructure_aggregate_median,4.2,5.0,4.978628899283534,4.797724668278873,5.196442049538501,,5000,,,,,,
MgB2,conventional_AlB2,,elsevier_10.1016_j.matchemphys.2023.128348_VISION_PASS_LONG,A2,39.0,extraction_csv,15.5,exact,,S1_v3_2_2B_extension,,substructure_aggregate_median,20.0,0.1,,,,,5000,H_below_validated_reduced_field,5.037661166864107,4.778071151294755,5.340915646122356,0.0064516129032258,
MgB2,conventional_AlB2,,elsevier_10.1016_j.matchemphys.2023.128348_VISION_PASS_LONG,A2,39.0,extraction_csv,15.5,exact,,S1_v3_2_2B_extension,,substructure_aggregate_median,20.0,1.0,,,,,5000,H_below_validated_reduced_field,4.978258315136147,4.721414800351349,5.284148979672576,0.064516129032258,
MgB2,conventional_AlB2,,elsevier_10.1016_j.matchemphys.2023.128348_VISION_PASS_LONG,A2,39.0,extraction_csv,15.5,exact,,S1_v3_2_2B_extension,,substructure_aggregate_median,20.0,5.0,4.675808019663427,4.396378310980107,4.998293860877376,,5000,,,,,,
MgB2,conventional_AlB2,,elsevier_10.1016_j.matchemphys.2023.128348_VISION_PASS_LONG,A2,39.0,extraction_csv,15.5,exact,,S1_v3_2_2B_extension,,substructure_aggregate_median,30.03,0.1,,,,,5000,H_below_validated_reduced_field,4.639290446654369,4.165099269395188,5.166694483727851,0.0064516129032258,
MgB2,conventional_AlB2,,elsevier_10.1016_j.matchemphys.2023.128348_VISION_PASS_LONG,A2,39.0,extraction_csv,15.5,exact,,S1_v3_2_2B_extension,,substructure_aggregate_median,30.03,1.0,,,,,5000,H_below_validated_reduced_field,4.586209847237337,4.103985477220572,5.114658741178162,0.064516129032258,
MgB2,conventional_AlB2,,elsevier_10.1016_j.matchemphys.2023.128348_VISION_PASS_LONG,A2,39.0,extraction_csv,15.5,exact,,S1_v3_2_2B_extension,,substructure_aggregate_median,30.03,5.0,,,,,5000,T_above_validated_reduced_temperature,4.283894472274863,3.781943211624777,4.827047321068514,,0.77
Ba(Fe0.93Co0.07)2As2,iron_pnictide_122,,elsevier_10.1016_j.physc.2009.11.051_VISION_PASS_LONG,A2,22.0,extraction_csv,50.0,exact,,S1_v3_2_2B_extension,single_crystal,sample_form_conditional_median:single_crystal,4.2,0.1,,,,,5000,H_below_validated_reduced_field,5.746354490991693,5.635326719245767,5.804297695181981,0.002,
Ba(Fe0.93Co0.07)2As2,iron_pnictide_122,,elsevier_10.1016_j.physc.2009.11.051_VISION_PASS_LONG,A2,22.0,extraction_csv,50.0,exact,,S1_v3_2_2B_extension,single_crystal,sample_form_conditional_median:single_crystal,4.2,1.0,,,,,5000,H_below_validated_reduced_field,5.740505160763102,5.631026348149498,5.800476097000116,0.02,
Ba(Fe0.93Co0.07)2As2,iron_pnictide_122,,elsevier_10.1016_j.physc.2009.11.051_VISION_PASS_LONG,A2,22.0,extraction_csv,50.0,exact,,S1_v3_2_2B_extension,single_crystal,sample_form_conditional_median:single_crystal,4.2,5.0,,,,,5000,H_below_validated_reduced_field,5.713137201544459,5.600824195767661,5.780706044069672,0.1,
Ba(Fe0.93Co0.07)2As2,iron_pnictide_122,,elsevier_10.1016_j.physc.2009.11.051_VISION_PASS_LONG,A2,22.0,extraction_csv,50.0,exact,,S1_v3_2_2B_extension,single_crystal,sample_form_conditional_median:single_crystal,20.0,0.1,,,,,5000,H_below_validated_reduced_field,4.417606777276099,4.244726234983335,4.589019213595299,0.002,
Ba(Fe0.93Co0.07)2As2,iron_pnictide_122,,elsevier_10.1016_j.physc.2009.11.051_VISION_PASS_LONG,A2,22.0,extraction_csv,50.0,exact,,S1_v3_2_2B_extension,single_crystal,sample_form_conditional_median:single_crystal,20.0,1.0,,,,,5000,H_below_validated_reduced_field,4.413459295099006,4.239772659554921,4.584526109916608,0.02,
Ba(Fe0.93Co0.07)2As2,iron_pnictide_122,,elsevier_10.1016_j.physc.2009.11.051_VISION_PASS_LONG,A2,22.0,extraction_csv,50.0,exact,,S1_v3_2_2B_extension,single_crystal,sample_form_conditional_median:single_crystal,20.0,5.0,,,,,5000,H_below_validated_reduced_field,4.3913267632920245,4.214579675632931,4.561952228931139,0.1,
Ba(Fe0.93Co0.07)2As2,iron_pnictide_122,,elsevier_10.1016_j.physc.2009.11.051_VISION_PASS_LONG,A2,22.0,extraction_csv,50.0,exact,,S1_v3_2_2B_extension,single_crystal,sample_form_conditional_median:single_crystal,16.94,0.1,,,,,5000,H_below_validated_reduced_field,4.979464883293523,4.8490565588059,5.090624757237404,0.002,
Ba(Fe0.93Co0.07)2As2,iron_pnictide_122,,elsevier_10.1016_j.physc.2009.11.051_VISION_PASS_LONG,A2,22.0,extraction_csv,50.0,exact,,S1_v3_2_2B_extension,single_crystal,sample_form_conditional_median:single_crystal,16.94,1.0,,,,,5000,H_below_validated_reduced_field,4.974765832754041,4.844027788518505,5.087226444263016,0.02,
Ba(Fe0.93Co0.07)2As2,iron_pnictide_122,,elsevier_10.1016_j.physc.2009.11.051_VISION_PASS_LONG,A2,22.0,extraction_csv,50.0,exact,,S1_v3_2_2B_extension,single_crystal,sample_form_conditional_median:single_crystal,16.94,5.0,,,,,5000,H_below_validated_reduced_field,4.9515451651672,4.8165106331650245,5.067100921231757,0.1,
Ba(Fe0.93Co0.07)2As2,iron_pnictide_122,,elsevier_10.1016_j.physc.2009.11.051_VISION_PASS_LONG,A2,22.0,extraction_csv,50.0,exact,,S1_v3_2_2B_extension,single_crystal,sample_form_conditional_median:single_crystal,4.2,0.1,,,,,5000,H_below_validated_reduced_field,5.746354490991693,5.635326719245767,5.804297695181981,0.002,
Ba(Fe0.93Co0.07)2As2,iron_pnictide_122,,elsevier_10.1016_j.physc.2009.11.051_VISION_PASS_LONG,A2,22.0,extraction_csv,50.0,exact,,S1_v3_2_2B_extension,single_crystal,sample_form_conditional_median:single_crystal,4.2,1.0,,,,,5000,H_below_validated_reduced_field,5.741095917472194,5.631265931357202,5.800390257193364,0.02,
Ba(Fe0.93Co0.07)2As2,iron_pnictide_122,,elsevier_10.1016_j.physc.2009.11.051_VISION_PASS_LONG,A2,22.0,extraction_csv,50.0,exact,,S1_v3_2_2B_extension,single_crystal,sample_form_conditional_median:single_crystal,4.2,5.0,,,,,5000,H_below_validated_reduced_field,5.713327717015129,5.596144311850835,5.782950626823621,0.1,
Ba(Fe0.93Co0.07)2As2,iron_pnictide_122,,elsevier_10.1016_j.physc.2009.11.051_VISION_PASS_LONG,A2,22.0,extraction_csv,50.0,exact,,S1_v3_2_2B_extension,single_crystal,sample_form_conditional_median:single_crystal,20.0,0.1,,,,,5000,H_below_validated_reduced_field,4.417353926429788,4.239136213077625,4.590141719765574,0.002,
Ba(Fe0.93Co0.07)2As2,iron_pnictide_122,,elsevier_10.1016_j.physc.2009.11.051_VISION_PASS_LONG,A2,22.0,extraction_csv,50.0,exact,,S1_v3_2_2B_extension,single_crystal,sample_form_conditional_median:single_crystal,20.0,1.0,,,,,5000,H_below_validated_reduced_field,4.412958202349552,4.233364838743941,4.5839603807490565,0.02,
Ba(Fe0.93Co0.07)2As2,iron_pnictide_122,,elsevier_10.1016_j.physc.2009.11.051_VISION_PASS_LONG,A2,22.0,extraction_csv,50.0,exact,,S1_v3_2_2B_extension,single_crystal,sample_form_conditional_median:single_crystal,20.0,5.0,,,,,5000,H_below_validated_reduced_field,4.391187936950237,4.209754330648287,4.559667635171105,0.1,
Ba(Fe0.93Co0.07)2As2,iron_pnictide_122,,elsevier_10.1016_j.physc.2009.11.051_VISION_PASS_LONG,A2,22.0,extraction_csv,50.0,exact,,S1_v3_2_2B_extension,single_crystal,sample_form_conditional_median:single_crystal,16.94,0.1,,,,,5000,H_below_validated_reduced_field,4.9792738964653145,4.843477838522111,5.0915935041126685,0.002,
Ba(Fe0.93Co0.07)2As2,iron_pnictide_122,,elsevier_10.1016_j.physc.2009.11.051_VISION_PASS_LONG,A2,22.0,extraction_csv,50.0,exact,,S1_v3_2_2B_extension,single_crystal,sample_form_conditional_median:single_crystal,16.94,1.0,,,,,5000,H_below_validated_reduced_field,4.97416899505388,4.838521453724561,5.08645290746415,0.02,
Ba(Fe0.93Co0.07)2As2,iron_pnictide_122,,elsevier_10.1016_j.physc.2009.11.051_VISION_PASS_LONG,A2,22.0,extraction_csv,50.0,exact,,S1_v3_2_2B_extension,single_crystal,sample_form_conditional_median:single_crystal,16.94,5.0,,,,,5000,H_below_validated_reduced_field,4.951290752024612,4.814624363807964,5.065036852075101,0.1,
Ba(Fe0.93Co0.07)2As2,iron_pnictide_122,,elsevier_10.1016_j.physc.2009.11.051_VISION_PASS_LONG,A2,22.0,extraction_csv,50.0,exact,,S1_v3_2_2B_extension,single_crystal,sample_form_conditional_median:single_crystal,4.2,0.1,,,,,5000,H_below_validated_reduced_field,5.746354490991693,5.636927477444992,5.804297695181981,0.002,
Ba(Fe0.93Co0.07)2As2,iron_pnictide_122,,elsevier_10.1016_j.physc.2009.11.051_VISION_PASS_LONG,A2,22.0,extraction_csv,50.0,exact,,S1_v3_2_2B_extension,single_crystal,sample_form_conditional_median:single_crystal,4.2,1.0,,,,,5000,H_below_validated_reduced_field,5.741601371428844,5.632157910973737,5.801119261020693,0.02,
Ba(Fe0.93Co0.07)2As2,iron_pnictide_122,,elsevier_10.1016_j.physc.2009.11.051_VISION_PASS_LONG,A2,22.0,extraction_csv,50.0,exact,,S1_v3_2_2B_extension,single_crystal,sample_form_conditional_median:single_crystal,4.2,5.0,,,,,5000,H_below_validated_reduced_field,5.714390547645239,5.601498794686136,5.780810495004069,0.1,
Ba(Fe0.93Co0.07)2As2,iron_pnictide_122,,elsevier_10.1016_j.physc.2009.11.051_VISION_PASS_LONG,A2,22.0,extraction_csv,50.0,exact,,S1_v3_2_2B_extension,single_crystal,sample_form_conditional_median:single_crystal,20.0,0.1,,,,,5000,H_below_validated_reduced_field,4.415552067118393,4.24635511836679,4.583486795148465,0.002,
Ba(Fe0.93Co0.07)2As2,iron_pnictide_122,,elsevier_10.1016_j.physc.2009.11.051_VISION_PASS_LONG,A2,22.0,extraction_csv,50.0,exact,,S1_v3_2_2B_extension,single_crystal,sample_form_conditional_median:single_crystal,20.0,1.0,,,,,5000,H_below_validated_reduced_field,4.410884252304342,4.243096450725907,4.579159542720756,0.02,
Ba(Fe0.93Co0.07)2As2,iron_pnictide_122,,elsevier_10.1016_j.physc.2009.11.051_VISION_PASS_LONG,A2,22.0,extraction_csv,50.0,exact,,S1_v3_2_2B_extension,single_crystal,sample_form_conditional_median:single_crystal,20.0,5.0,,,,,5000,H_below_validated_reduced_field,4.388175389197983,4.2171133991799294,4.557280779835621,0.1,
Ba(Fe0.93Co0.07)2As2,iron_pnictide_122,,elsevier_10.1016_j.physc.2009.11.051_VISION_PASS_LONG,A2,22.0,extraction_csv,50.0,exact,,S1_v3_2_2B_extension,single_crystal,sample_form_conditional_median:single_crystal,16.94,0.1,,,,,5000,H_below_validated_reduced_field,4.977264930045489,4.848897968229965,5.089319220011271,0.002,
Ba(Fe0.93Co0.07)2As2,iron_pnictide_122,,elsevier_10.1016_j.physc.2009.11.051_VISION_PASS_LONG,A2,22.0,extraction_csv,50.0,exact,,S1_v3_2_2B_extension,single_crystal,sample_form_conditional_median:single_crystal,16.94,1.0,,,,,5000,H_below_validated_reduced_field,4.972265729385965,4.844470385000173,5.084944719149788,0.02,
Ba(Fe0.93Co0.07)2As2,iron_pnictide_122,,elsevier_10.1016_j.physc.2009.11.051_VISION_PASS_LONG,A2,22.0,extraction_csv,50.0,exact,,S1_v3_2_2B_extension,single_crystal,sample_form_conditional_median:single_crystal,16.94,5.0,,,,,5000,H_below_validated_reduced_field,4.9508539768239705,4.81886767253979,5.065215857111982,0.1,
Ba(Fe0.93Co0.07)2As2,iron_pnictide_122,,elsevier_10.1016_j.physc.2009.11.051_VISION_PASS_LONG,A2,22.0,extraction_csv,50.0,exact,,S1_v3_2_2B_extension,single_crystal,sample_form_conditional_median:single_crystal,4.2,0.1,,,,,5000,H_below_validated_reduced_field,5.746354490991693,5.635326719245767,5.804964475493147,0.002,
Ba(Fe0.93Co0.07)2As2,iron_pnictide_122,,elsevier_10.1016_j.physc.2009.11.051_VISION_PASS_LONG,A2,22.0,extraction_csv,50.0,exact,,S1_v3_2_2B_extension,single_crystal,sample_form_conditional_median:single_crystal,4.2,1.0,,,,,5000,H_below_validated_reduced_field,5.741601371428844,5.630068145726268,5.801121300838329,0.02,
Ba(Fe0.93Co0.07)2As2,iron_pnictide_122,,elsevier_10.1016_j.physc.2009.11.051_VISION_PASS_LONG,A2,22.0,extraction_csv,50.0,exact,,S1_v3_2_2B_extension,single_crystal,sample_form_conditional_median:single_crystal,4.2,5.0,,,,,5000,H_below_validated_reduced_field,5.71427143346232,5.600585603942879,5.782957958773414,0.1,
Ba(Fe0.93Co0.07)2As2,iron_pnictide_122,,elsevier_10.1016_j.physc.2009.11.051_VISION_PASS_LONG,A2,22.0,extraction_csv,50.0,exact,,S1_v3_2_2B_extension,single_crystal,sample_form_conditional_median:single_crystal,20.0,0.1,,,,,5000,H_below_validated_reduced_field,4.416841851234026,4.237098751845243,4.583657979084106,0.002,
Ba(Fe0.93Co0.07)2As2,iron_pnictide_122,,elsevier_10.1016_j.physc.2009.11.051_VISION_PASS_LONG,A2,22.0,extraction_csv,50.0,exact,,S1_v3_2_2B_extension,single_crystal,sample_form_conditional_median:single_crystal,20.0,1.0,,,,,5000,H_below_validated_reduced_field,4.412088325817611,4.233119978542838,4.578153974084403,0.02,
Ba(Fe0.93Co0.07)2As2,iron_pnictide_122,,elsevier_10.1016_j.physc.2009.11.051_VISION_PASS_LONG,A2,22.0,extraction_csv,50.0,exact,,S1_v3_2_2B_extension,single_crystal,sample_form_conditional_median:single_crystal,20.0,5.0,,,,,5000,H_below_validated_reduced_field,4.3891769140298855,4.205019676770757,4.55621554557711,0.1,
Ba(Fe0.93Co0.07)2As2,iron_pnictide_122,,elsevier_10.1016_j.physc.2009.11.051_VISION_PASS_LONG,A2,22.0,extraction_csv,50.0,exact,,S1_v3_2_2B_extension,single_crystal,sample_form_conditional_median:single_crystal,16.94,0.1,,,,,5000,H_below_validated_reduced_field,4.977960842436996,4.839484547860617,5.090456362065268,0.002,
Ba(Fe0.93Co0.07)2As2,iron_pnictide_122,,elsevier_10.1016_j.physc.2009.11.051_VISION_PASS_LONG,A2,22.0,extraction_csv,50.0,exact,,S1_v3_2_2B_extension,single_crystal,sample_form_conditional_median:single_crystal,16.94,1.0,,,,,5000,H_below_validated_reduced_field,4.973317211097966,4.835604900479591,5.085414873439577,0.02,
Ba(Fe0.93Co0.07)2As2,iron_pnictide_122,,elsevier_10.1016_j.physc.2009.11.051_VISION_PASS_LONG,A2,22.0,extraction_csv,50.0,exact,,S1_v3_2_2B_extension,single_crystal,sample_form_conditional_median:single_crystal,16.94,5.0,,,,,5000,H_below_validated_reduced_field,4.9512266510148,4.810305637158404,5.064136498155752,0.1,
FeSe1-xSx,iron_chalcogenide_11,,elsevier_10.1016_j.physc.2016.05.023_VISION_PASS_LONG,A2,9.0,extraction_csv,30.0,exact,,S1_v3_2_2B_extension,single_crystal,sample_form_conditional_median:single_crystal,4.2,0.1,,,,,5000,H_below_validated_reduced_field,5.996159972950191,5.877146982269887,6.121613313756543,0.0033333333333333,
FeSe1-xSx,iron_chalcogenide_11,,elsevier_10.1016_j.physc.2016.05.023_VISION_PASS_LONG,A2,9.0,extraction_csv,30.0,exact,,S1_v3_2_2B_extension,single_crystal,sample_form_conditional_median:single_crystal,4.2,1.0,,,,,5000,H_below_validated_reduced_field,5.977558397794668,5.859282735501222,6.103013663358619,0.0333333333333333,
FeSe1-xSx,iron_chalcogenide_11,,elsevier_10.1016_j.physc.2016.05.023_VISION_PASS_LONG,A2,9.0,extraction_csv,30.0,exact,,S1_v3_2_2B_extension,single_crystal,sample_form_conditional_median:single_crystal,4.2,5.0,,,,,5000,H_below_validated_reduced_field,5.886632635870607,5.774241787059716,6.01312863246118,0.1666666666666666,
FeSe1-xSx,iron_chalcogenide_11,,elsevier_10.1016_j.physc.2016.05.023_VISION_PASS_LONG,A2,9.0,extraction_csv,30.0,exact,,S1_v3_2_2B_extension,single_crystal,sample_form_conditional_median:single_crystal,20.0,0.1,,,,,5000,T_above_Tc,,,,,
FeSe1-xSx,iron_chalcogenide_11,,elsevier_10.1016_j.physc.2016.05.023_VISION_PASS_LONG,A2,9.0,extraction_csv,30.0,exact,,S1_v3_2_2B_extension,single_crystal,sample_form_conditional_median:single_crystal,20.0,1.0,,,,,5000,T_above_Tc,,,,,
FeSe1-xSx,iron_chalcogenide_11,,elsevier_10.1016_j.physc.2016.05.023_VISION_PASS_LONG,A2,9.0,extraction_csv,30.0,exact,,S1_v3_2_2B_extension,single_crystal,sample_form_conditional_median:single_crystal,20.0,5.0,,,,,5000,T_above_Tc,,,,,
FeSe1-xSx,iron_chalcogenide_11,,elsevier_10.1016_j.physc.2016.05.023_VISION_PASS_LONG,A2,9.0,extraction_csv,30.0,exact,,S1_v3_2_2B_extension,single_crystal,sample_form_conditional_median:single_crystal,6.93,0.1,,,,,5000,H_below_validated_reduced_field,5.821675129213769,5.726001637845465,5.962394729942399,0.0033333333333333,
FeSe1-xSx,iron_chalcogenide_11,,elsevier_10.1016_j.physc.2016.05.023_VISION_PASS_LONG,A2,9.0,extraction_csv,30.0,exact,,S1_v3_2_2B_extension,single_crystal,sample_form_conditional_median:single_crystal,6.93,1.0,,,,,5000,H_below_validated_reduced_field,5.803512482810662,5.706876010308216,5.943430952894891,0.0333333333333333,
FeSe1-xSx,iron_chalcogenide_11,,elsevier_10.1016_j.physc.2016.05.023_VISION_PASS_LONG,A2,9.0,extraction_csv,30.0,exact,,S1_v3_2_2B_extension,single_crystal,sample_form_conditional_median:single_crystal,6.93,5.0,,,,,5000,H_below_validated_reduced_field,5.718277679846832,5.621326411230759,5.855102895506509,0.1666666666666666,
FeSe1-xSx,iron_chalcogenide_11,,elsevier_10.1016_j.physc.2016.05.023_VISION_PASS_LONG,A2,9.0,extraction_csv,30.0,exact,,S1_v3_2_2B_extension,single_crystal,sample_form_conditional_median:single_crystal,4.2,0.1,,,,,5000,H_below_validated_reduced_field,5.996159972950191,5.877146982269887,6.121613313756543,0.0033333333333333,
FeSe1-xSx,iron_chalcogenide_11,,elsevier_10.1016_j.physc.2016.05.023_VISION_PASS_LONG,A2,9.0,extraction_csv,30.0,exact,,S1_v3_2_2B_extension,single_crystal,sample_form_conditional_median:single_crystal,4.2,1.0,,,,,5000,H_below_validated_reduced_field,5.977635388098662,5.859582636299553,6.10301173860102,0.0333333333333333,
FeSe1-xSx,iron_chalcogenide_11,,elsevier_10.1016_j.physc.2016.05.023_VISION_PASS_LONG,A2,9.0,extraction_csv,30.0,exact,,S1_v3_2_2B_extension,single_crystal,sample_form_conditional_median:single_crystal,4.2,5.0,,,,,5000,H_below_validated_reduced_field,5.88722441684934,5.774285704134635,6.012677757655692,0.1666666666666666,
FeSe1-xSx,iron_chalcogenide_11,,elsevier_10.1016_j.physc.2016.05.023_VISION_PASS_LONG,A2,9.0,extraction_csv,30.0,exact,,S1_v3_2_2B_extension,single_crystal,sample_form_conditional_median:single_crystal,20.0,0.1,,,,,5000,T_above_Tc,,,,,
FeSe1-xSx,iron_chalcogenide_11,,elsevier_10.1016_j.physc.2016.05.023_VISION_PASS_LONG,A2,9.0,extraction_csv,30.0,exact,,S1_v3_2_2B_extension,single_crystal,sample_form_conditional_median:single_crystal,20.0,1.0,,,,,5000,T_above_Tc,,,,,
FeSe1-xSx,iron_chalcogenide_11,,elsevier_10.1016_j.physc.2016.05.023_VISION_PASS_LONG,A2,9.0,extraction_csv,30.0,exact,,S1_v3_2_2B_extension,single_crystal,sample_form_conditional_median:single_crystal,20.0,5.0,,,,,5000,T_above_Tc,,,,,
FeSe1-xSx,iron_chalcogenide_11,,elsevier_10.1016_j.physc.2016.05.023_VISION_PASS_LONG,A2,9.0,extraction_csv,30.0,exact,,S1_v3_2_2B_extension,single_crystal,sample_form_conditional_median:single_crystal,6.93,0.1,,,,,5000,H_below_validated_reduced_field,5.822037067662191,5.734416147987513,5.962394729942399,0.0033333333333333,
FeSe1-xSx,iron_chalcogenide_11,,elsevier_10.1016_j.physc.2016.05.023_VISION_PASS_LONG,A2,9.0,extraction_csv,30.0,exact,,S1_v3_2_2B_extension,single_crystal,sample_form_conditional_median:single_crystal,6.93,1.0,,,,,5000,H_below_validated_reduced_field,5.803781309631061,5.715893370843712,5.943793154786875,0.0333333333333333,
FeSe1-xSx,iron_chalcogenide_11,,elsevier_10.1016_j.physc.2016.05.023_VISION_PASS_LONG,A2,9.0,extraction_csv,30.0,exact,,S1_v3_2_2B_extension,single_crystal,sample_form_conditional_median:single_crystal,6.93,5.0,,,,,5000,H_below_validated_reduced_field,5.7184321115883545,5.626563078076149,5.855334796749453,0.1666666666666666,
FeSe1-xSx,iron_chalcogenide_11,,elsevier_10.1016_j.physc.2016.05.023_VISION_PASS_LONG,A2,9.0,extraction_csv,30.0,exact,,S1_v3_2_2B_extension,single_crystal,sample_form_conditional_median:single_crystal,4.2,0.1,,,,,5000,H_below_validated_reduced_field,5.996159972950191,5.877146982269887,6.121613313756543,0.0033333333333333,
FeSe1-xSx,iron_chalcogenide_11,,elsevier_10.1016_j.physc.2016.05.023_VISION_PASS_LONG,A2,9.0,extraction_csv,30.0,exact,,S1_v3_2_2B_extension,single_crystal,sample_form_conditional_median:single_crystal,4.2,1.0,,,,,5000,H_below_validated_reduced_field,5.977635388098662,5.859802583350242,6.103088728905014,0.0333333333333333,
FeSe1-xSx,iron_chalcogenide_11,,elsevier_10.1016_j.physc.2016.05.023_VISION_PASS_LONG,A2,9.0,extraction_csv,30.0,exact,,S1_v3_2_2B_extension,single_crystal,sample_form_conditional_median:single_crystal,4.2,5.0,,,,,5000,H_below_validated_reduced_field,5.88722441684934,5.775573770015036,6.01312863246118,0.1666666666666666,
FeSe1-xSx,iron_chalcogenide_11,,elsevier_10.1016_j.physc.2016.05.023_VISION_PASS_LONG,A2,9.0,extraction_csv,30.0,exact,,S1_v3_2_2B_extension,single_crystal,sample_form_conditional_median:single_crystal,20.0,0.1,,,,,5000,T_above_Tc,,,,,
FeSe1-xSx,iron_chalcogenide_11,,elsevier_10.1016_j.physc.2016.05.023_VISION_PASS_LONG,A2,9.0,extraction_csv,30.0,exact,,S1_v3_2_2B_extension,single_crystal,sample_form_conditional_median:single_crystal,20.0,1.0,,,,,5000,T_above_Tc,,,,,
FeSe1-xSx,iron_chalcogenide_11,,elsevier_10.1016_j.physc.2016.05.023_VISION_PASS_LONG,A2,9.0,extraction_csv,30.0,exact,,S1_v3_2_2B_extension,single_crystal,sample_form_conditional_median:single_crystal,20.0,5.0,,,,,5000,T_above_Tc,,,,,
FeSe1-xSx,iron_chalcogenide_11,,elsevier_10.1016_j.physc.2016.05.023_VISION_PASS_LONG,A2,9.0,extraction_csv,30.0,exact,,S1_v3_2_2B_extension,single_crystal,sample_form_conditional_median:single_crystal,6.93,0.1,,,,,5000,H_below_validated_reduced_field,5.822037067662191,5.73505903124165,5.964734368334893,0.0033333333333333,
FeSe1-xSx,iron_chalcogenide_11,,elsevier_10.1016_j.physc.2016.05.023_VISION_PASS_LONG,A2,9.0,extraction_csv,30.0,exact,,S1_v3_2_2B_extension,single_crystal,sample_form_conditional_median:single_crystal,6.93,1.0,,,,,5000,H_below_validated_reduced_field,5.804172820893526,5.721125449150914,5.946134717936969,0.0333333333333333,
FeSe1-xSx,iron_chalcogenide_11,,elsevier_10.1016_j.physc.2016.05.023_VISION_PASS_LONG,A2,9.0,extraction_csv,30.0,exact,,S1_v3_2_2B_extension,single_crystal,sample_form_conditional_median:single_crystal,6.93,5.0,,,,,5000,H_below_validated_reduced_field,5.718648438582177,5.633229950885791,5.859458574278011,0.1666666666666666,
FeSe1-xSx,iron_chalcogenide_11,,elsevier_10.1016_j.physc.2016.05.023_VISION_PASS_LONG,A2,9.0,extraction_csv,30.0,exact,,S1_v3_2_2B_extension,single_crystal,sample_form_conditional_median:single_crystal,4.2,0.1,,,,,5000,H_below_validated_reduced_field,5.996159972950191,5.877146982269887,6.121613313756543,0.0033333333333333,
FeSe1-xSx,iron_chalcogenide_11,,elsevier_10.1016_j.physc.2016.05.023_VISION_PASS_LONG,A2,9.0,extraction_csv,30.0,exact,,S1_v3_2_2B_extension,single_crystal,sample_form_conditional_median:single_crystal,4.2,1.0,,,,,5000,H_below_validated_reduced_field,5.977635388098662,5.859582636299553,6.102452700442366,0.0333333333333333,
FeSe1-xSx,iron_chalcogenide_11,,elsevier_10.1016_j.physc.2016.05.023_VISION_PASS_LONG,A2,9.0,extraction_csv,30.0,exact,,S1_v3_2_2B_extension,single_crystal,sample_form_conditional_median:single_crystal,4.2,5.0,,,,,5000,H_below_validated_reduced_field,5.88722441684934,5.774285704134635,6.009403887986837,0.1666666666666666,
FeSe1-xSx,iron_chalcogenide_11,,elsevier_10.1016_j.physc.2016.05.023_VISION_PASS_LONG,A2,9.0,extraction_csv,30.0,exact,,S1_v3_2_2B_extension,single_crystal,sample_form_conditional_median:single_crystal,20.0,0.1,,,,,5000,T_above_Tc,,,,,
FeSe1-xSx,iron_chalcogenide_11,,elsevier_10.1016_j.physc.2016.05.023_VISION_PASS_LONG,A2,9.0,extraction_csv,30.0,exact,,S1_v3_2_2B_extension,single_crystal,sample_form_conditional_median:single_crystal,20.0,1.0,,,,,5000,T_above_Tc,,,,,
FeSe1-xSx,iron_chalcogenide_11,,elsevier_10.1016_j.physc.2016.05.023_VISION_PASS_LONG,A2,9.0,extraction_csv,30.0,exact,,S1_v3_2_2B_extension,single_crystal,sample_form_conditional_median:single_crystal,20.0,5.0,,,,,5000,T_above_Tc,,,,,
FeSe1-xSx,iron_chalcogenide_11,,elsevier_10.1016_j.physc.2016.05.023_VISION_PASS_LONG,A2,9.0,extraction_csv,30.0,exact,,S1_v3_2_2B_extension,single_crystal,sample_form_conditional_median:single_crystal,6.93,0.1,,,,,5000,H_below_validated_reduced_field,5.821675129213769,5.730248940016337,5.956676107761361,0.0033333333333333,
FeSe1-xSx,iron_chalcogenide_11,,elsevier_10.1016_j.physc.2016.05.023_VISION_PASS_LONG,A2,9.0,extraction_csv,30.0,exact,,S1_v3_2_2B_extension,single_crystal,sample_form_conditional_median:single_crystal,6.93,1.0,,,,,5000,H_below_validated_reduced_field,5.803435494869729,5.711791225964067,5.938151522909831,0.0333333333333333,
FeSe1-xSx,iron_chalcogenide_11,,elsevier_10.1016_j.physc.2016.05.023_VISION_PASS_LONG,A2,9.0,extraction_csv,30.0,exact,,S1_v3_2_2B_extension,single_crystal,sample_form_conditional_median:single_crystal,6.93,5.0,,,,,5000,H_below_validated_reduced_field,5.717360372701775,5.626107638990582,5.849041137803133,0.1666666666666666,
FeSe1-xSx,iron_chalcogenide_11,,elsevier_10.1016_j.physc.2016.05.023_VISION_PASS_LONG,A2,9.0,extraction_csv,30.0,exact,,S1_v3_2_2B_extension,single_crystal,sample_form_conditional_median:single_crystal,4.2,0.1,,,,,5000,H_below_validated_reduced_field,5.996159972950191,5.877146982269887,6.121613313756543,0.0033333333333333,
FeSe1-xSx,iron_chalcogenide_11,,elsevier_10.1016_j.physc.2016.05.023_VISION_PASS_LONG,A2,9.0,extraction_csv,30.0,exact,,S1_v3_2_2B_extension,single_crystal,sample_form_conditional_median:single_crystal,4.2,1.0,,,,,5000,H_below_validated_reduced_field,5.977635388098662,5.859582636299553,6.103088728905014,0.0333333333333333,
FeSe1-xSx,iron_chalcogenide_11,,elsevier_10.1016_j.physc.2016.05.023_VISION_PASS_LONG,A2,9.0,extraction_csv,30.0,exact,,S1_v3_2_2B_extension,single_crystal,sample_form_conditional_median:single_crystal,4.2,5.0,,,,,5000,H_below_validated_reduced_field,5.88722441684934,5.774285704134635,6.01312863246118,0.1666666666666666,
FeSe1-xSx,iron_chalcogenide_11,,elsevier_10.1016_j.physc.2016.05.023_VISION_PASS_LONG,A2,9.0,extraction_csv,30.0,exact,,S1_v3_2_2B_extension,single_crystal,sample_form_conditional_median:single_crystal,20.0,0.1,,,,,5000,T_above_Tc,,,,,
FeSe1-xSx,iron_chalcogenide_11,,elsevier_10.1016_j.physc.2016.05.023_VISION_PASS_LONG,A2,9.0,extraction_csv,30.0,exact,,S1_v3_2_2B_extension,single_crystal,sample_form_conditional_median:single_crystal,20.0,1.0,,,,,5000,T_above_Tc,,,,,
FeSe1-xSx,iron_chalcogenide_11,,elsevier_10.1016_j.physc.2016.05.023_VISION_PASS_LONG,A2,9.0,extraction_csv,30.0,exact,,S1_v3_2_2B_extension,single_crystal,sample_form_conditional_median:single_crystal,20.0,5.0,,,,,5000,T_above_Tc,,,,,
FeSe1-xSx,iron_chalcogenide_11,,elsevier_10.1016_j.physc.2016.05.023_VISION_PASS_LONG,A2,9.0,extraction_csv,30.0,exact,,S1_v3_2_2B_extension,single_crystal,sample_form_conditional_median:single_crystal,6.93,0.1,,,,,5000,H_below_validated_reduced_field,5.822037067662191,5.726047025629154,5.964734368334893,0.0033333333333333,
FeSe1-xSx,iron_chalcogenide_11,,elsevier_10.1016_j.physc.2016.05.023_VISION_PASS_LONG,A2,9.0,extraction_csv,30.0,exact,,S1_v3_2_2B_extension,single_crystal,sample_form_conditional_median:single_crystal,6.93,1.0,,,,,5000,H_below_validated_reduced_field,5.803729053692529,5.708482677961617,5.947389969415248,0.0333333333333333,
FeSe1-xSx,iron_chalcogenide_11,,elsevier_10.1016_j.physc.2016.05.023_VISION_PASS_LONG,A2,9.0,extraction_csv,30.0,exact,,S1_v3_2_2B_extension,single_crystal,sample_form_conditional_median:single_crystal,6.93,5.0,,,,,5000,H_below_validated_reduced_field,5.718341682753314,5.623185735191584,5.859548035382814,0.1666666666666666,
CaFe2As2,iron_pnictide_122,,elsevier_10.1038_s41598-021-86728-8_PATH_AC_VISION_PASS_LONG,A2,12.0,extraction_csv,50.0,exact,,S1_v3_2_2B_extension,single_crystal,sample_form_conditional_median:single_crystal,4.2,0.1,,,,,5000,H_below_validated_reduced_field,5.746354490991693,5.614582757298319,5.804297695181981,0.002,
CaFe2As2,iron_pnictide_122,,elsevier_10.1038_s41598-021-86728-8_PATH_AC_VISION_PASS_LONG,A2,12.0,extraction_csv,50.0,exact,,S1_v3_2_2B_extension,single_crystal,sample_form_conditional_median:single_crystal,4.2,1.0,,,,,5000,H_below_validated_reduced_field,5.740311587313212,5.6111286048305935,5.800384494033936,0.02,
CaFe2As2,iron_pnictide_122,,elsevier_10.1038_s41598-021-86728-8_PATH_AC_VISION_PASS_LONG,A2,12.0,extraction_csv,50.0,exact,,S1_v3_2_2B_extension,single_crystal,sample_form_conditional_median:single_crystal,4.2,5.0,,,,,5000,H_below_validated_reduced_field,5.712669120269139,5.590205723554094,5.782070330673978,0.1,
CaFe2As2,iron_pnictide_122,,elsevier_10.1038_s41598-021-86728-8_PATH_AC_VISION_PASS_LONG,A2,12.0,extraction_csv,50.0,exact,,S1_v3_2_2B_extension,single_crystal,sample_form_conditional_median:single_crystal,20.0,0.1,,,,,5000,T_above_Tc,,,,,
CaFe2As2,iron_pnictide_122,,elsevier_10.1038_s41598-021-86728-8_PATH_AC_VISION_PASS_LONG,A2,12.0,extraction_csv,50.0,exact,,S1_v3_2_2B_extension,single_crystal,sample_form_conditional_median:single_crystal,20.0,1.0,,,,,5000,T_above_Tc,,,,,
CaFe2As2,iron_pnictide_122,,elsevier_10.1038_s41598-021-86728-8_PATH_AC_VISION_PASS_LONG,A2,12.0,extraction_csv,50.0,exact,,S1_v3_2_2B_extension,single_crystal,sample_form_conditional_median:single_crystal,20.0,5.0,,,,,5000,T_above_Tc,,,,,
CaFe2As2,iron_pnictide_122,,elsevier_10.1038_s41598-021-86728-8_PATH_AC_VISION_PASS_LONG,A2,12.0,extraction_csv,50.0,exact,,S1_v3_2_2B_extension,single_crystal,sample_form_conditional_median:single_crystal,9.24,0.1,,,,,5000,H_below_validated_reduced_field,5.111286353709107,4.979392610484512,5.210965945286187,0.002,
CaFe2As2,iron_pnictide_122,,elsevier_10.1038_s41598-021-86728-8_PATH_AC_VISION_PASS_LONG,A2,12.0,extraction_csv,50.0,exact,,S1_v3_2_2B_extension,single_crystal,sample_form_conditional_median:single_crystal,9.24,1.0,,,,,5000,H_below_validated_reduced_field,5.106437852169914,4.973774489054362,5.20682149218348,0.02,
CaFe2As2,iron_pnictide_122,,elsevier_10.1038_s41598-021-86728-8_PATH_AC_VISION_PASS_LONG,A2,12.0,extraction_csv,50.0,exact,,S1_v3_2_2B_extension,single_crystal,sample_form_conditional_median:single_crystal,9.24,5.0,,,,,5000,H_below_validated_reduced_field,5.083393848462874,4.949031058749269,5.186164701734823,0.1,
"Ba(Fe,Co)2As2",iron_pnictide_122,,elsevier_10.1016_j.mtphys.2022.100783_VISION_PASS_LONG,A2,22.0,extraction_csv,50.0,exact,,S1_v3_2_2B_extension,single_crystal,sample_form_conditional_median:single_crystal,4.2,0.1,,,,,5000,H_below_validated_reduced_field,5.746354490991693,5.635326719245767,5.802165025000917,0.002,
"Ba(Fe,Co)2As2",iron_pnictide_122,,elsevier_10.1016_j.mtphys.2022.100783_VISION_PASS_LONG,A2,22.0,extraction_csv,50.0,exact,,S1_v3_2_2B_extension,single_crystal,sample_form_conditional_median:single_crystal,4.2,1.0,,,,,5000,H_below_validated_reduced_field,5.741407797978954,5.630121380059165,5.797290566703337,0.02,
"Ba(Fe,Co)2As2",iron_pnictide_122,,elsevier_10.1016_j.mtphys.2022.100783_VISION_PASS_LONG,A2,22.0,extraction_csv,50.0,exact,,S1_v3_2_2B_extension,single_crystal,sample_form_conditional_median:single_crystal,4.2,5.0,,,,,5000,H_below_validated_reduced_field,5.714390547645239,5.600818230972042,5.776943835880933,0.1,
"Ba(Fe,Co)2As2",iron_pnictide_122,,elsevier_10.1016_j.mtphys.2022.100783_VISION_PASS_LONG,A2,22.0,extraction_csv,50.0,exact,,S1_v3_2_2B_extension,single_crystal,sample_form_conditional_median:single_crystal,20.0,0.1,,,,,5000,H_below_validated_reduced_field,4.415552067118393,4.242681253406694,4.585892561195595,0.002,
"Ba(Fe,Co)2As2",iron_pnictide_122,,elsevier_10.1016_j.mtphys.2022.100783_VISION_PASS_LONG,A2,22.0,extraction_csv,50.0,exact,,S1_v3_2_2B_extension,single_crystal,sample_form_conditional_median:single_crystal,20.0,1.0,,,,,5000,H_below_validated_reduced_field,4.410962909594222,4.238816373082938,4.5803934439624685,0.02,
"Ba(Fe,Co)2As2",iron_pnictide_122,,elsevier_10.1016_j.mtphys.2022.100783_VISION_PASS_LONG,A2,22.0,extraction_csv,50.0,exact,,S1_v3_2_2B_extension,single_crystal,sample_form_conditional_median:single_crystal,20.0,5.0,,,,,5000,H_below_validated_reduced_field,4.389474787463779,4.2130085648263655,4.558309717028027,0.1,
"Ba(Fe,Co)2As2",iron_pnictide_122,,elsevier_10.1016_j.mtphys.2022.100783_VISION_PASS_LONG,A2,22.0,extraction_csv,50.0,exact,,S1_v3_2_2B_extension,single_crystal,sample_form_conditional_median:single_crystal,16.94,0.1,,,,,5000,H_below_validated_reduced_field,4.977143875712153,4.845312543109294,5.088869411203322,0.002,
"Ba(Fe,Co)2As2",iron_pnictide_122,,elsevier_10.1016_j.mtphys.2022.100783_VISION_PASS_LONG,A2,22.0,extraction_csv,50.0,exact,,S1_v3_2_2B_extension,single_crystal,sample_form_conditional_median:single_crystal,16.94,1.0,,,,,5000,H_below_validated_reduced_field,4.972196586767025,4.840174414276139,5.084384374768703,0.02,
"Ba(Fe,Co)2As2",iron_pnictide_122,,elsevier_10.1016_j.mtphys.2022.100783_VISION_PASS_LONG,A2,22.0,extraction_csv,50.0,exact,,S1_v3_2_2B_extension,single_crystal,sample_form_conditional_median:single_crystal,16.94,5.0,,,,,5000,H_below_validated_reduced_field,4.950815455937914,4.816853648241074,5.063316429916413,0.1,
"Ba(Fe,Co)2As2",iron_pnictide_122,,elsevier_10.1016_j.mtphys.2022.100783_VISION_PASS_LONG,A2,22.0,extraction_csv,50.0,exact,,S1_v3_2_2B_extension,single_crystal,sample_form_conditional_median:single_crystal,4.2,0.1,,,,,5000,H_below_validated_reduced_field,5.746354490991693,5.636927477444992,5.802181694508696,0.002,
"Ba(Fe,Co)2As2",iron_pnictide_122,,elsevier_10.1016_j.mtphys.2022.100783_VISION_PASS_LONG,A2,22.0,extraction_csv,50.0,exact,,S1_v3_2_2B_extension,single_crystal,sample_form_conditional_median:single_crystal,4.2,1.0,,,,,5000,H_below_validated_reduced_field,5.74127921142142,5.632341680651209,5.797382490953601,0.02,
"Ba(Fe,Co)2As2",iron_pnictide_122,,elsevier_10.1016_j.mtphys.2022.100783_VISION_PASS_LONG,A2,22.0,extraction_csv,50.0,exact,,S1_v3_2_2B_extension,single_crystal,sample_form_conditional_median:single_crystal,4.2,5.0,,,,,5000,H_below_validated_reduced_field,5.715392733506044,5.602970032787044,5.778444201182399,0.1,
"Ba(Fe,Co)2As2",iron_pnictide_122,,elsevier_10.1016_j.mtphys.2022.100783_VISION_PASS_LONG,A2,22.0,extraction_csv,50.0,exact,,S1_v3_2_2B_extension,single_crystal,sample_form_conditional_median:single_crystal,20.0,0.1,,,,,5000,H_below_validated_reduced_field,4.416841851234026,4.241403343837177,4.585938419893878,0.002,
"Ba(Fe,Co)2As2",iron_pnictide_122,,elsevier_10.1016_j.mtphys.2022.100783_VISION_PASS_LONG,A2,22.0,extraction_csv,50.0,exact,,S1_v3_2_2B_extension,single_crystal,sample_form_conditional_median:single_crystal,20.0,1.0,,,,,5000,H_below_validated_reduced_field,4.4119996716229295,4.2371553616473365,4.581870439026672,0.02,
"Ba(Fe,Co)2As2",iron_pnictide_122,,elsevier_10.1016_j.mtphys.2022.100783_VISION_PASS_LONG,A2,22.0,extraction_csv,50.0,exact,,S1_v3_2_2B_extension,single_crystal,sample_form_conditional_median:single_crystal,20.0,5.0,,,,,5000,H_below_validated_reduced_field,4.3890443808806126,4.213751625315365,4.564131173372696,0.1,
"Ba(Fe,Co)2As2",iron_pnictide_122,,elsevier_10.1016_j.mtphys.2022.100783_VISION_PASS_LONG,A2,22.0,extraction_csv,50.0,exact,,S1_v3_2_2B_extension,single_crystal,sample_form_conditional_median:single_crystal,16.94,0.1,,,,,5000,H_below_validated_reduced_field,4.9792738964653145,4.845820981341358,5.090609004390749,0.002,
"Ba(Fe,Co)2As2",iron_pnictide_122,,elsevier_10.1016_j.mtphys.2022.100783_VISION_PASS_LONG,A2,22.0,extraction_csv,50.0,exact,,S1_v3_2_2B_extension,single_crystal,sample_form_conditional_median:single_crystal,16.94,1.0,,,,,5000,H_below_validated_reduced_field,4.974474624878539,4.8415191811578415,5.086271018850916,0.02,
"Ba(Fe,Co)2As2",iron_pnictide_122,,elsevier_10.1016_j.mtphys.2022.100783_VISION_PASS_LONG,A2,22.0,extraction_csv,50.0,exact,,S1_v3_2_2B_extension,single_crystal,sample_form_conditional_median:single_crystal,16.94,5.0,,,,,5000,H_below_validated_reduced_field,4.951602832861229,4.816771930348902,5.066384760423515,0.1,
"Ba(Fe,Co)2As2",iron_pnictide_122,,elsevier_10.1016_j.mtphys.2022.100783_VISION_PASS_LONG,A2,22.0,extraction_csv,50.0,exact,,S1_v3_2_2B_extension,single_crystal,sample_form_conditional_median:single_crystal,4.2,0.1,,,,,5000,H_below_validated_reduced_field,5.746354490991693,5.635326719245767,5.804297695181981,0.002,
"Ba(Fe,Co)2As2",iron_pnictide_122,,elsevier_10.1016_j.mtphys.2022.100783_VISION_PASS_LONG,A2,22.0,extraction_csv,50.0,exact,,S1_v3_2_2B_extension,single_crystal,sample_form_conditional_median:single_crystal,4.2,1.0,,,,,5000,H_below_validated_reduced_field,5.741472784871311,5.630086967625135,5.800385814190494,0.02,
"Ba(Fe,Co)2As2",iron_pnictide_122,,elsevier_10.1016_j.mtphys.2022.100783_VISION_PASS_LONG,A2,22.0,extraction_csv,50.0,exact,,S1_v3_2_2B_extension,single_crystal,sample_form_conditional_median:single_crystal,4.2,5.0,,,,,5000,H_below_validated_reduced_field,5.714426985660092,5.598248848428062,5.780706044069672,0.1,
"Ba(Fe,Co)2As2",iron_pnictide_122,,elsevier_10.1016_j.mtphys.2022.100783_VISION_PASS_LONG,A2,22.0,extraction_csv,50.0,exact,,S1_v3_2_2B_extension,single_crystal,sample_form_conditional_median:single_crystal,20.0,0.1,,,,,5000,H_below_validated_reduced_field,4.416841851234026,4.239212306420359,4.589037816090705,0.002,
"Ba(Fe,Co)2As2",iron_pnictide_122,,elsevier_10.1016_j.mtphys.2022.100783_VISION_PASS_LONG,A2,22.0,extraction_csv,50.0,exact,,S1_v3_2_2B_extension,single_crystal,sample_form_conditional_median:single_crystal,20.0,1.0,,,,,5000,H_below_validated_reduced_field,4.41218450967148,4.232959517080543,4.584476201813247,0.02,
"Ba(Fe,Co)2As2",iron_pnictide_122,,elsevier_10.1016_j.mtphys.2022.100783_VISION_PASS_LONG,A2,22.0,extraction_csv,50.0,exact,,S1_v3_2_2B_extension,single_crystal,sample_form_conditional_median:single_crystal,20.0,5.0,,,,,5000,H_below_validated_reduced_field,4.389896683938115,4.205989536207383,4.561816196975028,0.1,
"Ba(Fe,Co)2As2",iron_pnictide_122,,elsevier_10.1016_j.mtphys.2022.100783_VISION_PASS_LONG,A2,22.0,extraction_csv,50.0,exact,,S1_v3_2_2B_extension,single_crystal,sample_form_conditional_median:single_crystal,16.94,0.1,,,,,5000,H_below_validated_reduced_field,4.978549536042857,4.841778666211059,5.09197414806509,0.002,
"Ba(Fe,Co)2As2",iron_pnictide_122,,elsevier_10.1016_j.mtphys.2022.100783_VISION_PASS_LONG,A2,22.0,extraction_csv,50.0,exact,,S1_v3_2_2B_extension,single_crystal,sample_form_conditional_median:single_crystal,16.94,1.0,,,,,5000,H_below_validated_reduced_field,4.973366393794471,4.837135080109456,5.086716765425764,0.02,
"Ba(Fe,Co)2As2",iron_pnictide_122,,elsevier_10.1016_j.mtphys.2022.100783_VISION_PASS_LONG,A2,22.0,extraction_csv,50.0,exact,,S1_v3_2_2B_extension,single_crystal,sample_form_conditional_median:single_crystal,16.94,5.0,,,,,5000,H_below_validated_reduced_field,4.950753104796323,4.812018593666696,5.06739702974095,0.1,
"Ba(Fe,Co)2As2",iron_pnictide_122,,elsevier_10.1016_j.mtphys.2022.100783_VISION_PASS_LONG,A2,22.0,extraction_csv,50.0,exact,,S1_v3_2_2B_extension,single_crystal,sample_form_conditional_median:single_crystal,4.2,0.1,,,,,5000,H_below_validated_reduced_field,5.746354490991693,5.614582757298319,5.804964475493147,0.002,
"Ba(Fe,Co)2As2",iron_pnictide_122,,elsevier_10.1016_j.mtphys.2022.100783_VISION_PASS_LONG,A2,22.0,extraction_csv,50.0,exact,,S1_v3_2_2B_extension,single_crystal,sample_form_conditional_median:single_crystal,4.2,1.0,,,,,5000,H_below_validated_reduced_field,5.739833886226041,5.611874253046925,5.801986560387598,0.02,
"Ba(Fe,Co)2As2",iron_pnictide_122,,elsevier_10.1016_j.mtphys.2022.100783_VISION_PASS_LONG,A2,22.0,extraction_csv,50.0,exact,,S1_v3_2_2B_extension,single_crystal,sample_form_conditional_median:single_crystal,4.2,5.0,,,,,5000,H_below_validated_reduced_field,5.7122284483701655,5.593290004316093,5.7807377084586005,0.1,
"Ba(Fe,Co)2As2",iron_pnictide_122,,elsevier_10.1016_j.mtphys.2022.100783_VISION_PASS_LONG,A2,22.0,extraction_csv,50.0,exact,,S1_v3_2_2B_extension,single_crystal,sample_form_conditional_median:single_crystal,20.0,0.1,,,,,5000,H_below_validated_reduced_field,4.414464422064652,4.236457843570218,4.587182345299764,0.002,
"Ba(Fe,Co)2As2",iron_pnictide_122,,elsevier_10.1016_j.mtphys.2022.100783_VISION_PASS_LONG,A2,22.0,extraction_csv,50.0,exact,,S1_v3_2_2B_extension,single_crystal,sample_form_conditional_median:single_crystal,20.0,1.0,,,,,5000,H_below_validated_reduced_field,4.409484661401434,4.2311287959143895,4.58183209171776,0.02,
"Ba(Fe,Co)2As2",iron_pnictide_122,,elsevier_10.1016_j.mtphys.2022.100783_VISION_PASS_LONG,A2,22.0,extraction_csv,50.0,exact,,S1_v3_2_2B_extension,single_crystal,sample_form_conditional_median:single_crystal,20.0,5.0,,,,,5000,H_below_validated_reduced_field,4.386657355115931,4.20629731633463,4.560410858177227,0.1,
"Ba(Fe,Co)2As2",iron_pnictide_122,,elsevier_10.1016_j.mtphys.2022.100783_VISION_PASS_LONG,A2,22.0,extraction_csv,50.0,exact,,S1_v3_2_2B_extension,single_crystal,sample_form_conditional_median:single_crystal,16.94,0.1,,,,,5000,H_below_validated_reduced_field,4.975811259964953,4.84069330302464,5.089853241197466,0.002,
"Ba(Fe,Co)2As2",iron_pnictide_122,,elsevier_10.1016_j.mtphys.2022.100783_VISION_PASS_LONG,A2,22.0,extraction_csv,50.0,exact,,S1_v3_2_2B_extension,single_crystal,sample_form_conditional_median:single_crystal,16.94,1.0,,,,,5000,H_below_validated_reduced_field,4.9710219045660216,4.837118302962261,5.085281813114992,0.02,
"Ba(Fe,Co)2As2",iron_pnictide_122,,elsevier_10.1016_j.mtphys.2022.100783_VISION_PASS_LONG,A2,22.0,extraction_csv,50.0,exact,,S1_v3_2_2B_extension,single_crystal,sample_form_conditional_median:single_crystal,16.94,5.0,,,,,5000,H_below_validated_reduced_field,4.948658888497962,4.812708777184254,5.064540984688455,0.1,
"Ba(Fe,Co)2As2",iron_pnictide_122,,elsevier_10.1016_j.mtphys.2022.100783_VISION_PASS_LONG,A2,22.0,extraction_csv,50.0,exact,,S1_v3_2_2B_extension,single_crystal,sample_form_conditional_median:single_crystal,4.2,0.1,,,,,5000,H_below_validated_reduced_field,5.746354490991693,5.616253626881896,5.804297695181981,0.002,
"Ba(Fe,Co)2As2",iron_pnictide_122,,elsevier_10.1016_j.mtphys.2022.100783_VISION_PASS_LONG,A2,22.0,extraction_csv,50.0,exact,,S1_v3_2_2B_extension,single_crystal,sample_form_conditional_median:single_crystal,4.2,1.0,,,,,5000,H_below_validated_reduced_field,5.741362520885259,5.6130682030448575,5.798259630839747,0.02,
"Ba(Fe,Co)2As2",iron_pnictide_122,,elsevier_10.1016_j.mtphys.2022.100783_VISION_PASS_LONG,A2,22.0,extraction_csv,50.0,exact,,S1_v3_2_2B_extension,single_crystal,sample_form_conditional_median:single_crystal,4.2,5.0,,,,,5000,H_below_validated_reduced_field,5.714234416363141,5.596125049292835,5.779072733178207,0.1,
"Ba(Fe,Co)2As2",iron_pnictide_122,,elsevier_10.1016_j.mtphys.2022.100783_VISION_PASS_LONG,A2,22.0,extraction_csv,50.0,exact,,S1_v3_2_2B_extension,single_crystal,sample_form_conditional_median:single_crystal,20.0,0.1,,,,,5000,H_below_validated_reduced_field,4.417219634867232,4.242107687645519,4.587870307944865,0.002,
"Ba(Fe,Co)2As2",iron_pnictide_122,,elsevier_10.1016_j.mtphys.2022.100783_VISION_PASS_LONG,A2,22.0,extraction_csv,50.0,exact,,S1_v3_2_2B_extension,single_crystal,sample_form_conditional_median:single_crystal,20.0,1.0,,,,,5000,H_below_validated_reduced_field,4.412567802557511,4.238829334942675,4.583219203108593,0.02,
"Ba(Fe,Co)2As2",iron_pnictide_122,,elsevier_10.1016_j.mtphys.2022.100783_VISION_PASS_LONG,A2,22.0,extraction_csv,50.0,exact,,S1_v3_2_2B_extension,single_crystal,sample_form_conditional_median:single_crystal,20.0,5.0,,,,,5000,H_below_validated_reduced_field,4.390644540453182,4.210702203035459,4.56070462267585,0.1,
"Ba(Fe,Co)2As2",iron_pnictide_122,,elsevier_10.1016_j.mtphys.2022.100783_VISION_PASS_LONG,A2,22.0,extraction_csv,50.0,exact,,S1_v3_2_2B_extension,single_crystal,sample_form_conditional_median:single_crystal,16.94,0.1,,,,,5000,H_below_validated_reduced_field,4.97929414628661,4.841388843034305,5.090438645683376,0.002,
"Ba(Fe,Co)2As2",iron_pnictide_122,,elsevier_10.1016_j.mtphys.2022.100783_VISION_PASS_LONG,A2,22.0,extraction_csv,50.0,exact,,S1_v3_2_2B_extension,single_crystal,sample_form_conditional_median:single_crystal,16.94,1.0,,,,,5000,H_below_validated_reduced_field,4.973808377534599,4.8357434991608255,5.085431373396877,0.02,
"Ba(Fe,Co)2As2",iron_pnictide_122,,elsevier_10.1016_j.mtphys.2022.100783_VISION_PASS_LONG,A2,22.0,extraction_csv,50.0,exact,,S1_v3_2_2B_extension,single_crystal,sample_form_conditional_median:single_crystal,16.94,5.0,,,,,5000,H_below_validated_reduced_field,4.950364125678895,4.813982976573141,5.064773962552299,0.1,
"Ba(Fe,Co)2As2",iron_pnictide_122,,elsevier_10.1016_j.mtphys.2022.100783_VISION_PASS_LONG,A2,22.0,extraction_csv,50.0,exact,,S1_v3_2_2B_extension,single_crystal,sample_form_conditional_median:single_crystal,4.2,0.1,,,,,5000,H_below_validated_reduced_field,5.746354490991693,5.635326719245767,5.804297695181981,0.002,
"Ba(Fe,Co)2As2",iron_pnictide_122,,elsevier_10.1016_j.mtphys.2022.100783_VISION_PASS_LONG,A2,22.0,extraction_csv,50.0,exact,,S1_v3_2_2B_extension,single_crystal,sample_form_conditional_median:single_crystal,4.2,1.0,,,,,5000,H_below_validated_reduced_field,5.741472784871311,5.631944159118034,5.799043704011213,0.02,
"Ba(Fe,Co)2As2",iron_pnictide_122,,elsevier_10.1016_j.mtphys.2022.100783_VISION_PASS_LONG,A2,22.0,extraction_csv,50.0,exact,,S1_v3_2_2B_extension,single_crystal,sample_form_conditional_median:single_crystal,4.2,5.0,,,,,5000,H_below_validated_reduced_field,5.7144087666526655,5.600818230972042,5.778444201182399,0.1,
"Ba(Fe,Co)2As2",iron_pnictide_122,,elsevier_10.1016_j.mtphys.2022.100783_VISION_PASS_LONG,A2,22.0,extraction_csv,50.0,exact,,S1_v3_2_2B_extension,single_crystal,sample_form_conditional_median:single_crystal,20.0,0.1,,,,,5000,H_below_validated_reduced_field,4.416841855226739,4.244412749151264,4.583727618947312,0.002,
"Ba(Fe,Co)2As2",iron_pnictide_122,,elsevier_10.1016_j.mtphys.2022.100783_VISION_PASS_LONG,A2,22.0,extraction_csv,50.0,exact,,S1_v3_2_2B_extension,single_crystal,sample_form_conditional_median:single_crystal,20.0,1.0,,,,,5000,H_below_validated_reduced_field,4.412559354685569,4.239778435951694,4.577884234282458,0.02,
"Ba(Fe,Co)2As2",iron_pnictide_122,,elsevier_10.1016_j.mtphys.2022.100783_VISION_PASS_LONG,A2,22.0,extraction_csv,50.0,exact,,S1_v3_2_2B_extension,single_crystal,sample_form_conditional_median:single_crystal,20.0,5.0,,,,,5000,H_below_validated_reduced_field,4.390428898228572,4.216242501351983,4.554226508281279,0.1,
"Ba(Fe,Co)2As2",iron_pnictide_122,,elsevier_10.1016_j.mtphys.2022.100783_VISION_PASS_LONG,A2,22.0,extraction_csv,50.0,exact,,S1_v3_2_2B_extension,single_crystal,sample_form_conditional_median:single_crystal,16.94,0.1,,,,,5000,H_below_validated_reduced_field,4.9792738964653145,4.848890313626315,5.087756399978476,0.002,
"Ba(Fe,Co)2As2",iron_pnictide_122,,elsevier_10.1016_j.mtphys.2022.100783_VISION_PASS_LONG,A2,22.0,extraction_csv,50.0,exact,,S1_v3_2_2B_extension,single_crystal,sample_form_conditional_median:single_crystal,16.94,1.0,,,,,5000,H_below_validated_reduced_field,4.973726142466786,4.844261351237421,5.081654055986485,0.02,
"Ba(Fe,Co)2As2",iron_pnictide_122,,elsevier_10.1016_j.mtphys.2022.100783_VISION_PASS_LONG,A2,22.0,extraction_csv,50.0,exact,,S1_v3_2_2B_extension,single_crystal,sample_form_conditional_median:single_crystal,16.94,5.0,,,,,5000,H_below_validated_reduced_field,4.951307478898649,4.819759830699566,5.058851134670747,0.1,
"Ba(Fe,Co)2As2",iron_pnictide_122,,elsevier_10.1016_j.mtphys.2022.100783_VISION_PASS_LONG,A2,22.0,extraction_csv,50.0,exact,,S1_v3_2_2B_extension,single_crystal,sample_form_conditional_median:single_crystal,4.2,0.1,,,,,5000,H_below_validated_reduced_field,5.746354490991693,5.635326719245767,5.802165025000917,0.002,
"Ba(Fe,Co)2As2",iron_pnictide_122,,elsevier_10.1016_j.mtphys.2022.100783_VISION_PASS_LONG,A2,22.0,extraction_csv,50.0,exact,,S1_v3_2_2B_extension,single_crystal,sample_form_conditional_median:single_crystal,4.2,1.0,,,,,5000,H_below_validated_reduced_field,5.741095917472194,5.62851096933721,5.795572841638708,0.02,
"Ba(Fe,Co)2As2",iron_pnictide_122,,elsevier_10.1016_j.mtphys.2022.100783_VISION_PASS_LONG,A2,22.0,extraction_csv,50.0,exact,,S1_v3_2_2B_extension,single_crystal,sample_form_conditional_median:single_crystal,4.2,5.0,,,,,5000,H_below_validated_reduced_field,5.71331253040584,5.596587667696376,5.777459223665384,0.1,
"Ba(Fe,Co)2As2",iron_pnictide_122,,elsevier_10.1016_j.mtphys.2022.100783_VISION_PASS_LONG,A2,22.0,extraction_csv,50.0,exact,,S1_v3_2_2B_extension,single_crystal,sample_form_conditional_median:single_crystal,20.0,0.1,,,,,5000,H_below_validated_reduced_field,4.415349814384845,4.239221757758515,4.584318201143048,0.002,
"Ba(Fe,Co)2As2",iron_pnictide_122,,elsevier_10.1016_j.mtphys.2022.100783_VISION_PASS_LONG,A2,22.0,extraction_csv,50.0,exact,,S1_v3_2_2B_extension,single_crystal,sample_form_conditional_median:single_crystal,20.0,1.0,,,,,5000,H_below_validated_reduced_field,4.410348201988766,4.234046950885204,4.579057349798633,0.02,
"Ba(Fe,Co)2As2",iron_pnictide_122,,elsevier_10.1016_j.mtphys.2022.100783_VISION_PASS_LONG,A2,22.0,extraction_csv,50.0,exact,,S1_v3_2_2B_extension,single_crystal,sample_form_conditional_median:single_crystal,20.0,5.0,,,,,5000,H_below_validated_reduced_field,4.387834792745016,4.211798615015998,4.557154921226968,0.1,
"Ba(Fe,Co)2As2",iron_pnictide_122,,elsevier_10.1016_j.mtphys.2022.100783_VISION_PASS_LONG,A2,22.0,extraction_csv,50.0,exact,,S1_v3_2_2B_extension,single_crystal,sample_form_conditional_median:single_crystal,16.94,0.1,,,,,5000,H_below_validated_reduced_field,4.977822170800467,4.842713747361768,5.088037808228436,0.002,
"Ba(Fe,Co)2As2",iron_pnictide_122,,elsevier_10.1016_j.mtphys.2022.100783_VISION_PASS_LONG,A2,22.0,extraction_csv,50.0,exact,,S1_v3_2_2B_extension,single_crystal,sample_form_conditional_median:single_crystal,16.94,1.0,,,,,5000,H_below_validated_reduced_field,4.972788574097583,4.836889002051952,5.083364326116511,0.02,
"Ba(Fe,Co)2As2",iron_pnictide_122,,elsevier_10.1016_j.mtphys.2022.100783_VISION_PASS_LONG,A2,22.0,extraction_csv,50.0,exact,,S1_v3_2_2B_extension,single_crystal,sample_form_conditional_median:single_crystal,16.94,5.0,,,,,5000,H_below_validated_reduced_field,4.951299956442847,4.812401015325424,5.0602636020176,0.1,
"Ba(Fe,Co)2As2",iron_pnictide_122,,elsevier_10.1016_j.mtphys.2022.100783_VISION_PASS_LONG,A2,22.0,extraction_csv,50.0,exact,,S1_v3_2_2B_extension,single_crystal,sample_form_conditional_median:single_crystal,4.2,0.1,,,,,5000,H_below_validated_reduced_field,5.746354490991693,5.635326719245767,5.804297695181981,0.002,
"Ba(Fe,Co)2As2",iron_pnictide_122,,elsevier_10.1016_j.mtphys.2022.100783_VISION_PASS_LONG,A2,22.0,extraction_csv,50.0,exact,,S1_v3_2_2B_extension,single_crystal,sample_form_conditional_median:single_crystal,4.2,1.0,,,,,5000,H_below_validated_reduced_field,5.740505160763102,5.630505974245429,5.800649374112028,0.02,
"Ba(Fe,Co)2As2",iron_pnictide_122,,elsevier_10.1016_j.mtphys.2022.100783_VISION_PASS_LONG,A2,22.0,extraction_csv,50.0,exact,,S1_v3_2_2B_extension,single_crystal,sample_form_conditional_median:single_crystal,4.2,5.0,,,,,5000,H_below_validated_reduced_field,5.7134244889267976,5.59761185794476,5.781192813380585,0.1,
"Ba(Fe,Co)2As2",iron_pnictide_122,,elsevier_10.1016_j.mtphys.2022.100783_VISION_PASS_LONG,A2,22.0,extraction_csv,50.0,exact,,S1_v3_2_2B_extension,single_crystal,sample_form_conditional_median:single_crystal,20.0,0.1,,,,,5000,H_below_validated_reduced_field,4.416289451335926,4.240269840680067,4.58244467362224,0.002,
"Ba(Fe,Co)2As2",iron_pnictide_122,,elsevier_10.1016_j.mtphys.2022.100783_VISION_PASS_LONG,A2,22.0,extraction_csv,50.0,exact,,S1_v3_2_2B_extension,single_crystal,sample_form_conditional_median:single_crystal,20.0,1.0,,,,,5000,H_below_validated_reduced_field,4.411756116766258,4.231995810082914,4.576494835021718,0.02,
"Ba(Fe,Co)2As2",iron_pnictide_122,,elsevier_10.1016_j.mtphys.2022.100783_VISION_PASS_LONG,A2,22.0,extraction_csv,50.0,exact,,S1_v3_2_2B_extension,single_crystal,sample_form_conditional_median:single_crystal,20.0,5.0,,,,,5000,H_below_validated_reduced_field,4.389589976887315,4.206045926325125,4.556513289059038,0.1,
"Ba(Fe,Co)2As2",iron_pnictide_122,,elsevier_10.1016_j.mtphys.2022.100783_VISION_PASS_LONG,A2,22.0,extraction_csv,50.0,exact,,S1_v3_2_2B_extension,single_crystal,sample_form_conditional_median:single_crystal,16.94,0.1,,,,,5000,H_below_validated_reduced_field,4.976626349100341,4.841431893369199,5.090575497998529,0.002,
"Ba(Fe,Co)2As2",iron_pnictide_122,,elsevier_10.1016_j.mtphys.2022.100783_VISION_PASS_LONG,A2,22.0,extraction_csv,50.0,exact,,S1_v3_2_2B_extension,single_crystal,sample_form_conditional_median:single_crystal,16.94,1.0,,,,,5000,H_below_validated_reduced_field,4.971893020858479,4.837172095635103,5.0859869427981685,0.02,
"Ba(Fe,Co)2As2",iron_pnictide_122,,elsevier_10.1016_j.mtphys.2022.100783_VISION_PASS_LONG,A2,22.0,extraction_csv,50.0,exact,,S1_v3_2_2B_extension,single_crystal,sample_form_conditional_median:single_crystal,16.94,5.0,,,,,5000,H_below_validated_reduced_field,4.949460640204303,4.812703794972238,5.066561671221434,0.1,
"Ba(Fe,Co)2As2",iron_pnictide_122,,elsevier_10.1016_j.mtphys.2022.100783_VISION_PASS_LONG,A2,22.0,extraction_csv,50.0,exact,,S1_v3_2_2B_extension,single_crystal,sample_form_conditional_median:single_crystal,4.2,0.1,,,,,5000,H_below_validated_reduced_field,5.746354490991693,5.641176469841633,5.804297695181981,0.002,
"Ba(Fe,Co)2As2",iron_pnictide_122,,elsevier_10.1016_j.mtphys.2022.100783_VISION_PASS_LONG,A2,22.0,extraction_csv,50.0,exact,,S1_v3_2_2B_extension,single_crystal,sample_form_conditional_median:single_crystal,4.2,1.0,,,,,5000,H_below_validated_reduced_field,5.741686674181285,5.634489051378034,5.800649374112028,0.02,
"Ba(Fe,Co)2As2",iron_pnictide_122,,elsevier_10.1016_j.mtphys.2022.100783_VISION_PASS_LONG,A2,22.0,extraction_csv,50.0,exact,,S1_v3_2_2B_extension,single_crystal,sample_form_conditional_median:single_crystal,4.2,5.0,,,,,5000,H_below_validated_reduced_field,5.715282550625272,5.606746833221343,5.782320071912783,0.1,
"Ba(Fe,Co)2As2",iron_pnictide_122,,elsevier_10.1016_j.mtphys.2022.100783_VISION_PASS_LONG,A2,22.0,extraction_csv,50.0,exact,,S1_v3_2_2B_extension,single_crystal,sample_form_conditional_median:single_crystal,20.0,0.1,,,,,5000,H_below_validated_reduced_field,4.420500142448301,4.245083323061509,4.586170083613712,0.002,
"Ba(Fe,Co)2As2",iron_pnictide_122,,elsevier_10.1016_j.mtphys.2022.100783_VISION_PASS_LONG,A2,22.0,extraction_csv,50.0,exact,,S1_v3_2_2B_extension,single_crystal,sample_form_conditional_median:single_crystal,20.0,1.0,,,,,5000,H_below_validated_reduced_field,4.415366321906124,4.239626589975741,4.5816545961575805,0.02,
"Ba(Fe,Co)2As2",iron_pnictide_122,,elsevier_10.1016_j.mtphys.2022.100783_VISION_PASS_LONG,A2,22.0,extraction_csv,50.0,exact,,S1_v3_2_2B_extension,single_crystal,sample_form_conditional_median:single_crystal,20.0,5.0,,,,,5000,H_below_validated_reduced_field,4.392003675889566,4.215071076761065,4.5581849965463,0.1,
"Ba(Fe,Co)2As2",iron_pnictide_122,,elsevier_10.1016_j.mtphys.2022.100783_VISION_PASS_LONG,A2,22.0,extraction_csv,50.0,exact,,S1_v3_2_2B_extension,single_crystal,sample_form_conditional_median:single_crystal,16.94,0.1,,,,,5000,H_below_validated_reduced_field,4.980707392713484,4.8474494243361255,5.091466766841636,0.002,
"Ba(Fe,Co)2As2",iron_pnictide_122,,elsevier_10.1016_j.mtphys.2022.100783_VISION_PASS_LONG,A2,22.0,extraction_csv,50.0,exact,,S1_v3_2_2B_extension,single_crystal,sample_form_conditional_median:single_crystal,16.94,1.0,,,,,5000,H_below_validated_reduced_field,4.975858692765211,4.842240134409105,5.08662271294173,0.02,
"Ba(Fe,Co)2As2",iron_pnictide_122,,elsevier_10.1016_j.mtphys.2022.100783_VISION_PASS_LONG,A2,22.0,extraction_csv,50.0,exact,,S1_v3_2_2B_extension,single_crystal,sample_form_conditional_median:single_crystal,16.94,5.0,,,,,5000,H_below_validated_reduced_field,4.953191078265101,4.815714362055591,5.064969038761468,0.1,
"Ba(Fe,Co)2As2",iron_pnictide_122,,elsevier_10.1016_j.mtphys.2022.100783_VISION_PASS_LONG,A2,22.0,extraction_csv,50.0,exact,,S1_v3_2_2B_extension,single_crystal,sample_form_conditional_median:single_crystal,4.2,0.1,,,,,5000,H_below_validated_reduced_field,5.746354490991693,5.635326719245767,5.797653148949851,0.002,
"Ba(Fe,Co)2As2",iron_pnictide_122,,elsevier_10.1016_j.mtphys.2022.100783_VISION_PASS_LONG,A2,22.0,extraction_csv,50.0,exact,,S1_v3_2_2B_extension,single_crystal,sample_form_conditional_median:single_crystal,4.2,1.0,,,,,5000,H_below_validated_reduced_field,5.735466841740316,5.629090242117395,5.794270588822118,0.02,
"Ba(Fe,Co)2As2",iron_pnictide_122,,elsevier_10.1016_j.mtphys.2022.100783_VISION_PASS_LONG,A2,22.0,extraction_csv,50.0,exact,,S1_v3_2_2B_extension,single_crystal,sample_form_conditional_median:single_crystal,4.2,5.0,,,,,5000,H_below_validated_reduced_field,5.711453135521017,5.596646087156221,5.77635995502042,0.1,
"Ba(Fe,Co)2As2",iron_pnictide_122,,elsevier_10.1016_j.mtphys.2022.100783_VISION_PASS_LONG,A2,22.0,extraction_csv,50.0,exact,,S1_v3_2_2B_extension,single_crystal,sample_form_conditional_median:single_crystal,20.0,0.1,,,,,5000,H_below_validated_reduced_field,4.415755853496148,4.238045318318052,4.585892561184132,0.002,
"Ba(Fe,Co)2As2",iron_pnictide_122,,elsevier_10.1016_j.mtphys.2022.100783_VISION_PASS_LONG,A2,22.0,extraction_csv,50.0,exact,,S1_v3_2_2B_extension,single_crystal,sample_form_conditional_median:single_crystal,20.0,1.0,,,,,5000,H_below_validated_reduced_field,4.4110581189445845,4.233352085796477,4.581045471303149,0.02,
"Ba(Fe,Co)2As2",iron_pnictide_122,,elsevier_10.1016_j.mtphys.2022.100783_VISION_PASS_LONG,A2,22.0,extraction_csv,50.0,exact,,S1_v3_2_2B_extension,single_crystal,sample_form_conditional_median:single_crystal,20.0,5.0,,,,,5000,H_below_validated_reduced_field,4.388313828769194,4.209631012858145,4.558714329207383,0.1,
"Ba(Fe,Co)2As2",iron_pnictide_122,,elsevier_10.1016_j.mtphys.2022.100783_VISION_PASS_LONG,A2,22.0,extraction_csv,50.0,exact,,S1_v3_2_2B_extension,single_crystal,sample_form_conditional_median:single_crystal,16.94,0.1,,,,,5000,H_below_validated_reduced_field,4.976042428996826,4.8425874906356094,5.088029435895638,0.002,
"Ba(Fe,Co)2As2",iron_pnictide_122,,elsevier_10.1016_j.mtphys.2022.100783_VISION_PASS_LONG,A2,22.0,extraction_csv,50.0,exact,,S1_v3_2_2B_extension,single_crystal,sample_form_conditional_median:single_crystal,16.94,1.0,,,,,5000,H_below_validated_reduced_field,4.971649942652013,4.838522461791894,5.083217709738666,0.02,
"Ba(Fe,Co)2As2",iron_pnictide_122,,elsevier_10.1016_j.mtphys.2022.100783_VISION_PASS_LONG,A2,22.0,extraction_csv,50.0,exact,,S1_v3_2_2B_extension,single_crystal,sample_form_conditional_median:single_crystal,16.94,5.0,,,,,5000,H_below_validated_reduced_field,4.949515816804442,4.813317909270544,5.062232136541135,0.1,
"Ba(Fe,Co)2As2",iron_pnictide_122,,elsevier_10.1016_j.mtphys.2022.100783_VISION_PASS_LONG,A2,22.0,extraction_csv,50.0,exact,,S1_v3_2_2B_extension,single_crystal,sample_form_conditional_median:single_crystal,4.2,0.1,,,,,5000,H_below_validated_reduced_field,5.746354490991693,5.635326719245767,5.804297695181981,0.002,
"Ba(Fe,Co)2As2",iron_pnictide_122,,elsevier_10.1016_j.mtphys.2022.100783_VISION_PASS_LONG,A2,22.0,extraction_csv,50.0,exact,,S1_v3_2_2B_extension,single_crystal,sample_form_conditional_median:single_crystal,4.2,1.0,,,,,5000,H_below_validated_reduced_field,5.741298227606492,5.631678398175814,5.799039121662482,0.02,
"Ba(Fe,Co)2As2",iron_pnictide_122,,elsevier_10.1016_j.mtphys.2022.100783_VISION_PASS_LONG,A2,22.0,extraction_csv,50.0,exact,,S1_v3_2_2B_extension,single_crystal,sample_form_conditional_median:single_crystal,4.2,5.0,,,,,5000,H_below_validated_reduced_field,5.714390547645239,5.602493131665458,5.778889514310014,0.1,
"Ba(Fe,Co)2As2",iron_pnictide_122,,elsevier_10.1016_j.mtphys.2022.100783_VISION_PASS_LONG,A2,22.0,extraction_csv,50.0,exact,,S1_v3_2_2B_extension,single_crystal,sample_form_conditional_median:single_crystal,20.0,0.1,,,,,5000,H_below_validated_reduced_field,4.415160410682423,4.2441479235663,4.583727618947312,0.002,
"Ba(Fe,Co)2As2",iron_pnictide_122,,elsevier_10.1016_j.mtphys.2022.100783_VISION_PASS_LONG,A2,22.0,extraction_csv,50.0,exact,,S1_v3_2_2B_extension,single_crystal,sample_form_conditional_median:single_crystal,20.0,1.0,,,,,5000,H_below_validated_reduced_field,4.410321249462909,4.23881202232923,4.578171663927297,0.02,
"Ba(Fe,Co)2As2",iron_pnictide_122,,elsevier_10.1016_j.mtphys.2022.100783_VISION_PASS_LONG,A2,22.0,extraction_csv,50.0,exact,,S1_v3_2_2B_extension,single_crystal,sample_form_conditional_median:single_crystal,20.0,5.0,,,,,5000,H_below_validated_reduced_field,4.38751014736812,4.215273348819385,4.5576190322236485,0.1,
"Ba(Fe,Co)2As2",iron_pnictide_122,,elsevier_10.1016_j.mtphys.2022.100783_VISION_PASS_LONG,A2,22.0,extraction_csv,50.0,exact,,S1_v3_2_2B_extension,single_crystal,sample_form_conditional_median:single_crystal,16.94,0.1,,,,,5000,H_below_validated_reduced_field,4.977960842436996,4.849048904512566,5.090303719997036,0.002,
"Ba(Fe,Co)2As2",iron_pnictide_122,,elsevier_10.1016_j.mtphys.2022.100783_VISION_PASS_LONG,A2,22.0,extraction_csv,50.0,exact,,S1_v3_2_2B_extension,single_crystal,sample_form_conditional_median:single_crystal,16.94,1.0,,,,,5000,H_below_validated_reduced_field,4.972790350646786,4.843498417218091,5.084718444629887,0.02,
"Ba(Fe,Co)2As2",iron_pnictide_122,,elsevier_10.1016_j.mtphys.2022.100783_VISION_PASS_LONG,A2,22.0,extraction_csv,50.0,exact,,S1_v3_2_2B_extension,single_crystal,sample_form_conditional_median:single_crystal,16.94,5.0,,,,,5000,H_below_validated_reduced_field,4.950153051122674,4.821312138448527,5.062584910669479,0.1,
"Ba(Fe,Co)2As2",iron_pnictide_122,,elsevier_10.1016_j.mtphys.2022.100783_VISION_PASS_LONG,A2,22.0,extraction_csv,50.0,exact,,S1_v3_2_2B_extension,single_crystal,sample_form_conditional_median:single_crystal,4.2,0.1,,,,,5000,H_below_validated_reduced_field,5.746354490991693,5.635326719245767,5.804297695181981,0.002,
"Ba(Fe,Co)2As2",iron_pnictide_122,,elsevier_10.1016_j.mtphys.2022.100783_VISION_PASS_LONG,A2,22.0,extraction_csv,50.0,exact,,S1_v3_2_2B_extension,single_crystal,sample_form_conditional_median:single_crystal,4.2,1.0,,,,,5000,H_below_validated_reduced_field,5.741601371428844,5.631409859572171,5.800918516514916,0.02,
"Ba(Fe,Co)2As2",iron_pnictide_122,,elsevier_10.1016_j.mtphys.2022.100783_VISION_PASS_LONG,A2,22.0,extraction_csv,50.0,exact,,S1_v3_2_2B_extension,single_crystal,sample_form_conditional_median:single_crystal,4.2,5.0,,,,,5000,H_below_validated_reduced_field,5.714343201935703,5.598087418893487,5.783381562376443,0.1,
"Ba(Fe,Co)2As2",iron_pnictide_122,,elsevier_10.1016_j.mtphys.2022.100783_VISION_PASS_LONG,A2,22.0,extraction_csv,50.0,exact,,S1_v3_2_2B_extension,single_crystal,sample_form_conditional_median:single_crystal,20.0,0.1,,,,,5000,H_below_validated_reduced_field,4.4157370514378265,4.241239735162516,4.592613369671635,0.002,
"Ba(Fe,Co)2As2",iron_pnictide_122,,elsevier_10.1016_j.mtphys.2022.100783_VISION_PASS_LONG,A2,22.0,extraction_csv,50.0,exact,,S1_v3_2_2B_extension,single_crystal,sample_form_conditional_median:single_crystal,20.0,1.0,,,,,5000,H_below_validated_reduced_field,4.411537272259936,4.235204497210829,4.588182392947047,0.02,
"Ba(Fe,Co)2As2",iron_pnictide_122,,elsevier_10.1016_j.mtphys.2022.100783_VISION_PASS_LONG,A2,22.0,extraction_csv,50.0,exact,,S1_v3_2_2B_extension,single_crystal,sample_form_conditional_median:single_crystal,20.0,5.0,,,,,5000,H_below_validated_reduced_field,4.389236434197162,4.21087960824948,4.5647648938111365,0.1,
"Ba(Fe,Co)2As2",iron_pnictide_122,,elsevier_10.1016_j.mtphys.2022.100783_VISION_PASS_LONG,A2,22.0,extraction_csv,50.0,exact,,S1_v3_2_2B_extension,single_crystal,sample_form_conditional_median:single_crystal,16.94,0.1,,,,,5000,H_below_validated_reduced_field,4.978850118060235,4.843730157565839,5.09550797729892,0.002,
"Ba(Fe,Co)2As2",iron_pnictide_122,,elsevier_10.1016_j.mtphys.2022.100783_VISION_PASS_LONG,A2,22.0,extraction_csv,50.0,exact,,S1_v3_2_2B_extension,single_crystal,sample_form_conditional_median:single_crystal,16.94,1.0,,,,,5000,H_below_validated_reduced_field,4.973563104819124,4.838759864477058,5.090249778174281,0.02,
"Ba(Fe,Co)2As2",iron_pnictide_122,,elsevier_10.1016_j.mtphys.2022.100783_VISION_PASS_LONG,A2,22.0,extraction_csv,50.0,exact,,S1_v3_2_2B_extension,single_crystal,sample_form_conditional_median:single_crystal,16.94,5.0,,,,,5000,H_below_validated_reduced_field,4.951067230607514,4.814926089530102,5.068831470699685,0.1,
FeSe,iron_chalcogenide_11,,elsevier_10.1016_j.jallcom.2024.173999_PATH_AC_VISION_PASS_LONG,A2,9.0,extraction_csv,16.0,exact,,S1_v3_2_2B_extension,single_crystal,sample_form_conditional_median:single_crystal,4.2,0.1,,,,,5000,H_below_validated_reduced_field,5.996159972950191,5.877146982269887,6.121613313756543,0.00625,
FeSe,iron_chalcogenide_11,,elsevier_10.1016_j.jallcom.2024.173999_PATH_AC_VISION_PASS_LONG,A2,9.0,extraction_csv,16.0,exact,,S1_v3_2_2B_extension,single_crystal,sample_form_conditional_median:single_crystal,4.2,1.0,,,,,5000,H_below_validated_reduced_field,5.960695330350417,5.843659858350076,6.085073220215072,0.0625,
FeSe,iron_chalcogenide_11,,elsevier_10.1016_j.jallcom.2024.173999_PATH_AC_VISION_PASS_LONG,A2,9.0,extraction_csv,16.0,exact,,S1_v3_2_2B_extension,single_crystal,sample_form_conditional_median:single_crystal,4.2,5.0,,,,,5000,family_fails_field_axis_validation,5.771923410007387,5.665413914623919,5.89737675081374,0.3125,
FeSe,iron_chalcogenide_11,,elsevier_10.1016_j.jallcom.2024.173999_PATH_AC_VISION_PASS_LONG,A2,9.0,extraction_csv,16.0,exact,,S1_v3_2_2B_extension,single_crystal,sample_form_conditional_median:single_crystal,20.0,0.1,,,,,5000,T_above_Tc,,,,,
FeSe,iron_chalcogenide_11,,elsevier_10.1016_j.jallcom.2024.173999_PATH_AC_VISION_PASS_LONG,A2,9.0,extraction_csv,16.0,exact,,S1_v3_2_2B_extension,single_crystal,sample_form_conditional_median:single_crystal,20.0,1.0,,,,,5000,T_above_Tc,,,,,
FeSe,iron_chalcogenide_11,,elsevier_10.1016_j.jallcom.2024.173999_PATH_AC_VISION_PASS_LONG,A2,9.0,extraction_csv,16.0,exact,,S1_v3_2_2B_extension,single_crystal,sample_form_conditional_median:single_crystal,20.0,5.0,,,,,5000,T_above_Tc,,,,,
FeSe,iron_chalcogenide_11,,elsevier_10.1016_j.jallcom.2024.173999_PATH_AC_VISION_PASS_LONG,A2,9.0,extraction_csv,16.0,exact,,S1_v3_2_2B_extension,single_crystal,sample_form_conditional_median:single_crystal,6.93,0.1,,,,,5000,H_below_validated_reduced_field,5.821675129213769,5.732247844230568,5.956676107761361,0.00625,
FeSe,iron_chalcogenide_11,,elsevier_10.1016_j.jallcom.2024.173999_PATH_AC_VISION_PASS_LONG,A2,9.0,extraction_csv,16.0,exact,,S1_v3_2_2B_extension,single_crystal,sample_form_conditional_median:single_crystal,6.93,1.0,,,,,5000,H_below_validated_reduced_field,5.786734523681431,5.696292656311217,5.92135825023715,0.0625,
FeSe,iron_chalcogenide_11,,elsevier_10.1016_j.jallcom.2024.173999_PATH_AC_VISION_PASS_LONG,A2,9.0,extraction_csv,16.0,exact,,S1_v3_2_2B_extension,single_crystal,sample_form_conditional_median:single_crystal,6.93,5.0,,,,,5000,family_fails_field_axis_validation,5.607867811911472,5.51355961551202,5.739096028869469,0.3125,
FeSe,iron_chalcogenide_11,,elsevier_10.1016_j.jallcom.2024.173999_PATH_AC_VISION_PASS_LONG,A2,9.0,extraction_csv,16.0,exact,,S1_v3_2_2B_extension,single_crystal,sample_form_conditional_median:single_crystal,4.2,0.1,,,,,5000,H_below_validated_reduced_field,5.996159972950191,5.877146982269887,6.121613313756543,0.00625,
FeSe,iron_chalcogenide_11,,elsevier_10.1016_j.jallcom.2024.173999_PATH_AC_VISION_PASS_LONG,A2,9.0,extraction_csv,16.0,exact,,S1_v3_2_2B_extension,single_crystal,sample_form_conditional_median:single_crystal,4.2,1.0,,,,,5000,H_below_validated_reduced_field,5.96084211542598,5.843659858350076,6.087554417041187,0.0625,
FeSe,iron_chalcogenide_11,,elsevier_10.1016_j.jallcom.2024.173999_PATH_AC_VISION_PASS_LONG,A2,9.0,extraction_csv,16.0,exact,,S1_v3_2_2B_extension,single_crystal,sample_form_conditional_median:single_crystal,4.2,5.0,,,,,5000,family_fails_field_axis_validation,5.771923410007387,5.665413914623919,5.906265029459331,0.3125,
FeSe,iron_chalcogenide_11,,elsevier_10.1016_j.jallcom.2024.173999_PATH_AC_VISION_PASS_LONG,A2,9.0,extraction_csv,16.0,exact,,S1_v3_2_2B_extension,single_crystal,sample_form_conditional_median:single_crystal,20.0,0.1,,,,,5000,T_above_Tc,,,,,
FeSe,iron_chalcogenide_11,,elsevier_10.1016_j.jallcom.2024.173999_PATH_AC_VISION_PASS_LONG,A2,9.0,extraction_csv,16.0,exact,,S1_v3_2_2B_extension,single_crystal,sample_form_conditional_median:single_crystal,20.0,1.0,,,,,5000,T_above_Tc,,,,,
FeSe,iron_chalcogenide_11,,elsevier_10.1016_j.jallcom.2024.173999_PATH_AC_VISION_PASS_LONG,A2,9.0,extraction_csv,16.0,exact,,S1_v3_2_2B_extension,single_crystal,sample_form_conditional_median:single_crystal,20.0,5.0,,,,,5000,T_above_Tc,,,,,
FeSe,iron_chalcogenide_11,,elsevier_10.1016_j.jallcom.2024.173999_PATH_AC_VISION_PASS_LONG,A2,9.0,extraction_csv,16.0,exact,,S1_v3_2_2B_extension,single_crystal,sample_form_conditional_median:single_crystal,6.93,0.1,,,,,5000,H_below_validated_reduced_field,5.822037067662191,5.726047025629154,5.964734368334893,0.00625,
FeSe,iron_chalcogenide_11,,elsevier_10.1016_j.jallcom.2024.173999_PATH_AC_VISION_PASS_LONG,A2,9.0,extraction_csv,16.0,exact,,S1_v3_2_2B_extension,single_crystal,sample_form_conditional_median:single_crystal,6.93,1.0,,,,,5000,H_below_validated_reduced_field,5.787177944966192,5.692979239506188,5.929824686097852,0.0625,
FeSe,iron_chalcogenide_11,,elsevier_10.1016_j.jallcom.2024.173999_PATH_AC_VISION_PASS_LONG,A2,9.0,extraction_csv,16.0,exact,,S1_v3_2_2B_extension,single_crystal,sample_form_conditional_median:single_crystal,6.93,5.0,,,,,5000,family_fails_field_axis_validation,5.608071427338693,5.514313957983186,5.747046445645187,0.3125,
FeSe,iron_chalcogenide_11,,elsevier_10.1016_j.jallcom.2024.173999_PATH_AC_VISION_PASS_LONG,A2,9.0,extraction_csv,16.0,exact,,S1_v3_2_2B_extension,single_crystal,sample_form_conditional_median:single_crystal,4.2,0.1,,,,,5000,H_below_validated_reduced_field,5.996159972950191,5.877146982269887,6.121613313756543,0.00625,
FeSe,iron_chalcogenide_11,,elsevier_10.1016_j.jallcom.2024.173999_PATH_AC_VISION_PASS_LONG,A2,9.0,extraction_csv,16.0,exact,,S1_v3_2_2B_extension,single_crystal,sample_form_conditional_median:single_crystal,4.2,1.0,,,,,5000,H_below_validated_reduced_field,5.96084211542598,5.843659858350076,6.086148671156769,0.0625,
FeSe,iron_chalcogenide_11,,elsevier_10.1016_j.jallcom.2024.173999_PATH_AC_VISION_PASS_LONG,A2,9.0,extraction_csv,16.0,exact,,S1_v3_2_2B_extension,single_crystal,sample_form_conditional_median:single_crystal,4.2,5.0,,,,,5000,family_fails_field_axis_validation,5.771923410007387,5.665413914623919,5.9005933551835135,0.3125,
FeSe,iron_chalcogenide_11,,elsevier_10.1016_j.jallcom.2024.173999_PATH_AC_VISION_PASS_LONG,A2,9.0,extraction_csv,16.0,exact,,S1_v3_2_2B_extension,single_crystal,sample_form_conditional_median:single_crystal,20.0,0.1,,,,,5000,T_above_Tc,,,,,
FeSe,iron_chalcogenide_11,,elsevier_10.1016_j.jallcom.2024.173999_PATH_AC_VISION_PASS_LONG,A2,9.0,extraction_csv,16.0,exact,,S1_v3_2_2B_extension,single_crystal,sample_form_conditional_median:single_crystal,20.0,1.0,,,,,5000,T_above_Tc,,,,,
FeSe,iron_chalcogenide_11,,elsevier_10.1016_j.jallcom.2024.173999_PATH_AC_VISION_PASS_LONG,A2,9.0,extraction_csv,16.0,exact,,S1_v3_2_2B_extension,single_crystal,sample_form_conditional_median:single_crystal,20.0,5.0,,,,,5000,T_above_Tc,,,,,
FeSe,iron_chalcogenide_11,,elsevier_10.1016_j.jallcom.2024.173999_PATH_AC_VISION_PASS_LONG,A2,9.0,extraction_csv,16.0,exact,,S1_v3_2_2B_extension,single_crystal,sample_form_conditional_median:single_crystal,6.93,0.1,,,,,5000,H_below_validated_reduced_field,5.821675129213769,5.73505903124165,5.956676107761361,0.00625,
FeSe,iron_chalcogenide_11,,elsevier_10.1016_j.jallcom.2024.173999_PATH_AC_VISION_PASS_LONG,A2,9.0,extraction_csv,16.0,exact,,S1_v3_2_2B_extension,single_crystal,sample_form_conditional_median:single_crystal,6.93,1.0,,,,,5000,H_below_validated_reduced_field,5.787234502947507,5.699567502368333,5.921389724257371,0.0625,
FeSe,iron_chalcogenide_11,,elsevier_10.1016_j.jallcom.2024.173999_PATH_AC_VISION_PASS_LONG,A2,9.0,extraction_csv,16.0,exact,,S1_v3_2_2B_extension,single_crystal,sample_form_conditional_median:single_crystal,6.93,5.0,,,,,5000,family_fails_field_axis_validation,5.608181806902901,5.514313957983186,5.740488130189645,0.3125,
FeSe,iron_chalcogenide_11,,elsevier_10.1016_j.jallcom.2024.173999_PATH_AC_VISION_PASS_LONG,A2,9.0,extraction_csv,16.0,exact,,S1_v3_2_2B_extension,single_crystal,sample_form_conditional_median:single_crystal,4.2,0.1,,,,,5000,H_below_validated_reduced_field,5.996159972950191,5.877146982269887,6.091657503238059,0.00625,
FeSe,iron_chalcogenide_11,,elsevier_10.1016_j.jallcom.2024.173999_PATH_AC_VISION_PASS_LONG,A2,9.0,extraction_csv,16.0,exact,,S1_v3_2_2B_extension,single_crystal,sample_form_conditional_median:single_crystal,4.2,1.0,,,,,5000,H_below_validated_reduced_field,5.96084211542598,5.84365985511429,6.068694789822579,0.0625,
FeSe,iron_chalcogenide_11,,elsevier_10.1016_j.jallcom.2024.173999_PATH_AC_VISION_PASS_LONG,A2,9.0,extraction_csv,16.0,exact,,S1_v3_2_2B_extension,single_crystal,sample_form_conditional_median:single_crystal,4.2,5.0,,,,,5000,family_fails_field_axis_validation,5.771923410007387,5.665413894164623,5.893033454640412,0.3125,
FeSe,iron_chalcogenide_11,,elsevier_10.1016_j.jallcom.2024.173999_PATH_AC_VISION_PASS_LONG,A2,9.0,extraction_csv,16.0,exact,,S1_v3_2_2B_extension,single_crystal,sample_form_conditional_median:single_crystal,20.0,0.1,,,,,5000,T_above_Tc,,,,,
FeSe,iron_chalcogenide_11,,elsevier_10.1016_j.jallcom.2024.173999_PATH_AC_VISION_PASS_LONG,A2,9.0,extraction_csv,16.0,exact,,S1_v3_2_2B_extension,single_crystal,sample_form_conditional_median:single_crystal,20.0,1.0,,,,,5000,T_above_Tc,,,,,
FeSe,iron_chalcogenide_11,,elsevier_10.1016_j.jallcom.2024.173999_PATH_AC_VISION_PASS_LONG,A2,9.0,extraction_csv,16.0,exact,,S1_v3_2_2B_extension,single_crystal,sample_form_conditional_median:single_crystal,20.0,5.0,,,,,5000,T_above_Tc,,,,,
FeSe,iron_chalcogenide_11,,elsevier_10.1016_j.jallcom.2024.173999_PATH_AC_VISION_PASS_LONG,A2,9.0,extraction_csv,16.0,exact,,S1_v3_2_2B_extension,single_crystal,sample_form_conditional_median:single_crystal,6.93,0.1,,,,,5000,H_below_validated_reduced_field,5.821675129213769,5.726047025629154,5.956676107761361,0.00625,
FeSe,iron_chalcogenide_11,,elsevier_10.1016_j.jallcom.2024.173999_PATH_AC_VISION_PASS_LONG,A2,9.0,extraction_csv,16.0,exact,,S1_v3_2_2B_extension,single_crystal,sample_form_conditional_median:single_crystal,6.93,1.0,,,,,5000,H_below_validated_reduced_field,5.787153864714061,5.691988128913798,5.921389724257371,0.0625,
FeSe,iron_chalcogenide_11,,elsevier_10.1016_j.jallcom.2024.173999_PATH_AC_VISION_PASS_LONG,A2,9.0,extraction_csv,16.0,exact,,S1_v3_2_2B_extension,single_crystal,sample_form_conditional_median:single_crystal,6.93,5.0,,,,,5000,family_fails_field_axis_validation,5.607740608353688,5.51207130489287,5.739086262658339,0.3125,
FeTeSe,iron_chalcogenide_11,,elsevier_10.1016_j.physc.2010.05.048_VISION_PASS_LONG,A2,14.0,extraction_csv,47.0,exact,,S1_v3_2_2B_extension,single_crystal,sample_form_conditional_median:single_crystal,4.2,0.1,,,,,5000,H_below_validated_reduced_field,5.996159972950191,5.877146982269887,6.121613313756543,0.002127659574468,
FeTeSe,iron_chalcogenide_11,,elsevier_10.1016_j.physc.2010.05.048_VISION_PASS_LONG,A2,14.0,extraction_csv,47.0,exact,,S1_v3_2_2B_extension,single_crystal,sample_form_conditional_median:single_crystal,4.2,1.0,,,,,5000,H_below_validated_reduced_field,5.98441565369311,5.866150883848946,6.109820183758652,0.0212765957446808,
FeTeSe,iron_chalcogenide_11,,elsevier_10.1016_j.physc.2010.05.048_VISION_PASS_LONG,A2,14.0,extraction_csv,47.0,exact,,S1_v3_2_2B_extension,single_crystal,sample_form_conditional_median:single_crystal,4.2,5.0,,,,,5000,H_below_validated_reduced_field,5.929148868030789,5.814524117503292,6.054451348051834,0.1063829787234042,
FeTeSe,iron_chalcogenide_11,,elsevier_10.1016_j.physc.2010.05.048_VISION_PASS_LONG,A2,14.0,extraction_csv,47.0,exact,,S1_v3_2_2B_extension,single_crystal,sample_form_conditional_median:single_crystal,20.0,0.1,,,,,5000,T_above_Tc,,,,,
FeTeSe,iron_chalcogenide_11,,elsevier_10.1016_j.physc.2010.05.048_VISION_PASS_LONG,A2,14.0,extraction_csv,47.0,exact,,S1_v3_2_2B_extension,single_crystal,sample_form_conditional_median:single_crystal,20.0,1.0,,,,,5000,T_above_Tc,,,,,
FeTeSe,iron_chalcogenide_11,,elsevier_10.1016_j.physc.2010.05.048_VISION_PASS_LONG,A2,14.0,extraction_csv,47.0,exact,,S1_v3_2_2B_extension,single_crystal,sample_form_conditional_median:single_crystal,20.0,5.0,,,,,5000,T_above_Tc,,,,,
FeTeSe,iron_chalcogenide_11,,elsevier_10.1016_j.physc.2010.05.048_VISION_PASS_LONG,A2,14.0,extraction_csv,47.0,exact,,S1_v3_2_2B_extension,single_crystal,sample_form_conditional_median:single_crystal,10.78,0.1,,,,,5000,H_below_validated_reduced_field,5.7731834589893865,5.689119183193908,5.910916209111701,0.002127659574468,
FeTeSe,iron_chalcogenide_11,,elsevier_10.1016_j.physc.2010.05.048_VISION_PASS_LONG,A2,14.0,extraction_csv,47.0,exact,,S1_v3_2_2B_extension,single_crystal,sample_form_conditional_median:single_crystal,10.78,1.0,,,,,5000,H_below_validated_reduced_field,5.761160701350113,5.677326053196016,5.899922861030693,0.0212765957446808,
FeTeSe,iron_chalcogenide_11,,elsevier_10.1016_j.physc.2010.05.048_VISION_PASS_LONG,A2,14.0,extraction_csv,47.0,exact,,S1_v3_2_2B_extension,single_crystal,sample_form_conditional_median:single_crystal,10.78,5.0,,,,,5000,H_below_validated_reduced_field,5.707034733247158,5.621955745967244,5.847499207972805,0.1063829787234042,
FeTeSe,iron_chalcogenide_11,,elsevier_10.1016_j.physc.2010.05.048_VISION_PASS_LONG,A2,14.0,extraction_csv,47.0,exact,,S1_v3_2_2B_extension,single_crystal,sample_form_conditional_median:single_crystal,4.2,0.1,,,,,5000,H_below_validated_reduced_field,5.996159972950191,5.877146982269887,6.121613313756543,0.002127659574468,
FeTeSe,iron_chalcogenide_11,,elsevier_10.1016_j.physc.2010.05.048_VISION_PASS_LONG,A2,14.0,extraction_csv,47.0,exact,,S1_v3_2_2B_extension,single_crystal,sample_form_conditional_median:single_crystal,4.2,1.0,,,,,5000,H_below_validated_reduced_field,5.98441565369311,5.8660114395193625,6.109868994499462,0.0212765957446808,
FeTeSe,iron_chalcogenide_11,,elsevier_10.1016_j.physc.2010.05.048_VISION_PASS_LONG,A2,14.0,extraction_csv,47.0,exact,,S1_v3_2_2B_extension,single_crystal,sample_form_conditional_median:single_crystal,4.2,5.0,,,,,5000,H_below_validated_reduced_field,5.9289980072454815,5.813729980977796,6.05472932559477,0.1063829787234042,
FeTeSe,iron_chalcogenide_11,,elsevier_10.1016_j.physc.2010.05.048_VISION_PASS_LONG,A2,14.0,extraction_csv,47.0,exact,,S1_v3_2_2B_extension,single_crystal,sample_form_conditional_median:single_crystal,20.0,0.1,,,,,5000,T_above_Tc,,,,,
FeTeSe,iron_chalcogenide_11,,elsevier_10.1016_j.physc.2010.05.048_VISION_PASS_LONG,A2,14.0,extraction_csv,47.0,exact,,S1_v3_2_2B_extension,single_crystal,sample_form_conditional_median:single_crystal,20.0,1.0,,,,,5000,T_above_Tc,,,,,
FeTeSe,iron_chalcogenide_11,,elsevier_10.1016_j.physc.2010.05.048_VISION_PASS_LONG,A2,14.0,extraction_csv,47.0,exact,,S1_v3_2_2B_extension,single_crystal,sample_form_conditional_median:single_crystal,20.0,5.0,,,,,5000,T_above_Tc,,,,,
FeTeSe,iron_chalcogenide_11,,elsevier_10.1016_j.physc.2010.05.048_VISION_PASS_LONG,A2,14.0,extraction_csv,47.0,exact,,S1_v3_2_2B_extension,single_crystal,sample_form_conditional_median:single_crystal,10.78,0.1,,,,,5000,H_below_validated_reduced_field,5.7731834589893865,5.6771934145932885,5.9130339498401785,0.002127659574468,
FeTeSe,iron_chalcogenide_11,,elsevier_10.1016_j.physc.2010.05.048_VISION_PASS_LONG,A2,14.0,extraction_csv,47.0,exact,,S1_v3_2_2B_extension,single_crystal,sample_form_conditional_median:single_crystal,10.78,1.0,,,,,5000,H_below_validated_reduced_field,5.761390328991495,5.665449095336207,5.901713028683262,0.0212765957446808,
FeTeSe,iron_chalcogenide_11,,elsevier_10.1016_j.physc.2010.05.048_VISION_PASS_LONG,A2,14.0,extraction_csv,47.0,exact,,S1_v3_2_2B_extension,single_crystal,sample_form_conditional_median:single_crystal,10.78,5.0,,,,,5000,H_below_validated_reduced_field,5.707364086793372,5.611374042244078,5.848534147066148,0.1063829787234042,
FeTeSe,iron_chalcogenide_11,,elsevier_10.1016_j.physc.2010.05.048_VISION_PASS_LONG,A2,14.0,extraction_csv,47.0,exact,,S1_v3_2_2B_extension,single_crystal,sample_form_conditional_median:single_crystal,4.2,0.1,,,,,5000,H_below_validated_reduced_field,5.996159972950191,5.877146982269887,6.121613313756543,0.002127659574468,
FeTeSe,iron_chalcogenide_11,,elsevier_10.1016_j.physc.2010.05.048_VISION_PASS_LONG,A2,14.0,extraction_csv,47.0,exact,,S1_v3_2_2B_extension,single_crystal,sample_form_conditional_median:single_crystal,4.2,1.0,,,,,5000,H_below_validated_reduced_field,5.984517703737607,5.869450827392593,6.110287639307155,0.0212765957446808,
FeTeSe,iron_chalcogenide_11,,elsevier_10.1016_j.physc.2010.05.048_VISION_PASS_LONG,A2,14.0,extraction_csv,47.0,exact,,S1_v3_2_2B_extension,single_crystal,sample_form_conditional_median:single_crystal,4.2,5.0,,,,,5000,H_below_validated_reduced_field,5.929148868030789,5.833365603908292,6.0571135109825125,0.1063829787234042,
FeTeSe,iron_chalcogenide_11,,elsevier_10.1016_j.physc.2010.05.048_VISION_PASS_LONG,A2,14.0,extraction_csv,47.0,exact,,S1_v3_2_2B_extension,single_crystal,sample_form_conditional_median:single_crystal,20.0,0.1,,,,,5000,T_above_Tc,,,,,
FeTeSe,iron_chalcogenide_11,,elsevier_10.1016_j.physc.2010.05.048_VISION_PASS_LONG,A2,14.0,extraction_csv,47.0,exact,,S1_v3_2_2B_extension,single_crystal,sample_form_conditional_median:single_crystal,20.0,1.0,,,,,5000,T_above_Tc,,,,,
FeTeSe,iron_chalcogenide_11,,elsevier_10.1016_j.physc.2010.05.048_VISION_PASS_LONG,A2,14.0,extraction_csv,47.0,exact,,S1_v3_2_2B_extension,single_crystal,sample_form_conditional_median:single_crystal,20.0,5.0,,,,,5000,T_above_Tc,,,,,
FeTeSe,iron_chalcogenide_11,,elsevier_10.1016_j.physc.2010.05.048_VISION_PASS_LONG,A2,14.0,extraction_csv,47.0,exact,,S1_v3_2_2B_extension,single_crystal,sample_form_conditional_median:single_crystal,10.78,0.1,,,,,5000,H_below_validated_reduced_field,5.773183462116472,5.6866216219295405,5.919257369048178,0.002127659574468,
FeTeSe,iron_chalcogenide_11,,elsevier_10.1016_j.physc.2010.05.048_VISION_PASS_LONG,A2,14.0,extraction_csv,47.0,exact,,S1_v3_2_2B_extension,single_crystal,sample_form_conditional_median:single_crystal,10.78,1.0,,,,,5000,H_below_validated_reduced_field,5.761857787667084,5.674851168061006,5.907115557700744,0.0212765957446808,
FeTeSe,iron_chalcogenide_11,,elsevier_10.1016_j.physc.2010.05.048_VISION_PASS_LONG,A2,14.0,extraction_csv,47.0,exact,,S1_v3_2_2B_extension,single_crystal,sample_form_conditional_median:single_crystal,10.78,5.0,,,,,5000,H_below_validated_reduced_field,5.708683659342441,5.620976247759477,5.851396126975336,0.1063829787234042,
FeTeSe,iron_chalcogenide_11,,elsevier_10.1016_j.physc.2010.05.048_VISION_PASS_LONG,A2,14.0,extraction_csv,47.0,exact,,S1_v3_2_2B_extension,single_crystal,sample_form_conditional_median:single_crystal,4.2,0.1,,,,,5000,H_below_validated_reduced_field,5.996159972950191,5.877146982269887,6.121613313756543,0.002127659574468,
FeTeSe,iron_chalcogenide_11,,elsevier_10.1016_j.physc.2010.05.048_VISION_PASS_LONG,A2,14.0,extraction_csv,47.0,exact,,S1_v3_2_2B_extension,single_crystal,sample_form_conditional_median:single_crystal,4.2,1.0,,,,,5000,H_below_validated_reduced_field,5.98441565369311,5.867077528591008,6.109868994499462,0.0212765957446808,
FeTeSe,iron_chalcogenide_11,,elsevier_10.1016_j.physc.2010.05.048_VISION_PASS_LONG,A2,14.0,extraction_csv,47.0,exact,,S1_v3_2_2B_extension,single_crystal,sample_form_conditional_median:single_crystal,4.2,5.0,,,,,5000,H_below_validated_reduced_field,5.929148868030789,5.8198013664098935,6.05472932559477,0.1063829787234042,
FeTeSe,iron_chalcogenide_11,,elsevier_10.1016_j.physc.2010.05.048_VISION_PASS_LONG,A2,14.0,extraction_csv,47.0,exact,,S1_v3_2_2B_extension,single_crystal,sample_form_conditional_median:single_crystal,20.0,0.1,,,,,5000,T_above_Tc,,,,,
FeTeSe,iron_chalcogenide_11,,elsevier_10.1016_j.physc.2010.05.048_VISION_PASS_LONG,A2,14.0,extraction_csv,47.0,exact,,S1_v3_2_2B_extension,single_crystal,sample_form_conditional_median:single_crystal,20.0,1.0,,,,,5000,T_above_Tc,,,,,
FeTeSe,iron_chalcogenide_11,,elsevier_10.1016_j.physc.2010.05.048_VISION_PASS_LONG,A2,14.0,extraction_csv,47.0,exact,,S1_v3_2_2B_extension,single_crystal,sample_form_conditional_median:single_crystal,20.0,5.0,,,,,5000,T_above_Tc,,,,,
FeTeSe,iron_chalcogenide_11,,elsevier_10.1016_j.physc.2010.05.048_VISION_PASS_LONG,A2,14.0,extraction_csv,47.0,exact,,S1_v3_2_2B_extension,single_crystal,sample_form_conditional_median:single_crystal,10.78,0.1,,,,,5000,H_below_validated_reduced_field,5.7731834589893865,5.682998461081497,5.910916209111701,0.002127659574468,
FeTeSe,iron_chalcogenide_11,,elsevier_10.1016_j.physc.2010.05.048_VISION_PASS_LONG,A2,14.0,extraction_csv,47.0,exact,,S1_v3_2_2B_extension,single_crystal,sample_form_conditional_median:single_crystal,10.78,1.0,,,,,5000,H_below_validated_reduced_field,5.761857787667084,5.671247180786732,5.899780666361176,0.0212765957446808,
FeTeSe,iron_chalcogenide_11,,elsevier_10.1016_j.physc.2010.05.048_VISION_PASS_LONG,A2,14.0,extraction_csv,47.0,exact,,S1_v3_2_2B_extension,single_crystal,sample_form_conditional_median:single_crystal,10.78,5.0,,,,,5000,H_below_validated_reduced_field,5.708683659342441,5.618360425338888,5.846149961678405,0.1063829787234042,
FeTeSe,iron_chalcogenide_11,,elsevier_10.1016_j.physc.2010.05.048_VISION_PASS_LONG,A2,14.0,extraction_csv,47.0,exact,,S1_v3_2_2B_extension,single_crystal,sample_form_conditional_median:single_crystal,4.2,0.1,,,,,5000,H_below_validated_reduced_field,5.996159972950191,5.877146982269887,6.121613313756543,0.002127659574468,
FeTeSe,iron_chalcogenide_11,,elsevier_10.1016_j.physc.2010.05.048_VISION_PASS_LONG,A2,14.0,extraction_csv,47.0,exact,,S1_v3_2_2B_extension,single_crystal,sample_form_conditional_median:single_crystal,4.2,1.0,,,,,5000,H_below_validated_reduced_field,5.98441565369311,5.8660114395193625,6.109820183758652,0.0212765957446808,
FeTeSe,iron_chalcogenide_11,,elsevier_10.1016_j.physc.2010.05.048_VISION_PASS_LONG,A2,14.0,extraction_csv,47.0,exact,,S1_v3_2_2B_extension,single_crystal,sample_form_conditional_median:single_crystal,4.2,5.0,,,,,5000,H_below_validated_reduced_field,5.929148868030789,5.813729980977796,6.054451348051834,0.1063829787234042,
FeTeSe,iron_chalcogenide_11,,elsevier_10.1016_j.physc.2010.05.048_VISION_PASS_LONG,A2,14.0,extraction_csv,47.0,exact,,S1_v3_2_2B_extension,single_crystal,sample_form_conditional_median:single_crystal,20.0,0.1,,,,,5000,T_above_Tc,,,,,
FeTeSe,iron_chalcogenide_11,,elsevier_10.1016_j.physc.2010.05.048_VISION_PASS_LONG,A2,14.0,extraction_csv,47.0,exact,,S1_v3_2_2B_extension,single_crystal,sample_form_conditional_median:single_crystal,20.0,1.0,,,,,5000,T_above_Tc,,,,,
FeTeSe,iron_chalcogenide_11,,elsevier_10.1016_j.physc.2010.05.048_VISION_PASS_LONG,A2,14.0,extraction_csv,47.0,exact,,S1_v3_2_2B_extension,single_crystal,sample_form_conditional_median:single_crystal,20.0,5.0,,,,,5000,T_above_Tc,,,,,
FeTeSe,iron_chalcogenide_11,,elsevier_10.1016_j.physc.2010.05.048_VISION_PASS_LONG,A2,14.0,extraction_csv,47.0,exact,,S1_v3_2_2B_extension,single_crystal,sample_form_conditional_median:single_crystal,10.78,0.1,,,,,5000,H_below_validated_reduced_field,5.7731834589893865,5.677193417720374,5.910969152629912,0.002127659574468,
FeTeSe,iron_chalcogenide_11,,elsevier_10.1016_j.physc.2010.05.048_VISION_PASS_LONG,A2,14.0,extraction_csv,47.0,exact,,S1_v3_2_2B_extension,single_crystal,sample_form_conditional_median:single_crystal,10.78,1.0,,,,,5000,H_below_validated_reduced_field,5.76143914285939,5.666057876018951,5.899953128419547,0.0212765957446808,
FeTeSe,iron_chalcogenide_11,,elsevier_10.1016_j.physc.2010.05.048_VISION_PASS_LONG,A2,14.0,extraction_csv,47.0,exact,,S1_v3_2_2B_extension,single_crystal,sample_form_conditional_median:single_crystal,10.78,5.0,,,,,5000,H_below_validated_reduced_field,5.708683659342441,5.613776416428283,5.846436642295307,0.1063829787234042,
FeTeSe,iron_chalcogenide_11,,elsevier_10.1016_j.physc.2010.05.048_VISION_PASS_LONG,A2,14.0,extraction_csv,47.0,exact,,S1_v3_2_2B_extension,single_crystal,sample_form_conditional_median:single_crystal,4.2,0.1,,,,,5000,H_below_validated_reduced_field,5.996159972950191,5.877146982269887,6.121613313756543,0.002127659574468,
FeTeSe,iron_chalcogenide_11,,elsevier_10.1016_j.physc.2010.05.048_VISION_PASS_LONG,A2,14.0,extraction_csv,47.0,exact,,S1_v3_2_2B_extension,single_crystal,sample_form_conditional_median:single_crystal,4.2,1.0,,,,,5000,H_below_validated_reduced_field,5.98441565369311,5.865821307820499,6.109590552990185,0.0212765957446808,
FeTeSe,iron_chalcogenide_11,,elsevier_10.1016_j.physc.2010.05.048_VISION_PASS_LONG,A2,14.0,extraction_csv,47.0,exact,,S1_v3_2_2B_extension,single_crystal,sample_form_conditional_median:single_crystal,4.2,5.0,,,,,5000,H_below_validated_reduced_field,5.9289980072454815,5.8126471794958565,6.053143599065836,0.1063829787234042,
FeTeSe,iron_chalcogenide_11,,elsevier_10.1016_j.physc.2010.05.048_VISION_PASS_LONG,A2,14.0,extraction_csv,47.0,exact,,S1_v3_2_2B_extension,single_crystal,sample_form_conditional_median:single_crystal,20.0,0.1,,,,,5000,T_above_Tc,,,,,
FeTeSe,iron_chalcogenide_11,,elsevier_10.1016_j.physc.2010.05.048_VISION_PASS_LONG,A2,14.0,extraction_csv,47.0,exact,,S1_v3_2_2B_extension,single_crystal,sample_form_conditional_median:single_crystal,20.0,1.0,,,,,5000,T_above_Tc,,,,,
FeTeSe,iron_chalcogenide_11,,elsevier_10.1016_j.physc.2010.05.048_VISION_PASS_LONG,A2,14.0,extraction_csv,47.0,exact,,S1_v3_2_2B_extension,single_crystal,sample_form_conditional_median:single_crystal,20.0,5.0,,,,,5000,T_above_Tc,,,,,
FeTeSe,iron_chalcogenide_11,,elsevier_10.1016_j.physc.2010.05.048_VISION_PASS_LONG,A2,14.0,extraction_csv,47.0,exact,,S1_v3_2_2B_extension,single_crystal,sample_form_conditional_median:single_crystal,10.78,0.1,,,,,5000,H_below_validated_reduced_field,5.77078108195762,5.6771934145932885,5.9130339498401785,0.002127659574468,
FeTeSe,iron_chalcogenide_11,,elsevier_10.1016_j.physc.2010.05.048_VISION_PASS_LONG,A2,14.0,extraction_csv,47.0,exact,,S1_v3_2_2B_extension,single_crystal,sample_form_conditional_median:single_crystal,10.78,1.0,,,,,5000,H_below_validated_reduced_field,5.759645539207095,5.665449098385115,5.901300096703289,0.0212765957446808,
FeTeSe,iron_chalcogenide_11,,elsevier_10.1016_j.physc.2010.05.048_VISION_PASS_LONG,A2,14.0,extraction_csv,47.0,exact,,S1_v3_2_2B_extension,single_crystal,sample_form_conditional_median:single_crystal,10.78,5.0,,,,,5000,H_below_validated_reduced_field,5.706021496411762,5.611374042244078,5.847499213947453,0.1063829787234042,
FeTeSe,iron_chalcogenide_11,,elsevier_10.1016_j.physc.2010.05.048_VISION_PASS_LONG,A2,14.0,extraction_csv,47.0,exact,,S1_v3_2_2B_extension,single_crystal,sample_form_conditional_median:single_crystal,4.2,0.1,,,,,5000,H_below_validated_reduced_field,5.996159972950191,5.93108574852633,6.121613313756543,0.002127659574468,
FeTeSe,iron_chalcogenide_11,,elsevier_10.1016_j.physc.2010.05.048_VISION_PASS_LONG,A2,14.0,extraction_csv,47.0,exact,,S1_v3_2_2B_extension,single_crystal,sample_form_conditional_median:single_crystal,4.2,1.0,,,,,5000,H_below_validated_reduced_field,5.984466678715359,5.918615476479108,6.109596293759397,0.0212765957446808,
FeTeSe,iron_chalcogenide_11,,elsevier_10.1016_j.physc.2010.05.048_VISION_PASS_LONG,A2,14.0,extraction_csv,47.0,exact,,S1_v3_2_2B_extension,single_crystal,sample_form_conditional_median:single_crystal,4.2,5.0,,,,,5000,H_below_validated_reduced_field,5.929148868030789,5.860067453661973,6.054451348051834,0.1063829787234042,
FeTeSe,iron_chalcogenide_11,,elsevier_10.1016_j.physc.2010.05.048_VISION_PASS_LONG,A2,14.0,extraction_csv,47.0,exact,,S1_v3_2_2B_extension,single_crystal,sample_form_conditional_median:single_crystal,20.0,0.1,,,,,5000,T_above_Tc,,,,,
FeTeSe,iron_chalcogenide_11,,elsevier_10.1016_j.physc.2010.05.048_VISION_PASS_LONG,A2,14.0,extraction_csv,47.0,exact,,S1_v3_2_2B_extension,single_crystal,sample_form_conditional_median:single_crystal,20.0,1.0,,,,,5000,T_above_Tc,,,,,
FeTeSe,iron_chalcogenide_11,,elsevier_10.1016_j.physc.2010.05.048_VISION_PASS_LONG,A2,14.0,extraction_csv,47.0,exact,,S1_v3_2_2B_extension,single_crystal,sample_form_conditional_median:single_crystal,20.0,5.0,,,,,5000,T_above_Tc,,,,,
FeTeSe,iron_chalcogenide_11,,elsevier_10.1016_j.physc.2010.05.048_VISION_PASS_LONG,A2,14.0,extraction_csv,47.0,exact,,S1_v3_2_2B_extension,single_crystal,sample_form_conditional_median:single_crystal,10.78,0.1,,,,,5000,H_below_validated_reduced_field,5.773183462116472,5.682998461083402,5.9130339498401785,0.002127659574468,
FeTeSe,iron_chalcogenide_11,,elsevier_10.1016_j.physc.2010.05.048_VISION_PASS_LONG,A2,14.0,extraction_csv,47.0,exact,,S1_v3_2_2B_extension,single_crystal,sample_form_conditional_median:single_crystal,10.78,1.0,,,,,5000,H_below_validated_reduced_field,5.762042269315351,5.671252921557801,5.900886397723532,0.0212765957446808,
FeTeSe,iron_chalcogenide_11,,elsevier_10.1016_j.physc.2010.05.048_VISION_PASS_LONG,A2,14.0,extraction_csv,47.0,exact,,S1_v3_2_2B_extension,single_crystal,sample_form_conditional_median:single_crystal,10.78,5.0,,,,,5000,H_below_validated_reduced_field,5.708784745470932,5.6195509337749465,5.84641640633767,0.1063829787234042,
FeTeSe,iron_chalcogenide_11,,elsevier_10.1016_j.physc.2010.05.048_VISION_PASS_LONG,A2,14.0,extraction_csv,47.0,exact,,S1_v3_2_2B_extension,single_crystal,sample_form_conditional_median:single_crystal,4.2,0.1,,,,,5000,H_below_validated_reduced_field,5.996159972950191,5.877146982269887,6.121613313756543,0.002127659574468,
FeTeSe,iron_chalcogenide_11,,elsevier_10.1016_j.physc.2010.05.048_VISION_PASS_LONG,A2,14.0,extraction_csv,47.0,exact,,S1_v3_2_2B_extension,single_crystal,sample_form_conditional_median:single_crystal,4.2,1.0,,,,,5000,H_below_validated_reduced_field,5.98441565369311,5.866150883848946,6.109820183758652,0.0212765957446808,
FeTeSe,iron_chalcogenide_11,,elsevier_10.1016_j.physc.2010.05.048_VISION_PASS_LONG,A2,14.0,extraction_csv,47.0,exact,,S1_v3_2_2B_extension,single_crystal,sample_form_conditional_median:single_crystal,4.2,5.0,,,,,5000,H_below_validated_reduced_field,5.929148868030789,5.814524117503292,6.054451348051834,0.1063829787234042,
FeTeSe,iron_chalcogenide_11,,elsevier_10.1016_j.physc.2010.05.048_VISION_PASS_LONG,A2,14.0,extraction_csv,47.0,exact,,S1_v3_2_2B_extension,single_crystal,sample_form_conditional_median:single_crystal,20.0,0.1,,,,,5000,T_above_Tc,,,,,
FeTeSe,iron_chalcogenide_11,,elsevier_10.1016_j.physc.2010.05.048_VISION_PASS_LONG,A2,14.0,extraction_csv,47.0,exact,,S1_v3_2_2B_extension,single_crystal,sample_form_conditional_median:single_crystal,20.0,1.0,,,,,5000,T_above_Tc,,,,,
FeTeSe,iron_chalcogenide_11,,elsevier_10.1016_j.physc.2010.05.048_VISION_PASS_LONG,A2,14.0,extraction_csv,47.0,exact,,S1_v3_2_2B_extension,single_crystal,sample_form_conditional_median:single_crystal,20.0,5.0,,,,,5000,T_above_Tc,,,,,
FeTeSe,iron_chalcogenide_11,,elsevier_10.1016_j.physc.2010.05.048_VISION_PASS_LONG,A2,14.0,extraction_csv,47.0,exact,,S1_v3_2_2B_extension,single_crystal,sample_form_conditional_median:single_crystal,10.78,0.1,,,,,5000,H_below_validated_reduced_field,5.7731834589893865,5.677307356309318,5.9130339498401785,0.002127659574468,
FeTeSe,iron_chalcogenide_11,,elsevier_10.1016_j.physc.2010.05.048_VISION_PASS_LONG,A2,14.0,extraction_csv,47.0,exact,,S1_v3_2_2B_extension,single_crystal,sample_form_conditional_median:single_crystal,10.78,1.0,,,,,5000,H_below_validated_reduced_field,5.761439139732305,5.666304579507941,5.901300096703289,0.0212765957446808,
FeTeSe,iron_chalcogenide_11,,elsevier_10.1016_j.physc.2010.05.048_VISION_PASS_LONG,A2,14.0,extraction_csv,47.0,exact,,S1_v3_2_2B_extension,single_crystal,sample_form_conditional_median:single_crystal,10.78,5.0,,,,,5000,H_below_validated_reduced_field,5.707544618288311,5.614570552875601,5.847155091801633,0.1063829787234042,
CaFe2As2,iron_pnictide_122,,elsevier_10.1038_srep22278_PATH_AC_VISION_PASS_LONG,A2,12.0,extraction_csv,50.0,exact,,S1_v3_2_2B_extension,single_crystal,sample_form_conditional_median:single_crystal,4.2,0.1,,,,,5000,H_below_validated_reduced_field,5.746354490991693,5.635326719245767,5.804297695181981,0.002,
CaFe2As2,iron_pnictide_122,,elsevier_10.1038_srep22278_PATH_AC_VISION_PASS_LONG,A2,12.0,extraction_csv,50.0,exact,,S1_v3_2_2B_extension,single_crystal,sample_form_conditional_median:single_crystal,4.2,1.0,,,,,5000,H_below_validated_reduced_field,5.740505160763102,5.629465446489997,5.800016167455668,0.02,
CaFe2As2,iron_pnictide_122,,elsevier_10.1038_srep22278_PATH_AC_VISION_PASS_LONG,A2,12.0,extraction_csv,50.0,exact,,S1_v3_2_2B_extension,single_crystal,sample_form_conditional_median:single_crystal,4.2,5.0,,,,,5000,H_below_validated_reduced_field,5.713327717015129,5.596648090228837,5.779579232397619,0.1,
CaFe2As2,iron_pnictide_122,,elsevier_10.1038_srep22278_PATH_AC_VISION_PASS_LONG,A2,12.0,extraction_csv,50.0,exact,,S1_v3_2_2B_extension,single_crystal,sample_form_conditional_median:single_crystal,20.0,0.1,,,,,5000,T_above_Tc,,,,,
CaFe2As2,iron_pnictide_122,,elsevier_10.1038_srep22278_PATH_AC_VISION_PASS_LONG,A2,12.0,extraction_csv,50.0,exact,,S1_v3_2_2B_extension,single_crystal,sample_form_conditional_median:single_crystal,20.0,1.0,,,,,5000,T_above_Tc,,,,,
CaFe2As2,iron_pnictide_122,,elsevier_10.1038_srep22278_PATH_AC_VISION_PASS_LONG,A2,12.0,extraction_csv,50.0,exact,,S1_v3_2_2B_extension,single_crystal,sample_form_conditional_median:single_crystal,20.0,5.0,,,,,5000,T_above_Tc,,,,,
CaFe2As2,iron_pnictide_122,,elsevier_10.1038_srep22278_PATH_AC_VISION_PASS_LONG,A2,12.0,extraction_csv,50.0,exact,,S1_v3_2_2B_extension,single_crystal,sample_form_conditional_median:single_crystal,9.24,0.1,,,,,5000,H_below_validated_reduced_field,5.110179570522418,4.984918352369006,5.208554066050729,0.002,
CaFe2As2,iron_pnictide_122,,elsevier_10.1038_srep22278_PATH_AC_VISION_PASS_LONG,A2,12.0,extraction_csv,50.0,exact,,S1_v3_2_2B_extension,single_crystal,sample_form_conditional_median:single_crystal,9.24,1.0,,,,,5000,H_below_validated_reduced_field,5.105174799152333,4.980266140350711,5.204488331589989,0.02,
CaFe2As2,iron_pnictide_122,,elsevier_10.1038_srep22278_PATH_AC_VISION_PASS_LONG,A2,12.0,extraction_csv,50.0,exact,,S1_v3_2_2B_extension,single_crystal,sample_form_conditional_median:single_crystal,9.24,5.0,,,,,5000,H_below_validated_reduced_field,5.082777264356503,4.954748353970326,5.184396603051471,0.1,
CaFe2As2,iron_pnictide_122,,elsevier_10.1038_srep22278_PATH_AC_VISION_PASS_LONG,A2,12.0,extraction_csv,50.0,exact,,S1_v3_2_2B_extension,single_crystal,sample_form_conditional_median:single_crystal,4.2,0.1,,,,,5000,H_below_validated_reduced_field,5.746354490991693,5.617854385081122,5.805175095887575,0.002,
CaFe2As2,iron_pnictide_122,,elsevier_10.1038_srep22278_PATH_AC_VISION_PASS_LONG,A2,12.0,extraction_csv,50.0,exact,,S1_v3_2_2B_extension,single_crystal,sample_form_conditional_median:single_crystal,4.2,1.0,,,,,5000,H_below_validated_reduced_field,5.740505160763102,5.614376815046189,5.801609976910885,0.02,
CaFe2As2,iron_pnictide_122,,elsevier_10.1038_srep22278_PATH_AC_VISION_PASS_LONG,A2,12.0,extraction_csv,50.0,exact,,S1_v3_2_2B_extension,single_crystal,sample_form_conditional_median:single_crystal,4.2,5.0,,,,,5000,H_below_validated_reduced_field,5.713137201544459,5.597620878085547,5.782300315744433,0.1,
CaFe2As2,iron_pnictide_122,,elsevier_10.1038_srep22278_PATH_AC_VISION_PASS_LONG,A2,12.0,extraction_csv,50.0,exact,,S1_v3_2_2B_extension,single_crystal,sample_form_conditional_median:single_crystal,20.0,0.1,,,,,5000,T_above_Tc,,,,,
CaFe2As2,iron_pnictide_122,,elsevier_10.1038_srep22278_PATH_AC_VISION_PASS_LONG,A2,12.0,extraction_csv,50.0,exact,,S1_v3_2_2B_extension,single_crystal,sample_form_conditional_median:single_crystal,20.0,1.0,,,,,5000,T_above_Tc,,,,,
CaFe2As2,iron_pnictide_122,,elsevier_10.1038_srep22278_PATH_AC_VISION_PASS_LONG,A2,12.0,extraction_csv,50.0,exact,,S1_v3_2_2B_extension,single_crystal,sample_form_conditional_median:single_crystal,20.0,5.0,,,,,5000,T_above_Tc,,,,,
CaFe2As2,iron_pnictide_122,,elsevier_10.1038_srep22278_PATH_AC_VISION_PASS_LONG,A2,12.0,extraction_csv,50.0,exact,,S1_v3_2_2B_extension,single_crystal,sample_form_conditional_median:single_crystal,9.24,0.1,,,,,5000,H_below_validated_reduced_field,5.109545998283357,4.987426415328189,5.209744491511745,0.002,
CaFe2As2,iron_pnictide_122,,elsevier_10.1038_srep22278_PATH_AC_VISION_PASS_LONG,A2,12.0,extraction_csv,50.0,exact,,S1_v3_2_2B_extension,single_crystal,sample_form_conditional_median:single_crystal,9.24,1.0,,,,,5000,H_below_validated_reduced_field,5.104772189731261,4.982090296748886,5.205922488061956,0.02,
CaFe2As2,iron_pnictide_122,,elsevier_10.1038_srep22278_PATH_AC_VISION_PASS_LONG,A2,12.0,extraction_csv,50.0,exact,,S1_v3_2_2B_extension,single_crystal,sample_form_conditional_median:single_crystal,9.24,5.0,,,,,5000,H_below_validated_reduced_field,5.081840954757832,4.955203072517533,5.184841227475016,0.1,
"Ba(Fe,Ru)2As2",iron_pnictide_122,,elsevier_10.1016_j.phpro.2012.03.421_VISION_PASS_LONG,A2,20.0,extraction_csv,60.0,exact,,S1_v3_2_2B_extension,single_crystal,sample_form_conditional_median:single_crystal,4.2,0.1,,,,,5000,H_below_validated_reduced_field,5.746354490991693,5.635326719245767,5.80431436468976,0.0016666666666666,
"Ba(Fe,Ru)2As2",iron_pnictide_122,,elsevier_10.1016_j.phpro.2012.03.421_VISION_PASS_LONG,A2,20.0,extraction_csv,60.0,exact,,S1_v3_2_2B_extension,single_crystal,sample_form_conditional_median:single_crystal,4.2,1.0,,,,,5000,H_below_validated_reduced_field,5.74132809830613,5.631749737884891,5.800736387441265,0.0166666666666666,
"Ba(Fe,Ru)2As2",iron_pnictide_122,,elsevier_10.1016_j.phpro.2012.03.421_VISION_PASS_LONG,A2,20.0,extraction_csv,60.0,exact,,S1_v3_2_2B_extension,single_crystal,sample_form_conditional_median:single_crystal,4.2,5.0,,,,,5000,H_below_validated_reduced_field,5.718019243994539,5.607876448745247,5.784177925123373,0.0833333333333333,
"Ba(Fe,Ru)2As2",iron_pnictide_122,,elsevier_10.1016_j.phpro.2012.03.421_VISION_PASS_LONG,A2,20.0,extraction_csv,60.0,exact,,S1_v3_2_2B_extension,single_crystal,sample_form_conditional_median:single_crystal,20.0,0.1,,,,,5000,T_above_Tc,,,,,
"Ba(Fe,Ru)2As2",iron_pnictide_122,,elsevier_10.1016_j.phpro.2012.03.421_VISION_PASS_LONG,A2,20.0,extraction_csv,60.0,exact,,S1_v3_2_2B_extension,single_crystal,sample_form_conditional_median:single_crystal,20.0,1.0,,,,,5000,T_above_Tc,,,,,
"Ba(Fe,Ru)2As2",iron_pnictide_122,,elsevier_10.1016_j.phpro.2012.03.421_VISION_PASS_LONG,A2,20.0,extraction_csv,60.0,exact,,S1_v3_2_2B_extension,single_crystal,sample_form_conditional_median:single_crystal,20.0,5.0,,,,,5000,T_above_Tc,,,,,
"Ba(Fe,Ru)2As2",iron_pnictide_122,,elsevier_10.1016_j.phpro.2012.03.421_VISION_PASS_LONG,A2,20.0,extraction_csv,60.0,exact,,S1_v3_2_2B_extension,single_crystal,sample_form_conditional_median:single_crystal,15.4,0.1,,,,,5000,H_below_validated_reduced_field,4.993059933881083,4.858785445961093,5.103329330015296,0.0016666666666666,
"Ba(Fe,Ru)2As2",iron_pnictide_122,,elsevier_10.1016_j.phpro.2012.03.421_VISION_PASS_LONG,A2,20.0,extraction_csv,60.0,exact,,S1_v3_2_2B_extension,single_crystal,sample_form_conditional_median:single_crystal,15.4,1.0,,,,,5000,H_below_validated_reduced_field,4.989137471519527,4.855083843782294,5.0992496539571,0.0166666666666666,
"Ba(Fe,Ru)2As2",iron_pnictide_122,,elsevier_10.1016_j.phpro.2012.03.421_VISION_PASS_LONG,A2,20.0,extraction_csv,60.0,exact,,S1_v3_2_2B_extension,single_crystal,sample_form_conditional_median:single_crystal,15.4,5.0,,,,,5000,H_below_validated_reduced_field,4.969896520589748,4.835279473075908,5.080704507994808,0.0833333333333333,
FeTe0.62Se0.38,iron_chalcogenide_11,,elsevier_10.1016_j.physb.2025.417755_VISION_PASS_LONG,A2,14.0,extraction_csv,47.0,exact,,S1_v3_2_2B_extension,single_crystal,sample_form_conditional_median:single_crystal,4.2,0.1,,,,,5000,H_below_validated_reduced_field,5.996159972950191,5.877146982269887,6.121613313756543,0.002127659574468,
FeTe0.62Se0.38,iron_chalcogenide_11,,elsevier_10.1016_j.physb.2025.417755_VISION_PASS_LONG,A2,14.0,extraction_csv,47.0,exact,,S1_v3_2_2B_extension,single_crystal,sample_form_conditional_median:single_crystal,4.2,1.0,,,,,5000,H_below_validated_reduced_field,5.98441565369311,5.866011440595365,6.109868994499462,0.0212765957446808,
FeTe0.62Se0.38,iron_chalcogenide_11,,elsevier_10.1016_j.physb.2025.417755_VISION_PASS_LONG,A2,14.0,extraction_csv,47.0,exact,,S1_v3_2_2B_extension,single_crystal,sample_form_conditional_median:single_crystal,4.2,5.0,,,,,5000,H_below_validated_reduced_field,5.929148868030789,5.813729987105639,6.05472932559477,0.1063829787234042,
FeTe0.62Se0.38,iron_chalcogenide_11,,elsevier_10.1016_j.physb.2025.417755_VISION_PASS_LONG,A2,14.0,extraction_csv,47.0,exact,,S1_v3_2_2B_extension,single_crystal,sample_form_conditional_median:single_crystal,20.0,0.1,,,,,5000,T_above_Tc,,,,,
FeTe0.62Se0.38,iron_chalcogenide_11,,elsevier_10.1016_j.physb.2025.417755_VISION_PASS_LONG,A2,14.0,extraction_csv,47.0,exact,,S1_v3_2_2B_extension,single_crystal,sample_form_conditional_median:single_crystal,20.0,1.0,,,,,5000,T_above_Tc,,,,,
FeTe0.62Se0.38,iron_chalcogenide_11,,elsevier_10.1016_j.physb.2025.417755_VISION_PASS_LONG,A2,14.0,extraction_csv,47.0,exact,,S1_v3_2_2B_extension,single_crystal,sample_form_conditional_median:single_crystal,20.0,5.0,,,,,5000,T_above_Tc,,,,,
FeTe0.62Se0.38,iron_chalcogenide_11,,elsevier_10.1016_j.physb.2025.417755_VISION_PASS_LONG,A2,14.0,extraction_csv,47.0,exact,,S1_v3_2_2B_extension,single_crystal,sample_form_conditional_median:single_crystal,10.78,0.1,,,,,5000,H_below_validated_reduced_field,5.7731834589893865,5.679759135587094,5.910916209111701,0.002127659574468,
FeTe0.62Se0.38,iron_chalcogenide_11,,elsevier_10.1016_j.physb.2025.417755_VISION_PASS_LONG,A2,14.0,extraction_csv,47.0,exact,,S1_v3_2_2B_extension,single_crystal,sample_form_conditional_median:single_crystal,10.78,1.0,,,,,5000,H_below_validated_reduced_field,5.761032707094528,5.667760000217108,5.899780666361176,0.0212765957446808,
FeTe0.62Se0.38,iron_chalcogenide_11,,elsevier_10.1016_j.physb.2025.417755_VISION_PASS_LONG,A2,14.0,extraction_csv,47.0,exact,,S1_v3_2_2B_extension,single_crystal,sample_form_conditional_median:single_crystal,10.78,5.0,,,,,5000,H_below_validated_reduced_field,5.707034733247158,5.614884315192645,5.846156296075168,0.1063829787234042,
FeTe0.61Se0.39,iron_chalcogenide_11,,elsevier_10.1016_j.physc.2010.03.003_VISION_PASS_LONG,A2,14.0,extraction_csv,47.0,exact,,S1_v3_2_2B_extension,single_crystal,sample_form_conditional_median:single_crystal,4.2,0.1,,,,,5000,H_below_validated_reduced_field,5.996159972950191,5.877146982269887,6.121613313756543,0.002127659574468,
FeTe0.61Se0.39,iron_chalcogenide_11,,elsevier_10.1016_j.physc.2010.03.003_VISION_PASS_LONG,A2,14.0,extraction_csv,47.0,exact,,S1_v3_2_2B_extension,single_crystal,sample_form_conditional_median:single_crystal,4.2,1.0,,,,,5000,H_below_validated_reduced_field,5.98441565369311,5.866006686226891,6.109590552990185,0.0212765957446808,
FeTe0.61Se0.39,iron_chalcogenide_11,,elsevier_10.1016_j.physc.2010.03.003_VISION_PASS_LONG,A2,14.0,extraction_csv,47.0,exact,,S1_v3_2_2B_extension,single_crystal,sample_form_conditional_median:single_crystal,4.2,5.0,,,,,5000,H_below_validated_reduced_field,5.929148868030789,5.813702910940748,6.053176292790485,0.1063829787234042,
FeTe0.61Se0.39,iron_chalcogenide_11,,elsevier_10.1016_j.physc.2010.03.003_VISION_PASS_LONG,A2,14.0,extraction_csv,47.0,exact,,S1_v3_2_2B_extension,single_crystal,sample_form_conditional_median:single_crystal,20.0,0.1,,,,,5000,T_above_Tc,,,,,
FeTe0.61Se0.39,iron_chalcogenide_11,,elsevier_10.1016_j.physc.2010.03.003_VISION_PASS_LONG,A2,14.0,extraction_csv,47.0,exact,,S1_v3_2_2B_extension,single_crystal,sample_form_conditional_median:single_crystal,20.0,1.0,,,,,5000,T_above_Tc,,,,,
FeTe0.61Se0.39,iron_chalcogenide_11,,elsevier_10.1016_j.physc.2010.03.003_VISION_PASS_LONG,A2,14.0,extraction_csv,47.0,exact,,S1_v3_2_2B_extension,single_crystal,sample_form_conditional_median:single_crystal,20.0,5.0,,,,,5000,T_above_Tc,,,,,
FeTe0.61Se0.39,iron_chalcogenide_11,,elsevier_10.1016_j.physc.2010.03.003_VISION_PASS_LONG,A2,14.0,extraction_csv,47.0,exact,,S1_v3_2_2B_extension,single_crystal,sample_form_conditional_median:single_crystal,10.78,0.1,,,,,5000,H_below_validated_reduced_field,5.7731834589893865,5.6771934145932885,5.910916209111701,0.002127659574468,
FeTe0.61Se0.39,iron_chalcogenide_11,,elsevier_10.1016_j.physc.2010.03.003_VISION_PASS_LONG,A2,14.0,extraction_csv,47.0,exact,,S1_v3_2_2B_extension,single_crystal,sample_form_conditional_median:single_crystal,10.78,1.0,,,,,5000,H_below_validated_reduced_field,5.761160701350113,5.6653945439043625,5.899328758857773,0.0212765957446808,
FeTe0.61Se0.39,iron_chalcogenide_11,,elsevier_10.1016_j.physc.2010.03.003_VISION_PASS_LONG,A2,14.0,extraction_csv,47.0,exact,,S1_v3_2_2B_extension,single_crystal,sample_form_conditional_median:single_crystal,10.78,5.0,,,,,5000,H_below_validated_reduced_field,5.70704624549865,5.6103094295586,5.844032220949927,0.1063829787234042,
FeTe0.61Se0.39,iron_chalcogenide_11,,elsevier_10.1016_j.physc.2010.03.003_VISION_PASS_LONG,A2,14.0,extraction_csv,47.0,exact,,S1_v3_2_2B_extension,single_crystal,sample_form_conditional_median:single_crystal,4.2,0.1,,,,,5000,H_below_validated_reduced_field,5.996159972950191,5.877146982269887,6.121613313756543,0.002127659574468,
FeTe0.61Se0.39,iron_chalcogenide_11,,elsevier_10.1016_j.physc.2010.03.003_VISION_PASS_LONG,A2,14.0,extraction_csv,47.0,exact,,S1_v3_2_2B_extension,single_crystal,sample_form_conditional_median:single_crystal,4.2,1.0,,,,,5000,H_below_validated_reduced_field,5.98441565369311,5.866150883848946,6.109590552990185,0.0212765957446808,
FeTe0.61Se0.39,iron_chalcogenide_11,,elsevier_10.1016_j.physc.2010.03.003_VISION_PASS_LONG,A2,14.0,extraction_csv,47.0,exact,,S1_v3_2_2B_extension,single_crystal,sample_form_conditional_median:single_crystal,4.2,5.0,,,,,5000,H_below_validated_reduced_field,5.9289980072454815,5.814524117503292,6.053143599065836,0.1063829787234042,
FeTe0.61Se0.39,iron_chalcogenide_11,,elsevier_10.1016_j.physc.2010.03.003_VISION_PASS_LONG,A2,14.0,extraction_csv,47.0,exact,,S1_v3_2_2B_extension,single_crystal,sample_form_conditional_median:single_crystal,20.0,0.1,,,,,5000,T_above_Tc,,,,,
FeTe0.61Se0.39,iron_chalcogenide_11,,elsevier_10.1016_j.physc.2010.03.003_VISION_PASS_LONG,A2,14.0,extraction_csv,47.0,exact,,S1_v3_2_2B_extension,single_crystal,sample_form_conditional_median:single_crystal,20.0,1.0,,,,,5000,T_above_Tc,,,,,
FeTe0.61Se0.39,iron_chalcogenide_11,,elsevier_10.1016_j.physc.2010.03.003_VISION_PASS_LONG,A2,14.0,extraction_csv,47.0,exact,,S1_v3_2_2B_extension,single_crystal,sample_form_conditional_median:single_crystal,20.0,5.0,,,,,5000,T_above_Tc,,,,,
FeTe0.61Se0.39,iron_chalcogenide_11,,elsevier_10.1016_j.physc.2010.03.003_VISION_PASS_LONG,A2,14.0,extraction_csv,47.0,exact,,S1_v3_2_2B_extension,single_crystal,sample_form_conditional_median:single_crystal,10.78,0.1,,,,,5000,H_below_validated_reduced_field,5.7731834589893865,5.679795536286652,5.910916209111701,0.002127659574468,
FeTe0.61Se0.39,iron_chalcogenide_11,,elsevier_10.1016_j.physc.2010.03.003_VISION_PASS_LONG,A2,14.0,extraction_csv,47.0,exact,,S1_v3_2_2B_extension,single_crystal,sample_form_conditional_median:single_crystal,10.78,1.0,,,,,5000,H_below_validated_reduced_field,5.760732567538861,5.668659994585229,5.899784153518517,0.0212765957446808,
FeTe0.61Se0.39,iron_chalcogenide_11,,elsevier_10.1016_j.physc.2010.03.003_VISION_PASS_LONG,A2,14.0,extraction_csv,47.0,exact,,S1_v3_2_2B_extension,single_crystal,sample_form_conditional_median:single_crystal,10.78,5.0,,,,,5000,H_below_validated_reduced_field,5.706299470827613,5.616114472921629,5.847499207972805,0.1063829787234042,
FeTe0.61Se0.39,iron_chalcogenide_11,,elsevier_10.1016_j.physc.2010.03.003_VISION_PASS_LONG,A2,14.0,extraction_csv,47.0,exact,,S1_v3_2_2B_extension,single_crystal,sample_form_conditional_median:single_crystal,4.2,0.1,,,,,5000,H_below_validated_reduced_field,5.996159972950191,5.877146982269887,6.121613313756543,0.002127659574468,
FeTe0.61Se0.39,iron_chalcogenide_11,,elsevier_10.1016_j.physc.2010.03.003_VISION_PASS_LONG,A2,14.0,extraction_csv,47.0,exact,,S1_v3_2_2B_extension,single_crystal,sample_form_conditional_median:single_crystal,4.2,1.0,,,,,5000,H_below_validated_reduced_field,5.98441565369311,5.866011440595365,6.110287639307155,0.0212765957446808,
FeTe0.61Se0.39,iron_chalcogenide_11,,elsevier_10.1016_j.physc.2010.03.003_VISION_PASS_LONG,A2,14.0,extraction_csv,47.0,exact,,S1_v3_2_2B_extension,single_crystal,sample_form_conditional_median:single_crystal,4.2,5.0,,,,,5000,H_below_validated_reduced_field,5.929148868030789,5.813729987105639,6.0571135109825125,0.1063829787234042,
FeTe0.61Se0.39,iron_chalcogenide_11,,elsevier_10.1016_j.physc.2010.03.003_VISION_PASS_LONG,A2,14.0,extraction_csv,47.0,exact,,S1_v3_2_2B_extension,single_crystal,sample_form_conditional_median:single_crystal,20.0,0.1,,,,,5000,T_above_Tc,,,,,
FeTe0.61Se0.39,iron_chalcogenide_11,,elsevier_10.1016_j.physc.2010.03.003_VISION_PASS_LONG,A2,14.0,extraction_csv,47.0,exact,,S1_v3_2_2B_extension,single_crystal,sample_form_conditional_median:single_crystal,20.0,1.0,,,,,5000,T_above_Tc,,,,,
FeTe0.61Se0.39,iron_chalcogenide_11,,elsevier_10.1016_j.physc.2010.03.003_VISION_PASS_LONG,A2,14.0,extraction_csv,47.0,exact,,S1_v3_2_2B_extension,single_crystal,sample_form_conditional_median:single_crystal,20.0,5.0,,,,,5000,T_above_Tc,,,,,
FeTe0.61Se0.39,iron_chalcogenide_11,,elsevier_10.1016_j.physc.2010.03.003_VISION_PASS_LONG,A2,14.0,extraction_csv,47.0,exact,,S1_v3_2_2B_extension,single_crystal,sample_form_conditional_median:single_crystal,10.78,0.1,,,,,5000,H_below_validated_reduced_field,5.7731834589893865,5.677193417720374,5.914037265630857,0.002127659574468,
FeTe0.61Se0.39,iron_chalcogenide_11,,elsevier_10.1016_j.physc.2010.03.003_VISION_PASS_LONG,A2,14.0,extraction_csv,47.0,exact,,S1_v3_2_2B_extension,single_crystal,sample_form_conditional_median:single_crystal,10.78,1.0,,,,,5000,H_below_validated_reduced_field,5.76143914285939,5.666057874969849,5.902245355901486,0.0212765957446808,
FeTe0.61Se0.39,iron_chalcogenide_11,,elsevier_10.1016_j.physc.2010.03.003_VISION_PASS_LONG,A2,14.0,extraction_csv,47.0,exact,,S1_v3_2_2B_extension,single_crystal,sample_form_conditional_median:single_crystal,10.78,5.0,,,,,5000,H_below_validated_reduced_field,5.70860785396789,5.6137764194290405,5.84962799940653,0.1063829787234042,
FeTe0.61Se0.39,iron_chalcogenide_11,,elsevier_10.1016_j.physc.2010.03.003_VISION_PASS_LONG,A2,14.0,extraction_csv,47.0,exact,,S1_v3_2_2B_extension,single_crystal,sample_form_conditional_median:single_crystal,4.2,0.1,,,,,5000,H_below_validated_reduced_field,5.996159972950191,5.877146982269887,6.121613313756543,0.002127659574468,
FeTe0.61Se0.39,iron_chalcogenide_11,,elsevier_10.1016_j.physc.2010.03.003_VISION_PASS_LONG,A2,14.0,extraction_csv,47.0,exact,,S1_v3_2_2B_extension,single_crystal,sample_form_conditional_median:single_crystal,4.2,1.0,,,,,5000,H_below_validated_reduced_field,5.98441565369311,5.866011440595365,6.109868994499462,0.0212765957446808,
FeTe0.61Se0.39,iron_chalcogenide_11,,elsevier_10.1016_j.physc.2010.03.003_VISION_PASS_LONG,A2,14.0,extraction_csv,47.0,exact,,S1_v3_2_2B_extension,single_crystal,sample_form_conditional_median:single_crystal,4.2,5.0,,,,,5000,H_below_validated_reduced_field,5.9289980072454815,5.813729987105639,6.05472932559477,0.1063829787234042,
FeTe0.61Se0.39,iron_chalcogenide_11,,elsevier_10.1016_j.physc.2010.03.003_VISION_PASS_LONG,A2,14.0,extraction_csv,47.0,exact,,S1_v3_2_2B_extension,single_crystal,sample_form_conditional_median:single_crystal,20.0,0.1,,,,,5000,T_above_Tc,,,,,
FeTe0.61Se0.39,iron_chalcogenide_11,,elsevier_10.1016_j.physc.2010.03.003_VISION_PASS_LONG,A2,14.0,extraction_csv,47.0,exact,,S1_v3_2_2B_extension,single_crystal,sample_form_conditional_median:single_crystal,20.0,1.0,,,,,5000,T_above_Tc,,,,,
FeTe0.61Se0.39,iron_chalcogenide_11,,elsevier_10.1016_j.physc.2010.03.003_VISION_PASS_LONG,A2,14.0,extraction_csv,47.0,exact,,S1_v3_2_2B_extension,single_crystal,sample_form_conditional_median:single_crystal,20.0,5.0,,,,,5000,T_above_Tc,,,,,
FeTe0.61Se0.39,iron_chalcogenide_11,,elsevier_10.1016_j.physc.2010.03.003_VISION_PASS_LONG,A2,14.0,extraction_csv,47.0,exact,,S1_v3_2_2B_extension,single_crystal,sample_form_conditional_median:single_crystal,10.78,0.1,,,,,5000,H_below_validated_reduced_field,5.77078108195762,5.6771934145932885,5.9130339498401785,0.002127659574468,
FeTe0.61Se0.39,iron_chalcogenide_11,,elsevier_10.1016_j.physc.2010.03.003_VISION_PASS_LONG,A2,14.0,extraction_csv,47.0,exact,,S1_v3_2_2B_extension,single_crystal,sample_form_conditional_median:single_crystal,10.78,1.0,,,,,5000,H_below_validated_reduced_field,5.759645539207095,5.665867743192808,5.902037851419237,0.0212765957446808,
FeTe0.61Se0.39,iron_chalcogenide_11,,elsevier_10.1016_j.physc.2010.03.003_VISION_PASS_LONG,A2,14.0,extraction_csv,47.0,exact,,S1_v3_2_2B_extension,single_crystal,sample_form_conditional_median:single_crystal,10.78,5.0,,,,,5000,H_below_validated_reduced_field,5.706281279183589,5.612680475843649,5.84962799940653,0.1063829787234042,
FeTe0.61Se0.39,iron_chalcogenide_11,,elsevier_10.1016_j.physc.2010.03.003_VISION_PASS_LONG,A2,14.0,extraction_csv,47.0,exact,,S1_v3_2_2B_extension,single_crystal,sample_form_conditional_median:single_crystal,4.2,0.1,,,,,5000,H_below_validated_reduced_field,5.996159972950191,5.877146982269887,6.121613313756543,0.002127659574468,
FeTe0.61Se0.39,iron_chalcogenide_11,,elsevier_10.1016_j.physc.2010.03.003_VISION_PASS_LONG,A2,14.0,extraction_csv,47.0,exact,,S1_v3_2_2B_extension,single_crystal,sample_form_conditional_median:single_crystal,4.2,1.0,,,,,5000,H_below_validated_reduced_field,5.98441565369311,5.866011440595365,6.109820183758652,0.0212765957446808,
FeTe0.61Se0.39,iron_chalcogenide_11,,elsevier_10.1016_j.physc.2010.03.003_VISION_PASS_LONG,A2,14.0,extraction_csv,47.0,exact,,S1_v3_2_2B_extension,single_crystal,sample_form_conditional_median:single_crystal,4.2,5.0,,,,,5000,H_below_validated_reduced_field,5.9289980072454815,5.813729987105639,6.054451348051834,0.1063829787234042,
FeTe0.61Se0.39,iron_chalcogenide_11,,elsevier_10.1016_j.physc.2010.03.003_VISION_PASS_LONG,A2,14.0,extraction_csv,47.0,exact,,S1_v3_2_2B_extension,single_crystal,sample_form_conditional_median:single_crystal,20.0,0.1,,,,,5000,T_above_Tc,,,,,
FeTe0.61Se0.39,iron_chalcogenide_11,,elsevier_10.1016_j.physc.2010.03.003_VISION_PASS_LONG,A2,14.0,extraction_csv,47.0,exact,,S1_v3_2_2B_extension,single_crystal,sample_form_conditional_median:single_crystal,20.0,1.0,,,,,5000,T_above_Tc,,,,,
FeTe0.61Se0.39,iron_chalcogenide_11,,elsevier_10.1016_j.physc.2010.03.003_VISION_PASS_LONG,A2,14.0,extraction_csv,47.0,exact,,S1_v3_2_2B_extension,single_crystal,sample_form_conditional_median:single_crystal,20.0,5.0,,,,,5000,T_above_Tc,,,,,
FeTe0.61Se0.39,iron_chalcogenide_11,,elsevier_10.1016_j.physc.2010.03.003_VISION_PASS_LONG,A2,14.0,extraction_csv,47.0,exact,,S1_v3_2_2B_extension,single_crystal,sample_form_conditional_median:single_crystal,10.78,0.1,,,,,5000,H_below_validated_reduced_field,5.7731834589893865,5.679795536286652,5.9173351786522215,0.002127659574468,
FeTe0.61Se0.39,iron_chalcogenide_11,,elsevier_10.1016_j.physc.2010.03.003_VISION_PASS_LONG,A2,14.0,extraction_csv,47.0,exact,,S1_v3_2_2B_extension,single_crystal,sample_form_conditional_median:single_crystal,10.78,1.0,,,,,5000,H_below_validated_reduced_field,5.761439141295847,5.668634613307519,5.904351589009799,0.0212765957446808,
FeTe0.61Se0.39,iron_chalcogenide_11,,elsevier_10.1016_j.physc.2010.03.003_VISION_PASS_LONG,A2,14.0,extraction_csv,47.0,exact,,S1_v3_2_2B_extension,single_crystal,sample_form_conditional_median:single_crystal,10.78,5.0,,,,,5000,H_below_validated_reduced_field,5.708158217191024,5.615190213829242,5.850455947008577,0.1063829787234042,
MgB2,conventional_AlB2,,elsevier_10.1016_j.matpr.2019.05.078_VISION_PASS_LONG,A2,39.0,extraction_csv,15.5,exact,,S1_v3_2_2B_extension,wire,sample_form_conditional_median:wire,4.2,0.1,,,,,5000,H_below_validated_reduced_field,5.652121901343918,5.29332971608345,5.791065446039283,0.0064516129032258,
MgB2,conventional_AlB2,,elsevier_10.1016_j.matpr.2019.05.078_VISION_PASS_LONG,A2,39.0,extraction_csv,15.5,exact,,S1_v3_2_2B_extension,wire,sample_form_conditional_median:wire,4.2,1.0,,,,,5000,H_below_validated_reduced_field,5.585221250816453,5.210235723959868,5.74082626272841,0.064516129032258,
MgB2,conventional_AlB2,,elsevier_10.1016_j.matpr.2019.05.078_VISION_PASS_LONG,A2,39.0,extraction_csv,15.5,exact,,S1_v3_2_2B_extension,wire,sample_form_conditional_median:wire,4.2,5.0,5.19948638023265,4.764502104387775,5.485175157481221,,5000,,,,,,
MgB2,conventional_AlB2,,elsevier_10.1016_j.matpr.2019.05.078_VISION_PASS_LONG,A2,39.0,extraction_csv,15.5,exact,,S1_v3_2_2B_extension,wire,sample_form_conditional_median:wire,20.0,0.1,,,,,5000,H_below_validated_reduced_field,5.31535194677143,4.908539921423754,5.6277593928333305,0.0064516129032258,
MgB2,conventional_AlB2,,elsevier_10.1016_j.matpr.2019.05.078_VISION_PASS_LONG,A2,39.0,extraction_csv,15.5,exact,,S1_v3_2_2B_extension,wire,sample_form_conditional_median:wire,20.0,1.0,,,,,5000,H_below_validated_reduced_field,5.254330667601304,4.830230935579107,5.570751451685133,0.064516129032258,
MgB2,conventional_AlB2,,elsevier_10.1016_j.matpr.2019.05.078_VISION_PASS_LONG,A2,39.0,extraction_csv,15.5,exact,,S1_v3_2_2B_extension,wire,sample_form_conditional_median:wire,20.0,5.0,4.892263068228896,4.394116148588837,5.267690790411941,,5000,,,,,,
MgB2,conventional_AlB2,,elsevier_10.1016_j.matpr.2019.05.078_VISION_PASS_LONG,A2,39.0,extraction_csv,15.5,exact,,S1_v3_2_2B_extension,wire,sample_form_conditional_median:wire,30.03,0.1,,,,,5000,H_below_validated_reduced_field,4.918850830443564,4.326265715406327,5.471413053775774,0.0064516129032258,
MgB2,conventional_AlB2,,elsevier_10.1016_j.matpr.2019.05.078_VISION_PASS_LONG,A2,39.0,extraction_csv,15.5,exact,,S1_v3_2_2B_extension,wire,sample_form_conditional_median:wire,30.03,1.0,,,,,5000,H_below_validated_reduced_field,4.846731268247988,4.272976168830549,5.39508721937688,0.064516129032258,
MgB2,conventional_AlB2,,elsevier_10.1016_j.matpr.2019.05.078_VISION_PASS_LONG,A2,39.0,extraction_csv,15.5,exact,,S1_v3_2_2B_extension,wire,sample_form_conditional_median:wire,30.03,5.0,,,,,5000,T_above_validated_reduced_temperature,4.503417180980842,3.859206027335862,5.090888174285473,,0.77
MgB2,conventional_AlB2,,elsevier_10.1016_j.matpr.2019.05.078_VISION_PASS_LONG,A2,39.0,extraction_csv,15.5,exact,,S1_v3_2_2B_extension,wire,sample_form_conditional_median:wire,4.2,0.1,,,,,5000,H_below_validated_reduced_field,5.652121901343918,5.2990898513310265,5.791065446039283,0.0064516129032258,
MgB2,conventional_AlB2,,elsevier_10.1016_j.matpr.2019.05.078_VISION_PASS_LONG,A2,39.0,extraction_csv,15.5,exact,,S1_v3_2_2B_extension,wire,sample_form_conditional_median:wire,4.2,1.0,,,,,5000,H_below_validated_reduced_field,5.585221250816453,5.22183574624697,5.7398230805545225,0.064516129032258,
MgB2,conventional_AlB2,,elsevier_10.1016_j.matpr.2019.05.078_VISION_PASS_LONG,A2,39.0,extraction_csv,15.5,exact,,S1_v3_2_2B_extension,wire,sample_form_conditional_median:wire,4.2,5.0,5.19948638023265,4.772703902004196,5.477447893892935,,5000,,,,,,
MgB2,conventional_AlB2,,elsevier_10.1016_j.matpr.2019.05.078_VISION_PASS_LONG,A2,39.0,extraction_csv,15.5,exact,,S1_v3_2_2B_extension,wire,sample_form_conditional_median:wire,20.0,0.1,,,,,5000,H_below_validated_reduced_field,5.319998810615491,4.908539921423754,5.631616356338851,0.0064516129032258,
MgB2,conventional_AlB2,,elsevier_10.1016_j.matpr.2019.05.078_VISION_PASS_LONG,A2,39.0,extraction_csv,15.5,exact,,S1_v3_2_2B_extension,wire,sample_form_conditional_median:wire,20.0,1.0,,,,,5000,H_below_validated_reduced_field,5.259777670093304,4.833497026020572,5.564727297057126,0.064516129032258,
MgB2,conventional_AlB2,,elsevier_10.1016_j.matpr.2019.05.078_VISION_PASS_LONG,A2,39.0,extraction_csv,15.5,exact,,S1_v3_2_2B_extension,wire,sample_form_conditional_median:wire,20.0,5.0,4.895750572578062,4.4056135225962665,5.270728984553294,,5000,,,,,,
MgB2,conventional_AlB2,,elsevier_10.1016_j.matpr.2019.05.078_VISION_PASS_LONG,A2,39.0,extraction_csv,15.5,exact,,S1_v3_2_2B_extension,wire,sample_form_conditional_median:wire,30.03,0.1,,,,,5000,H_below_validated_reduced_field,4.918850830443564,4.356629398336662,5.471413053775774,0.0064516129032258,
MgB2,conventional_AlB2,,elsevier_10.1016_j.matpr.2019.05.078_VISION_PASS_LONG,A2,39.0,extraction_csv,15.5,exact,,S1_v3_2_2B_extension,wire,sample_form_conditional_median:wire,30.03,1.0,,,,,5000,H_below_validated_reduced_field,4.844505368942476,4.283115509794054,5.397093583724656,0.064516129032258,
MgB2,conventional_AlB2,,elsevier_10.1016_j.matpr.2019.05.078_VISION_PASS_LONG,A2,39.0,extraction_csv,15.5,exact,,S1_v3_2_2B_extension,wire,sample_form_conditional_median:wire,30.03,5.0,,,,,5000,T_above_validated_reduced_temperature,4.501076283812502,3.870116399687376,5.110961115722586,,0.77
Ba(Fe1-xCox)2As2,iron_pnictide_122,,elsevier_10.1016_j.physc.2009.03.028_VISION_PASS_LONG,A2,22.8,extraction_csv,50.0,exact,,S1_v3_2_2B_extension,single_crystal,sample_form_conditional_median:single_crystal,4.2,0.1,,,,,5000,H_below_validated_reduced_field,5.746354490991693,5.635326719245767,5.802218341755443,0.002,
Ba(Fe1-xCox)2As2,iron_pnictide_122,,elsevier_10.1016_j.physc.2009.03.028_VISION_PASS_LONG,A2,22.8,extraction_csv,50.0,exact,,S1_v3_2_2B_extension,single_crystal,sample_form_conditional_median:single_crystal,4.2,1.0,,,,,5000,H_below_validated_reduced_field,5.740311587313212,5.629477389017176,5.7982547915035,0.02,
Ba(Fe1-xCox)2As2,iron_pnictide_122,,elsevier_10.1016_j.physc.2009.03.028_VISION_PASS_LONG,A2,22.8,extraction_csv,50.0,exact,,S1_v3_2_2B_extension,single_crystal,sample_form_conditional_median:single_crystal,4.2,5.0,,,,,5000,H_below_validated_reduced_field,5.712037932899496,5.599250061840848,5.775885660803343,0.1,
Ba(Fe1-xCox)2As2,iron_pnictide_122,,elsevier_10.1016_j.physc.2009.03.028_VISION_PASS_LONG,A2,22.8,extraction_csv,50.0,exact,,S1_v3_2_2B_extension,single_crystal,sample_form_conditional_median:single_crystal,20.0,0.1,,,,,5000,H_below_validated_reduced_field,4.592433412753724,4.430773170779162,4.743839739294986,0.002,
Ba(Fe1-xCox)2As2,iron_pnictide_122,,elsevier_10.1016_j.physc.2009.03.028_VISION_PASS_LONG,A2,22.8,extraction_csv,50.0,exact,,S1_v3_2_2B_extension,single_crystal,sample_form_conditional_median:single_crystal,20.0,1.0,,,,,5000,H_below_validated_reduced_field,4.587833644053534,4.425142504899966,4.738534518795394,0.02,
Ba(Fe1-xCox)2As2,iron_pnictide_122,,elsevier_10.1016_j.physc.2009.03.028_VISION_PASS_LONG,A2,22.8,extraction_csv,50.0,exact,,S1_v3_2_2B_extension,single_crystal,sample_form_conditional_median:single_crystal,20.0,5.0,,,,,5000,H_below_validated_reduced_field,4.565213520746889,4.401233169825015,4.713761184645677,0.1,
Ba(Fe1-xCox)2As2,iron_pnictide_122,,elsevier_10.1016_j.physc.2009.03.028_VISION_PASS_LONG,A2,22.8,extraction_csv,50.0,exact,,S1_v3_2_2B_extension,single_crystal,sample_form_conditional_median:single_crystal,17.556,0.1,,,,,5000,H_below_validated_reduced_field,4.971358982136682,4.840053749909225,5.084323147158205,0.002,
Ba(Fe1-xCox)2As2,iron_pnictide_122,,elsevier_10.1016_j.physc.2009.03.028_VISION_PASS_LONG,A2,22.8,extraction_csv,50.0,exact,,S1_v3_2_2B_extension,single_crystal,sample_form_conditional_median:single_crystal,17.556,1.0,,,,,5000,H_below_validated_reduced_field,4.9662761739430685,4.832959852255884,5.078777799907004,0.02,
Ba(Fe1-xCox)2As2,iron_pnictide_122,,elsevier_10.1016_j.physc.2009.03.028_VISION_PASS_LONG,A2,22.8,extraction_csv,50.0,exact,,S1_v3_2_2B_extension,single_crystal,sample_form_conditional_median:single_crystal,17.556,5.0,,,,,5000,H_below_validated_reduced_field,4.943269697375958,4.80786692033345,5.056065534782188,0.1,
Ba(Fe1-xCox)2As2,iron_pnictide_122,,elsevier_10.1016_j.physc.2009.03.028_VISION_PASS_LONG,A2,22.8,extraction_csv,50.0,exact,,S1_v3_2_2B_extension,single_crystal,sample_form_conditional_median:single_crystal,4.2,0.1,,,,,5000,H_below_validated_reduced_field,5.746354490991693,5.622103377477762,5.804297695181981,0.002,
Ba(Fe1-xCox)2As2,iron_pnictide_122,,elsevier_10.1016_j.physc.2009.03.028_VISION_PASS_LONG,A2,22.8,extraction_csv,50.0,exact,,S1_v3_2_2B_extension,single_crystal,sample_form_conditional_median:single_crystal,4.2,1.0,,,,,5000,H_below_validated_reduced_field,5.739833886226041,5.619217974901204,5.799039121662482,0.02,
Ba(Fe1-xCox)2As2,iron_pnictide_122,,elsevier_10.1016_j.physc.2009.03.028_VISION_PASS_LONG,A2,22.8,extraction_csv,50.0,exact,,S1_v3_2_2B_extension,single_crystal,sample_form_conditional_median:single_crystal,4.2,5.0,,,,,5000,H_below_validated_reduced_field,5.7120623793841006,5.5993046070539965,5.77993016881091,0.1,
Ba(Fe1-xCox)2As2,iron_pnictide_122,,elsevier_10.1016_j.physc.2009.03.028_VISION_PASS_LONG,A2,22.8,extraction_csv,50.0,exact,,S1_v3_2_2B_extension,single_crystal,sample_form_conditional_median:single_crystal,20.0,0.1,,,,,5000,H_below_validated_reduced_field,4.592882017007712,4.432338134696651,4.746414870724764,0.002,
Ba(Fe1-xCox)2As2,iron_pnictide_122,,elsevier_10.1016_j.physc.2009.03.028_VISION_PASS_LONG,A2,22.8,extraction_csv,50.0,exact,,S1_v3_2_2B_extension,single_crystal,sample_form_conditional_median:single_crystal,20.0,1.0,,,,,5000,H_below_validated_reduced_field,4.58836891616469,4.427370089349556,4.7416943766978665,0.02,
Ba(Fe1-xCox)2As2,iron_pnictide_122,,elsevier_10.1016_j.physc.2009.03.028_VISION_PASS_LONG,A2,22.8,extraction_csv,50.0,exact,,S1_v3_2_2B_extension,single_crystal,sample_form_conditional_median:single_crystal,20.0,5.0,,,,,5000,H_below_validated_reduced_field,4.566032689432624,4.403168759461738,4.71769715947216,0.1,
Ba(Fe1-xCox)2As2,iron_pnictide_122,,elsevier_10.1016_j.physc.2009.03.028_VISION_PASS_LONG,A2,22.8,extraction_csv,50.0,exact,,S1_v3_2_2B_extension,single_crystal,sample_form_conditional_median:single_crystal,17.556,0.1,,,,,5000,H_below_validated_reduced_field,4.971708064968353,4.8404522628431526,5.087193882791544,0.002,
Ba(Fe1-xCox)2As2,iron_pnictide_122,,elsevier_10.1016_j.physc.2009.03.028_VISION_PASS_LONG,A2,22.8,extraction_csv,50.0,exact,,S1_v3_2_2B_extension,single_crystal,sample_form_conditional_median:single_crystal,17.556,1.0,,,,,5000,H_below_validated_reduced_field,4.966935161520322,4.835393024386382,5.082377406402653,0.02,
Ba(Fe1-xCox)2As2,iron_pnictide_122,,elsevier_10.1016_j.physc.2009.03.028_VISION_PASS_LONG,A2,22.8,extraction_csv,50.0,exact,,S1_v3_2_2B_extension,single_crystal,sample_form_conditional_median:single_crystal,17.556,5.0,,,,,5000,H_below_validated_reduced_field,4.94493631347232,4.810778542020662,5.062444632794393,0.1,
Ba(Fe1-xCox)2As2,iron_pnictide_122,,elsevier_10.1016_j.physc.2009.03.028_VISION_PASS_LONG,A2,22.8,extraction_csv,50.0,exact,,S1_v3_2_2B_extension,single_crystal,sample_form_conditional_median:single_crystal,4.2,0.1,,,,,5000,H_below_validated_reduced_field,5.746354490991693,5.635326719245767,5.813389291270404,0.002,
Ba(Fe1-xCox)2As2,iron_pnictide_122,,elsevier_10.1016_j.physc.2009.03.028_VISION_PASS_LONG,A2,22.8,extraction_csv,50.0,exact,,S1_v3_2_2B_extension,single_crystal,sample_form_conditional_median:single_crystal,4.2,1.0,,,,,5000,H_below_validated_reduced_field,5.740505160763102,5.629864642694897,5.806868686504752,0.02,
Ba(Fe1-xCox)2As2,iron_pnictide_122,,elsevier_10.1016_j.physc.2009.03.028_VISION_PASS_LONG,A2,22.8,extraction_csv,50.0,exact,,S1_v3_2_2B_extension,single_crystal,sample_form_conditional_median:single_crystal,4.2,5.0,,,,,5000,H_below_validated_reduced_field,5.713212280492067,5.5981736856103606,5.780822908522653,0.1,
Ba(Fe1-xCox)2As2,iron_pnictide_122,,elsevier_10.1016_j.physc.2009.03.028_VISION_PASS_LONG,A2,22.8,extraction_csv,50.0,exact,,S1_v3_2_2B_extension,single_crystal,sample_form_conditional_median:single_crystal,20.0,0.1,,,,,5000,H_below_validated_reduced_field,4.59322366554666,4.433221033221966,4.746657712367035,0.002,
Ba(Fe1-xCox)2As2,iron_pnictide_122,,elsevier_10.1016_j.physc.2009.03.028_VISION_PASS_LONG,A2,22.8,extraction_csv,50.0,exact,,S1_v3_2_2B_extension,single_crystal,sample_form_conditional_median:single_crystal,20.0,1.0,,,,,5000,H_below_validated_reduced_field,4.588554076275564,4.427759524087307,4.741079814726951,0.02,
Ba(Fe1-xCox)2As2,iron_pnictide_122,,elsevier_10.1016_j.physc.2009.03.028_VISION_PASS_LONG,A2,22.8,extraction_csv,50.0,exact,,S1_v3_2_2B_extension,single_crystal,sample_form_conditional_median:single_crystal,20.0,5.0,,,,,5000,H_below_validated_reduced_field,4.5660934260080746,4.404605480437921,4.7186205233825245,0.1,
Ba(Fe1-xCox)2As2,iron_pnictide_122,,elsevier_10.1016_j.physc.2009.03.028_VISION_PASS_LONG,A2,22.8,extraction_csv,50.0,exact,,S1_v3_2_2B_extension,single_crystal,sample_form_conditional_median:single_crystal,17.556,0.1,,,,,5000,H_below_validated_reduced_field,4.971801568604201,4.838218967628636,5.085984243185142,0.002,
Ba(Fe1-xCox)2As2,iron_pnictide_122,,elsevier_10.1016_j.physc.2009.03.028_VISION_PASS_LONG,A2,22.8,extraction_csv,50.0,exact,,S1_v3_2_2B_extension,single_crystal,sample_form_conditional_median:single_crystal,17.556,1.0,,,,,5000,H_below_validated_reduced_field,4.967163144064481,4.83279295320639,5.081518708895638,0.02,
Ba(Fe1-xCox)2As2,iron_pnictide_122,,elsevier_10.1016_j.physc.2009.03.028_VISION_PASS_LONG,A2,22.8,extraction_csv,50.0,exact,,S1_v3_2_2B_extension,single_crystal,sample_form_conditional_median:single_crystal,17.556,5.0,,,,,5000,H_below_validated_reduced_field,4.944897579603107,4.808734238517239,5.0612696933991845,0.1,
Ba(Fe1-xCox)2As2,iron_pnictide_122,,elsevier_10.1016_j.physc.2009.03.028_VISION_PASS_LONG,A2,22.8,extraction_csv,50.0,exact,,S1_v3_2_2B_extension,single_crystal,sample_form_conditional_median:single_crystal,4.2,0.1,,,,,5000,H_below_validated_reduced_field,5.746354490991693,5.635326719245767,5.804297695181981,0.002,
Ba(Fe1-xCox)2As2,iron_pnictide_122,,elsevier_10.1016_j.physc.2009.03.028_VISION_PASS_LONG,A2,22.8,extraction_csv,50.0,exact,,S1_v3_2_2B_extension,single_crystal,sample_form_conditional_median:single_crystal,4.2,1.0,,,,,5000,H_below_validated_reduced_field,5.741109793906934,5.629283815567286,5.801313429622921,0.02,
Ba(Fe1-xCox)2As2,iron_pnictide_122,,elsevier_10.1016_j.physc.2009.03.028_VISION_PASS_LONG,A2,22.8,extraction_csv,50.0,exact,,S1_v3_2_2B_extension,single_crystal,sample_form_conditional_median:single_crystal,4.2,5.0,,,,,5000,H_below_validated_reduced_field,5.714178328639415,5.599228589120012,5.780358935860438,0.1,
Ba(Fe1-xCox)2As2,iron_pnictide_122,,elsevier_10.1016_j.physc.2009.03.028_VISION_PASS_LONG,A2,22.8,extraction_csv,50.0,exact,,S1_v3_2_2B_extension,single_crystal,sample_form_conditional_median:single_crystal,20.0,0.1,,,,,5000,H_below_validated_reduced_field,4.594482775206938,4.436585611026773,4.746721835318856,0.002,
Ba(Fe1-xCox)2As2,iron_pnictide_122,,elsevier_10.1016_j.physc.2009.03.028_VISION_PASS_LONG,A2,22.8,extraction_csv,50.0,exact,,S1_v3_2_2B_extension,single_crystal,sample_form_conditional_median:single_crystal,20.0,1.0,,,,,5000,H_below_validated_reduced_field,4.58947161406299,4.431891021347918,4.741188924785463,0.02,
Ba(Fe1-xCox)2As2,iron_pnictide_122,,elsevier_10.1016_j.physc.2009.03.028_VISION_PASS_LONG,A2,22.8,extraction_csv,50.0,exact,,S1_v3_2_2B_extension,single_crystal,sample_form_conditional_median:single_crystal,20.0,5.0,,,,,5000,H_below_validated_reduced_field,4.566876758589936,4.404062852140205,4.717517497944261,0.1,
Ba(Fe1-xCox)2As2,iron_pnictide_122,,elsevier_10.1016_j.physc.2009.03.028_VISION_PASS_LONG,A2,22.8,extraction_csv,50.0,exact,,S1_v3_2_2B_extension,single_crystal,sample_form_conditional_median:single_crystal,17.556,0.1,,,,,5000,H_below_validated_reduced_field,4.973390048150627,4.840953804094971,5.0886151812404,0.002,
Ba(Fe1-xCox)2As2,iron_pnictide_122,,elsevier_10.1016_j.physc.2009.03.028_VISION_PASS_LONG,A2,22.8,extraction_csv,50.0,exact,,S1_v3_2_2B_extension,single_crystal,sample_form_conditional_median:single_crystal,17.556,1.0,,,,,5000,H_below_validated_reduced_field,4.968384936797877,4.835835319743944,5.083784540950001,0.02,
Ba(Fe1-xCox)2As2,iron_pnictide_122,,elsevier_10.1016_j.physc.2009.03.028_VISION_PASS_LONG,A2,22.8,extraction_csv,50.0,exact,,S1_v3_2_2B_extension,single_crystal,sample_form_conditional_median:single_crystal,17.556,5.0,,,,,5000,H_below_validated_reduced_field,4.9458160085570055,4.8097496946502085,5.060978849185736,0.1,
Ba(Fe1-xCox)2As2,iron_pnictide_122,,elsevier_10.1016_j.physc.2009.03.028_VISION_PASS_LONG,A2,22.8,extraction_csv,50.0,exact,,S1_v3_2_2B_extension,single_crystal,sample_form_conditional_median:single_crystal,4.2,0.1,,,,,5000,H_below_validated_reduced_field,5.746354490991693,5.635326719245767,5.813389291270404,0.002,
Ba(Fe1-xCox)2As2,iron_pnictide_122,,elsevier_10.1016_j.physc.2009.03.028_VISION_PASS_LONG,A2,22.8,extraction_csv,50.0,exact,,S1_v3_2_2B_extension,single_crystal,sample_form_conditional_median:single_crystal,4.2,1.0,,,,,5000,H_below_validated_reduced_field,5.741472784871311,5.629472549680929,5.802501642019028,0.02,
Ba(Fe1-xCox)2As2,iron_pnictide_122,,elsevier_10.1016_j.physc.2009.03.028_VISION_PASS_LONG,A2,22.8,extraction_csv,50.0,exact,,S1_v3_2_2B_extension,single_crystal,sample_form_conditional_median:single_crystal,4.2,5.0,,,,,5000,H_below_validated_reduced_field,5.71371497840829,5.5992299240929,5.782078238327549,0.1,
Ba(Fe1-xCox)2As2,iron_pnictide_122,,elsevier_10.1016_j.physc.2009.03.028_VISION_PASS_LONG,A2,22.8,extraction_csv,50.0,exact,,S1_v3_2_2B_extension,single_crystal,sample_form_conditional_median:single_crystal,20.0,0.1,,,,,5000,H_below_validated_reduced_field,4.594605391563832,4.437010991510087,4.746284990002663,0.002,
Ba(Fe1-xCox)2As2,iron_pnictide_122,,elsevier_10.1016_j.physc.2009.03.028_VISION_PASS_LONG,A2,22.8,extraction_csv,50.0,exact,,S1_v3_2_2B_extension,single_crystal,sample_form_conditional_median:single_crystal,20.0,1.0,,,,,5000,H_below_validated_reduced_field,4.589721791393624,4.432661465622329,4.74095923886996,0.02,
Ba(Fe1-xCox)2As2,iron_pnictide_122,,elsevier_10.1016_j.physc.2009.03.028_VISION_PASS_LONG,A2,22.8,extraction_csv,50.0,exact,,S1_v3_2_2B_extension,single_crystal,sample_form_conditional_median:single_crystal,20.0,5.0,,,,,5000,H_below_validated_reduced_field,4.567307766792821,4.405820349239376,4.718659495221565,0.1,
Ba(Fe1-xCox)2As2,iron_pnictide_122,,elsevier_10.1016_j.physc.2009.03.028_VISION_PASS_LONG,A2,22.8,extraction_csv,50.0,exact,,S1_v3_2_2B_extension,single_crystal,sample_form_conditional_median:single_crystal,17.556,0.1,,,,,5000,H_below_validated_reduced_field,4.9744949498533,4.840443226939266,5.086045657111104,0.002,
Ba(Fe1-xCox)2As2,iron_pnictide_122,,elsevier_10.1016_j.physc.2009.03.028_VISION_PASS_LONG,A2,22.8,extraction_csv,50.0,exact,,S1_v3_2_2B_extension,single_crystal,sample_form_conditional_median:single_crystal,17.556,1.0,,,,,5000,H_below_validated_reduced_field,4.9689595525432,4.83576897111424,5.082000939580507,0.02,
Ba(Fe1-xCox)2As2,iron_pnictide_122,,elsevier_10.1016_j.physc.2009.03.028_VISION_PASS_LONG,A2,22.8,extraction_csv,50.0,exact,,S1_v3_2_2B_extension,single_crystal,sample_form_conditional_median:single_crystal,17.556,5.0,,,,,5000,H_below_validated_reduced_field,4.945849010729347,4.81108294943573,5.060018292547838,0.1,
Ba(Fe1-xCox)2As2,iron_pnictide_122,,elsevier_10.1016_j.physc.2009.03.028_VISION_PASS_LONG,A2,22.8,extraction_csv,50.0,exact,,S1_v3_2_2B_extension,single_crystal,sample_form_conditional_median:single_crystal,4.2,0.1,,,,,5000,H_below_validated_reduced_field,5.746354490991693,5.635326719245767,5.813389291270404,0.002,
Ba(Fe1-xCox)2As2,iron_pnictide_122,,elsevier_10.1016_j.physc.2009.03.028_VISION_PASS_LONG,A2,22.8,extraction_csv,50.0,exact,,S1_v3_2_2B_extension,single_crystal,sample_form_conditional_median:single_crystal,4.2,1.0,,,,,5000,H_below_validated_reduced_field,5.741407797978954,5.629090242117395,5.808130717750905,0.02,
Ba(Fe1-xCox)2As2,iron_pnictide_122,,elsevier_10.1016_j.physc.2009.03.028_VISION_PASS_LONG,A2,22.8,extraction_csv,50.0,exact,,S1_v3_2_2B_extension,single_crystal,sample_form_conditional_median:single_crystal,4.2,5.0,,,,,5000,H_below_validated_reduced_field,5.714426985660092,5.596504730974504,5.786221795440778,0.1,
Ba(Fe1-xCox)2As2,iron_pnictide_122,,elsevier_10.1016_j.physc.2009.03.028_VISION_PASS_LONG,A2,22.8,extraction_csv,50.0,exact,,S1_v3_2_2B_extension,single_crystal,sample_form_conditional_median:single_crystal,20.0,0.1,,,,,5000,H_below_validated_reduced_field,4.594824426471985,4.431273927293322,4.747390528791131,0.002,
Ba(Fe1-xCox)2As2,iron_pnictide_122,,elsevier_10.1016_j.physc.2009.03.028_VISION_PASS_LONG,A2,22.8,extraction_csv,50.0,exact,,S1_v3_2_2B_extension,single_crystal,sample_form_conditional_median:single_crystal,20.0,1.0,,,,,5000,H_below_validated_reduced_field,4.590193344664962,4.426550881729409,4.743130635896588,0.02,
Ba(Fe1-xCox)2As2,iron_pnictide_122,,elsevier_10.1016_j.physc.2009.03.028_VISION_PASS_LONG,A2,22.8,extraction_csv,50.0,exact,,S1_v3_2_2B_extension,single_crystal,sample_form_conditional_median:single_crystal,20.0,5.0,,,,,5000,H_below_validated_reduced_field,4.567637988109712,4.400214921522657,4.722260445490231,0.1,
Ba(Fe1-xCox)2As2,iron_pnictide_122,,elsevier_10.1016_j.physc.2009.03.028_VISION_PASS_LONG,A2,22.8,extraction_csv,50.0,exact,,S1_v3_2_2B_extension,single_crystal,sample_form_conditional_median:single_crystal,17.556,0.1,,,,,5000,H_below_validated_reduced_field,4.974534124628292,4.837199158498514,5.088040051322331,0.002,
Ba(Fe1-xCox)2As2,iron_pnictide_122,,elsevier_10.1016_j.physc.2009.03.028_VISION_PASS_LONG,A2,22.8,extraction_csv,50.0,exact,,S1_v3_2_2B_extension,single_crystal,sample_form_conditional_median:single_crystal,17.556,1.0,,,,,5000,H_below_validated_reduced_field,4.9695415907640506,4.832393918748704,5.083417215265828,0.02,
Ba(Fe1-xCox)2As2,iron_pnictide_122,,elsevier_10.1016_j.physc.2009.03.028_VISION_PASS_LONG,A2,22.8,extraction_csv,50.0,exact,,S1_v3_2_2B_extension,single_crystal,sample_form_conditional_median:single_crystal,17.556,5.0,,,,,5000,H_below_validated_reduced_field,4.946685439019681,4.807487926667346,5.06366414217112,0.1,
Ba(Fe1-xCox)2As2,iron_pnictide_122,,elsevier_10.1016_j.physc.2009.03.028_VISION_PASS_LONG,A2,22.8,extraction_csv,50.0,exact,,S1_v3_2_2B_extension,single_crystal,sample_form_conditional_median:single_crystal,4.2,0.1,,,,,5000,H_below_validated_reduced_field,5.746354490991693,5.614582757298319,5.804297695181981,0.002,
Ba(Fe1-xCox)2As2,iron_pnictide_122,,elsevier_10.1016_j.physc.2009.03.028_VISION_PASS_LONG,A2,22.8,extraction_csv,50.0,exact,,S1_v3_2_2B_extension,single_crystal,sample_form_conditional_median:single_crystal,4.2,1.0,,,,,5000,H_below_validated_reduced_field,5.740902344022302,5.612145934719319,5.799917278587123,0.02,
Ba(Fe1-xCox)2As2,iron_pnictide_122,,elsevier_10.1016_j.physc.2009.03.028_VISION_PASS_LONG,A2,22.8,extraction_csv,50.0,exact,,S1_v3_2_2B_extension,single_crystal,sample_form_conditional_median:single_crystal,4.2,5.0,,,,,5000,H_below_validated_reduced_field,5.713550764015519,5.594995522604227,5.780176675174102,0.1,
Ba(Fe1-xCox)2As2,iron_pnictide_122,,elsevier_10.1016_j.physc.2009.03.028_VISION_PASS_LONG,A2,22.8,extraction_csv,50.0,exact,,S1_v3_2_2B_extension,single_crystal,sample_form_conditional_median:single_crystal,20.0,0.1,,,,,5000,H_below_validated_reduced_field,4.593272736420878,4.43236206925788,4.748790794537512,0.002,
Ba(Fe1-xCox)2As2,iron_pnictide_122,,elsevier_10.1016_j.physc.2009.03.028_VISION_PASS_LONG,A2,22.8,extraction_csv,50.0,exact,,S1_v3_2_2B_extension,single_crystal,sample_form_conditional_median:single_crystal,20.0,1.0,,,,,5000,H_below_validated_reduced_field,4.588636217860317,4.428071119846589,4.74454117258258,0.02,
Ba(Fe1-xCox)2As2,iron_pnictide_122,,elsevier_10.1016_j.physc.2009.03.028_VISION_PASS_LONG,A2,22.8,extraction_csv,50.0,exact,,S1_v3_2_2B_extension,single_crystal,sample_form_conditional_median:single_crystal,20.0,5.0,,,,,5000,H_below_validated_reduced_field,4.566752039306463,4.402765335952754,4.723453154446182,0.1,
Ba(Fe1-xCox)2As2,iron_pnictide_122,,elsevier_10.1016_j.physc.2009.03.028_VISION_PASS_LONG,A2,22.8,extraction_csv,50.0,exact,,S1_v3_2_2B_extension,single_crystal,sample_form_conditional_median:single_crystal,17.556,0.1,,,,,5000,H_below_validated_reduced_field,4.972929250869102,4.835841224305379,5.08733544149231,0.002,
Ba(Fe1-xCox)2As2,iron_pnictide_122,,elsevier_10.1016_j.physc.2009.03.028_VISION_PASS_LONG,A2,22.8,extraction_csv,50.0,exact,,S1_v3_2_2B_extension,single_crystal,sample_form_conditional_median:single_crystal,17.556,1.0,,,,,5000,H_below_validated_reduced_field,4.967994834052398,4.830848354895818,5.082302842153119,0.02,
Ba(Fe1-xCox)2As2,iron_pnictide_122,,elsevier_10.1016_j.physc.2009.03.028_VISION_PASS_LONG,A2,22.8,extraction_csv,50.0,exact,,S1_v3_2_2B_extension,single_crystal,sample_form_conditional_median:single_crystal,17.556,5.0,,,,,5000,H_below_validated_reduced_field,4.94601098829326,4.805637720342346,5.063023518359898,0.1,
FeSeTe,iron_chalcogenide_11,,elsevier_10.1016_j.cjph.2024.09.042_VISION_PASS_LONG,A2,14.0,extraction_csv,47.0,exact,,S1_v3_2_2B_extension,single_crystal,sample_form_conditional_median:single_crystal,4.2,0.1,,,,,5000,H_below_validated_reduced_field,5.996159972950191,5.877146982269887,6.091657503238059,0.002127659574468,
FeSeTe,iron_chalcogenide_11,,elsevier_10.1016_j.cjph.2024.09.042_VISION_PASS_LONG,A2,14.0,extraction_csv,47.0,exact,,S1_v3_2_2B_extension,single_crystal,sample_form_conditional_median:single_crystal,4.2,1.0,,,,,5000,H_below_validated_reduced_field,5.98441565369311,5.8660114395193625,6.080771418414469,0.0212765957446808,
FeSeTe,iron_chalcogenide_11,,elsevier_10.1016_j.cjph.2024.09.042_VISION_PASS_LONG,A2,14.0,extraction_csv,47.0,exact,,S1_v3_2_2B_extension,single_crystal,sample_form_conditional_median:single_crystal,4.2,5.0,,,,,5000,H_below_validated_reduced_field,5.9289980072454815,5.813729980977796,6.029661166751371,0.1063829787234042,
FeSeTe,iron_chalcogenide_11,,elsevier_10.1016_j.cjph.2024.09.042_VISION_PASS_LONG,A2,14.0,extraction_csv,47.0,exact,,S1_v3_2_2B_extension,single_crystal,sample_form_conditional_median:single_crystal,20.0,0.1,,,,,5000,T_above_Tc,,,,,
FeSeTe,iron_chalcogenide_11,,elsevier_10.1016_j.cjph.2024.09.042_VISION_PASS_LONG,A2,14.0,extraction_csv,47.0,exact,,S1_v3_2_2B_extension,single_crystal,sample_form_conditional_median:single_crystal,20.0,1.0,,,,,5000,T_above_Tc,,,,,
FeSeTe,iron_chalcogenide_11,,elsevier_10.1016_j.cjph.2024.09.042_VISION_PASS_LONG,A2,14.0,extraction_csv,47.0,exact,,S1_v3_2_2B_extension,single_crystal,sample_form_conditional_median:single_crystal,20.0,5.0,,,,,5000,T_above_Tc,,,,,
FeSeTe,iron_chalcogenide_11,,elsevier_10.1016_j.cjph.2024.09.042_VISION_PASS_LONG,A2,14.0,extraction_csv,47.0,exact,,S1_v3_2_2B_extension,single_crystal,sample_form_conditional_median:single_crystal,10.78,0.1,,,,,5000,H_below_validated_reduced_field,5.7731834589893865,5.677193417642196,5.903629704162079,0.002127659574468,
FeSeTe,iron_chalcogenide_11,,elsevier_10.1016_j.cjph.2024.09.042_VISION_PASS_LONG,A2,14.0,extraction_csv,47.0,exact,,S1_v3_2_2B_extension,single_crystal,sample_form_conditional_median:single_crystal,10.78,1.0,,,,,5000,H_below_validated_reduced_field,5.761160701350113,5.665867743270986,5.892304029712691,0.0212765957446808,
FeSeTe,iron_chalcogenide_11,,elsevier_10.1016_j.cjph.2024.09.042_VISION_PASS_LONG,A2,14.0,extraction_csv,47.0,exact,,S1_v3_2_2B_extension,single_crystal,sample_form_conditional_median:single_crystal,10.78,5.0,,,,,5000,H_below_validated_reduced_field,5.706494842342563,5.612692110788325,5.839129901388048,0.1063829787234042,
FeSeTe,iron_chalcogenide_11,,elsevier_10.1016_j.cjph.2024.09.042_VISION_PASS_LONG,A2,14.0,extraction_csv,47.0,exact,,S1_v3_2_2B_extension,single_crystal,sample_form_conditional_median:single_crystal,4.2,0.1,,,,,5000,H_below_validated_reduced_field,5.996159972950191,5.877146982269887,6.121613313756543,0.002127659574468,
FeSeTe,iron_chalcogenide_11,,elsevier_10.1016_j.cjph.2024.09.042_VISION_PASS_LONG,A2,14.0,extraction_csv,47.0,exact,,S1_v3_2_2B_extension,single_crystal,sample_form_conditional_median:single_crystal,4.2,1.0,,,,,5000,H_below_validated_reduced_field,5.98441565369311,5.866011440595365,6.109868994499462,0.0212765957446808,
FeSeTe,iron_chalcogenide_11,,elsevier_10.1016_j.cjph.2024.09.042_VISION_PASS_LONG,A2,14.0,extraction_csv,47.0,exact,,S1_v3_2_2B_extension,single_crystal,sample_form_conditional_median:single_crystal,4.2,5.0,,,,,5000,H_below_validated_reduced_field,5.929148868030789,5.813729987105639,6.05472932559477,0.1063829787234042,
FeSeTe,iron_chalcogenide_11,,elsevier_10.1016_j.cjph.2024.09.042_VISION_PASS_LONG,A2,14.0,extraction_csv,47.0,exact,,S1_v3_2_2B_extension,single_crystal,sample_form_conditional_median:single_crystal,20.0,0.1,,,,,5000,T_above_Tc,,,,,
FeSeTe,iron_chalcogenide_11,,elsevier_10.1016_j.cjph.2024.09.042_VISION_PASS_LONG,A2,14.0,extraction_csv,47.0,exact,,S1_v3_2_2B_extension,single_crystal,sample_form_conditional_median:single_crystal,20.0,1.0,,,,,5000,T_above_Tc,,,,,
FeSeTe,iron_chalcogenide_11,,elsevier_10.1016_j.cjph.2024.09.042_VISION_PASS_LONG,A2,14.0,extraction_csv,47.0,exact,,S1_v3_2_2B_extension,single_crystal,sample_form_conditional_median:single_crystal,20.0,5.0,,,,,5000,T_above_Tc,,,,,
FeSeTe,iron_chalcogenide_11,,elsevier_10.1016_j.cjph.2024.09.042_VISION_PASS_LONG,A2,14.0,extraction_csv,47.0,exact,,S1_v3_2_2B_extension,single_crystal,sample_form_conditional_median:single_crystal,10.78,0.1,,,,,5000,H_below_validated_reduced_field,5.7731834589893865,5.677310277811599,5.9130339498401785,0.002127659574468,
FeSeTe,iron_chalcogenide_11,,elsevier_10.1016_j.cjph.2024.09.042_VISION_PASS_LONG,A2,14.0,extraction_csv,47.0,exact,,S1_v3_2_2B_extension,single_crystal,sample_form_conditional_median:single_crystal,10.78,1.0,,,,,5000,H_below_validated_reduced_field,5.761857784539998,5.6671239609144095,5.901901309534025,0.0212765957446808,
FeSeTe,iron_chalcogenide_11,,elsevier_10.1016_j.cjph.2024.09.042_VISION_PASS_LONG,A2,14.0,extraction_csv,47.0,exact,,S1_v3_2_2B_extension,single_crystal,sample_form_conditional_median:single_crystal,10.78,5.0,,,,,5000,H_below_validated_reduced_field,5.708683659342441,5.614570549826693,5.848246451005879,0.1063829787234042,
FeSeTe,iron_chalcogenide_11,,elsevier_10.1016_j.cjph.2024.09.042_VISION_PASS_LONG,A2,14.0,extraction_csv,47.0,exact,,S1_v3_2_2B_extension,single_crystal,sample_form_conditional_median:single_crystal,4.2,0.1,,,,,5000,H_below_validated_reduced_field,5.996159972950191,5.877146982269887,6.121613313756543,0.002127659574468,
FeSeTe,iron_chalcogenide_11,,elsevier_10.1016_j.cjph.2024.09.042_VISION_PASS_LONG,A2,14.0,extraction_csv,47.0,exact,,S1_v3_2_2B_extension,single_crystal,sample_form_conditional_median:single_crystal,4.2,1.0,,,,,5000,H_below_validated_reduced_field,5.98441565369311,5.866150883848946,6.109820183758652,0.0212765957446808,
FeSeTe,iron_chalcogenide_11,,elsevier_10.1016_j.cjph.2024.09.042_VISION_PASS_LONG,A2,14.0,extraction_csv,47.0,exact,,S1_v3_2_2B_extension,single_crystal,sample_form_conditional_median:single_crystal,4.2,5.0,,,,,5000,H_below_validated_reduced_field,5.929148868030789,5.815134982576201,6.054451348051834,0.1063829787234042,
FeSeTe,iron_chalcogenide_11,,elsevier_10.1016_j.cjph.2024.09.042_VISION_PASS_LONG,A2,14.0,extraction_csv,47.0,exact,,S1_v3_2_2B_extension,single_crystal,sample_form_conditional_median:single_crystal,20.0,0.1,,,,,5000,T_above_Tc,,,,,
FeSeTe,iron_chalcogenide_11,,elsevier_10.1016_j.cjph.2024.09.042_VISION_PASS_LONG,A2,14.0,extraction_csv,47.0,exact,,S1_v3_2_2B_extension,single_crystal,sample_form_conditional_median:single_crystal,20.0,1.0,,,,,5000,T_above_Tc,,,,,
FeSeTe,iron_chalcogenide_11,,elsevier_10.1016_j.cjph.2024.09.042_VISION_PASS_LONG,A2,14.0,extraction_csv,47.0,exact,,S1_v3_2_2B_extension,single_crystal,sample_form_conditional_median:single_crystal,20.0,5.0,,,,,5000,T_above_Tc,,,,,
FeSeTe,iron_chalcogenide_11,,elsevier_10.1016_j.cjph.2024.09.042_VISION_PASS_LONG,A2,14.0,extraction_csv,47.0,exact,,S1_v3_2_2B_extension,single_crystal,sample_form_conditional_median:single_crystal,10.78,0.1,,,,,5000,H_below_validated_reduced_field,5.7731834589893865,5.682967935067038,5.910916209111701,0.002127659574468,
FeSeTe,iron_chalcogenide_11,,elsevier_10.1016_j.cjph.2024.09.042_VISION_PASS_LONG,A2,14.0,extraction_csv,47.0,exact,,S1_v3_2_2B_extension,single_crystal,sample_form_conditional_median:single_crystal,10.78,1.0,,,,,5000,H_below_validated_reduced_field,5.761384681529982,5.6706390355347,5.899124299382329,0.0212765957446808,
FeSeTe,iron_chalcogenide_11,,elsevier_10.1016_j.cjph.2024.09.042_VISION_PASS_LONG,A2,14.0,extraction_csv,47.0,exact,,S1_v3_2_2B_extension,single_crystal,sample_form_conditional_median:single_crystal,10.78,5.0,,,,,5000,H_below_validated_reduced_field,5.707364086793372,5.615836495378645,5.844032220949927,0.1063829787234042,
FeSeTe,iron_chalcogenide_11,,elsevier_10.1016_j.cjph.2024.09.042_VISION_PASS_LONG,A2,14.0,extraction_csv,47.0,exact,,S1_v3_2_2B_extension,single_crystal,sample_form_conditional_median:single_crystal,4.2,0.1,,,,,5000,H_below_validated_reduced_field,5.996159972950191,5.877146982269887,6.121613313756543,0.002127659574468,
FeSeTe,iron_chalcogenide_11,,elsevier_10.1016_j.cjph.2024.09.042_VISION_PASS_LONG,A2,14.0,extraction_csv,47.0,exact,,S1_v3_2_2B_extension,single_crystal,sample_form_conditional_median:single_crystal,4.2,1.0,,,,,5000,H_below_validated_reduced_field,5.9843668429523,5.866011440595365,6.109820183758652,0.0212765957446808,
FeSeTe,iron_chalcogenide_11,,elsevier_10.1016_j.cjph.2024.09.042_VISION_PASS_LONG,A2,14.0,extraction_csv,47.0,exact,,S1_v3_2_2B_extension,single_crystal,sample_form_conditional_median:single_crystal,4.2,5.0,,,,,5000,H_below_validated_reduced_field,5.928872442792832,5.813729987105639,6.054451348051834,0.1063829787234042,
FeSeTe,iron_chalcogenide_11,,elsevier_10.1016_j.cjph.2024.09.042_VISION_PASS_LONG,A2,14.0,extraction_csv,47.0,exact,,S1_v3_2_2B_extension,single_crystal,sample_form_conditional_median:single_crystal,20.0,0.1,,,,,5000,T_above_Tc,,,,,
FeSeTe,iron_chalcogenide_11,,elsevier_10.1016_j.cjph.2024.09.042_VISION_PASS_LONG,A2,14.0,extraction_csv,47.0,exact,,S1_v3_2_2B_extension,single_crystal,sample_form_conditional_median:single_crystal,20.0,1.0,,,,,5000,T_above_Tc,,,,,
FeSeTe,iron_chalcogenide_11,,elsevier_10.1016_j.cjph.2024.09.042_VISION_PASS_LONG,A2,14.0,extraction_csv,47.0,exact,,S1_v3_2_2B_extension,single_crystal,sample_form_conditional_median:single_crystal,20.0,5.0,,,,,5000,T_above_Tc,,,,,
FeSeTe,iron_chalcogenide_11,,elsevier_10.1016_j.cjph.2024.09.042_VISION_PASS_LONG,A2,14.0,extraction_csv,47.0,exact,,S1_v3_2_2B_extension,single_crystal,sample_form_conditional_median:single_crystal,10.78,0.1,,,,,5000,H_below_validated_reduced_field,5.77078108195762,5.679759135587094,5.9130339498401785,0.002127659574468,
FeSeTe,iron_chalcogenide_11,,elsevier_10.1016_j.cjph.2024.09.042_VISION_PASS_LONG,A2,14.0,extraction_csv,47.0,exact,,S1_v3_2_2B_extension,single_crystal,sample_form_conditional_median:single_crystal,10.78,1.0,,,,,5000,H_below_validated_reduced_field,5.7598399903353545,5.667982445270387,5.901252506231,0.0212765957446808,
FeSeTe,iron_chalcogenide_11,,elsevier_10.1016_j.cjph.2024.09.042_VISION_PASS_LONG,A2,14.0,extraction_csv,47.0,exact,,S1_v3_2_2B_extension,single_crystal,sample_form_conditional_median:single_crystal,10.78,5.0,,,,,5000,H_below_validated_reduced_field,5.706299473954698,5.614512859644007,5.847519061232747,0.1063829787234042,
FeSeTe,iron_chalcogenide_11,,elsevier_10.1016_j.cjph.2024.09.042_VISION_PASS_LONG,A2,14.0,extraction_csv,47.0,exact,,S1_v3_2_2B_extension,single_crystal,sample_form_conditional_median:single_crystal,4.2,0.1,,,,,5000,H_below_validated_reduced_field,5.996159972950191,5.877146982269887,6.121613313756543,0.002127659574468,
FeSeTe,iron_chalcogenide_11,,elsevier_10.1016_j.cjph.2024.09.042_VISION_PASS_LONG,A2,14.0,extraction_csv,47.0,exact,,S1_v3_2_2B_extension,single_crystal,sample_form_conditional_median:single_crystal,4.2,1.0,,,,,5000,H_below_validated_reduced_field,5.98441565369311,5.866258147106364,6.109868994499462,0.0212765957446808,
FeSeTe,iron_chalcogenide_11,,elsevier_10.1016_j.cjph.2024.09.042_VISION_PASS_LONG,A2,14.0,extraction_csv,47.0,exact,,S1_v3_2_2B_extension,single_crystal,sample_form_conditional_median:single_crystal,4.2,5.0,,,,,5000,H_below_validated_reduced_field,5.929148868030789,5.815134982576201,6.05472932559477,0.1063829787234042,
FeSeTe,iron_chalcogenide_11,,elsevier_10.1016_j.cjph.2024.09.042_VISION_PASS_LONG,A2,14.0,extraction_csv,47.0,exact,,S1_v3_2_2B_extension,single_crystal,sample_form_conditional_median:single_crystal,20.0,0.1,,,,,5000,T_above_Tc,,,,,
FeSeTe,iron_chalcogenide_11,,elsevier_10.1016_j.cjph.2024.09.042_VISION_PASS_LONG,A2,14.0,extraction_csv,47.0,exact,,S1_v3_2_2B_extension,single_crystal,sample_form_conditional_median:single_crystal,20.0,1.0,,,,,5000,T_above_Tc,,,,,
FeSeTe,iron_chalcogenide_11,,elsevier_10.1016_j.cjph.2024.09.042_VISION_PASS_LONG,A2,14.0,extraction_csv,47.0,exact,,S1_v3_2_2B_extension,single_crystal,sample_form_conditional_median:single_crystal,20.0,5.0,,,,,5000,T_above_Tc,,,,,
FeSeTe,iron_chalcogenide_11,,elsevier_10.1016_j.cjph.2024.09.042_VISION_PASS_LONG,A2,14.0,extraction_csv,47.0,exact,,S1_v3_2_2B_extension,single_crystal,sample_form_conditional_median:single_crystal,10.78,0.1,,,,,5000,H_below_validated_reduced_field,5.7731834589893865,5.682998461083354,5.91411971345639,0.002127659574468,
FeSeTe,iron_chalcogenide_11,,elsevier_10.1016_j.cjph.2024.09.042_VISION_PASS_LONG,A2,14.0,extraction_csv,47.0,exact,,S1_v3_2_2B_extension,single_crystal,sample_form_conditional_median:single_crystal,10.78,1.0,,,,,5000,H_below_validated_reduced_field,5.76140908846393,5.671672786632109,5.902967731024681,0.0212765957446808,
FeSeTe,iron_chalcogenide_11,,elsevier_10.1016_j.cjph.2024.09.042_VISION_PASS_LONG,A2,14.0,extraction_csv,47.0,exact,,S1_v3_2_2B_extension,single_crystal,sample_form_conditional_median:single_crystal,10.78,5.0,,,,,5000,H_below_validated_reduced_field,5.707364086793372,5.618489429615695,5.850411085073583,0.1063829787234042,
FeSeTe,iron_chalcogenide_11,,elsevier_10.1016_j.cjph.2024.09.042_VISION_PASS_LONG,A2,14.0,extraction_csv,47.0,exact,,S1_v3_2_2B_extension,single_crystal,sample_form_conditional_median:single_crystal,4.2,0.1,,,,,5000,H_below_validated_reduced_field,5.996159972950191,5.877146982269887,6.121613313756543,0.002127659574468,
FeSeTe,iron_chalcogenide_11,,elsevier_10.1016_j.cjph.2024.09.042_VISION_PASS_LONG,A2,14.0,extraction_csv,47.0,exact,,S1_v3_2_2B_extension,single_crystal,sample_form_conditional_median:single_crystal,4.2,1.0,,,,,5000,H_below_validated_reduced_field,5.98441565369311,5.866150883848946,6.109820183758652,0.0212765957446808,
FeSeTe,iron_chalcogenide_11,,elsevier_10.1016_j.cjph.2024.09.042_VISION_PASS_LONG,A2,14.0,extraction_csv,47.0,exact,,S1_v3_2_2B_extension,single_crystal,sample_form_conditional_median:single_crystal,4.2,5.0,,,,,5000,H_below_validated_reduced_field,5.929148868030789,5.814524117503292,6.054451348051834,0.1063829787234042,
FeSeTe,iron_chalcogenide_11,,elsevier_10.1016_j.cjph.2024.09.042_VISION_PASS_LONG,A2,14.0,extraction_csv,47.0,exact,,S1_v3_2_2B_extension,single_crystal,sample_form_conditional_median:single_crystal,20.0,0.1,,,,,5000,T_above_Tc,,,,,
FeSeTe,iron_chalcogenide_11,,elsevier_10.1016_j.cjph.2024.09.042_VISION_PASS_LONG,A2,14.0,extraction_csv,47.0,exact,,S1_v3_2_2B_extension,single_crystal,sample_form_conditional_median:single_crystal,20.0,1.0,,,,,5000,T_above_Tc,,,,,
FeSeTe,iron_chalcogenide_11,,elsevier_10.1016_j.cjph.2024.09.042_VISION_PASS_LONG,A2,14.0,extraction_csv,47.0,exact,,S1_v3_2_2B_extension,single_crystal,sample_form_conditional_median:single_crystal,20.0,5.0,,,,,5000,T_above_Tc,,,,,
FeSeTe,iron_chalcogenide_11,,elsevier_10.1016_j.cjph.2024.09.042_VISION_PASS_LONG,A2,14.0,extraction_csv,47.0,exact,,S1_v3_2_2B_extension,single_crystal,sample_form_conditional_median:single_crystal,10.78,0.1,,,,,5000,H_below_validated_reduced_field,5.7731834589893865,5.679795536286652,5.910916209111701,0.002127659574468,
FeSeTe,iron_chalcogenide_11,,elsevier_10.1016_j.cjph.2024.09.042_VISION_PASS_LONG,A2,14.0,extraction_csv,47.0,exact,,S1_v3_2_2B_extension,single_crystal,sample_form_conditional_median:single_crystal,10.78,1.0,,,,,5000,H_below_validated_reduced_field,5.76143914285939,5.669541373498208,5.899780667437178,0.0212765957446808,
FeSeTe,iron_chalcogenide_11,,elsevier_10.1016_j.cjph.2024.09.042_VISION_PASS_LONG,A2,14.0,extraction_csv,47.0,exact,,S1_v3_2_2B_extension,single_crystal,sample_form_conditional_median:single_crystal,10.78,5.0,,,,,5000,H_below_validated_reduced_field,5.708158217191024,5.617146216555096,5.8474992078196095,0.1063829787234042,
FeTe1-xSex,iron_chalcogenide_11,,elsevier_10.1016_j.physc.2011.05.018_VISION_PASS_LONG,A2,14.0,extraction_csv,47.0,exact,,S1_v3_2_2B_extension,single_crystal,sample_form_conditional_median:single_crystal,4.2,0.1,,,,,5000,H_below_validated_reduced_field,5.996159972950191,5.877146982269887,6.121613313756543,0.002127659574468,
FeTe1-xSex,iron_chalcogenide_11,,elsevier_10.1016_j.physc.2011.05.018_VISION_PASS_LONG,A2,14.0,extraction_csv,47.0,exact,,S1_v3_2_2B_extension,single_crystal,sample_form_conditional_median:single_crystal,4.2,1.0,,,,,5000,H_below_validated_reduced_field,5.98441565369311,5.8660114395193625,6.110287639307155,0.0212765957446808,
FeTe1-xSex,iron_chalcogenide_11,,elsevier_10.1016_j.physc.2011.05.018_VISION_PASS_LONG,A2,14.0,extraction_csv,47.0,exact,,S1_v3_2_2B_extension,single_crystal,sample_form_conditional_median:single_crystal,4.2,5.0,,,,,5000,H_below_validated_reduced_field,5.9289980072454815,5.813729980977796,6.0571135109825125,0.1063829787234042,
FeTe1-xSex,iron_chalcogenide_11,,elsevier_10.1016_j.physc.2011.05.018_VISION_PASS_LONG,A2,14.0,extraction_csv,47.0,exact,,S1_v3_2_2B_extension,single_crystal,sample_form_conditional_median:single_crystal,20.0,0.1,,,,,5000,T_above_Tc,,,,,
FeTe1-xSex,iron_chalcogenide_11,,elsevier_10.1016_j.physc.2011.05.018_VISION_PASS_LONG,A2,14.0,extraction_csv,47.0,exact,,S1_v3_2_2B_extension,single_crystal,sample_form_conditional_median:single_crystal,20.0,1.0,,,,,5000,T_above_Tc,,,,,
FeTe1-xSex,iron_chalcogenide_11,,elsevier_10.1016_j.physc.2011.05.018_VISION_PASS_LONG,A2,14.0,extraction_csv,47.0,exact,,S1_v3_2_2B_extension,single_crystal,sample_form_conditional_median:single_crystal,20.0,5.0,,,,,5000,T_above_Tc,,,,,
FeTe1-xSex,iron_chalcogenide_11,,elsevier_10.1016_j.physc.2011.05.018_VISION_PASS_LONG,A2,14.0,extraction_csv,47.0,exact,,S1_v3_2_2B_extension,single_crystal,sample_form_conditional_median:single_crystal,10.78,0.1,,,,,5000,H_below_validated_reduced_field,5.77078108195762,5.677193417720374,5.913059032734945,0.002127659574468,
FeTe1-xSex,iron_chalcogenide_11,,elsevier_10.1016_j.physc.2011.05.018_VISION_PASS_LONG,A2,14.0,extraction_csv,47.0,exact,,S1_v3_2_2B_extension,single_crystal,sample_form_conditional_median:single_crystal,10.78,1.0,,,,,5000,H_below_validated_reduced_field,5.759645540283097,5.6658677401439,5.901901310583127,0.0212765957446808,
FeTe1-xSex,iron_chalcogenide_11,,elsevier_10.1016_j.physc.2011.05.018_VISION_PASS_LONG,A2,14.0,extraction_csv,47.0,exact,,S1_v3_2_2B_extension,single_crystal,sample_form_conditional_median:single_crystal,10.78,5.0,,,,,5000,H_below_validated_reduced_field,5.706281279183589,5.612693611819258,5.849539449999108,0.1063829787234042,
FeTe1-xSex,iron_chalcogenide_11,,elsevier_10.1016_j.physc.2011.05.018_VISION_PASS_LONG,A2,14.0,extraction_csv,47.0,exact,,S1_v3_2_2B_extension,single_crystal,sample_form_conditional_median:single_crystal,4.2,0.1,,,,,5000,H_below_validated_reduced_field,5.996159972950191,5.877146982269887,6.121613313756543,0.002127659574468,
FeTe1-xSex,iron_chalcogenide_11,,elsevier_10.1016_j.physc.2011.05.018_VISION_PASS_LONG,A2,14.0,extraction_csv,47.0,exact,,S1_v3_2_2B_extension,single_crystal,sample_form_conditional_median:single_crystal,4.2,1.0,,,,,5000,H_below_validated_reduced_field,5.98441565369311,5.8660114395193625,6.109596293759397,0.0212765957446808,
FeTe1-xSex,iron_chalcogenide_11,,elsevier_10.1016_j.physc.2011.05.018_VISION_PASS_LONG,A2,14.0,extraction_csv,47.0,exact,,S1_v3_2_2B_extension,single_crystal,sample_form_conditional_median:single_crystal,4.2,5.0,,,,,5000,H_below_validated_reduced_field,5.929148868030789,5.813729980977796,6.053176292790485,0.1063829787234042,
FeTe1-xSex,iron_chalcogenide_11,,elsevier_10.1016_j.physc.2011.05.018_VISION_PASS_LONG,A2,14.0,extraction_csv,47.0,exact,,S1_v3_2_2B_extension,single_crystal,sample_form_conditional_median:single_crystal,20.0,0.1,,,,,5000,T_above_Tc,,,,,
FeTe1-xSex,iron_chalcogenide_11,,elsevier_10.1016_j.physc.2011.05.018_VISION_PASS_LONG,A2,14.0,extraction_csv,47.0,exact,,S1_v3_2_2B_extension,single_crystal,sample_form_conditional_median:single_crystal,20.0,1.0,,,,,5000,T_above_Tc,,,,,
FeTe1-xSex,iron_chalcogenide_11,,elsevier_10.1016_j.physc.2011.05.018_VISION_PASS_LONG,A2,14.0,extraction_csv,47.0,exact,,S1_v3_2_2B_extension,single_crystal,sample_form_conditional_median:single_crystal,20.0,5.0,,,,,5000,T_above_Tc,,,,,
FeTe1-xSex,iron_chalcogenide_11,,elsevier_10.1016_j.physc.2011.05.018_VISION_PASS_LONG,A2,14.0,extraction_csv,47.0,exact,,S1_v3_2_2B_extension,single_crystal,sample_form_conditional_median:single_crystal,10.78,0.1,,,,,5000,H_below_validated_reduced_field,5.7731834589893865,5.6771934145932885,5.910916209111701,0.002127659574468,
FeTe1-xSex,iron_chalcogenide_11,,elsevier_10.1016_j.physc.2011.05.018_VISION_PASS_LONG,A2,14.0,extraction_csv,47.0,exact,,S1_v3_2_2B_extension,single_crystal,sample_form_conditional_median:single_crystal,10.78,1.0,,,,,5000,H_below_validated_reduced_field,5.76139033211858,5.665867743192808,5.899780666388076,0.0212765957446808,
FeTe1-xSex,iron_chalcogenide_11,,elsevier_10.1016_j.physc.2011.05.018_VISION_PASS_LONG,A2,14.0,extraction_csv,47.0,exact,,S1_v3_2_2B_extension,single_crystal,sample_form_conditional_median:single_crystal,10.78,5.0,,,,,5000,H_below_validated_reduced_field,5.707364086793372,5.612693611819258,5.846149961678405,0.1063829787234042,
BaFe2As2,iron_pnictide_122,,elsevier_10.1016_j.physc.2014.03.020_VISION_PASS_LONG,A2,22.0,extraction_csv,60.0,exact,,S1_v3_2_2B_extension,single_crystal,sample_form_conditional_median:single_crystal,4.2,0.1,,,,,5000,H_below_validated_reduced_field,5.746354490991693,5.614582757298319,5.804297695181981,0.0016666666666666,
BaFe2As2,iron_pnictide_122,,elsevier_10.1016_j.physc.2014.03.020_VISION_PASS_LONG,A2,22.0,extraction_csv,60.0,exact,,S1_v3_2_2B_extension,single_crystal,sample_form_conditional_median:single_crystal,4.2,1.0,,,,,5000,H_below_validated_reduced_field,5.741828888140658,5.612591056042148,5.800151974345761,0.0166666666666666,
BaFe2As2,iron_pnictide_122,,elsevier_10.1016_j.physc.2014.03.020_VISION_PASS_LONG,A2,22.0,extraction_csv,60.0,exact,,S1_v3_2_2B_extension,single_crystal,sample_form_conditional_median:single_crystal,4.2,5.0,,,,,5000,H_below_validated_reduced_field,5.718874932231048,5.599135988293562,5.785865997892429,0.0833333333333333,
BaFe2As2,iron_pnictide_122,,elsevier_10.1016_j.physc.2014.03.020_VISION_PASS_LONG,A2,22.0,extraction_csv,60.0,exact,,S1_v3_2_2B_extension,single_crystal,sample_form_conditional_median:single_crystal,20.0,0.1,,,,,5000,H_below_validated_reduced_field,4.417112656262068,4.247109015298356,4.585892561642681,0.0016666666666666,
BaFe2As2,iron_pnictide_122,,elsevier_10.1016_j.physc.2014.03.020_VISION_PASS_LONG,A2,22.0,extraction_csv,60.0,exact,,S1_v3_2_2B_extension,single_crystal,sample_form_conditional_median:single_crystal,20.0,1.0,,,,,5000,H_below_validated_reduced_field,4.413240675402071,4.243085542797171,4.582009944241608,0.0166666666666666,
BaFe2As2,iron_pnictide_122,,elsevier_10.1016_j.physc.2014.03.020_VISION_PASS_LONG,A2,22.0,extraction_csv,60.0,exact,,S1_v3_2_2B_extension,single_crystal,sample_form_conditional_median:single_crystal,20.0,5.0,,,,,5000,H_below_validated_reduced_field,4.395526097658303,4.222162724815997,4.563860607486009,0.0833333333333333,
BaFe2As2,iron_pnictide_122,,elsevier_10.1016_j.physc.2014.03.020_VISION_PASS_LONG,A2,22.0,extraction_csv,60.0,exact,,S1_v3_2_2B_extension,single_crystal,sample_form_conditional_median:single_crystal,16.94,0.1,,,,,5000,H_below_validated_reduced_field,4.9792738964653145,4.8460926076165896,5.089170393994579,0.0016666666666666,
BaFe2As2,iron_pnictide_122,,elsevier_10.1016_j.physc.2014.03.020_VISION_PASS_LONG,A2,22.0,extraction_csv,60.0,exact,,S1_v3_2_2B_extension,single_crystal,sample_form_conditional_median:single_crystal,16.94,1.0,,,,,5000,H_below_validated_reduced_field,4.975030588811916,4.842273724588768,5.085088286175016,0.0166666666666666,
BaFe2As2,iron_pnictide_122,,elsevier_10.1016_j.physc.2014.03.020_VISION_PASS_LONG,A2,22.0,extraction_csv,60.0,exact,,S1_v3_2_2B_extension,single_crystal,sample_form_conditional_median:single_crystal,16.94,5.0,,,,,5000,H_below_validated_reduced_field,4.956123010960484,4.821551414412284,5.068629435097528,0.0833333333333333,
BaFe2As2,iron_pnictide_122,,elsevier_10.1016_j.phpro.2015.06.160_VISION_PASS_LONG,A2,20.0,extraction_csv,60.0,exact,,S1_v3_2_2B_extension,single_crystal,sample_form_conditional_median:single_crystal,4.2,0.1,,,,,5000,H_below_validated_reduced_field,5.746354490991693,5.635326719245767,5.804297695181981,0.0016666666666666,
BaFe2As2,iron_pnictide_122,,elsevier_10.1016_j.phpro.2015.06.160_VISION_PASS_LONG,A2,20.0,extraction_csv,60.0,exact,,S1_v3_2_2B_extension,single_crystal,sample_form_conditional_median:single_crystal,4.2,1.0,,,,,5000,H_below_validated_reduced_field,5.742471874037705,5.630952720108724,5.800949606422765,0.0166666666666666,
BaFe2As2,iron_pnictide_122,,elsevier_10.1016_j.phpro.2015.06.160_VISION_PASS_LONG,A2,20.0,extraction_csv,60.0,exact,,S1_v3_2_2B_extension,single_crystal,sample_form_conditional_median:single_crystal,4.2,5.0,,,,,5000,H_below_validated_reduced_field,5.719301612979958,5.604111999381595,5.784978229469957,0.0833333333333333,
BaFe2As2,iron_pnictide_122,,elsevier_10.1016_j.phpro.2015.06.160_VISION_PASS_LONG,A2,20.0,extraction_csv,60.0,exact,,S1_v3_2_2B_extension,single_crystal,sample_form_conditional_median:single_crystal,20.0,0.1,,,,,5000,T_above_Tc,,,,,
BaFe2As2,iron_pnictide_122,,elsevier_10.1016_j.phpro.2015.06.160_VISION_PASS_LONG,A2,20.0,extraction_csv,60.0,exact,,S1_v3_2_2B_extension,single_crystal,sample_form_conditional_median:single_crystal,20.0,1.0,,,,,5000,T_above_Tc,,,,,
BaFe2As2,iron_pnictide_122,,elsevier_10.1016_j.phpro.2015.06.160_VISION_PASS_LONG,A2,20.0,extraction_csv,60.0,exact,,S1_v3_2_2B_extension,single_crystal,sample_form_conditional_median:single_crystal,20.0,5.0,,,,,5000,T_above_Tc,,,,,
BaFe2As2,iron_pnictide_122,,elsevier_10.1016_j.phpro.2015.06.160_VISION_PASS_LONG,A2,20.0,extraction_csv,60.0,exact,,S1_v3_2_2B_extension,single_crystal,sample_form_conditional_median:single_crystal,15.4,0.1,,,,,5000,H_below_validated_reduced_field,4.992868682649902,4.861253133098646,5.103411027645267,0.0016666666666666,
BaFe2As2,iron_pnictide_122,,elsevier_10.1016_j.phpro.2015.06.160_VISION_PASS_LONG,A2,20.0,extraction_csv,60.0,exact,,S1_v3_2_2B_extension,single_crystal,sample_form_conditional_median:single_crystal,15.4,1.0,,,,,5000,H_below_validated_reduced_field,4.988276588955117,4.857295547567682,5.099402020606851,0.0166666666666666,
BaFe2As2,iron_pnictide_122,,elsevier_10.1016_j.phpro.2015.06.160_VISION_PASS_LONG,A2,20.0,extraction_csv,60.0,exact,,S1_v3_2_2B_extension,single_crystal,sample_form_conditional_median:single_crystal,15.4,5.0,,,,,5000,H_below_validated_reduced_field,4.968877053285537,4.837254285826219,5.080938877969091,0.0833333333333333,
BaFe2As2,iron_pnictide_122,,elsevier_10.1016_j.phpro.2015.06.160_VISION_PASS_LONG,A2,20.0,extraction_csv,60.0,exact,,S1_v3_2_2B_extension,single_crystal,sample_form_conditional_median:single_crystal,4.2,0.1,,,,,5000,H_below_validated_reduced_field,5.746354490991693,5.616253626881896,5.804297695181981,0.0016666666666666,
BaFe2As2,iron_pnictide_122,,elsevier_10.1016_j.phpro.2015.06.160_VISION_PASS_LONG,A2,20.0,extraction_csv,60.0,exact,,S1_v3_2_2B_extension,single_crystal,sample_form_conditional_median:single_crystal,4.2,1.0,,,,,5000,H_below_validated_reduced_field,5.741982348534451,5.613124135886711,5.80090782613078,0.0166666666666666,
BaFe2As2,iron_pnictide_122,,elsevier_10.1016_j.phpro.2015.06.160_VISION_PASS_LONG,A2,20.0,extraction_csv,60.0,exact,,S1_v3_2_2B_extension,single_crystal,sample_form_conditional_median:single_crystal,4.2,5.0,,,,,5000,H_below_validated_reduced_field,5.718926912196215,5.602318909481284,5.786410774852951,0.0833333333333333,
BaFe2As2,iron_pnictide_122,,elsevier_10.1016_j.phpro.2015.06.160_VISION_PASS_LONG,A2,20.0,extraction_csv,60.0,exact,,S1_v3_2_2B_extension,single_crystal,sample_form_conditional_median:single_crystal,20.0,0.1,,,,,5000,T_above_Tc,,,,,
BaFe2As2,iron_pnictide_122,,elsevier_10.1016_j.phpro.2015.06.160_VISION_PASS_LONG,A2,20.0,extraction_csv,60.0,exact,,S1_v3_2_2B_extension,single_crystal,sample_form_conditional_median:single_crystal,20.0,1.0,,,,,5000,T_above_Tc,,,,,
BaFe2As2,iron_pnictide_122,,elsevier_10.1016_j.phpro.2015.06.160_VISION_PASS_LONG,A2,20.0,extraction_csv,60.0,exact,,S1_v3_2_2B_extension,single_crystal,sample_form_conditional_median:single_crystal,20.0,5.0,,,,,5000,T_above_Tc,,,,,
BaFe2As2,iron_pnictide_122,,elsevier_10.1016_j.phpro.2015.06.160_VISION_PASS_LONG,A2,20.0,extraction_csv,60.0,exact,,S1_v3_2_2B_extension,single_crystal,sample_form_conditional_median:single_crystal,15.4,0.1,,,,,5000,H_below_validated_reduced_field,4.992153516806912,4.857955864282853,5.105736191598578,0.0016666666666666,
BaFe2As2,iron_pnictide_122,,elsevier_10.1016_j.phpro.2015.06.160_VISION_PASS_LONG,A2,20.0,extraction_csv,60.0,exact,,S1_v3_2_2B_extension,single_crystal,sample_form_conditional_median:single_crystal,15.4,1.0,,,,,5000,H_below_validated_reduced_field,4.988059315233274,4.854512223962539,5.10243196762126,0.0166666666666666,
BaFe2As2,iron_pnictide_122,,elsevier_10.1016_j.phpro.2015.06.160_VISION_PASS_LONG,A2,20.0,extraction_csv,60.0,exact,,S1_v3_2_2B_extension,single_crystal,sample_form_conditional_median:single_crystal,15.4,5.0,,,,,5000,H_below_validated_reduced_field,4.969508547712218,4.833316209816114,5.084524546015814,0.0833333333333333,
BaFe2As2,iron_pnictide_122,,elsevier_10.1016_j.phpro.2015.06.160_VISION_PASS_LONG,A2,20.0,extraction_csv,60.0,exact,,S1_v3_2_2B_extension,single_crystal,sample_form_conditional_median:single_crystal,4.2,0.1,,,,,5000,H_below_validated_reduced_field,5.746354490991693,5.614582757298319,5.804297695181981,0.0016666666666666,
BaFe2As2,iron_pnictide_122,,elsevier_10.1016_j.phpro.2015.06.160_VISION_PASS_LONG,A2,20.0,extraction_csv,60.0,exact,,S1_v3_2_2B_extension,single_crystal,sample_form_conditional_median:single_crystal,4.2,1.0,,,,,5000,H_below_validated_reduced_field,5.74198049185465,5.611398485358256,5.800976087041555,0.0166666666666666,
BaFe2As2,iron_pnictide_122,,elsevier_10.1016_j.phpro.2015.06.160_VISION_PASS_LONG,A2,20.0,extraction_csv,60.0,exact,,S1_v3_2_2B_extension,single_crystal,sample_form_conditional_median:single_crystal,4.2,5.0,,,,,5000,H_below_validated_reduced_field,5.719301612979958,5.594418985045071,5.784976285500642,0.0833333333333333,
BaFe2As2,iron_pnictide_122,,elsevier_10.1016_j.phpro.2015.06.160_VISION_PASS_LONG,A2,20.0,extraction_csv,60.0,exact,,S1_v3_2_2B_extension,single_crystal,sample_form_conditional_median:single_crystal,20.0,0.1,,,,,5000,T_above_Tc,,,,,
BaFe2As2,iron_pnictide_122,,elsevier_10.1016_j.phpro.2015.06.160_VISION_PASS_LONG,A2,20.0,extraction_csv,60.0,exact,,S1_v3_2_2B_extension,single_crystal,sample_form_conditional_median:single_crystal,20.0,1.0,,,,,5000,T_above_Tc,,,,,
BaFe2As2,iron_pnictide_122,,elsevier_10.1016_j.phpro.2015.06.160_VISION_PASS_LONG,A2,20.0,extraction_csv,60.0,exact,,S1_v3_2_2B_extension,single_crystal,sample_form_conditional_median:single_crystal,20.0,5.0,,,,,5000,T_above_Tc,,,,,
BaFe2As2,iron_pnictide_122,,elsevier_10.1016_j.phpro.2015.06.160_VISION_PASS_LONG,A2,20.0,extraction_csv,60.0,exact,,S1_v3_2_2B_extension,single_crystal,sample_form_conditional_median:single_crystal,15.4,0.1,,,,,5000,H_below_validated_reduced_field,4.993510515085956,4.853802924227385,5.103404367171776,0.0016666666666666,
BaFe2As2,iron_pnictide_122,,elsevier_10.1016_j.phpro.2015.06.160_VISION_PASS_LONG,A2,20.0,extraction_csv,60.0,exact,,S1_v3_2_2B_extension,single_crystal,sample_form_conditional_median:single_crystal,15.4,1.0,,,,,5000,H_below_validated_reduced_field,4.989245917689047,4.849502627135613,5.09988846962486,0.0166666666666666,
BaFe2As2,iron_pnictide_122,,elsevier_10.1016_j.phpro.2015.06.160_VISION_PASS_LONG,A2,20.0,extraction_csv,60.0,exact,,S1_v3_2_2B_extension,single_crystal,sample_form_conditional_median:single_crystal,15.4,5.0,,,,,5000,H_below_validated_reduced_field,4.970345344545498,4.8304347307706745,5.081096120428991,0.0833333333333333,
BaFe2As2,iron_pnictide_122,,elsevier_10.1016_j.phpro.2015.06.160_VISION_PASS_LONG,A2,20.0,extraction_csv,60.0,exact,,S1_v3_2_2B_extension,single_crystal,sample_form_conditional_median:single_crystal,4.2,0.1,,,,,5000,H_below_validated_reduced_field,5.746354490991693,5.635326719245767,5.804297695181981,0.0016666666666666,
BaFe2As2,iron_pnictide_122,,elsevier_10.1016_j.phpro.2015.06.160_VISION_PASS_LONG,A2,20.0,extraction_csv,60.0,exact,,S1_v3_2_2B_extension,single_crystal,sample_form_conditional_median:single_crystal,4.2,1.0,,,,,5000,H_below_validated_reduced_field,5.74069442109862,5.631442599524774,5.800300159508088,0.0166666666666666,
BaFe2As2,iron_pnictide_122,,elsevier_10.1016_j.phpro.2015.06.160_VISION_PASS_LONG,A2,20.0,extraction_csv,60.0,exact,,S1_v3_2_2B_extension,single_crystal,sample_form_conditional_median:single_crystal,4.2,5.0,,,,,5000,H_below_validated_reduced_field,5.7167156732084585,5.604869084104673,5.783663691251891,0.0833333333333333,
BaFe2As2,iron_pnictide_122,,elsevier_10.1016_j.phpro.2015.06.160_VISION_PASS_LONG,A2,20.0,extraction_csv,60.0,exact,,S1_v3_2_2B_extension,single_crystal,sample_form_conditional_median:single_crystal,20.0,0.1,,,,,5000,T_above_Tc,,,,,
BaFe2As2,iron_pnictide_122,,elsevier_10.1016_j.phpro.2015.06.160_VISION_PASS_LONG,A2,20.0,extraction_csv,60.0,exact,,S1_v3_2_2B_extension,single_crystal,sample_form_conditional_median:single_crystal,20.0,1.0,,,,,5000,T_above_Tc,,,,,
BaFe2As2,iron_pnictide_122,,elsevier_10.1016_j.phpro.2015.06.160_VISION_PASS_LONG,A2,20.0,extraction_csv,60.0,exact,,S1_v3_2_2B_extension,single_crystal,sample_form_conditional_median:single_crystal,20.0,5.0,,,,,5000,T_above_Tc,,,,,
BaFe2As2,iron_pnictide_122,,elsevier_10.1016_j.phpro.2015.06.160_VISION_PASS_LONG,A2,20.0,extraction_csv,60.0,exact,,S1_v3_2_2B_extension,single_crystal,sample_form_conditional_median:single_crystal,15.4,0.1,,,,,5000,H_below_validated_reduced_field,4.991135632520438,4.862606863770039,5.103404366906469,0.0016666666666666,
BaFe2As2,iron_pnictide_122,,elsevier_10.1016_j.phpro.2015.06.160_VISION_PASS_LONG,A2,20.0,extraction_csv,60.0,exact,,S1_v3_2_2B_extension,single_crystal,sample_form_conditional_median:single_crystal,15.4,1.0,,,,,5000,H_below_validated_reduced_field,4.987550902697541,4.857753313864677,5.100597316726186,0.0166666666666666,
BaFe2As2,iron_pnictide_122,,elsevier_10.1016_j.phpro.2015.06.160_VISION_PASS_LONG,A2,20.0,extraction_csv,60.0,exact,,S1_v3_2_2B_extension,single_crystal,sample_form_conditional_median:single_crystal,15.4,5.0,,,,,5000,H_below_validated_reduced_field,4.969213913102212,4.837589811391582,5.084620015600381,0.0833333333333333,
BaFe2As2,iron_pnictide_122,,elsevier_10.1016_j.phpro.2015.06.160_VISION_PASS_LONG,A2,20.0,extraction_csv,60.0,exact,,S1_v3_2_2B_extension,single_crystal,sample_form_conditional_median:single_crystal,4.2,0.1,,,,,5000,H_below_validated_reduced_field,5.746354490991693,5.635326719245767,5.804297695181981,0.0016666666666666,
BaFe2As2,iron_pnictide_122,,elsevier_10.1016_j.phpro.2015.06.160_VISION_PASS_LONG,A2,20.0,extraction_csv,60.0,exact,,S1_v3_2_2B_extension,single_crystal,sample_form_conditional_median:single_crystal,4.2,1.0,,,,,5000,H_below_validated_reduced_field,5.742471874037705,5.629915368844327,5.800468531494203,0.0166666666666666,
BaFe2As2,iron_pnictide_122,,elsevier_10.1016_j.phpro.2015.06.160_VISION_PASS_LONG,A2,20.0,extraction_csv,60.0,exact,,S1_v3_2_2B_extension,single_crystal,sample_form_conditional_median:single_crystal,4.2,5.0,,,,,5000,H_below_validated_reduced_field,5.719309028110172,5.60190589384911,5.784146376071575,0.0833333333333333,
BaFe2As2,iron_pnictide_122,,elsevier_10.1016_j.phpro.2015.06.160_VISION_PASS_LONG,A2,20.0,extraction_csv,60.0,exact,,S1_v3_2_2B_extension,single_crystal,sample_form_conditional_median:single_crystal,20.0,0.1,,,,,5000,T_above_Tc,,,,,
BaFe2As2,iron_pnictide_122,,elsevier_10.1016_j.phpro.2015.06.160_VISION_PASS_LONG,A2,20.0,extraction_csv,60.0,exact,,S1_v3_2_2B_extension,single_crystal,sample_form_conditional_median:single_crystal,20.0,1.0,,,,,5000,T_above_Tc,,,,,
BaFe2As2,iron_pnictide_122,,elsevier_10.1016_j.phpro.2015.06.160_VISION_PASS_LONG,A2,20.0,extraction_csv,60.0,exact,,S1_v3_2_2B_extension,single_crystal,sample_form_conditional_median:single_crystal,20.0,5.0,,,,,5000,T_above_Tc,,,,,
BaFe2As2,iron_pnictide_122,,elsevier_10.1016_j.phpro.2015.06.160_VISION_PASS_LONG,A2,20.0,extraction_csv,60.0,exact,,S1_v3_2_2B_extension,single_crystal,sample_form_conditional_median:single_crystal,15.4,0.1,,,,,5000,H_below_validated_reduced_field,4.9945110679797775,4.861009371206473,5.102114583049672,0.0016666666666666,
BaFe2As2,iron_pnictide_122,,elsevier_10.1016_j.phpro.2015.06.160_VISION_PASS_LONG,A2,20.0,extraction_csv,60.0,exact,,S1_v3_2_2B_extension,single_crystal,sample_form_conditional_median:single_crystal,15.4,1.0,,,,,5000,H_below_validated_reduced_field,4.991038505130092,4.856199401621668,5.098300711280863,0.0166666666666666,
BaFe2As2,iron_pnictide_122,,elsevier_10.1016_j.phpro.2015.06.160_VISION_PASS_LONG,A2,20.0,extraction_csv,60.0,exact,,S1_v3_2_2B_extension,single_crystal,sample_form_conditional_median:single_crystal,15.4,5.0,,,,,5000,H_below_validated_reduced_field,4.971906143822582,4.8361560447010685,5.081956893535653,0.0833333333333333,
BaFe2As2,iron_pnictide_122,,elsevier_10.1016_j.phpro.2015.06.160_VISION_PASS_LONG,A2,20.0,extraction_csv,60.0,exact,,S1_v3_2_2B_extension,single_crystal,sample_form_conditional_median:single_crystal,4.2,0.1,,,,,5000,H_below_validated_reduced_field,5.746354490991693,5.635326719245767,5.804297695181981,0.0016666666666666,
BaFe2As2,iron_pnictide_122,,elsevier_10.1016_j.phpro.2015.06.160_VISION_PASS_LONG,A2,20.0,extraction_csv,60.0,exact,,S1_v3_2_2B_extension,single_crystal,sample_form_conditional_median:single_crystal,4.2,1.0,,,,,5000,H_below_validated_reduced_field,5.742456871056296,5.630940435554148,5.798914376310255,0.0166666666666666,
BaFe2As2,iron_pnictide_122,,elsevier_10.1016_j.phpro.2015.06.160_VISION_PASS_LONG,A2,20.0,extraction_csv,60.0,exact,,S1_v3_2_2B_extension,single_crystal,sample_form_conditional_median:single_crystal,4.2,5.0,,,,,5000,H_below_validated_reduced_field,5.719301612979958,5.602329499625698,5.7819488896911855,0.0833333333333333,
BaFe2As2,iron_pnictide_122,,elsevier_10.1016_j.phpro.2015.06.160_VISION_PASS_LONG,A2,20.0,extraction_csv,60.0,exact,,S1_v3_2_2B_extension,single_crystal,sample_form_conditional_median:single_crystal,20.0,0.1,,,,,5000,T_above_Tc,,,,,
BaFe2As2,iron_pnictide_122,,elsevier_10.1016_j.phpro.2015.06.160_VISION_PASS_LONG,A2,20.0,extraction_csv,60.0,exact,,S1_v3_2_2B_extension,single_crystal,sample_form_conditional_median:single_crystal,20.0,1.0,,,,,5000,T_above_Tc,,,,,
BaFe2As2,iron_pnictide_122,,elsevier_10.1016_j.phpro.2015.06.160_VISION_PASS_LONG,A2,20.0,extraction_csv,60.0,exact,,S1_v3_2_2B_extension,single_crystal,sample_form_conditional_median:single_crystal,20.0,5.0,,,,,5000,T_above_Tc,,,,,
BaFe2As2,iron_pnictide_122,,elsevier_10.1016_j.phpro.2015.06.160_VISION_PASS_LONG,A2,20.0,extraction_csv,60.0,exact,,S1_v3_2_2B_extension,single_crystal,sample_form_conditional_median:single_crystal,15.4,0.1,,,,,5000,H_below_validated_reduced_field,4.993227584619333,4.857198573397393,5.102114582790836,0.0016666666666666,
BaFe2As2,iron_pnictide_122,,elsevier_10.1016_j.phpro.2015.06.160_VISION_PASS_LONG,A2,20.0,extraction_csv,60.0,exact,,S1_v3_2_2B_extension,single_crystal,sample_form_conditional_median:single_crystal,15.4,1.0,,,,,5000,H_below_validated_reduced_field,4.989136042337461,4.852828361298844,5.098159536091358,0.0166666666666666,
BaFe2As2,iron_pnictide_122,,elsevier_10.1016_j.phpro.2015.06.160_VISION_PASS_LONG,A2,20.0,extraction_csv,60.0,exact,,S1_v3_2_2B_extension,single_crystal,sample_form_conditional_median:single_crystal,15.4,5.0,,,,,5000,H_below_validated_reduced_field,4.97044419579846,4.832766493897245,5.078262083435022,0.0833333333333333,
