compound_formula,substructure,MP_id,paper_id,source_provenance,Tc_anchor_K,Tc_provenance_tier,Hc2_T_anchor,Hc2_anchor_type,Hc2_deviation_flag,Hc2_source,sample_form_commitment,predictor_method_scope,T_K,H_T,predicted_log_Jc,predicted_log_Jc_lower_95,predicted_log_Jc_upper_95,parent_match_uncertainty_envelope_dex,bootstrap_iterations,refusal_flag,withheld_log_Jc,withheld_log_Jc_lower_95,withheld_log_Jc_upper_95,withheld_reduced_field,withheld_reduced_temperature
Co0.05Fe0.95Se1,iron_chalcogenide_11,mp-20311,,A1,10.0,3DSC_MP,16.0,c_parent,±20-50%,S1_v3_2_2B_extension,single_crystal,sample_form_conditional_median:single_crystal,4.2,0.1,,,,,5000,H_below_validated_reduced_field,5.99788020316565,5.9654169680036055,6.176213825966855,0.00625,
Co0.05Fe0.95Se1,iron_chalcogenide_11,mp-20311,,A1,10.0,3DSC_MP,16.0,c_parent,±20-50%,S1_v3_2_2B_extension,single_crystal,sample_form_conditional_median:single_crystal,4.2,1.0,,,,,5000,H_below_validated_reduced_field,5.964289782479094,5.928934164797906,6.141525448847071,0.0625,
Co0.05Fe0.95Se1,iron_chalcogenide_11,mp-20311,,A1,10.0,3DSC_MP,16.0,c_parent,±20-50%,S1_v3_2_2B_extension,single_crystal,sample_form_conditional_median:single_crystal,4.2,5.0,,,,,5000,family_fails_field_axis_validation,5.793584351753543,5.736025170582753,5.978355767467546,0.3125,
Co0.05Fe0.95Se1,iron_chalcogenide_11,mp-20311,,A1,10.0,3DSC_MP,16.0,c_parent,±20-50%,S1_v3_2_2B_extension,single_crystal,sample_form_conditional_median:single_crystal,20.0,0.1,,,,,5000,T_above_Tc,,,,,
Co0.05Fe0.95Se1,iron_chalcogenide_11,mp-20311,,A1,10.0,3DSC_MP,16.0,c_parent,±20-50%,S1_v3_2_2B_extension,single_crystal,sample_form_conditional_median:single_crystal,20.0,1.0,,,,,5000,T_above_Tc,,,,,
Co0.05Fe0.95Se1,iron_chalcogenide_11,mp-20311,,A1,10.0,3DSC_MP,16.0,c_parent,±20-50%,S1_v3_2_2B_extension,single_crystal,sample_form_conditional_median:single_crystal,20.0,5.0,,,,,5000,T_above_Tc,,,,,
Co0.05Fe0.95Se1,iron_chalcogenide_11,mp-20311,,A1,10.0,3DSC_MP,16.0,c_parent,±20-50%,S1_v3_2_2B_extension,single_crystal,sample_form_conditional_median:single_crystal,7.7,0.1,,,,,5000,H_below_validated_reduced_field,5.697866445940334,5.598835861766412,5.872989059491991,0.00625,
Co0.05Fe0.95Se1,iron_chalcogenide_11,mp-20311,,A1,10.0,3DSC_MP,16.0,c_parent,±20-50%,S1_v3_2_2B_extension,single_crystal,sample_form_conditional_median:single_crystal,7.7,1.0,,,,,5000,H_below_validated_reduced_field,5.663069015817964,5.563827095144707,5.840862236525205,0.0625,
Co0.05Fe0.95Se1,iron_chalcogenide_11,mp-20311,,A1,10.0,3DSC_MP,16.0,c_parent,±20-50%,S1_v3_2_2B_extension,single_crystal,sample_form_conditional_median:single_crystal,7.7,5.0,,,,,5000,family_fails_field_axis_validation,5.481836432014088,5.371187542980717,5.671392022373558,0.3125,
Co0.1Fe0.9Se1,iron_chalcogenide_11,mp-20311,,A1,5.0,3DSC_MP,16.0,c_parent,±20-50%,S1_v3_2_2B_extension,single_crystal,sample_form_conditional_median:single_crystal,4.2,0.1,,,,,5000,H_below_validated_reduced_field,5.99788020316565,5.957696909341225,6.176213825966855,0.00625,
Co0.1Fe0.9Se1,iron_chalcogenide_11,mp-20311,,A1,5.0,3DSC_MP,16.0,c_parent,±20-50%,S1_v3_2_2B_extension,single_crystal,sample_form_conditional_median:single_crystal,4.2,1.0,,,,,5000,H_below_validated_reduced_field,5.964232065287694,5.927107128405255,6.140822575904862,0.0625,
Co0.1Fe0.9Se1,iron_chalcogenide_11,mp-20311,,A1,5.0,3DSC_MP,16.0,c_parent,±20-50%,S1_v3_2_2B_extension,single_crystal,sample_form_conditional_median:single_crystal,4.2,5.0,,,,,5000,family_fails_field_axis_validation,5.793718439494315,5.731342816955841,5.977750918286211,0.3125,
Co0.1Fe0.9Se1,iron_chalcogenide_11,mp-20311,,A1,5.0,3DSC_MP,16.0,c_parent,±20-50%,S1_v3_2_2B_extension,single_crystal,sample_form_conditional_median:single_crystal,20.0,0.1,,,,,5000,T_above_Tc,,,,,
Co0.1Fe0.9Se1,iron_chalcogenide_11,mp-20311,,A1,5.0,3DSC_MP,16.0,c_parent,±20-50%,S1_v3_2_2B_extension,single_crystal,sample_form_conditional_median:single_crystal,20.0,1.0,,,,,5000,T_above_Tc,,,,,
Co0.1Fe0.9Se1,iron_chalcogenide_11,mp-20311,,A1,5.0,3DSC_MP,16.0,c_parent,±20-50%,S1_v3_2_2B_extension,single_crystal,sample_form_conditional_median:single_crystal,20.0,5.0,,,,,5000,T_above_Tc,,,,,
Co0.1Fe0.9Se1,iron_chalcogenide_11,mp-20311,,A1,5.0,3DSC_MP,16.0,c_parent,±20-50%,S1_v3_2_2B_extension,single_crystal,sample_form_conditional_median:single_crystal,3.85,0.1,,,,,5000,H_below_validated_reduced_field,6.141988109247318,6.076073771651065,6.312228491243515,0.00625,
Co0.1Fe0.9Se1,iron_chalcogenide_11,mp-20311,,A1,5.0,3DSC_MP,16.0,c_parent,±20-50%,S1_v3_2_2B_extension,single_crystal,sample_form_conditional_median:single_crystal,3.85,1.0,,,,,5000,H_below_validated_reduced_field,6.107286111577497,6.0407470049261525,6.279634702648892,0.0625,
Co0.1Fe0.9Se1,iron_chalcogenide_11,mp-20311,,A1,5.0,3DSC_MP,16.0,c_parent,±20-50%,S1_v3_2_2B_extension,single_crystal,sample_form_conditional_median:single_crystal,3.85,5.0,,,,,5000,family_fails_field_axis_validation,5.926235219705911,5.84713907256771,6.107464166453562,0.3125,
Fe0.95Ni0.05Se1,iron_chalcogenide_11,mp-20311,,A1,10.0,3DSC_MP,16.0,c_parent,±20-50%,S1_v3_2_2B_extension,single_crystal,sample_form_conditional_median:single_crystal,4.2,0.1,,,,,5000,H_below_validated_reduced_field,5.99788020316565,5.9654169680036055,6.176213825966855,0.00625,
Fe0.95Ni0.05Se1,iron_chalcogenide_11,mp-20311,,A1,10.0,3DSC_MP,16.0,c_parent,±20-50%,S1_v3_2_2B_extension,single_crystal,sample_form_conditional_median:single_crystal,4.2,1.0,,,,,5000,H_below_validated_reduced_field,5.964861545692122,5.929952325403831,6.144075285596129,0.0625,
Fe0.95Ni0.05Se1,iron_chalcogenide_11,mp-20311,,A1,10.0,3DSC_MP,16.0,c_parent,±20-50%,S1_v3_2_2B_extension,single_crystal,sample_form_conditional_median:single_crystal,4.2,5.0,,,,,5000,family_fails_field_axis_validation,5.794166884567984,5.736025170582753,5.978355767467546,0.3125,
Fe0.95Ni0.05Se1,iron_chalcogenide_11,mp-20311,,A1,10.0,3DSC_MP,16.0,c_parent,±20-50%,S1_v3_2_2B_extension,single_crystal,sample_form_conditional_median:single_crystal,20.0,0.1,,,,,5000,T_above_Tc,,,,,
Fe0.95Ni0.05Se1,iron_chalcogenide_11,mp-20311,,A1,10.0,3DSC_MP,16.0,c_parent,±20-50%,S1_v3_2_2B_extension,single_crystal,sample_form_conditional_median:single_crystal,20.0,1.0,,,,,5000,T_above_Tc,,,,,
Fe0.95Ni0.05Se1,iron_chalcogenide_11,mp-20311,,A1,10.0,3DSC_MP,16.0,c_parent,±20-50%,S1_v3_2_2B_extension,single_crystal,sample_form_conditional_median:single_crystal,20.0,5.0,,,,,5000,T_above_Tc,,,,,
Fe0.95Ni0.05Se1,iron_chalcogenide_11,mp-20311,,A1,10.0,3DSC_MP,16.0,c_parent,±20-50%,S1_v3_2_2B_extension,single_crystal,sample_form_conditional_median:single_crystal,7.7,0.1,,,,,5000,H_below_validated_reduced_field,5.698364833492231,5.60179313988917,5.876626817182242,0.00625,
Fe0.95Ni0.05Se1,iron_chalcogenide_11,mp-20311,,A1,10.0,3DSC_MP,16.0,c_parent,±20-50%,S1_v3_2_2B_extension,single_crystal,sample_form_conditional_median:single_crystal,7.7,1.0,,,,,5000,H_below_validated_reduced_field,5.663696301868296,5.566099995072637,5.841945876006518,0.0625,
Fe0.95Ni0.05Se1,iron_chalcogenide_11,mp-20311,,A1,10.0,3DSC_MP,16.0,c_parent,±20-50%,S1_v3_2_2B_extension,single_crystal,sample_form_conditional_median:single_crystal,7.7,5.0,,,,,5000,family_fails_field_axis_validation,5.482427823414536,5.37199336875205,5.676640092461713,0.3125,
Fe1S0.04Se0.96,iron_chalcogenide_11,mp-20311,,A1,9.58,3DSC_MP,16.0,c_parent,±20-50%,S1_v3_2_2B_extension,single_crystal,sample_form_conditional_median:single_crystal,4.2,0.1,,,,,5000,H_below_validated_reduced_field,5.99788020316565,5.9654169680036055,6.176213825966855,0.00625,
Fe1S0.04Se0.96,iron_chalcogenide_11,mp-20311,,A1,9.58,3DSC_MP,16.0,c_parent,±20-50%,S1_v3_2_2B_extension,single_crystal,sample_form_conditional_median:single_crystal,4.2,1.0,,,,,5000,H_below_validated_reduced_field,5.964861545692122,5.92917980578886,6.139673732425383,0.0625,
Fe1S0.04Se0.96,iron_chalcogenide_11,mp-20311,,A1,9.58,3DSC_MP,16.0,c_parent,±20-50%,S1_v3_2_2B_extension,single_crystal,sample_form_conditional_median:single_crystal,4.2,5.0,,,,,5000,family_fails_field_axis_validation,5.793793869886969,5.734388442057165,5.971313271715997,0.3125,
Fe1S0.04Se0.96,iron_chalcogenide_11,mp-20311,,A1,9.58,3DSC_MP,16.0,c_parent,±20-50%,S1_v3_2_2B_extension,single_crystal,sample_form_conditional_median:single_crystal,20.0,0.1,,,,,5000,T_above_Tc,,,,,
Fe1S0.04Se0.96,iron_chalcogenide_11,mp-20311,,A1,9.58,3DSC_MP,16.0,c_parent,±20-50%,S1_v3_2_2B_extension,single_crystal,sample_form_conditional_median:single_crystal,20.0,1.0,,,,,5000,T_above_Tc,,,,,
Fe1S0.04Se0.96,iron_chalcogenide_11,mp-20311,,A1,9.58,3DSC_MP,16.0,c_parent,±20-50%,S1_v3_2_2B_extension,single_crystal,sample_form_conditional_median:single_crystal,20.0,5.0,,,,,5000,T_above_Tc,,,,,
Fe1S0.04Se0.96,iron_chalcogenide_11,mp-20311,,A1,9.58,3DSC_MP,16.0,c_parent,±20-50%,S1_v3_2_2B_extension,single_crystal,sample_form_conditional_median:single_crystal,7.3766,0.1,,,,,5000,H_below_validated_reduced_field,5.708996081470319,5.615949273985669,5.87372897745143,0.00625,
Fe1S0.04Se0.96,iron_chalcogenide_11,mp-20311,,A1,9.58,3DSC_MP,16.0,c_parent,±20-50%,S1_v3_2_2B_extension,single_crystal,sample_form_conditional_median:single_crystal,7.3766,1.0,,,,,5000,H_below_validated_reduced_field,5.67593803615329,5.581021891660599,5.843114178777213,0.0625,
Fe1S0.04Se0.96,iron_chalcogenide_11,mp-20311,,A1,9.58,3DSC_MP,16.0,c_parent,±20-50%,S1_v3_2_2B_extension,single_crystal,sample_form_conditional_median:single_crystal,7.3766,5.0,,,,,5000,family_fails_field_axis_validation,5.49383866194856,5.385886227949219,5.677237718906459,0.3125,
Fe1S0.09Se0.91,iron_chalcogenide_11,mp-20311,,A1,10.1,3DSC_MP,16.0,c_parent,±20-50%,S1_v3_2_2B_extension,single_crystal,sample_form_conditional_median:single_crystal,4.2,0.1,,,,,5000,H_below_validated_reduced_field,5.99788020316565,5.9654169680036055,6.176213825966855,0.00625,
Fe1S0.09Se0.91,iron_chalcogenide_11,mp-20311,,A1,10.1,3DSC_MP,16.0,c_parent,±20-50%,S1_v3_2_2B_extension,single_crystal,sample_form_conditional_median:single_crystal,4.2,1.0,,,,,5000,H_below_validated_reduced_field,5.96530304716595,5.929414599932982,6.142170975011203,0.0625,
Fe1S0.09Se0.91,iron_chalcogenide_11,mp-20311,,A1,10.1,3DSC_MP,16.0,c_parent,±20-50%,S1_v3_2_2B_extension,single_crystal,sample_form_conditional_median:single_crystal,4.2,5.0,,,,,5000,family_fails_field_axis_validation,5.794673986989771,5.734741744748328,5.984162150780839,0.3125,
Fe1S0.09Se0.91,iron_chalcogenide_11,mp-20311,,A1,10.1,3DSC_MP,16.0,c_parent,±20-50%,S1_v3_2_2B_extension,single_crystal,sample_form_conditional_median:single_crystal,20.0,0.1,,,,,5000,T_above_Tc,,,,,
Fe1S0.09Se0.91,iron_chalcogenide_11,mp-20311,,A1,10.1,3DSC_MP,16.0,c_parent,±20-50%,S1_v3_2_2B_extension,single_crystal,sample_form_conditional_median:single_crystal,20.0,1.0,,,,,5000,T_above_Tc,,,,,
Fe1S0.09Se0.91,iron_chalcogenide_11,mp-20311,,A1,10.1,3DSC_MP,16.0,c_parent,±20-50%,S1_v3_2_2B_extension,single_crystal,sample_form_conditional_median:single_crystal,20.0,5.0,,,,,5000,T_above_Tc,,,,,
Fe1S0.09Se0.91,iron_chalcogenide_11,mp-20311,,A1,10.1,3DSC_MP,16.0,c_parent,±20-50%,S1_v3_2_2B_extension,single_crystal,sample_form_conditional_median:single_crystal,7.777,0.1,,,,,5000,H_below_validated_reduced_field,5.697775814916272,5.597126661251756,5.874732433590308,0.00625,
Fe1S0.09Se0.91,iron_chalcogenide_11,mp-20311,,A1,10.1,3DSC_MP,16.0,c_parent,±20-50%,S1_v3_2_2B_extension,single_crystal,sample_form_conditional_median:single_crystal,7.777,1.0,,,,,5000,H_below_validated_reduced_field,5.665093547661131,5.562924679369547,5.841510287876459,0.0625,
Fe1S0.09Se0.91,iron_chalcogenide_11,mp-20311,,A1,10.1,3DSC_MP,16.0,c_parent,±20-50%,S1_v3_2_2B_extension,single_crystal,sample_form_conditional_median:single_crystal,7.777,5.0,,,,,5000,family_fails_field_axis_validation,5.480910863779309,5.367378653277124,5.669655802357601,0.3125,
Fe1S0.11Se0.89,iron_chalcogenide_11,mp-20311,,A1,10.7,3DSC_MP,16.0,c_parent,±20-50%,S1_v3_2_2B_extension,single_crystal,sample_form_conditional_median:single_crystal,4.2,0.1,,,,,5000,H_below_validated_reduced_field,5.99788020316565,5.9654169680036055,6.176213825966855,0.00625,
Fe1S0.11Se0.89,iron_chalcogenide_11,mp-20311,,A1,10.7,3DSC_MP,16.0,c_parent,±20-50%,S1_v3_2_2B_extension,single_crystal,sample_form_conditional_median:single_crystal,4.2,1.0,,,,,5000,H_below_validated_reduced_field,5.965038789852715,5.928876874462134,6.141532543090417,0.0625,
Fe1S0.11Se0.89,iron_chalcogenide_11,mp-20311,,A1,10.7,3DSC_MP,16.0,c_parent,±20-50%,S1_v3_2_2B_extension,single_crystal,sample_form_conditional_median:single_crystal,4.2,5.0,,,,,5000,family_fails_field_axis_validation,5.794483122214318,5.736024200224702,5.98233585896097,0.3125,
Fe1S0.11Se0.89,iron_chalcogenide_11,mp-20311,,A1,10.7,3DSC_MP,16.0,c_parent,±20-50%,S1_v3_2_2B_extension,single_crystal,sample_form_conditional_median:single_crystal,20.0,0.1,,,,,5000,T_above_Tc,,,,,
Fe1S0.11Se0.89,iron_chalcogenide_11,mp-20311,,A1,10.7,3DSC_MP,16.0,c_parent,±20-50%,S1_v3_2_2B_extension,single_crystal,sample_form_conditional_median:single_crystal,20.0,1.0,,,,,5000,T_above_Tc,,,,,
Fe1S0.11Se0.89,iron_chalcogenide_11,mp-20311,,A1,10.7,3DSC_MP,16.0,c_parent,±20-50%,S1_v3_2_2B_extension,single_crystal,sample_form_conditional_median:single_crystal,20.0,5.0,,,,,5000,T_above_Tc,,,,,
Fe1S0.11Se0.89,iron_chalcogenide_11,mp-20311,,A1,10.7,3DSC_MP,16.0,c_parent,±20-50%,S1_v3_2_2B_extension,single_crystal,sample_form_conditional_median:single_crystal,8.238999999999999,0.1,,,,,5000,H_below_validated_reduced_field,5.683577120383366,5.5786900752563255,5.863962276455263,0.00625,
Fe1S0.11Se0.89,iron_chalcogenide_11,mp-20311,,A1,10.7,3DSC_MP,16.0,c_parent,±20-50%,S1_v3_2_2B_extension,single_crystal,sample_form_conditional_median:single_crystal,8.238999999999999,1.0,,,,,5000,H_below_validated_reduced_field,5.649398717024972,5.545176770513652,5.832080891147923,0.0625,
Fe1S0.11Se0.89,iron_chalcogenide_11,mp-20311,,A1,10.7,3DSC_MP,16.0,c_parent,±20-50%,S1_v3_2_2B_extension,single_crystal,sample_form_conditional_median:single_crystal,8.238999999999999,5.0,,,,,5000,family_fails_field_axis_validation,5.467406436174751,5.3502045631744055,5.662976782596013,0.3125,
Fe1S0.12Te0.88,iron_chalcogenide_11,mp-21273,,A1,6.8,3DSC_MP,47.0,c_parent,±20-50%,S1_v3_2_2B_extension,single_crystal,sample_form_conditional_median:single_crystal,4.2,0.1,,,,,5000,H_below_validated_reduced_field,5.99788020316565,5.9654169680036055,6.176213825966855,0.002127659574468,
Fe1S0.12Te0.88,iron_chalcogenide_11,mp-21273,,A1,6.8,3DSC_MP,47.0,c_parent,±20-50%,S1_v3_2_2B_extension,single_crystal,sample_form_conditional_median:single_crystal,4.2,1.0,,,,,5000,H_below_validated_reduced_field,5.9867929215522775,5.953309062217193,6.164469506709773,0.0212765957446808,
Fe1S0.12Te0.88,iron_chalcogenide_11,mp-21273,,A1,6.8,3DSC_MP,47.0,c_parent,±20-50%,S1_v3_2_2B_extension,single_crystal,sample_form_conditional_median:single_crystal,4.2,5.0,,,,,5000,H_below_validated_reduced_field,5.938933606337035,5.897372186629297,6.110521930498953,0.1063829787234042,
Fe1S0.12Te0.88,iron_chalcogenide_11,mp-21273,,A1,6.8,3DSC_MP,47.0,c_parent,±20-50%,S1_v3_2_2B_extension,single_crystal,sample_form_conditional_median:single_crystal,20.0,0.1,,,,,5000,T_above_Tc,,,,,
Fe1S0.12Te0.88,iron_chalcogenide_11,mp-21273,,A1,6.8,3DSC_MP,47.0,c_parent,±20-50%,S1_v3_2_2B_extension,single_crystal,sample_form_conditional_median:single_crystal,20.0,1.0,,,,,5000,T_above_Tc,,,,,
Fe1S0.12Te0.88,iron_chalcogenide_11,mp-21273,,A1,6.8,3DSC_MP,47.0,c_parent,±20-50%,S1_v3_2_2B_extension,single_crystal,sample_form_conditional_median:single_crystal,20.0,5.0,,,,,5000,T_above_Tc,,,,,
Fe1S0.12Te0.88,iron_chalcogenide_11,mp-21273,,A1,6.8,3DSC_MP,47.0,c_parent,±20-50%,S1_v3_2_2B_extension,single_crystal,sample_form_conditional_median:single_crystal,5.236,0.1,,,,,5000,H_below_validated_reduced_field,5.8421528220433725,5.770075043849395,6.000225760757821,0.002127659574468,
Fe1S0.12Te0.88,iron_chalcogenide_11,mp-21273,,A1,6.8,3DSC_MP,47.0,c_parent,±20-50%,S1_v3_2_2B_extension,single_crystal,sample_form_conditional_median:single_crystal,5.236,1.0,,,,,5000,H_below_validated_reduced_field,5.830490886102018,5.758075431553488,5.98890262495736,0.0212765957446808,
Fe1S0.12Te0.88,iron_chalcogenide_11,mp-21273,,A1,6.8,3DSC_MP,47.0,c_parent,±20-50%,S1_v3_2_2B_extension,single_crystal,sample_form_conditional_median:single_crystal,5.236,5.0,,,,,5000,H_below_validated_reduced_field,5.775115788145889,5.702649356637473,5.938445401446892,0.1063829787234042,
Fe1S0.1Se0.9,iron_chalcogenide_11,mp-20311,,A1,10.27,3DSC_MP,16.0,c_parent,±20-50%,S1_v3_2_2B_extension,single_crystal,sample_form_conditional_median:single_crystal,4.2,0.1,,,,,5000,H_below_validated_reduced_field,5.99788020316565,5.9654169680036055,6.176213825966855,0.00625,
Fe1S0.1Se0.9,iron_chalcogenide_11,mp-20311,,A1,10.27,3DSC_MP,16.0,c_parent,±20-50%,S1_v3_2_2B_extension,single_crystal,sample_form_conditional_median:single_crystal,4.2,1.0,,,,,5000,H_below_validated_reduced_field,5.96530304716595,5.929665462604227,6.1421549292514985,0.0625,
Fe1S0.1Se0.9,iron_chalcogenide_11,mp-20311,,A1,10.27,3DSC_MP,16.0,c_parent,±20-50%,S1_v3_2_2B_extension,single_crystal,sample_form_conditional_median:single_crystal,4.2,5.0,,,,,5000,family_fails_field_axis_validation,5.794483122214318,5.734697267184831,5.977892494774907,0.3125,
Fe1S0.1Se0.9,iron_chalcogenide_11,mp-20311,,A1,10.27,3DSC_MP,16.0,c_parent,±20-50%,S1_v3_2_2B_extension,single_crystal,sample_form_conditional_median:single_crystal,20.0,0.1,,,,,5000,T_above_Tc,,,,,
Fe1S0.1Se0.9,iron_chalcogenide_11,mp-20311,,A1,10.27,3DSC_MP,16.0,c_parent,±20-50%,S1_v3_2_2B_extension,single_crystal,sample_form_conditional_median:single_crystal,20.0,1.0,,,,,5000,T_above_Tc,,,,,
Fe1S0.1Se0.9,iron_chalcogenide_11,mp-20311,,A1,10.27,3DSC_MP,16.0,c_parent,±20-50%,S1_v3_2_2B_extension,single_crystal,sample_form_conditional_median:single_crystal,20.0,5.0,,,,,5000,T_above_Tc,,,,,
Fe1S0.1Se0.9,iron_chalcogenide_11,mp-20311,,A1,10.27,3DSC_MP,16.0,c_parent,±20-50%,S1_v3_2_2B_extension,single_crystal,sample_form_conditional_median:single_crystal,7.9079,0.1,,,,,5000,H_below_validated_reduced_field,5.692643643609175,5.59262103510468,5.864784315083119,0.00625,
Fe1S0.1Se0.9,iron_chalcogenide_11,mp-20311,,A1,10.27,3DSC_MP,16.0,c_parent,±20-50%,S1_v3_2_2B_extension,single_crystal,sample_form_conditional_median:single_crystal,7.9079,1.0,,,,,5000,H_below_validated_reduced_field,5.659624161344798,5.5582034073428455,5.830354950791143,0.0625,
Fe1S0.1Se0.9,iron_chalcogenide_11,mp-20311,,A1,10.27,3DSC_MP,16.0,c_parent,±20-50%,S1_v3_2_2B_extension,single_crystal,sample_form_conditional_median:single_crystal,7.9079,5.0,,,,,5000,family_fails_field_axis_validation,5.474860094234339,5.363712676245793,5.662913787443027,0.3125,
Fe1S0.1Te0.9,iron_chalcogenide_11,mp-21273,,A1,10.0,3DSC_MP,47.0,c_parent,±20-50%,S1_v3_2_2B_extension,single_crystal,sample_form_conditional_median:single_crystal,4.2,0.1,,,,,5000,H_below_validated_reduced_field,5.99788020316565,5.9654169680036055,6.176213825966855,0.002127659574468,
Fe1S0.1Te0.9,iron_chalcogenide_11,mp-21273,,A1,10.0,3DSC_MP,47.0,c_parent,±20-50%,S1_v3_2_2B_extension,single_crystal,sample_form_conditional_median:single_crystal,4.2,1.0,,,,,5000,H_below_validated_reduced_field,5.986959380957325,5.953469432427636,6.164469506709773,0.0212765957446808,
Fe1S0.1Te0.9,iron_chalcogenide_11,mp-21273,,A1,10.0,3DSC_MP,47.0,c_parent,±20-50%,S1_v3_2_2B_extension,single_crystal,sample_form_conditional_median:single_crystal,4.2,5.0,,,,,5000,H_below_validated_reduced_field,5.939009036729689,5.898393991070364,6.1093900702487485,0.1063829787234042,
Fe1S0.1Te0.9,iron_chalcogenide_11,mp-21273,,A1,10.0,3DSC_MP,47.0,c_parent,±20-50%,S1_v3_2_2B_extension,single_crystal,sample_form_conditional_median:single_crystal,20.0,0.1,,,,,5000,T_above_Tc,,,,,
Fe1S0.1Te0.9,iron_chalcogenide_11,mp-21273,,A1,10.0,3DSC_MP,47.0,c_parent,±20-50%,S1_v3_2_2B_extension,single_crystal,sample_form_conditional_median:single_crystal,20.0,1.0,,,,,5000,T_above_Tc,,,,,
Fe1S0.1Te0.9,iron_chalcogenide_11,mp-21273,,A1,10.0,3DSC_MP,47.0,c_parent,±20-50%,S1_v3_2_2B_extension,single_crystal,sample_form_conditional_median:single_crystal,20.0,5.0,,,,,5000,T_above_Tc,,,,,
Fe1S0.1Te0.9,iron_chalcogenide_11,mp-21273,,A1,10.0,3DSC_MP,47.0,c_parent,±20-50%,S1_v3_2_2B_extension,single_crystal,sample_form_conditional_median:single_crystal,7.7,0.1,,,,,5000,H_below_validated_reduced_field,5.702624053851948,5.599922243394935,5.870498626506607,0.002127659574468,
Fe1S0.1Te0.9,iron_chalcogenide_11,mp-21273,,A1,10.0,3DSC_MP,47.0,c_parent,±20-50%,S1_v3_2_2B_extension,single_crystal,sample_form_conditional_median:single_crystal,7.7,1.0,,,,,5000,H_below_validated_reduced_field,5.691319872317742,5.589273001265749,5.858532376102464,0.0212765957446808,
Fe1S0.1Te0.9,iron_chalcogenide_11,mp-21273,,A1,10.0,3DSC_MP,47.0,c_parent,±20-50%,S1_v3_2_2B_extension,single_crystal,sample_form_conditional_median:single_crystal,7.7,5.0,,,,,5000,H_below_validated_reduced_field,5.639075452672245,5.534990568569001,5.809727688584971,0.1063829787234042,
Fe1Se0.05Te0.95,iron_chalcogenide_11,mp-21273,,A1,3.35,3DSC_MP,47.0,c_parent,±20-50%,S1_v3_2_2B_extension,single_crystal,sample_form_conditional_median:single_crystal,4.2,0.1,,,,,5000,T_above_Tc,,,,,
Fe1Se0.05Te0.95,iron_chalcogenide_11,mp-21273,,A1,3.35,3DSC_MP,47.0,c_parent,±20-50%,S1_v3_2_2B_extension,single_crystal,sample_form_conditional_median:single_crystal,4.2,1.0,,,,,5000,T_above_Tc,,,,,
Fe1Se0.05Te0.95,iron_chalcogenide_11,mp-21273,,A1,3.35,3DSC_MP,47.0,c_parent,±20-50%,S1_v3_2_2B_extension,single_crystal,sample_form_conditional_median:single_crystal,4.2,5.0,,,,,5000,T_above_Tc,,,,,
Fe1Se0.05Te0.95,iron_chalcogenide_11,mp-21273,,A1,3.35,3DSC_MP,47.0,c_parent,±20-50%,S1_v3_2_2B_extension,single_crystal,sample_form_conditional_median:single_crystal,20.0,0.1,,,,,5000,T_above_Tc,,,,,
Fe1Se0.05Te0.95,iron_chalcogenide_11,mp-21273,,A1,3.35,3DSC_MP,47.0,c_parent,±20-50%,S1_v3_2_2B_extension,single_crystal,sample_form_conditional_median:single_crystal,20.0,1.0,,,,,5000,T_above_Tc,,,,,
Fe1Se0.05Te0.95,iron_chalcogenide_11,mp-21273,,A1,3.35,3DSC_MP,47.0,c_parent,±20-50%,S1_v3_2_2B_extension,single_crystal,sample_form_conditional_median:single_crystal,20.0,5.0,,,,,5000,T_above_Tc,,,,,
Fe1Se0.05Te0.95,iron_chalcogenide_11,mp-21273,,A1,3.35,3DSC_MP,47.0,c_parent,±20-50%,S1_v3_2_2B_extension,single_crystal,sample_form_conditional_median:single_crystal,2.5795000000000003,0.1,,,,,5000,H_below_validated_reduced_field,13.406126701611544,10.769388800148835,14.1342087563703,0.002127659574468,
Fe1Se0.05Te0.95,iron_chalcogenide_11,mp-21273,,A1,3.35,3DSC_MP,47.0,c_parent,±20-50%,S1_v3_2_2B_extension,single_crystal,sample_form_conditional_median:single_crystal,2.5795000000000003,1.0,,,,,5000,H_below_validated_reduced_field,13.394591704758309,10.757529432379652,14.123780648787928,0.0212765957446808,
Fe1Se0.05Te0.95,iron_chalcogenide_11,mp-21273,,A1,3.35,3DSC_MP,47.0,c_parent,±20-50%,S1_v3_2_2B_extension,single_crystal,sample_form_conditional_median:single_crystal,2.5795000000000003,5.0,,,,,5000,H_below_validated_reduced_field,13.340877091102357,10.701183046479304,14.077158051551944,0.1063829787234042,
Fe1Se0.075Te0.925,iron_chalcogenide_11,mp-21273,,A1,11.5,3DSC_MP,47.0,c_parent,±20-50%,S1_v3_2_2B_extension,single_crystal,sample_form_conditional_median:single_crystal,4.2,0.1,,,,,5000,H_below_validated_reduced_field,5.99788020316565,5.9654169680036055,6.176213825966855,0.002127659574468,
Fe1Se0.075Te0.925,iron_chalcogenide_11,mp-21273,,A1,11.5,3DSC_MP,47.0,c_parent,±20-50%,S1_v3_2_2B_extension,single_crystal,sample_form_conditional_median:single_crystal,4.2,1.0,,,,,5000,H_below_validated_reduced_field,5.986745393491715,5.953619977866262,6.164655033877475,0.0212765957446808,
Fe1Se0.075Te0.925,iron_chalcogenide_11,mp-21273,,A1,11.5,3DSC_MP,47.0,c_parent,±20-50%,S1_v3_2_2B_extension,single_crystal,sample_form_conditional_median:single_crystal,4.2,5.0,,,,,5000,H_below_validated_reduced_field,5.937017118472056,5.898255002298896,6.111720083216756,0.1063829787234042,
Fe1Se0.075Te0.925,iron_chalcogenide_11,mp-21273,,A1,11.5,3DSC_MP,47.0,c_parent,±20-50%,S1_v3_2_2B_extension,single_crystal,sample_form_conditional_median:single_crystal,20.0,0.1,,,,,5000,T_above_Tc,,,,,
Fe1Se0.075Te0.925,iron_chalcogenide_11,mp-21273,,A1,11.5,3DSC_MP,47.0,c_parent,±20-50%,S1_v3_2_2B_extension,single_crystal,sample_form_conditional_median:single_crystal,20.0,1.0,,,,,5000,T_above_Tc,,,,,
Fe1Se0.075Te0.925,iron_chalcogenide_11,mp-21273,,A1,11.5,3DSC_MP,47.0,c_parent,±20-50%,S1_v3_2_2B_extension,single_crystal,sample_form_conditional_median:single_crystal,20.0,5.0,,,,,5000,T_above_Tc,,,,,
Fe1Se0.075Te0.925,iron_chalcogenide_11,mp-21273,,A1,11.5,3DSC_MP,47.0,c_parent,±20-50%,S1_v3_2_2B_extension,single_crystal,sample_form_conditional_median:single_crystal,8.855,0.1,,,,,5000,H_below_validated_reduced_field,5.669157400431583,5.562111395700157,5.852719214477706,0.002127659574468,
Fe1Se0.075Te0.925,iron_chalcogenide_11,mp-21273,,A1,11.5,3DSC_MP,47.0,c_parent,±20-50%,S1_v3_2_2B_extension,single_crystal,sample_form_conditional_median:single_crystal,8.855,1.0,,,,,5000,H_below_validated_reduced_field,5.657410255067217,5.550800517867104,5.842298162048055,0.0212765957446808,
Fe1Se0.075Te0.925,iron_chalcogenide_11,mp-21273,,A1,11.5,3DSC_MP,47.0,c_parent,±20-50%,S1_v3_2_2B_extension,single_crystal,sample_form_conditional_median:single_crystal,8.855,5.0,,,,,5000,H_below_validated_reduced_field,5.603019485062447,5.49603134896671,5.790791564672008,0.1063829787234042,
Fe1Se0.07Te0.93,iron_chalcogenide_11,mp-21273,,A1,8.2,3DSC_MP,47.0,c_parent,±20-50%,S1_v3_2_2B_extension,single_crystal,sample_form_conditional_median:single_crystal,4.2,0.1,,,,,5000,H_below_validated_reduced_field,5.99788020316565,5.9654169680036055,6.176213825966855,0.002127659574468,
Fe1Se0.07Te0.93,iron_chalcogenide_11,mp-21273,,A1,8.2,3DSC_MP,47.0,c_parent,±20-50%,S1_v3_2_2B_extension,single_crystal,sample_form_conditional_median:single_crystal,4.2,1.0,,,,,5000,H_below_validated_reduced_field,5.986593027493477,5.952946695956383,6.164684062173716,0.0212765957446808,
Fe1Se0.07Te0.93,iron_chalcogenide_11,mp-21273,,A1,8.2,3DSC_MP,47.0,c_parent,±20-50%,S1_v3_2_2B_extension,single_crystal,sample_form_conditional_median:single_crystal,4.2,5.0,,,,,5000,H_below_validated_reduced_field,5.936826253696603,5.898532979841832,6.111714023192824,0.1063829787234042,
Fe1Se0.07Te0.93,iron_chalcogenide_11,mp-21273,,A1,8.2,3DSC_MP,47.0,c_parent,±20-50%,S1_v3_2_2B_extension,single_crystal,sample_form_conditional_median:single_crystal,20.0,0.1,,,,,5000,T_above_Tc,,,,,
Fe1Se0.07Te0.93,iron_chalcogenide_11,mp-21273,,A1,8.2,3DSC_MP,47.0,c_parent,±20-50%,S1_v3_2_2B_extension,single_crystal,sample_form_conditional_median:single_crystal,20.0,1.0,,,,,5000,T_above_Tc,,,,,
Fe1Se0.07Te0.93,iron_chalcogenide_11,mp-21273,,A1,8.2,3DSC_MP,47.0,c_parent,±20-50%,S1_v3_2_2B_extension,single_crystal,sample_form_conditional_median:single_crystal,20.0,5.0,,,,,5000,T_above_Tc,,,,,
Fe1Se0.07Te0.93,iron_chalcogenide_11,mp-21273,,A1,8.2,3DSC_MP,47.0,c_parent,±20-50%,S1_v3_2_2B_extension,single_crystal,sample_form_conditional_median:single_crystal,6.313999999999999,0.1,,,,,5000,H_below_validated_reduced_field,5.75683782589076,5.671381142364888,5.922980765997914,0.002127659574468,
Fe1Se0.07Te0.93,iron_chalcogenide_11,mp-21273,,A1,8.2,3DSC_MP,47.0,c_parent,±20-50%,S1_v3_2_2B_extension,single_crystal,sample_form_conditional_median:single_crystal,6.313999999999999,1.0,,,,,5000,H_below_validated_reduced_field,5.747118571638639,5.660019085808383,5.912766078350207,0.0212765957446808,
Fe1Se0.07Te0.93,iron_chalcogenide_11,mp-21273,,A1,8.2,3DSC_MP,47.0,c_parent,±20-50%,S1_v3_2_2B_extension,single_crystal,sample_form_conditional_median:single_crystal,6.313999999999999,5.0,,,,,5000,H_below_validated_reduced_field,5.694796007305458,5.6039998767504375,5.861322802319188,0.1063829787234042,
Fe1Se0.13Te0.87,iron_chalcogenide_11,mp-21273,,A1,6.0,3DSC_MP,47.0,c_parent,±20-50%,S1_v3_2_2B_extension,single_crystal,sample_form_conditional_median:single_crystal,4.2,0.1,,,,,5000,H_below_validated_reduced_field,5.99788020316565,5.9654169680036055,6.176213825966855,0.002127659574468,
Fe1Se0.13Te0.87,iron_chalcogenide_11,mp-21273,,A1,6.0,3DSC_MP,47.0,c_parent,±20-50%,S1_v3_2_2B_extension,single_crystal,sample_form_conditional_median:single_crystal,4.2,1.0,,,,,5000,H_below_validated_reduced_field,5.986768516181872,5.953262222106843,6.165526731532781,0.0212765957446808,
Fe1Se0.13Te0.87,iron_chalcogenide_11,mp-21273,,A1,6.0,3DSC_MP,47.0,c_parent,±20-50%,S1_v3_2_2B_extension,single_crystal,sample_form_conditional_median:single_crystal,4.2,5.0,,,,,5000,H_below_validated_reduced_field,5.937207983247509,5.897361369176324,6.114174542954605,0.1063829787234042,
Fe1Se0.13Te0.87,iron_chalcogenide_11,mp-21273,,A1,6.0,3DSC_MP,47.0,c_parent,±20-50%,S1_v3_2_2B_extension,single_crystal,sample_form_conditional_median:single_crystal,20.0,0.1,,,,,5000,T_above_Tc,,,,,
Fe1Se0.13Te0.87,iron_chalcogenide_11,mp-21273,,A1,6.0,3DSC_MP,47.0,c_parent,±20-50%,S1_v3_2_2B_extension,single_crystal,sample_form_conditional_median:single_crystal,20.0,1.0,,,,,5000,T_above_Tc,,,,,
Fe1Se0.13Te0.87,iron_chalcogenide_11,mp-21273,,A1,6.0,3DSC_MP,47.0,c_parent,±20-50%,S1_v3_2_2B_extension,single_crystal,sample_form_conditional_median:single_crystal,20.0,5.0,,,,,5000,T_above_Tc,,,,,
Fe1Se0.13Te0.87,iron_chalcogenide_11,mp-21273,,A1,6.0,3DSC_MP,47.0,c_parent,±20-50%,S1_v3_2_2B_extension,single_crystal,sample_form_conditional_median:single_crystal,4.62,0.1,,,,,5000,H_below_validated_reduced_field,5.916490502849535,5.863879111802604,6.095177091138978,0.002127659574468,
Fe1Se0.13Te0.87,iron_chalcogenide_11,mp-21273,,A1,6.0,3DSC_MP,47.0,c_parent,±20-50%,S1_v3_2_2B_extension,single_crystal,sample_form_conditional_median:single_crystal,4.62,1.0,,,,,5000,H_below_validated_reduced_field,5.904955505804197,5.853087010781182,6.082806803386912,0.0212765957446808,
Fe1Se0.13Te0.87,iron_chalcogenide_11,mp-21273,,A1,6.0,3DSC_MP,47.0,c_parent,±20-50%,S1_v3_2_2B_extension,single_crystal,sample_form_conditional_median:single_crystal,4.62,5.0,,,,,5000,H_below_validated_reduced_field,5.851487859612931,5.799096167380397,6.026617951613328,0.1063829787234042,
Fe1Se0.1Te0.9,iron_chalcogenide_11,mp-21273,,A1,9.816666665,3DSC_MP,47.0,c_parent,±20-50%,S1_v3_2_2B_extension,single_crystal,sample_form_conditional_median:single_crystal,4.2,0.1,,,,,5000,H_below_validated_reduced_field,5.99788020316565,5.9654169680036055,6.176213825966855,0.002127659574468,
Fe1Se0.1Te0.9,iron_chalcogenide_11,mp-21273,,A1,9.816666665,3DSC_MP,47.0,c_parent,±20-50%,S1_v3_2_2B_extension,single_crystal,sample_form_conditional_median:single_crystal,4.2,1.0,,,,,5000,H_below_validated_reduced_field,5.986540697909593,5.953106456032565,6.164421306103224,0.0212765957446808,
Fe1Se0.1Te0.9,iron_chalcogenide_11,mp-21273,,A1,9.816666665,3DSC_MP,47.0,c_parent,±20-50%,S1_v3_2_2B_extension,single_crystal,sample_form_conditional_median:single_crystal,4.2,5.0,,,,,5000,H_below_validated_reduced_field,5.936137001369254,5.897743615421821,6.110383983119559,0.1063829787234042,
Fe1Se0.1Te0.9,iron_chalcogenide_11,mp-21273,,A1,9.816666665,3DSC_MP,47.0,c_parent,±20-50%,S1_v3_2_2B_extension,single_crystal,sample_form_conditional_median:single_crystal,20.0,0.1,,,,,5000,T_above_Tc,,,,,
Fe1Se0.1Te0.9,iron_chalcogenide_11,mp-21273,,A1,9.816666665,3DSC_MP,47.0,c_parent,±20-50%,S1_v3_2_2B_extension,single_crystal,sample_form_conditional_median:single_crystal,20.0,1.0,,,,,5000,T_above_Tc,,,,,
Fe1Se0.1Te0.9,iron_chalcogenide_11,mp-21273,,A1,9.816666665,3DSC_MP,47.0,c_parent,±20-50%,S1_v3_2_2B_extension,single_crystal,sample_form_conditional_median:single_crystal,20.0,5.0,,,,,5000,T_above_Tc,,,,,
Fe1Se0.1Te0.9,iron_chalcogenide_11,mp-21273,,A1,9.816666665,3DSC_MP,47.0,c_parent,±20-50%,S1_v3_2_2B_extension,single_crystal,sample_form_conditional_median:single_crystal,7.55883333205,0.1,,,,,5000,H_below_validated_reduced_field,5.706701387307562,5.60703236340948,5.874624376243627,0.002127659574468,
Fe1Se0.1Te0.9,iron_chalcogenide_11,mp-21273,,A1,9.816666665,3DSC_MP,47.0,c_parent,±20-50%,S1_v3_2_2B_extension,single_crystal,sample_form_conditional_median:single_crystal,7.55883333205,1.0,,,,,5000,H_below_validated_reduced_field,5.695265561190494,5.59569100730891,5.862831856379996,0.0212765957446808,
Fe1Se0.1Te0.9,iron_chalcogenide_11,mp-21273,,A1,9.816666665,3DSC_MP,47.0,c_parent,±20-50%,S1_v3_2_2B_extension,single_crystal,sample_form_conditional_median:single_crystal,7.55883333205,5.0,,,,,5000,H_below_validated_reduced_field,5.642038187319823,5.540403292514222,5.810634236297519,0.1063829787234042,
Fe1Se0.8,iron_chalcogenide_11,mp-20311,,A1,8.65,3DSC_MP,16.0,c_parent,±20-50%,S1_v3_2_2B_extension,single_crystal,sample_form_conditional_median:single_crystal,4.2,0.1,,,,,5000,H_below_validated_reduced_field,5.99788020316565,5.9654169680036055,6.176213825966855,0.00625,
Fe1Se0.8,iron_chalcogenide_11,mp-20311,,A1,8.65,3DSC_MP,16.0,c_parent,±20-50%,S1_v3_2_2B_extension,single_crystal,sample_form_conditional_median:single_crystal,4.2,1.0,,,,,5000,H_below_validated_reduced_field,5.964096862972119,5.929952325403831,6.140895968442644,0.0625,
Fe1Se0.8,iron_chalcogenide_11,mp-20311,,A1,8.65,3DSC_MP,16.0,c_parent,±20-50%,S1_v3_2_2B_extension,single_crystal,sample_form_conditional_median:single_crystal,4.2,5.0,,,,,5000,family_fails_field_axis_validation,5.79310461755962,5.73438052199131,5.981871811131597,0.3125,
Fe1Se0.8,iron_chalcogenide_11,mp-20311,,A1,8.65,3DSC_MP,16.0,c_parent,±20-50%,S1_v3_2_2B_extension,single_crystal,sample_form_conditional_median:single_crystal,20.0,0.1,,,,,5000,T_above_Tc,,,,,
Fe1Se0.8,iron_chalcogenide_11,mp-20311,,A1,8.65,3DSC_MP,16.0,c_parent,±20-50%,S1_v3_2_2B_extension,single_crystal,sample_form_conditional_median:single_crystal,20.0,1.0,,,,,5000,T_above_Tc,,,,,
Fe1Se0.8,iron_chalcogenide_11,mp-20311,,A1,8.65,3DSC_MP,16.0,c_parent,±20-50%,S1_v3_2_2B_extension,single_crystal,sample_form_conditional_median:single_crystal,20.0,5.0,,,,,5000,T_above_Tc,,,,,
Fe1Se0.8,iron_chalcogenide_11,mp-20311,,A1,8.65,3DSC_MP,16.0,c_parent,±20-50%,S1_v3_2_2B_extension,single_crystal,sample_form_conditional_median:single_crystal,6.660500000000001,0.1,,,,,5000,H_below_validated_reduced_field,5.738153999998746,5.651515093374252,5.906518329577915,0.00625,
Fe1Se0.8,iron_chalcogenide_11,mp-20311,,A1,8.65,3DSC_MP,16.0,c_parent,±20-50%,S1_v3_2_2B_extension,single_crystal,sample_form_conditional_median:single_crystal,6.660500000000001,1.0,,,,,5000,H_below_validated_reduced_field,5.704230524386052,5.615585682602555,5.872490242601551,0.0625,
Fe1Se0.8,iron_chalcogenide_11,mp-20311,,A1,8.65,3DSC_MP,16.0,c_parent,±20-50%,S1_v3_2_2B_extension,single_crystal,sample_form_conditional_median:single_crystal,6.660500000000001,5.0,,,,,5000,family_fails_field_axis_validation,5.521918055234496,5.419815134578966,5.706927702923549,0.3125,
Fe1Se0.82,iron_chalcogenide_11,mp-20311,,A1,7.83,3DSC_MP,16.0,c_parent,±20-50%,S1_v3_2_2B_extension,single_crystal,sample_form_conditional_median:single_crystal,4.2,0.1,,,,,5000,H_below_validated_reduced_field,5.99788020316565,5.9654169680036055,6.176213825966855,0.00625,
Fe1Se0.82,iron_chalcogenide_11,mp-20311,,A1,7.83,3DSC_MP,16.0,c_parent,±20-50%,S1_v3_2_2B_extension,single_crystal,sample_form_conditional_median:single_crystal,4.2,1.0,,,,,5000,H_below_validated_reduced_field,5.965112182390497,5.927916004191982,6.140895968442644,0.0625,
Fe1Se0.82,iron_chalcogenide_11,mp-20311,,A1,7.83,3DSC_MP,16.0,c_parent,±20-50%,S1_v3_2_2B_extension,single_crystal,sample_form_conditional_median:single_crystal,4.2,5.0,,,,,5000,family_fails_field_axis_validation,5.794673986989771,5.73438052199131,5.976424202724572,0.3125,
Fe1Se0.82,iron_chalcogenide_11,mp-20311,,A1,7.83,3DSC_MP,16.0,c_parent,±20-50%,S1_v3_2_2B_extension,single_crystal,sample_form_conditional_median:single_crystal,20.0,0.1,,,,,5000,T_above_Tc,,,,,
Fe1Se0.82,iron_chalcogenide_11,mp-20311,,A1,7.83,3DSC_MP,16.0,c_parent,±20-50%,S1_v3_2_2B_extension,single_crystal,sample_form_conditional_median:single_crystal,20.0,1.0,,,,,5000,T_above_Tc,,,,,
Fe1Se0.82,iron_chalcogenide_11,mp-20311,,A1,7.83,3DSC_MP,16.0,c_parent,±20-50%,S1_v3_2_2B_extension,single_crystal,sample_form_conditional_median:single_crystal,20.0,5.0,,,,,5000,T_above_Tc,,,,,
Fe1Se0.82,iron_chalcogenide_11,mp-20311,,A1,7.83,3DSC_MP,16.0,c_parent,±20-50%,S1_v3_2_2B_extension,single_crystal,sample_form_conditional_median:single_crystal,6.029100000000001,0.1,,,,,5000,H_below_validated_reduced_field,5.7723332389524895,5.69251516750311,5.938372725427067,0.00625,
Fe1Se0.82,iron_chalcogenide_11,mp-20311,,A1,7.83,3DSC_MP,16.0,c_parent,±20-50%,S1_v3_2_2B_extension,single_crystal,sample_form_conditional_median:single_crystal,6.029100000000001,1.0,,,,,5000,H_below_validated_reduced_field,5.7420035244886005,5.6570886641605735,5.904329017653565,0.0625,
Fe1Se0.82,iron_chalcogenide_11,mp-20311,,A1,7.83,3DSC_MP,16.0,c_parent,±20-50%,S1_v3_2_2B_extension,single_crystal,sample_form_conditional_median:single_crystal,6.029100000000001,5.0,,,,,5000,family_fails_field_axis_validation,5.557384223027061,5.461761035525576,5.74008003318159,0.3125,
Fe1Se0.85,iron_chalcogenide_11,mp-20311,,A1,9.62,3DSC_MP,16.0,c_parent,±20-50%,S1_v3_2_2B_extension,single_crystal,sample_form_conditional_median:single_crystal,4.2,0.1,,,,,5000,H_below_validated_reduced_field,5.99788020316565,5.9654169680036055,6.176213825966855,0.00625,
Fe1Se0.85,iron_chalcogenide_11,mp-20311,,A1,9.62,3DSC_MP,16.0,c_parent,±20-50%,S1_v3_2_2B_extension,single_crystal,sample_form_conditional_median:single_crystal,4.2,1.0,,,,,5000,H_below_validated_reduced_field,5.965112182390497,5.928876874462134,6.141525448847071,0.0625,
Fe1Se0.85,iron_chalcogenide_11,mp-20311,,A1,9.62,3DSC_MP,16.0,c_parent,±20-50%,S1_v3_2_2B_extension,single_crystal,sample_form_conditional_median:single_crystal,4.2,5.0,,,,,5000,family_fails_field_axis_validation,5.794483122214318,5.734702208800174,5.981983149751032,0.3125,
Fe1Se0.85,iron_chalcogenide_11,mp-20311,,A1,9.62,3DSC_MP,16.0,c_parent,±20-50%,S1_v3_2_2B_extension,single_crystal,sample_form_conditional_median:single_crystal,20.0,0.1,,,,,5000,T_above_Tc,,,,,
Fe1Se0.85,iron_chalcogenide_11,mp-20311,,A1,9.62,3DSC_MP,16.0,c_parent,±20-50%,S1_v3_2_2B_extension,single_crystal,sample_form_conditional_median:single_crystal,20.0,1.0,,,,,5000,T_above_Tc,,,,,
Fe1Se0.85,iron_chalcogenide_11,mp-20311,,A1,9.62,3DSC_MP,16.0,c_parent,±20-50%,S1_v3_2_2B_extension,single_crystal,sample_form_conditional_median:single_crystal,20.0,5.0,,,,,5000,T_above_Tc,,,,,
Fe1Se0.85,iron_chalcogenide_11,mp-20311,,A1,9.62,3DSC_MP,16.0,c_parent,±20-50%,S1_v3_2_2B_extension,single_crystal,sample_form_conditional_median:single_crystal,7.4074,0.1,,,,,5000,H_below_validated_reduced_field,5.707851897565487,5.61231913898874,5.886280952754418,0.00625,
Fe1Se0.85,iron_chalcogenide_11,mp-20311,,A1,9.62,3DSC_MP,16.0,c_parent,±20-50%,S1_v3_2_2B_extension,single_crystal,sample_form_conditional_median:single_crystal,7.4074,1.0,,,,,5000,H_below_validated_reduced_field,5.673762453970569,5.579659316712973,5.854171625835203,0.0625,
Fe1Se0.85,iron_chalcogenide_11,mp-20311,,A1,9.62,3DSC_MP,16.0,c_parent,±20-50%,S1_v3_2_2B_extension,single_crystal,sample_form_conditional_median:single_crystal,7.4074,5.0,,,,,5000,family_fails_field_axis_validation,5.492142007250595,5.383688179514121,5.685173295735714,0.3125,
Fe1Se0.88,iron_chalcogenide_11,mp-20311,,A1,8.843333333,3DSC_MP,16.0,c_parent,±20-50%,S1_v3_2_2B_extension,single_crystal,sample_form_conditional_median:single_crystal,4.2,0.1,,,,,5000,H_below_validated_reduced_field,5.99788020316565,5.96437031215008,6.176213825966855,0.00625,
Fe1Se0.88,iron_chalcogenide_11,mp-20311,,A1,8.843333333,3DSC_MP,16.0,c_parent,±20-50%,S1_v3_2_2B_extension,single_crystal,sample_form_conditional_median:single_crystal,4.2,1.0,,,,,5000,H_below_validated_reduced_field,5.965266350897059,5.928934164797906,6.14145205630929,0.0625,
Fe1Se0.88,iron_chalcogenide_11,mp-20311,,A1,8.843333333,3DSC_MP,16.0,c_parent,±20-50%,S1_v3_2_2B_extension,single_crystal,sample_form_conditional_median:single_crystal,4.2,5.0,,,,,5000,family_fails_field_axis_validation,5.794483122214318,5.734702208800174,5.977894277008013,0.3125,
Fe1Se0.88,iron_chalcogenide_11,mp-20311,,A1,8.843333333,3DSC_MP,16.0,c_parent,±20-50%,S1_v3_2_2B_extension,single_crystal,sample_form_conditional_median:single_crystal,20.0,0.1,,,,,5000,T_above_Tc,,,,,
Fe1Se0.88,iron_chalcogenide_11,mp-20311,,A1,8.843333333,3DSC_MP,16.0,c_parent,±20-50%,S1_v3_2_2B_extension,single_crystal,sample_form_conditional_median:single_crystal,20.0,1.0,,,,,5000,T_above_Tc,,,,,
Fe1Se0.88,iron_chalcogenide_11,mp-20311,,A1,8.843333333,3DSC_MP,16.0,c_parent,±20-50%,S1_v3_2_2B_extension,single_crystal,sample_form_conditional_median:single_crystal,20.0,5.0,,,,,5000,T_above_Tc,,,,,
Fe1Se0.88,iron_chalcogenide_11,mp-20311,,A1,8.843333333,3DSC_MP,16.0,c_parent,±20-50%,S1_v3_2_2B_extension,single_crystal,sample_form_conditional_median:single_crystal,6.809366666410001,0.1,,,,,5000,H_below_validated_reduced_field,5.730947315187859,5.641499550678558,5.909090073213611,0.00625,
Fe1Se0.88,iron_chalcogenide_11,mp-20311,,A1,8.843333333,3DSC_MP,16.0,c_parent,±20-50%,S1_v3_2_2B_extension,single_crystal,sample_form_conditional_median:single_crystal,6.809366666410001,1.0,,,,,5000,H_below_validated_reduced_field,5.699069411730343,5.60734829723323,5.874690111803034,0.0625,
Fe1Se0.88,iron_chalcogenide_11,mp-20311,,A1,8.843333333,3DSC_MP,16.0,c_parent,±20-50%,S1_v3_2_2B_extension,single_crystal,sample_form_conditional_median:single_crystal,6.809366666410001,5.0,,,,,5000,family_fails_field_axis_validation,5.516555923994941,5.410994510661727,5.709707464562621,0.3125,
Fe1Se0.92,iron_chalcogenide_11,mp-20311,,A1,7.4,3DSC_MP,16.0,c_parent,±20-50%,S1_v3_2_2B_extension,single_crystal,sample_form_conditional_median:single_crystal,4.2,0.1,,,,,5000,H_below_validated_reduced_field,5.99788020316565,5.9654169680036055,6.176213825966855,0.00625,
Fe1Se0.92,iron_chalcogenide_11,mp-20311,,A1,7.4,3DSC_MP,16.0,c_parent,±20-50%,S1_v3_2_2B_extension,single_crystal,sample_form_conditional_median:single_crystal,4.2,1.0,,,,,5000,H_below_validated_reduced_field,5.965550798019471,5.930099110479395,6.140441777894957,0.0625,
Fe1Se0.92,iron_chalcogenide_11,mp-20311,,A1,7.4,3DSC_MP,16.0,c_parent,±20-50%,S1_v3_2_2B_extension,single_crystal,sample_form_conditional_median:single_crystal,4.2,5.0,,,,,5000,family_fails_field_axis_validation,5.794864851765224,5.737382449575351,5.974027730274056,0.3125,
Fe1Se0.92,iron_chalcogenide_11,mp-20311,,A1,7.4,3DSC_MP,16.0,c_parent,±20-50%,S1_v3_2_2B_extension,single_crystal,sample_form_conditional_median:single_crystal,20.0,0.1,,,,,5000,T_above_Tc,,,,,
Fe1Se0.92,iron_chalcogenide_11,mp-20311,,A1,7.4,3DSC_MP,16.0,c_parent,±20-50%,S1_v3_2_2B_extension,single_crystal,sample_form_conditional_median:single_crystal,20.0,1.0,,,,,5000,T_above_Tc,,,,,
Fe1Se0.92,iron_chalcogenide_11,mp-20311,,A1,7.4,3DSC_MP,16.0,c_parent,±20-50%,S1_v3_2_2B_extension,single_crystal,sample_form_conditional_median:single_crystal,20.0,5.0,,,,,5000,T_above_Tc,,,,,
Fe1Se0.92,iron_chalcogenide_11,mp-20311,,A1,7.4,3DSC_MP,16.0,c_parent,±20-50%,S1_v3_2_2B_extension,single_crystal,sample_form_conditional_median:single_crystal,5.698,0.1,,,,,5000,H_below_validated_reduced_field,5.801933325499592,5.718768751067165,5.964113551179215,0.00625,
Fe1Se0.92,iron_chalcogenide_11,mp-20311,,A1,7.4,3DSC_MP,16.0,c_parent,±20-50%,S1_v3_2_2B_extension,single_crystal,sample_form_conditional_median:single_crystal,5.698,1.0,,,,,5000,H_below_validated_reduced_field,5.7672593498389615,5.684516791934614,5.9288235863172325,0.0625,
Fe1Se0.92,iron_chalcogenide_11,mp-20311,,A1,7.4,3DSC_MP,16.0,c_parent,±20-50%,S1_v3_2_2B_extension,single_crystal,sample_form_conditional_median:single_crystal,5.698,5.0,,,,,5000,family_fails_field_axis_validation,5.58168811099052,5.489732427757669,5.763805108289771,0.3125,
Fe1Se0.93,iron_chalcogenide_11,mp-20311,,A1,7.0,3DSC_MP,16.0,c_parent,±20-50%,S1_v3_2_2B_extension,single_crystal,sample_form_conditional_median:single_crystal,4.2,0.1,,,,,5000,H_below_validated_reduced_field,5.99788020316565,5.9654169680036055,6.176213825966855,0.00625,
Fe1Se0.93,iron_chalcogenide_11,mp-20311,,A1,7.0,3DSC_MP,16.0,c_parent,±20-50%,S1_v3_2_2B_extension,single_crystal,sample_form_conditional_median:single_crystal,4.2,1.0,,,,,5000,H_below_validated_reduced_field,5.964976980074921,5.928396439327058,6.14145205630929,0.0625,
Fe1Se0.93,iron_chalcogenide_11,mp-20311,,A1,7.0,3DSC_MP,16.0,c_parent,±20-50%,S1_v3_2_2B_extension,single_crystal,sample_form_conditional_median:single_crystal,4.2,5.0,,,,,5000,family_fails_field_axis_validation,5.794166884567984,5.7339243942277935,5.977903320833908,0.3125,
Fe1Se0.93,iron_chalcogenide_11,mp-20311,,A1,7.0,3DSC_MP,16.0,c_parent,±20-50%,S1_v3_2_2B_extension,single_crystal,sample_form_conditional_median:single_crystal,20.0,0.1,,,,,5000,T_above_Tc,,,,,
Fe1Se0.93,iron_chalcogenide_11,mp-20311,,A1,7.0,3DSC_MP,16.0,c_parent,±20-50%,S1_v3_2_2B_extension,single_crystal,sample_form_conditional_median:single_crystal,20.0,1.0,,,,,5000,T_above_Tc,,,,,
Fe1Se0.93,iron_chalcogenide_11,mp-20311,,A1,7.0,3DSC_MP,16.0,c_parent,±20-50%,S1_v3_2_2B_extension,single_crystal,sample_form_conditional_median:single_crystal,20.0,5.0,,,,,5000,T_above_Tc,,,,,
Fe1Se0.93,iron_chalcogenide_11,mp-20311,,A1,7.0,3DSC_MP,16.0,c_parent,±20-50%,S1_v3_2_2B_extension,single_crystal,sample_form_conditional_median:single_crystal,5.390000000000001,0.1,,,,,5000,H_below_validated_reduced_field,5.825543417267294,5.751518188191514,5.983960975412051,0.00625,
Fe1Se0.93,iron_chalcogenide_11,mp-20311,,A1,7.0,3DSC_MP,16.0,c_parent,±20-50%,S1_v3_2_2B_extension,single_crystal,sample_form_conditional_median:single_crystal,5.390000000000001,1.0,,,,,5000,H_below_validated_reduced_field,5.790925048115524,5.715809930897456,5.952648551984423,0.0625,
Fe1Se0.93,iron_chalcogenide_11,mp-20311,,A1,7.0,3DSC_MP,16.0,c_parent,±20-50%,S1_v3_2_2B_extension,single_crystal,sample_form_conditional_median:single_crystal,5.390000000000001,5.0,,,,,5000,family_fails_field_axis_validation,5.605330877731846,5.519313005132895,5.786373758835361,0.3125,
Fe1Se0.94,iron_chalcogenide_11,mp-20311,,A1,8.545,3DSC_MP,16.0,c_parent,±20-50%,S1_v3_2_2B_extension,single_crystal,sample_form_conditional_median:single_crystal,4.2,0.1,,,,,5000,H_below_validated_reduced_field,5.99788020316565,5.9654169680036055,6.176213825966855,0.00625,
Fe1Se0.94,iron_chalcogenide_11,mp-20311,,A1,8.545,3DSC_MP,16.0,c_parent,±20-50%,S1_v3_2_2B_extension,single_crystal,sample_form_conditional_median:single_crystal,4.2,1.0,,,,,5000,H_below_validated_reduced_field,5.965112182390497,5.929487992470764,6.140896427502539,0.0625,
Fe1Se0.94,iron_chalcogenide_11,mp-20311,,A1,8.545,3DSC_MP,16.0,c_parent,±20-50%,S1_v3_2_2B_extension,single_crystal,sample_form_conditional_median:single_crystal,4.2,5.0,,,,,5000,family_fails_field_axis_validation,5.794864851765224,5.734388244055519,5.976424202724572,0.3125,
Fe1Se0.94,iron_chalcogenide_11,mp-20311,,A1,8.545,3DSC_MP,16.0,c_parent,±20-50%,S1_v3_2_2B_extension,single_crystal,sample_form_conditional_median:single_crystal,20.0,0.1,,,,,5000,T_above_Tc,,,,,
Fe1Se0.94,iron_chalcogenide_11,mp-20311,,A1,8.545,3DSC_MP,16.0,c_parent,±20-50%,S1_v3_2_2B_extension,single_crystal,sample_form_conditional_median:single_crystal,20.0,1.0,,,,,5000,T_above_Tc,,,,,
Fe1Se0.94,iron_chalcogenide_11,mp-20311,,A1,8.545,3DSC_MP,16.0,c_parent,±20-50%,S1_v3_2_2B_extension,single_crystal,sample_form_conditional_median:single_crystal,20.0,5.0,,,,,5000,T_above_Tc,,,,,
Fe1Se0.94,iron_chalcogenide_11,mp-20311,,A1,8.545,3DSC_MP,16.0,c_parent,±20-50%,S1_v3_2_2B_extension,single_crystal,sample_form_conditional_median:single_crystal,6.57965,0.1,,,,,5000,H_below_validated_reduced_field,5.742880792085491,5.656175627902193,5.9099579439969885,0.00625,
Fe1Se0.94,iron_chalcogenide_11,mp-20311,,A1,8.545,3DSC_MP,16.0,c_parent,±20-50%,S1_v3_2_2B_extension,single_crystal,sample_form_conditional_median:single_crystal,6.57965,1.0,,,,,5000,H_below_validated_reduced_field,5.710104928050457,5.620946241292133,5.876102485055545,0.0625,
Fe1Se0.94,iron_chalcogenide_11,mp-20311,,A1,8.545,3DSC_MP,16.0,c_parent,±20-50%,S1_v3_2_2B_extension,single_crystal,sample_form_conditional_median:single_crystal,6.57965,5.0,,,,,5000,family_fails_field_axis_validation,5.528278451544511,5.424619896550502,5.711397282190109,0.3125,
Fe1Se0.98,iron_chalcogenide_11,mp-20311,,A1,8.105,3DSC_MP,16.0,c_parent,±20-50%,S1_v3_2_2B_extension,single_crystal,sample_form_conditional_median:single_crystal,4.2,0.1,,,,,5000,H_below_validated_reduced_field,5.99788020316565,5.9654169680036055,6.176213825966855,0.00625,
Fe1Se0.98,iron_chalcogenide_11,mp-20311,,A1,8.105,3DSC_MP,16.0,c_parent,±20-50%,S1_v3_2_2B_extension,single_crystal,sample_form_conditional_median:single_crystal,4.2,1.0,,,,,5000,H_below_validated_reduced_field,5.965112182390497,5.929952325403831,6.141525448847071,0.0625,
Fe1Se0.98,iron_chalcogenide_11,mp-20311,,A1,8.105,3DSC_MP,16.0,c_parent,±20-50%,S1_v3_2_2B_extension,single_crystal,sample_form_conditional_median:single_crystal,4.2,5.0,,,,,5000,family_fails_field_axis_validation,5.794483122214318,5.7373078912002535,5.974354496785264,0.3125,
Fe1Se0.98,iron_chalcogenide_11,mp-20311,,A1,8.105,3DSC_MP,16.0,c_parent,±20-50%,S1_v3_2_2B_extension,single_crystal,sample_form_conditional_median:single_crystal,20.0,0.1,,,,,5000,T_above_Tc,,,,,
Fe1Se0.98,iron_chalcogenide_11,mp-20311,,A1,8.105,3DSC_MP,16.0,c_parent,±20-50%,S1_v3_2_2B_extension,single_crystal,sample_form_conditional_median:single_crystal,20.0,1.0,,,,,5000,T_above_Tc,,,,,
Fe1Se0.98,iron_chalcogenide_11,mp-20311,,A1,8.105,3DSC_MP,16.0,c_parent,±20-50%,S1_v3_2_2B_extension,single_crystal,sample_form_conditional_median:single_crystal,20.0,5.0,,,,,5000,T_above_Tc,,,,,
Fe1Se0.98,iron_chalcogenide_11,mp-20311,,A1,8.105,3DSC_MP,16.0,c_parent,±20-50%,S1_v3_2_2B_extension,single_crystal,sample_form_conditional_median:single_crystal,6.240850000000001,0.1,,,,,5000,H_below_validated_reduced_field,5.760590120744687,5.677710883192159,5.926411851494623,0.00625,
Fe1Se0.98,iron_chalcogenide_11,mp-20311,,A1,8.105,3DSC_MP,16.0,c_parent,±20-50%,S1_v3_2_2B_extension,single_crystal,sample_form_conditional_median:single_crystal,6.240850000000001,1.0,,,,,5000,H_below_validated_reduced_field,5.728710568429076,5.641990773210293,5.891250690319604,0.0625,
Fe1Se0.98,iron_chalcogenide_11,mp-20311,,A1,8.105,3DSC_MP,16.0,c_parent,±20-50%,S1_v3_2_2B_extension,single_crystal,sample_form_conditional_median:single_crystal,6.240850000000001,5.0,,,,,5000,family_fails_field_axis_validation,5.544262829069735,5.445750875530415,5.724556806116961,0.3125,
Fe1Se0.99,iron_chalcogenide_11,mp-20311,,A1,6.99,3DSC_MP,16.0,c_parent,±20-50%,S1_v3_2_2B_extension,single_crystal,sample_form_conditional_median:single_crystal,4.2,0.1,,,,,5000,H_below_validated_reduced_field,5.99788020316565,5.9654169680036055,6.176213825966855,0.00625,
Fe1Se0.99,iron_chalcogenide_11,mp-20311,,A1,6.99,3DSC_MP,16.0,c_parent,±20-50%,S1_v3_2_2B_extension,single_crystal,sample_form_conditional_median:single_crystal,4.2,1.0,,,,,5000,H_below_validated_reduced_field,5.965550798019471,5.9300257179416125,6.141453891122734,0.0625,
Fe1Se0.99,iron_chalcogenide_11,mp-20311,,A1,6.99,3DSC_MP,16.0,c_parent,±20-50%,S1_v3_2_2B_extension,single_crystal,sample_form_conditional_median:single_crystal,4.2,5.0,,,,,5000,family_fails_field_axis_validation,5.79742824459402,5.735460389390172,5.978218486149382,0.3125,
Fe1Se0.99,iron_chalcogenide_11,mp-20311,,A1,6.99,3DSC_MP,16.0,c_parent,±20-50%,S1_v3_2_2B_extension,single_crystal,sample_form_conditional_median:single_crystal,20.0,0.1,,,,,5000,T_above_Tc,,,,,
Fe1Se0.99,iron_chalcogenide_11,mp-20311,,A1,6.99,3DSC_MP,16.0,c_parent,±20-50%,S1_v3_2_2B_extension,single_crystal,sample_form_conditional_median:single_crystal,20.0,1.0,,,,,5000,T_above_Tc,,,,,
Fe1Se0.99,iron_chalcogenide_11,mp-20311,,A1,6.99,3DSC_MP,16.0,c_parent,±20-50%,S1_v3_2_2B_extension,single_crystal,sample_form_conditional_median:single_crystal,20.0,5.0,,,,,5000,T_above_Tc,,,,,
Fe1Se0.99,iron_chalcogenide_11,mp-20311,,A1,6.99,3DSC_MP,16.0,c_parent,±20-50%,S1_v3_2_2B_extension,single_crystal,sample_form_conditional_median:single_crystal,5.3823,0.1,,,,,5000,H_below_validated_reduced_field,5.828189211041238,5.752906785668149,5.9877227844619,0.00625,
Fe1Se0.99,iron_chalcogenide_11,mp-20311,,A1,6.99,3DSC_MP,16.0,c_parent,±20-50%,S1_v3_2_2B_extension,single_crystal,sample_form_conditional_median:single_crystal,5.3823,1.0,,,,,5000,H_below_validated_reduced_field,5.792337144427473,5.718127463278121,5.951776433654039,0.0625,
Fe1Se0.99,iron_chalcogenide_11,mp-20311,,A1,6.99,3DSC_MP,16.0,c_parent,±20-50%,S1_v3_2_2B_extension,single_crystal,sample_form_conditional_median:single_crystal,5.3823,5.0,,,,,5000,family_fails_field_axis_validation,5.607052016016095,5.5218782597145095,5.789723438663267,0.3125,
Fe1Te1,iron_chalcogenide_11,mp-21273,,A1,1.5,3DSC_MP,47.0,c_parent,±20-50%,S1_v3_2_2B_extension,single_crystal,sample_form_conditional_median:single_crystal,4.2,0.1,,,,,5000,T_above_Tc,,,,,
Fe1Te1,iron_chalcogenide_11,mp-21273,,A1,1.5,3DSC_MP,47.0,c_parent,±20-50%,S1_v3_2_2B_extension,single_crystal,sample_form_conditional_median:single_crystal,4.2,1.0,,,,,5000,T_above_Tc,,,,,
Fe1Te1,iron_chalcogenide_11,mp-21273,,A1,1.5,3DSC_MP,47.0,c_parent,±20-50%,S1_v3_2_2B_extension,single_crystal,sample_form_conditional_median:single_crystal,4.2,5.0,,,,,5000,T_above_Tc,,,,,
Fe1Te1,iron_chalcogenide_11,mp-21273,,A1,1.5,3DSC_MP,47.0,c_parent,±20-50%,S1_v3_2_2B_extension,single_crystal,sample_form_conditional_median:single_crystal,20.0,0.1,,,,,5000,T_above_Tc,,,,,
Fe1Te1,iron_chalcogenide_11,mp-21273,,A1,1.5,3DSC_MP,47.0,c_parent,±20-50%,S1_v3_2_2B_extension,single_crystal,sample_form_conditional_median:single_crystal,20.0,1.0,,,,,5000,T_above_Tc,,,,,
Fe1Te1,iron_chalcogenide_11,mp-21273,,A1,1.5,3DSC_MP,47.0,c_parent,±20-50%,S1_v3_2_2B_extension,single_crystal,sample_form_conditional_median:single_crystal,20.0,5.0,,,,,5000,T_above_Tc,,,,,
Fe1Te1,iron_chalcogenide_11,mp-21273,,A1,1.5,3DSC_MP,47.0,c_parent,±20-50%,S1_v3_2_2B_extension,single_crystal,sample_form_conditional_median:single_crystal,1.155,0.1,,,,,5000,H_below_validated_reduced_field,13.405628314059646,10.727617674270132,14.1342087563703,0.002127659574468,
Fe1Te1,iron_chalcogenide_11,mp-21273,,A1,1.5,3DSC_MP,47.0,c_parent,±20-50%,S1_v3_2_2B_extension,single_crystal,sample_form_conditional_median:single_crystal,1.155,1.0,,,,,5000,H_below_validated_reduced_field,13.39434562544062,10.716710525991928,14.123983920111025,0.0212765957446808,
Fe1Te1,iron_chalcogenide_11,mp-21273,,A1,1.5,3DSC_MP,47.0,c_parent,±20-50%,S1_v3_2_2B_extension,single_crystal,sample_form_conditional_median:single_crystal,1.155,5.0,,,,,5000,H_below_validated_reduced_field,13.339647283212155,10.662828369608665,14.078494777149915,0.1063829787234042,
As1.7Eu1Fe2P0.3,iron_pnictide_122,mp-20890,,A1,23.0,3DSC_MP,,pending,,,single_crystal,sample_form_conditional_median:single_crystal,4.2,0.1,5.746354490991693,5.635326719245767,5.804297695181981,,5000,Hc2_unavailable,,,,,
As1.7Eu1Fe2P0.3,iron_pnictide_122,mp-20890,,A1,23.0,3DSC_MP,,pending,,,single_crystal,sample_form_conditional_median:single_crystal,4.2,1.0,5.746354490991693,5.635326719245767,5.804297695181981,,5000,Hc2_unavailable,,,,,
As1.7Eu1Fe2P0.3,iron_pnictide_122,mp-20890,,A1,23.0,3DSC_MP,,pending,,,single_crystal,sample_form_conditional_median:single_crystal,4.2,5.0,5.746354490991693,5.635326719245767,5.804297695181981,,5000,Hc2_unavailable,,,,,
As1.7Eu1Fe2P0.3,iron_pnictide_122,mp-20890,,A1,23.0,3DSC_MP,,pending,,,single_crystal,sample_form_conditional_median:single_crystal,20.0,0.1,4.2553140589640135,3.711580430892277,4.49756470679513,,5000,Hc2_unavailable,,,,,
As1.7Eu1Fe2P0.3,iron_pnictide_122,mp-20890,,A1,23.0,3DSC_MP,,pending,,,single_crystal,sample_form_conditional_median:single_crystal,20.0,1.0,4.2553140589640135,3.711580430892277,4.49756470679513,,5000,Hc2_unavailable,,,,,
As1.7Eu1Fe2P0.3,iron_pnictide_122,mp-20890,,A1,23.0,3DSC_MP,,pending,,,single_crystal,sample_form_conditional_median:single_crystal,20.0,5.0,4.2553140589640135,3.711580430892277,4.49756470679513,,5000,Hc2_unavailable,,,,,
As1.7Eu1Fe2P0.3,iron_pnictide_122,mp-20890,,A1,23.0,3DSC_MP,,pending,,,single_crystal,sample_form_conditional_median:single_crystal,17.71,0.1,4.709025206934038,4.333105243846958,4.891823092244288,,5000,Hc2_unavailable,,,,,
As1.7Eu1Fe2P0.3,iron_pnictide_122,mp-20890,,A1,23.0,3DSC_MP,,pending,,,single_crystal,sample_form_conditional_median:single_crystal,17.71,1.0,4.709025206934038,4.333105243846958,4.891823092244288,,5000,Hc2_unavailable,,,,,
As1.7Eu1Fe2P0.3,iron_pnictide_122,mp-20890,,A1,23.0,3DSC_MP,,pending,,,single_crystal,sample_form_conditional_median:single_crystal,17.71,5.0,4.709025206934038,4.333105243846958,4.891823092244288,,5000,Hc2_unavailable,,,,,
As2Ba0.1Fe2K0.9,iron_pnictide_122,mp-35276,,A1,6.93,3DSC_MP,60.0,c_parent,±20-50%,S1_v3_2_2B_extension,single_crystal,sample_form_conditional_median:single_crystal,4.2,0.1,,,,,5000,H_below_validated_reduced_field,5.746354490991693,5.616253626881896,5.804297695181981,0.0016666666666666,
As2Ba0.1Fe2K0.9,iron_pnictide_122,mp-35276,,A1,6.93,3DSC_MP,60.0,c_parent,±20-50%,S1_v3_2_2B_extension,single_crystal,sample_form_conditional_median:single_crystal,4.2,1.0,,,,,5000,H_below_validated_reduced_field,5.741489109671595,5.612725348361308,5.799923696044939,0.0166666666666666,
As2Ba0.1Fe2K0.9,iron_pnictide_122,mp-35276,,A1,6.93,3DSC_MP,60.0,c_parent,±20-50%,S1_v3_2_2B_extension,single_crystal,sample_form_conditional_median:single_crystal,4.2,5.0,,,,,5000,H_below_validated_reduced_field,5.717976750250158,5.600589500708412,5.782726088382468,0.0833333333333333,
As2Ba0.1Fe2K0.9,iron_pnictide_122,mp-35276,,A1,6.93,3DSC_MP,60.0,c_parent,±20-50%,S1_v3_2_2B_extension,single_crystal,sample_form_conditional_median:single_crystal,20.0,0.1,,,,,5000,T_above_Tc,,,,,
As2Ba0.1Fe2K0.9,iron_pnictide_122,mp-35276,,A1,6.93,3DSC_MP,60.0,c_parent,±20-50%,S1_v3_2_2B_extension,single_crystal,sample_form_conditional_median:single_crystal,20.0,1.0,,,,,5000,T_above_Tc,,,,,
As2Ba0.1Fe2K0.9,iron_pnictide_122,mp-35276,,A1,6.93,3DSC_MP,60.0,c_parent,±20-50%,S1_v3_2_2B_extension,single_crystal,sample_form_conditional_median:single_crystal,20.0,5.0,,,,,5000,T_above_Tc,,,,,
As2Ba0.1Fe2K0.9,iron_pnictide_122,mp-35276,,A1,6.93,3DSC_MP,60.0,c_parent,±20-50%,S1_v3_2_2B_extension,single_crystal,sample_form_conditional_median:single_crystal,5.3361,0.1,,,,,5000,H_below_validated_reduced_field,5.293425683096583,5.123753878776227,5.399977878983842,0.0016666666666666,
As2Ba0.1Fe2K0.9,iron_pnictide_122,mp-35276,,A1,6.93,3DSC_MP,60.0,c_parent,±20-50%,S1_v3_2_2B_extension,single_crystal,sample_form_conditional_median:single_crystal,5.3361,1.0,,,,,5000,H_below_validated_reduced_field,5.288868723293739,5.120480931240773,5.396099511003258,0.0166666666666666,
As2Ba0.1Fe2K0.9,iron_pnictide_122,mp-35276,,A1,6.93,3DSC_MP,60.0,c_parent,±20-50%,S1_v3_2_2B_extension,single_crystal,sample_form_conditional_median:single_crystal,5.3361,5.0,,,,,5000,H_below_validated_reduced_field,5.26903841347395,5.102040168841148,5.380800905893094,0.0833333333333333,
As2Ba0.2Fe2K0.8,iron_pnictide_122,mp-35276,,A1,12.8,3DSC_MP,60.0,c_parent,±20-50%,S1_v3_2_2B_extension,single_crystal,sample_form_conditional_median:single_crystal,4.2,0.1,,,,,5000,H_below_validated_reduced_field,5.746354490991693,5.616253626881896,5.813389291270404,0.0016666666666666,
As2Ba0.2Fe2K0.8,iron_pnictide_122,mp-35276,,A1,12.8,3DSC_MP,60.0,c_parent,±20-50%,S1_v3_2_2B_extension,single_crystal,sample_form_conditional_median:single_crystal,4.2,1.0,,,,,5000,H_below_validated_reduced_field,5.741408603988862,5.612883174543616,5.80232360127003,0.0166666666666666,
As2Ba0.2Fe2K0.8,iron_pnictide_122,mp-35276,,A1,12.8,3DSC_MP,60.0,c_parent,±20-50%,S1_v3_2_2B_extension,single_crystal,sample_form_conditional_median:single_crystal,4.2,5.0,,,,,5000,H_below_validated_reduced_field,5.718019243994539,5.599655696730935,5.786709780492977,0.0833333333333333,
As2Ba0.2Fe2K0.8,iron_pnictide_122,mp-35276,,A1,12.8,3DSC_MP,60.0,c_parent,±20-50%,S1_v3_2_2B_extension,single_crystal,sample_form_conditional_median:single_crystal,20.0,0.1,,,,,5000,T_above_Tc,,,,,
As2Ba0.2Fe2K0.8,iron_pnictide_122,mp-35276,,A1,12.8,3DSC_MP,60.0,c_parent,±20-50%,S1_v3_2_2B_extension,single_crystal,sample_form_conditional_median:single_crystal,20.0,1.0,,,,,5000,T_above_Tc,,,,,
As2Ba0.2Fe2K0.8,iron_pnictide_122,mp-35276,,A1,12.8,3DSC_MP,60.0,c_parent,±20-50%,S1_v3_2_2B_extension,single_crystal,sample_form_conditional_median:single_crystal,20.0,5.0,,,,,5000,T_above_Tc,,,,,
As2Ba0.2Fe2K0.8,iron_pnictide_122,mp-35276,,A1,12.8,3DSC_MP,60.0,c_parent,±20-50%,S1_v3_2_2B_extension,single_crystal,sample_form_conditional_median:single_crystal,9.856000000000002,0.1,,,,,5000,H_below_validated_reduced_field,4.863616316744199,4.542960428375939,5.027654178041543,0.0016666666666666,
As2Ba0.2Fe2K0.8,iron_pnictide_122,mp-35276,,A1,12.8,3DSC_MP,60.0,c_parent,±20-50%,S1_v3_2_2B_extension,single_crystal,sample_form_conditional_median:single_crystal,9.856000000000002,1.0,,,,,5000,H_below_validated_reduced_field,4.858238249321129,4.538872556619363,5.02408426473014,0.0166666666666666,
As2Ba0.2Fe2K0.8,iron_pnictide_122,mp-35276,,A1,12.8,3DSC_MP,60.0,c_parent,±20-50%,S1_v3_2_2B_extension,single_crystal,sample_form_conditional_median:single_crystal,9.856000000000002,5.0,,,,,5000,H_below_validated_reduced_field,4.8382419626217565,4.522610223088213,5.008011543900811,0.0833333333333333,
As2Ba0.3Fe2K0.7,iron_pnictide_122,mp-35276,,A1,19.7,3DSC_MP,60.0,c_parent,±20-50%,S1_v3_2_2B_extension,single_crystal,sample_form_conditional_median:single_crystal,4.2,0.1,,,,,5000,H_below_validated_reduced_field,5.746354490991693,5.635326719245767,5.804297695181981,0.0016666666666666,
As2Ba0.3Fe2K0.7,iron_pnictide_122,mp-35276,,A1,19.7,3DSC_MP,60.0,c_parent,±20-50%,S1_v3_2_2B_extension,single_crystal,sample_form_conditional_median:single_crystal,4.2,1.0,,,,,5000,H_below_validated_reduced_field,5.741819480489184,5.631757137162446,5.799488692629642,0.0166666666666666,
As2Ba0.3Fe2K0.7,iron_pnictide_122,mp-35276,,A1,19.7,3DSC_MP,60.0,c_parent,±20-50%,S1_v3_2_2B_extension,single_crystal,sample_form_conditional_median:single_crystal,4.2,5.0,,,,,5000,H_below_validated_reduced_field,5.7180022319169,5.607899140450289,5.782418142852415,0.0833333333333333,
As2Ba0.3Fe2K0.7,iron_pnictide_122,mp-35276,,A1,19.7,3DSC_MP,60.0,c_parent,±20-50%,S1_v3_2_2B_extension,single_crystal,sample_form_conditional_median:single_crystal,20.0,0.1,,,,,5000,T_above_Tc,,,,,
As2Ba0.3Fe2K0.7,iron_pnictide_122,mp-35276,,A1,19.7,3DSC_MP,60.0,c_parent,±20-50%,S1_v3_2_2B_extension,single_crystal,sample_form_conditional_median:single_crystal,20.0,1.0,,,,,5000,T_above_Tc,,,,,
As2Ba0.3Fe2K0.7,iron_pnictide_122,mp-35276,,A1,19.7,3DSC_MP,60.0,c_parent,±20-50%,S1_v3_2_2B_extension,single_crystal,sample_form_conditional_median:single_crystal,20.0,5.0,,,,,5000,T_above_Tc,,,,,
As2Ba0.3Fe2K0.7,iron_pnictide_122,mp-35276,,A1,19.7,3DSC_MP,60.0,c_parent,±20-50%,S1_v3_2_2B_extension,single_crystal,sample_form_conditional_median:single_crystal,15.169,0.1,,,,,5000,H_below_validated_reduced_field,4.73574631527282,4.372481076863403,4.91799850315449,0.0016666666666666,
As2Ba0.3Fe2K0.7,iron_pnictide_122,mp-35276,,A1,19.7,3DSC_MP,60.0,c_parent,±20-50%,S1_v3_2_2B_extension,single_crystal,sample_form_conditional_median:single_crystal,15.169,1.0,,,,,5000,H_below_validated_reduced_field,4.732152541786281,4.368414367047798,4.91257673409317,0.0166666666666666,
As2Ba0.3Fe2K0.7,iron_pnictide_122,mp-35276,,A1,19.7,3DSC_MP,60.0,c_parent,±20-50%,S1_v3_2_2B_extension,single_crystal,sample_form_conditional_median:single_crystal,15.169,5.0,,,,,5000,H_below_validated_reduced_field,4.713070504622982,4.352562042638408,4.894633893259552,0.0833333333333333,
As2Co0.068Fe1.932K1,iron_pnictide_122,mp-35276,,A1,1.845,3DSC_MP,,pending,,,single_crystal,sample_form_conditional_median:single_crystal,4.2,0.1,,,,,5000,Hc2_unavailable,,,,,
As2Co0.068Fe1.932K1,iron_pnictide_122,mp-35276,,A1,1.845,3DSC_MP,,pending,,,single_crystal,sample_form_conditional_median:single_crystal,4.2,1.0,,,,,5000,Hc2_unavailable,,,,,
As2Co0.068Fe1.932K1,iron_pnictide_122,mp-35276,,A1,1.845,3DSC_MP,,pending,,,single_crystal,sample_form_conditional_median:single_crystal,4.2,5.0,,,,,5000,Hc2_unavailable,,,,,
As2Co0.068Fe1.932K1,iron_pnictide_122,mp-35276,,A1,1.845,3DSC_MP,,pending,,,single_crystal,sample_form_conditional_median:single_crystal,20.0,0.1,,,,,5000,Hc2_unavailable,,,,,
As2Co0.068Fe1.932K1,iron_pnictide_122,mp-35276,,A1,1.845,3DSC_MP,,pending,,,single_crystal,sample_form_conditional_median:single_crystal,20.0,1.0,,,,,5000,Hc2_unavailable,,,,,
As2Co0.068Fe1.932K1,iron_pnictide_122,mp-35276,,A1,1.845,3DSC_MP,,pending,,,single_crystal,sample_form_conditional_median:single_crystal,20.0,5.0,,,,,5000,Hc2_unavailable,,,,,
As2Co0.068Fe1.932K1,iron_pnictide_122,mp-35276,,A1,1.845,3DSC_MP,,pending,,,single_crystal,sample_form_conditional_median:single_crystal,1.42065,0.1,21.19674396567637,18.927574607938904,26.79083245145238,,5000,Hc2_unavailable,,,,,
As2Co0.068Fe1.932K1,iron_pnictide_122,mp-35276,,A1,1.845,3DSC_MP,,pending,,,single_crystal,sample_form_conditional_median:single_crystal,1.42065,1.0,21.19674396567637,18.927574607938904,26.79083245145238,,5000,Hc2_unavailable,,,,,
As2Co0.068Fe1.932K1,iron_pnictide_122,mp-35276,,A1,1.845,3DSC_MP,,pending,,,single_crystal,sample_form_conditional_median:single_crystal,1.42065,5.0,21.19674396567637,18.927574607938904,26.79083245145238,,5000,Hc2_unavailable,,,,,
As2Co0.084Fe1.916Sr1,iron_pnictide_122,mp-4488,,A1,2.0,3DSC_MP,,pending,,,single_crystal,sample_form_conditional_median:single_crystal,4.2,0.1,,,,,5000,Hc2_unavailable,,,,,
As2Co0.084Fe1.916Sr1,iron_pnictide_122,mp-4488,,A1,2.0,3DSC_MP,,pending,,,single_crystal,sample_form_conditional_median:single_crystal,4.2,1.0,,,,,5000,Hc2_unavailable,,,,,
As2Co0.084Fe1.916Sr1,iron_pnictide_122,mp-4488,,A1,2.0,3DSC_MP,,pending,,,single_crystal,sample_form_conditional_median:single_crystal,4.2,5.0,,,,,5000,Hc2_unavailable,,,,,
As2Co0.084Fe1.916Sr1,iron_pnictide_122,mp-4488,,A1,2.0,3DSC_MP,,pending,,,single_crystal,sample_form_conditional_median:single_crystal,20.0,0.1,,,,,5000,Hc2_unavailable,,,,,
As2Co0.084Fe1.916Sr1,iron_pnictide_122,mp-4488,,A1,2.0,3DSC_MP,,pending,,,single_crystal,sample_form_conditional_median:single_crystal,20.0,1.0,,,,,5000,Hc2_unavailable,,,,,
As2Co0.084Fe1.916Sr1,iron_pnictide_122,mp-4488,,A1,2.0,3DSC_MP,,pending,,,single_crystal,sample_form_conditional_median:single_crystal,20.0,5.0,,,,,5000,Hc2_unavailable,,,,,
As2Co0.084Fe1.916Sr1,iron_pnictide_122,mp-4488,,A1,2.0,3DSC_MP,,pending,,,single_crystal,sample_form_conditional_median:single_crystal,1.54,0.1,21.1967439455334,18.937412044533943,26.912629775061777,,5000,Hc2_unavailable,,,,,
As2Co0.084Fe1.916Sr1,iron_pnictide_122,mp-4488,,A1,2.0,3DSC_MP,,pending,,,single_crystal,sample_form_conditional_median:single_crystal,1.54,1.0,21.1967439455334,18.937412044533943,26.912629775061777,,5000,Hc2_unavailable,,,,,
As2Co0.084Fe1.916Sr1,iron_pnictide_122,mp-4488,,A1,2.0,3DSC_MP,,pending,,,single_crystal,sample_form_conditional_median:single_crystal,1.54,5.0,21.1967439455334,18.937412044533943,26.912629775061777,,5000,Hc2_unavailable,,,,,
As2Co0.112Fe1.888Sr1,iron_pnictide_122,mp-4488,,A1,2.0,3DSC_MP,,pending,,,single_crystal,sample_form_conditional_median:single_crystal,4.2,0.1,,,,,5000,Hc2_unavailable,,,,,
As2Co0.112Fe1.888Sr1,iron_pnictide_122,mp-4488,,A1,2.0,3DSC_MP,,pending,,,single_crystal,sample_form_conditional_median:single_crystal,4.2,1.0,,,,,5000,Hc2_unavailable,,,,,
As2Co0.112Fe1.888Sr1,iron_pnictide_122,mp-4488,,A1,2.0,3DSC_MP,,pending,,,single_crystal,sample_form_conditional_median:single_crystal,4.2,5.0,,,,,5000,Hc2_unavailable,,,,,
As2Co0.112Fe1.888Sr1,iron_pnictide_122,mp-4488,,A1,2.0,3DSC_MP,,pending,,,single_crystal,sample_form_conditional_median:single_crystal,20.0,0.1,,,,,5000,Hc2_unavailable,,,,,
As2Co0.112Fe1.888Sr1,iron_pnictide_122,mp-4488,,A1,2.0,3DSC_MP,,pending,,,single_crystal,sample_form_conditional_median:single_crystal,20.0,1.0,,,,,5000,Hc2_unavailable,,,,,
As2Co0.112Fe1.888Sr1,iron_pnictide_122,mp-4488,,A1,2.0,3DSC_MP,,pending,,,single_crystal,sample_form_conditional_median:single_crystal,20.0,5.0,,,,,5000,Hc2_unavailable,,,,,
As2Co0.112Fe1.888Sr1,iron_pnictide_122,mp-4488,,A1,2.0,3DSC_MP,,pending,,,single_crystal,sample_form_conditional_median:single_crystal,1.54,0.1,21.21117049393596,18.914869689715992,26.830847452686328,,5000,Hc2_unavailable,,,,,
As2Co0.112Fe1.888Sr1,iron_pnictide_122,mp-4488,,A1,2.0,3DSC_MP,,pending,,,single_crystal,sample_form_conditional_median:single_crystal,1.54,1.0,21.21117049393596,18.914869689715992,26.830847452686328,,5000,Hc2_unavailable,,,,,
As2Co0.112Fe1.888Sr1,iron_pnictide_122,mp-4488,,A1,2.0,3DSC_MP,,pending,,,single_crystal,sample_form_conditional_median:single_crystal,1.54,5.0,21.21117049393596,18.914869689715992,26.830847452686328,,5000,Hc2_unavailable,,,,,
As2Co0.14Fe1.86Sr1,iron_pnictide_122,mp-4488,,A1,7.2,3DSC_MP,,pending,,,single_crystal,sample_form_conditional_median:single_crystal,4.2,0.1,5.746354490991693,5.617854385081122,5.804297695181981,,5000,Hc2_unavailable,,,,,
As2Co0.14Fe1.86Sr1,iron_pnictide_122,mp-4488,,A1,7.2,3DSC_MP,,pending,,,single_crystal,sample_form_conditional_median:single_crystal,4.2,1.0,5.746354490991693,5.617854385081122,5.804297695181981,,5000,Hc2_unavailable,,,,,
As2Co0.14Fe1.86Sr1,iron_pnictide_122,mp-4488,,A1,7.2,3DSC_MP,,pending,,,single_crystal,sample_form_conditional_median:single_crystal,4.2,5.0,5.746354490991693,5.617854385081122,5.804297695181981,,5000,Hc2_unavailable,,,,,
As2Co0.14Fe1.86Sr1,iron_pnictide_122,mp-4488,,A1,7.2,3DSC_MP,,pending,,,single_crystal,sample_form_conditional_median:single_crystal,20.0,0.1,,,,,5000,Hc2_unavailable,,,,,
As2Co0.14Fe1.86Sr1,iron_pnictide_122,mp-4488,,A1,7.2,3DSC_MP,,pending,,,single_crystal,sample_form_conditional_median:single_crystal,20.0,1.0,,,,,5000,Hc2_unavailable,,,,,
As2Co0.14Fe1.86Sr1,iron_pnictide_122,mp-4488,,A1,7.2,3DSC_MP,,pending,,,single_crystal,sample_form_conditional_median:single_crystal,20.0,5.0,,,,,5000,Hc2_unavailable,,,,,
As2Co0.14Fe1.86Sr1,iron_pnictide_122,mp-4488,,A1,7.2,3DSC_MP,,pending,,,single_crystal,sample_form_conditional_median:single_crystal,5.5440000000000005,0.1,5.248163145477288,5.068386571402328,5.362125691984312,,5000,Hc2_unavailable,,,,,
As2Co0.14Fe1.86Sr1,iron_pnictide_122,mp-4488,,A1,7.2,3DSC_MP,,pending,,,single_crystal,sample_form_conditional_median:single_crystal,5.5440000000000005,1.0,5.248163145477288,5.068386571402328,5.362125691984312,,5000,Hc2_unavailable,,,,,
As2Co0.14Fe1.86Sr1,iron_pnictide_122,mp-4488,,A1,7.2,3DSC_MP,,pending,,,single_crystal,sample_form_conditional_median:single_crystal,5.5440000000000005,5.0,5.248163145477288,5.068386571402328,5.362125691984312,,5000,Hc2_unavailable,,,,,
As2Co0.174Fe1.826Sr1,iron_pnictide_122,mp-4488,,A1,9.5,3DSC_MP,,pending,,,single_crystal,sample_form_conditional_median:single_crystal,4.2,0.1,5.746354490991693,5.635326719245767,5.813389291270404,,5000,Hc2_unavailable,,,,,
As2Co0.174Fe1.826Sr1,iron_pnictide_122,mp-4488,,A1,9.5,3DSC_MP,,pending,,,single_crystal,sample_form_conditional_median:single_crystal,4.2,1.0,5.746354490991693,5.635326719245767,5.813389291270404,,5000,Hc2_unavailable,,,,,
As2Co0.174Fe1.826Sr1,iron_pnictide_122,mp-4488,,A1,9.5,3DSC_MP,,pending,,,single_crystal,sample_form_conditional_median:single_crystal,4.2,5.0,5.746354490991693,5.635326719245767,5.813389291270404,,5000,Hc2_unavailable,,,,,
As2Co0.174Fe1.826Sr1,iron_pnictide_122,mp-4488,,A1,9.5,3DSC_MP,,pending,,,single_crystal,sample_form_conditional_median:single_crystal,20.0,0.1,,,,,5000,Hc2_unavailable,,,,,
As2Co0.174Fe1.826Sr1,iron_pnictide_122,mp-4488,,A1,9.5,3DSC_MP,,pending,,,single_crystal,sample_form_conditional_median:single_crystal,20.0,1.0,,,,,5000,Hc2_unavailable,,,,,
As2Co0.174Fe1.826Sr1,iron_pnictide_122,mp-4488,,A1,9.5,3DSC_MP,,pending,,,single_crystal,sample_form_conditional_median:single_crystal,20.0,5.0,,,,,5000,Hc2_unavailable,,,,,
As2Co0.174Fe1.826Sr1,iron_pnictide_122,mp-4488,,A1,9.5,3DSC_MP,,pending,,,single_crystal,sample_form_conditional_median:single_crystal,7.315,0.1,5.013079812058525,4.746031485173563,5.156142578283298,,5000,Hc2_unavailable,,,,,
As2Co0.174Fe1.826Sr1,iron_pnictide_122,mp-4488,,A1,9.5,3DSC_MP,,pending,,,single_crystal,sample_form_conditional_median:single_crystal,7.315,1.0,5.013079812058525,4.746031485173563,5.156142578283298,,5000,Hc2_unavailable,,,,,
As2Co0.174Fe1.826Sr1,iron_pnictide_122,mp-4488,,A1,9.5,3DSC_MP,,pending,,,single_crystal,sample_form_conditional_median:single_crystal,7.315,5.0,5.013079812058525,4.746031485173563,5.156142578283298,,5000,Hc2_unavailable,,,,,
As2Co0.184Fe1.816Sr1,iron_pnictide_122,mp-4488,,A1,13.4,3DSC_MP,,pending,,,single_crystal,sample_form_conditional_median:single_crystal,4.2,0.1,5.746354490991693,5.636927477444992,5.804297695181981,,5000,Hc2_unavailable,,,,,
As2Co0.184Fe1.816Sr1,iron_pnictide_122,mp-4488,,A1,13.4,3DSC_MP,,pending,,,single_crystal,sample_form_conditional_median:single_crystal,4.2,1.0,5.746354490991693,5.636927477444992,5.804297695181981,,5000,Hc2_unavailable,,,,,
As2Co0.184Fe1.816Sr1,iron_pnictide_122,mp-4488,,A1,13.4,3DSC_MP,,pending,,,single_crystal,sample_form_conditional_median:single_crystal,4.2,5.0,5.746354490991693,5.636927477444992,5.804297695181981,,5000,Hc2_unavailable,,,,,
As2Co0.184Fe1.816Sr1,iron_pnictide_122,mp-4488,,A1,13.4,3DSC_MP,,pending,,,single_crystal,sample_form_conditional_median:single_crystal,20.0,0.1,,,,,5000,Hc2_unavailable,,,,,
As2Co0.184Fe1.816Sr1,iron_pnictide_122,mp-4488,,A1,13.4,3DSC_MP,,pending,,,single_crystal,sample_form_conditional_median:single_crystal,20.0,1.0,,,,,5000,Hc2_unavailable,,,,,
As2Co0.184Fe1.816Sr1,iron_pnictide_122,mp-4488,,A1,13.4,3DSC_MP,,pending,,,single_crystal,sample_form_conditional_median:single_crystal,20.0,5.0,,,,,5000,Hc2_unavailable,,,,,
As2Co0.184Fe1.816Sr1,iron_pnictide_122,mp-4488,,A1,13.4,3DSC_MP,,pending,,,single_crystal,sample_form_conditional_median:single_crystal,10.318,0.1,4.848499017440777,4.519330784926385,5.0115190688593465,,5000,Hc2_unavailable,,,,,
As2Co0.184Fe1.816Sr1,iron_pnictide_122,mp-4488,,A1,13.4,3DSC_MP,,pending,,,single_crystal,sample_form_conditional_median:single_crystal,10.318,1.0,4.848499017440777,4.519330784926385,5.0115190688593465,,5000,Hc2_unavailable,,,,,
As2Co0.184Fe1.816Sr1,iron_pnictide_122,mp-4488,,A1,13.4,3DSC_MP,,pending,,,single_crystal,sample_form_conditional_median:single_crystal,10.318,5.0,4.848499017440777,4.519330784926385,5.0115190688593465,,5000,Hc2_unavailable,,,,,
As2Co0.208Fe1.792Sr1,iron_pnictide_122,mp-4488,,A1,13.9,3DSC_MP,,pending,,,single_crystal,sample_form_conditional_median:single_crystal,4.2,0.1,5.746354490991693,5.635326719245767,5.804297695181981,,5000,Hc2_unavailable,,,,,
As2Co0.208Fe1.792Sr1,iron_pnictide_122,mp-4488,,A1,13.9,3DSC_MP,,pending,,,single_crystal,sample_form_conditional_median:single_crystal,4.2,1.0,5.746354490991693,5.635326719245767,5.804297695181981,,5000,Hc2_unavailable,,,,,
As2Co0.208Fe1.792Sr1,iron_pnictide_122,mp-4488,,A1,13.9,3DSC_MP,,pending,,,single_crystal,sample_form_conditional_median:single_crystal,4.2,5.0,5.746354490991693,5.635326719245767,5.804297695181981,,5000,Hc2_unavailable,,,,,
As2Co0.208Fe1.792Sr1,iron_pnictide_122,mp-4488,,A1,13.9,3DSC_MP,,pending,,,single_crystal,sample_form_conditional_median:single_crystal,20.0,0.1,,,,,5000,Hc2_unavailable,,,,,
As2Co0.208Fe1.792Sr1,iron_pnictide_122,mp-4488,,A1,13.9,3DSC_MP,,pending,,,single_crystal,sample_form_conditional_median:single_crystal,20.0,1.0,,,,,5000,Hc2_unavailable,,,,,
As2Co0.208Fe1.792Sr1,iron_pnictide_122,mp-4488,,A1,13.9,3DSC_MP,,pending,,,single_crystal,sample_form_conditional_median:single_crystal,20.0,5.0,,,,,5000,Hc2_unavailable,,,,,
As2Co0.208Fe1.792Sr1,iron_pnictide_122,mp-4488,,A1,13.9,3DSC_MP,,pending,,,single_crystal,sample_form_conditional_median:single_crystal,10.703,0.1,4.835910655353688,4.518671176245325,5.002920391213223,,5000,Hc2_unavailable,,,,,
As2Co0.208Fe1.792Sr1,iron_pnictide_122,mp-4488,,A1,13.9,3DSC_MP,,pending,,,single_crystal,sample_form_conditional_median:single_crystal,10.703,1.0,4.835910655353688,4.518671176245325,5.002920391213223,,5000,Hc2_unavailable,,,,,
As2Co0.208Fe1.792Sr1,iron_pnictide_122,mp-4488,,A1,13.9,3DSC_MP,,pending,,,single_crystal,sample_form_conditional_median:single_crystal,10.703,5.0,4.835910655353688,4.518671176245325,5.002920391213223,,5000,Hc2_unavailable,,,,,
As2Co0.22Eu1Fe1.78,iron_pnictide_122,mp-20890,,A1,21.0,3DSC_MP,,pending,,,single_crystal,sample_form_conditional_median:single_crystal,4.2,0.1,5.746354490991693,5.635326719245767,5.804297695181981,,5000,Hc2_unavailable,,,,,
As2Co0.22Eu1Fe1.78,iron_pnictide_122,mp-20890,,A1,21.0,3DSC_MP,,pending,,,single_crystal,sample_form_conditional_median:single_crystal,4.2,1.0,5.746354490991693,5.635326719245767,5.804297695181981,,5000,Hc2_unavailable,,,,,
As2Co0.22Eu1Fe1.78,iron_pnictide_122,mp-20890,,A1,21.0,3DSC_MP,,pending,,,single_crystal,sample_form_conditional_median:single_crystal,4.2,5.0,5.746354490991693,5.635326719245767,5.804297695181981,,5000,Hc2_unavailable,,,,,
As2Co0.22Eu1Fe1.78,iron_pnictide_122,mp-20890,,A1,21.0,3DSC_MP,,pending,,,single_crystal,sample_form_conditional_median:single_crystal,20.0,0.1,3.4702227784785507,2.6573654556572945,3.816855608694111,,5000,Hc2_unavailable,,,,,
As2Co0.22Eu1Fe1.78,iron_pnictide_122,mp-20890,,A1,21.0,3DSC_MP,,pending,,,single_crystal,sample_form_conditional_median:single_crystal,20.0,1.0,3.4702227784785507,2.6573654556572945,3.816855608694111,,5000,Hc2_unavailable,,,,,
As2Co0.22Eu1Fe1.78,iron_pnictide_122,mp-20890,,A1,21.0,3DSC_MP,,pending,,,single_crystal,sample_form_conditional_median:single_crystal,20.0,5.0,3.4702227784785507,2.6573654556572945,3.816855608694111,,5000,Hc2_unavailable,,,,,
As2Co0.22Eu1Fe1.78,iron_pnictide_122,mp-20890,,A1,21.0,3DSC_MP,,pending,,,single_crystal,sample_form_conditional_median:single_crystal,16.17,0.1,4.725842037859134,4.370563479198397,4.906582268972282,,5000,Hc2_unavailable,,,,,
As2Co0.22Eu1Fe1.78,iron_pnictide_122,mp-20890,,A1,21.0,3DSC_MP,,pending,,,single_crystal,sample_form_conditional_median:single_crystal,16.17,1.0,4.725842037859134,4.370563479198397,4.906582268972282,,5000,Hc2_unavailable,,,,,
As2Co0.22Eu1Fe1.78,iron_pnictide_122,mp-20890,,A1,21.0,3DSC_MP,,pending,,,single_crystal,sample_form_conditional_median:single_crystal,16.17,5.0,4.725842037859134,4.370563479198397,4.906582268972282,,5000,Hc2_unavailable,,,,,
As2Co0.234Fe1.766Sr1,iron_pnictide_122,mp-4488,,A1,14.4,3DSC_MP,,pending,,,single_crystal,sample_form_conditional_median:single_crystal,4.2,0.1,5.746354490991693,5.617814366126141,5.813389291270404,,5000,Hc2_unavailable,,,,,
As2Co0.234Fe1.766Sr1,iron_pnictide_122,mp-4488,,A1,14.4,3DSC_MP,,pending,,,single_crystal,sample_form_conditional_median:single_crystal,4.2,1.0,5.746354490991693,5.617814366126141,5.813389291270404,,5000,Hc2_unavailable,,,,,
As2Co0.234Fe1.766Sr1,iron_pnictide_122,mp-4488,,A1,14.4,3DSC_MP,,pending,,,single_crystal,sample_form_conditional_median:single_crystal,4.2,5.0,5.746354490991693,5.617814366126141,5.813389291270404,,5000,Hc2_unavailable,,,,,
As2Co0.234Fe1.766Sr1,iron_pnictide_122,mp-4488,,A1,14.4,3DSC_MP,,pending,,,single_crystal,sample_form_conditional_median:single_crystal,20.0,0.1,,,,,5000,Hc2_unavailable,,,,,
As2Co0.234Fe1.766Sr1,iron_pnictide_122,mp-4488,,A1,14.4,3DSC_MP,,pending,,,single_crystal,sample_form_conditional_median:single_crystal,20.0,1.0,,,,,5000,Hc2_unavailable,,,,,
As2Co0.234Fe1.766Sr1,iron_pnictide_122,mp-4488,,A1,14.4,3DSC_MP,,pending,,,single_crystal,sample_form_conditional_median:single_crystal,20.0,5.0,,,,,5000,Hc2_unavailable,,,,,
As2Co0.234Fe1.766Sr1,iron_pnictide_122,mp-4488,,A1,14.4,3DSC_MP,,pending,,,single_crystal,sample_form_conditional_median:single_crystal,11.088,0.1,4.824381254451489,4.490642845465438,4.9926794631598055,,5000,Hc2_unavailable,,,,,
As2Co0.234Fe1.766Sr1,iron_pnictide_122,mp-4488,,A1,14.4,3DSC_MP,,pending,,,single_crystal,sample_form_conditional_median:single_crystal,11.088,1.0,4.824381254451489,4.490642845465438,4.9926794631598055,,5000,Hc2_unavailable,,,,,
As2Co0.234Fe1.766Sr1,iron_pnictide_122,mp-4488,,A1,14.4,3DSC_MP,,pending,,,single_crystal,sample_form_conditional_median:single_crystal,11.088,5.0,4.824381254451489,4.490642845465438,4.9926794631598055,,5000,Hc2_unavailable,,,,,
As2Co0.248Fe1.752Sr1,iron_pnictide_122,mp-4488,,A1,13.2,3DSC_MP,,pending,,,single_crystal,sample_form_conditional_median:single_crystal,4.2,0.1,5.746354490991693,5.635326719245767,5.804297695181981,,5000,Hc2_unavailable,,,,,
As2Co0.248Fe1.752Sr1,iron_pnictide_122,mp-4488,,A1,13.2,3DSC_MP,,pending,,,single_crystal,sample_form_conditional_median:single_crystal,4.2,1.0,5.746354490991693,5.635326719245767,5.804297695181981,,5000,Hc2_unavailable,,,,,
As2Co0.248Fe1.752Sr1,iron_pnictide_122,mp-4488,,A1,13.2,3DSC_MP,,pending,,,single_crystal,sample_form_conditional_median:single_crystal,4.2,5.0,5.746354490991693,5.635326719245767,5.804297695181981,,5000,Hc2_unavailable,,,,,
As2Co0.248Fe1.752Sr1,iron_pnictide_122,mp-4488,,A1,13.2,3DSC_MP,,pending,,,single_crystal,sample_form_conditional_median:single_crystal,20.0,0.1,,,,,5000,Hc2_unavailable,,,,,
As2Co0.248Fe1.752Sr1,iron_pnictide_122,mp-4488,,A1,13.2,3DSC_MP,,pending,,,single_crystal,sample_form_conditional_median:single_crystal,20.0,1.0,,,,,5000,Hc2_unavailable,,,,,
As2Co0.248Fe1.752Sr1,iron_pnictide_122,mp-4488,,A1,13.2,3DSC_MP,,pending,,,single_crystal,sample_form_conditional_median:single_crystal,20.0,5.0,,,,,5000,Hc2_unavailable,,,,,
As2Co0.248Fe1.752Sr1,iron_pnictide_122,mp-4488,,A1,13.2,3DSC_MP,,pending,,,single_crystal,sample_form_conditional_median:single_crystal,10.164,0.1,4.8538633771383255,4.532645657467238,5.017572307583015,,5000,Hc2_unavailable,,,,,
As2Co0.248Fe1.752Sr1,iron_pnictide_122,mp-4488,,A1,13.2,3DSC_MP,,pending,,,single_crystal,sample_form_conditional_median:single_crystal,10.164,1.0,4.8538633771383255,4.532645657467238,5.017572307583015,,5000,Hc2_unavailable,,,,,
As2Co0.248Fe1.752Sr1,iron_pnictide_122,mp-4488,,A1,13.2,3DSC_MP,,pending,,,single_crystal,sample_form_conditional_median:single_crystal,10.164,5.0,4.8538633771383255,4.532645657467238,5.017572307583015,,5000,Hc2_unavailable,,,,,
As2Co0.24Eu1Fe1.76,iron_pnictide_122,mp-20890,,A1,2.0,3DSC_MP,,pending,,,single_crystal,sample_form_conditional_median:single_crystal,4.2,0.1,,,,,5000,Hc2_unavailable,,,,,
As2Co0.24Eu1Fe1.76,iron_pnictide_122,mp-20890,,A1,2.0,3DSC_MP,,pending,,,single_crystal,sample_form_conditional_median:single_crystal,4.2,1.0,,,,,5000,Hc2_unavailable,,,,,
As2Co0.24Eu1Fe1.76,iron_pnictide_122,mp-20890,,A1,2.0,3DSC_MP,,pending,,,single_crystal,sample_form_conditional_median:single_crystal,4.2,5.0,,,,,5000,Hc2_unavailable,,,,,
As2Co0.24Eu1Fe1.76,iron_pnictide_122,mp-20890,,A1,2.0,3DSC_MP,,pending,,,single_crystal,sample_form_conditional_median:single_crystal,20.0,0.1,,,,,5000,Hc2_unavailable,,,,,
As2Co0.24Eu1Fe1.76,iron_pnictide_122,mp-20890,,A1,2.0,3DSC_MP,,pending,,,single_crystal,sample_form_conditional_median:single_crystal,20.0,1.0,,,,,5000,Hc2_unavailable,,,,,
As2Co0.24Eu1Fe1.76,iron_pnictide_122,mp-20890,,A1,2.0,3DSC_MP,,pending,,,single_crystal,sample_form_conditional_median:single_crystal,20.0,5.0,,,,,5000,Hc2_unavailable,,,,,
As2Co0.24Eu1Fe1.76,iron_pnictide_122,mp-20890,,A1,2.0,3DSC_MP,,pending,,,single_crystal,sample_form_conditional_median:single_crystal,1.54,0.1,21.197339712781087,18.91122070811161,26.754504838458185,,5000,Hc2_unavailable,,,,,
As2Co0.24Eu1Fe1.76,iron_pnictide_122,mp-20890,,A1,2.0,3DSC_MP,,pending,,,single_crystal,sample_form_conditional_median:single_crystal,1.54,1.0,21.197339712781087,18.91122070811161,26.754504838458185,,5000,Hc2_unavailable,,,,,
As2Co0.24Eu1Fe1.76,iron_pnictide_122,mp-20890,,A1,2.0,3DSC_MP,,pending,,,single_crystal,sample_form_conditional_median:single_crystal,1.54,5.0,21.197339712781087,18.91122070811161,26.754504838458185,,5000,Hc2_unavailable,,,,,
As2Co0.24Fe1.76Sr1,iron_pnictide_122,mp-4488,,A1,13.5,3DSC_MP,,pending,,,single_crystal,sample_form_conditional_median:single_crystal,4.2,0.1,5.746354490991693,5.614582757298319,5.813389291270404,,5000,Hc2_unavailable,,,,,
As2Co0.24Fe1.76Sr1,iron_pnictide_122,mp-4488,,A1,13.5,3DSC_MP,,pending,,,single_crystal,sample_form_conditional_median:single_crystal,4.2,1.0,5.746354490991693,5.614582757298319,5.813389291270404,,5000,Hc2_unavailable,,,,,
As2Co0.24Fe1.76Sr1,iron_pnictide_122,mp-4488,,A1,13.5,3DSC_MP,,pending,,,single_crystal,sample_form_conditional_median:single_crystal,4.2,5.0,5.746354490991693,5.614582757298319,5.813389291270404,,5000,Hc2_unavailable,,,,,
As2Co0.24Fe1.76Sr1,iron_pnictide_122,mp-4488,,A1,13.5,3DSC_MP,,pending,,,single_crystal,sample_form_conditional_median:single_crystal,20.0,0.1,,,,,5000,Hc2_unavailable,,,,,
As2Co0.24Fe1.76Sr1,iron_pnictide_122,mp-4488,,A1,13.5,3DSC_MP,,pending,,,single_crystal,sample_form_conditional_median:single_crystal,20.0,1.0,,,,,5000,Hc2_unavailable,,,,,
As2Co0.24Fe1.76Sr1,iron_pnictide_122,mp-4488,,A1,13.5,3DSC_MP,,pending,,,single_crystal,sample_form_conditional_median:single_crystal,20.0,5.0,,,,,5000,Hc2_unavailable,,,,,
As2Co0.24Fe1.76Sr1,iron_pnictide_122,mp-4488,,A1,13.5,3DSC_MP,,pending,,,single_crystal,sample_form_conditional_median:single_crystal,10.395,0.1,4.845889925678689,4.5091056791283055,5.010492026352556,,5000,Hc2_unavailable,,,,,
As2Co0.24Fe1.76Sr1,iron_pnictide_122,mp-4488,,A1,13.5,3DSC_MP,,pending,,,single_crystal,sample_form_conditional_median:single_crystal,10.395,1.0,4.845889925678689,4.5091056791283055,5.010492026352556,,5000,Hc2_unavailable,,,,,
As2Co0.24Fe1.76Sr1,iron_pnictide_122,mp-4488,,A1,13.5,3DSC_MP,,pending,,,single_crystal,sample_form_conditional_median:single_crystal,10.395,5.0,4.845889925678689,4.5091056791283055,5.010492026352556,,5000,Hc2_unavailable,,,,,
As2Co0.25Fe1.75Sr1,iron_pnictide_122,mp-4488,,A1,15.7,3DSC_MP,,pending,,,single_crystal,sample_form_conditional_median:single_crystal,4.2,0.1,5.746354490991693,5.616211855142307,5.804297695181981,,5000,Hc2_unavailable,,,,,
As2Co0.25Fe1.75Sr1,iron_pnictide_122,mp-4488,,A1,15.7,3DSC_MP,,pending,,,single_crystal,sample_form_conditional_median:single_crystal,4.2,1.0,5.746354490991693,5.616211855142307,5.804297695181981,,5000,Hc2_unavailable,,,,,
As2Co0.25Fe1.75Sr1,iron_pnictide_122,mp-4488,,A1,15.7,3DSC_MP,,pending,,,single_crystal,sample_form_conditional_median:single_crystal,4.2,5.0,5.746354490991693,5.616211855142307,5.804297695181981,,5000,Hc2_unavailable,,,,,
As2Co0.25Fe1.75Sr1,iron_pnictide_122,mp-4488,,A1,15.7,3DSC_MP,,pending,,,single_crystal,sample_form_conditional_median:single_crystal,20.0,0.1,,,,,5000,Hc2_unavailable,,,,,
As2Co0.25Fe1.75Sr1,iron_pnictide_122,mp-4488,,A1,15.7,3DSC_MP,,pending,,,single_crystal,sample_form_conditional_median:single_crystal,20.0,1.0,,,,,5000,Hc2_unavailable,,,,,
As2Co0.25Fe1.75Sr1,iron_pnictide_122,mp-4488,,A1,15.7,3DSC_MP,,pending,,,single_crystal,sample_form_conditional_median:single_crystal,20.0,5.0,,,,,5000,Hc2_unavailable,,,,,
As2Co0.25Fe1.75Sr1,iron_pnictide_122,mp-4488,,A1,15.7,3DSC_MP,,pending,,,single_crystal,sample_form_conditional_median:single_crystal,12.089,0.1,4.797211074356545,4.449591757157889,4.970517095481171,,5000,Hc2_unavailable,,,,,
As2Co0.25Fe1.75Sr1,iron_pnictide_122,mp-4488,,A1,15.7,3DSC_MP,,pending,,,single_crystal,sample_form_conditional_median:single_crystal,12.089,1.0,4.797211074356545,4.449591757157889,4.970517095481171,,5000,Hc2_unavailable,,,,,
As2Co0.25Fe1.75Sr1,iron_pnictide_122,mp-4488,,A1,15.7,3DSC_MP,,pending,,,single_crystal,sample_form_conditional_median:single_crystal,12.089,5.0,4.797211074356545,4.449591757157889,4.970517095481171,,5000,Hc2_unavailable,,,,,
As2Co0.268Fe1.732Sr1,iron_pnictide_122,mp-4488,,A1,11.0,3DSC_MP,,pending,,,single_crystal,sample_form_conditional_median:single_crystal,4.2,0.1,5.746354490991693,5.636927477444992,5.804297695181981,,5000,Hc2_unavailable,,,,,
As2Co0.268Fe1.732Sr1,iron_pnictide_122,mp-4488,,A1,11.0,3DSC_MP,,pending,,,single_crystal,sample_form_conditional_median:single_crystal,4.2,1.0,5.746354490991693,5.636927477444992,5.804297695181981,,5000,Hc2_unavailable,,,,,
As2Co0.268Fe1.732Sr1,iron_pnictide_122,mp-4488,,A1,11.0,3DSC_MP,,pending,,,single_crystal,sample_form_conditional_median:single_crystal,4.2,5.0,5.746354490991693,5.636927477444992,5.804297695181981,,5000,Hc2_unavailable,,,,,
As2Co0.268Fe1.732Sr1,iron_pnictide_122,mp-4488,,A1,11.0,3DSC_MP,,pending,,,single_crystal,sample_form_conditional_median:single_crystal,20.0,0.1,,,,,5000,Hc2_unavailable,,,,,
As2Co0.268Fe1.732Sr1,iron_pnictide_122,mp-4488,,A1,11.0,3DSC_MP,,pending,,,single_crystal,sample_form_conditional_median:single_crystal,20.0,1.0,,,,,5000,Hc2_unavailable,,,,,
As2Co0.268Fe1.732Sr1,iron_pnictide_122,mp-4488,,A1,11.0,3DSC_MP,,pending,,,single_crystal,sample_form_conditional_median:single_crystal,20.0,5.0,,,,,5000,Hc2_unavailable,,,,,
As2Co0.268Fe1.732Sr1,iron_pnictide_122,mp-4488,,A1,11.0,3DSC_MP,,pending,,,single_crystal,sample_form_conditional_median:single_crystal,8.47,0.1,4.933836373479403,4.63888717544987,5.086188349317289,,5000,Hc2_unavailable,,,,,
As2Co0.268Fe1.732Sr1,iron_pnictide_122,mp-4488,,A1,11.0,3DSC_MP,,pending,,,single_crystal,sample_form_conditional_median:single_crystal,8.47,1.0,4.933836373479403,4.63888717544987,5.086188349317289,,5000,Hc2_unavailable,,,,,
As2Co0.268Fe1.732Sr1,iron_pnictide_122,mp-4488,,A1,11.0,3DSC_MP,,pending,,,single_crystal,sample_form_conditional_median:single_crystal,8.47,5.0,4.933836373479403,4.63888717544987,5.086188349317289,,5000,Hc2_unavailable,,,,,
As2Co0.2Fe1.8Sr1,iron_pnictide_122,mp-4488,,A1,18.365,3DSC_MP,,pending,,,single_crystal,sample_form_conditional_median:single_crystal,4.2,0.1,5.746354490991693,5.635326719245767,5.804297695181981,,5000,Hc2_unavailable,,,,,
As2Co0.2Fe1.8Sr1,iron_pnictide_122,mp-4488,,A1,18.365,3DSC_MP,,pending,,,single_crystal,sample_form_conditional_median:single_crystal,4.2,1.0,5.746354490991693,5.635326719245767,5.804297695181981,,5000,Hc2_unavailable,,,,,
As2Co0.2Fe1.8Sr1,iron_pnictide_122,mp-4488,,A1,18.365,3DSC_MP,,pending,,,single_crystal,sample_form_conditional_median:single_crystal,4.2,5.0,5.746354490991693,5.635326719245767,5.804297695181981,,5000,Hc2_unavailable,,,,,
As2Co0.2Fe1.8Sr1,iron_pnictide_122,mp-4488,,A1,18.365,3DSC_MP,,pending,,,single_crystal,sample_form_conditional_median:single_crystal,20.0,0.1,,,,,5000,Hc2_unavailable,,,,,
As2Co0.2Fe1.8Sr1,iron_pnictide_122,mp-4488,,A1,18.365,3DSC_MP,,pending,,,single_crystal,sample_form_conditional_median:single_crystal,20.0,1.0,,,,,5000,Hc2_unavailable,,,,,
As2Co0.2Fe1.8Sr1,iron_pnictide_122,mp-4488,,A1,18.365,3DSC_MP,,pending,,,single_crystal,sample_form_conditional_median:single_crystal,20.0,5.0,,,,,5000,Hc2_unavailable,,,,,
As2Co0.2Fe1.8Sr1,iron_pnictide_122,mp-4488,,A1,18.365,3DSC_MP,,pending,,,single_crystal,sample_form_conditional_median:single_crystal,14.14105,0.1,4.754306948628609,4.398694428681467,4.934230790537495,,5000,Hc2_unavailable,,,,,
As2Co0.2Fe1.8Sr1,iron_pnictide_122,mp-4488,,A1,18.365,3DSC_MP,,pending,,,single_crystal,sample_form_conditional_median:single_crystal,14.14105,1.0,4.754306948628609,4.398694428681467,4.934230790537495,,5000,Hc2_unavailable,,,,,
As2Co0.2Fe1.8Sr1,iron_pnictide_122,mp-4488,,A1,18.365,3DSC_MP,,pending,,,single_crystal,sample_form_conditional_median:single_crystal,14.14105,5.0,4.754306948628609,4.398694428681467,4.934230790537495,,5000,Hc2_unavailable,,,,,
As2Co0.3Fe1.7Sr1,iron_pnictide_122,mp-4488,,A1,13.2,3DSC_MP,,pending,,,single_crystal,sample_form_conditional_median:single_crystal,4.2,0.1,5.746354490991693,5.635326719245767,5.804964475493147,,5000,Hc2_unavailable,,,,,
As2Co0.3Fe1.7Sr1,iron_pnictide_122,mp-4488,,A1,13.2,3DSC_MP,,pending,,,single_crystal,sample_form_conditional_median:single_crystal,4.2,1.0,5.746354490991693,5.635326719245767,5.804964475493147,,5000,Hc2_unavailable,,,,,
As2Co0.3Fe1.7Sr1,iron_pnictide_122,mp-4488,,A1,13.2,3DSC_MP,,pending,,,single_crystal,sample_form_conditional_median:single_crystal,4.2,5.0,5.746354490991693,5.635326719245767,5.804964475493147,,5000,Hc2_unavailable,,,,,
As2Co0.3Fe1.7Sr1,iron_pnictide_122,mp-4488,,A1,13.2,3DSC_MP,,pending,,,single_crystal,sample_form_conditional_median:single_crystal,20.0,0.1,,,,,5000,Hc2_unavailable,,,,,
As2Co0.3Fe1.7Sr1,iron_pnictide_122,mp-4488,,A1,13.2,3DSC_MP,,pending,,,single_crystal,sample_form_conditional_median:single_crystal,20.0,1.0,,,,,5000,Hc2_unavailable,,,,,
As2Co0.3Fe1.7Sr1,iron_pnictide_122,mp-4488,,A1,13.2,3DSC_MP,,pending,,,single_crystal,sample_form_conditional_median:single_crystal,20.0,5.0,,,,,5000,Hc2_unavailable,,,,,
As2Co0.3Fe1.7Sr1,iron_pnictide_122,mp-4488,,A1,13.2,3DSC_MP,,pending,,,single_crystal,sample_form_conditional_median:single_crystal,10.164,0.1,4.8552980710454765,4.534286204049865,5.017572311109592,,5000,Hc2_unavailable,,,,,
As2Co0.3Fe1.7Sr1,iron_pnictide_122,mp-4488,,A1,13.2,3DSC_MP,,pending,,,single_crystal,sample_form_conditional_median:single_crystal,10.164,1.0,4.8552980710454765,4.534286204049865,5.017572311109592,,5000,Hc2_unavailable,,,,,
As2Co0.3Fe1.7Sr1,iron_pnictide_122,mp-4488,,A1,13.2,3DSC_MP,,pending,,,single_crystal,sample_form_conditional_median:single_crystal,10.164,5.0,4.8552980710454765,4.534286204049865,5.017572311109592,,5000,Hc2_unavailable,,,,,
As2Cs1Fe2,iron_pnictide_122,mp-28884,,A1,2.08,3DSC_MP,,pending,,,single_crystal,sample_form_conditional_median:single_crystal,4.2,0.1,,,,,5000,Hc2_unavailable,,,,,
As2Cs1Fe2,iron_pnictide_122,mp-28884,,A1,2.08,3DSC_MP,,pending,,,single_crystal,sample_form_conditional_median:single_crystal,4.2,1.0,,,,,5000,Hc2_unavailable,,,,,
As2Cs1Fe2,iron_pnictide_122,mp-28884,,A1,2.08,3DSC_MP,,pending,,,single_crystal,sample_form_conditional_median:single_crystal,4.2,5.0,,,,,5000,Hc2_unavailable,,,,,
As2Cs1Fe2,iron_pnictide_122,mp-28884,,A1,2.08,3DSC_MP,,pending,,,single_crystal,sample_form_conditional_median:single_crystal,20.0,0.1,,,,,5000,Hc2_unavailable,,,,,
As2Cs1Fe2,iron_pnictide_122,mp-28884,,A1,2.08,3DSC_MP,,pending,,,single_crystal,sample_form_conditional_median:single_crystal,20.0,1.0,,,,,5000,Hc2_unavailable,,,,,
As2Cs1Fe2,iron_pnictide_122,mp-28884,,A1,2.08,3DSC_MP,,pending,,,single_crystal,sample_form_conditional_median:single_crystal,20.0,5.0,,,,,5000,Hc2_unavailable,,,,,
As2Cs1Fe2,iron_pnictide_122,mp-28884,,A1,2.08,3DSC_MP,,pending,,,single_crystal,sample_form_conditional_median:single_crystal,1.6016,0.1,21.19674397181576,18.92531780553421,26.68253720556045,,5000,Hc2_unavailable,,,,,
As2Cs1Fe2,iron_pnictide_122,mp-28884,,A1,2.08,3DSC_MP,,pending,,,single_crystal,sample_form_conditional_median:single_crystal,1.6016,1.0,21.19674397181576,18.92531780553421,26.68253720556045,,5000,Hc2_unavailable,,,,,
As2Cs1Fe2,iron_pnictide_122,mp-28884,,A1,2.08,3DSC_MP,,pending,,,single_crystal,sample_form_conditional_median:single_crystal,1.6016,5.0,21.19674397181576,18.92531780553421,26.68253720556045,,5000,Hc2_unavailable,,,,,
As2Eu0.7Fe2Na0.3,iron_pnictide_122,mp-20890,,A1,32.0,3DSC_MP,,pending,,,single_crystal,sample_form_conditional_median:single_crystal,4.2,0.1,5.746354490991693,5.635326719245767,5.802181694508696,,5000,Hc2_unavailable,,,,,
As2Eu0.7Fe2Na0.3,iron_pnictide_122,mp-20890,,A1,32.0,3DSC_MP,,pending,,,single_crystal,sample_form_conditional_median:single_crystal,4.2,1.0,5.746354490991693,5.635326719245767,5.802181694508696,,5000,Hc2_unavailable,,,,,
As2Eu0.7Fe2Na0.3,iron_pnictide_122,mp-20890,,A1,32.0,3DSC_MP,,pending,,,single_crystal,sample_form_conditional_median:single_crystal,4.2,5.0,5.746354490991693,5.635326719245767,5.802181694508696,,5000,Hc2_unavailable,,,,,
As2Eu0.7Fe2Na0.3,iron_pnictide_122,mp-20890,,A1,32.0,3DSC_MP,,pending,,,single_crystal,sample_form_conditional_median:single_crystal,20.0,0.1,5.053299976634053,4.793202567741113,5.186781613727642,,5000,Hc2_unavailable,,,,,
As2Eu0.7Fe2Na0.3,iron_pnictide_122,mp-20890,,A1,32.0,3DSC_MP,,pending,,,single_crystal,sample_form_conditional_median:single_crystal,20.0,1.0,5.053299976634053,4.793202567741113,5.186781613727642,,5000,Hc2_unavailable,,,,,
As2Eu0.7Fe2Na0.3,iron_pnictide_122,mp-20890,,A1,32.0,3DSC_MP,,pending,,,single_crystal,sample_form_conditional_median:single_crystal,20.0,5.0,5.053299976634053,4.793202567741113,5.186781613727642,,5000,Hc2_unavailable,,,,,
As2Eu0.7Fe2Na0.3,iron_pnictide_122,mp-20890,,A1,32.0,3DSC_MP,,pending,,,single_crystal,sample_form_conditional_median:single_crystal,24.64,0.1,4.66235911311989,4.255603350561099,4.851292993649069,,5000,Hc2_unavailable,,,,,
As2Eu0.7Fe2Na0.3,iron_pnictide_122,mp-20890,,A1,32.0,3DSC_MP,,pending,,,single_crystal,sample_form_conditional_median:single_crystal,24.64,1.0,4.66235911311989,4.255603350561099,4.851292993649069,,5000,Hc2_unavailable,,,,,
As2Eu0.7Fe2Na0.3,iron_pnictide_122,mp-20890,,A1,32.0,3DSC_MP,,pending,,,single_crystal,sample_form_conditional_median:single_crystal,24.64,5.0,4.66235911311989,4.255603350561099,4.851292993649069,,5000,Hc2_unavailable,,,,,
As2Eu1Fe1.72Ir0.28,iron_pnictide_122,mp-20890,,A1,21.66666667,3DSC_MP,,pending,,,single_crystal,sample_form_conditional_median:single_crystal,4.2,0.1,5.746354490991693,5.635326719245767,5.804297695181981,,5000,Hc2_unavailable,,,,,
As2Eu1Fe1.72Ir0.28,iron_pnictide_122,mp-20890,,A1,21.66666667,3DSC_MP,,pending,,,single_crystal,sample_form_conditional_median:single_crystal,4.2,1.0,5.746354490991693,5.635326719245767,5.804297695181981,,5000,Hc2_unavailable,,,,,
As2Eu1Fe1.72Ir0.28,iron_pnictide_122,mp-20890,,A1,21.66666667,3DSC_MP,,pending,,,single_crystal,sample_form_conditional_median:single_crystal,4.2,5.0,5.746354490991693,5.635326719245767,5.804297695181981,,5000,Hc2_unavailable,,,,,
As2Eu1Fe1.72Ir0.28,iron_pnictide_122,mp-20890,,A1,21.66666667,3DSC_MP,,pending,,,single_crystal,sample_form_conditional_median:single_crystal,20.0,0.1,3.843373782237623,3.176351484847088,4.144770206555718,,5000,Hc2_unavailable,,,,,
As2Eu1Fe1.72Ir0.28,iron_pnictide_122,mp-20890,,A1,21.66666667,3DSC_MP,,pending,,,single_crystal,sample_form_conditional_median:single_crystal,20.0,1.0,3.843373782237623,3.176351484847088,4.144770206555718,,5000,Hc2_unavailable,,,,,
As2Eu1Fe1.72Ir0.28,iron_pnictide_122,mp-20890,,A1,21.66666667,3DSC_MP,,pending,,,single_crystal,sample_form_conditional_median:single_crystal,20.0,5.0,3.843373782237623,3.176351484847088,4.144770206555718,,5000,Hc2_unavailable,,,,,
As2Eu1Fe1.72Ir0.28,iron_pnictide_122,mp-20890,,A1,21.66666667,3DSC_MP,,pending,,,single_crystal,sample_form_conditional_median:single_crystal,16.683333335900002,0.1,4.71945548487154,4.363294298173888,4.902613211526187,,5000,Hc2_unavailable,,,,,
As2Eu1Fe1.72Ir0.28,iron_pnictide_122,mp-20890,,A1,21.66666667,3DSC_MP,,pending,,,single_crystal,sample_form_conditional_median:single_crystal,16.683333335900002,1.0,4.71945548487154,4.363294298173888,4.902613211526187,,5000,Hc2_unavailable,,,,,
As2Eu1Fe1.72Ir0.28,iron_pnictide_122,mp-20890,,A1,21.66666667,3DSC_MP,,pending,,,single_crystal,sample_form_conditional_median:single_crystal,16.683333335900002,5.0,4.71945548487154,4.363294298173888,4.902613211526187,,5000,Hc2_unavailable,,,,,
As2Eu1Fe1.78Ir0.22,iron_pnictide_122,mp-20890,,A1,21.0,3DSC_MP,,pending,,,single_crystal,sample_form_conditional_median:single_crystal,4.2,0.1,5.746354490991693,5.636927477444992,5.804297695181981,,5000,Hc2_unavailable,,,,,
As2Eu1Fe1.78Ir0.22,iron_pnictide_122,mp-20890,,A1,21.0,3DSC_MP,,pending,,,single_crystal,sample_form_conditional_median:single_crystal,4.2,1.0,5.746354490991693,5.636927477444992,5.804297695181981,,5000,Hc2_unavailable,,,,,
As2Eu1Fe1.78Ir0.22,iron_pnictide_122,mp-20890,,A1,21.0,3DSC_MP,,pending,,,single_crystal,sample_form_conditional_median:single_crystal,4.2,5.0,5.746354490991693,5.636927477444992,5.804297695181981,,5000,Hc2_unavailable,,,,,
As2Eu1Fe1.78Ir0.22,iron_pnictide_122,mp-20890,,A1,21.0,3DSC_MP,,pending,,,single_crystal,sample_form_conditional_median:single_crystal,20.0,0.1,3.4670212620801,2.646310798090977,3.825803759110707,,5000,Hc2_unavailable,,,,,
As2Eu1Fe1.78Ir0.22,iron_pnictide_122,mp-20890,,A1,21.0,3DSC_MP,,pending,,,single_crystal,sample_form_conditional_median:single_crystal,20.0,1.0,3.4670212620801,2.646310798090977,3.825803759110707,,5000,Hc2_unavailable,,,,,
As2Eu1Fe1.78Ir0.22,iron_pnictide_122,mp-20890,,A1,21.0,3DSC_MP,,pending,,,single_crystal,sample_form_conditional_median:single_crystal,20.0,5.0,3.4670212620801,2.646310798090977,3.825803759110707,,5000,Hc2_unavailable,,,,,
As2Eu1Fe1.78Ir0.22,iron_pnictide_122,mp-20890,,A1,21.0,3DSC_MP,,pending,,,single_crystal,sample_form_conditional_median:single_crystal,16.17,0.1,4.72287405490735,4.360539642392768,4.909030995587563,,5000,Hc2_unavailable,,,,,
As2Eu1Fe1.78Ir0.22,iron_pnictide_122,mp-20890,,A1,21.0,3DSC_MP,,pending,,,single_crystal,sample_form_conditional_median:single_crystal,16.17,1.0,4.72287405490735,4.360539642392768,4.909030995587563,,5000,Hc2_unavailable,,,,,
As2Eu1Fe1.78Ir0.22,iron_pnictide_122,mp-20890,,A1,21.0,3DSC_MP,,pending,,,single_crystal,sample_form_conditional_median:single_crystal,16.17,5.0,4.72287405490735,4.360539642392768,4.909030995587563,,5000,Hc2_unavailable,,,,,
As2Fe1.75Pt0.25Sr1,iron_pnictide_122,mp-4488,,A1,16.3,3DSC_MP,,pending,,,single_crystal,sample_form_conditional_median:single_crystal,4.2,0.1,5.746354490991693,5.614582757298319,5.804297695181981,,5000,Hc2_unavailable,,,,,
As2Fe1.75Pt0.25Sr1,iron_pnictide_122,mp-4488,,A1,16.3,3DSC_MP,,pending,,,single_crystal,sample_form_conditional_median:single_crystal,4.2,1.0,5.746354490991693,5.614582757298319,5.804297695181981,,5000,Hc2_unavailable,,,,,
As2Fe1.75Pt0.25Sr1,iron_pnictide_122,mp-4488,,A1,16.3,3DSC_MP,,pending,,,single_crystal,sample_form_conditional_median:single_crystal,4.2,5.0,5.746354490991693,5.614582757298319,5.804297695181981,,5000,Hc2_unavailable,,,,,
As2Fe1.75Pt0.25Sr1,iron_pnictide_122,mp-4488,,A1,16.3,3DSC_MP,,pending,,,single_crystal,sample_form_conditional_median:single_crystal,20.0,0.1,,,,,5000,Hc2_unavailable,,,,,
As2Fe1.75Pt0.25Sr1,iron_pnictide_122,mp-4488,,A1,16.3,3DSC_MP,,pending,,,single_crystal,sample_form_conditional_median:single_crystal,20.0,1.0,,,,,5000,Hc2_unavailable,,,,,
As2Fe1.75Pt0.25Sr1,iron_pnictide_122,mp-4488,,A1,16.3,3DSC_MP,,pending,,,single_crystal,sample_form_conditional_median:single_crystal,20.0,5.0,,,,,5000,Hc2_unavailable,,,,,
As2Fe1.75Pt0.25Sr1,iron_pnictide_122,mp-4488,,A1,16.3,3DSC_MP,,pending,,,single_crystal,sample_form_conditional_median:single_crystal,12.551,0.1,4.783128333195549,4.438031923027462,4.959216514514904,,5000,Hc2_unavailable,,,,,
As2Fe1.75Pt0.25Sr1,iron_pnictide_122,mp-4488,,A1,16.3,3DSC_MP,,pending,,,single_crystal,sample_form_conditional_median:single_crystal,12.551,1.0,4.783128333195549,4.438031923027462,4.959216514514904,,5000,Hc2_unavailable,,,,,
As2Fe1.75Pt0.25Sr1,iron_pnictide_122,mp-4488,,A1,16.3,3DSC_MP,,pending,,,single_crystal,sample_form_conditional_median:single_crystal,12.551,5.0,4.783128333195549,4.438031923027462,4.959216514514904,,5000,Hc2_unavailable,,,,,
As2Fe1.75Rh0.25Sr1,iron_pnictide_122,mp-4488,,A1,21.9,3DSC_MP,,pending,,,single_crystal,sample_form_conditional_median:single_crystal,4.2,0.1,5.746354490991693,5.635326719245767,5.802165025000917,,5000,Hc2_unavailable,,,,,
As2Fe1.75Rh0.25Sr1,iron_pnictide_122,mp-4488,,A1,21.9,3DSC_MP,,pending,,,single_crystal,sample_form_conditional_median:single_crystal,4.2,1.0,5.746354490991693,5.635326719245767,5.802165025000917,,5000,Hc2_unavailable,,,,,
As2Fe1.75Rh0.25Sr1,iron_pnictide_122,mp-4488,,A1,21.9,3DSC_MP,,pending,,,single_crystal,sample_form_conditional_median:single_crystal,4.2,5.0,5.746354490991693,5.635326719245767,5.802165025000917,,5000,Hc2_unavailable,,,,,
As2Fe1.75Rh0.25Sr1,iron_pnictide_122,mp-4488,,A1,21.9,3DSC_MP,,pending,,,single_crystal,sample_form_conditional_median:single_crystal,20.0,0.1,3.931952793002508,3.2811141195213813,4.230478552851416,,5000,Hc2_unavailable,,,,,
As2Fe1.75Rh0.25Sr1,iron_pnictide_122,mp-4488,,A1,21.9,3DSC_MP,,pending,,,single_crystal,sample_form_conditional_median:single_crystal,20.0,1.0,3.931952793002508,3.2811141195213813,4.230478552851416,,5000,Hc2_unavailable,,,,,
As2Fe1.75Rh0.25Sr1,iron_pnictide_122,mp-4488,,A1,21.9,3DSC_MP,,pending,,,single_crystal,sample_form_conditional_median:single_crystal,20.0,5.0,3.931952793002508,3.2811141195213813,4.230478552851416,,5000,Hc2_unavailable,,,,,
As2Fe1.75Rh0.25Sr1,iron_pnictide_122,mp-4488,,A1,21.9,3DSC_MP,,pending,,,single_crystal,sample_form_conditional_median:single_crystal,16.863,0.1,4.716730962022365,4.343555439186183,4.900857264110639,,5000,Hc2_unavailable,,,,,
As2Fe1.75Rh0.25Sr1,iron_pnictide_122,mp-4488,,A1,21.9,3DSC_MP,,pending,,,single_crystal,sample_form_conditional_median:single_crystal,16.863,1.0,4.716730962022365,4.343555439186183,4.900857264110639,,5000,Hc2_unavailable,,,,,
As2Fe1.75Rh0.25Sr1,iron_pnictide_122,mp-4488,,A1,21.9,3DSC_MP,,pending,,,single_crystal,sample_form_conditional_median:single_crystal,16.863,5.0,4.716730962022365,4.343555439186183,4.900857264110639,,5000,Hc2_unavailable,,,,,
As2Fe1.78Ni0.22Sr1,iron_pnictide_122,mp-4488,,A1,2.305,3DSC_MP,,pending,,,single_crystal,sample_form_conditional_median:single_crystal,4.2,0.1,,,,,5000,Hc2_unavailable,,,,,
As2Fe1.78Ni0.22Sr1,iron_pnictide_122,mp-4488,,A1,2.305,3DSC_MP,,pending,,,single_crystal,sample_form_conditional_median:single_crystal,4.2,1.0,,,,,5000,Hc2_unavailable,,,,,
As2Fe1.78Ni0.22Sr1,iron_pnictide_122,mp-4488,,A1,2.305,3DSC_MP,,pending,,,single_crystal,sample_form_conditional_median:single_crystal,4.2,5.0,,,,,5000,Hc2_unavailable,,,,,
As2Fe1.78Ni0.22Sr1,iron_pnictide_122,mp-4488,,A1,2.305,3DSC_MP,,pending,,,single_crystal,sample_form_conditional_median:single_crystal,20.0,0.1,,,,,5000,Hc2_unavailable,,,,,
As2Fe1.78Ni0.22Sr1,iron_pnictide_122,mp-4488,,A1,2.305,3DSC_MP,,pending,,,single_crystal,sample_form_conditional_median:single_crystal,20.0,1.0,,,,,5000,Hc2_unavailable,,,,,
As2Fe1.78Ni0.22Sr1,iron_pnictide_122,mp-4488,,A1,2.305,3DSC_MP,,pending,,,single_crystal,sample_form_conditional_median:single_crystal,20.0,5.0,,,,,5000,Hc2_unavailable,,,,,
As2Fe1.78Ni0.22Sr1,iron_pnictide_122,mp-4488,,A1,2.305,3DSC_MP,,pending,,,single_crystal,sample_form_conditional_median:single_crystal,1.7748500000000005,0.1,21.21124100770681,18.90697171404242,26.77510779914627,,5000,Hc2_unavailable,,,,,
As2Fe1.78Ni0.22Sr1,iron_pnictide_122,mp-4488,,A1,2.305,3DSC_MP,,pending,,,single_crystal,sample_form_conditional_median:single_crystal,1.7748500000000005,1.0,21.21124100770681,18.90697171404242,26.77510779914627,,5000,Hc2_unavailable,,,,,
As2Fe1.78Ni0.22Sr1,iron_pnictide_122,mp-4488,,A1,2.305,3DSC_MP,,pending,,,single_crystal,sample_form_conditional_median:single_crystal,1.7748500000000005,5.0,21.21124100770681,18.90697171404242,26.77510779914627,,5000,Hc2_unavailable,,,,,
As2Fe1.7Pt0.3Sr1,iron_pnictide_122,mp-4488,,A1,12.6,3DSC_MP,,pending,,,single_crystal,sample_form_conditional_median:single_crystal,4.2,0.1,5.746354490991693,5.617814366126141,5.804297695181981,,5000,Hc2_unavailable,,,,,
As2Fe1.7Pt0.3Sr1,iron_pnictide_122,mp-4488,,A1,12.6,3DSC_MP,,pending,,,single_crystal,sample_form_conditional_median:single_crystal,4.2,1.0,5.746354490991693,5.617814366126141,5.804297695181981,,5000,Hc2_unavailable,,,,,
As2Fe1.7Pt0.3Sr1,iron_pnictide_122,mp-4488,,A1,12.6,3DSC_MP,,pending,,,single_crystal,sample_form_conditional_median:single_crystal,4.2,5.0,5.746354490991693,5.617814366126141,5.804297695181981,,5000,Hc2_unavailable,,,,,
As2Fe1.7Pt0.3Sr1,iron_pnictide_122,mp-4488,,A1,12.6,3DSC_MP,,pending,,,single_crystal,sample_form_conditional_median:single_crystal,20.0,0.1,,,,,5000,Hc2_unavailable,,,,,
As2Fe1.7Pt0.3Sr1,iron_pnictide_122,mp-4488,,A1,12.6,3DSC_MP,,pending,,,single_crystal,sample_form_conditional_median:single_crystal,20.0,1.0,,,,,5000,Hc2_unavailable,,,,,
As2Fe1.7Pt0.3Sr1,iron_pnictide_122,mp-4488,,A1,12.6,3DSC_MP,,pending,,,single_crystal,sample_form_conditional_median:single_crystal,20.0,5.0,,,,,5000,Hc2_unavailable,,,,,
As2Fe1.7Pt0.3Sr1,iron_pnictide_122,mp-4488,,A1,12.6,3DSC_MP,,pending,,,single_crystal,sample_form_conditional_median:single_crystal,9.702,0.1,4.871231489751917,4.551058376227713,5.034567689898478,,5000,Hc2_unavailable,,,,,
As2Fe1.7Pt0.3Sr1,iron_pnictide_122,mp-4488,,A1,12.6,3DSC_MP,,pending,,,single_crystal,sample_form_conditional_median:single_crystal,9.702,1.0,4.871231489751917,4.551058376227713,5.034567689898478,,5000,Hc2_unavailable,,,,,
As2Fe1.7Pt0.3Sr1,iron_pnictide_122,mp-4488,,A1,12.6,3DSC_MP,,pending,,,single_crystal,sample_form_conditional_median:single_crystal,9.702,5.0,4.871231489751917,4.551058376227713,5.034567689898478,,5000,Hc2_unavailable,,,,,
As2Fe1.82Ni0.18Sr1,iron_pnictide_122,mp-4488,,A1,9.6,3DSC_MP,,pending,,,single_crystal,sample_form_conditional_median:single_crystal,4.2,0.1,5.746354490991693,5.614582757298319,5.804297695181981,,5000,Hc2_unavailable,,,,,
As2Fe1.82Ni0.18Sr1,iron_pnictide_122,mp-4488,,A1,9.6,3DSC_MP,,pending,,,single_crystal,sample_form_conditional_median:single_crystal,4.2,1.0,5.746354490991693,5.614582757298319,5.804297695181981,,5000,Hc2_unavailable,,,,,
As2Fe1.82Ni0.18Sr1,iron_pnictide_122,mp-4488,,A1,9.6,3DSC_MP,,pending,,,single_crystal,sample_form_conditional_median:single_crystal,4.2,5.0,5.746354490991693,5.614582757298319,5.804297695181981,,5000,Hc2_unavailable,,,,,
As2Fe1.82Ni0.18Sr1,iron_pnictide_122,mp-4488,,A1,9.6,3DSC_MP,,pending,,,single_crystal,sample_form_conditional_median:single_crystal,20.0,0.1,,,,,5000,Hc2_unavailable,,,,,
As2Fe1.82Ni0.18Sr1,iron_pnictide_122,mp-4488,,A1,9.6,3DSC_MP,,pending,,,single_crystal,sample_form_conditional_median:single_crystal,20.0,1.0,,,,,5000,Hc2_unavailable,,,,,
As2Fe1.82Ni0.18Sr1,iron_pnictide_122,mp-4488,,A1,9.6,3DSC_MP,,pending,,,single_crystal,sample_form_conditional_median:single_crystal,20.0,5.0,,,,,5000,Hc2_unavailable,,,,,
As2Fe1.82Ni0.18Sr1,iron_pnictide_122,mp-4488,,A1,9.6,3DSC_MP,,pending,,,single_crystal,sample_form_conditional_median:single_crystal,7.391999999999999,0.1,5.004704318000527,4.743378395999047,5.150622448302585,,5000,Hc2_unavailable,,,,,
As2Fe1.82Ni0.18Sr1,iron_pnictide_122,mp-4488,,A1,9.6,3DSC_MP,,pending,,,single_crystal,sample_form_conditional_median:single_crystal,7.391999999999999,1.0,5.004704318000527,4.743378395999047,5.150622448302585,,5000,Hc2_unavailable,,,,,
As2Fe1.82Ni0.18Sr1,iron_pnictide_122,mp-4488,,A1,9.6,3DSC_MP,,pending,,,single_crystal,sample_form_conditional_median:single_crystal,7.391999999999999,5.0,5.004704318000527,4.743378395999047,5.150622448302585,,5000,Hc2_unavailable,,,,,
As2Fe1.84Ni0.16Sr1,iron_pnictide_122,mp-4488,,A1,8.65,3DSC_MP,,pending,,,single_crystal,sample_form_conditional_median:single_crystal,4.2,0.1,5.746354490991693,5.614582757298319,5.813389291270404,,5000,Hc2_unavailable,,,,,
As2Fe1.84Ni0.16Sr1,iron_pnictide_122,mp-4488,,A1,8.65,3DSC_MP,,pending,,,single_crystal,sample_form_conditional_median:single_crystal,4.2,1.0,5.746354490991693,5.614582757298319,5.813389291270404,,5000,Hc2_unavailable,,,,,
As2Fe1.84Ni0.16Sr1,iron_pnictide_122,mp-4488,,A1,8.65,3DSC_MP,,pending,,,single_crystal,sample_form_conditional_median:single_crystal,4.2,5.0,5.746354490991693,5.614582757298319,5.813389291270404,,5000,Hc2_unavailable,,,,,
As2Fe1.84Ni0.16Sr1,iron_pnictide_122,mp-4488,,A1,8.65,3DSC_MP,,pending,,,single_crystal,sample_form_conditional_median:single_crystal,20.0,0.1,,,,,5000,Hc2_unavailable,,,,,
As2Fe1.84Ni0.16Sr1,iron_pnictide_122,mp-4488,,A1,8.65,3DSC_MP,,pending,,,single_crystal,sample_form_conditional_median:single_crystal,20.0,1.0,,,,,5000,Hc2_unavailable,,,,,
As2Fe1.84Ni0.16Sr1,iron_pnictide_122,mp-4488,,A1,8.65,3DSC_MP,,pending,,,single_crystal,sample_form_conditional_median:single_crystal,20.0,5.0,,,,,5000,Hc2_unavailable,,,,,
As2Fe1.84Ni0.16Sr1,iron_pnictide_122,mp-4488,,A1,8.65,3DSC_MP,,pending,,,single_crystal,sample_form_conditional_median:single_crystal,6.660500000000001,0.1,5.079998995300844,4.840141968352446,5.211734875666548,,5000,Hc2_unavailable,,,,,
As2Fe1.84Ni0.16Sr1,iron_pnictide_122,mp-4488,,A1,8.65,3DSC_MP,,pending,,,single_crystal,sample_form_conditional_median:single_crystal,6.660500000000001,1.0,5.079998995300844,4.840141968352446,5.211734875666548,,5000,Hc2_unavailable,,,,,
As2Fe1.84Ni0.16Sr1,iron_pnictide_122,mp-4488,,A1,8.65,3DSC_MP,,pending,,,single_crystal,sample_form_conditional_median:single_crystal,6.660500000000001,5.0,5.079998995300844,4.840141968352446,5.211734875666548,,5000,Hc2_unavailable,,,,,
As2Fe1.84Pt0.16Sr1,iron_pnictide_122,mp-4488,,A1,16.0,3DSC_MP,,pending,,,single_crystal,sample_form_conditional_median:single_crystal,4.2,0.1,5.746354490991693,5.635326719245767,5.804297695181981,,5000,Hc2_unavailable,,,,,
As2Fe1.84Pt0.16Sr1,iron_pnictide_122,mp-4488,,A1,16.0,3DSC_MP,,pending,,,single_crystal,sample_form_conditional_median:single_crystal,4.2,1.0,5.746354490991693,5.635326719245767,5.804297695181981,,5000,Hc2_unavailable,,,,,
As2Fe1.84Pt0.16Sr1,iron_pnictide_122,mp-4488,,A1,16.0,3DSC_MP,,pending,,,single_crystal,sample_form_conditional_median:single_crystal,4.2,5.0,5.746354490991693,5.635326719245767,5.804297695181981,,5000,Hc2_unavailable,,,,,
As2Fe1.84Pt0.16Sr1,iron_pnictide_122,mp-4488,,A1,16.0,3DSC_MP,,pending,,,single_crystal,sample_form_conditional_median:single_crystal,20.0,0.1,,,,,5000,Hc2_unavailable,,,,,
As2Fe1.84Pt0.16Sr1,iron_pnictide_122,mp-4488,,A1,16.0,3DSC_MP,,pending,,,single_crystal,sample_form_conditional_median:single_crystal,20.0,1.0,,,,,5000,Hc2_unavailable,,,,,
As2Fe1.84Pt0.16Sr1,iron_pnictide_122,mp-4488,,A1,16.0,3DSC_MP,,pending,,,single_crystal,sample_form_conditional_median:single_crystal,20.0,5.0,,,,,5000,Hc2_unavailable,,,,,
As2Fe1.84Pt0.16Sr1,iron_pnictide_122,mp-4488,,A1,16.0,3DSC_MP,,pending,,,single_crystal,sample_form_conditional_median:single_crystal,12.32,0.1,4.792087110993128,4.439708678266563,4.963729830441938,,5000,Hc2_unavailable,,,,,
As2Fe1.84Pt0.16Sr1,iron_pnictide_122,mp-4488,,A1,16.0,3DSC_MP,,pending,,,single_crystal,sample_form_conditional_median:single_crystal,12.32,1.0,4.792087110993128,4.439708678266563,4.963729830441938,,5000,Hc2_unavailable,,,,,
As2Fe1.84Pt0.16Sr1,iron_pnictide_122,mp-4488,,A1,16.0,3DSC_MP,,pending,,,single_crystal,sample_form_conditional_median:single_crystal,12.32,5.0,4.792087110993128,4.439708678266563,4.963729830441938,,5000,Hc2_unavailable,,,,,
As2Fe1.85Ni0.15Sr1,iron_pnictide_122,mp-4488,,A1,8.93,3DSC_MP,,pending,,,single_crystal,sample_form_conditional_median:single_crystal,4.2,0.1,5.746354490991693,5.617814366126141,5.804297695181981,,5000,Hc2_unavailable,,,,,
As2Fe1.85Ni0.15Sr1,iron_pnictide_122,mp-4488,,A1,8.93,3DSC_MP,,pending,,,single_crystal,sample_form_conditional_median:single_crystal,4.2,1.0,5.746354490991693,5.617814366126141,5.804297695181981,,5000,Hc2_unavailable,,,,,
As2Fe1.85Ni0.15Sr1,iron_pnictide_122,mp-4488,,A1,8.93,3DSC_MP,,pending,,,single_crystal,sample_form_conditional_median:single_crystal,4.2,5.0,5.746354490991693,5.617814366126141,5.804297695181981,,5000,Hc2_unavailable,,,,,
As2Fe1.85Ni0.15Sr1,iron_pnictide_122,mp-4488,,A1,8.93,3DSC_MP,,pending,,,single_crystal,sample_form_conditional_median:single_crystal,20.0,0.1,,,,,5000,Hc2_unavailable,,,,,
As2Fe1.85Ni0.15Sr1,iron_pnictide_122,mp-4488,,A1,8.93,3DSC_MP,,pending,,,single_crystal,sample_form_conditional_median:single_crystal,20.0,1.0,,,,,5000,Hc2_unavailable,,,,,
As2Fe1.85Ni0.15Sr1,iron_pnictide_122,mp-4488,,A1,8.93,3DSC_MP,,pending,,,single_crystal,sample_form_conditional_median:single_crystal,20.0,5.0,,,,,5000,Hc2_unavailable,,,,,
As2Fe1.85Ni0.15Sr1,iron_pnictide_122,mp-4488,,A1,8.93,3DSC_MP,,pending,,,single_crystal,sample_form_conditional_median:single_crystal,6.8761,0.1,5.05795316081994,4.799664063211733,5.196156259700076,,5000,Hc2_unavailable,,,,,
As2Fe1.85Ni0.15Sr1,iron_pnictide_122,mp-4488,,A1,8.93,3DSC_MP,,pending,,,single_crystal,sample_form_conditional_median:single_crystal,6.8761,1.0,5.05795316081994,4.799664063211733,5.196156259700076,,5000,Hc2_unavailable,,,,,
As2Fe1.85Ni0.15Sr1,iron_pnictide_122,mp-4488,,A1,8.93,3DSC_MP,,pending,,,single_crystal,sample_form_conditional_median:single_crystal,6.8761,5.0,5.05795316081994,4.799664063211733,5.196156259700076,,5000,Hc2_unavailable,,,,,
As2Fe1.85Pd0.15Sr1,iron_pnictide_122,mp-4488,,A1,8.7,3DSC_MP,,pending,,,single_crystal,sample_form_conditional_median:single_crystal,4.2,0.1,5.746354490991693,5.635326719245767,5.804297695181981,,5000,Hc2_unavailable,,,,,
As2Fe1.85Pd0.15Sr1,iron_pnictide_122,mp-4488,,A1,8.7,3DSC_MP,,pending,,,single_crystal,sample_form_conditional_median:single_crystal,4.2,1.0,5.746354490991693,5.635326719245767,5.804297695181981,,5000,Hc2_unavailable,,,,,
As2Fe1.85Pd0.15Sr1,iron_pnictide_122,mp-4488,,A1,8.7,3DSC_MP,,pending,,,single_crystal,sample_form_conditional_median:single_crystal,4.2,5.0,5.746354490991693,5.635326719245767,5.804297695181981,,5000,Hc2_unavailable,,,,,
As2Fe1.85Pd0.15Sr1,iron_pnictide_122,mp-4488,,A1,8.7,3DSC_MP,,pending,,,single_crystal,sample_form_conditional_median:single_crystal,20.0,0.1,,,,,5000,Hc2_unavailable,,,,,
As2Fe1.85Pd0.15Sr1,iron_pnictide_122,mp-4488,,A1,8.7,3DSC_MP,,pending,,,single_crystal,sample_form_conditional_median:single_crystal,20.0,1.0,,,,,5000,Hc2_unavailable,,,,,
As2Fe1.85Pd0.15Sr1,iron_pnictide_122,mp-4488,,A1,8.7,3DSC_MP,,pending,,,single_crystal,sample_form_conditional_median:single_crystal,20.0,5.0,,,,,5000,Hc2_unavailable,,,,,
As2Fe1.85Pd0.15Sr1,iron_pnictide_122,mp-4488,,A1,8.7,3DSC_MP,,pending,,,single_crystal,sample_form_conditional_median:single_crystal,6.699,0.1,5.071614352907098,4.835674450554646,5.2084479983875305,,5000,Hc2_unavailable,,,,,
As2Fe1.85Pd0.15Sr1,iron_pnictide_122,mp-4488,,A1,8.7,3DSC_MP,,pending,,,single_crystal,sample_form_conditional_median:single_crystal,6.699,1.0,5.071614352907098,4.835674450554646,5.2084479983875305,,5000,Hc2_unavailable,,,,,
As2Fe1.85Pd0.15Sr1,iron_pnictide_122,mp-4488,,A1,8.7,3DSC_MP,,pending,,,single_crystal,sample_form_conditional_median:single_crystal,6.699,5.0,5.071614352907098,4.835674450554646,5.2084479983875305,,5000,Hc2_unavailable,,,,,
As2Fe1.85Pt0.15Sr1,iron_pnictide_122,mp-4488,,A1,11.7,3DSC_MP,,pending,,,single_crystal,sample_form_conditional_median:single_crystal,4.2,0.1,5.746354490991693,5.635326719245767,5.804297695181981,,5000,Hc2_unavailable,,,,,
As2Fe1.85Pt0.15Sr1,iron_pnictide_122,mp-4488,,A1,11.7,3DSC_MP,,pending,,,single_crystal,sample_form_conditional_median:single_crystal,4.2,1.0,5.746354490991693,5.635326719245767,5.804297695181981,,5000,Hc2_unavailable,,,,,
As2Fe1.85Pt0.15Sr1,iron_pnictide_122,mp-4488,,A1,11.7,3DSC_MP,,pending,,,single_crystal,sample_form_conditional_median:single_crystal,4.2,5.0,5.746354490991693,5.635326719245767,5.804297695181981,,5000,Hc2_unavailable,,,,,
As2Fe1.85Pt0.15Sr1,iron_pnictide_122,mp-4488,,A1,11.7,3DSC_MP,,pending,,,single_crystal,sample_form_conditional_median:single_crystal,20.0,0.1,,,,,5000,Hc2_unavailable,,,,,
As2Fe1.85Pt0.15Sr1,iron_pnictide_122,mp-4488,,A1,11.7,3DSC_MP,,pending,,,single_crystal,sample_form_conditional_median:single_crystal,20.0,1.0,,,,,5000,Hc2_unavailable,,,,,
As2Fe1.85Pt0.15Sr1,iron_pnictide_122,mp-4488,,A1,11.7,3DSC_MP,,pending,,,single_crystal,sample_form_conditional_median:single_crystal,20.0,5.0,,,,,5000,Hc2_unavailable,,,,,
As2Fe1.85Pt0.15Sr1,iron_pnictide_122,mp-4488,,A1,11.7,3DSC_MP,,pending,,,single_crystal,sample_form_conditional_median:single_crystal,9.009,0.1,4.905873244132957,4.591625156044481,5.061200871296366,,5000,Hc2_unavailable,,,,,
As2Fe1.85Pt0.15Sr1,iron_pnictide_122,mp-4488,,A1,11.7,3DSC_MP,,pending,,,single_crystal,sample_form_conditional_median:single_crystal,9.009,1.0,4.905873244132957,4.591625156044481,5.061200871296366,,5000,Hc2_unavailable,,,,,
As2Fe1.85Pt0.15Sr1,iron_pnictide_122,mp-4488,,A1,11.7,3DSC_MP,,pending,,,single_crystal,sample_form_conditional_median:single_crystal,9.009,5.0,4.905873244132957,4.591625156044481,5.061200871296366,,5000,Hc2_unavailable,,,,,
As2Fe1.88Ni0.12Sr1,iron_pnictide_122,mp-4488,,A1,5.92,3DSC_MP,,pending,,,single_crystal,sample_form_conditional_median:single_crystal,4.2,0.1,5.746354490991693,5.635326719245767,5.804297695181981,,5000,Hc2_unavailable,,,,,
As2Fe1.88Ni0.12Sr1,iron_pnictide_122,mp-4488,,A1,5.92,3DSC_MP,,pending,,,single_crystal,sample_form_conditional_median:single_crystal,4.2,1.0,5.746354490991693,5.635326719245767,5.804297695181981,,5000,Hc2_unavailable,,,,,
As2Fe1.88Ni0.12Sr1,iron_pnictide_122,mp-4488,,A1,5.92,3DSC_MP,,pending,,,single_crystal,sample_form_conditional_median:single_crystal,4.2,5.0,5.746354490991693,5.635326719245767,5.804297695181981,,5000,Hc2_unavailable,,,,,
As2Fe1.88Ni0.12Sr1,iron_pnictide_122,mp-4488,,A1,5.92,3DSC_MP,,pending,,,single_crystal,sample_form_conditional_median:single_crystal,20.0,0.1,,,,,5000,Hc2_unavailable,,,,,
As2Fe1.88Ni0.12Sr1,iron_pnictide_122,mp-4488,,A1,5.92,3DSC_MP,,pending,,,single_crystal,sample_form_conditional_median:single_crystal,20.0,1.0,,,,,5000,Hc2_unavailable,,,,,
As2Fe1.88Ni0.12Sr1,iron_pnictide_122,mp-4488,,A1,5.92,3DSC_MP,,pending,,,single_crystal,sample_form_conditional_median:single_crystal,20.0,5.0,,,,,5000,Hc2_unavailable,,,,,
As2Fe1.88Ni0.12Sr1,iron_pnictide_122,mp-4488,,A1,5.92,3DSC_MP,,pending,,,single_crystal,sample_form_conditional_median:single_crystal,4.5584,0.1,5.54419936499481,5.42223424330451,5.619587008639654,,5000,Hc2_unavailable,,,,,
As2Fe1.88Ni0.12Sr1,iron_pnictide_122,mp-4488,,A1,5.92,3DSC_MP,,pending,,,single_crystal,sample_form_conditional_median:single_crystal,4.5584,1.0,5.54419936499481,5.42223424330451,5.619587008639654,,5000,Hc2_unavailable,,,,,
As2Fe1.88Ni0.12Sr1,iron_pnictide_122,mp-4488,,A1,5.92,3DSC_MP,,pending,,,single_crystal,sample_form_conditional_median:single_crystal,4.5584,5.0,5.54419936499481,5.42223424330451,5.619587008639654,,5000,Hc2_unavailable,,,,,
As2Fe1.8Ni0.2Sr1,iron_pnictide_122,mp-4488,,A1,7.4,3DSC_MP,,pending,,,single_crystal,sample_form_conditional_median:single_crystal,4.2,0.1,5.746354490991693,5.635326719245767,5.813389291270404,,5000,Hc2_unavailable,,,,,
As2Fe1.8Ni0.2Sr1,iron_pnictide_122,mp-4488,,A1,7.4,3DSC_MP,,pending,,,single_crystal,sample_form_conditional_median:single_crystal,4.2,1.0,5.746354490991693,5.635326719245767,5.813389291270404,,5000,Hc2_unavailable,,,,,
As2Fe1.8Ni0.2Sr1,iron_pnictide_122,mp-4488,,A1,7.4,3DSC_MP,,pending,,,single_crystal,sample_form_conditional_median:single_crystal,4.2,5.0,5.746354490991693,5.635326719245767,5.813389291270404,,5000,Hc2_unavailable,,,,,
As2Fe1.8Ni0.2Sr1,iron_pnictide_122,mp-4488,,A1,7.4,3DSC_MP,,pending,,,single_crystal,sample_form_conditional_median:single_crystal,20.0,0.1,,,,,5000,Hc2_unavailable,,,,,
As2Fe1.8Ni0.2Sr1,iron_pnictide_122,mp-4488,,A1,7.4,3DSC_MP,,pending,,,single_crystal,sample_form_conditional_median:single_crystal,20.0,1.0,,,,,5000,Hc2_unavailable,,,,,
As2Fe1.8Ni0.2Sr1,iron_pnictide_122,mp-4488,,A1,7.4,3DSC_MP,,pending,,,single_crystal,sample_form_conditional_median:single_crystal,20.0,5.0,,,,,5000,Hc2_unavailable,,,,,
As2Fe1.8Ni0.2Sr1,iron_pnictide_122,mp-4488,,A1,7.4,3DSC_MP,,pending,,,single_crystal,sample_form_conditional_median:single_crystal,5.698,0.1,5.222523661757291,5.022694880488481,5.337484144793375,,5000,Hc2_unavailable,,,,,
As2Fe1.8Ni0.2Sr1,iron_pnictide_122,mp-4488,,A1,7.4,3DSC_MP,,pending,,,single_crystal,sample_form_conditional_median:single_crystal,5.698,1.0,5.222523661757291,5.022694880488481,5.337484144793375,,5000,Hc2_unavailable,,,,,
As2Fe1.8Ni0.2Sr1,iron_pnictide_122,mp-4488,,A1,7.4,3DSC_MP,,pending,,,single_crystal,sample_form_conditional_median:single_crystal,5.698,5.0,5.222523661757291,5.022694880488481,5.337484144793375,,5000,Hc2_unavailable,,,,,
As2Fe1.8Pt0.2Sr1,iron_pnictide_122,mp-4488,,A1,15.8,3DSC_MP,,pending,,,single_crystal,sample_form_conditional_median:single_crystal,4.2,0.1,5.746354490991693,5.635326719245767,5.804297695181981,,5000,Hc2_unavailable,,,,,
As2Fe1.8Pt0.2Sr1,iron_pnictide_122,mp-4488,,A1,15.8,3DSC_MP,,pending,,,single_crystal,sample_form_conditional_median:single_crystal,4.2,1.0,5.746354490991693,5.635326719245767,5.804297695181981,,5000,Hc2_unavailable,,,,,
As2Fe1.8Pt0.2Sr1,iron_pnictide_122,mp-4488,,A1,15.8,3DSC_MP,,pending,,,single_crystal,sample_form_conditional_median:single_crystal,4.2,5.0,5.746354490991693,5.635326719245767,5.804297695181981,,5000,Hc2_unavailable,,,,,
As2Fe1.8Pt0.2Sr1,iron_pnictide_122,mp-4488,,A1,15.8,3DSC_MP,,pending,,,single_crystal,sample_form_conditional_median:single_crystal,20.0,0.1,,,,,5000,Hc2_unavailable,,,,,
As2Fe1.8Pt0.2Sr1,iron_pnictide_122,mp-4488,,A1,15.8,3DSC_MP,,pending,,,single_crystal,sample_form_conditional_median:single_crystal,20.0,1.0,,,,,5000,Hc2_unavailable,,,,,
As2Fe1.8Pt0.2Sr1,iron_pnictide_122,mp-4488,,A1,15.8,3DSC_MP,,pending,,,single_crystal,sample_form_conditional_median:single_crystal,20.0,5.0,,,,,5000,Hc2_unavailable,,,,,
As2Fe1.8Pt0.2Sr1,iron_pnictide_122,mp-4488,,A1,15.8,3DSC_MP,,pending,,,single_crystal,sample_form_conditional_median:single_crystal,12.166,0.1,4.793658053718625,4.448118608309108,4.966796559283114,,5000,Hc2_unavailable,,,,,
As2Fe1.8Pt0.2Sr1,iron_pnictide_122,mp-4488,,A1,15.8,3DSC_MP,,pending,,,single_crystal,sample_form_conditional_median:single_crystal,12.166,1.0,4.793658053718625,4.448118608309108,4.966796559283114,,5000,Hc2_unavailable,,,,,
As2Fe1.8Pt0.2Sr1,iron_pnictide_122,mp-4488,,A1,15.8,3DSC_MP,,pending,,,single_crystal,sample_form_conditional_median:single_crystal,12.166,5.0,4.793658053718625,4.448118608309108,4.966796559283114,,5000,Hc2_unavailable,,,,,
As2Fe1.9Ni0.1Sr1,iron_pnictide_122,mp-4488,,A1,5.5,3DSC_MP,,pending,,,single_crystal,sample_form_conditional_median:single_crystal,4.2,0.1,5.746354490991693,5.616253626881896,5.804297695181981,,5000,Hc2_unavailable,,,,,
As2Fe1.9Ni0.1Sr1,iron_pnictide_122,mp-4488,,A1,5.5,3DSC_MP,,pending,,,single_crystal,sample_form_conditional_median:single_crystal,4.2,1.0,5.746354490991693,5.616253626881896,5.804297695181981,,5000,Hc2_unavailable,,,,,
As2Fe1.9Ni0.1Sr1,iron_pnictide_122,mp-4488,,A1,5.5,3DSC_MP,,pending,,,single_crystal,sample_form_conditional_median:single_crystal,4.2,5.0,5.746354490991693,5.616253626881896,5.804297695181981,,5000,Hc2_unavailable,,,,,
As2Fe1.9Ni0.1Sr1,iron_pnictide_122,mp-4488,,A1,5.5,3DSC_MP,,pending,,,single_crystal,sample_form_conditional_median:single_crystal,20.0,0.1,,,,,5000,Hc2_unavailable,,,,,
As2Fe1.9Ni0.1Sr1,iron_pnictide_122,mp-4488,,A1,5.5,3DSC_MP,,pending,,,single_crystal,sample_form_conditional_median:single_crystal,20.0,1.0,,,,,5000,Hc2_unavailable,,,,,
As2Fe1.9Ni0.1Sr1,iron_pnictide_122,mp-4488,,A1,5.5,3DSC_MP,,pending,,,single_crystal,sample_form_conditional_median:single_crystal,20.0,5.0,,,,,5000,Hc2_unavailable,,,,,
As2Fe1.9Ni0.1Sr1,iron_pnictide_122,mp-4488,,A1,5.5,3DSC_MP,,pending,,,single_crystal,sample_form_conditional_median:single_crystal,4.235,0.1,5.721071166975238,5.594362503950685,5.781307432898139,,5000,Hc2_unavailable,,,,,
As2Fe1.9Ni0.1Sr1,iron_pnictide_122,mp-4488,,A1,5.5,3DSC_MP,,pending,,,single_crystal,sample_form_conditional_median:single_crystal,4.235,1.0,5.721071166975238,5.594362503950685,5.781307432898139,,5000,Hc2_unavailable,,,,,
As2Fe1.9Ni0.1Sr1,iron_pnictide_122,mp-4488,,A1,5.5,3DSC_MP,,pending,,,single_crystal,sample_form_conditional_median:single_crystal,4.235,5.0,5.721071166975238,5.594362503950685,5.781307432898139,,5000,Hc2_unavailable,,,,,
As2Fe1.9Pt0.1Sr1,iron_pnictide_122,mp-4488,,A1,1.6,3DSC_MP,,pending,,,single_crystal,sample_form_conditional_median:single_crystal,4.2,0.1,,,,,5000,Hc2_unavailable,,,,,
As2Fe1.9Pt0.1Sr1,iron_pnictide_122,mp-4488,,A1,1.6,3DSC_MP,,pending,,,single_crystal,sample_form_conditional_median:single_crystal,4.2,1.0,,,,,5000,Hc2_unavailable,,,,,
As2Fe1.9Pt0.1Sr1,iron_pnictide_122,mp-4488,,A1,1.6,3DSC_MP,,pending,,,single_crystal,sample_form_conditional_median:single_crystal,4.2,5.0,,,,,5000,Hc2_unavailable,,,,,
As2Fe1.9Pt0.1Sr1,iron_pnictide_122,mp-4488,,A1,1.6,3DSC_MP,,pending,,,single_crystal,sample_form_conditional_median:single_crystal,20.0,0.1,,,,,5000,Hc2_unavailable,,,,,
As2Fe1.9Pt0.1Sr1,iron_pnictide_122,mp-4488,,A1,1.6,3DSC_MP,,pending,,,single_crystal,sample_form_conditional_median:single_crystal,20.0,1.0,,,,,5000,Hc2_unavailable,,,,,
As2Fe1.9Pt0.1Sr1,iron_pnictide_122,mp-4488,,A1,1.6,3DSC_MP,,pending,,,single_crystal,sample_form_conditional_median:single_crystal,20.0,5.0,,,,,5000,Hc2_unavailable,,,,,
As2Fe1.9Pt0.1Sr1,iron_pnictide_122,mp-4488,,A1,1.6,3DSC_MP,,pending,,,single_crystal,sample_form_conditional_median:single_crystal,1.2320000000000002,0.1,21.19733969436293,18.90697151942781,26.825426151075423,,5000,Hc2_unavailable,,,,,
As2Fe1.9Pt0.1Sr1,iron_pnictide_122,mp-4488,,A1,1.6,3DSC_MP,,pending,,,single_crystal,sample_form_conditional_median:single_crystal,1.2320000000000002,1.0,21.19733969436293,18.90697151942781,26.825426151075423,,5000,Hc2_unavailable,,,,,
As2Fe1.9Pt0.1Sr1,iron_pnictide_122,mp-4488,,A1,1.6,3DSC_MP,,pending,,,single_crystal,sample_form_conditional_median:single_crystal,1.2320000000000002,5.0,21.19733969436293,18.90697151942781,26.825426151075423,,5000,Hc2_unavailable,,,,,
As2Fe2K0.1Sr0.9,iron_pnictide_122,mp-4488,,A1,5.11,3DSC_MP,,pending,,,single_crystal,sample_form_conditional_median:single_crystal,4.2,0.1,5.746354490991693,5.636887458490011,5.804297695181981,,5000,Hc2_unavailable,,,,,
As2Fe2K0.1Sr0.9,iron_pnictide_122,mp-4488,,A1,5.11,3DSC_MP,,pending,,,single_crystal,sample_form_conditional_median:single_crystal,4.2,1.0,5.746354490991693,5.636887458490011,5.804297695181981,,5000,Hc2_unavailable,,,,,
As2Fe2K0.1Sr0.9,iron_pnictide_122,mp-4488,,A1,5.11,3DSC_MP,,pending,,,single_crystal,sample_form_conditional_median:single_crystal,4.2,5.0,5.746354490991693,5.636887458490011,5.804297695181981,,5000,Hc2_unavailable,,,,,
As2Fe2K0.1Sr0.9,iron_pnictide_122,mp-4488,,A1,5.11,3DSC_MP,,pending,,,single_crystal,sample_form_conditional_median:single_crystal,20.0,0.1,,,,,5000,Hc2_unavailable,,,,,
As2Fe2K0.1Sr0.9,iron_pnictide_122,mp-4488,,A1,5.11,3DSC_MP,,pending,,,single_crystal,sample_form_conditional_median:single_crystal,20.0,1.0,,,,,5000,Hc2_unavailable,,,,,
As2Fe2K0.1Sr0.9,iron_pnictide_122,mp-4488,,A1,5.11,3DSC_MP,,pending,,,single_crystal,sample_form_conditional_median:single_crystal,20.0,5.0,,,,,5000,Hc2_unavailable,,,,,
As2Fe2K0.1Sr0.9,iron_pnictide_122,mp-4488,,A1,5.11,3DSC_MP,,pending,,,single_crystal,sample_form_conditional_median:single_crystal,3.9347,0.1,5.952623120754814,5.84007249028828,6.045534458010695,,5000,Hc2_unavailable,,,,,
As2Fe2K0.1Sr0.9,iron_pnictide_122,mp-4488,,A1,5.11,3DSC_MP,,pending,,,single_crystal,sample_form_conditional_median:single_crystal,3.9347,1.0,5.952623120754814,5.84007249028828,6.045534458010695,,5000,Hc2_unavailable,,,,,
As2Fe2K0.1Sr0.9,iron_pnictide_122,mp-4488,,A1,5.11,3DSC_MP,,pending,,,single_crystal,sample_form_conditional_median:single_crystal,3.9347,5.0,5.952623120754814,5.84007249028828,6.045534458010695,,5000,Hc2_unavailable,,,,,
As2Fe2K0.2Sr0.8,iron_pnictide_122,mp-4488,,A1,13.3,3DSC_MP,,pending,,,single_crystal,sample_form_conditional_median:single_crystal,4.2,0.1,5.746354490991693,5.635326719245767,5.804964475493147,,5000,Hc2_unavailable,,,,,
As2Fe2K0.2Sr0.8,iron_pnictide_122,mp-4488,,A1,13.3,3DSC_MP,,pending,,,single_crystal,sample_form_conditional_median:single_crystal,4.2,1.0,5.746354490991693,5.635326719245767,5.804964475493147,,5000,Hc2_unavailable,,,,,
As2Fe2K0.2Sr0.8,iron_pnictide_122,mp-4488,,A1,13.3,3DSC_MP,,pending,,,single_crystal,sample_form_conditional_median:single_crystal,4.2,5.0,5.746354490991693,5.635326719245767,5.804964475493147,,5000,Hc2_unavailable,,,,,
As2Fe2K0.2Sr0.8,iron_pnictide_122,mp-4488,,A1,13.3,3DSC_MP,,pending,,,single_crystal,sample_form_conditional_median:single_crystal,20.0,0.1,,,,,5000,Hc2_unavailable,,,,,
As2Fe2K0.2Sr0.8,iron_pnictide_122,mp-4488,,A1,13.3,3DSC_MP,,pending,,,single_crystal,sample_form_conditional_median:single_crystal,20.0,1.0,,,,,5000,Hc2_unavailable,,,,,
As2Fe2K0.2Sr0.8,iron_pnictide_122,mp-4488,,A1,13.3,3DSC_MP,,pending,,,single_crystal,sample_form_conditional_median:single_crystal,20.0,5.0,,,,,5000,Hc2_unavailable,,,,,
As2Fe2K0.2Sr0.8,iron_pnictide_122,mp-4488,,A1,13.3,3DSC_MP,,pending,,,single_crystal,sample_form_conditional_median:single_crystal,10.241,0.1,4.851731331162151,4.5318668273424,5.019364729280282,,5000,Hc2_unavailable,,,,,
As2Fe2K0.2Sr0.8,iron_pnictide_122,mp-4488,,A1,13.3,3DSC_MP,,pending,,,single_crystal,sample_form_conditional_median:single_crystal,10.241,1.0,4.851731331162151,4.5318668273424,5.019364729280282,,5000,Hc2_unavailable,,,,,
As2Fe2K0.2Sr0.8,iron_pnictide_122,mp-4488,,A1,13.3,3DSC_MP,,pending,,,single_crystal,sample_form_conditional_median:single_crystal,10.241,5.0,4.851731331162151,4.5318668273424,5.019364729280282,,5000,Hc2_unavailable,,,,,
As2Fe2K0.7Sr0.3,iron_pnictide_122,mp-35276,,A1,12.2,3DSC_MP,,pending,,,single_crystal,sample_form_conditional_median:single_crystal,4.2,0.1,5.746354490991693,5.635326719245767,5.804964475493147,,5000,Hc2_unavailable,,,,,
As2Fe2K0.7Sr0.3,iron_pnictide_122,mp-35276,,A1,12.2,3DSC_MP,,pending,,,single_crystal,sample_form_conditional_median:single_crystal,4.2,1.0,5.746354490991693,5.635326719245767,5.804964475493147,,5000,Hc2_unavailable,,,,,
As2Fe2K0.7Sr0.3,iron_pnictide_122,mp-35276,,A1,12.2,3DSC_MP,,pending,,,single_crystal,sample_form_conditional_median:single_crystal,4.2,5.0,5.746354490991693,5.635326719245767,5.804964475493147,,5000,Hc2_unavailable,,,,,
As2Fe2K0.7Sr0.3,iron_pnictide_122,mp-35276,,A1,12.2,3DSC_MP,,pending,,,single_crystal,sample_form_conditional_median:single_crystal,20.0,0.1,,,,,5000,Hc2_unavailable,,,,,
As2Fe2K0.7Sr0.3,iron_pnictide_122,mp-35276,,A1,12.2,3DSC_MP,,pending,,,single_crystal,sample_form_conditional_median:single_crystal,20.0,1.0,,,,,5000,Hc2_unavailable,,,,,
As2Fe2K0.7Sr0.3,iron_pnictide_122,mp-35276,,A1,12.2,3DSC_MP,,pending,,,single_crystal,sample_form_conditional_median:single_crystal,20.0,5.0,,,,,5000,Hc2_unavailable,,,,,
As2Fe2K0.7Sr0.3,iron_pnictide_122,mp-35276,,A1,12.2,3DSC_MP,,pending,,,single_crystal,sample_form_conditional_median:single_crystal,9.394,0.1,4.885600784427124,4.592315628638849,5.04433852821873,,5000,Hc2_unavailable,,,,,
As2Fe2K0.7Sr0.3,iron_pnictide_122,mp-35276,,A1,12.2,3DSC_MP,,pending,,,single_crystal,sample_form_conditional_median:single_crystal,9.394,1.0,4.885600784427124,4.592315628638849,5.04433852821873,,5000,Hc2_unavailable,,,,,
As2Fe2K0.7Sr0.3,iron_pnictide_122,mp-35276,,A1,12.2,3DSC_MP,,pending,,,single_crystal,sample_form_conditional_median:single_crystal,9.394,5.0,4.885600784427124,4.592315628638849,5.04433852821873,,5000,Hc2_unavailable,,,,,
As2Fe2K0.9Na0.1,iron_pnictide_122,mp-35276,,A1,2.9,3DSC_MP,,pending,,,single_crystal,sample_form_conditional_median:single_crystal,4.2,0.1,,,,,5000,Hc2_unavailable,,,,,
As2Fe2K0.9Na0.1,iron_pnictide_122,mp-35276,,A1,2.9,3DSC_MP,,pending,,,single_crystal,sample_form_conditional_median:single_crystal,4.2,1.0,,,,,5000,Hc2_unavailable,,,,,
As2Fe2K0.9Na0.1,iron_pnictide_122,mp-35276,,A1,2.9,3DSC_MP,,pending,,,single_crystal,sample_form_conditional_median:single_crystal,4.2,5.0,,,,,5000,Hc2_unavailable,,,,,
As2Fe2K0.9Na0.1,iron_pnictide_122,mp-35276,,A1,2.9,3DSC_MP,,pending,,,single_crystal,sample_form_conditional_median:single_crystal,20.0,0.1,,,,,5000,Hc2_unavailable,,,,,
As2Fe2K0.9Na0.1,iron_pnictide_122,mp-35276,,A1,2.9,3DSC_MP,,pending,,,single_crystal,sample_form_conditional_median:single_crystal,20.0,1.0,,,,,5000,Hc2_unavailable,,,,,
As2Fe2K0.9Na0.1,iron_pnictide_122,mp-35276,,A1,2.9,3DSC_MP,,pending,,,single_crystal,sample_form_conditional_median:single_crystal,20.0,5.0,,,,,5000,Hc2_unavailable,,,,,
As2Fe2K0.9Na0.1,iron_pnictide_122,mp-35276,,A1,2.9,3DSC_MP,,pending,,,single_crystal,sample_form_conditional_median:single_crystal,2.233,0.1,21.1956447137726,18.91122063964746,26.68472319249604,,5000,Hc2_unavailable,,,,,
As2Fe2K0.9Na0.1,iron_pnictide_122,mp-35276,,A1,2.9,3DSC_MP,,pending,,,single_crystal,sample_form_conditional_median:single_crystal,2.233,1.0,21.1956447137726,18.91122063964746,26.68472319249604,,5000,Hc2_unavailable,,,,,
As2Fe2K0.9Na0.1,iron_pnictide_122,mp-35276,,A1,2.9,3DSC_MP,,pending,,,single_crystal,sample_form_conditional_median:single_crystal,2.233,5.0,21.1956447137726,18.91122063964746,26.68472319249604,,5000,Hc2_unavailable,,,,,
As2Fe2K1,iron_pnictide_122,mp-35276,,A1,2.9965,3DSC_MP,,pending,,,single_crystal,sample_form_conditional_median:single_crystal,4.2,0.1,,,,,5000,Hc2_unavailable,,,,,
As2Fe2K1,iron_pnictide_122,mp-35276,,A1,2.9965,3DSC_MP,,pending,,,single_crystal,sample_form_conditional_median:single_crystal,4.2,1.0,,,,,5000,Hc2_unavailable,,,,,
As2Fe2K1,iron_pnictide_122,mp-35276,,A1,2.9965,3DSC_MP,,pending,,,single_crystal,sample_form_conditional_median:single_crystal,4.2,5.0,,,,,5000,Hc2_unavailable,,,,,
As2Fe2K1,iron_pnictide_122,mp-35276,,A1,2.9965,3DSC_MP,,pending,,,single_crystal,sample_form_conditional_median:single_crystal,20.0,0.1,,,,,5000,Hc2_unavailable,,,,,
As2Fe2K1,iron_pnictide_122,mp-35276,,A1,2.9965,3DSC_MP,,pending,,,single_crystal,sample_form_conditional_median:single_crystal,20.0,1.0,,,,,5000,Hc2_unavailable,,,,,
As2Fe2K1,iron_pnictide_122,mp-35276,,A1,2.9965,3DSC_MP,,pending,,,single_crystal,sample_form_conditional_median:single_crystal,20.0,5.0,,,,,5000,Hc2_unavailable,,,,,
As2Fe2K1,iron_pnictide_122,mp-35276,,A1,2.9965,3DSC_MP,,pending,,,single_crystal,sample_form_conditional_median:single_crystal,2.3073050000000004,0.1,21.19735593478157,18.91122044934143,26.75491368766546,,5000,Hc2_unavailable,,,,,
As2Fe2K1,iron_pnictide_122,mp-35276,,A1,2.9965,3DSC_MP,,pending,,,single_crystal,sample_form_conditional_median:single_crystal,2.3073050000000004,1.0,21.19735593478157,18.91122044934143,26.75491368766546,,5000,Hc2_unavailable,,,,,
As2Fe2K1,iron_pnictide_122,mp-35276,,A1,2.9965,3DSC_MP,,pending,,,single_crystal,sample_form_conditional_median:single_crystal,2.3073050000000004,5.0,21.19735593478157,18.91122044934143,26.75491368766546,,5000,Hc2_unavailable,,,,,
As2Fe2Rb1,iron_pnictide_122,mp-975359,,A1,1.983333333,3DSC_MP,,pending,,,single_crystal,sample_form_conditional_median:single_crystal,4.2,0.1,,,,,5000,Hc2_unavailable,,,,,
As2Fe2Rb1,iron_pnictide_122,mp-975359,,A1,1.983333333,3DSC_MP,,pending,,,single_crystal,sample_form_conditional_median:single_crystal,4.2,1.0,,,,,5000,Hc2_unavailable,,,,,
As2Fe2Rb1,iron_pnictide_122,mp-975359,,A1,1.983333333,3DSC_MP,,pending,,,single_crystal,sample_form_conditional_median:single_crystal,4.2,5.0,,,,,5000,Hc2_unavailable,,,,,
As2Fe2Rb1,iron_pnictide_122,mp-975359,,A1,1.983333333,3DSC_MP,,pending,,,single_crystal,sample_form_conditional_median:single_crystal,20.0,0.1,,,,,5000,Hc2_unavailable,,,,,
As2Fe2Rb1,iron_pnictide_122,mp-975359,,A1,1.983333333,3DSC_MP,,pending,,,single_crystal,sample_form_conditional_median:single_crystal,20.0,1.0,,,,,5000,Hc2_unavailable,,,,,
As2Fe2Rb1,iron_pnictide_122,mp-975359,,A1,1.983333333,3DSC_MP,,pending,,,single_crystal,sample_form_conditional_median:single_crystal,20.0,5.0,,,,,5000,Hc2_unavailable,,,,,
As2Fe2Rb1,iron_pnictide_122,mp-975359,,A1,1.983333333,3DSC_MP,,pending,,,single_crystal,sample_form_conditional_median:single_crystal,1.52716666641,0.1,21.21372613735226,18.92328547043682,26.82413636695979,,5000,Hc2_unavailable,,,,,
As2Fe2Rb1,iron_pnictide_122,mp-975359,,A1,1.983333333,3DSC_MP,,pending,,,single_crystal,sample_form_conditional_median:single_crystal,1.52716666641,1.0,21.21372613735226,18.92328547043682,26.82413636695979,,5000,Hc2_unavailable,,,,,
As2Fe2Rb1,iron_pnictide_122,mp-975359,,A1,1.983333333,3DSC_MP,,pending,,,single_crystal,sample_form_conditional_median:single_crystal,1.52716666641,5.0,21.21372613735226,18.92328547043682,26.82413636695979,,5000,Hc2_unavailable,,,,,
Ag1B2,conventional_AlB2,mp-12062,,A1,6.7,3DSC_MP,,pending,,,,substructure_aggregate_median,4.2,0.1,5.324105348641889,5.171003190830169,5.559330705252185,,5000,Hc2_unavailable,,,,,
Ag1B2,conventional_AlB2,mp-12062,,A1,6.7,3DSC_MP,,pending,,,,substructure_aggregate_median,4.2,1.0,5.324105348641889,5.171003190830169,5.559330705252185,,5000,Hc2_unavailable,,,,,
Ag1B2,conventional_AlB2,mp-12062,,A1,6.7,3DSC_MP,,pending,,,,substructure_aggregate_median,4.2,5.0,5.324105348641889,5.171003190830169,5.559330705252185,,5000,Hc2_unavailable,,,,,
Ag1B2,conventional_AlB2,mp-12062,,A1,6.7,3DSC_MP,,pending,,,,substructure_aggregate_median,20.0,0.1,,,,,5000,Hc2_unavailable,,,,,
Ag1B2,conventional_AlB2,mp-12062,,A1,6.7,3DSC_MP,,pending,,,,substructure_aggregate_median,20.0,1.0,,,,,5000,Hc2_unavailable,,,,,
Ag1B2,conventional_AlB2,mp-12062,,A1,6.7,3DSC_MP,,pending,,,,substructure_aggregate_median,20.0,5.0,,,,,5000,Hc2_unavailable,,,,,
Ag1B2,conventional_AlB2,mp-12062,,A1,6.7,3DSC_MP,,pending,,,,substructure_aggregate_median,5.159000000000001,0.1,5.097695719323184,4.862463833725317,5.370131004957576,,5000,Hc2_unavailable,,,,,
Ag1B2,conventional_AlB2,mp-12062,,A1,6.7,3DSC_MP,,pending,,,,substructure_aggregate_median,5.159000000000001,1.0,5.097695719323184,4.862463833725317,5.370131004957576,,5000,Hc2_unavailable,,,,,
Ag1B2,conventional_AlB2,mp-12062,,A1,6.7,3DSC_MP,,pending,,,,substructure_aggregate_median,5.159000000000001,5.0,5.097695719323184,4.862463833725317,5.370131004957576,,5000,Hc2_unavailable,,,,,
Al0.01B2Mg0.99,conventional_AlB2,mp-763,,A1,37.95,3DSC_MP,15.5,c_parent,±20-50%,S1_v3_2_2B_extension,,substructure_aggregate_median,4.2,0.1,,,,0.0,5000,H_below_validated_reduced_field,5.324105348641889,5.171003190830169,5.559330705252185,0.0064516129032258,
Al0.01B2Mg0.99,conventional_AlB2,mp-763,,A1,37.95,3DSC_MP,15.5,c_parent,±20-50%,S1_v3_2_2B_extension,,substructure_aggregate_median,4.2,1.0,,,,0.0254347364415101,5000,H_below_validated_reduced_field,5.2695011907785725,5.102598161437979,5.511386766736761,0.064516129032258,
Al0.01B2Mg0.99,conventional_AlB2,mp-763,,A1,37.95,3DSC_MP,15.5,c_parent,±20-50%,S1_v3_2_2B_extension,,substructure_aggregate_median,4.2,5.0,4.980622895715926,4.667127429393594,5.275665470894695,0.1840582823776584,5000,,,,,,
Al0.01B2Mg0.99,conventional_AlB2,mp-763,,A1,37.95,3DSC_MP,15.5,c_parent,±20-50%,S1_v3_2_2B_extension,,substructure_aggregate_median,20.0,0.1,,,,0.0,5000,H_below_validated_reduced_field,5.025882153683416,4.768388612396264,5.332070285623967,0.0064516129032258,
Al0.01B2Mg0.99,conventional_AlB2,mp-763,,A1,37.95,3DSC_MP,15.5,c_parent,±20-50%,S1_v3_2_2B_extension,,substructure_aggregate_median,20.0,1.0,,,,0.0250297337104523,5000,H_below_validated_reduced_field,4.965470775795234,4.693833653303094,5.286253408812813,0.064516129032258,
Al0.01B2Mg0.99,conventional_AlB2,mp-763,,A1,37.95,3DSC_MP,15.5,c_parent,±20-50%,S1_v3_2_2B_extension,,substructure_aggregate_median,20.0,5.0,4.6621224951149465,4.2594057489723545,5.052132837887749,0.1895551360429701,5000,,,,,,
Al0.01B2Mg0.99,conventional_AlB2,mp-763,,A1,37.95,3DSC_MP,15.5,c_parent,±20-50%,S1_v3_2_2B_extension,,substructure_aggregate_median,29.2215,0.1,,,,0.0,5000,H_below_validated_reduced_field,4.654774365022116,4.216949953597596,5.156090774485815,0.0064516129032258,
Al0.01B2Mg0.99,conventional_AlB2,mp-763,,A1,37.95,3DSC_MP,15.5,c_parent,±20-50%,S1_v3_2_2B_extension,,substructure_aggregate_median,29.2215,1.0,,,,0.0227522660790544,5000,H_below_validated_reduced_field,4.593826707863045,4.140111714931476,5.1065950958401976,0.064516129032258,
Al0.01B2Mg0.99,conventional_AlB2,mp-763,,A1,37.95,3DSC_MP,15.5,c_parent,±20-50%,S1_v3_2_2B_extension,,substructure_aggregate_median,29.2215,5.0,,,,0.1931302446380725,5000,T_above_validated_reduced_temperature,4.292556572103223,3.7081927817651694,4.878129964533894,,0.7699999999999999
Al0.022B2Mg0.978,conventional_AlB2,mp-763,,A1,34.7,3DSC_MP,15.5,c_parent,±20-50%,S1_v3_2_2B_extension,,substructure_aggregate_median,4.2,0.1,,,,0.0,5000,H_below_validated_reduced_field,5.324105348641889,5.171003190830169,5.559330705252185,0.0064516129032258,
Al0.022B2Mg0.978,conventional_AlB2,mp-763,,A1,34.7,3DSC_MP,15.5,c_parent,±20-50%,S1_v3_2_2B_extension,,substructure_aggregate_median,4.2,1.0,,,,0.0240601234265573,5000,H_below_validated_reduced_field,5.269431390263902,5.102598161437979,5.506751427124972,0.064516129032258,
Al0.022B2Mg0.978,conventional_AlB2,mp-763,,A1,34.7,3DSC_MP,15.5,c_parent,±20-50%,S1_v3_2_2B_extension,,substructure_aggregate_median,4.2,5.0,4.979577248762284,4.657148346240485,5.265420142083944,0.1865593564310703,5000,,,,,,
Al0.022B2Mg0.978,conventional_AlB2,mp-763,,A1,34.7,3DSC_MP,15.5,c_parent,±20-50%,S1_v3_2_2B_extension,,substructure_aggregate_median,20.0,0.1,,,,0.0,5000,H_below_validated_reduced_field,4.9773605448428775,4.691824301828232,5.3041390730603775,0.0064516129032258,
Al0.022B2Mg0.978,conventional_AlB2,mp-763,,A1,34.7,3DSC_MP,15.5,c_parent,±20-50%,S1_v3_2_2B_extension,,substructure_aggregate_median,20.0,1.0,,,,0.0237850247030042,5000,H_below_validated_reduced_field,4.917084452649401,4.617290685471185,5.258881318205379,0.064516129032258,
Al0.022B2Mg0.978,conventional_AlB2,mp-763,,A1,34.7,3DSC_MP,15.5,c_parent,±20-50%,S1_v3_2_2B_extension,,substructure_aggregate_median,20.0,5.0,4.613957400734176,4.163215820559527,5.027950448222008,0.1924557591183537,5000,,,,,,
Al0.022B2Mg0.978,conventional_AlB2,mp-763,,A1,34.7,3DSC_MP,15.5,c_parent,±20-50%,S1_v3_2_2B_extension,,substructure_aggregate_median,26.719,0.1,,,,0.0,5000,H_below_validated_reduced_field,4.66057683240042,4.196984019093271,5.169997883757132,0.0064516129032258,
Al0.022B2Mg0.978,conventional_AlB2,mp-763,,A1,34.7,3DSC_MP,15.5,c_parent,±20-50%,S1_v3_2_2B_extension,,substructure_aggregate_median,26.719,1.0,,,,0.0240306636198575,5000,H_below_validated_reduced_field,4.599706652276755,4.123343100210763,5.126008878734804,0.064516129032258,
Al0.022B2Mg0.978,conventional_AlB2,mp-763,,A1,34.7,3DSC_MP,15.5,c_parent,±20-50%,S1_v3_2_2B_extension,,substructure_aggregate_median,26.719,5.0,,,,0.193366884199575,5000,T_above_validated_reduced_temperature,4.295672747464442,3.700597823425035,4.8906344891152935,,0.77
Al0.02B2Mg0.98,conventional_AlB2,mp-763,,A1,36.7,3DSC_MP,15.5,c_parent,±20-50%,S1_v3_2_2B_extension,,substructure_aggregate_median,4.2,0.1,,,,0.0,5000,H_below_validated_reduced_field,5.324105348641889,5.1863788403346,5.559330705252185,0.0064516129032258,
Al0.02B2Mg0.98,conventional_AlB2,mp-763,,A1,36.7,3DSC_MP,15.5,c_parent,±20-50%,S1_v3_2_2B_extension,,substructure_aggregate_median,4.2,1.0,,,,0.0239948834593759,5000,H_below_validated_reduced_field,5.269431390263902,5.106251513927366,5.504780351850702,0.064516129032258,
Al0.02B2Mg0.98,conventional_AlB2,mp-763,,A1,36.7,3DSC_MP,15.5,c_parent,±20-50%,S1_v3_2_2B_extension,,substructure_aggregate_median,4.2,5.0,4.97990458896984,4.664330669327737,5.264406632650265,0.1841112312442678,5000,,,,,,
Al0.02B2Mg0.98,conventional_AlB2,mp-763,,A1,36.7,3DSC_MP,15.5,c_parent,±20-50%,S1_v3_2_2B_extension,,substructure_aggregate_median,20.0,0.1,,,,0.0,5000,H_below_validated_reduced_field,5.009059454988169,4.725435420495534,5.323215444047008,0.0064516129032258,
Al0.02B2Mg0.98,conventional_AlB2,mp-763,,A1,36.7,3DSC_MP,15.5,c_parent,±20-50%,S1_v3_2_2B_extension,,substructure_aggregate_median,20.0,1.0,,,,0.0251158580071777,5000,H_below_validated_reduced_field,4.951031416759867,4.65391613998368,5.279406167994257,0.064516129032258,
Al0.02B2Mg0.98,conventional_AlB2,mp-763,,A1,36.7,3DSC_MP,15.5,c_parent,±20-50%,S1_v3_2_2B_extension,,substructure_aggregate_median,20.0,5.0,4.650740178204781,4.219510425766872,5.05386558258636,0.1884837948328277,5000,,,,,,
Al0.02B2Mg0.98,conventional_AlB2,mp-763,,A1,36.7,3DSC_MP,15.5,c_parent,±20-50%,S1_v3_2_2B_extension,,substructure_aggregate_median,28.259000000000004,0.1,,,,0.0,5000,H_below_validated_reduced_field,4.656876601001858,4.176119521602563,5.188898229927758,0.0064516129032258,
Al0.02B2Mg0.98,conventional_AlB2,mp-763,,A1,36.7,3DSC_MP,15.5,c_parent,±20-50%,S1_v3_2_2B_extension,,substructure_aggregate_median,28.259000000000004,1.0,,,,0.0239761567685814,5000,H_below_validated_reduced_field,4.601098632888471,4.104846454603556,5.138605020547736,0.064516129032258,
Al0.02B2Mg0.98,conventional_AlB2,mp-763,,A1,36.7,3DSC_MP,15.5,c_parent,±20-50%,S1_v3_2_2B_extension,,substructure_aggregate_median,28.259000000000004,5.0,,,,0.1902964402929194,5000,T_above_validated_reduced_temperature,4.299839889848933,3.678140019711481,4.901239315854249,,0.77
Al0.03B2Mg0.97,conventional_AlB2,mp-763,,A1,37.3,3DSC_MP,15.5,c_parent,±20-50%,S1_v3_2_2B_extension,,substructure_aggregate_median,4.2,0.1,,,,0.0,5000,H_below_validated_reduced_field,5.324105348641889,5.1863788403346,5.559330705252185,0.0064516129032258,
Al0.03B2Mg0.97,conventional_AlB2,mp-763,,A1,37.3,3DSC_MP,15.5,c_parent,±20-50%,S1_v3_2_2B_extension,,substructure_aggregate_median,4.2,1.0,,,,0.0254747862076589,5000,H_below_validated_reduced_field,5.270343882357867,5.104644875708542,5.507908158442016,0.064516129032258,
Al0.03B2Mg0.97,conventional_AlB2,mp-763,,A1,37.3,3DSC_MP,15.5,c_parent,±20-50%,S1_v3_2_2B_extension,,substructure_aggregate_median,4.2,5.0,4.982889073972868,4.663888289334574,5.264943415107397,0.1857284068110249,5000,,,,,,
Al0.03B2Mg0.97,conventional_AlB2,mp-763,,A1,37.3,3DSC_MP,15.5,c_parent,±20-50%,S1_v3_2_2B_extension,,substructure_aggregate_median,20.0,0.1,,,,0.0,5000,H_below_validated_reduced_field,5.017475462598519,4.741894356204116,5.3275873451749005,0.0064516129032258,
Al0.03B2Mg0.97,conventional_AlB2,mp-763,,A1,37.3,3DSC_MP,15.5,c_parent,±20-50%,S1_v3_2_2B_extension,,substructure_aggregate_median,20.0,1.0,,,,0.0242556175255934,5000,H_below_validated_reduced_field,4.958111411706181,4.672338429544889,5.283400203191563,0.064516129032258,
Al0.03B2Mg0.97,conventional_AlB2,mp-763,,A1,37.3,3DSC_MP,15.5,c_parent,±20-50%,S1_v3_2_2B_extension,,substructure_aggregate_median,20.0,5.0,4.657772925894105,4.231336218460497,5.050038152686508,0.1917984301603716,5000,,,,,,
Al0.03B2Mg0.97,conventional_AlB2,mp-763,,A1,37.3,3DSC_MP,15.5,c_parent,±20-50%,S1_v3_2_2B_extension,,substructure_aggregate_median,28.721,0.1,,,,0.0,5000,H_below_validated_reduced_field,4.65584882773663,4.136604764983917,5.167899849493845,0.0064516129032258,
Al0.03B2Mg0.97,conventional_AlB2,mp-763,,A1,37.3,3DSC_MP,15.5,c_parent,±20-50%,S1_v3_2_2B_extension,,substructure_aggregate_median,28.721,1.0,,,,0.0228877621504057,5000,H_below_validated_reduced_field,4.596362509198966,4.0628970629072985,5.123225508673572,0.064516129032258,
Al0.03B2Mg0.97,conventional_AlB2,mp-763,,A1,37.3,3DSC_MP,15.5,c_parent,±20-50%,S1_v3_2_2B_extension,,substructure_aggregate_median,28.721,5.0,,,,0.1945073129615382,5000,T_above_validated_reduced_temperature,4.295202439932345,3.6590038993475575,4.898681537575633,,0.77
Al0.044B2Mg0.956,conventional_AlB2,mp-763,,A1,34.0,3DSC_MP,15.5,c_parent,±20-50%,S1_v3_2_2B_extension,,substructure_aggregate_median,4.2,0.1,,,,0.0,5000,H_below_validated_reduced_field,5.324105348641889,5.1863788403346,5.559330705252185,0.0064516129032258,
Al0.044B2Mg0.956,conventional_AlB2,mp-763,,A1,34.0,3DSC_MP,15.5,c_parent,±20-50%,S1_v3_2_2B_extension,,substructure_aggregate_median,4.2,1.0,,,,0.0254594645429984,5000,H_below_validated_reduced_field,5.271544406272218,5.106563100257184,5.511386766736761,0.064516129032258,
Al0.044B2Mg0.956,conventional_AlB2,mp-763,,A1,34.0,3DSC_MP,15.5,c_parent,±20-50%,S1_v3_2_2B_extension,,substructure_aggregate_median,4.2,5.0,4.980622895715926,4.667150606665967,5.274355038470862,0.185236182461046,5000,,,,,,
Al0.044B2Mg0.956,conventional_AlB2,mp-763,,A1,34.0,3DSC_MP,15.5,c_parent,±20-50%,S1_v3_2_2B_extension,,substructure_aggregate_median,20.0,0.1,,,,0.0,5000,H_below_validated_reduced_field,4.961989900734549,4.66503868777328,5.300174108532829,0.0064516129032258,
Al0.044B2Mg0.956,conventional_AlB2,mp-763,,A1,34.0,3DSC_MP,15.5,c_parent,±20-50%,S1_v3_2_2B_extension,,substructure_aggregate_median,20.0,1.0,,,,0.0245563809197797,5000,H_below_validated_reduced_field,4.901738601512581,4.590564555251951,5.254905405410147,0.064516129032258,
Al0.044B2Mg0.956,conventional_AlB2,mp-763,,A1,34.0,3DSC_MP,15.5,c_parent,±20-50%,S1_v3_2_2B_extension,,substructure_aggregate_median,20.0,5.0,4.596155708170956,4.1431866634607655,5.023344414763189,0.192670767028054,5000,,,,,,
Al0.044B2Mg0.956,conventional_AlB2,mp-763,,A1,34.0,3DSC_MP,15.5,c_parent,±20-50%,S1_v3_2_2B_extension,,substructure_aggregate_median,26.18,0.1,,,,0.0,5000,H_below_validated_reduced_field,4.65383974473448,4.158688625963652,5.190273203933468,0.0064516129032258,
Al0.044B2Mg0.956,conventional_AlB2,mp-763,,A1,34.0,3DSC_MP,15.5,c_parent,±20-50%,S1_v3_2_2B_extension,,substructure_aggregate_median,26.18,1.0,,,,0.0239741520645218,5000,H_below_validated_reduced_field,4.598493960686294,4.081505684416016,5.136020858003566,0.064516129032258,
Al0.044B2Mg0.956,conventional_AlB2,mp-763,,A1,34.0,3DSC_MP,15.5,c_parent,±20-50%,S1_v3_2_2B_extension,,substructure_aggregate_median,26.18,5.0,,,,0.1951755257013738,5000,T_above_validated_reduced_temperature,4.293673945920263,3.6710791159653455,4.891822324133024,,0.77
Al0.05B2Mg0.95,conventional_AlB2,mp-763,,A1,36.46666667,3DSC_MP,15.5,c_parent,±20-50%,S1_v3_2_2B_extension,,substructure_aggregate_median,4.2,0.1,,,,0.0,5000,H_below_validated_reduced_field,5.324105348641889,5.171003190830169,5.559330705252185,0.0064516129032258,
Al0.05B2Mg0.95,conventional_AlB2,mp-763,,A1,36.46666667,3DSC_MP,15.5,c_parent,±20-50%,S1_v3_2_2B_extension,,substructure_aggregate_median,4.2,1.0,,,,0.0255843311857422,5000,H_below_validated_reduced_field,5.271544406272218,5.102014001796972,5.506751427124972,0.064516129032258,
Al0.05B2Mg0.95,conventional_AlB2,mp-763,,A1,36.46666667,3DSC_MP,15.5,c_parent,±20-50%,S1_v3_2_2B_extension,,substructure_aggregate_median,4.2,5.0,4.980622895715926,4.65953964895665,5.265395422341659,0.1848970691245126,5000,,,,,,
Al0.05B2Mg0.95,conventional_AlB2,mp-763,,A1,36.46666667,3DSC_MP,15.5,c_parent,±20-50%,S1_v3_2_2B_extension,,substructure_aggregate_median,20.0,0.1,,,,0.0,5000,H_below_validated_reduced_field,5.005661691244728,4.733251218215677,5.3166976001904604,0.0064516129032258,
Al0.05B2Mg0.95,conventional_AlB2,mp-763,,A1,36.46666667,3DSC_MP,15.5,c_parent,±20-50%,S1_v3_2_2B_extension,,substructure_aggregate_median,20.0,1.0,,,,0.0238705558576199,5000,H_below_validated_reduced_field,4.944503878712571,4.6519659323932725,5.272001229364306,0.064516129032258,
Al0.05B2Mg0.95,conventional_AlB2,mp-763,,A1,36.46666667,3DSC_MP,15.5,c_parent,±20-50%,S1_v3_2_2B_extension,,substructure_aggregate_median,20.0,5.0,4.6395458506360425,4.21373979741806,5.037332883130455,0.1893807531006341,5000,,,,,,
Al0.05B2Mg0.95,conventional_AlB2,mp-763,,A1,36.46666667,3DSC_MP,15.5,c_parent,±20-50%,S1_v3_2_2B_extension,,substructure_aggregate_median,28.079333335900003,0.1,,,,0.0,5000,H_below_validated_reduced_field,4.6491437734721055,4.195298725659312,5.167720369488789,0.0064516129032258,
Al0.05B2Mg0.95,conventional_AlB2,mp-763,,A1,36.46666667,3DSC_MP,15.5,c_parent,±20-50%,S1_v3_2_2B_extension,,substructure_aggregate_median,28.079333335900003,1.0,,,,0.0250343694256311,5000,H_below_validated_reduced_field,4.59107722922165,4.135575852900819,5.113995218617294,0.064516129032258,
Al0.05B2Mg0.95,conventional_AlB2,mp-763,,A1,36.46666667,3DSC_MP,15.5,c_parent,±20-50%,S1_v3_2_2B_extension,,substructure_aggregate_median,28.079333335900003,5.0,,,,0.1930341190201119,5000,T_above_validated_reduced_temperature,4.288867071346969,3.702812758486162,4.880841991882378,,0.77
Al0.06B2Mg0.94,conventional_AlB2,mp-763,,A1,37.0,3DSC_MP,15.5,c_parent,±20-50%,S1_v3_2_2B_extension,,substructure_aggregate_median,4.2,0.1,,,,0.0,5000,H_below_validated_reduced_field,5.324105348641889,5.171003190830169,5.559330705252185,0.0064516129032258,
Al0.06B2Mg0.94,conventional_AlB2,mp-763,,A1,37.0,3DSC_MP,15.5,c_parent,±20-50%,S1_v3_2_2B_extension,,substructure_aggregate_median,4.2,1.0,,,,0.0239411425758468,5000,H_below_validated_reduced_field,5.269369534580036,5.1026131398903125,5.504791778125286,0.064516129032258,
Al0.06B2Mg0.94,conventional_AlB2,mp-763,,A1,37.0,3DSC_MP,15.5,c_parent,±20-50%,S1_v3_2_2B_extension,,substructure_aggregate_median,4.2,5.0,4.979859635828325,4.656845072376045,5.265420142083944,0.1871192520347264,5000,,,,,,
Al0.06B2Mg0.94,conventional_AlB2,mp-763,,A1,37.0,3DSC_MP,15.5,c_parent,±20-50%,S1_v3_2_2B_extension,,substructure_aggregate_median,20.0,0.1,,,,0.0,5000,H_below_validated_reduced_field,5.0133238328376,4.736545385410831,5.325430679487951,0.0064516129032258,
Al0.06B2Mg0.94,conventional_AlB2,mp-763,,A1,37.0,3DSC_MP,15.5,c_parent,±20-50%,S1_v3_2_2B_extension,,substructure_aggregate_median,20.0,1.0,,,,0.0242861874948197,5000,H_below_validated_reduced_field,4.953573873619922,4.667482526268644,5.281909456468356,0.064516129032258,
Al0.06B2Mg0.94,conventional_AlB2,mp-763,,A1,37.0,3DSC_MP,15.5,c_parent,±20-50%,S1_v3_2_2B_extension,,substructure_aggregate_median,20.0,5.0,4.652373054346448,4.225001762576471,5.044548686291274,0.1912417761575531,5000,,,,,,
Al0.06B2Mg0.94,conventional_AlB2,mp-763,,A1,37.0,3DSC_MP,15.5,c_parent,±20-50%,S1_v3_2_2B_extension,,substructure_aggregate_median,28.49,0.1,,,,0.0,5000,H_below_validated_reduced_field,4.6563582809529525,4.206167093770524,5.188701663850621,0.0064516129032258,
Al0.06B2Mg0.94,conventional_AlB2,mp-763,,A1,37.0,3DSC_MP,15.5,c_parent,±20-50%,S1_v3_2_2B_extension,,substructure_aggregate_median,28.49,1.0,,,,0.0234969841955079,5000,H_below_validated_reduced_field,4.593245845334247,4.137001341893999,5.140709257485257,0.064516129032258,
Al0.06B2Mg0.94,conventional_AlB2,mp-763,,A1,37.0,3DSC_MP,15.5,c_parent,±20-50%,S1_v3_2_2B_extension,,substructure_aggregate_median,28.49,5.0,,,,0.1914168332465911,5000,T_above_validated_reduced_temperature,4.292323947168043,3.69636197362813,4.896356341599982,,0.7699999999999999
Al0.07B2Mg0.93,conventional_AlB2,mp-763,,A1,35.8,3DSC_MP,15.5,c_parent,±20-50%,S1_v3_2_2B_extension,,substructure_aggregate_median,4.2,0.1,,,,0.0,5000,H_below_validated_reduced_field,5.324105348641889,5.1863788403346,5.559330705252185,0.0064516129032258,
Al0.07B2Mg0.93,conventional_AlB2,mp-763,,A1,35.8,3DSC_MP,15.5,c_parent,±20-50%,S1_v3_2_2B_extension,,substructure_aggregate_median,4.2,1.0,,,,0.0269497634137731,5000,H_below_validated_reduced_field,5.271544406272218,5.104036057933822,5.511386766736761,0.064516129032258,
Al0.07B2Mg0.93,conventional_AlB2,mp-763,,A1,35.8,3DSC_MP,15.5,c_parent,±20-50%,S1_v3_2_2B_extension,,substructure_aggregate_median,4.2,5.0,4.978628899283534,4.661539530539539,5.273032420249986,0.1866122223920356,5000,,,,,,
Al0.07B2Mg0.93,conventional_AlB2,mp-763,,A1,35.8,3DSC_MP,15.5,c_parent,±20-50%,S1_v3_2_2B_extension,,substructure_aggregate_median,20.0,0.1,,,,0.0,5000,H_below_validated_reduced_field,4.993811750971566,4.72095452430642,5.319412891300964,0.0064516129032258,
Al0.07B2Mg0.93,conventional_AlB2,mp-763,,A1,35.8,3DSC_MP,15.5,c_parent,±20-50%,S1_v3_2_2B_extension,,substructure_aggregate_median,20.0,1.0,,,,0.0251611331618262,5000,H_below_validated_reduced_field,4.934642026393273,4.6436908217380655,5.2758836636155575,0.064516129032258,
Al0.07B2Mg0.93,conventional_AlB2,mp-763,,A1,35.8,3DSC_MP,15.5,c_parent,±20-50%,S1_v3_2_2B_extension,,substructure_aggregate_median,20.0,5.0,4.631537673761817,4.20237649572434,5.036834538442922,0.1895476536490266,5000,,,,,,
Al0.07B2Mg0.93,conventional_AlB2,mp-763,,A1,35.8,3DSC_MP,15.5,c_parent,±20-50%,S1_v3_2_2B_extension,,substructure_aggregate_median,27.566,0.1,,,,0.0,5000,H_below_validated_reduced_field,4.650344897255437,4.197643248521653,5.189646337980883,0.0064516129032258,
Al0.07B2Mg0.93,conventional_AlB2,mp-763,,A1,35.8,3DSC_MP,15.5,c_parent,±20-50%,S1_v3_2_2B_extension,,substructure_aggregate_median,27.566,1.0,,,,0.0241634734401747,5000,H_below_validated_reduced_field,4.59499911320725,4.124841428898355,5.1350959845794,0.064516129032258,
Al0.07B2Mg0.93,conventional_AlB2,mp-763,,A1,35.8,3DSC_MP,15.5,c_parent,±20-50%,S1_v3_2_2B_extension,,substructure_aggregate_median,27.566,5.0,,,,0.1914729950759088,5000,T_above_validated_reduced_temperature,4.295127459626231,3.7002334556500855,4.890762205114109,,0.77
Al0.085B2Mg0.915,conventional_AlB2,mp-763,,A1,32.4,3DSC_MP,15.5,c_parent,±20-50%,S1_v3_2_2B_extension,,substructure_aggregate_median,4.2,0.1,,,,0.0,5000,H_below_validated_reduced_field,5.324105348641889,5.171003190830169,5.549941092791016,0.0064516129032258,
Al0.085B2Mg0.915,conventional_AlB2,mp-763,,A1,32.4,3DSC_MP,15.5,c_parent,±20-50%,S1_v3_2_2B_extension,,substructure_aggregate_median,4.2,1.0,,,,0.0243336229687027,5000,H_below_validated_reduced_field,5.2681634603827865,5.103264623835246,5.502805514958336,0.064516129032258,
Al0.085B2Mg0.915,conventional_AlB2,mp-763,,A1,32.4,3DSC_MP,15.5,c_parent,±20-50%,S1_v3_2_2B_extension,,substructure_aggregate_median,4.2,5.0,4.978316363949361,4.66394723884644,5.256994599571886,0.1873147717840826,5000,,,,,,
Al0.085B2Mg0.915,conventional_AlB2,mp-763,,A1,32.4,3DSC_MP,15.5,c_parent,±20-50%,S1_v3_2_2B_extension,,substructure_aggregate_median,20.0,0.1,,,,0.0,5000,H_below_validated_reduced_field,4.930968707891346,4.6283667495727805,5.2839896186354425,0.0064516129032258,
Al0.085B2Mg0.915,conventional_AlB2,mp-763,,A1,32.4,3DSC_MP,15.5,c_parent,±20-50%,S1_v3_2_2B_extension,,substructure_aggregate_median,20.0,1.0,,,,0.0242532787233917,5000,H_below_validated_reduced_field,4.870844928361594,4.557408544842829,5.23788090262048,0.064516129032258,
Al0.085B2Mg0.915,conventional_AlB2,mp-763,,A1,32.4,3DSC_MP,15.5,c_parent,±20-50%,S1_v3_2_2B_extension,,substructure_aggregate_median,20.0,5.0,4.561996457171595,4.104818898459253,4.998649609523431,0.1911994645130512,5000,,,,,,
Al0.085B2Mg0.915,conventional_AlB2,mp-763,,A1,32.4,3DSC_MP,15.5,c_parent,±20-50%,S1_v3_2_2B_extension,,substructure_aggregate_median,24.948,0.1,,,,0.0,5000,H_below_validated_reduced_field,4.665438705767914,4.219496600552518,5.179730630337098,0.0064516129032258,
Al0.085B2Mg0.915,conventional_AlB2,mp-763,,A1,32.4,3DSC_MP,15.5,c_parent,±20-50%,S1_v3_2_2B_extension,,substructure_aggregate_median,24.948,1.0,,,,0.0232838982590699,5000,H_below_validated_reduced_field,4.606150098766803,4.147084240294694,5.125653536254911,0.064516129032258,
Al0.085B2Mg0.915,conventional_AlB2,mp-763,,A1,32.4,3DSC_MP,15.5,c_parent,±20-50%,S1_v3_2_2B_extension,,substructure_aggregate_median,24.948,5.0,,,,0.1933848000422706,5000,T_above_validated_reduced_temperature,4.299639584629102,3.727226086138805,4.88488914797264,,0.77
Al0.08B2Mg0.92,conventional_AlB2,mp-763,,A1,33.55,3DSC_MP,15.5,c_parent,±20-50%,S1_v3_2_2B_extension,,substructure_aggregate_median,4.2,0.1,,,,0.0,5000,H_below_validated_reduced_field,5.324105348641889,5.1863788403346,5.559330705252185,0.0064516129032258,
Al0.08B2Mg0.92,conventional_AlB2,mp-763,,A1,33.55,3DSC_MP,15.5,c_parent,±20-50%,S1_v3_2_2B_extension,,substructure_aggregate_median,4.2,1.0,,,,0.0245031985744592,5000,H_below_validated_reduced_field,5.269331709916639,5.106325025815066,5.506751427124972,0.064516129032258,
Al0.08B2Mg0.92,conventional_AlB2,mp-763,,A1,33.55,3DSC_MP,15.5,c_parent,±20-50%,S1_v3_2_2B_extension,,substructure_aggregate_median,4.2,5.0,4.980622895715926,4.669651068077665,5.266417610807262,0.1841264042334858,5000,,,,,,
Al0.08B2Mg0.92,conventional_AlB2,mp-763,,A1,33.55,3DSC_MP,15.5,c_parent,±20-50%,S1_v3_2_2B_extension,,substructure_aggregate_median,20.0,0.1,,,,0.0,5000,H_below_validated_reduced_field,4.951763951053977,4.65373928241921,5.304079077385875,0.0064516129032258,
Al0.08B2Mg0.92,conventional_AlB2,mp-763,,A1,33.55,3DSC_MP,15.5,c_parent,±20-50%,S1_v3_2_2B_extension,,substructure_aggregate_median,20.0,1.0,,,,0.0242764497966101,5000,H_below_validated_reduced_field,4.894751538270164,4.571011177332893,5.253906648077294,0.064516129032258,
Al0.08B2Mg0.92,conventional_AlB2,mp-763,,A1,33.55,3DSC_MP,15.5,c_parent,±20-50%,S1_v3_2_2B_extension,,substructure_aggregate_median,20.0,5.0,4.588132198451037,4.138171033199494,5.025538658967436,0.1878915853927871,5000,,,,,,
Al0.08B2Mg0.92,conventional_AlB2,mp-763,,A1,33.55,3DSC_MP,15.5,c_parent,±20-50%,S1_v3_2_2B_extension,,substructure_aggregate_median,25.8335,0.1,,,,0.0,5000,H_below_validated_reduced_field,4.652394126548209,4.141811881857304,5.188230043969297,0.0064516129032258,
Al0.08B2Mg0.92,conventional_AlB2,mp-763,,A1,33.55,3DSC_MP,15.5,c_parent,±20-50%,S1_v3_2_2B_extension,,substructure_aggregate_median,25.8335,1.0,,,,0.0244644626047367,5000,H_below_validated_reduced_field,4.59705043306968,4.077708213309831,5.137139243124572,0.064516129032258,
Al0.08B2Mg0.92,conventional_AlB2,mp-763,,A1,33.55,3DSC_MP,15.5,c_parent,±20-50%,S1_v3_2_2B_extension,,substructure_aggregate_median,25.8335,5.0,,,,0.1902134287753067,5000,T_above_validated_reduced_temperature,4.297351301391778,3.6749183593647214,4.898216886430053,,0.7700000000000001
Al0.09B2Mg0.91,conventional_AlB2,mp-763,,A1,34.7,3DSC_MP,15.5,c_parent,±20-50%,S1_v3_2_2B_extension,,substructure_aggregate_median,4.2,0.1,,,,0.0,5000,H_below_validated_reduced_field,5.324105348641889,5.1863788403346,5.559330705252185,0.0064516129032258,
Al0.09B2Mg0.91,conventional_AlB2,mp-763,,A1,34.7,3DSC_MP,15.5,c_parent,±20-50%,S1_v3_2_2B_extension,,substructure_aggregate_median,4.2,1.0,,,,0.0254594645429984,5000,H_below_validated_reduced_field,5.270871172094313,5.113330314759067,5.508722502399244,0.064516129032258,
Al0.09B2Mg0.91,conventional_AlB2,mp-763,,A1,34.7,3DSC_MP,15.5,c_parent,±20-50%,S1_v3_2_2B_extension,,substructure_aggregate_median,4.2,5.0,4.979161227585859,4.668112437492631,5.263524537620467,0.1874395399350907,5000,,,,,,
Al0.09B2Mg0.91,conventional_AlB2,mp-763,,A1,34.7,3DSC_MP,15.5,c_parent,±20-50%,S1_v3_2_2B_extension,,substructure_aggregate_median,20.0,0.1,,,,0.0,5000,H_below_validated_reduced_field,4.9773605448428775,4.707199951332664,5.3041390730603775,0.0064516129032258,
Al0.09B2Mg0.91,conventional_AlB2,mp-763,,A1,34.7,3DSC_MP,15.5,c_parent,±20-50%,S1_v3_2_2B_extension,,substructure_aggregate_median,20.0,1.0,,,,0.02427636051116,5000,H_below_validated_reduced_field,4.917550753839916,4.629053604782869,5.25872225651867,0.064516129032258,
Al0.09B2Mg0.91,conventional_AlB2,mp-763,,A1,34.7,3DSC_MP,15.5,c_parent,±20-50%,S1_v3_2_2B_extension,,substructure_aggregate_median,20.0,5.0,4.611717181969752,4.185030107641951,5.026297383482645,0.1911507377212702,5000,,,,,,
Al0.09B2Mg0.91,conventional_AlB2,mp-763,,A1,34.7,3DSC_MP,15.5,c_parent,±20-50%,S1_v3_2_2B_extension,,substructure_aggregate_median,26.719,0.1,,,,0.0,5000,H_below_validated_reduced_field,4.66057683240042,4.265835106472126,5.169997883757132,0.0064516129032258,
Al0.09B2Mg0.91,conventional_AlB2,mp-763,,A1,34.7,3DSC_MP,15.5,c_parent,±20-50%,S1_v3_2_2B_extension,,substructure_aggregate_median,26.719,1.0,,,,0.0238160325920295,5000,H_below_validated_reduced_field,4.600305829220233,4.19583084724809,5.12110102368802,0.064516129032258,
Al0.09B2Mg0.91,conventional_AlB2,mp-763,,A1,34.7,3DSC_MP,15.5,c_parent,±20-50%,S1_v3_2_2B_extension,,substructure_aggregate_median,26.719,5.0,,,,0.1933067110915471,5000,T_above_validated_reduced_temperature,4.300111860236138,3.730527378920701,4.887482517928324,,0.77
Al0.14B2Mg0.86,conventional_AlB2,mp-763,,A1,35.1,3DSC_MP,15.5,c_parent,±20-50%,S1_v3_2_2B_extension,,substructure_aggregate_median,4.2,0.1,,,,0.0,5000,H_below_validated_reduced_field,5.324105348641889,5.171003190830169,5.549941092791016,0.0064516129032258,
Al0.14B2Mg0.86,conventional_AlB2,mp-763,,A1,35.1,3DSC_MP,15.5,c_parent,±20-50%,S1_v3_2_2B_extension,,substructure_aggregate_median,4.2,1.0,,,,0.0246463674043102,5000,H_below_validated_reduced_field,5.269431390263902,5.101108685649522,5.502031359042437,0.064516129032258,
Al0.14B2Mg0.86,conventional_AlB2,mp-763,,A1,35.1,3DSC_MP,15.5,c_parent,±20-50%,S1_v3_2_2B_extension,,substructure_aggregate_median,4.2,5.0,4.978240786087785,4.656367003815451,5.264406632650265,0.1857509280834506,5000,,,,,,
Al0.14B2Mg0.86,conventional_AlB2,mp-763,,A1,35.1,3DSC_MP,15.5,c_parent,±20-50%,S1_v3_2_2B_extension,,substructure_aggregate_median,20.0,0.1,,,,0.0,5000,H_below_validated_reduced_field,4.979690677505768,4.687869738522662,5.310301230125434,0.0064516129032258,
Al0.14B2Mg0.86,conventional_AlB2,mp-763,,A1,35.1,3DSC_MP,15.5,c_parent,±20-50%,S1_v3_2_2B_extension,,substructure_aggregate_median,20.0,1.0,,,,0.0248304828486594,5000,H_below_validated_reduced_field,4.923072015114213,4.615907048576883,5.261388849037443,0.064516129032258,
Al0.14B2Mg0.86,conventional_AlB2,mp-763,,A1,35.1,3DSC_MP,15.5,c_parent,±20-50%,S1_v3_2_2B_extension,,substructure_aggregate_median,20.0,5.0,4.616897680014376,4.165260019479852,5.01181280463571,0.1904236231105409,5000,,,,,,
Al0.14B2Mg0.86,conventional_AlB2,mp-763,,A1,35.1,3DSC_MP,15.5,c_parent,±20-50%,S1_v3_2_2B_extension,,substructure_aggregate_median,27.027,0.1,,,,0.0,5000,H_below_validated_reduced_field,4.651658515977499,4.174907795855057,5.169653504930845,0.0064516129032258,
Al0.14B2Mg0.86,conventional_AlB2,mp-763,,A1,35.1,3DSC_MP,15.5,c_parent,±20-50%,S1_v3_2_2B_extension,,substructure_aggregate_median,27.027,1.0,,,,0.0235274450773488,5000,H_below_validated_reduced_field,4.596312731929313,4.097207436908412,5.1214939689685215,0.064516129032258,
Al0.14B2Mg0.86,conventional_AlB2,mp-763,,A1,35.1,3DSC_MP,15.5,c_parent,±20-50%,S1_v3_2_2B_extension,,substructure_aggregate_median,27.027,5.0,,,,0.1937449287445485,5000,T_above_validated_reduced_temperature,4.292138401784935,3.675344220650623,4.879962384895266,,0.77
Al0.15B2Mg0.85,conventional_AlB2,mp-763,,A1,31.5,3DSC_MP,15.5,c_parent,±20-50%,S1_v3_2_2B_extension,,substructure_aggregate_median,4.2,0.1,,,,0.0,5000,H_below_validated_reduced_field,5.324105348641889,5.171003190830169,5.559330705252185,0.0064516129032258,
Al0.15B2Mg0.85,conventional_AlB2,mp-763,,A1,31.5,3DSC_MP,15.5,c_parent,±20-50%,S1_v3_2_2B_extension,,substructure_aggregate_median,4.2,1.0,,,,0.0241882717625721,5000,H_below_validated_reduced_field,5.26911416701377,5.104680266782216,5.504821127261954,0.064516129032258,
Al0.15B2Mg0.85,conventional_AlB2,mp-763,,A1,31.5,3DSC_MP,15.5,c_parent,±20-50%,S1_v3_2_2B_extension,,substructure_aggregate_median,4.2,5.0,4.9763786985300005,4.667268958449525,5.260015676977643,0.1846186285834665,5000,,,,,,
Al0.15B2Mg0.85,conventional_AlB2,mp-763,,A1,31.5,3DSC_MP,15.5,c_parent,±20-50%,S1_v3_2_2B_extension,,substructure_aggregate_median,20.0,0.1,,,,0.0,5000,H_below_validated_reduced_field,4.903105273263592,4.5942890019275255,5.281516904618397,0.0064516129032258,
Al0.15B2Mg0.85,conventional_AlB2,mp-763,,A1,31.5,3DSC_MP,15.5,c_parent,±20-50%,S1_v3_2_2B_extension,,substructure_aggregate_median,20.0,1.0,,,,0.026533345743795,5000,H_below_validated_reduced_field,4.845389504809846,4.518035617041118,5.234395665103246,0.064516129032258,
Al0.15B2Mg0.85,conventional_AlB2,mp-763,,A1,31.5,3DSC_MP,15.5,c_parent,±20-50%,S1_v3_2_2B_extension,,substructure_aggregate_median,20.0,5.0,4.534699087381277,4.069747102986281,5.00063123779289,0.1903796232699335,5000,,,,,,
Al0.15B2Mg0.85,conventional_AlB2,mp-763,,A1,31.5,3DSC_MP,15.5,c_parent,±20-50%,S1_v3_2_2B_extension,,substructure_aggregate_median,24.255,0.1,,,,0.0,5000,H_below_validated_reduced_field,4.657882537550838,4.19184347481841,5.188301220694665,0.0064516129032258,
Al0.15B2Mg0.85,conventional_AlB2,mp-763,,A1,31.5,3DSC_MP,15.5,c_parent,±20-50%,S1_v3_2_2B_extension,,substructure_aggregate_median,24.255,1.0,,,,0.0253865289768704,5000,H_below_validated_reduced_field,4.601466380936136,4.12063658016437,5.141088343276501,0.064516129032258,
Al0.15B2Mg0.85,conventional_AlB2,mp-763,,A1,31.5,3DSC_MP,15.5,c_parent,±20-50%,S1_v3_2_2B_extension,,substructure_aggregate_median,24.255,5.0,,,,0.1956739036636445,5000,T_above_validated_reduced_temperature,4.29409843362633,3.682408219058445,4.898703454593167,,0.77
Al0.185B2Mg0.815,conventional_AlB2,mp-763,,A1,25.3,3DSC_MP,15.5,c_parent,±20-50%,S1_v3_2_2B_extension,,substructure_aggregate_median,4.2,0.1,,,,0.0,5000,H_below_validated_reduced_field,5.324105348641889,5.1863788403346,5.559330705252185,0.0064516129032258,
Al0.185B2Mg0.815,conventional_AlB2,mp-763,,A1,25.3,3DSC_MP,15.5,c_parent,±20-50%,S1_v3_2_2B_extension,,substructure_aggregate_median,4.2,1.0,,,,0.0269497634137731,5000,H_below_validated_reduced_field,5.271544406272218,5.102884623932617,5.506411368300817,0.064516129032258,
Al0.185B2Mg0.815,conventional_AlB2,mp-763,,A1,25.3,3DSC_MP,15.5,c_parent,±20-50%,S1_v3_2_2B_extension,,substructure_aggregate_median,4.2,5.0,4.981609291651304,4.667150606665967,5.263524537620467,0.1857284068110249,5000,,,,,,
Al0.185B2Mg0.815,conventional_AlB2,mp-763,,A1,25.3,3DSC_MP,15.5,c_parent,±20-50%,S1_v3_2_2B_extension,,substructure_aggregate_median,20.0,0.1,,,,0.0,5000,H_below_validated_reduced_field,4.640332762427629,4.182642615321417,5.170404266409632,0.0064516129032258,
Al0.185B2Mg0.815,conventional_AlB2,mp-763,,A1,25.3,3DSC_MP,15.5,c_parent,±20-50%,S1_v3_2_2B_extension,,substructure_aggregate_median,20.0,1.0,,,,0.0227931995577543,5000,H_below_validated_reduced_field,4.579292617062315,4.121256611080734,5.120581834642871,0.064516129032258,
Al0.185B2Mg0.815,conventional_AlB2,mp-763,,A1,25.3,3DSC_MP,15.5,c_parent,±20-50%,S1_v3_2_2B_extension,,substructure_aggregate_median,20.0,5.0,,,,0.1921783093669153,5000,T_above_validated_reduced_temperature,4.276844193035036,3.678275348779419,4.887084681578233,,0.7905138339920948
Al0.185B2Mg0.815,conventional_AlB2,mp-763,,A1,25.3,3DSC_MP,15.5,c_parent,±20-50%,S1_v3_2_2B_extension,,substructure_aggregate_median,19.481,0.1,,,,0.0,5000,H_below_validated_reduced_field,4.6865695128761775,4.26394296853293,5.190921650287658,0.0064516129032258,
Al0.185B2Mg0.815,conventional_AlB2,mp-763,,A1,25.3,3DSC_MP,15.5,c_parent,±20-50%,S1_v3_2_2B_extension,,substructure_aggregate_median,19.481,1.0,,,,0.0234402936324595,5000,H_below_validated_reduced_field,4.626298509695991,4.1895373323616445,5.139534553867796,0.064516129032258,
Al0.185B2Mg0.815,conventional_AlB2,mp-763,,A1,25.3,3DSC_MP,15.5,c_parent,±20-50%,S1_v3_2_2B_extension,,substructure_aggregate_median,19.481,5.0,,,,0.1926539972419361,5000,T_above_validated_reduced_temperature,4.324351719957284,3.74815356008084,4.904887521883907,,0.77
Al0.19B2Mg0.81,conventional_AlB2,mp-763,,A1,30.8,3DSC_MP,15.5,c_parent,±20-50%,S1_v3_2_2B_extension,,substructure_aggregate_median,4.2,0.1,,,,0.0,5000,H_below_validated_reduced_field,5.324105348641889,5.171003190830169,5.559330705252185,0.0064516129032258,
Al0.19B2Mg0.81,conventional_AlB2,mp-763,,A1,30.8,3DSC_MP,15.5,c_parent,±20-50%,S1_v3_2_2B_extension,,substructure_aggregate_median,4.2,1.0,,,,0.0243043023415507,5000,H_below_validated_reduced_field,5.269431390263902,5.101961655945378,5.5094156914624905,0.064516129032258,
Al0.19B2Mg0.81,conventional_AlB2,mp-763,,A1,30.8,3DSC_MP,15.5,c_parent,±20-50%,S1_v3_2_2B_extension,,substructure_aggregate_median,4.2,5.0,4.979861361064101,4.664276181083074,5.266463938293833,0.1858275811540455,5000,,,,,,
Al0.19B2Mg0.81,conventional_AlB2,mp-763,,A1,30.8,3DSC_MP,15.5,c_parent,±20-50%,S1_v3_2_2B_extension,,substructure_aggregate_median,20.0,0.1,,,,0.0,5000,H_below_validated_reduced_field,4.888277304935218,4.567678039939393,5.272049044363935,0.0064516129032258,
Al0.19B2Mg0.81,conventional_AlB2,mp-763,,A1,30.8,3DSC_MP,15.5,c_parent,±20-50%,S1_v3_2_2B_extension,,substructure_aggregate_median,20.0,1.0,,,,0.0244704264719484,5000,H_below_validated_reduced_field,4.830546726646253,4.494505765470041,5.2273505590247495,0.064516129032258,
Al0.19B2Mg0.81,conventional_AlB2,mp-763,,A1,30.8,3DSC_MP,15.5,c_parent,±20-50%,S1_v3_2_2B_extension,,substructure_aggregate_median,20.0,5.0,4.521457212532779,4.040733629104721,4.995514000775432,0.1928068564586844,5000,,,,,,
Al0.19B2Mg0.81,conventional_AlB2,mp-763,,A1,30.8,3DSC_MP,15.5,c_parent,±20-50%,S1_v3_2_2B_extension,,substructure_aggregate_median,23.716,0.1,,,,0.0,5000,H_below_validated_reduced_field,4.661140563086377,4.203957151509679,5.194436874035504,0.0064516129032258,
Al0.19B2Mg0.81,conventional_AlB2,mp-763,,A1,30.8,3DSC_MP,15.5,c_parent,±20-50%,S1_v3_2_2B_extension,,substructure_aggregate_median,23.716,1.0,,,,0.0235569586838639,5000,H_below_validated_reduced_field,4.606170372343387,4.127050947572639,5.148033938739311,0.064516129032258,
Al0.19B2Mg0.81,conventional_AlB2,mp-763,,A1,30.8,3DSC_MP,15.5,c_parent,±20-50%,S1_v3_2_2B_extension,,substructure_aggregate_median,23.716,5.0,,,,0.1952320248335644,5000,T_above_validated_reduced_temperature,4.302793513163381,3.70951770846892,4.911123673813307,,0.77
Al0.1B2Mg0.9,conventional_AlB2,mp-763,,A1,34.3,3DSC_MP,15.5,c_parent,±20-50%,S1_v3_2_2B_extension,,substructure_aggregate_median,4.2,0.1,,,,0.0,5000,H_below_validated_reduced_field,5.324105348641889,5.171003190830169,5.549941092791016,0.0064516129032258,
Al0.1B2Mg0.9,conventional_AlB2,mp-763,,A1,34.3,3DSC_MP,15.5,c_parent,±20-50%,S1_v3_2_2B_extension,,substructure_aggregate_median,4.2,1.0,,,,0.0240062497160078,5000,H_below_validated_reduced_field,5.269307678896171,5.102014001796972,5.50481893902118,0.064516129032258,
Al0.1B2Mg0.9,conventional_AlB2,mp-763,,A1,34.3,3DSC_MP,15.5,c_parent,±20-50%,S1_v3_2_2B_extension,,substructure_aggregate_median,4.2,5.0,4.979227182023163,4.655381392460561,5.26082830090082,0.1864933408724089,5000,,,,,,
Al0.1B2Mg0.9,conventional_AlB2,mp-763,,A1,34.3,3DSC_MP,15.5,c_parent,±20-50%,S1_v3_2_2B_extension,,substructure_aggregate_median,20.0,0.1,,,,0.0,5000,H_below_validated_reduced_field,4.969269354659736,4.669913781901835,5.300979501916558,0.0064516129032258,
Al0.1B2Mg0.9,conventional_AlB2,mp-763,,A1,34.3,3DSC_MP,15.5,c_parent,±20-50%,S1_v3_2_2B_extension,,substructure_aggregate_median,20.0,1.0,,,,0.0244705659502209,5000,H_below_validated_reduced_field,4.911378370538033,4.593813020026535,5.255699827738652,0.064516129032258,
Al0.1B2Mg0.9,conventional_AlB2,mp-763,,A1,34.3,3DSC_MP,15.5,c_parent,±20-50%,S1_v3_2_2B_extension,,substructure_aggregate_median,20.0,5.0,4.606352919991763,4.152550509320185,5.028700158738704,0.1894583646670051,5000,,,,,,
Al0.1B2Mg0.9,conventional_AlB2,mp-763,,A1,34.3,3DSC_MP,15.5,c_parent,±20-50%,S1_v3_2_2B_extension,,substructure_aggregate_median,26.411,0.1,,,,0.0,5000,H_below_validated_reduced_field,4.661372266581253,4.198151667691668,5.170350854679169,0.0064516129032258,
Al0.1B2Mg0.9,conventional_AlB2,mp-763,,A1,34.3,3DSC_MP,15.5,c_parent,±20-50%,S1_v3_2_2B_extension,,substructure_aggregate_median,26.411,1.0,,,,0.0256021488450404,5000,H_below_validated_reduced_field,4.608700358168826,4.12388815866104,5.122450664905938,0.064516129032258,
Al0.1B2Mg0.9,conventional_AlB2,mp-763,,A1,34.3,3DSC_MP,15.5,c_parent,±20-50%,S1_v3_2_2B_extension,,substructure_aggregate_median,26.411,5.0,,,,0.1935393314666855,5000,T_above_validated_reduced_temperature,4.29915447366236,3.691327849112064,4.890180454103651,,0.7700000000000001
Al0.21B2Mg0.79,conventional_AlB2,mp-763,,A1,27.1,3DSC_MP,15.5,c_parent,±20-50%,S1_v3_2_2B_extension,,substructure_aggregate_median,4.2,0.1,,,,0.0,5000,H_below_validated_reduced_field,5.324105348641889,5.171003190830169,5.559330705252185,0.0064516129032258,
Al0.21B2Mg0.79,conventional_AlB2,mp-763,,A1,27.1,3DSC_MP,15.5,c_parent,±20-50%,S1_v3_2_2B_extension,,substructure_aggregate_median,4.2,1.0,,,,0.0242485749384933,5000,H_below_validated_reduced_field,5.269431390263902,5.101961655945378,5.509651616859299,0.064516129032258,
Al0.21B2Mg0.79,conventional_AlB2,mp-763,,A1,27.1,3DSC_MP,15.5,c_parent,±20-50%,S1_v3_2_2B_extension,,substructure_aggregate_median,4.2,5.0,4.979576386144396,4.6591329159625845,5.274966405860413,0.1850999097034664,5000,,,,,,
Al0.21B2Mg0.79,conventional_AlB2,mp-763,,A1,27.1,3DSC_MP,15.5,c_parent,±20-50%,S1_v3_2_2B_extension,,substructure_aggregate_median,20.0,0.1,,,,0.0,5000,H_below_validated_reduced_field,4.744526540283598,4.316753391424418,5.2169818194739,0.0064516129032258,
Al0.21B2Mg0.79,conventional_AlB2,mp-763,,A1,27.1,3DSC_MP,15.5,c_parent,±20-50%,S1_v3_2_2B_extension,,substructure_aggregate_median,20.0,1.0,,,,0.0243938408140929,5000,H_below_validated_reduced_field,4.689852581905611,4.236392406091009,5.170055324445732,0.064516129032258,
Al0.21B2Mg0.79,conventional_AlB2,mp-763,,A1,27.1,3DSC_MP,15.5,c_parent,±20-50%,S1_v3_2_2B_extension,,substructure_aggregate_median,20.0,5.0,,,,0.1938022590688346,5000,T_above_validated_reduced_temperature,4.385836339232254,3.8195881196571873,4.933919479176142,,0.7380073800738007
Al0.21B2Mg0.79,conventional_AlB2,mp-763,,A1,27.1,3DSC_MP,15.5,c_parent,±20-50%,S1_v3_2_2B_extension,,substructure_aggregate_median,20.867,0.1,,,,0.0,5000,H_below_validated_reduced_field,4.680068892900915,4.195432140098158,5.191041137034483,0.0064516129032258,
Al0.21B2Mg0.79,conventional_AlB2,mp-763,,A1,27.1,3DSC_MP,15.5,c_parent,±20-50%,S1_v3_2_2B_extension,,substructure_aggregate_median,20.867,1.0,,,,0.0239343915754481,5000,H_below_validated_reduced_field,4.619797889720728,4.129648553609356,5.144718858890264,0.064516129032258,
Al0.21B2Mg0.79,conventional_AlB2,mp-763,,A1,27.1,3DSC_MP,15.5,c_parent,±20-50%,S1_v3_2_2B_extension,,substructure_aggregate_median,20.867,5.0,,,,0.1934270395173554,5000,T_above_validated_reduced_temperature,4.317404293458977,3.7124864637768407,4.903064073013729,,0.77
Al0.29B2Mg0.71,conventional_AlB2,mp-1207086,,A1,24.0,3DSC_MP,15.5,c_parent,±20-50%,S1_v3_2_2B_extension,,substructure_aggregate_median,4.2,0.1,,,,0.0,5000,H_below_validated_reduced_field,5.324105348641889,5.171003190830169,5.559330705252185,0.0064516129032258,
Al0.29B2Mg0.71,conventional_AlB2,mp-1207086,,A1,24.0,3DSC_MP,15.5,c_parent,±20-50%,S1_v3_2_2B_extension,,substructure_aggregate_median,4.2,1.0,,,,0.0241777954462438,5000,H_below_validated_reduced_field,5.269431390263902,5.104036057933822,5.508722502399244,0.064516129032258,
Al0.29B2Mg0.71,conventional_AlB2,mp-1207086,,A1,24.0,3DSC_MP,15.5,c_parent,±20-50%,S1_v3_2_2B_extension,,substructure_aggregate_median,4.2,5.0,4.979161227585859,4.659968512666539,5.264489202289058,0.1864077165464328,5000,,,,,,
Al0.29B2Mg0.71,conventional_AlB2,mp-1207086,,A1,24.0,3DSC_MP,15.5,c_parent,±20-50%,S1_v3_2_2B_extension,,substructure_aggregate_median,20.0,0.1,,,,0.0,5000,H_below_validated_reduced_field,4.521564945665185,3.8957018039528784,5.113176422248356,0.0064516129032258,
Al0.29B2Mg0.71,conventional_AlB2,mp-1207086,,A1,24.0,3DSC_MP,15.5,c_parent,±20-50%,S1_v3_2_2B_extension,,substructure_aggregate_median,20.0,1.0,,,,0.0247562116843198,5000,H_below_validated_reduced_field,4.465781080111004,3.8273114935199897,5.067401967620885,0.064516129032258,
Al0.29B2Mg0.71,conventional_AlB2,mp-1207086,,A1,24.0,3DSC_MP,15.5,c_parent,±20-50%,S1_v3_2_2B_extension,,substructure_aggregate_median,20.0,5.0,,,,0.1978230156252607,5000,T_above_validated_reduced_temperature,4.16267098155187,3.4334870211506363,4.829698225800202,,0.8333333333333334
Al0.29B2Mg0.71,conventional_AlB2,mp-1207086,,A1,24.0,3DSC_MP,15.5,c_parent,±20-50%,S1_v3_2_2B_extension,,substructure_aggregate_median,18.48,0.1,,,,0.0,5000,H_below_validated_reduced_field,4.6853375828597965,4.21953765611355,5.1753946579333885,0.0064516129032258,
Al0.29B2Mg0.71,conventional_AlB2,mp-1207086,,A1,24.0,3DSC_MP,15.5,c_parent,±20-50%,S1_v3_2_2B_extension,,substructure_aggregate_median,18.48,1.0,,,,0.0243184360605592,5000,H_below_validated_reduced_field,4.628446744179631,4.142986779036062,5.13381866129814,0.064516129032258,
Al0.29B2Mg0.71,conventional_AlB2,mp-1207086,,A1,24.0,3DSC_MP,15.5,c_parent,±20-50%,S1_v3_2_2B_extension,,substructure_aggregate_median,18.48,5.0,,,,0.1946176943429982,5000,T_above_validated_reduced_temperature,4.324626261370053,3.710807537904184,4.895042285212832,,0.77
Al0.2B2Mg0.8,conventional_AlB2,mp-1222150,,A1,28.71,3DSC_MP,15.5,c_parent,±20-50%,S1_v3_2_2B_extension,,substructure_aggregate_median,4.2,0.1,,,,0.0,5000,H_below_validated_reduced_field,5.324105348641889,5.1863788403346,5.549941092791016,0.0064516129032258,
Al0.2B2Mg0.8,conventional_AlB2,mp-1222150,,A1,28.71,3DSC_MP,15.5,c_parent,±20-50%,S1_v3_2_2B_extension,,substructure_aggregate_median,4.2,1.0,,,,0.0248788034603819,5000,H_below_validated_reduced_field,5.27055914925549,5.105616317081055,5.504780351850702,0.064516129032258,
Al0.2B2Mg0.8,conventional_AlB2,mp-1222150,,A1,28.71,3DSC_MP,15.5,c_parent,±20-50%,S1_v3_2_2B_extension,,substructure_aggregate_median,4.2,5.0,4.980622895715926,4.66394723884644,5.263501015723233,0.1858843047814549,5000,,,,,,
Al0.2B2Mg0.8,conventional_AlB2,mp-1222150,,A1,28.71,3DSC_MP,15.5,c_parent,±20-50%,S1_v3_2_2B_extension,,substructure_aggregate_median,20.0,0.1,,,,0.0,5000,H_below_validated_reduced_field,4.823636198700835,4.444773525771826,5.237228244801422,0.0064516129032258,
Al0.2B2Mg0.8,conventional_AlB2,mp-1222150,,A1,28.71,3DSC_MP,15.5,c_parent,±20-50%,S1_v3_2_2B_extension,,substructure_aggregate_median,20.0,1.0,,,,0.0258913392577619,5000,H_below_validated_reduced_field,4.761289147911749,4.377023502630714,5.189269857137347,0.064516129032258,
Al0.2B2Mg0.8,conventional_AlB2,mp-1222150,,A1,28.71,3DSC_MP,15.5,c_parent,±20-50%,S1_v3_2_2B_extension,,substructure_aggregate_median,20.0,5.0,4.452378915610148,3.93138210410536,4.957264720200327,0.1923826664104364,5000,,,,,,
Al0.2B2Mg0.8,conventional_AlB2,mp-1222150,,A1,28.71,3DSC_MP,15.5,c_parent,±20-50%,S1_v3_2_2B_extension,,substructure_aggregate_median,22.1067,0.1,,,,0.0,5000,H_below_validated_reduced_field,4.675004555727743,4.233154290441443,5.17640013164698,0.0064516129032258,
Al0.2B2Mg0.8,conventional_AlB2,mp-1222150,,A1,28.71,3DSC_MP,15.5,c_parent,±20-50%,S1_v3_2_2B_extension,,substructure_aggregate_median,22.1067,1.0,,,,0.0237972619292001,5000,H_below_validated_reduced_field,4.613896545862325,4.150291716215185,5.131164206211266,0.064516129032258,
Al0.2B2Mg0.8,conventional_AlB2,mp-1222150,,A1,28.71,3DSC_MP,15.5,c_parent,±20-50%,S1_v3_2_2B_extension,,substructure_aggregate_median,22.1067,5.0,,,,0.1942066711412877,5000,T_above_validated_reduced_temperature,4.3117947613180645,3.728041582143253,4.897037482801382,,0.77
Al0.5B2Mg0.5,conventional_AlB2,mp-1207086,,A1,12.9,3DSC_MP,15.5,c_parent,±20-50%,S1_v3_2_2B_extension,,substructure_aggregate_median,4.2,0.1,,,,0.0,5000,H_below_validated_reduced_field,5.324105348641889,5.1863788403346,5.559330705252185,0.0064516129032258,
Al0.5B2Mg0.5,conventional_AlB2,mp-1207086,,A1,12.9,3DSC_MP,15.5,c_parent,±20-50%,S1_v3_2_2B_extension,,substructure_aggregate_median,4.2,1.0,,,,0.0244780130507198,5000,H_below_validated_reduced_field,5.269431390263902,5.106267801025989,5.507922188052283,0.064516129032258,
Al0.5B2Mg0.5,conventional_AlB2,mp-1207086,,A1,12.9,3DSC_MP,15.5,c_parent,±20-50%,S1_v3_2_2B_extension,,substructure_aggregate_median,4.2,5.0,4.97994781687558,4.667141195236025,5.266384212033055,0.1836619068344021,5000,,,,,,
Al0.5B2Mg0.5,conventional_AlB2,mp-1207086,,A1,12.9,3DSC_MP,15.5,c_parent,±20-50%,S1_v3_2_2B_extension,,substructure_aggregate_median,20.0,0.1,,,,,5000,T_above_Tc,,,,,
Al0.5B2Mg0.5,conventional_AlB2,mp-1207086,,A1,12.9,3DSC_MP,15.5,c_parent,±20-50%,S1_v3_2_2B_extension,,substructure_aggregate_median,20.0,1.0,,,,,5000,T_above_Tc,,,,,
Al0.5B2Mg0.5,conventional_AlB2,mp-1207086,,A1,12.9,3DSC_MP,15.5,c_parent,±20-50%,S1_v3_2_2B_extension,,substructure_aggregate_median,20.0,5.0,,,,,5000,T_above_Tc,,,,,
Al0.5B2Mg0.5,conventional_AlB2,mp-1207086,,A1,12.9,3DSC_MP,15.5,c_parent,±20-50%,S1_v3_2_2B_extension,,substructure_aggregate_median,9.933,0.1,,,,0.0,5000,H_below_validated_reduced_field,4.805138832694093,4.404808623970418,5.228173678526495,0.0064516129032258,
Al0.5B2Mg0.5,conventional_AlB2,mp-1207086,,A1,12.9,3DSC_MP,15.5,c_parent,±20-50%,S1_v3_2_2B_extension,,substructure_aggregate_median,9.933,1.0,,,,0.0264598694363646,5000,H_below_validated_reduced_field,4.741994001125368,4.32770076185255,5.183703283739923,0.064516129032258,
Al0.5B2Mg0.5,conventional_AlB2,mp-1207086,,A1,12.9,3DSC_MP,15.5,c_parent,±20-50%,S1_v3_2_2B_extension,,substructure_aggregate_median,9.933,5.0,,,,0.1884010682695631,5000,T_above_validated_reduced_temperature,4.435036970072697,3.900115543355201,4.948488881156363,,0.77
Al0.69B2Mg0.31,conventional_AlB2,mp-1207086,,A1,11.1,3DSC_MP,15.5,c_parent,±20-50%,S1_v3_2_2B_extension,,substructure_aggregate_median,4.2,0.1,,,,0.0,5000,H_below_validated_reduced_field,5.324105348641889,5.1863788403346,5.549941092791016,0.0064516129032258,
Al0.69B2Mg0.31,conventional_AlB2,mp-1207086,,A1,11.1,3DSC_MP,15.5,c_parent,±20-50%,S1_v3_2_2B_extension,,substructure_aggregate_median,4.2,1.0,,,,0.0245708676803406,5000,H_below_validated_reduced_field,5.270126875332979,5.104644875708542,5.503796239442917,0.064516129032258,
Al0.69B2Mg0.31,conventional_AlB2,mp-1207086,,A1,11.1,3DSC_MP,15.5,c_parent,±20-50%,S1_v3_2_2B_extension,,substructure_aggregate_median,4.2,5.0,4.979576386144396,4.66194451505004,5.263524537620467,0.1847084911303644,5000,,,,,,
Al0.69B2Mg0.31,conventional_AlB2,mp-1207086,,A1,11.1,3DSC_MP,15.5,c_parent,±20-50%,S1_v3_2_2B_extension,,substructure_aggregate_median,20.0,0.1,,,,,5000,T_above_Tc,,,,,
Al0.69B2Mg0.31,conventional_AlB2,mp-1207086,,A1,11.1,3DSC_MP,15.5,c_parent,±20-50%,S1_v3_2_2B_extension,,substructure_aggregate_median,20.0,1.0,,,,,5000,T_above_Tc,,,,,
Al0.69B2Mg0.31,conventional_AlB2,mp-1207086,,A1,11.1,3DSC_MP,15.5,c_parent,±20-50%,S1_v3_2_2B_extension,,substructure_aggregate_median,20.0,5.0,,,,,5000,T_above_Tc,,,,,
Al0.69B2Mg0.31,conventional_AlB2,mp-1207086,,A1,11.1,3DSC_MP,15.5,c_parent,±20-50%,S1_v3_2_2B_extension,,substructure_aggregate_median,8.547,0.1,,,,0.0,5000,H_below_validated_reduced_field,4.84177175164792,4.444198736497682,5.248167631099802,0.0064516129032258,
Al0.69B2Mg0.31,conventional_AlB2,mp-1207086,,A1,11.1,3DSC_MP,15.5,c_parent,±20-50%,S1_v3_2_2B_extension,,substructure_aggregate_median,8.547,1.0,,,,0.0257543812877534,5000,H_below_validated_reduced_field,4.781576450344808,4.367063334767897,5.202923190775021,0.064516129032258,
Al0.69B2Mg0.31,conventional_AlB2,mp-1207086,,A1,11.1,3DSC_MP,15.5,c_parent,±20-50%,S1_v3_2_2B_extension,,substructure_aggregate_median,8.547,5.0,,,,0.1911265652823521,5000,T_above_validated_reduced_temperature,4.4735848016350745,3.928576938128073,4.96950900055227,,0.7700000000000001
Al0.6B2Mg0.4,conventional_AlB2,mp-1207086,,A1,8.925,3DSC_MP,15.5,c_parent,±20-50%,S1_v3_2_2B_extension,,substructure_aggregate_median,4.2,0.1,,,,0.0,5000,H_below_validated_reduced_field,5.324105348641889,5.171003190830169,5.559330705252185,0.0064516129032258,
Al0.6B2Mg0.4,conventional_AlB2,mp-1207086,,A1,8.925,3DSC_MP,15.5,c_parent,±20-50%,S1_v3_2_2B_extension,,substructure_aggregate_median,4.2,1.0,,,,0.0255281790219186,5000,H_below_validated_reduced_field,5.27055914925549,5.103255297865912,5.5094156914624905,0.064516129032258,
Al0.6B2Mg0.4,conventional_AlB2,mp-1207086,,A1,8.925,3DSC_MP,15.5,c_parent,±20-50%,S1_v3_2_2B_extension,,substructure_aggregate_median,4.2,5.0,4.980622895715926,4.661589258371804,5.26959825578464,0.184198123768903,5000,,,,,,
Al0.6B2Mg0.4,conventional_AlB2,mp-1207086,,A1,8.925,3DSC_MP,15.5,c_parent,±20-50%,S1_v3_2_2B_extension,,substructure_aggregate_median,20.0,0.1,,,,,5000,T_above_Tc,,,,,
Al0.6B2Mg0.4,conventional_AlB2,mp-1207086,,A1,8.925,3DSC_MP,15.5,c_parent,±20-50%,S1_v3_2_2B_extension,,substructure_aggregate_median,20.0,1.0,,,,,5000,T_above_Tc,,,,,
Al0.6B2Mg0.4,conventional_AlB2,mp-1207086,,A1,8.925,3DSC_MP,15.5,c_parent,±20-50%,S1_v3_2_2B_extension,,substructure_aggregate_median,20.0,5.0,,,,,5000,T_above_Tc,,,,,
Al0.6B2Mg0.4,conventional_AlB2,mp-1207086,,A1,8.925,3DSC_MP,15.5,c_parent,±20-50%,S1_v3_2_2B_extension,,substructure_aggregate_median,6.872250000000001,0.1,,,,0.0,5000,H_below_validated_reduced_field,4.925983294267375,4.60876728179961,5.281340611610796,0.0064516129032258,
Al0.6B2Mg0.4,conventional_AlB2,mp-1207086,,A1,8.925,3DSC_MP,15.5,c_parent,±20-50%,S1_v3_2_2B_extension,,substructure_aggregate_median,6.872250000000001,1.0,,,,0.0246577147545128,5000,H_below_validated_reduced_field,4.8673149014405634,4.534783466370818,5.232048896252989,0.064516129032258,
Al0.6B2Mg0.4,conventional_AlB2,mp-1207086,,A1,8.925,3DSC_MP,15.5,c_parent,±20-50%,S1_v3_2_2B_extension,,substructure_aggregate_median,6.872250000000001,5.0,,,,0.1921791276111193,5000,T_above_validated_reduced_temperature,4.5577963442545295,4.070638250246568,4.993973358948795,,0.77
Au0.146B2Mg0.854,conventional_AlB2,mp-763,,A1,25.6,3DSC_MP,15.5,c_parent,±20-50%,S1_v3_2_2B_extension,,substructure_aggregate_median,4.2,0.1,,,,0.0,5000,H_below_validated_reduced_field,5.324105348641889,5.1863788403346,5.559330705252185,0.0064516129032258,
Au0.146B2Mg0.854,conventional_AlB2,mp-763,,A1,25.6,3DSC_MP,15.5,c_parent,±20-50%,S1_v3_2_2B_extension,,substructure_aggregate_median,4.2,1.0,,,,0.0245708676803406,5000,H_below_validated_reduced_field,5.269466290521237,5.104763346785199,5.507908158442016,0.064516129032258,
Au0.146B2Mg0.854,conventional_AlB2,mp-763,,A1,25.6,3DSC_MP,15.5,c_parent,±20-50%,S1_v3_2_2B_extension,,substructure_aggregate_median,4.2,5.0,4.980622895715926,4.666206295379225,5.264489202289058,0.1819852168268161,5000,,,,,,
Au0.146B2Mg0.854,conventional_AlB2,mp-763,,A1,25.6,3DSC_MP,15.5,c_parent,±20-50%,S1_v3_2_2B_extension,,substructure_aggregate_median,20.0,0.1,,,,0.0,5000,H_below_validated_reduced_field,4.658920790915012,4.13709367916648,5.170006370462392,0.0064516129032258,
Au0.146B2Mg0.854,conventional_AlB2,mp-763,,A1,25.6,3DSC_MP,15.5,c_parent,±20-50%,S1_v3_2_2B_extension,,substructure_aggregate_median,20.0,1.0,,,,0.0237981666115301,5000,H_below_validated_reduced_field,4.59935263391413,4.053991235715856,5.126310393272382,0.064516129032258,
Au0.146B2Mg0.854,conventional_AlB2,mp-763,,A1,25.6,3DSC_MP,15.5,c_parent,±20-50%,S1_v3_2_2B_extension,,substructure_aggregate_median,20.0,5.0,,,,0.1934821473821601,5000,T_above_validated_reduced_temperature,4.296171621631685,3.6348046556930216,4.891743002544094,,0.78125
Au0.146B2Mg0.854,conventional_AlB2,mp-763,,A1,25.6,3DSC_MP,15.5,c_parent,±20-50%,S1_v3_2_2B_extension,,substructure_aggregate_median,19.712000000000003,0.1,,,,0.0,5000,H_below_validated_reduced_field,4.6854163727930604,4.18751631173646,5.181020336257479,0.0064516129032258,
Au0.146B2Mg0.854,conventional_AlB2,mp-763,,A1,25.6,3DSC_MP,15.5,c_parent,±20-50%,S1_v3_2_2B_extension,,substructure_aggregate_median,19.712000000000003,1.0,,,,0.023834283252591,5000,H_below_validated_reduced_field,4.624688600705001,4.1044020952371065,5.135759068233756,0.064516129032258,
Au0.146B2Mg0.854,conventional_AlB2,mp-763,,A1,25.6,3DSC_MP,15.5,c_parent,±20-50%,S1_v3_2_2B_extension,,substructure_aggregate_median,19.712000000000003,5.0,,,,0.1936734660408605,5000,T_above_validated_reduced_temperature,4.323198579874167,3.678324928681239,4.903437317869004,,0.7700000000000001
B2Ce0.001La0.999Rh3,conventional_AlB2,mp-3465,,A1,1.67,3DSC_MP,,pending,,,,substructure_aggregate_median,4.2,0.1,,,,,5000,Hc2_unavailable,,,,,
B2Ce0.001La0.999Rh3,conventional_AlB2,mp-3465,,A1,1.67,3DSC_MP,,pending,,,,substructure_aggregate_median,4.2,1.0,,,,,5000,Hc2_unavailable,,,,,
B2Ce0.001La0.999Rh3,conventional_AlB2,mp-3465,,A1,1.67,3DSC_MP,,pending,,,,substructure_aggregate_median,4.2,5.0,,,,,5000,Hc2_unavailable,,,,,
B2Ce0.001La0.999Rh3,conventional_AlB2,mp-3465,,A1,1.67,3DSC_MP,,pending,,,,substructure_aggregate_median,20.0,0.1,,,,,5000,Hc2_unavailable,,,,,
B2Ce0.001La0.999Rh3,conventional_AlB2,mp-3465,,A1,1.67,3DSC_MP,,pending,,,,substructure_aggregate_median,20.0,1.0,,,,,5000,Hc2_unavailable,,,,,
B2Ce0.001La0.999Rh3,conventional_AlB2,mp-3465,,A1,1.67,3DSC_MP,,pending,,,,substructure_aggregate_median,20.0,5.0,,,,,5000,Hc2_unavailable,,,,,
B2Ce0.001La0.999Rh3,conventional_AlB2,mp-3465,,A1,1.67,3DSC_MP,,pending,,,,substructure_aggregate_median,1.2859,0.1,14.853201201835986,9.414494846157918,24.59819675082917,,5000,Hc2_unavailable,,,,,
B2Ce0.001La0.999Rh3,conventional_AlB2,mp-3465,,A1,1.67,3DSC_MP,,pending,,,,substructure_aggregate_median,1.2859,1.0,14.853201201835986,9.414494846157918,24.59819675082917,,5000,Hc2_unavailable,,,,,
B2Ce0.001La0.999Rh3,conventional_AlB2,mp-3465,,A1,1.67,3DSC_MP,,pending,,,,substructure_aggregate_median,1.2859,5.0,14.853201201835986,9.414494846157918,24.59819675082917,,5000,Hc2_unavailable,,,,,
B2Ce0.002La0.998Rh3,conventional_AlB2,mp-3465,,A1,1.07,3DSC_MP,,pending,,,,substructure_aggregate_median,4.2,0.1,,,,,5000,Hc2_unavailable,,,,,
B2Ce0.002La0.998Rh3,conventional_AlB2,mp-3465,,A1,1.07,3DSC_MP,,pending,,,,substructure_aggregate_median,4.2,1.0,,,,,5000,Hc2_unavailable,,,,,
B2Ce0.002La0.998Rh3,conventional_AlB2,mp-3465,,A1,1.07,3DSC_MP,,pending,,,,substructure_aggregate_median,4.2,5.0,,,,,5000,Hc2_unavailable,,,,,
B2Ce0.002La0.998Rh3,conventional_AlB2,mp-3465,,A1,1.07,3DSC_MP,,pending,,,,substructure_aggregate_median,20.0,0.1,,,,,5000,Hc2_unavailable,,,,,
B2Ce0.002La0.998Rh3,conventional_AlB2,mp-3465,,A1,1.07,3DSC_MP,,pending,,,,substructure_aggregate_median,20.0,1.0,,,,,5000,Hc2_unavailable,,,,,
B2Ce0.002La0.998Rh3,conventional_AlB2,mp-3465,,A1,1.07,3DSC_MP,,pending,,,,substructure_aggregate_median,20.0,5.0,,,,,5000,Hc2_unavailable,,,,,
B2Ce0.002La0.998Rh3,conventional_AlB2,mp-3465,,A1,1.07,3DSC_MP,,pending,,,,substructure_aggregate_median,0.8239000000000001,0.1,14.853201201835986,9.357092773564096,19.547459057149467,,5000,Hc2_unavailable,,,,,
B2Ce0.002La0.998Rh3,conventional_AlB2,mp-3465,,A1,1.07,3DSC_MP,,pending,,,,substructure_aggregate_median,0.8239000000000001,1.0,14.853201201835986,9.357092773564096,19.547459057149467,,5000,Hc2_unavailable,,,,,
B2Ce0.002La0.998Rh3,conventional_AlB2,mp-3465,,A1,1.07,3DSC_MP,,pending,,,,substructure_aggregate_median,0.8239000000000001,5.0,14.853201201835986,9.357092773564096,19.547459057149467,,5000,Hc2_unavailable,,,,,
B2Ce0.003La0.997Rh3,conventional_AlB2,mp-3465,,A1,0.38,3DSC_MP,,pending,,,,substructure_aggregate_median,4.2,0.1,,,,,5000,Hc2_unavailable,,,,,
B2Ce0.003La0.997Rh3,conventional_AlB2,mp-3465,,A1,0.38,3DSC_MP,,pending,,,,substructure_aggregate_median,4.2,1.0,,,,,5000,Hc2_unavailable,,,,,
B2Ce0.003La0.997Rh3,conventional_AlB2,mp-3465,,A1,0.38,3DSC_MP,,pending,,,,substructure_aggregate_median,4.2,5.0,,,,,5000,Hc2_unavailable,,,,,
B2Ce0.003La0.997Rh3,conventional_AlB2,mp-3465,,A1,0.38,3DSC_MP,,pending,,,,substructure_aggregate_median,20.0,0.1,,,,,5000,Hc2_unavailable,,,,,
B2Ce0.003La0.997Rh3,conventional_AlB2,mp-3465,,A1,0.38,3DSC_MP,,pending,,,,substructure_aggregate_median,20.0,1.0,,,,,5000,Hc2_unavailable,,,,,
B2Ce0.003La0.997Rh3,conventional_AlB2,mp-3465,,A1,0.38,3DSC_MP,,pending,,,,substructure_aggregate_median,20.0,5.0,,,,,5000,Hc2_unavailable,,,,,
B2Ce0.003La0.997Rh3,conventional_AlB2,mp-3465,,A1,0.38,3DSC_MP,,pending,,,,substructure_aggregate_median,0.2926,0.1,14.853201201835986,8.051370732574785,24.598400306951063,,5000,Hc2_unavailable,,,,,
B2Ce0.003La0.997Rh3,conventional_AlB2,mp-3465,,A1,0.38,3DSC_MP,,pending,,,,substructure_aggregate_median,0.2926,1.0,14.853201201835986,8.051370732574785,24.598400306951063,,5000,Hc2_unavailable,,,,,
B2Ce0.003La0.997Rh3,conventional_AlB2,mp-3465,,A1,0.38,3DSC_MP,,pending,,,,substructure_aggregate_median,0.2926,5.0,14.853201201835986,8.051370732574785,24.598400306951063,,5000,Hc2_unavailable,,,,,
B2Ce1Ru3,conventional_AlB2,mp-5940,,A1,0.55,3DSC_MP,,pending,,,,substructure_aggregate_median,4.2,0.1,,,,,5000,Hc2_unavailable,,,,,
B2Ce1Ru3,conventional_AlB2,mp-5940,,A1,0.55,3DSC_MP,,pending,,,,substructure_aggregate_median,4.2,1.0,,,,,5000,Hc2_unavailable,,,,,
B2Ce1Ru3,conventional_AlB2,mp-5940,,A1,0.55,3DSC_MP,,pending,,,,substructure_aggregate_median,4.2,5.0,,,,,5000,Hc2_unavailable,,,,,
B2Ce1Ru3,conventional_AlB2,mp-5940,,A1,0.55,3DSC_MP,,pending,,,,substructure_aggregate_median,20.0,0.1,,,,,5000,Hc2_unavailable,,,,,
B2Ce1Ru3,conventional_AlB2,mp-5940,,A1,0.55,3DSC_MP,,pending,,,,substructure_aggregate_median,20.0,1.0,,,,,5000,Hc2_unavailable,,,,,
B2Ce1Ru3,conventional_AlB2,mp-5940,,A1,0.55,3DSC_MP,,pending,,,,substructure_aggregate_median,20.0,5.0,,,,,5000,Hc2_unavailable,,,,,
B2Ce1Ru3,conventional_AlB2,mp-5940,,A1,0.55,3DSC_MP,,pending,,,,substructure_aggregate_median,0.4235,0.1,14.86769234464299,8.125454787198732,19.547459057149467,,5000,Hc2_unavailable,,,,,
B2Ce1Ru3,conventional_AlB2,mp-5940,,A1,0.55,3DSC_MP,,pending,,,,substructure_aggregate_median,0.4235,1.0,14.86769234464299,8.125454787198732,19.547459057149467,,5000,Hc2_unavailable,,,,,
B2Ce1Ru3,conventional_AlB2,mp-5940,,A1,0.55,3DSC_MP,,pending,,,,substructure_aggregate_median,0.4235,5.0,14.86769234464299,8.125454787198732,19.547459057149467,,5000,Hc2_unavailable,,,,,
B2Co0.01Mg0.99,conventional_AlB2,mp-763,,A1,37.1,3DSC_MP,15.5,c_parent,±20-50%,S1_v3_2_2B_extension,,substructure_aggregate_median,4.2,0.1,,,,0.0,5000,H_below_validated_reduced_field,5.324105348641889,5.171003190830169,5.549941092791016,0.0064516129032258,
B2Co0.01Mg0.99,conventional_AlB2,mp-763,,A1,37.1,3DSC_MP,15.5,c_parent,±20-50%,S1_v3_2_2B_extension,,substructure_aggregate_median,4.2,1.0,,,,0.0242485749384933,5000,H_below_validated_reduced_field,5.269431390263902,5.102598161437979,5.504360479776018,0.064516129032258,
B2Co0.01Mg0.99,conventional_AlB2,mp-763,,A1,37.1,3DSC_MP,15.5,c_parent,±20-50%,S1_v3_2_2B_extension,,substructure_aggregate_median,4.2,5.0,4.980622895715926,4.655353743113378,5.257004172756592,0.1849636369458869,5000,,,,,,
B2Co0.01Mg0.99,conventional_AlB2,mp-763,,A1,37.1,3DSC_MP,15.5,c_parent,±20-50%,S1_v3_2_2B_extension,,substructure_aggregate_median,20.0,0.1,,,,0.0,5000,H_below_validated_reduced_field,5.014720006802907,4.748107462306581,5.326155956224411,0.0064516129032258,
B2Co0.01Mg0.99,conventional_AlB2,mp-763,,A1,37.1,3DSC_MP,15.5,c_parent,±20-50%,S1_v3_2_2B_extension,,substructure_aggregate_median,20.0,1.0,,,,0.024864445273657,5000,H_below_validated_reduced_field,4.954510732409256,4.669939177616581,5.282634719503857,0.064516129032258,
B2Co0.01Mg0.99,conventional_AlB2,mp-763,,A1,37.1,3DSC_MP,15.5,c_parent,±20-50%,S1_v3_2_2B_extension,,substructure_aggregate_median,20.0,5.0,4.654913406148773,4.22902703971044,5.056014088041704,0.1896044073980007,5000,,,,,,
B2Co0.01Mg0.99,conventional_AlB2,mp-763,,A1,37.1,3DSC_MP,15.5,c_parent,±20-50%,S1_v3_2_2B_extension,,substructure_aggregate_median,28.567,0.1,,,,0.0,5000,H_below_validated_reduced_field,4.656187489324388,4.205829889535687,5.178130186834653,0.0064516129032258,
B2Co0.01Mg0.99,conventional_AlB2,mp-763,,A1,37.1,3DSC_MP,15.5,c_parent,±20-50%,S1_v3_2_2B_extension,,substructure_aggregate_median,28.567,1.0,,,,0.0229982893727207,5000,H_below_validated_reduced_field,4.595916486144201,4.131774707332931,5.13411513342342,0.064516129032258,
B2Co0.01Mg0.99,conventional_AlB2,mp-763,,A1,37.1,3DSC_MP,15.5,c_parent,±20-50%,S1_v3_2_2B_extension,,substructure_aggregate_median,28.567,5.0,,,,0.1937920220200544,5000,T_above_validated_reduced_temperature,4.294484753531179,3.687768374660725,4.896990025925208,,0.77
B2Co0.02Mg0.98,conventional_AlB2,mp-763,,A1,37.4,3DSC_MP,15.5,c_parent,±20-50%,S1_v3_2_2B_extension,,substructure_aggregate_median,4.2,0.1,,,,0.0,5000,H_below_validated_reduced_field,5.324105348641889,5.1863788403346,5.550175833102542,0.0064516129032258,
B2Co0.02Mg0.98,conventional_AlB2,mp-763,,A1,37.4,3DSC_MP,15.5,c_parent,±20-50%,S1_v3_2_2B_extension,,substructure_aggregate_median,4.2,1.0,,,,0.0242773217678893,5000,H_below_validated_reduced_field,5.26911416701377,5.104680266782216,5.50466141861311,0.064516129032258,
B2Co0.02Mg0.98,conventional_AlB2,mp-763,,A1,37.4,3DSC_MP,15.5,c_parent,±20-50%,S1_v3_2_2B_extension,,substructure_aggregate_median,4.2,5.0,4.979161227585859,4.666216361069228,5.256005809880491,0.1806571728312755,5000,,,,,,
B2Co0.02Mg0.98,conventional_AlB2,mp-763,,A1,37.4,3DSC_MP,15.5,c_parent,±20-50%,S1_v3_2_2B_extension,,substructure_aggregate_median,20.0,0.1,,,,0.0,5000,H_below_validated_reduced_field,5.018835078436869,4.753460390065952,5.328293630897584,0.0064516129032258,
B2Co0.02Mg0.98,conventional_AlB2,mp-763,,A1,37.4,3DSC_MP,15.5,c_parent,±20-50%,S1_v3_2_2B_extension,,substructure_aggregate_median,20.0,1.0,,,,0.0248980080709051,5000,H_below_validated_reduced_field,4.956347232940901,4.676924595873031,5.282778203571851,0.064516129032258,
B2Co0.02Mg0.98,conventional_AlB2,mp-763,,A1,37.4,3DSC_MP,15.5,c_parent,±20-50%,S1_v3_2_2B_extension,,substructure_aggregate_median,20.0,5.0,4.655093610085065,4.235281635845413,5.053217206082041,0.1903759648948959,5000,,,,,,
B2Co0.02Mg0.98,conventional_AlB2,mp-763,,A1,37.4,3DSC_MP,15.5,c_parent,±20-50%,S1_v3_2_2B_extension,,substructure_aggregate_median,28.798,0.1,,,,0.0,5000,H_below_validated_reduced_field,4.647538696269514,4.17440867290715,5.182135928781925,0.0064516129032258,
B2Co0.02Mg0.98,conventional_AlB2,mp-763,,A1,37.4,3DSC_MP,15.5,c_parent,±20-50%,S1_v3_2_2B_extension,,substructure_aggregate_median,28.798,1.0,,,,0.0253320595052679,5000,H_below_validated_reduced_field,4.591676610948789,4.093772537196479,5.134223070212585,0.064516129032258,
B2Co0.02Mg0.98,conventional_AlB2,mp-763,,A1,37.4,3DSC_MP,15.5,c_parent,±20-50%,S1_v3_2_2B_extension,,substructure_aggregate_median,28.798,5.0,,,,0.1948897325153717,5000,T_above_validated_reduced_temperature,4.2876229691728,3.669431610040004,4.898673134414204,,0.77
B2Co0.03Mg0.97,conventional_AlB2,mp-763,,A1,36.2,3DSC_MP,15.5,c_parent,±20-50%,S1_v3_2_2B_extension,,substructure_aggregate_median,4.2,0.1,,,,0.0,5000,H_below_validated_reduced_field,5.324105348641889,5.1863788403346,5.549941092791016,0.0064516129032258,
B2Co0.03Mg0.97,conventional_AlB2,mp-763,,A1,36.2,3DSC_MP,15.5,c_parent,±20-50%,S1_v3_2_2B_extension,,substructure_aggregate_median,4.2,1.0,,,,0.023709514855291,5000,H_below_validated_reduced_field,5.269466290521237,5.103261402338787,5.504360479776018,0.064516129032258,
B2Co0.03Mg0.97,conventional_AlB2,mp-763,,A1,36.2,3DSC_MP,15.5,c_parent,±20-50%,S1_v3_2_2B_extension,,substructure_aggregate_median,4.2,5.0,4.9763786985300005,4.66413315398216,5.264943415107397,0.1864571035082693,5000,,,,,,
B2Co0.03Mg0.97,conventional_AlB2,mp-763,,A1,36.2,3DSC_MP,15.5,c_parent,±20-50%,S1_v3_2_2B_extension,,substructure_aggregate_median,20.0,0.1,,,,0.0,5000,H_below_validated_reduced_field,5.00168838314446,4.736929890675658,5.324324072146122,0.0064516129032258,
B2Co0.03Mg0.97,conventional_AlB2,mp-763,,A1,36.2,3DSC_MP,15.5,c_parent,±20-50%,S1_v3_2_2B_extension,,substructure_aggregate_median,20.0,1.0,,,,0.0245814574136664,5000,H_below_validated_reduced_field,4.940603761005436,4.661275971199002,5.276754441292072,0.064516129032258,
B2Co0.03Mg0.97,conventional_AlB2,mp-763,,A1,36.2,3DSC_MP,15.5,c_parent,±20-50%,S1_v3_2_2B_extension,,substructure_aggregate_median,20.0,5.0,4.6338257754455725,4.229177320818954,5.04144104149608,0.191283324906621,5000,,,,,,
B2Co0.03Mg0.97,conventional_AlB2,mp-763,,A1,36.2,3DSC_MP,15.5,c_parent,±20-50%,S1_v3_2_2B_extension,,substructure_aggregate_median,27.874,0.1,,,,0.0,5000,H_below_validated_reduced_field,4.649618565732829,4.259319249542738,5.183297302934295,0.0064516129032258,
B2Co0.03Mg0.97,conventional_AlB2,mp-763,,A1,36.2,3DSC_MP,15.5,c_parent,±20-50%,S1_v3_2_2B_extension,,substructure_aggregate_median,27.874,1.0,,,,0.0249044710501467,5000,H_below_validated_reduced_field,4.592508220236346,4.192953507229849,5.136744752975971,0.064516129032258,
B2Co0.03Mg0.97,conventional_AlB2,mp-763,,A1,36.2,3DSC_MP,15.5,c_parent,±20-50%,S1_v3_2_2B_extension,,substructure_aggregate_median,27.874,5.0,,,,0.1951659617215853,5000,T_above_validated_reduced_temperature,4.288738832939642,3.736555672466275,4.898771169011636,,0.7699999999999999
B2Co0.1Mg0.9,conventional_AlB2,mp-763,,A1,34.5,3DSC_MP,15.5,c_parent,±20-50%,S1_v3_2_2B_extension,,substructure_aggregate_median,4.2,0.1,,,,0.0,5000,H_below_validated_reduced_field,5.324105348641889,5.1863788403346,5.559330705252185,0.0064516129032258,
B2Co0.1Mg0.9,conventional_AlB2,mp-763,,A1,34.5,3DSC_MP,15.5,c_parent,±20-50%,S1_v3_2_2B_extension,,substructure_aggregate_median,4.2,1.0,,,,0.0269497634137731,5000,H_below_validated_reduced_field,5.271544406272218,5.103264623835246,5.506751427124972,0.064516129032258,
B2Co0.1Mg0.9,conventional_AlB2,mp-763,,A1,34.5,3DSC_MP,15.5,c_parent,±20-50%,S1_v3_2_2B_extension,,substructure_aggregate_median,4.2,5.0,4.982002000261517,4.664335733823777,5.265395422341659,0.1841835298952858,5000,,,,,,
B2Co0.1Mg0.9,conventional_AlB2,mp-763,,A1,34.5,3DSC_MP,15.5,c_parent,±20-50%,S1_v3_2_2B_extension,,substructure_aggregate_median,20.0,0.1,,,,0.0,5000,H_below_validated_reduced_field,4.970281798845096,4.69540935327846,5.3049181410396695,0.0064516129032258,
B2Co0.1Mg0.9,conventional_AlB2,mp-763,,A1,34.5,3DSC_MP,15.5,c_parent,±20-50%,S1_v3_2_2B_extension,,substructure_aggregate_median,20.0,1.0,,,,0.0242177092393394,5000,H_below_validated_reduced_field,4.912728726938162,4.61870567196384,5.263138366237177,0.064516129032258,
B2Co0.1Mg0.9,conventional_AlB2,mp-763,,A1,34.5,3DSC_MP,15.5,c_parent,±20-50%,S1_v3_2_2B_extension,,substructure_aggregate_median,20.0,5.0,4.608353770715772,4.172595753733704,5.02658751911063,0.1894819239764373,5000,,,,,,
B2Co0.1Mg0.9,conventional_AlB2,mp-763,,A1,34.5,3DSC_MP,15.5,c_parent,±20-50%,S1_v3_2_2B_extension,,substructure_aggregate_median,26.565,0.1,,,,0.0,5000,H_below_validated_reduced_field,4.652829839214036,4.212920791357852,5.170173275205705,0.0064516129032258,
B2Co0.1Mg0.9,conventional_AlB2,mp-763,,A1,34.5,3DSC_MP,15.5,c_parent,±20-50%,S1_v3_2_2B_extension,,substructure_aggregate_median,26.565,1.0,,,,0.0251330974520058,5000,H_below_validated_reduced_field,4.595719493717553,4.139815931363453,5.12156963461339,0.064516129032258,
B2Co0.1Mg0.9,conventional_AlB2,mp-763,,A1,34.5,3DSC_MP,15.5,c_parent,±20-50%,S1_v3_2_2B_extension,,substructure_aggregate_median,26.565,5.0,,,,0.1920528497392064,5000,T_above_validated_reduced_temperature,4.29526645718764,3.712903053338671,4.89005557400038,,0.77
B2Cr0.01Mg0.99,conventional_AlB2,mp-763,,A1,36.7,3DSC_MP,15.5,c_parent,±20-50%,S1_v3_2_2B_extension,,substructure_aggregate_median,4.2,0.1,,,,0.0,5000,H_below_validated_reduced_field,5.324105348641889,5.171003190830169,5.559330705252185,0.0064516129032258,
B2Cr0.01Mg0.99,conventional_AlB2,mp-763,,A1,36.7,3DSC_MP,15.5,c_parent,±20-50%,S1_v3_2_2B_extension,,substructure_aggregate_median,4.2,1.0,,,,0.0246463674043102,5000,H_below_validated_reduced_field,5.269431390263902,5.100611799867726,5.508722502399244,0.064516129032258,
B2Cr0.01Mg0.99,conventional_AlB2,mp-763,,A1,36.7,3DSC_MP,15.5,c_parent,±20-50%,S1_v3_2_2B_extension,,substructure_aggregate_median,4.2,5.0,4.977717263980598,4.658057343348264,5.266384212033055,0.1862763929799289,5000,,,,,,
B2Cr0.01Mg0.99,conventional_AlB2,mp-763,,A1,36.7,3DSC_MP,15.5,c_parent,±20-50%,S1_v3_2_2B_extension,,substructure_aggregate_median,20.0,0.1,,,,0.0,5000,H_below_validated_reduced_field,5.002262897628857,4.738690215226709,5.327594957516368,0.0064516129032258,
B2Cr0.01Mg0.99,conventional_AlB2,mp-763,,A1,36.7,3DSC_MP,15.5,c_parent,±20-50%,S1_v3_2_2B_extension,,substructure_aggregate_median,20.0,1.0,,,,0.0249942556012907,5000,H_below_validated_reduced_field,4.945184961129829,4.661583977820649,5.282925968115291,0.064516129032258,
B2Cr0.01Mg0.99,conventional_AlB2,mp-763,,A1,36.7,3DSC_MP,15.5,c_parent,±20-50%,S1_v3_2_2B_extension,,substructure_aggregate_median,20.0,5.0,4.640949617947092,4.218361761115585,5.044678240989724,0.1895203072160276,5000,,,,,,
B2Cr0.01Mg0.99,conventional_AlB2,mp-763,,A1,36.7,3DSC_MP,15.5,c_parent,±20-50%,S1_v3_2_2B_extension,,substructure_aggregate_median,28.259000000000004,0.1,,,,0.0,5000,H_below_validated_reduced_field,4.648734356126141,4.206927955816948,5.177755596579912,0.0064516129032258,
B2Cr0.01Mg0.99,conventional_AlB2,mp-763,,A1,36.7,3DSC_MP,15.5,c_parent,±20-50%,S1_v3_2_2B_extension,,substructure_aggregate_median,28.259000000000004,1.0,,,,0.0251330974520058,5000,H_below_validated_reduced_field,4.591678288120013,4.126142031305932,5.131602138859683,0.064516129032258,
B2Cr0.01Mg0.99,conventional_AlB2,mp-763,,A1,36.7,3DSC_MP,15.5,c_parent,±20-50%,S1_v3_2_2B_extension,,substructure_aggregate_median,28.259000000000004,5.0,,,,0.1923625515178351,5000,T_above_validated_reduced_temperature,4.28863572016213,3.698464392464308,4.891088552214247,,0.77
B2Cr0.02Mg0.98,conventional_AlB2,mp-763,,A1,35.3,3DSC_MP,15.5,c_parent,±20-50%,S1_v3_2_2B_extension,,substructure_aggregate_median,4.2,0.1,,,,0.0,5000,H_below_validated_reduced_field,5.324105348641889,5.171003190830169,5.559330705252185,0.0064516129032258,
B2Cr0.02Mg0.98,conventional_AlB2,mp-763,,A1,35.3,3DSC_MP,15.5,c_parent,±20-50%,S1_v3_2_2B_extension,,substructure_aggregate_median,4.2,1.0,,,,0.0239948834593759,5000,H_below_validated_reduced_field,5.269431390263902,5.102014001796972,5.508722502399244,0.064516129032258,
B2Cr0.02Mg0.98,conventional_AlB2,mp-763,,A1,35.3,3DSC_MP,15.5,c_parent,±20-50%,S1_v3_2_2B_extension,,substructure_aggregate_median,4.2,5.0,4.981543337214,4.657567016619448,5.272211412481702,0.185236182461046,5000,,,,,,
B2Cr0.02Mg0.98,conventional_AlB2,mp-763,,A1,35.3,3DSC_MP,15.5,c_parent,±20-50%,S1_v3_2_2B_extension,,substructure_aggregate_median,20.0,0.1,,,,0.0,5000,H_below_validated_reduced_field,4.987518497792547,4.706735553833833,5.312156142769415,0.0064516129032258,
B2Cr0.02Mg0.98,conventional_AlB2,mp-763,,A1,35.3,3DSC_MP,15.5,c_parent,±20-50%,S1_v3_2_2B_extension,,substructure_aggregate_median,20.0,1.0,,,,0.0245387887735359,5000,H_below_validated_reduced_field,4.927660257457669,4.630865128178105,5.268360615285196,0.064516129032258,
B2Cr0.02Mg0.98,conventional_AlB2,mp-763,,A1,35.3,3DSC_MP,15.5,c_parent,±20-50%,S1_v3_2_2B_extension,,substructure_aggregate_median,20.0,5.0,4.622013903646179,4.189518457419989,5.0316780131553775,0.1911642987457602,5000,,,,,,
B2Cr0.02Mg0.98,conventional_AlB2,mp-763,,A1,35.3,3DSC_MP,15.5,c_parent,±20-50%,S1_v3_2_2B_extension,,substructure_aggregate_median,27.181,0.1,,,,0.0,5000,H_below_validated_reduced_field,4.659419766175089,4.199524732992654,5.169484439977301,0.0064516129032258,
B2Cr0.02Mg0.98,conventional_AlB2,mp-763,,A1,35.3,3DSC_MP,15.5,c_parent,±20-50%,S1_v3_2_2B_extension,,substructure_aggregate_median,27.181,1.0,,,,0.0227541104577273,5000,H_below_validated_reduced_field,4.599933447637425,4.124480515101231,5.123313309015829,0.064516129032258,
B2Cr0.02Mg0.98,conventional_AlB2,mp-763,,A1,35.3,3DSC_MP,15.5,c_parent,±20-50%,S1_v3_2_2B_extension,,substructure_aggregate_median,27.181,5.0,,,,0.1932747818424021,5000,T_above_validated_reduced_temperature,4.295103677590921,3.6979883311260218,4.884512077224831,,0.7700000000000001
B2Cr0.03Mg0.97,conventional_AlB2,mp-763,,A1,35.1,3DSC_MP,15.5,c_parent,±20-50%,S1_v3_2_2B_extension,,substructure_aggregate_median,4.2,0.1,,,,0.0,5000,H_below_validated_reduced_field,5.324105348641889,5.1863788403346,5.559330705252185,0.0064516129032258,
B2Cr0.03Mg0.97,conventional_AlB2,mp-763,,A1,35.1,3DSC_MP,15.5,c_parent,±20-50%,S1_v3_2_2B_extension,,substructure_aggregate_median,4.2,1.0,,,,0.023933539105422,5000,H_below_validated_reduced_field,5.26911416701377,5.104036057933822,5.508722502399244,0.064516129032258,
B2Cr0.03Mg0.97,conventional_AlB2,mp-763,,A1,35.1,3DSC_MP,15.5,c_parent,±20-50%,S1_v3_2_2B_extension,,substructure_aggregate_median,4.2,5.0,4.978628899283534,4.667268958449525,5.264431352392549,0.1857963139965308,5000,,,,,,
B2Cr0.03Mg0.97,conventional_AlB2,mp-763,,A1,35.1,3DSC_MP,15.5,c_parent,±20-50%,S1_v3_2_2B_extension,,substructure_aggregate_median,20.0,0.1,,,,0.0,5000,H_below_validated_reduced_field,4.984199303885426,4.699021265076237,5.310301230125434,0.0064516129032258,
B2Cr0.03Mg0.97,conventional_AlB2,mp-763,,A1,35.1,3DSC_MP,15.5,c_parent,±20-50%,S1_v3_2_2B_extension,,substructure_aggregate_median,20.0,1.0,,,,0.0249486512529681,5000,H_below_validated_reduced_field,4.926372969909226,4.624427479410906,5.263644113622846,0.064516129032258,
B2Cr0.03Mg0.97,conventional_AlB2,mp-763,,A1,35.1,3DSC_MP,15.5,c_parent,±20-50%,S1_v3_2_2B_extension,,substructure_aggregate_median,20.0,5.0,4.623821782518162,4.186191830781993,5.0278249511239785,0.1906555299280583,5000,,,,,,
B2Cr0.03Mg0.97,conventional_AlB2,mp-763,,A1,35.1,3DSC_MP,15.5,c_parent,±20-50%,S1_v3_2_2B_extension,,substructure_aggregate_median,27.027,0.1,,,,0.0,5000,H_below_validated_reduced_field,4.659800760853216,4.174391537542425,5.1790431173920135,0.0064516129032258,
B2Cr0.03Mg0.97,conventional_AlB2,mp-763,,A1,35.1,3DSC_MP,15.5,c_parent,±20-50%,S1_v3_2_2B_extension,,substructure_aggregate_median,27.027,1.0,,,,0.0248478537552321,5000,H_below_validated_reduced_field,4.605126802475229,4.097372103307133,5.134299266211287,0.064516129032258,
B2Cr0.03Mg0.97,conventional_AlB2,mp-763,,A1,35.1,3DSC_MP,15.5,c_parent,±20-50%,S1_v3_2_2B_extension,,substructure_aggregate_median,27.027,5.0,,,,0.1932570619888398,5000,T_above_validated_reduced_temperature,4.299133090084747,3.7021507332756047,4.887930572431454,,0.77
B2Cu0.004Mg0.996,conventional_AlB2,mp-763,,A1,38.11,3DSC_MP,15.5,c_parent,±20-50%,S1_v3_2_2B_extension,,substructure_aggregate_median,4.2,0.1,,,,0.0,5000,H_below_validated_reduced_field,5.324105348641889,5.1863788403346,5.559330705252185,0.0064516129032258,
B2Cu0.004Mg0.996,conventional_AlB2,mp-763,,A1,38.11,3DSC_MP,15.5,c_parent,±20-50%,S1_v3_2_2B_extension,,substructure_aggregate_median,4.2,1.0,,,,0.0251118600322985,5000,H_below_validated_reduced_field,5.270126875332979,5.104680266782216,5.506751427124972,0.064516129032258,
B2Cu0.004Mg0.996,conventional_AlB2,mp-763,,A1,38.11,3DSC_MP,15.5,c_parent,±20-50%,S1_v3_2_2B_extension,,substructure_aggregate_median,4.2,5.0,4.981543337214,4.667129594254692,5.263524537620467,0.185451602314405,5000,,,,,,
B2Cu0.004Mg0.996,conventional_AlB2,mp-763,,A1,38.11,3DSC_MP,15.5,c_parent,±20-50%,S1_v3_2_2B_extension,,substructure_aggregate_median,20.0,0.1,,,,0.0,5000,H_below_validated_reduced_field,5.027744648255126,4.765426963703318,5.3331537214049884,0.0064516129032258,
B2Cu0.004Mg0.996,conventional_AlB2,mp-763,,A1,38.11,3DSC_MP,15.5,c_parent,±20-50%,S1_v3_2_2B_extension,,substructure_aggregate_median,20.0,1.0,,,,0.0246193643024508,5000,H_below_validated_reduced_field,4.966636638389708,4.690916788586447,5.285212142638399,0.064516129032258,
B2Cu0.004Mg0.996,conventional_AlB2,mp-763,,A1,38.11,3DSC_MP,15.5,c_parent,±20-50%,S1_v3_2_2B_extension,,substructure_aggregate_median,20.0,5.0,4.66604350965307,4.255404043882115,5.044203531662028,0.1930311741401054,5000,,,,,,
B2Cu0.004Mg0.996,conventional_AlB2,mp-763,,A1,38.11,3DSC_MP,15.5,c_parent,±20-50%,S1_v3_2_2B_extension,,substructure_aggregate_median,29.3447,0.1,,,,0.0,5000,H_below_validated_reduced_field,4.646373606722773,4.143521178935609,5.167308346352704,0.0064516129032258,
B2Cu0.004Mg0.996,conventional_AlB2,mp-763,,A1,38.11,3DSC_MP,15.5,c_parent,±20-50%,S1_v3_2_2B_extension,,substructure_aggregate_median,29.3447,1.0,,,,0.0238293281454433,5000,H_below_validated_reduced_field,4.591473033175807,4.077096771474098,5.116700143499763,0.064516129032258,
B2Cu0.004Mg0.996,conventional_AlB2,mp-763,,A1,38.11,3DSC_MP,15.5,c_parent,±20-50%,S1_v3_2_2B_extension,,substructure_aggregate_median,29.3447,5.0,,,,0.1943259094167411,5000,T_above_validated_reduced_temperature,4.287070251734345,3.684342080618108,4.879936353315972,,0.77
B2Cu0.011Mg0.989,conventional_AlB2,mp-763,,A1,38.05,3DSC_MP,15.5,c_parent,±20-50%,S1_v3_2_2B_extension,,substructure_aggregate_median,4.2,0.1,,,,0.0,5000,H_below_validated_reduced_field,5.324105348641889,5.1863788403346,5.559330705252185,0.0064516129032258,
B2Cu0.011Mg0.989,conventional_AlB2,mp-763,,A1,38.05,3DSC_MP,15.5,c_parent,±20-50%,S1_v3_2_2B_extension,,substructure_aggregate_median,4.2,1.0,,,,0.0241882717625721,5000,H_below_validated_reduced_field,5.268839439664567,5.104680266782216,5.511302177676431,0.064516129032258,
B2Cu0.011Mg0.989,conventional_AlB2,mp-763,,A1,38.05,3DSC_MP,15.5,c_parent,±20-50%,S1_v3_2_2B_extension,,substructure_aggregate_median,4.2,5.0,4.9763786985300005,4.66194451505004,5.2743214376394825,0.183110289887332,5000,,,,,,
B2Cu0.011Mg0.989,conventional_AlB2,mp-763,,A1,38.05,3DSC_MP,15.5,c_parent,±20-50%,S1_v3_2_2B_extension,,substructure_aggregate_median,20.0,0.1,,,,0.0,5000,H_below_validated_reduced_field,5.022475265678074,4.757177045848962,5.342127586900824,0.0064516129032258,
B2Cu0.011Mg0.989,conventional_AlB2,mp-763,,A1,38.05,3DSC_MP,15.5,c_parent,±20-50%,S1_v3_2_2B_extension,,substructure_aggregate_median,20.0,1.0,,,,0.0245557709431958,5000,H_below_validated_reduced_field,4.963902510393462,4.68098640102303,5.297413203377953,0.064516129032258,
B2Cu0.011Mg0.989,conventional_AlB2,mp-763,,A1,38.05,3DSC_MP,15.5,c_parent,±20-50%,S1_v3_2_2B_extension,,substructure_aggregate_median,20.0,5.0,4.663838700551763,4.234433271352592,5.06557406450675,0.1892373371418125,5000,,,,,,
B2Cu0.011Mg0.989,conventional_AlB2,mp-763,,A1,38.05,3DSC_MP,15.5,c_parent,±20-50%,S1_v3_2_2B_extension,,substructure_aggregate_median,29.2985,0.1,,,,0.0,5000,H_below_validated_reduced_field,4.6440881690455065,4.104362596510962,5.196430717567951,0.0064516129032258,
B2Cu0.011Mg0.989,conventional_AlB2,mp-763,,A1,38.05,3DSC_MP,15.5,c_parent,±20-50%,S1_v3_2_2B_extension,,substructure_aggregate_median,29.2985,1.0,,,,0.0251107498071725,5000,H_below_validated_reduced_field,4.588228174294438,4.043220771185272,5.146720158122787,0.064516129032258,
B2Cu0.011Mg0.989,conventional_AlB2,mp-763,,A1,38.05,3DSC_MP,15.5,c_parent,±20-50%,S1_v3_2_2B_extension,,substructure_aggregate_median,29.2985,5.0,,,,0.1926942202988435,5000,T_above_validated_reduced_temperature,4.285827414834501,3.635822086334029,4.906354323966163,,0.7700000000000001
B2Cu0.018Mg0.982,conventional_AlB2,mp-763,,A1,37.8,3DSC_MP,15.5,c_parent,±20-50%,S1_v3_2_2B_extension,,substructure_aggregate_median,4.2,0.1,,,,0.0,5000,H_below_validated_reduced_field,5.324105348641889,5.1863788403346,5.559330705252185,0.0064516129032258,
B2Cu0.018Mg0.982,conventional_AlB2,mp-763,,A1,37.8,3DSC_MP,15.5,c_parent,±20-50%,S1_v3_2_2B_extension,,substructure_aggregate_median,4.2,1.0,,,,0.0239948834593759,5000,H_below_validated_reduced_field,5.269431390263902,5.105616317081055,5.511029478775231,0.064516129032258,
B2Cu0.018Mg0.982,conventional_AlB2,mp-763,,A1,37.8,3DSC_MP,15.5,c_parent,±20-50%,S1_v3_2_2B_extension,,substructure_aggregate_median,4.2,5.0,4.980622895715926,4.66810017932441,5.2743214376394825,0.1849636369458869,5000,,,,,,
B2Cu0.018Mg0.982,conventional_AlB2,mp-763,,A1,37.8,3DSC_MP,15.5,c_parent,±20-50%,S1_v3_2_2B_extension,,substructure_aggregate_median,20.0,0.1,,,,0.0,5000,H_below_validated_reduced_field,5.02411281976708,4.752922184059639,5.333140124431383,0.0064516129032258,
B2Cu0.018Mg0.982,conventional_AlB2,mp-763,,A1,37.8,3DSC_MP,15.5,c_parent,±20-50%,S1_v3_2_2B_extension,,substructure_aggregate_median,20.0,1.0,,,,0.0242147595487578,5000,H_below_validated_reduced_field,4.965209127326169,4.683393944386267,5.28786833332552,0.064516129032258,
B2Cu0.018Mg0.982,conventional_AlB2,mp-763,,A1,37.8,3DSC_MP,15.5,c_parent,±20-50%,S1_v3_2_2B_extension,,substructure_aggregate_median,20.0,5.0,4.6631660642103006,4.25025613670475,5.05864396185817,0.1920494302750945,5000,,,,,,
B2Cu0.018Mg0.982,conventional_AlB2,mp-763,,A1,37.8,3DSC_MP,15.5,c_parent,±20-50%,S1_v3_2_2B_extension,,substructure_aggregate_median,29.106,0.1,,,,0.0,5000,H_below_validated_reduced_field,4.655018833127556,4.12790972237835,5.175460079517246,0.0064516129032258,
B2Cu0.018Mg0.982,conventional_AlB2,mp-763,,A1,37.8,3DSC_MP,15.5,c_parent,±20-50%,S1_v3_2_2B_extension,,substructure_aggregate_median,29.106,1.0,,,,0.0261312748323554,5000,H_below_validated_reduced_field,4.603383777315904,4.059255794110351,5.126336179981663,0.064516129032258,
B2Cu0.018Mg0.982,conventional_AlB2,mp-763,,A1,37.8,3DSC_MP,15.5,c_parent,±20-50%,S1_v3_2_2B_extension,,substructure_aggregate_median,29.106,5.0,,,,0.1957226242090017,5000,T_above_validated_reduced_temperature,4.297000451035513,3.644008188001364,4.888163445002165,,0.7700000000000001
B2Cu0.03Mg0.97,conventional_AlB2,mp-763,,A1,37.58,3DSC_MP,15.5,c_parent,±20-50%,S1_v3_2_2B_extension,,substructure_aggregate_median,4.2,0.1,,,,0.0,5000,H_below_validated_reduced_field,5.324105348641889,5.1863788403346,5.559330705252185,0.0064516129032258,
B2Cu0.03Mg0.97,conventional_AlB2,mp-763,,A1,37.58,3DSC_MP,15.5,c_parent,±20-50%,S1_v3_2_2B_extension,,substructure_aggregate_median,4.2,1.0,,,,0.0254594645429984,5000,H_below_validated_reduced_field,5.271019861639648,5.109617186589486,5.509651616859299,0.064516129032258,
B2Cu0.03Mg0.97,conventional_AlB2,mp-763,,A1,37.58,3DSC_MP,15.5,c_parent,±20-50%,S1_v3_2_2B_extension,,substructure_aggregate_median,4.2,5.0,4.981465135227783,4.669614353792859,5.272006460507545,0.1850999097034664,5000,,,,,,
B2Cu0.03Mg0.97,conventional_AlB2,mp-763,,A1,37.58,3DSC_MP,15.5,c_parent,±20-50%,S1_v3_2_2B_extension,,substructure_aggregate_median,20.0,0.1,,,,0.0,5000,H_below_validated_reduced_field,5.021252614002386,4.761934562356067,5.332584593345842,0.0064516129032258,
B2Cu0.03Mg0.97,conventional_AlB2,mp-763,,A1,37.58,3DSC_MP,15.5,c_parent,±20-50%,S1_v3_2_2B_extension,,substructure_aggregate_median,20.0,1.0,,,,0.0245664106149696,5000,H_below_validated_reduced_field,4.961917046535884,4.68550437103839,5.28929726045429,0.064516129032258,
B2Cu0.03Mg0.97,conventional_AlB2,mp-763,,A1,37.58,3DSC_MP,15.5,c_parent,±20-50%,S1_v3_2_2B_extension,,substructure_aggregate_median,20.0,5.0,4.659395819630072,4.246490995778862,5.050733696350778,0.1915307273894626,5000,,,,,,
B2Cu0.03Mg0.97,conventional_AlB2,mp-763,,A1,37.58,3DSC_MP,15.5,c_parent,±20-50%,S1_v3_2_2B_extension,,substructure_aggregate_median,28.9366,0.1,,,,0.0,5000,H_below_validated_reduced_field,4.655381138561722,4.204732708662304,5.188268060594555,0.0064516129032258,
B2Cu0.03Mg0.97,conventional_AlB2,mp-763,,A1,37.58,3DSC_MP,15.5,c_parent,±20-50%,S1_v3_2_2B_extension,,substructure_aggregate_median,28.9366,1.0,,,,0.0243185375161365,5000,H_below_validated_reduced_field,4.597223151389851,4.136074951446595,5.137659857741614,0.064516129032258,
B2Cu0.03Mg0.97,conventional_AlB2,mp-763,,A1,37.58,3DSC_MP,15.5,c_parent,±20-50%,S1_v3_2_2B_extension,,substructure_aggregate_median,28.9366,5.0,,,,0.1921081812140697,5000,T_above_validated_reduced_temperature,4.296978307279719,3.695331913789575,4.896000841390028,,0.77
B2Cu0.05Mg0.95,conventional_AlB2,mp-763,,A1,37.75,3DSC_MP,15.5,c_parent,±20-50%,S1_v3_2_2B_extension,,substructure_aggregate_median,4.2,0.1,,,,0.0,5000,H_below_validated_reduced_field,5.324105348641889,5.171003190830169,5.559330705252185,0.0064516129032258,
B2Cu0.05Mg0.95,conventional_AlB2,mp-763,,A1,37.75,3DSC_MP,15.5,c_parent,±20-50%,S1_v3_2_2B_extension,,substructure_aggregate_median,4.2,1.0,,,,0.0245708676803406,5000,H_below_validated_reduced_field,5.270126875332979,5.102012693150682,5.50466439194405,0.064516129032258,
B2Cu0.05Mg0.95,conventional_AlB2,mp-763,,A1,37.75,3DSC_MP,15.5,c_parent,±20-50%,S1_v3_2_2B_extension,,substructure_aggregate_median,4.2,5.0,4.980712441390612,4.661539530539539,5.264406632650265,0.1849636369458869,5000,,,,,,
B2Cu0.05Mg0.95,conventional_AlB2,mp-763,,A1,37.75,3DSC_MP,15.5,c_parent,±20-50%,S1_v3_2_2B_extension,,substructure_aggregate_median,20.0,0.1,,,,0.0,5000,H_below_validated_reduced_field,5.023501397115826,4.751076913612311,5.336350319528476,0.0064516129032258,
B2Cu0.05Mg0.95,conventional_AlB2,mp-763,,A1,37.75,3DSC_MP,15.5,c_parent,±20-50%,S1_v3_2_2B_extension,,substructure_aggregate_median,20.0,1.0,,,,0.0248735486875011,5000,H_below_validated_reduced_field,4.965610412994123,4.678051278216032,5.289231158225951,0.064516129032258,
B2Cu0.05Mg0.95,conventional_AlB2,mp-763,,A1,37.75,3DSC_MP,15.5,c_parent,±20-50%,S1_v3_2_2B_extension,,substructure_aggregate_median,20.0,5.0,4.663891555098036,4.234871303301002,5.056042704993393,0.1925969280735584,5000,,,,,,
B2Cu0.05Mg0.95,conventional_AlB2,mp-763,,A1,37.75,3DSC_MP,15.5,c_parent,±20-50%,S1_v3_2_2B_extension,,substructure_aggregate_median,29.0675,0.1,,,,0.0,5000,H_below_validated_reduced_field,4.655100781247521,4.135153999096712,5.188143653092239,0.0064516129032258,
B2Cu0.05Mg0.95,conventional_AlB2,mp-763,,A1,37.75,3DSC_MP,15.5,c_parent,±20-50%,S1_v3_2_2B_extension,,substructure_aggregate_median,29.0675,1.0,,,,0.0237886033685628,5000,H_below_validated_reduced_field,4.597094134069578,4.057347223539912,5.136101641628,0.064516129032258,
B2Cu0.05Mg0.95,conventional_AlB2,mp-763,,A1,37.75,3DSC_MP,15.5,c_parent,±20-50%,S1_v3_2_2B_extension,,substructure_aggregate_median,29.0675,5.0,,,,0.1938761463670566,5000,T_above_validated_reduced_temperature,4.292436181805583,3.62615192373984,4.894719327849323,,0.77
B2Cu0.1Mg0.9,conventional_AlB2,mp-763,,A1,38.6,3DSC_MP,15.5,c_parent,±20-50%,S1_v3_2_2B_extension,,substructure_aggregate_median,4.2,0.1,,,,0.0,5000,H_below_validated_reduced_field,5.324105348641889,5.171003190830169,5.559330705252185,0.0064516129032258,
B2Cu0.1Mg0.9,conventional_AlB2,mp-763,,A1,38.6,3DSC_MP,15.5,c_parent,±20-50%,S1_v3_2_2B_extension,,substructure_aggregate_median,4.2,1.0,,,,0.0236011005999863,5000,H_below_validated_reduced_field,5.268327380528502,5.100227295432026,5.509421589597411,0.064516129032258,
B2Cu0.1Mg0.9,conventional_AlB2,mp-763,,A1,38.6,3DSC_MP,15.5,c_parent,±20-50%,S1_v3_2_2B_extension,,substructure_aggregate_median,4.2,5.0,4.979161227585859,4.6525062730198,5.27099316634459,0.1830392824594167,5000,,,,,,
B2Cu0.1Mg0.9,conventional_AlB2,mp-763,,A1,38.6,3DSC_MP,15.5,c_parent,±20-50%,S1_v3_2_2B_extension,,substructure_aggregate_median,20.0,0.1,,,,0.0,5000,H_below_validated_reduced_field,5.029747721280355,4.765399674858496,5.338550834005714,0.0064516129032258,
B2Cu0.1Mg0.9,conventional_AlB2,mp-763,,A1,38.6,3DSC_MP,15.5,c_parent,±20-50%,S1_v3_2_2B_extension,,substructure_aggregate_median,20.0,1.0,,,,0.0244614772761577,5000,H_below_validated_reduced_field,4.972015099093183,4.690986897600106,5.292362616279604,0.064516129032258,
B2Cu0.1Mg0.9,conventional_AlB2,mp-763,,A1,38.6,3DSC_MP,15.5,c_parent,±20-50%,S1_v3_2_2B_extension,,substructure_aggregate_median,20.0,5.0,4.670999036759496,4.255013931880888,5.052496346538367,0.1889044929278709,5000,,,,,,
B2Cu0.1Mg0.9,conventional_AlB2,mp-763,,A1,38.6,3DSC_MP,15.5,c_parent,±20-50%,S1_v3_2_2B_extension,,substructure_aggregate_median,29.722,0.1,,,,0.0,5000,H_below_validated_reduced_field,4.645596055404505,4.186945473305755,5.17521510990987,0.0064516129032258,
B2Cu0.1Mg0.9,conventional_AlB2,mp-763,,A1,38.6,3DSC_MP,15.5,c_parent,±20-50%,S1_v3_2_2B_extension,,substructure_aggregate_median,29.722,1.0,,,,0.0230238140540546,5000,H_below_validated_reduced_field,4.5905987259163386,4.117861289906172,5.126680985127607,0.064516129032258,
B2Cu0.1Mg0.9,conventional_AlB2,mp-763,,A1,38.6,3DSC_MP,15.5,c_parent,±20-50%,S1_v3_2_2B_extension,,substructure_aggregate_median,29.722,5.0,,,,0.1936152782016407,5000,T_above_validated_reduced_temperature,4.287028541572843,3.688067416603274,4.8869813678080725,,0.77
B2Cu0.2Mg0.8,conventional_AlB2,mp-763,,A1,38.6,3DSC_MP,15.5,c_parent,±20-50%,S1_v3_2_2B_extension,,substructure_aggregate_median,4.2,0.1,,,,0.0,5000,H_below_validated_reduced_field,5.324105348641889,5.1863788403346,5.559330705252185,0.0064516129032258,
B2Cu0.2Mg0.8,conventional_AlB2,mp-763,,A1,38.6,3DSC_MP,15.5,c_parent,±20-50%,S1_v3_2_2B_extension,,substructure_aggregate_median,4.2,1.0,,,,0.0246463674043102,5000,H_below_validated_reduced_field,5.269431390263902,5.1026131398903125,5.506786674396561,0.064516129032258,
B2Cu0.2Mg0.8,conventional_AlB2,mp-763,,A1,38.6,3DSC_MP,15.5,c_parent,±20-50%,S1_v3_2_2B_extension,,substructure_aggregate_median,4.2,5.0,4.980507429923287,4.661588655142967,5.263524537620467,0.1848901034145553,5000,,,,,,
B2Cu0.2Mg0.8,conventional_AlB2,mp-763,,A1,38.6,3DSC_MP,15.5,c_parent,±20-50%,S1_v3_2_2B_extension,,substructure_aggregate_median,20.0,0.1,,,,0.0,5000,H_below_validated_reduced_field,5.033294764575276,4.778907075808101,5.345700865178884,0.0064516129032258,
B2Cu0.2Mg0.8,conventional_AlB2,mp-763,,A1,38.6,3DSC_MP,15.5,c_parent,±20-50%,S1_v3_2_2B_extension,,substructure_aggregate_median,20.0,1.0,,,,0.0241301715843134,5000,H_below_validated_reduced_field,4.976155633582662,4.706113139298288,5.295092662325943,0.064516129032258,
B2Cu0.2Mg0.8,conventional_AlB2,mp-763,,A1,38.6,3DSC_MP,15.5,c_parent,±20-50%,S1_v3_2_2B_extension,,substructure_aggregate_median,20.0,5.0,4.673629800275483,4.260415659359009,5.058082631346678,0.1904165296433166,5000,,,,,,
B2Cu0.2Mg0.8,conventional_AlB2,mp-763,,A1,38.6,3DSC_MP,15.5,c_parent,±20-50%,S1_v3_2_2B_extension,,substructure_aggregate_median,29.722,0.1,,,,0.0,5000,H_below_validated_reduced_field,4.653738300280222,4.202200123608209,5.187539057294278,0.0064516129032258,
B2Cu0.2Mg0.8,conventional_AlB2,mp-763,,A1,38.6,3DSC_MP,15.5,c_parent,±20-50%,S1_v3_2_2B_extension,,substructure_aggregate_median,29.722,1.0,,,,0.0248780839736335,5000,H_below_validated_reduced_field,4.595847316158519,4.125070058779004,5.140471426743466,0.064516129032258,
B2Cu0.2Mg0.8,conventional_AlB2,mp-763,,A1,38.6,3DSC_MP,15.5,c_parent,±20-50%,S1_v3_2_2B_extension,,substructure_aggregate_median,29.722,5.0,,,,0.1936849581513708,5000,T_above_validated_reduced_temperature,4.291520507361328,3.687546016881832,4.898379241252001,,0.77
B2Fe0.003Mg0.997,conventional_AlB2,mp-763,,A1,37.8,3DSC_MP,15.5,c_parent,±20-50%,S1_v3_2_2B_extension,,substructure_aggregate_median,4.2,0.1,,,,0.0,5000,H_below_validated_reduced_field,5.324105348641889,5.171003190830169,5.559330705252185,0.0064516129032258,
B2Fe0.003Mg0.997,conventional_AlB2,mp-763,,A1,37.8,3DSC_MP,15.5,c_parent,±20-50%,S1_v3_2_2B_extension,,substructure_aggregate_median,4.2,1.0,,,,0.023709514855291,5000,H_below_validated_reduced_field,5.269431390263902,5.103264623835246,5.509851251003933,0.064516129032258,
B2Fe0.003Mg0.997,conventional_AlB2,mp-763,,A1,37.8,3DSC_MP,15.5,c_parent,±20-50%,S1_v3_2_2B_extension,,substructure_aggregate_median,4.2,5.0,4.981543337214,4.6648363251581255,5.272893457454291,0.1851151939248803,5000,,,,,,
B2Fe0.003Mg0.997,conventional_AlB2,mp-763,,A1,37.8,3DSC_MP,15.5,c_parent,±20-50%,S1_v3_2_2B_extension,,substructure_aggregate_median,20.0,0.1,,,,0.0,5000,H_below_validated_reduced_field,5.02411281976708,4.752432755107655,5.340447611452732,0.0064516129032258,
B2Fe0.003Mg0.997,conventional_AlB2,mp-763,,A1,37.8,3DSC_MP,15.5,c_parent,±20-50%,S1_v3_2_2B_extension,,substructure_aggregate_median,20.0,1.0,,,,0.0238112079394268,5000,H_below_validated_reduced_field,4.964264866069562,4.676998333393696,5.292587389475862,0.064516129032258,
B2Fe0.003Mg0.997,conventional_AlB2,mp-763,,A1,37.8,3DSC_MP,15.5,c_parent,±20-50%,S1_v3_2_2B_extension,,substructure_aggregate_median,20.0,5.0,4.663010391865768,4.241192994943917,5.064483666186992,0.192949915963446,5000,,,,,,
B2Fe0.003Mg0.997,conventional_AlB2,mp-763,,A1,37.8,3DSC_MP,15.5,c_parent,±20-50%,S1_v3_2_2B_extension,,substructure_aggregate_median,29.106,0.1,,,,0.0,5000,H_below_validated_reduced_field,4.655018833127556,4.105188013747362,5.188107288922632,0.0064516129032258,
B2Fe0.003Mg0.997,conventional_AlB2,mp-763,,A1,37.8,3DSC_MP,15.5,c_parent,±20-50%,S1_v3_2_2B_extension,,substructure_aggregate_median,29.106,1.0,,,,0.0227717971413046,5000,H_below_validated_reduced_field,4.593910823262137,4.036042827983021,5.1429873233935695,0.064516129032258,
B2Fe0.003Mg0.997,conventional_AlB2,mp-763,,A1,37.8,3DSC_MP,15.5,c_parent,±20-50%,S1_v3_2_2B_extension,,substructure_aggregate_median,29.106,5.0,,,,0.1928697548971829,5000,T_above_validated_reduced_temperature,4.292128430673317,3.614039488708544,4.900259607583155,,0.7700000000000001
B2Fe0.006Mg0.994,conventional_AlB2,mp-763,,A1,35.6,3DSC_MP,15.5,c_parent,±20-50%,S1_v3_2_2B_extension,,substructure_aggregate_median,4.2,0.1,,,,0.0,5000,H_below_validated_reduced_field,5.324105348641889,5.1863788403346,5.549941092791016,0.0064516129032258,
B2Fe0.006Mg0.994,conventional_AlB2,mp-763,,A1,35.6,3DSC_MP,15.5,c_parent,±20-50%,S1_v3_2_2B_extension,,substructure_aggregate_median,4.2,1.0,,,,0.0243043023415507,5000,H_below_validated_reduced_field,5.269431390263902,5.105594992823659,5.504360479776018,0.064516129032258,
B2Fe0.006Mg0.994,conventional_AlB2,mp-763,,A1,35.6,3DSC_MP,15.5,c_parent,±20-50%,S1_v3_2_2B_extension,,substructure_aggregate_median,4.2,5.0,4.978391941810938,4.667268958449525,5.260861805482268,0.1864077165464328,5000,,,,,,
B2Fe0.006Mg0.994,conventional_AlB2,mp-763,,A1,35.6,3DSC_MP,15.5,c_parent,±20-50%,S1_v3_2_2B_extension,,substructure_aggregate_median,20.0,0.1,,,,0.0,5000,H_below_validated_reduced_field,4.989662963824535,4.716732307261099,5.314549689843848,0.0064516129032258,
B2Fe0.006Mg0.994,conventional_AlB2,mp-763,,A1,35.6,3DSC_MP,15.5,c_parent,±20-50%,S1_v3_2_2B_extension,,substructure_aggregate_median,20.0,1.0,,,,0.024724983012395,5000,H_below_validated_reduced_field,4.929613326482839,4.6426020652066855,5.268404836495749,0.064516129032258,
B2Fe0.006Mg0.994,conventional_AlB2,mp-763,,A1,35.6,3DSC_MP,15.5,c_parent,±20-50%,S1_v3_2_2B_extension,,substructure_aggregate_median,20.0,5.0,4.624190734004356,4.202822967852299,5.031438154952511,0.1914182485097528,5000,,,,,,
B2Fe0.006Mg0.994,conventional_AlB2,mp-763,,A1,35.6,3DSC_MP,15.5,c_parent,±20-50%,S1_v3_2_2B_extension,,substructure_aggregate_median,27.412000000000003,0.1,,,,0.0,5000,H_below_validated_reduced_field,4.650714592936893,4.207644714954848,5.169234642636511,0.0064516129032258,
B2Fe0.006Mg0.994,conventional_AlB2,mp-763,,A1,35.6,3DSC_MP,15.5,c_parent,±20-50%,S1_v3_2_2B_extension,,substructure_aggregate_median,27.412000000000003,1.0,,,,0.0248692396542757,5000,H_below_validated_reduced_field,4.593917768644251,4.126704318421463,5.1227411975809725,0.064516129032258,
B2Fe0.006Mg0.994,conventional_AlB2,mp-763,,A1,35.6,3DSC_MP,15.5,c_parent,±20-50%,S1_v3_2_2B_extension,,substructure_aggregate_median,27.412000000000003,5.0,,,,0.1949889965878748,5000,T_above_validated_reduced_temperature,4.290336552962361,3.703273411264055,4.886247411613773,,0.77
B2Fe0.012Mg0.988,conventional_AlB2,mp-763,,A1,33.45,3DSC_MP,15.5,c_parent,±20-50%,S1_v3_2_2B_extension,,substructure_aggregate_median,4.2,0.1,,,,0.0,5000,H_below_validated_reduced_field,5.324105348641889,5.171003190830169,5.549941092791016,0.0064516129032258,
B2Fe0.012Mg0.988,conventional_AlB2,mp-763,,A1,33.45,3DSC_MP,15.5,c_parent,±20-50%,S1_v3_2_2B_extension,,substructure_aggregate_median,4.2,1.0,,,,0.0252589149881563,5000,H_below_validated_reduced_field,5.27032038721538,5.102014001796972,5.503751555737729,0.064516129032258,
B2Fe0.012Mg0.988,conventional_AlB2,mp-763,,A1,33.45,3DSC_MP,15.5,c_parent,±20-50%,S1_v3_2_2B_extension,,substructure_aggregate_median,4.2,5.0,4.981543337214,4.661544720035862,5.261113017121818,0.1825815273177466,5000,,,,,,
B2Fe0.012Mg0.988,conventional_AlB2,mp-763,,A1,33.45,3DSC_MP,15.5,c_parent,±20-50%,S1_v3_2_2B_extension,,substructure_aggregate_median,20.0,0.1,,,,0.0,5000,H_below_validated_reduced_field,4.94845931127179,4.654578441913915,5.294659439981234,0.0064516129032258,
B2Fe0.012Mg0.988,conventional_AlB2,mp-763,,A1,33.45,3DSC_MP,15.5,c_parent,±20-50%,S1_v3_2_2B_extension,,substructure_aggregate_median,20.0,1.0,,,,0.0248193744718037,5000,H_below_validated_reduced_field,4.891647852524923,4.577507786557622,5.251138216961639,0.064516129032258,
B2Fe0.012Mg0.988,conventional_AlB2,mp-763,,A1,33.45,3DSC_MP,15.5,c_parent,±20-50%,S1_v3_2_2B_extension,,substructure_aggregate_median,20.0,5.0,4.585901557438229,4.125115793036223,5.013218339609315,0.1876625917622778,5000,,,,,,
B2Fe0.012Mg0.988,conventional_AlB2,mp-763,,A1,33.45,3DSC_MP,15.5,c_parent,±20-50%,S1_v3_2_2B_extension,,substructure_aggregate_median,25.756500000000003,0.1,,,,0.0,5000,H_below_validated_reduced_field,4.663130257643948,4.160786590264417,5.171305718463365,0.0064516129032258,
B2Fe0.012Mg0.988,conventional_AlB2,mp-763,,A1,33.45,3DSC_MP,15.5,c_parent,±20-50%,S1_v3_2_2B_extension,,substructure_aggregate_median,25.756500000000003,1.0,,,,0.0238569660707286,5000,H_below_validated_reduced_field,4.60242707039856,4.097249568415684,5.131039044892186,0.064516129032258,
B2Fe0.012Mg0.988,conventional_AlB2,mp-763,,A1,33.45,3DSC_MP,15.5,c_parent,±20-50%,S1_v3_2_2B_extension,,substructure_aggregate_median,25.756500000000003,5.0,,,,0.195570897449925,5000,T_above_validated_reduced_temperature,4.300912464725054,3.6960380554366927,4.886080481872053,,0.77
B2Fe0.01Mg0.99,conventional_AlB2,mp-763,,A1,34.7,3DSC_MP,15.5,c_parent,±20-50%,S1_v3_2_2B_extension,,substructure_aggregate_median,4.2,0.1,,,,0.0,5000,H_below_validated_reduced_field,5.324105348641889,5.171003190830169,5.550175833102542,0.0064516129032258,
B2Fe0.01Mg0.99,conventional_AlB2,mp-763,,A1,34.7,3DSC_MP,15.5,c_parent,±20-50%,S1_v3_2_2B_extension,,substructure_aggregate_median,4.2,1.0,,,,0.0239576661317304,5000,H_below_validated_reduced_field,5.26911416701377,5.103255297865912,5.50466439194405,0.064516129032258,
B2Fe0.01Mg0.99,conventional_AlB2,mp-763,,A1,34.7,3DSC_MP,15.5,c_parent,±20-50%,S1_v3_2_2B_extension,,substructure_aggregate_median,4.2,5.0,4.9771737816651065,4.666762548486935,5.256005809880491,0.1859407758312308,5000,,,,,,
B2Fe0.01Mg0.99,conventional_AlB2,mp-763,,A1,34.7,3DSC_MP,15.5,c_parent,±20-50%,S1_v3_2_2B_extension,,substructure_aggregate_median,20.0,0.1,,,,0.0,5000,H_below_validated_reduced_field,4.971099193934597,4.676168058092223,5.306748669367916,0.0064516129032258,
B2Fe0.01Mg0.99,conventional_AlB2,mp-763,,A1,34.7,3DSC_MP,15.5,c_parent,±20-50%,S1_v3_2_2B_extension,,substructure_aggregate_median,20.0,1.0,,,,0.0255606859071271,5000,H_below_validated_reduced_field,4.912465249186022,4.601598235506155,5.25974054505928,0.064516129032258,
B2Fe0.01Mg0.99,conventional_AlB2,mp-763,,A1,34.7,3DSC_MP,15.5,c_parent,±20-50%,S1_v3_2_2B_extension,,substructure_aggregate_median,20.0,5.0,4.607787712912606,4.171467316332032,5.02752083263577,0.1904232646278396,5000,,,,,,
B2Fe0.01Mg0.99,conventional_AlB2,mp-763,,A1,34.7,3DSC_MP,15.5,c_parent,±20-50%,S1_v3_2_2B_extension,,substructure_aggregate_median,26.719,0.1,,,,0.0,5000,H_below_validated_reduced_field,4.652434587524703,4.191177313268852,5.169997883757132,0.0064516129032258,
B2Fe0.01Mg0.99,conventional_AlB2,mp-763,,A1,34.7,3DSC_MP,15.5,c_parent,±20-50%,S1_v3_2_2B_extension,,substructure_aggregate_median,26.719,1.0,,,,0.0251330974520058,5000,H_below_validated_reduced_field,4.595232248933641,4.117511867101847,5.125831117815384,0.064516129032258,
B2Fe0.01Mg0.99,conventional_AlB2,mp-763,,A1,34.7,3DSC_MP,15.5,c_parent,±20-50%,S1_v3_2_2B_extension,,substructure_aggregate_median,26.719,5.0,,,,0.1936397945003625,5000,T_above_validated_reduced_temperature,4.291898252900793,3.67660298629772,4.890632640001347,,0.77
B2Fe0.03Mg0.97,conventional_AlB2,mp-763,,A1,32.96666667,3DSC_MP,15.5,c_parent,±20-50%,S1_v3_2_2B_extension,,substructure_aggregate_median,4.2,0.1,,,,0.0,5000,H_below_validated_reduced_field,5.324105348641889,5.1863788403346,5.549941092791016,0.0064516129032258,
B2Fe0.03Mg0.97,conventional_AlB2,mp-763,,A1,32.96666667,3DSC_MP,15.5,c_parent,±20-50%,S1_v3_2_2B_extension,,substructure_aggregate_median,4.2,1.0,,,,0.0240043960234999,5000,H_below_validated_reduced_field,5.269431390263902,5.106267801025989,5.504780351850702,0.064516129032258,
B2Fe0.03Mg0.97,conventional_AlB2,mp-763,,A1,32.96666667,3DSC_MP,15.5,c_parent,±20-50%,S1_v3_2_2B_extension,,substructure_aggregate_median,4.2,5.0,4.981543337214,4.667681508945448,5.263524537620467,0.185451602314405,5000,,,,,,
B2Fe0.03Mg0.97,conventional_AlB2,mp-763,,A1,32.96666667,3DSC_MP,15.5,c_parent,±20-50%,S1_v3_2_2B_extension,,substructure_aggregate_median,20.0,0.1,,,,0.0,5000,H_below_validated_reduced_field,4.943392770529325,4.642689744679027,5.289434067889332,0.0064516129032258,
B2Fe0.03Mg0.97,conventional_AlB2,mp-763,,A1,32.96666667,3DSC_MP,15.5,c_parent,±20-50%,S1_v3_2_2B_extension,,substructure_aggregate_median,20.0,1.0,,,,0.0241926247683936,5000,H_below_validated_reduced_field,4.885666967422655,4.564953234696993,5.241665891826932,0.064516129032258,
B2Fe0.03Mg0.97,conventional_AlB2,mp-763,,A1,32.96666667,3DSC_MP,15.5,c_parent,±20-50%,S1_v3_2_2B_extension,,substructure_aggregate_median,20.0,5.0,4.584786959911221,4.126275008564183,5.004732014128119,0.1876198257479577,5000,,,,,,
B2Fe0.03Mg0.97,conventional_AlB2,mp-763,,A1,32.96666667,3DSC_MP,15.5,c_parent,±20-50%,S1_v3_2_2B_extension,,substructure_aggregate_median,25.384333335900003,0.1,,,,0.0,5000,H_below_validated_reduced_field,4.664173277673519,4.153750611580569,5.171593792802397,0.0064516129032258,
B2Fe0.03Mg0.97,conventional_AlB2,mp-763,,A1,32.96666667,3DSC_MP,15.5,c_parent,±20-50%,S1_v3_2_2B_extension,,substructure_aggregate_median,25.384333335900003,1.0,,,,0.0261771595078421,5000,H_below_validated_reduced_field,4.611612335303848,4.077672504830504,5.12539980397468,0.064516129032258,
B2Fe0.03Mg0.97,conventional_AlB2,mp-763,,A1,32.96666667,3DSC_MP,15.5,c_parent,±20-50%,S1_v3_2_2B_extension,,substructure_aggregate_median,25.384333335900003,5.0,,,,0.18951935554011,5000,T_above_validated_reduced_temperature,4.309856099577599,3.675823852845831,4.892636687369276,,0.77
B2Fe0.05Mg0.95,conventional_AlB2,mp-763,,A1,29.5,3DSC_MP,15.5,c_parent,±20-50%,S1_v3_2_2B_extension,,substructure_aggregate_median,4.2,0.1,,,,0.0,5000,H_below_validated_reduced_field,5.324105348641889,5.1863788403346,5.550175833102542,0.0064516129032258,
B2Fe0.05Mg0.95,conventional_AlB2,mp-763,,A1,29.5,3DSC_MP,15.5,c_parent,±20-50%,S1_v3_2_2B_extension,,substructure_aggregate_median,4.2,1.0,,,,0.0254594645429984,5000,H_below_validated_reduced_field,5.271019861639648,5.103264623835246,5.504804943271403,0.064516129032258,
B2Fe0.05Mg0.95,conventional_AlB2,mp-763,,A1,29.5,3DSC_MP,15.5,c_parent,±20-50%,S1_v3_2_2B_extension,,substructure_aggregate_median,4.2,5.0,4.978240786087785,4.66390965664839,5.264489202289058,0.1857963139965308,5000,,,,,,
B2Fe0.05Mg0.95,conventional_AlB2,mp-763,,A1,29.5,3DSC_MP,15.5,c_parent,±20-50%,S1_v3_2_2B_extension,,substructure_aggregate_median,20.0,0.1,,,,0.0,5000,H_below_validated_reduced_field,4.84922630140886,4.5196466839498255,5.251957220307144,0.0064516129032258,
B2Fe0.05Mg0.95,conventional_AlB2,mp-763,,A1,29.5,3DSC_MP,15.5,c_parent,±20-50%,S1_v3_2_2B_extension,,substructure_aggregate_median,20.0,1.0,,,,0.0246243624358113,5000,H_below_validated_reduced_field,4.789763681400416,4.4396350115609335,5.205784509712676,0.064516129032258,
B2Fe0.05Mg0.95,conventional_AlB2,mp-763,,A1,29.5,3DSC_MP,15.5,c_parent,±20-50%,S1_v3_2_2B_extension,,substructure_aggregate_median,20.0,5.0,4.482398175464236,3.99069434025054,4.973419514346177,0.1913906938116207,5000,,,,,,
B2Fe0.05Mg0.95,conventional_AlB2,mp-763,,A1,29.5,3DSC_MP,15.5,c_parent,±20-50%,S1_v3_2_2B_extension,,substructure_aggregate_median,22.715,0.1,,,,0.0,5000,H_below_validated_reduced_field,4.6727385736997,4.230212359020569,5.184784223117182,0.0064516129032258,
B2Fe0.05Mg0.95,conventional_AlB2,mp-763,,A1,29.5,3DSC_MP,15.5,c_parent,±20-50%,S1_v3_2_2B_extension,,substructure_aggregate_median,22.715,1.0,,,,0.0241959545042975,5000,H_below_validated_reduced_field,4.610687789258109,4.1673815889308585,5.137785662770942,0.064516129032258,
B2Fe0.05Mg0.95,conventional_AlB2,mp-763,,A1,29.5,3DSC_MP,15.5,c_parent,±20-50%,S1_v3_2_2B_extension,,substructure_aggregate_median,22.715,5.0,,,,0.1927901055365231,5000,T_above_validated_reduced_temperature,4.310277190367799,3.728546995552481,4.899052887081057,,0.77
B2Fe0.1Mg0.9,conventional_AlB2,mp-763,,A1,34.0,3DSC_MP,15.5,c_parent,±20-50%,S1_v3_2_2B_extension,,substructure_aggregate_median,4.2,0.1,,,,0.0,5000,H_below_validated_reduced_field,5.324105348641889,5.1863788403346,5.559330705252185,0.0064516129032258,
B2Fe0.1Mg0.9,conventional_AlB2,mp-763,,A1,34.0,3DSC_MP,15.5,c_parent,±20-50%,S1_v3_2_2B_extension,,substructure_aggregate_median,4.2,1.0,,,,0.0247278163575055,5000,H_below_validated_reduced_field,5.266214364520186,5.1026131398903125,5.5094156914624905,0.064516129032258,
B2Fe0.1Mg0.9,conventional_AlB2,mp-763,,A1,34.0,3DSC_MP,15.5,c_parent,±20-50%,S1_v3_2_2B_extension,,substructure_aggregate_median,4.2,5.0,4.9763786985300005,4.656705795259819,5.265413516884398,0.1841301512843438,5000,,,,,,
B2Fe0.1Mg0.9,conventional_AlB2,mp-763,,A1,34.0,3DSC_MP,15.5,c_parent,±20-50%,S1_v3_2_2B_extension,,substructure_aggregate_median,20.0,0.1,,,,0.0,5000,H_below_validated_reduced_field,4.961989900734549,4.673887484732049,5.2985229422299565,0.0064516129032258,
B2Fe0.1Mg0.9,conventional_AlB2,mp-763,,A1,34.0,3DSC_MP,15.5,c_parent,±20-50%,S1_v3_2_2B_extension,,substructure_aggregate_median,20.0,1.0,,,,0.0251188881479755,5000,H_below_validated_reduced_field,4.903382008945176,4.599855029762884,5.247935497653896,0.064516129032258,
B2Fe0.1Mg0.9,conventional_AlB2,mp-763,,A1,34.0,3DSC_MP,15.5,c_parent,±20-50%,S1_v3_2_2B_extension,,substructure_aggregate_median,20.0,5.0,4.595155438069163,4.156490003243123,5.012434452189226,0.1904507837835778,5000,,,,,,
B2Fe0.1Mg0.9,conventional_AlB2,mp-763,,A1,34.0,3DSC_MP,15.5,c_parent,±20-50%,S1_v3_2_2B_extension,,substructure_aggregate_median,26.18,0.1,,,,0.0,5000,H_below_validated_reduced_field,4.661981989610196,4.21442235321204,5.159834951478632,0.0064516129032258,
B2Fe0.1Mg0.9,conventional_AlB2,mp-763,,A1,34.0,3DSC_MP,15.5,c_parent,±20-50%,S1_v3_2_2B_extension,,substructure_aggregate_median,26.18,1.0,,,,0.0241009955355346,5000,H_below_validated_reduced_field,4.599100856742604,4.147781694551108,5.110155863085746,0.064516129032258,
B2Fe0.1Mg0.9,conventional_AlB2,mp-763,,A1,34.0,3DSC_MP,15.5,c_parent,±20-50%,S1_v3_2_2B_extension,,substructure_aggregate_median,26.18,5.0,,,,0.1943955038301874,5000,T_above_validated_reduced_temperature,4.295167472746615,3.712111382224964,4.872764407643228,,0.77
B2Ir0.02Mg0.98,conventional_AlB2,mp-763,,A1,33.2,3DSC_MP,15.5,c_parent,±20-50%,S1_v3_2_2B_extension,,substructure_aggregate_median,4.2,0.1,,,,0.0,5000,H_below_validated_reduced_field,5.324105348641889,5.171003190830169,5.559330705252185,0.0064516129032258,
B2Ir0.02Mg0.98,conventional_AlB2,mp-763,,A1,33.2,3DSC_MP,15.5,c_parent,±20-50%,S1_v3_2_2B_extension,,substructure_aggregate_median,4.2,1.0,,,,0.0239948834593759,5000,H_below_validated_reduced_field,5.269814033055775,5.102884623932617,5.509421589597411,0.064516129032258,
B2Ir0.02Mg0.98,conventional_AlB2,mp-763,,A1,33.2,3DSC_MP,15.5,c_parent,±20-50%,S1_v3_2_2B_extension,,substructure_aggregate_median,4.2,5.0,4.980801987065298,4.667268958449525,5.269574310221243,0.1851929193723007,5000,,,,,,
B2Ir0.02Mg0.98,conventional_AlB2,mp-763,,A1,33.2,3DSC_MP,15.5,c_parent,±20-50%,S1_v3_2_2B_extension,,substructure_aggregate_median,20.0,0.1,,,,0.0,5000,H_below_validated_reduced_field,4.949050890309292,4.659966192468467,5.300966382940048,0.0064516129032258,
B2Ir0.02Mg0.98,conventional_AlB2,mp-763,,A1,33.2,3DSC_MP,15.5,c_parent,±20-50%,S1_v3_2_2B_extension,,substructure_aggregate_median,20.0,1.0,,,,0.0247615812485211,5000,H_below_validated_reduced_field,4.894016804380321,4.585334272038149,5.251469920888495,0.064516129032258,
B2Ir0.02Mg0.98,conventional_AlB2,mp-763,,A1,33.2,3DSC_MP,15.5,c_parent,±20-50%,S1_v3_2_2B_extension,,substructure_aggregate_median,20.0,5.0,4.592550511139846,4.139623580470775,5.022957958652048,0.1889675989463954,5000,,,,,,
B2Ir0.02Mg0.98,conventional_AlB2,mp-763,,A1,33.2,3DSC_MP,15.5,c_parent,±20-50%,S1_v3_2_2B_extension,,substructure_aggregate_median,25.564000000000004,0.1,,,,0.0,5000,H_below_validated_reduced_field,4.678156827392253,4.267987242431087,5.186335317801769,0.0064516129032258,
B2Ir0.02Mg0.98,conventional_AlB2,mp-763,,A1,33.2,3DSC_MP,15.5,c_parent,±20-50%,S1_v3_2_2B_extension,,substructure_aggregate_median,25.564000000000004,1.0,,,,0.0233671831309916,5000,H_below_validated_reduced_field,4.613943278346122,4.194578514977312,5.140509950831015,0.064516129032258,
B2Ir0.02Mg0.98,conventional_AlB2,mp-763,,A1,33.2,3DSC_MP,15.5,c_parent,±20-50%,S1_v3_2_2B_extension,,substructure_aggregate_median,25.564000000000004,5.0,,,,0.1887921433589259,5000,T_above_validated_reduced_temperature,4.309969877379407,3.7466656913112177,4.902797352790383,,0.77
B2Ir0.06Mg0.94,conventional_AlB2,mp-763,,A1,28.1,3DSC_MP,15.5,c_parent,±20-50%,S1_v3_2_2B_extension,,substructure_aggregate_median,4.2,0.1,,,,0.0,5000,H_below_validated_reduced_field,5.324105348641889,5.171003190830169,5.559330705252185,0.0064516129032258,
B2Ir0.06Mg0.94,conventional_AlB2,mp-763,,A1,28.1,3DSC_MP,15.5,c_parent,±20-50%,S1_v3_2_2B_extension,,substructure_aggregate_median,4.2,1.0,,,,0.0239948834593759,5000,H_below_validated_reduced_field,5.269431390263902,5.102598161437979,5.508175347598792,0.064516129032258,
B2Ir0.06Mg0.94,conventional_AlB2,mp-763,,A1,28.1,3DSC_MP,15.5,c_parent,±20-50%,S1_v3_2_2B_extension,,substructure_aggregate_median,4.2,5.0,4.98039196413065,4.656705795259819,5.265481064234958,0.183906725398665,5000,,,,,,
B2Ir0.06Mg0.94,conventional_AlB2,mp-763,,A1,28.1,3DSC_MP,15.5,c_parent,±20-50%,S1_v3_2_2B_extension,,substructure_aggregate_median,20.0,0.1,,,,0.0,5000,H_below_validated_reduced_field,4.795050774127515,4.451366493114586,5.225603879175497,0.0064516129032258,
B2Ir0.06Mg0.94,conventional_AlB2,mp-763,,A1,28.1,3DSC_MP,15.5,c_parent,±20-50%,S1_v3_2_2B_extension,,substructure_aggregate_median,20.0,1.0,,,,0.0260334481162356,5000,H_below_validated_reduced_field,4.737827201214398,4.369964892545047,5.177418086984712,0.064516129032258,
B2Ir0.06Mg0.94,conventional_AlB2,mp-763,,A1,28.1,3DSC_MP,15.5,c_parent,±20-50%,S1_v3_2_2B_extension,,substructure_aggregate_median,20.0,5.0,,,,0.189721272774646,5000,T_above_validated_reduced_temperature,4.433475170680564,3.909651480319422,4.945792704516548,,0.7117437722419928
B2Ir0.06Mg0.94,conventional_AlB2,mp-763,,A1,28.1,3DSC_MP,15.5,c_parent,±20-50%,S1_v3_2_2B_extension,,substructure_aggregate_median,21.637,0.1,,,,0.0,5000,H_below_validated_reduced_field,4.676849055011506,4.287339621762154,5.175079545985517,0.0064516129032258,
B2Ir0.06Mg0.94,conventional_AlB2,mp-763,,A1,28.1,3DSC_MP,15.5,c_parent,±20-50%,S1_v3_2_2B_extension,,substructure_aggregate_median,21.637,1.0,,,,0.0232013382382003,5000,H_below_validated_reduced_field,4.620016319975242,4.211271631897255,5.124667815493503,0.064516129032258,
B2Ir0.06Mg0.94,conventional_AlB2,mp-763,,A1,28.1,3DSC_MP,15.5,c_parent,±20-50%,S1_v3_2_2B_extension,,substructure_aggregate_median,21.637,5.0,,,,0.1919423279460081,5000,T_above_validated_reduced_temperature,4.315961197429608,3.747603797482365,4.890796117921217,,0.77
B2Ir0.12Mg0.88,conventional_AlB2,mp-763,,A1,18.0,3DSC_MP,15.5,c_parent,±20-50%,S1_v3_2_2B_extension,,substructure_aggregate_median,4.2,0.1,,,,0.0,5000,H_below_validated_reduced_field,5.324105348641889,5.1863788403346,5.559330705252185,0.0064516129032258,
B2Ir0.12Mg0.88,conventional_AlB2,mp-763,,A1,18.0,3DSC_MP,15.5,c_parent,±20-50%,S1_v3_2_2B_extension,,substructure_aggregate_median,4.2,1.0,,,,0.0241777954462438,5000,H_below_validated_reduced_field,5.26921092295497,5.102884623932617,5.506751427124972,0.064516129032258,
B2Ir0.12Mg0.88,conventional_AlB2,mp-763,,A1,18.0,3DSC_MP,15.5,c_parent,±20-50%,S1_v3_2_2B_extension,,substructure_aggregate_median,4.2,5.0,4.980622895715926,4.667150606665967,5.264511857790373,0.1846306698092839,5000,,,,,,
B2Ir0.12Mg0.88,conventional_AlB2,mp-763,,A1,18.0,3DSC_MP,15.5,c_parent,±20-50%,S1_v3_2_2B_extension,,substructure_aggregate_median,20.0,0.1,,,,,5000,T_above_Tc,,,,,
B2Ir0.12Mg0.88,conventional_AlB2,mp-763,,A1,18.0,3DSC_MP,15.5,c_parent,±20-50%,S1_v3_2_2B_extension,,substructure_aggregate_median,20.0,1.0,,,,,5000,T_above_Tc,,,,,
B2Ir0.12Mg0.88,conventional_AlB2,mp-763,,A1,18.0,3DSC_MP,15.5,c_parent,±20-50%,S1_v3_2_2B_extension,,substructure_aggregate_median,20.0,5.0,,,,,5000,T_above_Tc,,,,,
B2Ir0.12Mg0.88,conventional_AlB2,mp-763,,A1,18.0,3DSC_MP,15.5,c_parent,±20-50%,S1_v3_2_2B_extension,,substructure_aggregate_median,13.86,0.1,,,,0.0,5000,H_below_validated_reduced_field,4.72745012946565,4.3116678780912,5.200252709151571,0.0064516129032258,
B2Ir0.12Mg0.88,conventional_AlB2,mp-763,,A1,18.0,3DSC_MP,15.5,c_parent,±20-50%,S1_v3_2_2B_extension,,substructure_aggregate_median,13.86,1.0,,,,0.0241209287923744,5000,H_below_validated_reduced_field,4.669638131286176,4.237137861572033,5.158238194037553,0.064516129032258,
B2Ir0.12Mg0.88,conventional_AlB2,mp-763,,A1,18.0,3DSC_MP,15.5,c_parent,±20-50%,S1_v3_2_2B_extension,,substructure_aggregate_median,13.86,5.0,,,,0.1935462868234747,5000,T_above_validated_reduced_temperature,4.365855871312538,3.8037691446209694,4.924218197392576,,0.77
B2Ir3La1,conventional_AlB2,mp-10112,,A1,1.65,3DSC_MP,,pending,,,,substructure_aggregate_median,4.2,0.1,,,,,5000,Hc2_unavailable,,,,,
B2Ir3La1,conventional_AlB2,mp-10112,,A1,1.65,3DSC_MP,,pending,,,,substructure_aggregate_median,4.2,1.0,,,,,5000,Hc2_unavailable,,,,,
B2Ir3La1,conventional_AlB2,mp-10112,,A1,1.65,3DSC_MP,,pending,,,,substructure_aggregate_median,4.2,5.0,,,,,5000,Hc2_unavailable,,,,,
B2Ir3La1,conventional_AlB2,mp-10112,,A1,1.65,3DSC_MP,,pending,,,,substructure_aggregate_median,20.0,0.1,,,,,5000,Hc2_unavailable,,,,,
B2Ir3La1,conventional_AlB2,mp-10112,,A1,1.65,3DSC_MP,,pending,,,,substructure_aggregate_median,20.0,1.0,,,,,5000,Hc2_unavailable,,,,,
B2Ir3La1,conventional_AlB2,mp-10112,,A1,1.65,3DSC_MP,,pending,,,,substructure_aggregate_median,20.0,5.0,,,,,5000,Hc2_unavailable,,,,,
B2Ir3La1,conventional_AlB2,mp-10112,,A1,1.65,3DSC_MP,,pending,,,,substructure_aggregate_median,1.2705,0.1,14.86769234464299,9.393942239596935,24.649290079075456,,5000,Hc2_unavailable,,,,,
B2Ir3La1,conventional_AlB2,mp-10112,,A1,1.65,3DSC_MP,,pending,,,,substructure_aggregate_median,1.2705,1.0,14.86769234464299,9.393942239596935,24.649290079075456,,5000,Hc2_unavailable,,,,,
B2Ir3La1,conventional_AlB2,mp-10112,,A1,1.65,3DSC_MP,,pending,,,,substructure_aggregate_median,1.2705,5.0,14.86769234464299,9.393942239596935,24.649290079075456,,5000,Hc2_unavailable,,,,,
B2Ir3Th1,conventional_AlB2,mp-10115,,A1,2.09,3DSC_MP,,pending,,,,substructure_aggregate_median,4.2,0.1,,,,,5000,Hc2_unavailable,,,,,
B2Ir3Th1,conventional_AlB2,mp-10115,,A1,2.09,3DSC_MP,,pending,,,,substructure_aggregate_median,4.2,1.0,,,,,5000,Hc2_unavailable,,,,,
B2Ir3Th1,conventional_AlB2,mp-10115,,A1,2.09,3DSC_MP,,pending,,,,substructure_aggregate_median,4.2,5.0,,,,,5000,Hc2_unavailable,,,,,
B2Ir3Th1,conventional_AlB2,mp-10115,,A1,2.09,3DSC_MP,,pending,,,,substructure_aggregate_median,20.0,0.1,,,,,5000,Hc2_unavailable,,,,,
B2Ir3Th1,conventional_AlB2,mp-10115,,A1,2.09,3DSC_MP,,pending,,,,substructure_aggregate_median,20.0,1.0,,,,,5000,Hc2_unavailable,,,,,
B2Ir3Th1,conventional_AlB2,mp-10115,,A1,2.09,3DSC_MP,,pending,,,,substructure_aggregate_median,20.0,5.0,,,,,5000,Hc2_unavailable,,,,,
B2Ir3Th1,conventional_AlB2,mp-10115,,A1,2.09,3DSC_MP,,pending,,,,substructure_aggregate_median,1.6093,0.1,14.853201201835986,9.399364554183745,19.518008091937865,,5000,Hc2_unavailable,,,,,
B2Ir3Th1,conventional_AlB2,mp-10115,,A1,2.09,3DSC_MP,,pending,,,,substructure_aggregate_median,1.6093,1.0,14.853201201835986,9.399364554183745,19.518008091937865,,5000,Hc2_unavailable,,,,,
B2Ir3Th1,conventional_AlB2,mp-10115,,A1,2.09,3DSC_MP,,pending,,,,substructure_aggregate_median,1.6093,5.0,14.853201201835986,9.399364554183745,19.518008091937865,,5000,Hc2_unavailable,,,,,
B2Li0.05Mg0.95,conventional_AlB2,mp-763,,A1,38.25,3DSC_MP,15.5,c_parent,±20-50%,S1_v3_2_2B_extension,,substructure_aggregate_median,4.2,0.1,,,,0.0,5000,H_below_validated_reduced_field,5.324105348641889,5.171003190830169,5.559330705252185,0.0064516129032258,
B2Li0.05Mg0.95,conventional_AlB2,mp-763,,A1,38.25,3DSC_MP,15.5,c_parent,±20-50%,S1_v3_2_2B_extension,,substructure_aggregate_median,4.2,1.0,,,,0.0239748171544569,5000,H_below_validated_reduced_field,5.268327380528502,5.1026131398903125,5.506751427124972,0.064516129032258,
B2Li0.05Mg0.95,conventional_AlB2,mp-763,,A1,38.25,3DSC_MP,15.5,c_parent,±20-50%,S1_v3_2_2B_extension,,substructure_aggregate_median,4.2,5.0,4.975326348157319,4.662557239549476,5.256994599571886,0.1846235924490944,5000,,,,,,
B2Li0.05Mg0.95,conventional_AlB2,mp-763,,A1,38.25,3DSC_MP,15.5,c_parent,±20-50%,S1_v3_2_2B_extension,,substructure_aggregate_median,20.0,0.1,,,,0.0,5000,H_below_validated_reduced_field,5.021211500545731,4.757939136841882,5.334056482733017,0.0064516129032258,
B2Li0.05Mg0.95,conventional_AlB2,mp-763,,A1,38.25,3DSC_MP,15.5,c_parent,±20-50%,S1_v3_2_2B_extension,,substructure_aggregate_median,20.0,1.0,,,,0.0238139949234943,5000,H_below_validated_reduced_field,4.966489105281549,4.680284909599084,5.28877680855511,0.064516129032258,
B2Li0.05Mg0.95,conventional_AlB2,mp-763,,A1,38.25,3DSC_MP,15.5,c_parent,±20-50%,S1_v3_2_2B_extension,,substructure_aggregate_median,20.0,5.0,4.663639544077608,4.241390872440414,5.056095672781096,0.1896182485966653,5000,,,,,,
B2Li0.05Mg0.95,conventional_AlB2,mp-763,,A1,38.25,3DSC_MP,15.5,c_parent,±20-50%,S1_v3_2_2B_extension,,substructure_aggregate_median,29.4525,0.1,,,,0.0,5000,H_below_validated_reduced_field,4.646149291031468,4.096269124217277,5.167208807109489,0.0064516129032258,
B2Li0.05Mg0.95,conventional_AlB2,mp-763,,A1,38.25,3DSC_MP,15.5,c_parent,±20-50%,S1_v3_2_2B_extension,,substructure_aggregate_median,29.4525,1.0,,,,0.0251330974520058,5000,H_below_validated_reduced_field,4.589222844882082,4.019452161442819,5.114695643954141,0.064516129032258,
B2Li0.05Mg0.95,conventional_AlB2,mp-763,,A1,38.25,3DSC_MP,15.5,c_parent,±20-50%,S1_v3_2_2B_extension,,substructure_aggregate_median,29.4525,5.0,,,,0.1940822379278808,5000,T_above_validated_reduced_temperature,4.286026213026275,3.6109590013007566,4.885938009263051,,0.77
B2Li0.07Mg0.93,conventional_AlB2,mp-763,,A1,37.8,3DSC_MP,15.5,c_parent,±20-50%,S1_v3_2_2B_extension,,substructure_aggregate_median,4.2,0.1,,,,0.0,5000,H_below_validated_reduced_field,5.324105348641889,5.171003190830169,5.549941092791016,0.0064516129032258,
B2Li0.07Mg0.93,conventional_AlB2,mp-763,,A1,37.8,3DSC_MP,15.5,c_parent,±20-50%,S1_v3_2_2B_extension,,substructure_aggregate_median,4.2,1.0,,,,0.0268432988898563,5000,H_below_validated_reduced_field,5.271695840921429,5.102014001796972,5.50435276339558,0.064516129032258,
B2Li0.07Mg0.93,conventional_AlB2,mp-763,,A1,37.8,3DSC_MP,15.5,c_parent,±20-50%,S1_v3_2_2B_extension,,substructure_aggregate_median,4.2,5.0,4.980622895715926,4.653646402755093,5.26259901955184,0.1872776247182006,5000,,,,,,
B2Li0.07Mg0.93,conventional_AlB2,mp-763,,A1,37.8,3DSC_MP,15.5,c_parent,±20-50%,S1_v3_2_2B_extension,,substructure_aggregate_median,20.0,0.1,,,,0.0,5000,H_below_validated_reduced_field,5.02411281976708,4.74465322037898,5.331057998991564,0.0064516129032258,
B2Li0.07Mg0.93,conventional_AlB2,mp-763,,A1,37.8,3DSC_MP,15.5,c_parent,±20-50%,S1_v3_2_2B_extension,,substructure_aggregate_median,20.0,1.0,,,,0.024528583990655,5000,H_below_validated_reduced_field,4.962164543919816,4.668414894360798,5.285778324813657,0.064516129032258,
B2Li0.07Mg0.93,conventional_AlB2,mp-763,,A1,37.8,3DSC_MP,15.5,c_parent,±20-50%,S1_v3_2_2B_extension,,substructure_aggregate_median,20.0,5.0,4.661693488175647,4.2254307487970895,5.051220677600149,0.1896675128929521,5000,,,,,,
B2Li0.07Mg0.93,conventional_AlB2,mp-763,,A1,37.8,3DSC_MP,15.5,c_parent,±20-50%,S1_v3_2_2B_extension,,substructure_aggregate_median,29.106,0.1,,,,0.0,5000,H_below_validated_reduced_field,4.646876588251839,4.052556050724152,5.167531542511934,0.0064516129032258,
B2Li0.07Mg0.93,conventional_AlB2,mp-763,,A1,37.8,3DSC_MP,15.5,c_parent,±20-50%,S1_v3_2_2B_extension,,substructure_aggregate_median,29.106,1.0,,,,0.0235954291229232,5000,H_below_validated_reduced_field,4.591530804203653,3.995426511766519,5.124001818021736,0.064516129032258,
B2Li0.07Mg0.93,conventional_AlB2,mp-763,,A1,37.8,3DSC_MP,15.5,c_parent,±20-50%,S1_v3_2_2B_extension,,substructure_aggregate_median,29.106,5.0,,,,0.1932951391291668,5000,T_above_validated_reduced_temperature,4.291107771488608,3.5706208197353577,4.8895369904765404,,0.7700000000000001
B2Li0.08Mg0.92,conventional_AlB2,mp-763,,A1,38.0,3DSC_MP,15.5,c_parent,±20-50%,S1_v3_2_2B_extension,,substructure_aggregate_median,4.2,0.1,,,,0.0,5000,H_below_validated_reduced_field,5.324105348641889,5.1863788403346,5.550175833102542,0.0064516129032258,
B2Li0.08Mg0.92,conventional_AlB2,mp-763,,A1,38.0,3DSC_MP,15.5,c_parent,±20-50%,S1_v3_2_2B_extension,,substructure_aggregate_median,4.2,1.0,,,,0.0254594645429984,5000,H_below_validated_reduced_field,5.271540284592202,5.106267801025989,5.505780192669341,0.064516129032258,
B2Li0.08Mg0.92,conventional_AlB2,mp-763,,A1,38.0,3DSC_MP,15.5,c_parent,±20-50%,S1_v3_2_2B_extension,,substructure_aggregate_median,4.2,5.0,4.9830540045170935,4.666310110214952,5.265395422341659,0.1861556993840585,5000,,,,,,
B2Li0.08Mg0.92,conventional_AlB2,mp-763,,A1,38.0,3DSC_MP,15.5,c_parent,±20-50%,S1_v3_2_2B_extension,,substructure_aggregate_median,20.0,0.1,,,,0.0,5000,H_below_validated_reduced_field,5.026466908536555,4.761897098699579,5.340312654016243,0.0064516129032258,
B2Li0.08Mg0.92,conventional_AlB2,mp-763,,A1,38.0,3DSC_MP,15.5,c_parent,±20-50%,S1_v3_2_2B_extension,,substructure_aggregate_median,20.0,1.0,,,,0.0251045370211642,5000,H_below_validated_reduced_field,4.968369976109798,4.691599223305245,5.293493226615351,0.064516129032258,
B2Li0.08Mg0.92,conventional_AlB2,mp-763,,A1,38.0,3DSC_MP,15.5,c_parent,±20-50%,S1_v3_2_2B_extension,,substructure_aggregate_median,20.0,5.0,4.664651387171164,4.255071375245946,5.055133592535844,0.193534342262077,5000,,,,,,
B2Li0.08Mg0.92,conventional_AlB2,mp-763,,A1,38.0,3DSC_MP,15.5,c_parent,±20-50%,S1_v3_2_2B_extension,,substructure_aggregate_median,29.26,0.1,,,,0.0,5000,H_below_validated_reduced_field,4.654693331195798,4.134492115982969,5.187962848666296,0.0064516129032258,
B2Li0.08Mg0.92,conventional_AlB2,mp-763,,A1,38.0,3DSC_MP,15.5,c_parent,±20-50%,S1_v3_2_2B_extension,,substructure_aggregate_median,29.26,1.0,,,,0.0233536368793148,5000,H_below_validated_reduced_field,4.594446154036819,4.057319673022314,5.137373108821335,0.064516129032258,
B2Li0.08Mg0.92,conventional_AlB2,mp-763,,A1,38.0,3DSC_MP,15.5,c_parent,±20-50%,S1_v3_2_2B_extension,,substructure_aggregate_median,29.26,5.0,,,,0.1919136103999275,5000,T_above_validated_reduced_temperature,4.289883129041023,3.6719374760498114,4.897889819845871,,0.77
B2Li0.11Mg0.89,conventional_AlB2,mp-763,,A1,35.3,3DSC_MP,15.5,c_parent,±20-50%,S1_v3_2_2B_extension,,substructure_aggregate_median,4.2,0.1,,,,0.0,5000,H_below_validated_reduced_field,5.324105348641889,5.171003190830169,5.559330705252185,0.0064516129032258,
B2Li0.11Mg0.89,conventional_AlB2,mp-763,,A1,35.3,3DSC_MP,15.5,c_parent,±20-50%,S1_v3_2_2B_extension,,substructure_aggregate_median,4.2,1.0,,,,0.0242485749384933,5000,H_below_validated_reduced_field,5.269431390263902,5.1026131398903125,5.5039358646518375,0.064516129032258,
B2Li0.11Mg0.89,conventional_AlB2,mp-763,,A1,35.3,3DSC_MP,15.5,c_parent,±20-50%,S1_v3_2_2B_extension,,substructure_aggregate_median,4.2,5.0,4.976625608269076,4.661589258371804,5.2633563262718015,0.1857963139965308,5000,,,,,,
B2Li0.11Mg0.89,conventional_AlB2,mp-763,,A1,35.3,3DSC_MP,15.5,c_parent,±20-50%,S1_v3_2_2B_extension,,substructure_aggregate_median,20.0,0.1,,,,0.0,5000,H_below_validated_reduced_field,4.987518497792547,4.703297723308031,5.311852026593003,0.0064516129032258,
B2Li0.11Mg0.89,conventional_AlB2,mp-763,,A1,35.3,3DSC_MP,15.5,c_parent,±20-50%,S1_v3_2_2B_extension,,substructure_aggregate_median,20.0,1.0,,,,0.0242693618037916,5000,H_below_validated_reduced_field,4.927364347240971,4.633898834481236,5.26317756787459,0.064516129032258,
B2Li0.11Mg0.89,conventional_AlB2,mp-763,,A1,35.3,3DSC_MP,15.5,c_parent,±20-50%,S1_v3_2_2B_extension,,substructure_aggregate_median,20.0,5.0,4.623744682720236,4.190837181356861,5.03348557560833,0.1904441248287725,5000,,,,,,
B2Li0.11Mg0.89,conventional_AlB2,mp-763,,A1,35.3,3DSC_MP,15.5,c_parent,±20-50%,S1_v3_2_2B_extension,,substructure_aggregate_median,27.181,0.1,,,,0.0,5000,H_below_validated_reduced_field,4.651277521299373,4.21066116633464,5.169484439977301,0.0064516129032258,
B2Li0.11Mg0.89,conventional_AlB2,mp-763,,A1,35.3,3DSC_MP,15.5,c_parent,±20-50%,S1_v3_2_2B_extension,,substructure_aggregate_median,27.181,1.0,,,,0.0236859430642448,5000,H_below_validated_reduced_field,4.596280191811206,4.127530662736663,5.126310355983504,0.064516129032258,
B2Li0.11Mg0.89,conventional_AlB2,mp-763,,A1,35.3,3DSC_MP,15.5,c_parent,±20-50%,S1_v3_2_2B_extension,,substructure_aggregate_median,27.181,5.0,,,,0.1942927211232543,5000,T_above_validated_reduced_temperature,4.291232816162244,3.69388884428429,4.882008397103068,,0.7700000000000001
B2Li0.15Mg0.85,conventional_AlB2,mp-763,,A1,36.6,3DSC_MP,15.5,c_parent,±20-50%,S1_v3_2_2B_extension,,substructure_aggregate_median,4.2,0.1,,,,0.0,5000,H_below_validated_reduced_field,5.324105348641889,5.171003190830169,5.559330705252185,0.0064516129032258,
B2Li0.15Mg0.85,conventional_AlB2,mp-763,,A1,36.6,3DSC_MP,15.5,c_parent,±20-50%,S1_v3_2_2B_extension,,substructure_aggregate_median,4.2,1.0,,,,0.0237320527545001,5000,H_below_validated_reduced_field,5.268712629035969,5.1026131398903125,5.503806929154295,0.064516129032258,
B2Li0.15Mg0.85,conventional_AlB2,mp-763,,A1,36.6,3DSC_MP,15.5,c_parent,±20-50%,S1_v3_2_2B_extension,,substructure_aggregate_median,4.2,5.0,4.977702768631467,4.664078665737497,5.256994599571886,0.1831581639790434,5000,,,,,,
B2Li0.15Mg0.85,conventional_AlB2,mp-763,,A1,36.6,3DSC_MP,15.5,c_parent,±20-50%,S1_v3_2_2B_extension,,substructure_aggregate_median,20.0,0.1,,,,0.0,5000,H_below_validated_reduced_field,5.007612115383634,4.728992129413282,5.322463588067016,0.0064516129032258,
B2Li0.15Mg0.85,conventional_AlB2,mp-763,,A1,36.6,3DSC_MP,15.5,c_parent,±20-50%,S1_v3_2_2B_extension,,substructure_aggregate_median,20.0,1.0,,,,0.0249069243791142,5000,H_below_validated_reduced_field,4.946504105518216,4.651795190445578,5.277640710229797,0.064516129032258,
B2Li0.15Mg0.85,conventional_AlB2,mp-763,,A1,36.6,3DSC_MP,15.5,c_parent,±20-50%,S1_v3_2_2B_extension,,substructure_aggregate_median,20.0,5.0,4.641496274774949,4.215861504990414,5.042332672335533,0.189942913272664,5000,,,,,,
B2Li0.15Mg0.85,conventional_AlB2,mp-763,,A1,36.6,3DSC_MP,15.5,c_parent,±20-50%,S1_v3_2_2B_extension,,substructure_aggregate_median,28.182,0.1,,,,0.0,5000,H_below_validated_reduced_field,4.6570513849345465,4.139047757943462,5.178244159571235,0.0064516129032258,
B2Li0.15Mg0.85,conventional_AlB2,mp-763,,A1,36.6,3DSC_MP,15.5,c_parent,±20-50%,S1_v3_2_2B_extension,,substructure_aggregate_median,28.182,1.0,,,,0.0233139711682515,5000,H_below_validated_reduced_field,4.59678038175436,4.053929288675527,5.131531581441607,0.064516129032258,
B2Li0.15Mg0.85,conventional_AlB2,mp-763,,A1,36.6,3DSC_MP,15.5,c_parent,±20-50%,S1_v3_2_2B_extension,,substructure_aggregate_median,28.182,5.0,,,,0.1954155286024814,5000,T_above_validated_reduced_temperature,4.29548630464538,3.65228641582605,4.889901687557743,,0.7699999999999999
B2Li0.1Mg0.9,conventional_AlB2,mp-763,,A1,36.91666667,3DSC_MP,15.5,c_parent,±20-50%,S1_v3_2_2B_extension,,substructure_aggregate_median,4.2,0.1,,,,0.0,5000,H_below_validated_reduced_field,5.324105348641889,5.1863788403346,5.559330705252185,0.0064516129032258,
B2Li0.1Mg0.9,conventional_AlB2,mp-763,,A1,36.91666667,3DSC_MP,15.5,c_parent,±20-50%,S1_v3_2_2B_extension,,substructure_aggregate_median,4.2,1.0,,,,0.0254594645429984,5000,H_below_validated_reduced_field,5.271019861639648,5.106267801025989,5.511386766736761,0.064516129032258,
B2Li0.1Mg0.9,conventional_AlB2,mp-763,,A1,36.91666667,3DSC_MP,15.5,c_parent,±20-50%,S1_v3_2_2B_extension,,substructure_aggregate_median,4.2,5.0,4.979161227585859,4.667150606665967,5.272194713771914,0.1862888350268061,5000,,,,,,
B2Li0.1Mg0.9,conventional_AlB2,mp-763,,A1,36.91666667,3DSC_MP,15.5,c_parent,±20-50%,S1_v3_2_2B_extension,,substructure_aggregate_median,20.0,0.1,,,,0.0,5000,H_below_validated_reduced_field,5.012150793981983,4.742894254093343,5.325758466968892,0.0064516129032258,
B2Li0.1Mg0.9,conventional_AlB2,mp-763,,A1,36.91666667,3DSC_MP,15.5,c_parent,±20-50%,S1_v3_2_2B_extension,,substructure_aggregate_median,20.0,1.0,,,,0.0251442734372417,5000,H_below_validated_reduced_field,4.951135686955612,4.671242524545902,5.282962078219271,0.064516129032258,
B2Li0.1Mg0.9,conventional_AlB2,mp-763,,A1,36.91666667,3DSC_MP,15.5,c_parent,±20-50%,S1_v3_2_2B_extension,,substructure_aggregate_median,20.0,5.0,4.647473680259646,4.232468201472879,5.054308358342292,0.191311942777073,5000,,,,,,
B2Li0.1Mg0.9,conventional_AlB2,mp-763,,A1,36.91666667,3DSC_MP,15.5,c_parent,±20-50%,S1_v3_2_2B_extension,,substructure_aggregate_median,28.4258333359,0.1,,,,0.0,5000,H_below_validated_reduced_field,4.656501359478493,4.206377124271894,5.177579020457948,0.0064516129032258,
B2Li0.1Mg0.9,conventional_AlB2,mp-763,,A1,36.91666667,3DSC_MP,15.5,c_parent,±20-50%,S1_v3_2_2B_extension,,substructure_aggregate_median,28.4258333359,1.0,,,,0.0231613103073948,5000,H_below_validated_reduced_field,4.597463114591125,4.142609091541546,5.130457961435338,0.064516129032258,
B2Li0.1Mg0.9,conventional_AlB2,mp-763,,A1,36.91666667,3DSC_MP,15.5,c_parent,±20-50%,S1_v3_2_2B_extension,,substructure_aggregate_median,28.4258333359,5.0,,,,0.193060737770379,5000,T_above_validated_reduced_temperature,4.294015035851441,3.701634684246898,4.89043646356119,,0.77
B2Li0.2Mg0.8,conventional_AlB2,mp-763,,A1,34.0,3DSC_MP,15.5,c_parent,±20-50%,S1_v3_2_2B_extension,,substructure_aggregate_median,4.2,0.1,,,,0.0,5000,H_below_validated_reduced_field,5.324105348641889,5.171003190830169,5.559330705252185,0.0064516129032258,
B2Li0.2Mg0.8,conventional_AlB2,mp-763,,A1,34.0,3DSC_MP,15.5,c_parent,±20-50%,S1_v3_2_2B_extension,,substructure_aggregate_median,4.2,1.0,,,,0.0254594645429984,5000,H_below_validated_reduced_field,5.271019861639648,5.1026131398903125,5.508722502399244,0.064516129032258,
B2Li0.2Mg0.8,conventional_AlB2,mp-763,,A1,34.0,3DSC_MP,15.5,c_parent,±20-50%,S1_v3_2_2B_extension,,substructure_aggregate_median,4.2,5.0,4.983848333870372,4.667268958449525,5.273889880322457,0.1839067253986659,5000,,,,,,
B2Li0.2Mg0.8,conventional_AlB2,mp-763,,A1,34.0,3DSC_MP,15.5,c_parent,±20-50%,S1_v3_2_2B_extension,,substructure_aggregate_median,20.0,0.1,,,,0.0,5000,H_below_validated_reduced_field,4.962136814092754,4.673903937923178,5.309563720993998,0.0064516129032258,
B2Li0.2Mg0.8,conventional_AlB2,mp-763,,A1,34.0,3DSC_MP,15.5,c_parent,±20-50%,S1_v3_2_2B_extension,,substructure_aggregate_median,20.0,1.0,,,,0.0238017339085772,5000,H_below_validated_reduced_field,4.904857050830024,4.604168289002343,5.260776000124083,0.064516129032258,
B2Li0.2Mg0.8,conventional_AlB2,mp-763,,A1,34.0,3DSC_MP,15.5,c_parent,±20-50%,S1_v3_2_2B_extension,,substructure_aggregate_median,20.0,5.0,4.602627019372319,4.158223435397887,5.021634217506196,0.1907036594254547,5000,,,,,,
B2Li0.2Mg0.8,conventional_AlB2,mp-763,,A1,34.0,3DSC_MP,15.5,c_parent,±20-50%,S1_v3_2_2B_extension,,substructure_aggregate_median,26.18,0.1,,,,0.0,5000,H_below_validated_reduced_field,4.661981989610196,4.19904670370761,5.185409162619903,0.0064516129032258,
B2Li0.2Mg0.8,conventional_AlB2,mp-763,,A1,34.0,3DSC_MP,15.5,c_parent,±20-50%,S1_v3_2_2B_extension,,substructure_aggregate_median,26.18,1.0,,,,0.02279107750467,5000,H_below_validated_reduced_field,4.604247730652053,4.126836704761499,5.133201225381774,0.064516129032258,
B2Li0.2Mg0.8,conventional_AlB2,mp-763,,A1,34.0,3DSC_MP,15.5,c_parent,±20-50%,S1_v3_2_2B_extension,,substructure_aggregate_median,26.18,5.0,,,,0.1938121239672305,5000,T_above_validated_reduced_temperature,4.303547380804228,3.708755965416886,4.892660853260852,,0.77
B2Lu1Os3,conventional_AlB2,mp-2880,,A1,4.655,3DSC_MP,,pending,,,,substructure_aggregate_median,4.2,0.1,5.324105348641889,5.171003190830169,5.559330705252185,,5000,Hc2_unavailable,,,,,
B2Lu1Os3,conventional_AlB2,mp-2880,,A1,4.655,3DSC_MP,,pending,,,,substructure_aggregate_median,4.2,1.0,5.324105348641889,5.171003190830169,5.559330705252185,,5000,Hc2_unavailable,,,,,
B2Lu1Os3,conventional_AlB2,mp-2880,,A1,4.655,3DSC_MP,,pending,,,,substructure_aggregate_median,4.2,5.0,5.324105348641889,5.171003190830169,5.559330705252185,,5000,Hc2_unavailable,,,,,
B2Lu1Os3,conventional_AlB2,mp-2880,,A1,4.655,3DSC_MP,,pending,,,,substructure_aggregate_median,20.0,0.1,,,,,5000,Hc2_unavailable,,,,,
B2Lu1Os3,conventional_AlB2,mp-2880,,A1,4.655,3DSC_MP,,pending,,,,substructure_aggregate_median,20.0,1.0,,,,,5000,Hc2_unavailable,,,,,
B2Lu1Os3,conventional_AlB2,mp-2880,,A1,4.655,3DSC_MP,,pending,,,,substructure_aggregate_median,20.0,5.0,,,,,5000,Hc2_unavailable,,,,,
B2Lu1Os3,conventional_AlB2,mp-2880,,A1,4.655,3DSC_MP,,pending,,,,substructure_aggregate_median,3.58435,0.1,5.785518150419611,5.4381668997878805,6.161851480335799,,5000,Hc2_unavailable,,,,,
B2Lu1Os3,conventional_AlB2,mp-2880,,A1,4.655,3DSC_MP,,pending,,,,substructure_aggregate_median,3.58435,1.0,5.785518150419611,5.4381668997878805,6.161851480335799,,5000,Hc2_unavailable,,,,,
B2Lu1Os3,conventional_AlB2,mp-2880,,A1,4.655,3DSC_MP,,pending,,,,substructure_aggregate_median,3.58435,5.0,5.785518150419611,5.4381668997878805,6.161851480335799,,5000,Hc2_unavailable,,,,,
B2Mg0.1Nb0.9,conventional_AlB2,mp-450,,A1,4.5,3DSC_MP,15.5,c_parent,±20-50%,S1_v3_2_2B_extension,,substructure_aggregate_median,4.2,0.1,,,,0.0,5000,H_below_validated_reduced_field,5.324105348641889,5.1863788403346,5.559330705252185,0.0064516129032258,
B2Mg0.1Nb0.9,conventional_AlB2,mp-450,,A1,4.5,3DSC_MP,15.5,c_parent,±20-50%,S1_v3_2_2B_extension,,substructure_aggregate_median,4.2,1.0,,,,0.0233051435382707,5000,H_below_validated_reduced_field,5.268327380528502,5.110315493266729,5.50466141861311,0.064516129032258,
B2Mg0.1Nb0.9,conventional_AlB2,mp-450,,A1,4.5,3DSC_MP,15.5,c_parent,±20-50%,S1_v3_2_2B_extension,,substructure_aggregate_median,4.2,5.0,,,,0.1844997470638398,5000,T_above_validated_reduced_temperature,4.9763786985300005,4.672972787680751,5.263546589996212,,0.9333333333333333
B2Mg0.1Nb0.9,conventional_AlB2,mp-450,,A1,4.5,3DSC_MP,15.5,c_parent,±20-50%,S1_v3_2_2B_extension,,substructure_aggregate_median,20.0,0.1,,,,,5000,T_above_Tc,,,,,
B2Mg0.1Nb0.9,conventional_AlB2,mp-450,,A1,4.5,3DSC_MP,15.5,c_parent,±20-50%,S1_v3_2_2B_extension,,substructure_aggregate_median,20.0,1.0,,,,,5000,T_above_Tc,,,,,
B2Mg0.1Nb0.9,conventional_AlB2,mp-450,,A1,4.5,3DSC_MP,15.5,c_parent,±20-50%,S1_v3_2_2B_extension,,substructure_aggregate_median,20.0,5.0,,,,,5000,T_above_Tc,,,,,
B2Mg0.1Nb0.9,conventional_AlB2,mp-450,,A1,4.5,3DSC_MP,15.5,c_parent,±20-50%,S1_v3_2_2B_extension,,substructure_aggregate_median,3.465,0.1,,,,0.0,5000,H_below_validated_reduced_field,5.989640506930083,5.509445653207885,6.536059434407562,0.0064516129032258,
B2Mg0.1Nb0.9,conventional_AlB2,mp-450,,A1,4.5,3DSC_MP,15.5,c_parent,±20-50%,S1_v3_2_2B_extension,,substructure_aggregate_median,3.465,1.0,,,,0.0240579018004014,5000,H_below_validated_reduced_field,5.926689756866467,5.443072404589474,6.4854346774533695,0.064516129032258,
B2Mg0.1Nb0.9,conventional_AlB2,mp-450,,A1,4.5,3DSC_MP,15.5,c_parent,±20-50%,S1_v3_2_2B_extension,,substructure_aggregate_median,3.465,5.0,,,,0.187675099554557,5000,T_above_validated_reduced_temperature,5.620865489803585,5.010362344147544,6.213043725995929,,0.77
B2Mg0.7,conventional_AlB2,mp-763,,A1,37.2,3DSC_MP,15.5,c_parent,±20-50%,S1_v3_2_2B_extension,,substructure_aggregate_median,4.2,0.1,,,,0.0,5000,H_below_validated_reduced_field,5.324105348641889,5.171003190830169,5.549941092791016,0.0064516129032258,
B2Mg0.7,conventional_AlB2,mp-763,,A1,37.2,3DSC_MP,15.5,c_parent,±20-50%,S1_v3_2_2B_extension,,substructure_aggregate_median,4.2,1.0,,,,0.0240609054339966,5000,H_below_validated_reduced_field,5.268327380528502,5.101108685649522,5.5019971542755925,0.064516129032258,
B2Mg0.7,conventional_AlB2,mp-763,,A1,37.2,3DSC_MP,15.5,c_parent,±20-50%,S1_v3_2_2B_extension,,substructure_aggregate_median,4.2,5.0,4.975786568906356,4.650674736719044,5.263524537620467,0.183667100173869,5000,,,,,,
B2Mg0.7,conventional_AlB2,mp-763,,A1,37.2,3DSC_MP,15.5,c_parent,±20-50%,S1_v3_2_2B_extension,,substructure_aggregate_median,20.0,0.1,,,,0.0,5000,H_below_validated_reduced_field,5.0116124556796775,4.755363753313919,5.326874815596508,0.0064516129032258,
B2Mg0.7,conventional_AlB2,mp-763,,A1,37.2,3DSC_MP,15.5,c_parent,±20-50%,S1_v3_2_2B_extension,,substructure_aggregate_median,20.0,1.0,,,,0.0243769330982459,5000,H_below_validated_reduced_field,4.953485218867891,4.678373784883734,5.278535519963048,0.064516129032258,
B2Mg0.7,conventional_AlB2,mp-763,,A1,37.2,3DSC_MP,15.5,c_parent,±20-50%,S1_v3_2_2B_extension,,substructure_aggregate_median,20.0,5.0,4.649643936123621,4.230701890805689,5.037533156675366,0.1918620567925995,5000,,,,,,
B2Mg0.7,conventional_AlB2,mp-763,,A1,37.2,3DSC_MP,15.5,c_parent,±20-50%,S1_v3_2_2B_extension,,substructure_aggregate_median,28.644,0.1,,,,0.0,5000,H_below_validated_reduced_field,4.647875429497821,4.213163562148937,5.167974774553075,0.0064516129032258,
B2Mg0.7,conventional_AlB2,mp-763,,A1,37.2,3DSC_MP,15.5,c_parent,±20-50%,S1_v3_2_2B_extension,,substructure_aggregate_median,28.644,1.0,,,,0.0228934824399233,5000,H_below_validated_reduced_field,4.594233620293483,4.14924788395157,5.118101733391432,0.064516129032258,
B2Mg0.7,conventional_AlB2,mp-763,,A1,37.2,3DSC_MP,15.5,c_parent,±20-50%,S1_v3_2_2B_extension,,substructure_aggregate_median,28.644,5.0,,,,0.1949080221619903,5000,T_above_validated_reduced_temperature,4.28995812147263,3.716176976384634,4.878831783828508,,0.7699999999999999
B2Mg0.8,conventional_AlB2,mp-763,,A1,38.0,3DSC_MP,15.5,c_parent,±20-50%,S1_v3_2_2B_extension,,substructure_aggregate_median,4.2,0.1,,,,0.0,5000,H_below_validated_reduced_field,5.324105348641889,5.1863788403346,5.559330705252185,0.0064516129032258,
B2Mg0.8,conventional_AlB2,mp-763,,A1,38.0,3DSC_MP,15.5,c_parent,±20-50%,S1_v3_2_2B_extension,,substructure_aggregate_median,4.2,1.0,,,,0.0245281612081988,5000,H_below_validated_reduced_field,5.267530764241894,5.104680266782216,5.503925174940459,0.064516129032258,
B2Mg0.8,conventional_AlB2,mp-763,,A1,38.0,3DSC_MP,15.5,c_parent,±20-50%,S1_v3_2_2B_extension,,substructure_aggregate_median,4.2,5.0,4.9763786985300005,4.655381392460561,5.256200524900183,0.1846908595008169,5000,,,,,,
B2Mg0.8,conventional_AlB2,mp-763,,A1,38.0,3DSC_MP,15.5,c_parent,±20-50%,S1_v3_2_2B_extension,,substructure_aggregate_median,20.0,0.1,,,,0.0,5000,H_below_validated_reduced_field,5.026466908536555,4.761897098699579,5.332404840631137,0.0064516129032258,
B2Mg0.8,conventional_AlB2,mp-763,,A1,38.0,3DSC_MP,15.5,c_parent,±20-50%,S1_v3_2_2B_extension,,substructure_aggregate_median,20.0,1.0,,,,0.0249479529095815,5000,H_below_validated_reduced_field,4.965641239407697,4.688722108492972,5.28741832425904,0.064516129032258,
B2Mg0.8,conventional_AlB2,mp-763,,A1,38.0,3DSC_MP,15.5,c_parent,±20-50%,S1_v3_2_2B_extension,,substructure_aggregate_median,20.0,5.0,4.662773202183519,4.252831482772901,5.054444030679216,0.1915951820831836,5000,,,,,,
B2Mg0.8,conventional_AlB2,mp-763,,A1,38.0,3DSC_MP,15.5,c_parent,±20-50%,S1_v3_2_2B_extension,,substructure_aggregate_median,29.26,0.1,,,,0.0,5000,H_below_validated_reduced_field,4.654693331195798,4.182540694299255,5.167387102255598,0.0064516129032258,
B2Mg0.8,conventional_AlB2,mp-763,,A1,38.0,3DSC_MP,15.5,c_parent,±20-50%,S1_v3_2_2B_extension,,substructure_aggregate_median,29.26,1.0,,,,0.0237514741442392,5000,H_below_validated_reduced_field,4.594422328015611,4.11364082076118,5.1195164898083245,0.064516129032258,
B2Mg0.8,conventional_AlB2,mp-763,,A1,38.0,3DSC_MP,15.5,c_parent,±20-50%,S1_v3_2_2B_extension,,substructure_aggregate_median,29.26,5.0,,,,0.1953919395469991,5000,T_above_validated_reduced_temperature,4.289883129041023,3.69188811523752,4.8859887856642885,,0.77
B2Mg0.85Na0.15,conventional_AlB2,mp-763,,A1,38.0,3DSC_MP,15.5,c_parent,±20-50%,S1_v3_2_2B_extension,,substructure_aggregate_median,4.2,0.1,,,,0.0,5000,H_below_validated_reduced_field,5.324105348641889,5.171003190830169,5.559330705252185,0.0064516129032258,
B2Mg0.85Na0.15,conventional_AlB2,mp-763,,A1,38.0,3DSC_MP,15.5,c_parent,±20-50%,S1_v3_2_2B_extension,,substructure_aggregate_median,4.2,1.0,,,,0.0254594645429984,5000,H_below_validated_reduced_field,5.271536162912187,5.102014001796972,5.514051031074279,0.064516129032258,
B2Mg0.85Na0.15,conventional_AlB2,mp-763,,A1,38.0,3DSC_MP,15.5,c_parent,±20-50%,S1_v3_2_2B_extension,,substructure_aggregate_median,4.2,5.0,4.980622895715926,4.661987392088656,5.281369895300264,0.1873965062378273,5000,,,,,,
B2Mg0.85Na0.15,conventional_AlB2,mp-763,,A1,38.0,3DSC_MP,15.5,c_parent,±20-50%,S1_v3_2_2B_extension,,substructure_aggregate_median,20.0,0.1,,,,0.0,5000,H_below_validated_reduced_field,5.026466908536555,4.763748431069105,5.333589740527749,0.0064516129032258,
B2Mg0.85Na0.15,conventional_AlB2,mp-763,,A1,38.0,3DSC_MP,15.5,c_parent,±20-50%,S1_v3_2_2B_extension,,substructure_aggregate_median,20.0,1.0,,,,0.0240101148045059,5000,H_below_validated_reduced_field,4.965451898692527,4.68845585379884,5.286399612491958,0.064516129032258,
B2Mg0.85Na0.15,conventional_AlB2,mp-763,,A1,38.0,3DSC_MP,15.5,c_parent,±20-50%,S1_v3_2_2B_extension,,substructure_aggregate_median,20.0,5.0,4.666940334454952,4.250949638562985,5.049479221052403,0.1897551240167772,5000,,,,,,
B2Mg0.85Na0.15,conventional_AlB2,mp-763,,A1,38.0,3DSC_MP,15.5,c_parent,±20-50%,S1_v3_2_2B_extension,,substructure_aggregate_median,29.26,0.1,,,,0.0,5000,H_below_validated_reduced_field,4.654693331195798,4.206632952763108,5.167387102255598,0.0064516129032258,
B2Mg0.85Na0.15,conventional_AlB2,mp-763,,A1,38.0,3DSC_MP,15.5,c_parent,±20-50%,S1_v3_2_2B_extension,,substructure_aggregate_median,29.26,1.0,,,,0.0235928016887845,5000,H_below_validated_reduced_field,4.596519320204221,4.145180291897795,5.122124709211025,0.064516129032258,
B2Mg0.85Na0.15,conventional_AlB2,mp-763,,A1,38.0,3DSC_MP,15.5,c_parent,±20-50%,S1_v3_2_2B_extension,,substructure_aggregate_median,29.26,5.0,,,,0.1934258624869027,5000,T_above_validated_reduced_temperature,4.292113598084553,3.6993927024167297,4.889041966090957,,0.77
B2Mg0.88Sc0.12,conventional_AlB2,mp-763,,A1,30.0,3DSC_MP,15.5,c_parent,±20-50%,S1_v3_2_2B_extension,,substructure_aggregate_median,4.2,0.1,,,,0.0,5000,H_below_validated_reduced_field,5.324105348641889,5.171003190830169,5.549941092791016,0.0064516129032258,
B2Mg0.88Sc0.12,conventional_AlB2,mp-763,,A1,30.0,3DSC_MP,15.5,c_parent,±20-50%,S1_v3_2_2B_extension,,substructure_aggregate_median,4.2,1.0,,,,0.0239948834593759,5000,H_below_validated_reduced_field,5.269431390263902,5.103264623835246,5.49742842127224,0.064516129032258,
B2Mg0.88Sc0.12,conventional_AlB2,mp-763,,A1,30.0,3DSC_MP,15.5,c_parent,±20-50%,S1_v3_2_2B_extension,,substructure_aggregate_median,4.2,5.0,4.97994781687558,4.661588655142967,5.256005809880491,0.1872530965107932,5000,,,,,,
B2Mg0.88Sc0.12,conventional_AlB2,mp-763,,A1,30.0,3DSC_MP,15.5,c_parent,±20-50%,S1_v3_2_2B_extension,,substructure_aggregate_median,20.0,0.1,,,,0.0,5000,H_below_validated_reduced_field,4.865033191629284,4.539108901238627,5.260113294275617,0.0064516129032258,
B2Mg0.88Sc0.12,conventional_AlB2,mp-763,,A1,30.0,3DSC_MP,15.5,c_parent,±20-50%,S1_v3_2_2B_extension,,substructure_aggregate_median,20.0,1.0,,,,0.0254133541113414,5000,H_below_validated_reduced_field,4.806023159808983,4.461246535820269,5.212101437606637,0.064516129032258,
B2Mg0.88Sc0.12,conventional_AlB2,mp-763,,A1,30.0,3DSC_MP,15.5,c_parent,±20-50%,S1_v3_2_2B_extension,,substructure_aggregate_median,20.0,5.0,4.498412561559615,4.008590244638538,4.97323835734379,0.1895185248387969,5000,,,,,,
B2Mg0.88Sc0.12,conventional_AlB2,mp-763,,A1,30.0,3DSC_MP,15.5,c_parent,±20-50%,S1_v3_2_2B_extension,,substructure_aggregate_median,23.1,0.1,,,,0.0,5000,H_below_validated_reduced_field,4.6632288601483225,4.233174739179399,5.180910872931012,0.0064516129032258,
B2Mg0.88Sc0.12,conventional_AlB2,mp-763,,A1,30.0,3DSC_MP,15.5,c_parent,±20-50%,S1_v3_2_2B_extension,,substructure_aggregate_median,23.1,1.0,,,,0.0234766677686435,5000,H_below_validated_reduced_field,4.608617117530723,4.156532961635767,5.133569211189479,0.064516129032258,
B2Mg0.88Sc0.12,conventional_AlB2,mp-763,,A1,30.0,3DSC_MP,15.5,c_parent,±20-50%,S1_v3_2_2B_extension,,substructure_aggregate_median,23.1,5.0,,,,0.1928761036429884,5000,T_above_validated_reduced_temperature,4.307977642362785,3.722123291272746,4.89255200189812,,0.77
B2Mg0.8Na0.2,conventional_AlB2,mp-763,,A1,38.0,3DSC_MP,15.5,c_parent,±20-50%,S1_v3_2_2B_extension,,substructure_aggregate_median,4.2,0.1,,,,0.0,5000,H_below_validated_reduced_field,5.324105348641889,5.1863788403346,5.559330705252185,0.0064516129032258,
B2Mg0.8Na0.2,conventional_AlB2,mp-763,,A1,38.0,3DSC_MP,15.5,c_parent,±20-50%,S1_v3_2_2B_extension,,substructure_aggregate_median,4.2,1.0,,,,0.0242854990762557,5000,H_below_validated_reduced_field,5.270028908317437,5.106267801025989,5.508722502399244,0.064516129032258,
B2Mg0.8Na0.2,conventional_AlB2,mp-763,,A1,38.0,3DSC_MP,15.5,c_parent,±20-50%,S1_v3_2_2B_extension,,substructure_aggregate_median,4.2,5.0,4.982438512590459,4.667268958449525,5.264408696891235,0.185451602314405,5000,,,,,,
B2Mg0.8Na0.2,conventional_AlB2,mp-763,,A1,38.0,3DSC_MP,15.5,c_parent,±20-50%,S1_v3_2_2B_extension,,substructure_aggregate_median,20.0,0.1,,,,0.0,5000,H_below_validated_reduced_field,5.026749249273116,4.761897098699579,5.340312654016243,0.0064516129032258,
B2Mg0.8Na0.2,conventional_AlB2,mp-763,,A1,38.0,3DSC_MP,15.5,c_parent,±20-50%,S1_v3_2_2B_extension,,substructure_aggregate_median,20.0,1.0,,,,0.0237389336221527,5000,H_below_validated_reduced_field,4.971266296440821,4.693646719449889,5.291186250239364,0.064516129032258,
B2Mg0.8Na0.2,conventional_AlB2,mp-763,,A1,38.0,3DSC_MP,15.5,c_parent,±20-50%,S1_v3_2_2B_extension,,substructure_aggregate_median,20.0,5.0,4.672344514448999,4.252709462346629,5.057494048174894,0.1919623013033309,5000,,,,,,
B2Mg0.8Na0.2,conventional_AlB2,mp-763,,A1,38.0,3DSC_MP,15.5,c_parent,±20-50%,S1_v3_2_2B_extension,,substructure_aggregate_median,29.26,0.1,,,,0.0,5000,H_below_validated_reduced_field,4.654693331195798,4.143646988132608,5.179839383864978,0.0064516129032258,
B2Mg0.8Na0.2,conventional_AlB2,mp-763,,A1,38.0,3DSC_MP,15.5,c_parent,±20-50%,S1_v3_2_2B_extension,,substructure_aggregate_median,29.26,1.0,,,,0.0258361249983538,5000,H_below_validated_reduced_field,4.603316426020416,4.073287419813854,5.133021399810124,0.064516129032258,
B2Mg0.8Na0.2,conventional_AlB2,mp-763,,A1,38.0,3DSC_MP,15.5,c_parent,±20-50%,S1_v3_2_2B_extension,,substructure_aggregate_median,29.26,5.0,,,,0.1920286024339708,5000,T_above_validated_reduced_temperature,4.297641446671697,3.664213391985665,4.894509207824125,,0.77
B2Mg0.8Ti0.2,conventional_AlB2,mp-763,,A1,37.8,3DSC_MP,15.5,c_parent,±20-50%,S1_v3_2_2B_extension,,substructure_aggregate_median,4.2,0.1,,,,0.0,5000,H_below_validated_reduced_field,5.324105348641889,5.171003190830169,5.559330705252185,0.0064516129032258,
B2Mg0.8Ti0.2,conventional_AlB2,mp-763,,A1,37.8,3DSC_MP,15.5,c_parent,±20-50%,S1_v3_2_2B_extension,,substructure_aggregate_median,4.2,1.0,,,,0.0241882717625721,5000,H_below_validated_reduced_field,5.268327380528502,5.103264623835246,5.509835033152891,0.064516129032258,
B2Mg0.8Ti0.2,conventional_AlB2,mp-763,,A1,37.8,3DSC_MP,15.5,c_parent,±20-50%,S1_v3_2_2B_extension,,substructure_aggregate_median,4.2,5.0,4.978316363949361,4.655381392460561,5.2695499930366685,0.1864077165464328,5000,,,,,,
B2Mg0.8Ti0.2,conventional_AlB2,mp-763,,A1,37.8,3DSC_MP,15.5,c_parent,±20-50%,S1_v3_2_2B_extension,,substructure_aggregate_median,20.0,0.1,,,,0.0,5000,H_below_validated_reduced_field,5.015970574891363,4.752444231095849,5.331057998991564,0.0064516129032258,
B2Mg0.8Ti0.2,conventional_AlB2,mp-763,,A1,37.8,3DSC_MP,15.5,c_parent,±20-50%,S1_v3_2_2B_extension,,substructure_aggregate_median,20.0,1.0,,,,0.023597448468231,5000,H_below_validated_reduced_field,4.9601926067779765,4.67593749381297,5.2813829171473365,0.064516129032258,
B2Mg0.8Ti0.2,conventional_AlB2,mp-763,,A1,37.8,3DSC_MP,15.5,c_parent,±20-50%,S1_v3_2_2B_extension,,substructure_aggregate_median,20.0,5.0,4.65724995526202,4.241939930047176,5.043373797235041,0.1930800249381228,5000,,,,,,
B2Mg0.8Ti0.2,conventional_AlB2,mp-763,,A1,37.8,3DSC_MP,15.5,c_parent,±20-50%,S1_v3_2_2B_extension,,substructure_aggregate_median,29.106,0.1,,,,0.0,5000,H_below_validated_reduced_field,4.641738294362475,4.135153372619229,5.156217769426336,0.0064516129032258,
B2Mg0.8Ti0.2,conventional_AlB2,mp-763,,A1,37.8,3DSC_MP,15.5,c_parent,±20-50%,S1_v3_2_2B_extension,,substructure_aggregate_median,29.106,1.0,,,,0.0253758654078781,5000,H_below_validated_reduced_field,4.58837633323636,4.056741763766488,5.112136701911587,0.064516129032258,
B2Mg0.8Ti0.2,conventional_AlB2,mp-763,,A1,37.8,3DSC_MP,15.5,c_parent,±20-50%,S1_v3_2_2B_extension,,substructure_aggregate_median,29.106,5.0,,,,0.1958834364987822,5000,T_above_validated_reduced_temperature,4.283516044719105,3.653079491529705,4.879031226401078,,0.7700000000000001
B2Mg0.8Zn0.2,conventional_AlB2,mp-763,,A1,38.4,3DSC_MP,15.5,c_parent,±20-50%,S1_v3_2_2B_extension,,substructure_aggregate_median,4.2,0.1,,,,0.0,5000,H_below_validated_reduced_field,5.324105348641889,5.171003190830169,5.559330705252185,0.0064516129032258,
B2Mg0.8Zn0.2,conventional_AlB2,mp-763,,A1,38.4,3DSC_MP,15.5,c_parent,±20-50%,S1_v3_2_2B_extension,,substructure_aggregate_median,4.2,1.0,,,,0.0242485749384933,5000,H_below_validated_reduced_field,5.269431390263902,5.100255715353666,5.511386766736761,0.064516129032258,
B2Mg0.8Zn0.2,conventional_AlB2,mp-763,,A1,38.4,3DSC_MP,15.5,c_parent,±20-50%,S1_v3_2_2B_extension,,substructure_aggregate_median,4.2,5.0,4.979293136460466,4.65144417426048,5.277109775462534,0.1861841142335327,5000,,,,,,
B2Mg0.8Zn0.2,conventional_AlB2,mp-763,,A1,38.4,3DSC_MP,15.5,c_parent,±20-50%,S1_v3_2_2B_extension,,substructure_aggregate_median,20.0,0.1,,,,0.0,5000,H_below_validated_reduced_field,5.03180445229941,4.766457003538389,5.337687964412662,0.0064516129032258,
B2Mg0.8Zn0.2,conventional_AlB2,mp-763,,A1,38.4,3DSC_MP,15.5,c_parent,±20-50%,S1_v3_2_2B_extension,,substructure_aggregate_median,20.0,1.0,,,,0.0251045870601087,5000,H_below_validated_reduced_field,4.973809514200352,4.6950053169842505,5.290785852724491,0.064516129032258,
B2Mg0.8Zn0.2,conventional_AlB2,mp-763,,A1,38.4,3DSC_MP,15.5,c_parent,±20-50%,S1_v3_2_2B_extension,,substructure_aggregate_median,20.0,5.0,4.672638014245708,4.264205189966508,5.056947973644989,0.1905431016703449,5000,,,,,,
B2Mg0.8Zn0.2,conventional_AlB2,mp-763,,A1,38.4,3DSC_MP,15.5,c_parent,±20-50%,S1_v3_2_2B_extension,,substructure_aggregate_median,29.568,0.1,,,,0.0,5000,H_below_validated_reduced_field,4.652370535405649,4.133191536525202,5.167103012811404,0.0064516129032258,
B2Mg0.8Zn0.2,conventional_AlB2,mp-763,,A1,38.4,3DSC_MP,15.5,c_parent,±20-50%,S1_v3_2_2B_extension,,substructure_aggregate_median,29.568,1.0,,,,0.0238174529156527,5000,H_below_validated_reduced_field,4.590763625272837,4.0624687549314,5.122124915130268,0.064516129032258,
B2Mg0.8Zn0.2,conventional_AlB2,mp-763,,A1,38.4,3DSC_MP,15.5,c_parent,±20-50%,S1_v3_2_2B_extension,,substructure_aggregate_median,29.568,5.0,,,,0.1917041239754864,5000,T_above_validated_reduced_temperature,4.291835331279054,3.64255305405502,4.888362351210834,,0.77
B2Mg0.8Zr0.2,conventional_AlB2,mp-763,,A1,37.3,3DSC_MP,15.5,c_parent,±20-50%,S1_v3_2_2B_extension,,substructure_aggregate_median,4.2,0.1,,,,0.0,5000,H_below_validated_reduced_field,5.324105348641889,5.1863788403346,5.559330705252185,0.0064516129032258,
B2Mg0.8Zr0.2,conventional_AlB2,mp-763,,A1,37.3,3DSC_MP,15.5,c_parent,±20-50%,S1_v3_2_2B_extension,,substructure_aggregate_median,4.2,1.0,,,,0.0256884279206275,5000,H_below_validated_reduced_field,5.270332134786623,5.104763346785199,5.504780351850702,0.064516129032258,
B2Mg0.8Zr0.2,conventional_AlB2,mp-763,,A1,37.3,3DSC_MP,15.5,c_parent,±20-50%,S1_v3_2_2B_extension,,substructure_aggregate_median,4.2,5.0,4.9763786985300005,4.663736149189468,5.264408696891235,0.1874987497798983,5000,,,,,,
B2Mg0.8Zr0.2,conventional_AlB2,mp-763,,A1,37.3,3DSC_MP,15.5,c_parent,±20-50%,S1_v3_2_2B_extension,,substructure_aggregate_median,20.0,0.1,,,,0.0,5000,H_below_validated_reduced_field,5.017475462598519,4.749731005457174,5.336976957636069,0.0064516129032258,
B2Mg0.8Zr0.2,conventional_AlB2,mp-763,,A1,37.3,3DSC_MP,15.5,c_parent,±20-50%,S1_v3_2_2B_extension,,substructure_aggregate_median,20.0,1.0,,,,0.0247193429441532,5000,H_below_validated_reduced_field,4.956938597711241,4.672623143339306,5.291711683063687,0.064516129032258,
B2Mg0.8Zr0.2,conventional_AlB2,mp-763,,A1,37.3,3DSC_MP,15.5,c_parent,±20-50%,S1_v3_2_2B_extension,,substructure_aggregate_median,20.0,5.0,4.653793545787053,4.236941551597422,5.0590461205694695,0.1906171803037715,5000,,,,,,
B2Mg0.8Zr0.2,conventional_AlB2,mp-763,,A1,37.3,3DSC_MP,15.5,c_parent,±20-50%,S1_v3_2_2B_extension,,substructure_aggregate_median,28.721,0.1,,,,0.0,5000,H_below_validated_reduced_field,4.65584882773663,4.136839505295447,5.188475595904543,0.0064516129032258,
B2Mg0.8Zr0.2,conventional_AlB2,mp-763,,A1,37.3,3DSC_MP,15.5,c_parent,±20-50%,S1_v3_2_2B_extension,,substructure_aggregate_median,28.721,1.0,,,,0.024750133120821,5000,H_below_validated_reduced_field,4.597842180558687,4.059725540572579,5.1428979562204855,0.064516129032258,
B2Mg0.8Zr0.2,conventional_AlB2,mp-763,,A1,37.3,3DSC_MP,15.5,c_parent,±20-50%,S1_v3_2_2B_extension,,substructure_aggregate_median,28.721,5.0,,,,0.1940183135199484,5000,T_above_validated_reduced_temperature,4.290785337500625,3.665183425946623,4.902107424375486,,0.77
B2Mg0.9,conventional_AlB2,mp-763,,A1,38.2,3DSC_MP,15.5,c_parent,±20-50%,S1_v3_2_2B_extension,,substructure_aggregate_median,4.2,0.1,,,,0.0,5000,H_below_validated_reduced_field,5.324105348641889,5.1863788403346,5.559330705252185,0.0064516129032258,
B2Mg0.9,conventional_AlB2,mp-763,,A1,38.2,3DSC_MP,15.5,c_parent,±20-50%,S1_v3_2_2B_extension,,substructure_aggregate_median,4.2,1.0,,,,0.0241882717625721,5000,H_below_validated_reduced_field,5.2686158730947685,5.103264623835246,5.506751427124972,0.064516129032258,
B2Mg0.9,conventional_AlB2,mp-763,,A1,38.2,3DSC_MP,15.5,c_parent,±20-50%,S1_v3_2_2B_extension,,substructure_aggregate_median,4.2,5.0,4.9763786985300005,4.662443950924451,5.266125829250766,0.1833122717341524,5000,,,,,,
B2Mg0.9,conventional_AlB2,mp-763,,A1,38.2,3DSC_MP,15.5,c_parent,±20-50%,S1_v3_2_2B_extension,,substructure_aggregate_median,20.0,0.1,,,,0.0,5000,H_below_validated_reduced_field,5.02878124948441,4.751565419241546,5.336575812377657,0.0064516129032258,
B2Mg0.9,conventional_AlB2,mp-763,,A1,38.2,3DSC_MP,15.5,c_parent,±20-50%,S1_v3_2_2B_extension,,substructure_aggregate_median,20.0,1.0,,,,0.0247718285374327,5000,H_below_validated_reduced_field,4.968078062239023,4.676979626426036,5.291959347835899,0.064516129032258,
B2Mg0.9,conventional_AlB2,mp-763,,A1,38.2,3DSC_MP,15.5,c_parent,±20-50%,S1_v3_2_2B_extension,,substructure_aggregate_median,20.0,5.0,4.667080380002548,4.235892999204609,5.065157743912266,0.189717250594839,5000,,,,,,
B2Mg0.9,conventional_AlB2,mp-763,,A1,38.2,3DSC_MP,15.5,c_parent,±20-50%,S1_v3_2_2B_extension,,substructure_aggregate_median,29.414,0.1,,,,0.0,5000,H_below_validated_reduced_field,4.646229203372878,4.103872852435984,5.176633880371198,0.0064516129032258,
B2Mg0.9,conventional_AlB2,mp-763,,A1,38.2,3DSC_MP,15.5,c_parent,±20-50%,S1_v3_2_2B_extension,,substructure_aggregate_median,29.414,1.0,,,,0.0232455756372216,5000,H_below_validated_reduced_field,4.590351692168521,4.029767327368167,5.130432473824904,0.064516129032258,
B2Mg0.9,conventional_AlB2,mp-763,,A1,38.2,3DSC_MP,15.5,c_parent,±20-50%,S1_v3_2_2B_extension,,substructure_aggregate_median,29.414,5.0,,,,0.1942180773637973,5000,T_above_validated_reduced_temperature,4.287850003732235,3.604649066347248,4.89771774199564,,0.77
B2Mg0.93Na0.07,conventional_AlB2,mp-763,,A1,38.0,3DSC_MP,15.5,c_parent,±20-50%,S1_v3_2_2B_extension,,substructure_aggregate_median,4.2,0.1,,,,0.0,5000,H_below_validated_reduced_field,5.324105348641889,5.171003190830169,5.559330705252185,0.0064516129032258,
B2Mg0.93Na0.07,conventional_AlB2,mp-763,,A1,38.0,3DSC_MP,15.5,c_parent,±20-50%,S1_v3_2_2B_extension,,substructure_aggregate_median,4.2,1.0,,,,0.023709514855291,5000,H_below_validated_reduced_field,5.269431390263902,5.103264623835246,5.503374888924745,0.064516129032258,
B2Mg0.93Na0.07,conventional_AlB2,mp-763,,A1,38.0,3DSC_MP,15.5,c_parent,±20-50%,S1_v3_2_2B_extension,,substructure_aggregate_median,4.2,5.0,4.979161227585859,4.661953624195636,5.25523158707558,0.1864933408724089,5000,,,,,,
B2Mg0.93Na0.07,conventional_AlB2,mp-763,,A1,38.0,3DSC_MP,15.5,c_parent,±20-50%,S1_v3_2_2B_extension,,substructure_aggregate_median,20.0,0.1,,,,0.0,5000,H_below_validated_reduced_field,5.026608078904836,4.761897098699579,5.331723005641765,0.0064516129032258,
B2Mg0.93Na0.07,conventional_AlB2,mp-763,,A1,38.0,3DSC_MP,15.5,c_parent,±20-50%,S1_v3_2_2B_extension,,substructure_aggregate_median,20.0,1.0,,,,0.0247716908960766,5000,H_below_validated_reduced_field,4.967876737299485,4.692869921261678,5.282888402271863,0.064516129032258,
B2Mg0.93Na0.07,conventional_AlB2,mp-763,,A1,38.0,3DSC_MP,15.5,c_parent,±20-50%,S1_v3_2_2B_extension,,substructure_aggregate_median,20.0,5.0,4.664628856454998,4.262312666220332,5.0444609912685126,0.1914851585363273,5000,,,,,,
B2Mg0.93Na0.07,conventional_AlB2,mp-763,,A1,38.0,3DSC_MP,15.5,c_parent,±20-50%,S1_v3_2_2B_extension,,substructure_aggregate_median,29.26,0.1,,,,0.0,5000,H_below_validated_reduced_field,4.654693331195798,4.2548163778743895,5.1674424826563765,0.0064516129032258,
B2Mg0.93Na0.07,conventional_AlB2,mp-763,,A1,38.0,3DSC_MP,15.5,c_parent,±20-50%,S1_v3_2_2B_extension,,substructure_aggregate_median,29.26,1.0,,,,0.0242854990762557,5000,H_below_validated_reduced_field,4.600367115352349,4.179871036600167,5.121204812681421,0.064516129032258,
B2Mg0.93Na0.07,conventional_AlB2,mp-763,,A1,38.0,3DSC_MP,15.5,c_parent,±20-50%,S1_v3_2_2B_extension,,substructure_aggregate_median,29.26,5.0,,,,0.1956271380568575,5000,T_above_validated_reduced_temperature,4.294741695228117,3.7129066805104527,4.886001084595502,,0.77
B2Mg0.94Pb0.06,conventional_AlB2,mp-763,,A1,35.0,3DSC_MP,15.5,c_parent,±20-50%,S1_v3_2_2B_extension,,substructure_aggregate_median,4.2,0.1,,,,0.0,5000,H_below_validated_reduced_field,5.324105348641889,5.171003190830169,5.559330705252185,0.0064516129032258,
B2Mg0.94Pb0.06,conventional_AlB2,mp-763,,A1,35.0,3DSC_MP,15.5,c_parent,±20-50%,S1_v3_2_2B_extension,,substructure_aggregate_median,4.2,1.0,,,,0.024182212884054,5000,H_below_validated_reduced_field,5.269431390263902,5.104644875708542,5.506419869771421,0.064516129032258,
B2Mg0.94Pb0.06,conventional_AlB2,mp-763,,A1,35.0,3DSC_MP,15.5,c_parent,±20-50%,S1_v3_2_2B_extension,,substructure_aggregate_median,4.2,5.0,4.979161227585859,4.668679476764152,5.26082830090082,0.183295322848763,5000,,,,,,
B2Mg0.94Pb0.06,conventional_AlB2,mp-763,,A1,35.0,3DSC_MP,15.5,c_parent,±20-50%,S1_v3_2_2B_extension,,substructure_aggregate_median,20.0,0.1,,,,0.0,5000,H_below_validated_reduced_field,4.978161426875234,4.696851264918469,5.309426302020235,0.0064516129032258,
B2Mg0.94Pb0.06,conventional_AlB2,mp-763,,A1,35.0,3DSC_MP,15.5,c_parent,±20-50%,S1_v3_2_2B_extension,,substructure_aggregate_median,20.0,1.0,,,,0.0246203553537336,5000,H_below_validated_reduced_field,4.921105358869106,4.623756104644968,5.266139382051435,0.064516129032258,
B2Mg0.94Pb0.06,conventional_AlB2,mp-763,,A1,35.0,3DSC_MP,15.5,c_parent,±20-50%,S1_v3_2_2B_extension,,substructure_aggregate_median,20.0,5.0,4.616897191075199,4.184260509988695,5.031195943062062,0.1909056807596112,5000,,,,,,
B2Mg0.94Pb0.06,conventional_AlB2,mp-763,,A1,35.0,3DSC_MP,15.5,c_parent,±20-50%,S1_v3_2_2B_extension,,substructure_aggregate_median,26.95,0.1,,,,0.0,5000,H_below_validated_reduced_field,4.649468647823672,4.135868776664697,5.169738811361065,0.0064516129032258,
B2Mg0.94Pb0.06,conventional_AlB2,mp-763,,A1,35.0,3DSC_MP,15.5,c_parent,±20-50%,S1_v3_2_2B_extension,,substructure_aggregate_median,26.95,1.0,,,,0.024727883463818,5000,H_below_validated_reduced_field,4.59395977333011,4.062718767675607,5.130939634300123,0.064516129032258,
B2Mg0.94Pb0.06,conventional_AlB2,mp-763,,A1,35.0,3DSC_MP,15.5,c_parent,±20-50%,S1_v3_2_2B_extension,,substructure_aggregate_median,26.95,5.0,,,,0.1945785544320655,5000,T_above_validated_reduced_temperature,4.292547402463385,3.6473918420049256,4.900637995844743,,0.77
B2Mg0.95Mn0.05,conventional_AlB2,mp-763,,A1,30.0,3DSC_MP,15.5,c_parent,±20-50%,S1_v3_2_2B_extension,,substructure_aggregate_median,4.2,0.1,,,,0.0,5000,H_below_validated_reduced_field,5.324105348641889,5.171003190830169,5.559330705252185,0.0064516129032258,
B2Mg0.95Mn0.05,conventional_AlB2,mp-763,,A1,30.0,3DSC_MP,15.5,c_parent,±20-50%,S1_v3_2_2B_extension,,substructure_aggregate_median,4.2,1.0,,,,0.0255897847942963,5000,H_below_validated_reduced_field,5.270332134786623,5.102598161437979,5.508175347598792,0.064516129032258,
B2Mg0.95Mn0.05,conventional_AlB2,mp-763,,A1,30.0,3DSC_MP,15.5,c_parent,±20-50%,S1_v3_2_2B_extension,,substructure_aggregate_median,4.2,5.0,4.975326348157319,4.655381392460561,5.264408696891235,0.1867679944557139,5000,,,,,,
B2Mg0.95Mn0.05,conventional_AlB2,mp-763,,A1,30.0,3DSC_MP,15.5,c_parent,±20-50%,S1_v3_2_2B_extension,,substructure_aggregate_median,20.0,0.1,,,,0.0,5000,H_below_validated_reduced_field,4.867415301257425,4.5208688446262,5.260113294275617,0.0064516129032258,
B2Mg0.95Mn0.05,conventional_AlB2,mp-763,,A1,30.0,3DSC_MP,15.5,c_parent,±20-50%,S1_v3_2_2B_extension,,substructure_aggregate_median,20.0,1.0,,,,0.0257614362121598,5000,H_below_validated_reduced_field,4.807142207507582,4.451252256988673,5.213273126319256,0.064516129032258,
B2Mg0.95Mn0.05,conventional_AlB2,mp-763,,A1,30.0,3DSC_MP,15.5,c_parent,±20-50%,S1_v3_2_2B_extension,,substructure_aggregate_median,20.0,5.0,4.496846241616439,3.988664022454893,4.980752839502702,0.1919743514834024,5000,,,,,,
B2Mg0.95Mn0.05,conventional_AlB2,mp-763,,A1,30.0,3DSC_MP,15.5,c_parent,±20-50%,S1_v3_2_2B_extension,,substructure_aggregate_median,23.1,0.1,,,,0.0,5000,H_below_validated_reduced_field,4.671371105024039,4.177527858093611,5.189002290544084,0.0064516129032258,
B2Mg0.95Mn0.05,conventional_AlB2,mp-763,,A1,30.0,3DSC_MP,15.5,c_parent,±20-50%,S1_v3_2_2B_extension,,substructure_aggregate_median,23.1,1.0,,,,0.0234724246390625,5000,H_below_validated_reduced_field,4.609355179377871,4.101617891381736,5.138865997909835,0.064516129032258,
B2Mg0.95Mn0.05,conventional_AlB2,mp-763,,A1,30.0,3DSC_MP,15.5,c_parent,±20-50%,S1_v3_2_2B_extension,,substructure_aggregate_median,23.1,5.0,,,,0.192425457671348,5000,T_above_validated_reduced_temperature,4.308269574914121,3.688315222279492,4.896786294738631,,0.77
B2Mg0.95Ti0.05,conventional_AlB2,mp-763,,A1,38.5,3DSC_MP,15.5,c_parent,±20-50%,S1_v3_2_2B_extension,,substructure_aggregate_median,4.2,0.1,,,,0.0,5000,H_below_validated_reduced_field,5.324105348641889,5.171003190830169,5.559330705252185,0.0064516129032258,
B2Mg0.95Ti0.05,conventional_AlB2,mp-763,,A1,38.5,3DSC_MP,15.5,c_parent,±20-50%,S1_v3_2_2B_extension,,substructure_aggregate_median,4.2,1.0,,,,0.0246039074375712,5000,H_below_validated_reduced_field,5.270126875332979,5.101961655945378,5.506419869771421,0.064516129032258,
B2Mg0.95Ti0.05,conventional_AlB2,mp-763,,A1,38.5,3DSC_MP,15.5,c_parent,±20-50%,S1_v3_2_2B_extension,,substructure_aggregate_median,4.2,5.0,4.980622895715926,4.6615651292183,5.266125829250766,0.1871757371680367,5000,,,,,,
B2Mg0.95Ti0.05,conventional_AlB2,mp-763,,A1,38.5,3DSC_MP,15.5,c_parent,±20-50%,S1_v3_2_2B_extension,,substructure_aggregate_median,20.0,0.1,,,,0.0,5000,H_below_validated_reduced_field,5.033041943342514,4.764549334356147,5.335673734573872,0.0064516129032258,
B2Mg0.95Ti0.05,conventional_AlB2,mp-763,,A1,38.5,3DSC_MP,15.5,c_parent,±20-50%,S1_v3_2_2B_extension,,substructure_aggregate_median,20.0,1.0,,,,0.024938406117287,5000,H_below_validated_reduced_field,4.977506514614178,4.691624858272867,5.2860096387762345,0.064516129032258,
B2Mg0.95Ti0.05,conventional_AlB2,mp-763,,A1,38.5,3DSC_MP,15.5,c_parent,±20-50%,S1_v3_2_2B_extension,,substructure_aggregate_median,20.0,5.0,4.676702099177096,4.251965515630052,5.047934078230269,0.1910495857103873,5000,,,,,,
B2Mg0.95Ti0.05,conventional_AlB2,mp-763,,A1,38.5,3DSC_MP,15.5,c_parent,±20-50%,S1_v3_2_2B_extension,,substructure_aggregate_median,29.645,0.1,,,,0.0,5000,H_below_validated_reduced_field,4.653895278344464,4.188379579561176,5.167032969308389,0.0064516129032258,
B2Mg0.95Ti0.05,conventional_AlB2,mp-763,,A1,38.5,3DSC_MP,15.5,c_parent,±20-50%,S1_v3_2_2B_extension,,substructure_aggregate_median,29.645,1.0,,,,0.0236407038367127,5000,H_below_validated_reduced_field,4.604640241591297,4.115288883418305,5.116701056774952,0.064516129032258,
B2Mg0.95Ti0.05,conventional_AlB2,mp-763,,A1,38.5,3DSC_MP,15.5,c_parent,±20-50%,S1_v3_2_2B_extension,,substructure_aggregate_median,29.645,5.0,,,,0.1930442487353909,5000,T_above_validated_reduced_temperature,4.297830920829364,3.6915947310408552,4.882600515036345,,0.77
B2Mg0.95Zn0.05,conventional_AlB2,mp-763,,A1,38.3,3DSC_MP,15.5,c_parent,±20-50%,S1_v3_2_2B_extension,,substructure_aggregate_median,4.2,0.1,,,,0.0,5000,H_below_validated_reduced_field,5.324105348641889,5.1863788403346,5.559330705252185,0.0064516129032258,
B2Mg0.95Zn0.05,conventional_AlB2,mp-763,,A1,38.3,3DSC_MP,15.5,c_parent,±20-50%,S1_v3_2_2B_extension,,substructure_aggregate_median,4.2,1.0,,,,0.0254594645429984,5000,H_below_validated_reduced_field,5.270967928035513,5.10734653176746,5.506751427124972,0.064516129032258,
B2Mg0.95Zn0.05,conventional_AlB2,mp-763,,A1,38.3,3DSC_MP,15.5,c_parent,±20-50%,S1_v3_2_2B_extension,,substructure_aggregate_median,4.2,5.0,4.980622895715926,4.672972787680751,5.265395422341659,0.185158858444387,5000,,,,,,
B2Mg0.95Zn0.05,conventional_AlB2,mp-763,,A1,38.3,3DSC_MP,15.5,c_parent,±20-50%,S1_v3_2_2B_extension,,substructure_aggregate_median,20.0,0.1,,,,0.0,5000,H_below_validated_reduced_field,5.029923837264707,4.774123744253612,5.343772261073245,0.0064516129032258,
B2Mg0.95Zn0.05,conventional_AlB2,mp-763,,A1,38.3,3DSC_MP,15.5,c_parent,±20-50%,S1_v3_2_2B_extension,,substructure_aggregate_median,20.0,1.0,,,,0.0244018146542552,5000,H_below_validated_reduced_field,4.969429285171991,4.700607937720736,5.293775852855576,0.064516129032258,
B2Mg0.95Zn0.05,conventional_AlB2,mp-763,,A1,38.3,3DSC_MP,15.5,c_parent,±20-50%,S1_v3_2_2B_extension,,substructure_aggregate_median,20.0,5.0,4.664354077018036,4.258328252902487,5.058742574743108,0.1897766551865416,5000,,,,,,
B2Mg0.95Zn0.05,conventional_AlB2,mp-763,,A1,38.3,3DSC_MP,15.5,c_parent,±20-50%,S1_v3_2_2B_extension,,substructure_aggregate_median,29.491,0.1,,,,0.0,5000,H_below_validated_reduced_field,4.64606960018882,4.203016257513983,5.187749191008888,0.0064516129032258,
B2Mg0.95Zn0.05,conventional_AlB2,mp-763,,A1,38.3,3DSC_MP,15.5,c_parent,±20-50%,S1_v3_2_2B_extension,,substructure_aggregate_median,29.491,1.0,,,,0.0247340224320868,5000,H_below_validated_reduced_field,4.590723816140634,4.122790890771963,5.141605317185912,0.064516129032258,
B2Mg0.95Zn0.05,conventional_AlB2,mp-763,,A1,38.3,3DSC_MP,15.5,c_parent,±20-50%,S1_v3_2_2B_extension,,substructure_aggregate_median,29.491,5.0,,,,0.1938278337355443,5000,T_above_validated_reduced_temperature,4.2871176715279855,3.696301505935108,4.902846574440259,,0.77
B2Mg0.95Zr0.05,conventional_AlB2,mp-763,,A1,37.7,3DSC_MP,15.5,c_parent,±20-50%,S1_v3_2_2B_extension,,substructure_aggregate_median,4.2,0.1,,,,0.0,5000,H_below_validated_reduced_field,5.324105348641889,5.1860283986298965,5.559330705252185,0.0064516129032258,
B2Mg0.95Zr0.05,conventional_AlB2,mp-763,,A1,37.7,3DSC_MP,15.5,c_parent,±20-50%,S1_v3_2_2B_extension,,substructure_aggregate_median,4.2,1.0,,,,0.0265836480729246,5000,H_below_validated_reduced_field,5.271544406272218,5.106267801025989,5.506625722502818,0.064516129032258,
B2Mg0.95Zr0.05,conventional_AlB2,mp-763,,A1,37.7,3DSC_MP,15.5,c_parent,±20-50%,S1_v3_2_2B_extension,,substructure_aggregate_median,4.2,5.0,4.98203849114956,4.664335733823777,5.264489202289058,0.1839067253986659,5000,,,,,,
B2Mg0.95Zr0.05,conventional_AlB2,mp-763,,A1,37.7,3DSC_MP,15.5,c_parent,±20-50%,S1_v3_2_2B_extension,,substructure_aggregate_median,20.0,0.1,,,,0.0,5000,H_below_validated_reduced_field,5.022843417316064,4.7567503190537215,5.330375860629099,0.0064516129032258,
B2Mg0.95Zr0.05,conventional_AlB2,mp-763,,A1,37.7,3DSC_MP,15.5,c_parent,±20-50%,S1_v3_2_2B_extension,,substructure_aggregate_median,20.0,1.0,,,,0.0251339760422721,5000,H_below_validated_reduced_field,4.963301546455627,4.682251861762111,5.283730065433531,0.064516129032258,
B2Mg0.95Zr0.05,conventional_AlB2,mp-763,,A1,37.7,3DSC_MP,15.5,c_parent,±20-50%,S1_v3_2_2B_extension,,substructure_aggregate_median,20.0,5.0,4.662692515385264,4.24913760748857,5.047423509138356,0.1896906499160078,5000,,,,,,
B2Mg0.95Zr0.05,conventional_AlB2,mp-763,,A1,37.7,3DSC_MP,15.5,c_parent,±20-50%,S1_v3_2_2B_extension,,substructure_aggregate_median,29.029000000000003,0.1,,,,0.0,5000,H_below_validated_reduced_field,4.655182960361492,4.144876409284809,5.181979742118704,0.0064516129032258,
B2Mg0.95Zr0.05,conventional_AlB2,mp-763,,A1,37.7,3DSC_MP,15.5,c_parent,±20-50%,S1_v3_2_2B_extension,,substructure_aggregate_median,29.029000000000003,1.0,,,,0.0225455068182283,5000,H_below_validated_reduced_field,4.5968780841025945,4.089249056616487,5.134646391702315,0.064516129032258,
B2Mg0.95Zr0.05,conventional_AlB2,mp-763,,A1,37.7,3DSC_MP,15.5,c_parent,±20-50%,S1_v3_2_2B_extension,,substructure_aggregate_median,29.029000000000003,5.0,,,,0.1939961291139731,5000,T_above_validated_reduced_temperature,4.291833106675737,3.67361513822249,4.898335746809147,,0.77
B2Mg0.96Mn0.04,conventional_AlB2,mp-763,,A1,32.3,3DSC_MP,15.5,c_parent,±20-50%,S1_v3_2_2B_extension,,substructure_aggregate_median,4.2,0.1,,,,0.0,5000,H_below_validated_reduced_field,5.324105348641889,5.171003190830169,5.559330705252185,0.0064516129032258,
B2Mg0.96Mn0.04,conventional_AlB2,mp-763,,A1,32.3,3DSC_MP,15.5,c_parent,±20-50%,S1_v3_2_2B_extension,,substructure_aggregate_median,4.2,1.0,,,,0.0245431492454608,5000,H_below_validated_reduced_field,5.272728443466507,5.103261402338787,5.508175347598792,0.064516129032258,
B2Mg0.96Mn0.04,conventional_AlB2,mp-763,,A1,32.3,3DSC_MP,15.5,c_parent,±20-50%,S1_v3_2_2B_extension,,substructure_aggregate_median,4.2,5.0,4.981675246088607,4.666190369578961,5.264489202289058,0.1857643549672651,5000,,,,,,
B2Mg0.96Mn0.04,conventional_AlB2,mp-763,,A1,32.3,3DSC_MP,15.5,c_parent,±20-50%,S1_v3_2_2B_extension,,substructure_aggregate_median,20.0,0.1,,,,0.0,5000,H_below_validated_reduced_field,4.927828212180584,4.619171141804865,5.282991481393401,0.0064516129032258,
B2Mg0.96Mn0.04,conventional_AlB2,mp-763,,A1,32.3,3DSC_MP,15.5,c_parent,±20-50%,S1_v3_2_2B_extension,,substructure_aggregate_median,20.0,1.0,,,,0.0241114261126256,5000,H_below_validated_reduced_field,4.867394118555021,4.546128514669693,5.23881891818853,0.064516129032258,
B2Mg0.96Mn0.04,conventional_AlB2,mp-763,,A1,32.3,3DSC_MP,15.5,c_parent,±20-50%,S1_v3_2_2B_extension,,substructure_aggregate_median,20.0,5.0,4.561516645761541,4.093506362360555,5.0013544482373335,0.1905356112100991,5000,,,,,,
B2Mg0.96Mn0.04,conventional_AlB2,mp-763,,A1,32.3,3DSC_MP,15.5,c_parent,±20-50%,S1_v3_2_2B_extension,,substructure_aggregate_median,24.871,0.1,,,,0.0,5000,H_below_validated_reduced_field,4.6575247250824265,4.177791644260573,5.1798196555284886,0.0064516129032258,
B2Mg0.96Mn0.04,conventional_AlB2,mp-763,,A1,32.3,3DSC_MP,15.5,c_parent,±20-50%,S1_v3_2_2B_extension,,substructure_aggregate_median,24.871,1.0,,,,0.0235511026912895,5000,H_below_validated_reduced_field,4.60217894103424,4.117121176582799,5.132847049402193,0.064516129032258,
B2Mg0.96Mn0.04,conventional_AlB2,mp-763,,A1,32.3,3DSC_MP,15.5,c_parent,±20-50%,S1_v3_2_2B_extension,,substructure_aggregate_median,24.871,5.0,,,,0.1926875790498385,5000,T_above_validated_reduced_temperature,4.301607466765439,3.686851524477543,4.891528008004527,,0.77
B2Mg0.97Na0.03,conventional_AlB2,mp-763,,A1,38.0,3DSC_MP,15.5,c_parent,±20-50%,S1_v3_2_2B_extension,,substructure_aggregate_median,4.2,0.1,,,,0.0,5000,H_below_validated_reduced_field,5.324105348641889,5.1863788403346,5.559330705252185,0.0064516129032258,
B2Mg0.97Na0.03,conventional_AlB2,mp-763,,A1,38.0,3DSC_MP,15.5,c_parent,±20-50%,S1_v3_2_2B_extension,,substructure_aggregate_median,4.2,1.0,,,,0.0239948834593759,5000,H_below_validated_reduced_field,5.269431390263902,5.106563100257184,5.505780192669341,0.064516129032258,
B2Mg0.97Na0.03,conventional_AlB2,mp-763,,A1,38.0,3DSC_MP,15.5,c_parent,±20-50%,S1_v3_2_2B_extension,,substructure_aggregate_median,4.2,5.0,4.980622895715926,4.657597138176319,5.264489202289058,0.1842626769910653,5000,,,,,,
B2Mg0.97Na0.03,conventional_AlB2,mp-763,,A1,38.0,3DSC_MP,15.5,c_parent,±20-50%,S1_v3_2_2B_extension,,substructure_aggregate_median,20.0,0.1,,,,0.0,5000,H_below_validated_reduced_field,5.024382158187858,4.769218377052384,5.335444737108285,0.0064516129032258,
B2Mg0.97Na0.03,conventional_AlB2,mp-763,,A1,38.0,3DSC_MP,15.5,c_parent,±20-50%,S1_v3_2_2B_extension,,substructure_aggregate_median,20.0,1.0,,,,0.024663627409784,5000,H_below_validated_reduced_field,4.963630190096042,4.69404470938388,5.29022433446032,0.064516129032258,
B2Mg0.97Na0.03,conventional_AlB2,mp-763,,A1,38.0,3DSC_MP,15.5,c_parent,±20-50%,S1_v3_2_2B_extension,,substructure_aggregate_median,20.0,5.0,4.6637938453492,4.252825082203842,5.058698786680018,0.1865445641784342,5000,,,,,,
B2Mg0.97Na0.03,conventional_AlB2,mp-763,,A1,38.0,3DSC_MP,15.5,c_parent,±20-50%,S1_v3_2_2B_extension,,substructure_aggregate_median,29.26,0.1,,,,0.0,5000,H_below_validated_reduced_field,4.6465510863200805,4.190031685996107,5.176776714716767,0.0064516129032258,
B2Mg0.97Na0.03,conventional_AlB2,mp-763,,A1,38.0,3DSC_MP,15.5,c_parent,±20-50%,S1_v3_2_2B_extension,,substructure_aggregate_median,29.26,1.0,,,,0.0251382545184384,5000,H_below_validated_reduced_field,4.589754262027439,4.117774726138576,5.125627997078577,0.064516129032258,
B2Mg0.97Na0.03,conventional_AlB2,mp-763,,A1,38.0,3DSC_MP,15.5,c_parent,±20-50%,S1_v3_2_2B_extension,,substructure_aggregate_median,29.26,5.0,,,,0.1935451798660725,5000,T_above_validated_reduced_temperature,4.287247731331653,3.696839420411568,4.888935991855108,,0.77
B2Mg0.98,conventional_AlB2,mp-763,,A1,38.4,3DSC_MP,15.5,c_parent,±20-50%,S1_v3_2_2B_extension,,substructure_aggregate_median,4.2,0.1,,,,0.0,5000,H_below_validated_reduced_field,5.324105348641889,5.1863788403346,5.559330705252185,0.0064516129032258,
B2Mg0.98,conventional_AlB2,mp-763,,A1,38.4,3DSC_MP,15.5,c_parent,±20-50%,S1_v3_2_2B_extension,,substructure_aggregate_median,4.2,1.0,,,,0.0239948834593759,5000,H_below_validated_reduced_field,5.269431390263902,5.104761269785125,5.509655623407958,0.064516129032258,
B2Mg0.98,conventional_AlB2,mp-763,,A1,38.4,3DSC_MP,15.5,c_parent,±20-50%,S1_v3_2_2B_extension,,substructure_aggregate_median,4.2,5.0,4.978628899283534,4.6615651292183,5.269539598439998,0.1856774324769041,5000,,,,,,
B2Mg0.98,conventional_AlB2,mp-763,,A1,38.4,3DSC_MP,15.5,c_parent,±20-50%,S1_v3_2_2B_extension,,substructure_aggregate_median,20.0,0.1,,,,0.0,5000,H_below_validated_reduced_field,5.031056870802062,4.767855599990344,5.336312940232499,0.0064516129032258,
B2Mg0.98,conventional_AlB2,mp-763,,A1,38.4,3DSC_MP,15.5,c_parent,±20-50%,S1_v3_2_2B_extension,,substructure_aggregate_median,20.0,1.0,,,,0.0243587178817143,5000,H_below_validated_reduced_field,4.97008458993685,4.694275868415062,5.289754188718013,0.064516129032258,
B2Mg0.98,conventional_AlB2,mp-763,,A1,38.4,3DSC_MP,15.5,c_parent,±20-50%,S1_v3_2_2B_extension,,substructure_aggregate_median,20.0,5.0,4.668805873977624,4.259469638335485,5.057407763935198,0.1882930783413403,5000,,,,,,
B2Mg0.98,conventional_AlB2,mp-763,,A1,38.4,3DSC_MP,15.5,c_parent,±20-50%,S1_v3_2_2B_extension,,substructure_aggregate_median,29.568,0.1,,,,0.0,5000,H_below_validated_reduced_field,4.64591087932223,4.187023224273159,5.176492625272572,0.0064516129032258,
B2Mg0.98,conventional_AlB2,mp-763,,A1,38.4,3DSC_MP,15.5,c_parent,±20-50%,S1_v3_2_2B_extension,,substructure_aggregate_median,29.568,1.0,,,,0.0243070106268463,5000,H_below_validated_reduced_field,4.588492805020654,4.110226141265418,5.127018030874385,0.064516129032258,
B2Mg0.98,conventional_AlB2,mp-763,,A1,38.4,3DSC_MP,15.5,c_parent,±20-50%,S1_v3_2_2B_extension,,substructure_aggregate_median,29.568,5.0,,,,0.1959765428104782,5000,T_above_validated_reduced_temperature,4.288656051245078,3.683555031346568,4.8871501639402215,,0.77
B2Mg0.988Sc0.012,conventional_AlB2,mp-763,,A1,41.4,3DSC_MP,15.5,c_parent,±20-50%,S1_v3_2_2B_extension,,substructure_aggregate_median,4.2,0.1,,,,0.0,5000,H_below_validated_reduced_field,5.324105348641889,5.1863788403346,5.549941092791016,0.0064516129032258,
B2Mg0.988Sc0.012,conventional_AlB2,mp-763,,A1,41.4,3DSC_MP,15.5,c_parent,±20-50%,S1_v3_2_2B_extension,,substructure_aggregate_median,4.2,1.0,,,,0.0241369168547826,5000,H_below_validated_reduced_field,5.269431390263902,5.103264623835246,5.5033653449493976,0.064516129032258,
B2Mg0.988Sc0.012,conventional_AlB2,mp-763,,A1,41.4,3DSC_MP,15.5,c_parent,±20-50%,S1_v3_2_2B_extension,,substructure_aggregate_median,4.2,5.0,4.97994781687558,4.653846013056349,5.2570701265070285,0.1865527816322227,5000,,,,,,
B2Mg0.988Sc0.012,conventional_AlB2,mp-763,,A1,41.4,3DSC_MP,15.5,c_parent,±20-50%,S1_v3_2_2B_extension,,substructure_aggregate_median,20.0,0.1,,,,0.0,5000,H_below_validated_reduced_field,5.061145845441139,4.812652330702673,5.352245654131821,0.0064516129032258,
B2Mg0.988Sc0.012,conventional_AlB2,mp-763,,A1,41.4,3DSC_MP,15.5,c_parent,±20-50%,S1_v3_2_2B_extension,,substructure_aggregate_median,20.0,1.0,,,,0.0233855080811675,5000,H_below_validated_reduced_field,5.003815970963844,4.735940391218199,5.306965979953914,0.064516129032258,
B2Mg0.988Sc0.012,conventional_AlB2,mp-763,,A1,41.4,3DSC_MP,15.5,c_parent,±20-50%,S1_v3_2_2B_extension,,substructure_aggregate_median,20.0,5.0,4.706642149076798,4.3031113129600165,5.072887677640582,0.190910208084623,5000,,,,,,
B2Mg0.988Sc0.012,conventional_AlB2,mp-763,,A1,41.4,3DSC_MP,15.5,c_parent,±20-50%,S1_v3_2_2B_extension,,substructure_aggregate_median,31.878,0.1,,,,0.0,5000,H_below_validated_reduced_field,4.641525988362149,4.149493590319171,5.165157233961928,0.0064516129032258,
B2Mg0.988Sc0.012,conventional_AlB2,mp-763,,A1,41.4,3DSC_MP,15.5,c_parent,±20-50%,S1_v3_2_2B_extension,,substructure_aggregate_median,31.878,1.0,,,,0.0249589940096051,5000,H_below_validated_reduced_field,4.583800185255478,4.06680421218094,5.118491746585473,0.064516129032258,
B2Mg0.988Sc0.012,conventional_AlB2,mp-763,,A1,41.4,3DSC_MP,15.5,c_parent,±20-50%,S1_v3_2_2B_extension,,substructure_aggregate_median,31.878,5.0,,,,0.1965544451685321,5000,T_above_validated_reduced_temperature,4.2783258129125326,3.660517109289466,4.886084512285107,,0.77
B2Mg0.98Pb0.02,conventional_AlB2,mp-763,,A1,35.5,3DSC_MP,15.5,c_parent,±20-50%,S1_v3_2_2B_extension,,substructure_aggregate_median,4.2,0.1,,,,0.0,5000,H_below_validated_reduced_field,5.324105348641889,5.1863788403346,5.559330705252185,0.0064516129032258,
B2Mg0.98Pb0.02,conventional_AlB2,mp-763,,A1,35.5,3DSC_MP,15.5,c_parent,±20-50%,S1_v3_2_2B_extension,,substructure_aggregate_median,4.2,1.0,,,,0.0237051424863148,5000,H_below_validated_reduced_field,5.266732057385629,5.106933843589786,5.504780351850702,0.064516129032258,
B2Mg0.98Pb0.02,conventional_AlB2,mp-763,,A1,35.5,3DSC_MP,15.5,c_parent,±20-50%,S1_v3_2_2B_extension,,substructure_aggregate_median,4.2,5.0,4.9763786985300005,4.661987392088656,5.263548654237181,0.1849832418523451,5000,,,,,,
B2Mg0.98Pb0.02,conventional_AlB2,mp-763,,A1,35.5,3DSC_MP,15.5,c_parent,±20-50%,S1_v3_2_2B_extension,,substructure_aggregate_median,20.0,0.1,,,,0.0,5000,H_below_validated_reduced_field,4.98565991208458,4.701930235328386,5.313716400271679,0.0064516129032258,
B2Mg0.98Pb0.02,conventional_AlB2,mp-763,,A1,35.5,3DSC_MP,15.5,c_parent,±20-50%,S1_v3_2_2B_extension,,substructure_aggregate_median,20.0,1.0,,,,0.0246728300789005,5000,H_below_validated_reduced_field,4.928014988677258,4.629046498196184,5.265772461756256,0.064516129032258,
B2Mg0.98Pb0.02,conventional_AlB2,mp-763,,A1,35.5,3DSC_MP,15.5,c_parent,±20-50%,S1_v3_2_2B_extension,,substructure_aggregate_median,20.0,5.0,4.622243431525672,4.183687840620115,5.02729984510113,0.191614988620195,5000,,,,,,
B2Mg0.98Pb0.02,conventional_AlB2,mp-763,,A1,35.5,3DSC_MP,15.5,c_parent,±20-50%,S1_v3_2_2B_extension,,substructure_aggregate_median,27.335,0.1,,,,0.0,5000,H_below_validated_reduced_field,4.650901107650895,4.1339395646640575,5.1693174078384105,0.0064516129032258,
B2Mg0.98Pb0.02,conventional_AlB2,mp-763,,A1,35.5,3DSC_MP,15.5,c_parent,±20-50%,S1_v3_2_2B_extension,,substructure_aggregate_median,27.335,1.0,,,,0.0253431312895751,5000,H_below_validated_reduced_field,4.593974661501509,4.053715600947247,5.117735563529033,0.064516129032258,
B2Mg0.98Pb0.02,conventional_AlB2,mp-763,,A1,35.5,3DSC_MP,15.5,c_parent,±20-50%,S1_v3_2_2B_extension,,substructure_aggregate_median,27.335,5.0,,,,0.1981336520788854,5000,T_above_validated_reduced_temperature,4.29046267443681,3.637376939561446,4.880582440036759,,0.77
B2Mg0.98Sc0.02,conventional_AlB2,mp-763,,A1,39.0,3DSC_MP,15.5,c_parent,±20-50%,S1_v3_2_2B_extension,,substructure_aggregate_median,4.2,0.1,,,,0.0,5000,H_below_validated_reduced_field,5.324105348641889,5.1863788403346,5.559330705252185,0.0064516129032258,
B2Mg0.98Sc0.02,conventional_AlB2,mp-763,,A1,39.0,3DSC_MP,15.5,c_parent,±20-50%,S1_v3_2_2B_extension,,substructure_aggregate_median,4.2,1.0,,,,0.0241882717625721,5000,H_below_validated_reduced_field,5.268327380528502,5.103264623835246,5.508722502399244,0.064516129032258,
B2Mg0.98Sc0.02,conventional_AlB2,mp-763,,A1,39.0,3DSC_MP,15.5,c_parent,±20-50%,S1_v3_2_2B_extension,,substructure_aggregate_median,4.2,5.0,4.979293136460466,4.66194451505004,5.268839902183422,0.1846186285834665,5000,,,,,,
B2Mg0.98Sc0.02,conventional_AlB2,mp-763,,A1,39.0,3DSC_MP,15.5,c_parent,±20-50%,S1_v3_2_2B_extension,,substructure_aggregate_median,20.0,0.1,,,,0.0,5000,H_below_validated_reduced_field,5.037661166864107,4.778071151294755,5.348199009044136,0.0064516129032258,
B2Mg0.98Sc0.02,conventional_AlB2,mp-763,,A1,39.0,3DSC_MP,15.5,c_parent,±20-50%,S1_v3_2_2B_extension,,substructure_aggregate_median,20.0,1.0,,,,0.024919983473099,5000,H_below_validated_reduced_field,4.978585136744572,4.700963289176888,5.297684685612339,0.064516129032258,
B2Mg0.98Sc0.02,conventional_AlB2,mp-763,,A1,39.0,3DSC_MP,15.5,c_parent,±20-50%,S1_v3_2_2B_extension,,substructure_aggregate_median,20.0,5.0,4.675839155019694,4.267314447858854,5.064964484112973,0.190356899543115,5000,,,,,,
B2Mg0.98Sc0.02,conventional_AlB2,mp-763,,A1,39.0,3DSC_MP,15.5,c_parent,±20-50%,S1_v3_2_2B_extension,,substructure_aggregate_median,30.03,0.1,,,,0.0,5000,H_below_validated_reduced_field,4.644976679318344,4.1860362671937805,5.180924795975389,0.0064516129032258,
B2Mg0.98Sc0.02,conventional_AlB2,mp-763,,A1,39.0,3DSC_MP,15.5,c_parent,±20-50%,S1_v3_2_2B_extension,,substructure_aggregate_median,30.03,1.0,,,,0.0251079263429847,5000,H_below_validated_reduced_field,4.587085695196641,4.118294478702398,5.131869370888347,0.064516129032258,
B2Mg0.98Sc0.02,conventional_AlB2,mp-763,,A1,39.0,3DSC_MP,15.5,c_parent,±20-50%,S1_v3_2_2B_extension,,substructure_aggregate_median,30.03,5.0,,,,0.1925385540178634,5000,T_above_validated_reduced_temperature,4.285007728821979,3.678930474843781,4.889369986326671,,0.77
B2Mg0.99Mn0.01,conventional_AlB2,mp-763,,A1,33.4,3DSC_MP,15.5,c_parent,±20-50%,S1_v3_2_2B_extension,,substructure_aggregate_median,4.2,0.1,,,,0.0,5000,H_below_validated_reduced_field,5.324105348641889,5.171003190830169,5.559330705252185,0.0064516129032258,
B2Mg0.99Mn0.01,conventional_AlB2,mp-763,,A1,33.4,3DSC_MP,15.5,c_parent,±20-50%,S1_v3_2_2B_extension,,substructure_aggregate_median,4.2,1.0,,,,0.0254594645429984,5000,H_below_validated_reduced_field,5.271540284592202,5.103248336736622,5.511386766736761,0.064516129032258,
B2Mg0.99Mn0.01,conventional_AlB2,mp-763,,A1,33.4,3DSC_MP,15.5,c_parent,±20-50%,S1_v3_2_2B_extension,,substructure_aggregate_median,4.2,5.0,4.978628899283534,4.664872884592687,5.272177748457486,0.186838561064496,5000,,,,,,
B2Mg0.99Mn0.01,conventional_AlB2,mp-763,,A1,33.4,3DSC_MP,15.5,c_parent,±20-50%,S1_v3_2_2B_extension,,substructure_aggregate_median,20.0,0.1,,,,0.0,5000,H_below_validated_reduced_field,4.951446204319461,4.659687144426594,5.294141757692456,0.0064516129032258,
B2Mg0.99Mn0.01,conventional_AlB2,mp-763,,A1,33.4,3DSC_MP,15.5,c_parent,±20-50%,S1_v3_2_2B_extension,,substructure_aggregate_median,20.0,1.0,,,,0.0241086803623149,5000,H_below_validated_reduced_field,4.893483673612886,4.58762658670556,5.248878453091111,0.064516129032258,
B2Mg0.99Mn0.01,conventional_AlB2,mp-763,,A1,33.4,3DSC_MP,15.5,c_parent,±20-50%,S1_v3_2_2B_extension,,substructure_aggregate_median,20.0,5.0,4.587533377148722,4.135899573997144,5.014773660182687,0.1888389472095593,5000,,,,,,
B2Mg0.99Mn0.01,conventional_AlB2,mp-763,,A1,33.4,3DSC_MP,15.5,c_parent,±20-50%,S1_v3_2_2B_extension,,substructure_aggregate_median,25.718,0.1,,,,0.0,5000,H_below_validated_reduced_field,4.655094410805765,4.200888476559335,5.171178170320868,0.0064516129032258,
B2Mg0.99Mn0.01,conventional_AlB2,mp-763,,A1,33.4,3DSC_MP,15.5,c_parent,±20-50%,S1_v3_2_2B_extension,,substructure_aggregate_median,25.718,1.0,,,,0.0239632751654772,5000,H_below_validated_reduced_field,4.598297586513122,4.13139056187354,5.121792815283504,0.064516129032258,
B2Mg0.99Mn0.01,conventional_AlB2,mp-763,,A1,33.4,3DSC_MP,15.5,c_parent,±20-50%,S1_v3_2_2B_extension,,substructure_aggregate_median,25.718,5.0,,,,0.192100606009526,5000,T_above_validated_reduced_temperature,4.297371860265622,3.711571045448549,4.884762528841906,,0.77
B2Mg0.99Pb0.01,conventional_AlB2,mp-763,,A1,35.9,3DSC_MP,15.5,c_parent,±20-50%,S1_v3_2_2B_extension,,substructure_aggregate_median,4.2,0.1,,,,0.0,5000,H_below_validated_reduced_field,5.324105348641889,5.171003190830169,5.559330705252185,0.0064516129032258,
B2Mg0.99Pb0.01,conventional_AlB2,mp-763,,A1,35.9,3DSC_MP,15.5,c_parent,±20-50%,S1_v3_2_2B_extension,,substructure_aggregate_median,4.2,1.0,,,,0.0254594645429984,5000,H_below_validated_reduced_field,5.271019861639648,5.103264623835246,5.505780192669341,0.064516129032258,
B2Mg0.99Pb0.01,conventional_AlB2,mp-763,,A1,35.9,3DSC_MP,15.5,c_parent,±20-50%,S1_v3_2_2B_extension,,substructure_aggregate_median,4.2,5.0,4.981543337214,4.670757041964992,5.266384212033055,0.186565639523426,5000,,,,,,
B2Mg0.99Pb0.01,conventional_AlB2,mp-763,,A1,35.9,3DSC_MP,15.5,c_parent,±20-50%,S1_v3_2_2B_extension,,substructure_aggregate_median,20.0,0.1,,,,0.0,5000,H_below_validated_reduced_field,4.995856738423834,4.697476827385392,5.317002283325959,0.0064516129032258,
B2Mg0.99Pb0.01,conventional_AlB2,mp-763,,A1,35.9,3DSC_MP,15.5,c_parent,±20-50%,S1_v3_2_2B_extension,,substructure_aggregate_median,20.0,1.0,,,,0.024898008070906,5000,H_below_validated_reduced_field,4.936973469452536,4.623682432107461,5.268975870476713,0.064516129032258,
B2Mg0.99Pb0.01,conventional_AlB2,mp-763,,A1,35.9,3DSC_MP,15.5,c_parent,±20-50%,S1_v3_2_2B_extension,,substructure_aggregate_median,20.0,5.0,4.634966215599189,4.190021285643346,5.041482666613314,0.1885102798716307,5000,,,,,,
B2Mg0.99Pb0.01,conventional_AlB2,mp-763,,A1,35.9,3DSC_MP,15.5,c_parent,±20-50%,S1_v3_2_2B_extension,,substructure_aggregate_median,27.643,0.1,,,,0.0,5000,H_below_validated_reduced_field,4.658303941334854,4.074634873641357,5.168989296906785,0.0064516129032258,
B2Mg0.99Pb0.01,conventional_AlB2,mp-763,,A1,35.9,3DSC_MP,15.5,c_parent,±20-50%,S1_v3_2_2B_extension,,substructure_aggregate_median,27.643,1.0,,,,0.0242899532548666,5000,H_below_validated_reduced_field,4.603016122405301,4.005503037894756,5.120612716225589,0.064516129032258,
B2Mg0.99Pb0.01,conventional_AlB2,mp-763,,A1,35.9,3DSC_MP,15.5,c_parent,±20-50%,S1_v3_2_2B_extension,,substructure_aggregate_median,27.643,5.0,,,,0.193593458255143,5000,T_above_validated_reduced_temperature,4.293161447282155,3.5948146138656947,4.897202310152613,,0.77
B2Mg0.99Sn0.01,conventional_AlB2,mp-763,,A1,33.5,3DSC_MP,15.5,c_parent,±20-50%,S1_v3_2_2B_extension,,substructure_aggregate_median,4.2,0.1,,,,0.0,5000,H_below_validated_reduced_field,5.324105348641889,5.1863788403346,5.549941092791016,0.0064516129032258,
B2Mg0.99Sn0.01,conventional_AlB2,mp-763,,A1,33.5,3DSC_MP,15.5,c_parent,±20-50%,S1_v3_2_2B_extension,,substructure_aggregate_median,4.2,1.0,,,,0.0251493678374252,5000,H_below_validated_reduced_field,5.270126875332979,5.106251513927366,5.503762245449106,0.064516129032258,
B2Mg0.99Sn0.01,conventional_AlB2,mp-763,,A1,33.5,3DSC_MP,15.5,c_parent,±20-50%,S1_v3_2_2B_extension,,substructure_aggregate_median,4.2,5.0,4.980622895715926,4.663113698533318,5.263712915243177,0.1854320705050867,5000,,,,,,
B2Mg0.99Sn0.01,conventional_AlB2,mp-763,,A1,33.5,3DSC_MP,15.5,c_parent,±20-50%,S1_v3_2_2B_extension,,substructure_aggregate_median,20.0,0.1,,,,0.0,5000,H_below_validated_reduced_field,4.953250978078133,4.661503443743546,5.29403067664164,0.0064516129032258,
B2Mg0.99Sn0.01,conventional_AlB2,mp-763,,A1,33.5,3DSC_MP,15.5,c_parent,±20-50%,S1_v3_2_2B_extension,,substructure_aggregate_median,20.0,1.0,,,,0.0246973557229184,5000,H_below_validated_reduced_field,4.89453417404386,4.586864340074909,5.241257680971326,0.064516129032258,
B2Mg0.99Sn0.01,conventional_AlB2,mp-763,,A1,33.5,3DSC_MP,15.5,c_parent,±20-50%,S1_v3_2_2B_extension,,substructure_aggregate_median,20.0,5.0,4.587859586845973,4.131265234257658,5.005263311326569,0.1886387624214798,5000,,,,,,
B2Mg0.99Sn0.01,conventional_AlB2,mp-763,,A1,33.5,3DSC_MP,15.5,c_parent,±20-50%,S1_v3_2_2B_extension,,substructure_aggregate_median,25.795,0.1,,,,0.0,5000,H_below_validated_reduced_field,4.663024199978515,4.2067963514674185,5.160555314800212,0.0064516129032258,
B2Mg0.99Sn0.01,conventional_AlB2,mp-763,,A1,33.5,3DSC_MP,15.5,c_parent,±20-50%,S1_v3_2_2B_extension,,substructure_aggregate_median,25.795,1.0,,,,0.0242594279967143,5000,H_below_validated_reduced_field,4.600207996724811,4.133622519949626,5.115682227630086,0.064516129032258,
B2Mg0.99Sn0.01,conventional_AlB2,mp-763,,A1,33.5,3DSC_MP,15.5,c_parent,±20-50%,S1_v3_2_2B_extension,,substructure_aggregate_median,25.795,5.0,,,,0.1948040627145122,5000,T_above_validated_reduced_temperature,4.296251014628603,3.7090520128456137,4.883614458622649,,0.77
B2Mg0.99Ti0.01,conventional_AlB2,mp-763,,A1,38.6,3DSC_MP,15.5,c_parent,±20-50%,S1_v3_2_2B_extension,,substructure_aggregate_median,4.2,0.1,,,,0.0,5000,H_below_validated_reduced_field,5.324105348641889,5.171003190830169,5.549941092791016,0.0064516129032258,
B2Mg0.99Ti0.01,conventional_AlB2,mp-763,,A1,38.6,3DSC_MP,15.5,c_parent,±20-50%,S1_v3_2_2B_extension,,substructure_aggregate_median,4.2,1.0,,,,0.0254594645429984,5000,H_below_validated_reduced_field,5.270343882357867,5.104680266782216,5.50339774679099,0.064516129032258,
B2Mg0.99Ti0.01,conventional_AlB2,mp-763,,A1,38.6,3DSC_MP,15.5,c_parent,±20-50%,S1_v3_2_2B_extension,,substructure_aggregate_median,4.2,5.0,4.980622895715926,4.668121492680177,5.260794148889566,0.1866122223920356,5000,,,,,,
B2Mg0.99Ti0.01,conventional_AlB2,mp-763,,A1,38.6,3DSC_MP,15.5,c_parent,±20-50%,S1_v3_2_2B_extension,,substructure_aggregate_median,20.0,0.1,,,,0.0,5000,H_below_validated_reduced_field,5.028288570274436,4.769692496127175,5.3363112527177154,0.0064516129032258,
B2Mg0.99Ti0.01,conventional_AlB2,mp-763,,A1,38.6,3DSC_MP,15.5,c_parent,±20-50%,S1_v3_2_2B_extension,,substructure_aggregate_median,20.0,1.0,,,,0.024521679277111,5000,H_below_validated_reduced_field,4.972186754709857,4.695126396911481,5.285979340184278,0.064516129032258,
B2Mg0.99Ti0.01,conventional_AlB2,mp-763,,A1,38.6,3DSC_MP,15.5,c_parent,±20-50%,S1_v3_2_2B_extension,,substructure_aggregate_median,20.0,5.0,4.667980026809422,4.270491200003506,5.0471241956275055,0.1900392753552457,5000,,,,,,
B2Mg0.99Ti0.01,conventional_AlB2,mp-763,,A1,38.6,3DSC_MP,15.5,c_parent,±20-50%,S1_v3_2_2B_extension,,substructure_aggregate_median,29.722,0.1,,,,0.0,5000,H_below_validated_reduced_field,4.645596055404505,4.171569823801326,5.16696331088358,0.0064516129032258,
B2Mg0.99Ti0.01,conventional_AlB2,mp-763,,A1,38.6,3DSC_MP,15.5,c_parent,±20-50%,S1_v3_2_2B_extension,,substructure_aggregate_median,29.722,1.0,,,,0.0239930586314489,5000,H_below_validated_reduced_field,4.58973397008378,4.091108763249548,5.116938939908139,0.064516129032258,
B2Mg0.99Ti0.01,conventional_AlB2,mp-763,,A1,38.6,3DSC_MP,15.5,c_parent,±20-50%,S1_v3_2_2B_extension,,substructure_aggregate_median,29.722,5.0,,,,0.1936843154514615,5000,T_above_validated_reduced_temperature,4.285445822567549,3.6677149662325537,4.886291113074448,,0.77
B2Mg0.9Pb0.1,conventional_AlB2,mp-763,,A1,34.0,3DSC_MP,15.5,c_parent,±20-50%,S1_v3_2_2B_extension,,substructure_aggregate_median,4.2,0.1,,,,0.0,5000,H_below_validated_reduced_field,5.324105348641889,5.171003190830169,5.559330705252185,0.0064516129032258,
B2Mg0.9Pb0.1,conventional_AlB2,mp-763,,A1,34.0,3DSC_MP,15.5,c_parent,±20-50%,S1_v3_2_2B_extension,,substructure_aggregate_median,4.2,1.0,,,,0.0254594645429984,5000,H_below_validated_reduced_field,5.271019861639648,5.102598161437979,5.506326026910626,0.064516129032258,
B2Mg0.9Pb0.1,conventional_AlB2,mp-763,,A1,34.0,3DSC_MP,15.5,c_parent,±20-50%,S1_v3_2_2B_extension,,substructure_aggregate_median,4.2,5.0,4.978628899283534,4.66621345623269,5.266384212033055,0.1866122223920356,5000,,,,,,
B2Mg0.9Pb0.1,conventional_AlB2,mp-763,,A1,34.0,3DSC_MP,15.5,c_parent,±20-50%,S1_v3_2_2B_extension,,substructure_aggregate_median,20.0,0.1,,,,0.0,5000,H_below_validated_reduced_field,4.964704367952282,4.675613099516081,5.300174108532829,0.0064516129032258,
B2Mg0.9Pb0.1,conventional_AlB2,mp-763,,A1,34.0,3DSC_MP,15.5,c_parent,±20-50%,S1_v3_2_2B_extension,,substructure_aggregate_median,20.0,1.0,,,,0.02482166102219,5000,H_below_validated_reduced_field,4.907890591530317,4.604862403038387,5.25489471569877,0.064516129032258,
B2Mg0.9Pb0.1,conventional_AlB2,mp-763,,A1,34.0,3DSC_MP,15.5,c_parent,±20-50%,S1_v3_2_2B_extension,,substructure_aggregate_median,20.0,5.0,4.602486575033389,4.161592661967822,5.021833795498657,0.1887653433346523,5000,,,,,,
B2Mg0.9Pb0.1,conventional_AlB2,mp-763,,A1,34.0,3DSC_MP,15.5,c_parent,±20-50%,S1_v3_2_2B_extension,,substructure_aggregate_median,26.18,0.1,,,,0.0,5000,H_below_validated_reduced_field,4.661981989610196,4.214417499281159,5.170621416976968,0.0064516129032258,
B2Mg0.9Pb0.1,conventional_AlB2,mp-763,,A1,34.0,3DSC_MP,15.5,c_parent,±20-50%,S1_v3_2_2B_extension,,substructure_aggregate_median,26.18,1.0,,,,0.0253827647425257,5000,H_below_validated_reduced_field,4.610088783162276,4.138359006144169,5.124561381483776,0.064516129032258,
B2Mg0.9Pb0.1,conventional_AlB2,mp-763,,A1,34.0,3DSC_MP,15.5,c_parent,±20-50%,S1_v3_2_2B_extension,,substructure_aggregate_median,26.18,5.0,,,,0.1923892795126276,5000,T_above_validated_reduced_temperature,4.299169496651322,3.72291441018737,4.892276496930322,,0.77
B2Mg0.9Ti0.1,conventional_AlB2,mp-763,,A1,38.3,3DSC_MP,15.5,c_parent,±20-50%,S1_v3_2_2B_extension,,substructure_aggregate_median,4.2,0.1,,,,0.0,5000,H_below_validated_reduced_field,5.324105348641889,5.1863788403346,5.559330705252185,0.0064516129032258,
B2Mg0.9Ti0.1,conventional_AlB2,mp-763,,A1,38.3,3DSC_MP,15.5,c_parent,±20-50%,S1_v3_2_2B_extension,,substructure_aggregate_median,4.2,1.0,,,,0.0265836480729246,5000,H_below_validated_reduced_field,5.271544406272218,5.106251513927366,5.506751427124972,0.064516129032258,
B2Mg0.9Ti0.1,conventional_AlB2,mp-763,,A1,38.3,3DSC_MP,15.5,c_parent,±20-50%,S1_v3_2_2B_extension,,substructure_aggregate_median,4.2,5.0,4.981543337214,4.667144757259451,5.269615172745362,0.1857284068110249,5000,,,,,,
B2Mg0.9Ti0.1,conventional_AlB2,mp-763,,A1,38.3,3DSC_MP,15.5,c_parent,±20-50%,S1_v3_2_2B_extension,,substructure_aggregate_median,20.0,0.1,,,,0.0,5000,H_below_validated_reduced_field,5.030556573943203,4.778282547133274,5.343772261073245,0.0064516129032258,
B2Mg0.9Ti0.1,conventional_AlB2,mp-763,,A1,38.3,3DSC_MP,15.5,c_parent,±20-50%,S1_v3_2_2B_extension,,substructure_aggregate_median,20.0,1.0,,,,0.0250109571783179,5000,H_below_validated_reduced_field,4.973873735023588,4.701502192830848,5.295830537487282,0.064516129032258,
B2Mg0.9Ti0.1,conventional_AlB2,mp-763,,A1,38.3,3DSC_MP,15.5,c_parent,±20-50%,S1_v3_2_2B_extension,,substructure_aggregate_median,20.0,5.0,4.672467512417597,4.260471838769639,5.065811451121324,0.1908189596273448,5000,,,,,,
B2Mg0.9Ti0.1,conventional_AlB2,mp-763,,A1,38.3,3DSC_MP,15.5,c_parent,±20-50%,S1_v3_2_2B_extension,,substructure_aggregate_median,29.491,0.1,,,,0.0,5000,H_below_validated_reduced_field,4.654211845064537,4.253725194522658,5.187749191008888,0.0064516129032258,
B2Mg0.9Ti0.1,conventional_AlB2,mp-763,,A1,38.3,3DSC_MP,15.5,c_parent,±20-50%,S1_v3_2_2B_extension,,substructure_aggregate_median,29.491,1.0,,,,0.0234849127635632,5000,H_below_validated_reduced_field,4.592557707316379,4.170328906863648,5.141800495751636,0.064516129032258,
B2Mg0.9Ti0.1,conventional_AlB2,mp-763,,A1,38.3,3DSC_MP,15.5,c_parent,±20-50%,S1_v3_2_2B_extension,,substructure_aggregate_median,29.491,5.0,,,,0.193659945654427,5000,T_above_validated_reduced_temperature,4.291966690186702,3.7278879860309457,4.9029465973478565,,0.77
B2Mg0.9Zn0.1,conventional_AlB2,mp-763,,A1,38.4,3DSC_MP,15.5,c_parent,±20-50%,S1_v3_2_2B_extension,,substructure_aggregate_median,4.2,0.1,,,,0.0,5000,H_below_validated_reduced_field,5.324105348641889,5.1863788403346,5.559330705252185,0.0064516129032258,
B2Mg0.9Zn0.1,conventional_AlB2,mp-763,,A1,38.4,3DSC_MP,15.5,c_parent,±20-50%,S1_v3_2_2B_extension,,substructure_aggregate_median,4.2,1.0,,,,0.0269497634137731,5000,H_below_validated_reduced_field,5.271544406272218,5.105616317081055,5.504360479776018,0.064516129032258,
B2Mg0.9Zn0.1,conventional_AlB2,mp-763,,A1,38.4,3DSC_MP,15.5,c_parent,±20-50%,S1_v3_2_2B_extension,,substructure_aggregate_median,4.2,5.0,4.978316363949361,4.667127429393594,5.264406632650265,0.1865527816322227,5000,,,,,,
B2Mg0.9Zn0.1,conventional_AlB2,mp-763,,A1,38.4,3DSC_MP,15.5,c_parent,±20-50%,S1_v3_2_2B_extension,,substructure_aggregate_median,20.0,0.1,,,,0.0,5000,H_below_validated_reduced_field,5.03180445229941,4.768528917344452,5.33503088956498,0.0064516129032258,
B2Mg0.9Zn0.1,conventional_AlB2,mp-763,,A1,38.4,3DSC_MP,15.5,c_parent,±20-50%,S1_v3_2_2B_extension,,substructure_aggregate_median,20.0,1.0,,,,0.0246905602372704,5000,H_below_validated_reduced_field,4.97444726475203,4.69611642733864,5.285380970571516,0.064516129032258,
B2Mg0.9Zn0.1,conventional_AlB2,mp-763,,A1,38.4,3DSC_MP,15.5,c_parent,±20-50%,S1_v3_2_2B_extension,,substructure_aggregate_median,20.0,5.0,4.67148297630424,4.267160015962942,5.04945510340361,0.1926320277698243,5000,,,,,,
B2Mg0.9Zn0.1,conventional_AlB2,mp-763,,A1,38.4,3DSC_MP,15.5,c_parent,±20-50%,S1_v3_2_2B_extension,,substructure_aggregate_median,29.568,0.1,,,,0.0,5000,H_below_validated_reduced_field,4.654053124197947,4.202666701364808,5.167103012811404,0.0064516129032258,
B2Mg0.9Zn0.1,conventional_AlB2,mp-763,,A1,38.4,3DSC_MP,15.5,c_parent,±20-50%,S1_v3_2_2B_extension,,substructure_aggregate_median,29.568,1.0,,,,0.0230079070635245,5000,H_below_validated_reduced_field,4.59378212101776,4.133632599652646,5.116505362990176,0.064516129032258,
B2Mg0.9Zn0.1,conventional_AlB2,mp-763,,A1,38.4,3DSC_MP,15.5,c_parent,±20-50%,S1_v3_2_2B_extension,,substructure_aggregate_median,29.568,5.0,,,,0.1939324475565795,5000,T_above_validated_reduced_temperature,4.2909319180414,3.717927991481021,4.882598186165066,,0.77
B2Mg0.9Zr0.1,conventional_AlB2,mp-763,,A1,37.3,3DSC_MP,15.5,c_parent,±20-50%,S1_v3_2_2B_extension,,substructure_aggregate_median,4.2,0.1,,,,0.0,5000,H_below_validated_reduced_field,5.324105348641889,5.1863788403346,5.559330705252185,0.0064516129032258,
B2Mg0.9Zr0.1,conventional_AlB2,mp-763,,A1,37.3,3DSC_MP,15.5,c_parent,±20-50%,S1_v3_2_2B_extension,,substructure_aggregate_median,4.2,1.0,,,,0.0254594645429984,5000,H_below_validated_reduced_field,5.270343882357867,5.105616317081055,5.509821037403115,0.064516129032258,
B2Mg0.9Zr0.1,conventional_AlB2,mp-763,,A1,37.3,3DSC_MP,15.5,c_parent,±20-50%,S1_v3_2_2B_extension,,substructure_aggregate_median,4.2,5.0,4.980622895715926,4.662443293737564,5.270592548568747,0.1850999097034664,5000,,,,,,
B2Mg0.9Zr0.1,conventional_AlB2,mp-763,,A1,37.3,3DSC_MP,15.5,c_parent,±20-50%,S1_v3_2_2B_extension,,substructure_aggregate_median,20.0,0.1,,,,0.0,5000,H_below_validated_reduced_field,5.017475462598519,4.74411277463904,5.3275873451749005,0.0064516129032258,
B2Mg0.9Zr0.1,conventional_AlB2,mp-763,,A1,37.3,3DSC_MP,15.5,c_parent,±20-50%,S1_v3_2_2B_extension,,substructure_aggregate_median,20.0,1.0,,,,0.0242834984285291,5000,H_below_validated_reduced_field,4.957644691864488,4.672675018709546,5.282006732159903,0.064516129032258,
B2Mg0.9Zr0.1,conventional_AlB2,mp-763,,A1,37.3,3DSC_MP,15.5,c_parent,±20-50%,S1_v3_2_2B_extension,,substructure_aggregate_median,20.0,5.0,4.659501866865551,4.234109207087566,5.046713418109516,0.1900649443061262,5000,,,,,,
B2Mg0.9Zr0.1,conventional_AlB2,mp-763,,A1,37.3,3DSC_MP,15.5,c_parent,±20-50%,S1_v3_2_2B_extension,,substructure_aggregate_median,28.721,0.1,,,,0.0,5000,H_below_validated_reduced_field,4.65584882773663,4.127449892834278,5.178014106929294,0.0064516129032258,
B2Mg0.9Zr0.1,conventional_AlB2,mp-763,,A1,37.3,3DSC_MP,15.5,c_parent,±20-50%,S1_v3_2_2B_extension,,substructure_aggregate_median,28.721,1.0,,,,0.0236880436585051,5000,H_below_validated_reduced_field,4.597957843614927,4.054598303542692,5.12936526080653,0.064516129032258,
B2Mg0.9Zr0.1,conventional_AlB2,mp-763,,A1,37.3,3DSC_MP,15.5,c_parent,±20-50%,S1_v3_2_2B_extension,,substructure_aggregate_median,28.721,5.0,,,,0.1905863397628628,5000,T_above_validated_reduced_temperature,4.296793819259147,3.645246128726846,4.887385203433941,,0.77
B2Nb0.7,conventional_AlB2,mp-450,,A1,7.96,3DSC_MP,,pending,,,,substructure_aggregate_median,4.2,0.1,5.324105348641889,5.171003190830169,5.559330705252185,,5000,Hc2_unavailable,,,,,
B2Nb0.7,conventional_AlB2,mp-450,,A1,7.96,3DSC_MP,,pending,,,,substructure_aggregate_median,4.2,1.0,5.324105348641889,5.171003190830169,5.559330705252185,,5000,Hc2_unavailable,,,,,
B2Nb0.7,conventional_AlB2,mp-450,,A1,7.96,3DSC_MP,,pending,,,,substructure_aggregate_median,4.2,5.0,5.324105348641889,5.171003190830169,5.559330705252185,,5000,Hc2_unavailable,,,,,
B2Nb0.7,conventional_AlB2,mp-450,,A1,7.96,3DSC_MP,,pending,,,,substructure_aggregate_median,20.0,0.1,,,,,5000,Hc2_unavailable,,,,,
B2Nb0.7,conventional_AlB2,mp-450,,A1,7.96,3DSC_MP,,pending,,,,substructure_aggregate_median,20.0,1.0,,,,,5000,Hc2_unavailable,,,,,
B2Nb0.7,conventional_AlB2,mp-450,,A1,7.96,3DSC_MP,,pending,,,,substructure_aggregate_median,20.0,5.0,,,,,5000,Hc2_unavailable,,,,,
B2Nb0.7,conventional_AlB2,mp-450,,A1,7.96,3DSC_MP,,pending,,,,substructure_aggregate_median,6.1292,0.1,4.982415350485944,4.696722814785645,5.306456933723538,,5000,Hc2_unavailable,,,,,
B2Nb0.7,conventional_AlB2,mp-450,,A1,7.96,3DSC_MP,,pending,,,,substructure_aggregate_median,6.1292,1.0,4.982415350485944,4.696722814785645,5.306456933723538,,5000,Hc2_unavailable,,,,,
B2Nb0.7,conventional_AlB2,mp-450,,A1,7.96,3DSC_MP,,pending,,,,substructure_aggregate_median,6.1292,5.0,4.982415350485944,4.696722814785645,5.306456933723538,,5000,Hc2_unavailable,,,,,
B2Nb0.83,conventional_AlB2,mp-450,,A1,9.77,3DSC_MP,,pending,,,,substructure_aggregate_median,4.2,0.1,5.324105348641889,5.1863788403346,5.559330705252185,,5000,Hc2_unavailable,,,,,
B2Nb0.83,conventional_AlB2,mp-450,,A1,9.77,3DSC_MP,,pending,,,,substructure_aggregate_median,4.2,1.0,5.324105348641889,5.1863788403346,5.559330705252185,,5000,Hc2_unavailable,,,,,
B2Nb0.83,conventional_AlB2,mp-450,,A1,9.77,3DSC_MP,,pending,,,,substructure_aggregate_median,4.2,5.0,5.324105348641889,5.1863788403346,5.559330705252185,,5000,Hc2_unavailable,,,,,
B2Nb0.83,conventional_AlB2,mp-450,,A1,9.77,3DSC_MP,,pending,,,,substructure_aggregate_median,20.0,0.1,,,,,5000,Hc2_unavailable,,,,,
B2Nb0.83,conventional_AlB2,mp-450,,A1,9.77,3DSC_MP,,pending,,,,substructure_aggregate_median,20.0,1.0,,,,,5000,Hc2_unavailable,,,,,
B2Nb0.83,conventional_AlB2,mp-450,,A1,9.77,3DSC_MP,,pending,,,,substructure_aggregate_median,20.0,5.0,,,,,5000,Hc2_unavailable,,,,,
B2Nb0.83,conventional_AlB2,mp-450,,A1,9.77,3DSC_MP,,pending,,,,substructure_aggregate_median,7.5229,0.1,4.885594174588547,4.559414956099969,5.265073835361812,,5000,Hc2_unavailable,,,,,
B2Nb0.83,conventional_AlB2,mp-450,,A1,9.77,3DSC_MP,,pending,,,,substructure_aggregate_median,7.5229,1.0,4.885594174588547,4.559414956099969,5.265073835361812,,5000,Hc2_unavailable,,,,,
B2Nb0.83,conventional_AlB2,mp-450,,A1,9.77,3DSC_MP,,pending,,,,substructure_aggregate_median,7.5229,5.0,4.885594174588547,4.559414956099969,5.265073835361812,,5000,Hc2_unavailable,,,,,
B2Nb0.84,conventional_AlB2,mp-450,,A1,9.1,3DSC_MP,,pending,,,,substructure_aggregate_median,4.2,0.1,5.324105348641889,5.171003190830169,5.559330705252185,,5000,Hc2_unavailable,,,,,
B2Nb0.84,conventional_AlB2,mp-450,,A1,9.1,3DSC_MP,,pending,,,,substructure_aggregate_median,4.2,1.0,5.324105348641889,5.171003190830169,5.559330705252185,,5000,Hc2_unavailable,,,,,
B2Nb0.84,conventional_AlB2,mp-450,,A1,9.1,3DSC_MP,,pending,,,,substructure_aggregate_median,4.2,5.0,5.324105348641889,5.171003190830169,5.559330705252185,,5000,Hc2_unavailable,,,,,
B2Nb0.84,conventional_AlB2,mp-450,,A1,9.1,3DSC_MP,,pending,,,,substructure_aggregate_median,20.0,0.1,,,,,5000,Hc2_unavailable,,,,,
B2Nb0.84,conventional_AlB2,mp-450,,A1,9.1,3DSC_MP,,pending,,,,substructure_aggregate_median,20.0,1.0,,,,,5000,Hc2_unavailable,,,,,
B2Nb0.84,conventional_AlB2,mp-450,,A1,9.1,3DSC_MP,,pending,,,,substructure_aggregate_median,20.0,5.0,,,,,5000,Hc2_unavailable,,,,,
B2Nb0.84,conventional_AlB2,mp-450,,A1,9.1,3DSC_MP,,pending,,,,substructure_aggregate_median,7.007,0.1,4.917594522772922,4.588595614114733,5.277844967397888,,5000,Hc2_unavailable,,,,,
B2Nb0.84,conventional_AlB2,mp-450,,A1,9.1,3DSC_MP,,pending,,,,substructure_aggregate_median,7.007,1.0,4.917594522772922,4.588595614114733,5.277844967397888,,5000,Hc2_unavailable,,,,,
B2Nb0.84,conventional_AlB2,mp-450,,A1,9.1,3DSC_MP,,pending,,,,substructure_aggregate_median,7.007,5.0,4.917594522772922,4.588595614114733,5.277844967397888,,5000,Hc2_unavailable,,,,,
B2Nb0.9,conventional_AlB2,mp-450,,A1,3.64,3DSC_MP,,pending,,,,substructure_aggregate_median,4.2,0.1,,,,,5000,Hc2_unavailable,,,,,
B2Nb0.9,conventional_AlB2,mp-450,,A1,3.64,3DSC_MP,,pending,,,,substructure_aggregate_median,4.2,1.0,,,,,5000,Hc2_unavailable,,,,,
B2Nb0.9,conventional_AlB2,mp-450,,A1,3.64,3DSC_MP,,pending,,,,substructure_aggregate_median,4.2,5.0,,,,,5000,Hc2_unavailable,,,,,
B2Nb0.9,conventional_AlB2,mp-450,,A1,3.64,3DSC_MP,,pending,,,,substructure_aggregate_median,20.0,0.1,,,,,5000,Hc2_unavailable,,,,,
B2Nb0.9,conventional_AlB2,mp-450,,A1,3.64,3DSC_MP,,pending,,,,substructure_aggregate_median,20.0,1.0,,,,,5000,Hc2_unavailable,,,,,
B2Nb0.9,conventional_AlB2,mp-450,,A1,3.64,3DSC_MP,,pending,,,,substructure_aggregate_median,20.0,5.0,,,,,5000,Hc2_unavailable,,,,,
B2Nb0.9,conventional_AlB2,mp-450,,A1,3.64,3DSC_MP,,pending,,,,substructure_aggregate_median,2.8028,0.1,14.86769234464299,9.345073419495408,24.649290079075456,,5000,Hc2_unavailable,,,,,
B2Nb0.9,conventional_AlB2,mp-450,,A1,3.64,3DSC_MP,,pending,,,,substructure_aggregate_median,2.8028,1.0,14.86769234464299,9.345073419495408,24.649290079075456,,5000,Hc2_unavailable,,,,,
B2Nb0.9,conventional_AlB2,mp-450,,A1,3.64,3DSC_MP,,pending,,,,substructure_aggregate_median,2.8028,5.0,14.86769234464299,9.345073419495408,24.649290079075456,,5000,Hc2_unavailable,,,,,
B2Nb1,conventional_AlB2,mp-450,,A1,4.5975,3DSC_MP,,pending,,,,substructure_aggregate_median,4.2,0.1,5.324105348641889,5.1863788403346,5.559330705252185,,5000,Hc2_unavailable,,,,,
B2Nb1,conventional_AlB2,mp-450,,A1,4.5975,3DSC_MP,,pending,,,,substructure_aggregate_median,4.2,1.0,5.324105348641889,5.1863788403346,5.559330705252185,,5000,Hc2_unavailable,,,,,
B2Nb1,conventional_AlB2,mp-450,,A1,4.5975,3DSC_MP,,pending,,,,substructure_aggregate_median,4.2,5.0,5.324105348641889,5.1863788403346,5.559330705252185,,5000,Hc2_unavailable,,,,,
B2Nb1,conventional_AlB2,mp-450,,A1,4.5975,3DSC_MP,,pending,,,,substructure_aggregate_median,20.0,0.1,,,,,5000,Hc2_unavailable,,,,,
B2Nb1,conventional_AlB2,mp-450,,A1,4.5975,3DSC_MP,,pending,,,,substructure_aggregate_median,20.0,1.0,,,,,5000,Hc2_unavailable,,,,,
B2Nb1,conventional_AlB2,mp-450,,A1,4.5975,3DSC_MP,,pending,,,,substructure_aggregate_median,20.0,5.0,,,,,5000,Hc2_unavailable,,,,,
B2Nb1,conventional_AlB2,mp-450,,A1,4.5975,3DSC_MP,,pending,,,,substructure_aggregate_median,3.5400750000000003,0.1,5.861360301286375,5.454518322236192,6.274667803263165,,5000,Hc2_unavailable,,,,,
B2Nb1,conventional_AlB2,mp-450,,A1,4.5975,3DSC_MP,,pending,,,,substructure_aggregate_median,3.5400750000000003,1.0,5.861360301286375,5.454518322236192,6.274667803263165,,5000,Hc2_unavailable,,,,,
B2Nb1,conventional_AlB2,mp-450,,A1,4.5975,3DSC_MP,,pending,,,,substructure_aggregate_median,3.5400750000000003,5.0,5.861360301286375,5.454518322236192,6.274667803263165,,5000,Hc2_unavailable,,,,,
B2Ru3Th1,conventional_AlB2,mp-3223,,A1,1.79,3DSC_MP,,pending,,,,substructure_aggregate_median,4.2,0.1,,,,,5000,Hc2_unavailable,,,,,
B2Ru3Th1,conventional_AlB2,mp-3223,,A1,1.79,3DSC_MP,,pending,,,,substructure_aggregate_median,4.2,1.0,,,,,5000,Hc2_unavailable,,,,,
B2Ru3Th1,conventional_AlB2,mp-3223,,A1,1.79,3DSC_MP,,pending,,,,substructure_aggregate_median,4.2,5.0,,,,,5000,Hc2_unavailable,,,,,
B2Ru3Th1,conventional_AlB2,mp-3223,,A1,1.79,3DSC_MP,,pending,,,,substructure_aggregate_median,20.0,0.1,,,,,5000,Hc2_unavailable,,,,,
B2Ru3Th1,conventional_AlB2,mp-3223,,A1,1.79,3DSC_MP,,pending,,,,substructure_aggregate_median,20.0,1.0,,,,,5000,Hc2_unavailable,,,,,
B2Ru3Th1,conventional_AlB2,mp-3223,,A1,1.79,3DSC_MP,,pending,,,,substructure_aggregate_median,20.0,5.0,,,,,5000,Hc2_unavailable,,,,,
B2Ru3Th1,conventional_AlB2,mp-3223,,A1,1.79,3DSC_MP,,pending,,,,substructure_aggregate_median,1.3783,0.1,14.853201201835986,8.040184598625256,19.49191948713633,,5000,Hc2_unavailable,,,,,
B2Ru3Th1,conventional_AlB2,mp-3223,,A1,1.79,3DSC_MP,,pending,,,,substructure_aggregate_median,1.3783,1.0,14.853201201835986,8.040184598625256,19.49191948713633,,5000,Hc2_unavailable,,,,,
B2Ru3Th1,conventional_AlB2,mp-3223,,A1,1.79,3DSC_MP,,pending,,,,substructure_aggregate_median,1.3783,5.0,14.853201201835986,8.040184598625256,19.49191948713633,,5000,Hc2_unavailable,,,,,
B2V0.01Zr0.99,conventional_AlB2,mp-1472,,A1,6.4,3DSC_MP,,pending,,,,substructure_aggregate_median,4.2,0.1,5.324105348641889,5.1863788403346,5.549941092791016,,5000,Hc2_unavailable,,,,,
B2V0.01Zr0.99,conventional_AlB2,mp-1472,,A1,6.4,3DSC_MP,,pending,,,,substructure_aggregate_median,4.2,1.0,5.324105348641889,5.1863788403346,5.549941092791016,,5000,Hc2_unavailable,,,,,
B2V0.01Zr0.99,conventional_AlB2,mp-1472,,A1,6.4,3DSC_MP,,pending,,,,substructure_aggregate_median,4.2,5.0,5.324105348641889,5.1863788403346,5.549941092791016,,5000,Hc2_unavailable,,,,,
B2V0.01Zr0.99,conventional_AlB2,mp-1472,,A1,6.4,3DSC_MP,,pending,,,,substructure_aggregate_median,20.0,0.1,,,,,5000,Hc2_unavailable,,,,,
B2V0.01Zr0.99,conventional_AlB2,mp-1472,,A1,6.4,3DSC_MP,,pending,,,,substructure_aggregate_median,20.0,1.0,,,,,5000,Hc2_unavailable,,,,,
B2V0.01Zr0.99,conventional_AlB2,mp-1472,,A1,6.4,3DSC_MP,,pending,,,,substructure_aggregate_median,20.0,5.0,,,,,5000,Hc2_unavailable,,,,,
B2V0.01Zr0.99,conventional_AlB2,mp-1472,,A1,6.4,3DSC_MP,,pending,,,,substructure_aggregate_median,4.928000000000001,0.1,5.139717866782906,4.925473993532884,5.400478766269508,,5000,Hc2_unavailable,,,,,
B2V0.01Zr0.99,conventional_AlB2,mp-1472,,A1,6.4,3DSC_MP,,pending,,,,substructure_aggregate_median,4.928000000000001,1.0,5.139717866782906,4.925473993532884,5.400478766269508,,5000,Hc2_unavailable,,,,,
B2V0.01Zr0.99,conventional_AlB2,mp-1472,,A1,6.4,3DSC_MP,,pending,,,,substructure_aggregate_median,4.928000000000001,5.0,5.139717866782906,4.925473993532884,5.400478766269508,,5000,Hc2_unavailable,,,,,
B2V0.04Zr0.96,conventional_AlB2,mp-1472,,A1,8.7,3DSC_MP,,pending,,,,substructure_aggregate_median,4.2,0.1,5.324105348641889,5.171003190830169,5.559330705252185,,5000,Hc2_unavailable,,,,,
B2V0.04Zr0.96,conventional_AlB2,mp-1472,,A1,8.7,3DSC_MP,,pending,,,,substructure_aggregate_median,4.2,1.0,5.324105348641889,5.171003190830169,5.559330705252185,,5000,Hc2_unavailable,,,,,
B2V0.04Zr0.96,conventional_AlB2,mp-1472,,A1,8.7,3DSC_MP,,pending,,,,substructure_aggregate_median,4.2,5.0,5.324105348641889,5.171003190830169,5.559330705252185,,5000,Hc2_unavailable,,,,,
B2V0.04Zr0.96,conventional_AlB2,mp-1472,,A1,8.7,3DSC_MP,,pending,,,,substructure_aggregate_median,20.0,0.1,,,,,5000,Hc2_unavailable,,,,,
B2V0.04Zr0.96,conventional_AlB2,mp-1472,,A1,8.7,3DSC_MP,,pending,,,,substructure_aggregate_median,20.0,1.0,,,,,5000,Hc2_unavailable,,,,,
B2V0.04Zr0.96,conventional_AlB2,mp-1472,,A1,8.7,3DSC_MP,,pending,,,,substructure_aggregate_median,20.0,5.0,,,,,5000,Hc2_unavailable,,,,,
B2V0.04Zr0.96,conventional_AlB2,mp-1472,,A1,8.7,3DSC_MP,,pending,,,,substructure_aggregate_median,6.699,0.1,4.9291412530060335,4.629428914850179,5.286038867518266,,5000,Hc2_unavailable,,,,,
B2V0.04Zr0.96,conventional_AlB2,mp-1472,,A1,8.7,3DSC_MP,,pending,,,,substructure_aggregate_median,6.699,1.0,4.9291412530060335,4.629428914850179,5.286038867518266,,5000,Hc2_unavailable,,,,,
B2V0.04Zr0.96,conventional_AlB2,mp-1472,,A1,8.7,3DSC_MP,,pending,,,,substructure_aggregate_median,6.699,5.0,4.9291412530060335,4.629428914850179,5.286038867518266,,5000,Hc2_unavailable,,,,,
B2V0.05Zr0.95,conventional_AlB2,mp-1472,,A1,8.2,3DSC_MP,,pending,,,,substructure_aggregate_median,4.2,0.1,5.324105348641889,5.1863788403346,5.559330705252185,,5000,Hc2_unavailable,,,,,
B2V0.05Zr0.95,conventional_AlB2,mp-1472,,A1,8.2,3DSC_MP,,pending,,,,substructure_aggregate_median,4.2,1.0,5.324105348641889,5.1863788403346,5.559330705252185,,5000,Hc2_unavailable,,,,,
B2V0.05Zr0.95,conventional_AlB2,mp-1472,,A1,8.2,3DSC_MP,,pending,,,,substructure_aggregate_median,4.2,5.0,5.324105348641889,5.1863788403346,5.559330705252185,,5000,Hc2_unavailable,,,,,
B2V0.05Zr0.95,conventional_AlB2,mp-1472,,A1,8.2,3DSC_MP,,pending,,,,substructure_aggregate_median,20.0,0.1,,,,,5000,Hc2_unavailable,,,,,
B2V0.05Zr0.95,conventional_AlB2,mp-1472,,A1,8.2,3DSC_MP,,pending,,,,substructure_aggregate_median,20.0,1.0,,,,,5000,Hc2_unavailable,,,,,
B2V0.05Zr0.95,conventional_AlB2,mp-1472,,A1,8.2,3DSC_MP,,pending,,,,substructure_aggregate_median,20.0,5.0,,,,,5000,Hc2_unavailable,,,,,
B2V0.05Zr0.95,conventional_AlB2,mp-1472,,A1,8.2,3DSC_MP,,pending,,,,substructure_aggregate_median,6.313999999999999,0.1,4.963614346500313,4.667473108397512,5.308706461238816,,5000,Hc2_unavailable,,,,,
B2V0.05Zr0.95,conventional_AlB2,mp-1472,,A1,8.2,3DSC_MP,,pending,,,,substructure_aggregate_median,6.313999999999999,1.0,4.963614346500313,4.667473108397512,5.308706461238816,,5000,Hc2_unavailable,,,,,
B2V0.05Zr0.95,conventional_AlB2,mp-1472,,A1,8.2,3DSC_MP,,pending,,,,substructure_aggregate_median,6.313999999999999,5.0,4.963614346500313,4.667473108397512,5.308706461238816,,5000,Hc2_unavailable,,,,,
B2Zr1,conventional_AlB2,mp-1472,,A1,2.75,3DSC_MP,,pending,,,,substructure_aggregate_median,4.2,0.1,,,,,5000,Hc2_unavailable,,,,,
B2Zr1,conventional_AlB2,mp-1472,,A1,2.75,3DSC_MP,,pending,,,,substructure_aggregate_median,4.2,1.0,,,,,5000,Hc2_unavailable,,,,,
B2Zr1,conventional_AlB2,mp-1472,,A1,2.75,3DSC_MP,,pending,,,,substructure_aggregate_median,4.2,5.0,,,,,5000,Hc2_unavailable,,,,,
B2Zr1,conventional_AlB2,mp-1472,,A1,2.75,3DSC_MP,,pending,,,,substructure_aggregate_median,20.0,0.1,,,,,5000,Hc2_unavailable,,,,,
B2Zr1,conventional_AlB2,mp-1472,,A1,2.75,3DSC_MP,,pending,,,,substructure_aggregate_median,20.0,1.0,,,,,5000,Hc2_unavailable,,,,,
B2Zr1,conventional_AlB2,mp-1472,,A1,2.75,3DSC_MP,,pending,,,,substructure_aggregate_median,20.0,5.0,,,,,5000,Hc2_unavailable,,,,,
B2Zr1,conventional_AlB2,mp-1472,,A1,2.75,3DSC_MP,,pending,,,,substructure_aggregate_median,2.1175,0.1,14.853201201835986,9.383988904679311,24.54599864616089,,5000,Hc2_unavailable,,,,,
B2Zr1,conventional_AlB2,mp-1472,,A1,2.75,3DSC_MP,,pending,,,,substructure_aggregate_median,2.1175,1.0,14.853201201835986,9.383988904679311,24.54599864616089,,5000,Hc2_unavailable,,,,,
B2Zr1,conventional_AlB2,mp-1472,,A1,2.75,3DSC_MP,,pending,,,,substructure_aggregate_median,2.1175,5.0,14.853201201835986,9.383988904679311,24.54599864616089,,5000,Hc2_unavailable,,,,,
MgB2,conventional_AlB2,,elsevier_10.1016_j.matchemphys.2023.128348_VISION_PASS_LONG,A2,39.0,substructure_default,15.5,exact,,S1_v3_2_2B_extension,,substructure_aggregate_median,4.2,0.1,,,,,5000,H_below_validated_reduced_field,5.324105348641889,5.171003190830169,5.559330705252185,0.0064516129032258,
MgB2,conventional_AlB2,,elsevier_10.1016_j.matchemphys.2023.128348_VISION_PASS_LONG,A2,39.0,substructure_default,15.5,exact,,S1_v3_2_2B_extension,,substructure_aggregate_median,4.2,1.0,,,,,5000,H_below_validated_reduced_field,5.269431390263902,5.119994491079674,5.497380150421345,0.064516129032258,
MgB2,conventional_AlB2,,elsevier_10.1016_j.matchemphys.2023.128348_VISION_PASS_LONG,A2,39.0,substructure_default,15.5,exact,,S1_v3_2_2B_extension,,substructure_aggregate_median,4.2,5.0,4.978628899283534,4.797731590420797,5.205831661999669,,5000,,,,,,
MgB2,conventional_AlB2,,elsevier_10.1016_j.matchemphys.2023.128348_VISION_PASS_LONG,A2,39.0,substructure_default,15.5,exact,,S1_v3_2_2B_extension,,substructure_aggregate_median,20.0,0.1,,,,,5000,H_below_validated_reduced_field,5.037661166864107,4.778071151294755,5.3405280800361625,0.0064516129032258,
MgB2,conventional_AlB2,,elsevier_10.1016_j.matchemphys.2023.128348_VISION_PASS_LONG,A2,39.0,substructure_default,15.5,exact,,S1_v3_2_2B_extension,,substructure_aggregate_median,20.0,1.0,,,,,5000,H_below_validated_reduced_field,4.977834839336795,4.71870572534728,5.282649186267793,0.064516129032258,
MgB2,conventional_AlB2,,elsevier_10.1016_j.matchemphys.2023.128348_VISION_PASS_LONG,A2,39.0,substructure_default,15.5,exact,,S1_v3_2_2B_extension,,substructure_aggregate_median,20.0,5.0,4.676860370036109,4.3964542278272045,4.990331112529175,,5000,,,,,,
MgB2,conventional_AlB2,,elsevier_10.1016_j.matchemphys.2023.128348_VISION_PASS_LONG,A2,39.0,substructure_default,15.5,exact,,S1_v3_2_2B_extension,,substructure_aggregate_median,30.03,0.1,,,,,5000,H_below_validated_reduced_field,4.644976679318344,4.170521583981996,5.167132767194071,0.0064516129032258,
MgB2,conventional_AlB2,,elsevier_10.1016_j.matchemphys.2023.128348_VISION_PASS_LONG,A2,39.0,substructure_default,15.5,exact,,S1_v3_2_2B_extension,,substructure_aggregate_median,30.03,1.0,,,,,5000,H_below_validated_reduced_field,4.588528999089175,4.118296206587695,5.114147759100393,0.064516129032258,
MgB2,conventional_AlB2,,elsevier_10.1016_j.matchemphys.2023.128348_VISION_PASS_LONG,A2,39.0,substructure_default,15.5,exact,,S1_v3_2_2B_extension,,substructure_aggregate_median,30.03,5.0,,,,,5000,T_above_validated_reduced_temperature,4.285673324329916,3.79762773360888,4.815609765235435,,0.77
Ba(Fe0.93Co0.07)2As2,iron_pnictide_122,,elsevier_10.1016_j.physc.2009.11.051_VISION_PASS_LONG,A2,22.0,substructure_default,50.0,exact,,S1_v3_2_2B_extension,single_crystal,sample_form_conditional_median:single_crystal,4.2,0.1,,,,,5000,H_below_validated_reduced_field,5.746354490991693,5.635326719245767,5.804297695181981,0.002,
Ba(Fe0.93Co0.07)2As2,iron_pnictide_122,,elsevier_10.1016_j.physc.2009.11.051_VISION_PASS_LONG,A2,22.0,substructure_default,50.0,exact,,S1_v3_2_2B_extension,single_crystal,sample_form_conditional_median:single_crystal,4.2,1.0,,,,,5000,H_below_validated_reduced_field,5.740902344022302,5.631035769834476,5.800656018135584,0.02,
Ba(Fe0.93Co0.07)2As2,iron_pnictide_122,,elsevier_10.1016_j.physc.2009.11.051_VISION_PASS_LONG,A2,22.0,substructure_default,50.0,exact,,S1_v3_2_2B_extension,single_crystal,sample_form_conditional_median:single_crystal,4.2,5.0,,,,,5000,H_below_validated_reduced_field,5.71371497840829,5.600851336392585,5.78144686886319,0.1,
Ba(Fe0.93Co0.07)2As2,iron_pnictide_122,,elsevier_10.1016_j.physc.2009.11.051_VISION_PASS_LONG,A2,22.0,substructure_default,50.0,exact,,S1_v3_2_2B_extension,single_crystal,sample_form_conditional_median:single_crystal,20.0,0.1,,,,,5000,H_below_validated_reduced_field,3.974644207764872,3.339420327493112,4.257774212838008,0.002,
Ba(Fe0.93Co0.07)2As2,iron_pnictide_122,,elsevier_10.1016_j.physc.2009.11.051_VISION_PASS_LONG,A2,22.0,substructure_default,50.0,exact,,S1_v3_2_2B_extension,single_crystal,sample_form_conditional_median:single_crystal,20.0,1.0,,,,,5000,H_below_validated_reduced_field,3.97034379223014,3.336218647920496,4.252337520195214,0.02,
Ba(Fe0.93Co0.07)2As2,iron_pnictide_122,,elsevier_10.1016_j.physc.2009.11.051_VISION_PASS_LONG,A2,22.0,substructure_default,50.0,exact,,S1_v3_2_2B_extension,single_crystal,sample_form_conditional_median:single_crystal,20.0,5.0,,,,,5000,H_below_validated_reduced_field,3.946170311239484,3.315464432137848,4.227915105000718,0.1,
Ba(Fe0.93Co0.07)2As2,iron_pnictide_122,,elsevier_10.1016_j.physc.2009.11.051_VISION_PASS_LONG,A2,22.0,substructure_default,50.0,exact,,S1_v3_2_2B_extension,single_crystal,sample_form_conditional_median:single_crystal,16.94,0.1,,,,,5000,H_below_validated_reduced_field,4.717666471051823,4.353812498460178,4.9001174499010585,0.002,
Ba(Fe0.93Co0.07)2As2,iron_pnictide_122,,elsevier_10.1016_j.physc.2009.11.051_VISION_PASS_LONG,A2,22.0,substructure_default,50.0,exact,,S1_v3_2_2B_extension,single_crystal,sample_form_conditional_median:single_crystal,16.94,1.0,,,,,5000,H_below_validated_reduced_field,4.7131319086720325,4.348987943149071,4.894850828789998,0.02,
Ba(Fe0.93Co0.07)2As2,iron_pnictide_122,,elsevier_10.1016_j.physc.2009.11.051_VISION_PASS_LONG,A2,22.0,substructure_default,50.0,exact,,S1_v3_2_2B_extension,single_crystal,sample_form_conditional_median:single_crystal,16.94,5.0,,,,,5000,H_below_validated_reduced_field,4.690028305396954,4.325432139661615,4.87133108864405,0.1,
Ba(Fe0.93Co0.07)2As2,iron_pnictide_122,,elsevier_10.1016_j.physc.2009.11.051_VISION_PASS_LONG,A2,22.0,substructure_default,50.0,exact,,S1_v3_2_2B_extension,single_crystal,sample_form_conditional_median:single_crystal,4.2,0.1,,,,,5000,H_below_validated_reduced_field,5.746354490991693,5.644766721618954,5.804297695181981,0.002,
Ba(Fe0.93Co0.07)2As2,iron_pnictide_122,,elsevier_10.1016_j.physc.2009.11.051_VISION_PASS_LONG,A2,22.0,substructure_default,50.0,exact,,S1_v3_2_2B_extension,single_crystal,sample_form_conditional_median:single_crystal,4.2,1.0,,,,,5000,H_below_validated_reduced_field,5.74127921142142,5.633333873329548,5.799182799259492,0.02,
Ba(Fe0.93Co0.07)2As2,iron_pnictide_122,,elsevier_10.1016_j.physc.2009.11.051_VISION_PASS_LONG,A2,22.0,substructure_default,50.0,exact,,S1_v3_2_2B_extension,single_crystal,sample_form_conditional_median:single_crystal,4.2,5.0,,,,,5000,H_below_validated_reduced_field,5.714620990037053,5.60297924082382,5.77993016881091,0.1,
Ba(Fe0.93Co0.07)2As2,iron_pnictide_122,,elsevier_10.1016_j.physc.2009.11.051_VISION_PASS_LONG,A2,22.0,substructure_default,50.0,exact,,S1_v3_2_2B_extension,single_crystal,sample_form_conditional_median:single_crystal,20.0,0.1,,,,,5000,H_below_validated_reduced_field,3.9714861965914334,3.337756302857802,4.260456153999684,0.002,
Ba(Fe0.93Co0.07)2As2,iron_pnictide_122,,elsevier_10.1016_j.physc.2009.11.051_VISION_PASS_LONG,A2,22.0,substructure_default,50.0,exact,,S1_v3_2_2B_extension,single_crystal,sample_form_conditional_median:single_crystal,20.0,1.0,,,,,5000,H_below_validated_reduced_field,3.9658681498056128,3.332162392484376,4.255573039306511,0.02,
Ba(Fe0.93Co0.07)2As2,iron_pnictide_122,,elsevier_10.1016_j.physc.2009.11.051_VISION_PASS_LONG,A2,22.0,substructure_default,50.0,exact,,S1_v3_2_2B_extension,single_crystal,sample_form_conditional_median:single_crystal,20.0,5.0,,,,,5000,H_below_validated_reduced_field,3.9425691334084494,3.302787728103016,4.2308633429096565,0.1,
Ba(Fe0.93Co0.07)2As2,iron_pnictide_122,,elsevier_10.1016_j.physc.2009.11.051_VISION_PASS_LONG,A2,22.0,substructure_default,50.0,exact,,S1_v3_2_2B_extension,single_crystal,sample_form_conditional_median:single_crystal,16.94,0.1,,,,,5000,H_below_validated_reduced_field,4.715861815275864,4.345159864042462,4.899211304905734,0.002,
Ba(Fe0.93Co0.07)2As2,iron_pnictide_122,,elsevier_10.1016_j.physc.2009.11.051_VISION_PASS_LONG,A2,22.0,substructure_default,50.0,exact,,S1_v3_2_2B_extension,single_crystal,sample_form_conditional_median:single_crystal,16.94,1.0,,,,,5000,H_below_validated_reduced_field,4.710543320988981,4.34166145857338,4.895001624491424,0.02,
Ba(Fe0.93Co0.07)2As2,iron_pnictide_122,,elsevier_10.1016_j.physc.2009.11.051_VISION_PASS_LONG,A2,22.0,substructure_default,50.0,exact,,S1_v3_2_2B_extension,single_crystal,sample_form_conditional_median:single_crystal,16.94,5.0,,,,,5000,H_below_validated_reduced_field,4.686630595930824,4.320103850640174,4.872192507939099,0.1,
Ba(Fe0.93Co0.07)2As2,iron_pnictide_122,,elsevier_10.1016_j.physc.2009.11.051_VISION_PASS_LONG,A2,22.0,substructure_default,50.0,exact,,S1_v3_2_2B_extension,single_crystal,sample_form_conditional_median:single_crystal,4.2,0.1,,,,,5000,H_below_validated_reduced_field,5.746354490991693,5.621997152667846,5.802165025000917,0.002,
Ba(Fe0.93Co0.07)2As2,iron_pnictide_122,,elsevier_10.1016_j.physc.2009.11.051_VISION_PASS_LONG,A2,22.0,substructure_default,50.0,exact,,S1_v3_2_2B_extension,single_crystal,sample_form_conditional_median:single_crystal,4.2,1.0,,,,,5000,H_below_validated_reduced_field,5.741095917472194,5.616606702733714,5.797506629875487,0.02,
Ba(Fe0.93Co0.07)2As2,iron_pnictide_122,,elsevier_10.1016_j.physc.2009.11.051_VISION_PASS_LONG,A2,22.0,substructure_default,50.0,exact,,S1_v3_2_2B_extension,single_crystal,sample_form_conditional_median:single_crystal,4.2,5.0,,,,,5000,H_below_validated_reduced_field,5.71371497840829,5.597240896706988,5.7784720035183685,0.1,
Ba(Fe0.93Co0.07)2As2,iron_pnictide_122,,elsevier_10.1016_j.physc.2009.11.051_VISION_PASS_LONG,A2,22.0,substructure_default,50.0,exact,,S1_v3_2_2B_extension,single_crystal,sample_form_conditional_median:single_crystal,20.0,0.1,,,,,5000,H_below_validated_reduced_field,3.968356475510099,3.340491002672354,4.261813517154851,0.002,
Ba(Fe0.93Co0.07)2As2,iron_pnictide_122,,elsevier_10.1016_j.physc.2009.11.051_VISION_PASS_LONG,A2,22.0,substructure_default,50.0,exact,,S1_v3_2_2B_extension,single_crystal,sample_form_conditional_median:single_crystal,20.0,1.0,,,,,5000,H_below_validated_reduced_field,3.963970771792361,3.335564909190388,4.256563046380756,0.02,
Ba(Fe0.93Co0.07)2As2,iron_pnictide_122,,elsevier_10.1016_j.physc.2009.11.051_VISION_PASS_LONG,A2,22.0,substructure_default,50.0,exact,,S1_v3_2_2B_extension,single_crystal,sample_form_conditional_median:single_crystal,20.0,5.0,,,,,5000,H_below_validated_reduced_field,3.940110139891819,3.313189462811156,4.232474593200921,0.1,
Ba(Fe0.93Co0.07)2As2,iron_pnictide_122,,elsevier_10.1016_j.physc.2009.11.051_VISION_PASS_LONG,A2,22.0,substructure_default,50.0,exact,,S1_v3_2_2B_extension,single_crystal,sample_form_conditional_median:single_crystal,16.94,0.1,,,,,5000,H_below_validated_reduced_field,4.711612822879223,4.347500873446063,4.9001174499010585,0.002,
Ba(Fe0.93Co0.07)2As2,iron_pnictide_122,,elsevier_10.1016_j.physc.2009.11.051_VISION_PASS_LONG,A2,22.0,substructure_default,50.0,exact,,S1_v3_2_2B_extension,single_crystal,sample_form_conditional_median:single_crystal,16.94,1.0,,,,,5000,H_below_validated_reduced_field,4.706415659341659,4.342883631477095,4.894920025213188,0.02,
Ba(Fe0.93Co0.07)2As2,iron_pnictide_122,,elsevier_10.1016_j.physc.2009.11.051_VISION_PASS_LONG,A2,22.0,substructure_default,50.0,exact,,S1_v3_2_2B_extension,single_crystal,sample_form_conditional_median:single_crystal,16.94,5.0,,,,,5000,H_below_validated_reduced_field,4.683217945594075,4.321608609660158,4.873931453036316,0.1,
Ba(Fe0.93Co0.07)2As2,iron_pnictide_122,,elsevier_10.1016_j.physc.2009.11.051_VISION_PASS_LONG,A2,22.0,substructure_default,50.0,exact,,S1_v3_2_2B_extension,single_crystal,sample_form_conditional_median:single_crystal,4.2,0.1,,,,,5000,H_below_validated_reduced_field,5.746354490991693,5.617854385081122,5.804297695181981,0.002,
Ba(Fe0.93Co0.07)2As2,iron_pnictide_122,,elsevier_10.1016_j.physc.2009.11.051_VISION_PASS_LONG,A2,22.0,substructure_default,50.0,exact,,S1_v3_2_2B_extension,single_crystal,sample_form_conditional_median:single_crystal,4.2,1.0,,,,,5000,H_below_validated_reduced_field,5.741298227606492,5.615412583820014,5.801119261020693,0.02,
Ba(Fe0.93Co0.07)2As2,iron_pnictide_122,,elsevier_10.1016_j.physc.2009.11.051_VISION_PASS_LONG,A2,22.0,substructure_default,50.0,exact,,S1_v3_2_2B_extension,single_crystal,sample_form_conditional_median:single_crystal,4.2,5.0,,,,,5000,H_below_validated_reduced_field,5.714371282347733,5.596479256105287,5.78020387349917,0.1,
Ba(Fe0.93Co0.07)2As2,iron_pnictide_122,,elsevier_10.1016_j.physc.2009.11.051_VISION_PASS_LONG,A2,22.0,substructure_default,50.0,exact,,S1_v3_2_2B_extension,single_crystal,sample_form_conditional_median:single_crystal,20.0,0.1,,,,,5000,H_below_validated_reduced_field,3.974644207067806,3.339420327493112,4.262659559312832,0.002,
Ba(Fe0.93Co0.07)2As2,iron_pnictide_122,,elsevier_10.1016_j.physc.2009.11.051_VISION_PASS_LONG,A2,22.0,substructure_default,50.0,exact,,S1_v3_2_2B_extension,single_crystal,sample_form_conditional_median:single_crystal,20.0,1.0,,,,,5000,H_below_validated_reduced_field,3.970680702133465,3.334730815548513,4.256809315668608,0.02,
Ba(Fe0.93Co0.07)2As2,iron_pnictide_122,,elsevier_10.1016_j.physc.2009.11.051_VISION_PASS_LONG,A2,22.0,substructure_default,50.0,exact,,S1_v3_2_2B_extension,single_crystal,sample_form_conditional_median:single_crystal,20.0,5.0,,,,,5000,H_below_validated_reduced_field,3.946738347716042,3.317058622880523,4.23367058471664,0.1,
Ba(Fe0.93Co0.07)2As2,iron_pnictide_122,,elsevier_10.1016_j.physc.2009.11.051_VISION_PASS_LONG,A2,22.0,substructure_default,50.0,exact,,S1_v3_2_2B_extension,single_crystal,sample_form_conditional_median:single_crystal,16.94,0.1,,,,,5000,H_below_validated_reduced_field,4.716805540766063,4.348721684886555,4.901179312427715,0.002,
Ba(Fe0.93Co0.07)2As2,iron_pnictide_122,,elsevier_10.1016_j.physc.2009.11.051_VISION_PASS_LONG,A2,22.0,substructure_default,50.0,exact,,S1_v3_2_2B_extension,single_crystal,sample_form_conditional_median:single_crystal,16.94,1.0,,,,,5000,H_below_validated_reduced_field,4.712262611487116,4.3450722161692905,4.895925027791553,0.02,
Ba(Fe0.93Co0.07)2As2,iron_pnictide_122,,elsevier_10.1016_j.physc.2009.11.051_VISION_PASS_LONG,A2,22.0,substructure_default,50.0,exact,,S1_v3_2_2B_extension,single_crystal,sample_form_conditional_median:single_crystal,16.94,5.0,,,,,5000,H_below_validated_reduced_field,4.68844773319586,4.324612470887556,4.874528924479719,0.1,
FeSe1-xSx,iron_chalcogenide_11,,elsevier_10.1016_j.physc.2016.05.023_VISION_PASS_LONG,A2,14.0,substructure_default,30.0,exact,,S1_v3_2_2B_extension,single_crystal,sample_form_conditional_median:single_crystal,4.2,0.1,,,,,5000,H_below_validated_reduced_field,5.99788020316565,5.9654169680036055,6.176213825966855,0.0033333333333333,
FeSe1-xSx,iron_chalcogenide_11,,elsevier_10.1016_j.physc.2016.05.023_VISION_PASS_LONG,A2,14.0,substructure_default,30.0,exact,,S1_v3_2_2B_extension,single_crystal,sample_form_conditional_median:single_crystal,4.2,1.0,,,,,5000,H_below_validated_reduced_field,5.980310794064193,5.946533350226875,6.1576517083421285,0.0333333333333333,
FeSe1-xSx,iron_chalcogenide_11,,elsevier_10.1016_j.physc.2016.05.023_VISION_PASS_LONG,A2,14.0,substructure_default,30.0,exact,,S1_v3_2_2B_extension,single_crystal,sample_form_conditional_median:single_crystal,4.2,5.0,,,,,5000,H_below_validated_reduced_field,5.898721265445932,5.855055135967864,6.074044607291994,0.1666666666666666,
FeSe1-xSx,iron_chalcogenide_11,,elsevier_10.1016_j.physc.2016.05.023_VISION_PASS_LONG,A2,14.0,substructure_default,30.0,exact,,S1_v3_2_2B_extension,single_crystal,sample_form_conditional_median:single_crystal,20.0,0.1,,,,,5000,T_above_Tc,,,,,
FeSe1-xSx,iron_chalcogenide_11,,elsevier_10.1016_j.physc.2016.05.023_VISION_PASS_LONG,A2,14.0,substructure_default,30.0,exact,,S1_v3_2_2B_extension,single_crystal,sample_form_conditional_median:single_crystal,20.0,1.0,,,,,5000,T_above_Tc,,,,,
FeSe1-xSx,iron_chalcogenide_11,,elsevier_10.1016_j.physc.2016.05.023_VISION_PASS_LONG,A2,14.0,substructure_default,30.0,exact,,S1_v3_2_2B_extension,single_crystal,sample_form_conditional_median:single_crystal,20.0,5.0,,,,,5000,T_above_Tc,,,,,
FeSe1-xSx,iron_chalcogenide_11,,elsevier_10.1016_j.physc.2016.05.023_VISION_PASS_LONG,A2,14.0,substructure_default,30.0,exact,,S1_v3_2_2B_extension,single_crystal,sample_form_conditional_median:single_crystal,10.78,0.1,,,,,5000,H_below_validated_reduced_field,5.636819627389768,5.524936026168288,5.822200133982052,0.0033333333333333,
FeSe1-xSx,iron_chalcogenide_11,,elsevier_10.1016_j.physc.2016.05.023_VISION_PASS_LONG,A2,14.0,substructure_default,30.0,exact,,S1_v3_2_2B_extension,single_crystal,sample_form_conditional_median:single_crystal,10.78,1.0,,,,,5000,H_below_validated_reduced_field,5.618027085132171,5.506660470012022,5.804112898736524,0.0333333333333333,
FeSe1-xSx,iron_chalcogenide_11,,elsevier_10.1016_j.physc.2016.05.023_VISION_PASS_LONG,A2,14.0,substructure_default,30.0,exact,,S1_v3_2_2B_extension,single_crystal,sample_form_conditional_median:single_crystal,10.78,5.0,,,,,5000,H_below_validated_reduced_field,5.529574059077103,5.414354187788684,5.717456581169995,0.1666666666666666,
FeSe1-xSx,iron_chalcogenide_11,,elsevier_10.1016_j.physc.2016.05.023_VISION_PASS_LONG,A2,14.0,substructure_default,30.0,exact,,S1_v3_2_2B_extension,single_crystal,sample_form_conditional_median:single_crystal,4.2,0.1,,,,,5000,H_below_validated_reduced_field,5.99788020316565,5.9654169680036055,6.176213825966855,0.0033333333333333,
FeSe1-xSx,iron_chalcogenide_11,,elsevier_10.1016_j.physc.2016.05.023_VISION_PASS_LONG,A2,14.0,substructure_default,30.0,exact,,S1_v3_2_2B_extension,single_crystal,sample_form_conditional_median:single_crystal,4.2,1.0,,,,,5000,H_below_validated_reduced_field,5.980041806121134,5.946318138523388,6.157122047552168,0.0333333333333333,
FeSe1-xSx,iron_chalcogenide_11,,elsevier_10.1016_j.physc.2016.05.023_VISION_PASS_LONG,A2,14.0,substructure_default,30.0,exact,,S1_v3_2_2B_extension,single_crystal,sample_form_conditional_median:single_crystal,4.2,5.0,,,,,5000,H_below_validated_reduced_field,5.897516524174528,5.85482969856512,6.069437261165928,0.1666666666666666,
FeSe1-xSx,iron_chalcogenide_11,,elsevier_10.1016_j.physc.2016.05.023_VISION_PASS_LONG,A2,14.0,substructure_default,30.0,exact,,S1_v3_2_2B_extension,single_crystal,sample_form_conditional_median:single_crystal,20.0,0.1,,,,,5000,T_above_Tc,,,,,
FeSe1-xSx,iron_chalcogenide_11,,elsevier_10.1016_j.physc.2016.05.023_VISION_PASS_LONG,A2,14.0,substructure_default,30.0,exact,,S1_v3_2_2B_extension,single_crystal,sample_form_conditional_median:single_crystal,20.0,1.0,,,,,5000,T_above_Tc,,,,,
FeSe1-xSx,iron_chalcogenide_11,,elsevier_10.1016_j.physc.2016.05.023_VISION_PASS_LONG,A2,14.0,substructure_default,30.0,exact,,S1_v3_2_2B_extension,single_crystal,sample_form_conditional_median:single_crystal,20.0,5.0,,,,,5000,T_above_Tc,,,,,
FeSe1-xSx,iron_chalcogenide_11,,elsevier_10.1016_j.physc.2016.05.023_VISION_PASS_LONG,A2,14.0,substructure_default,30.0,exact,,S1_v3_2_2B_extension,single_crystal,sample_form_conditional_median:single_crystal,10.78,0.1,,,,,5000,H_below_validated_reduced_field,5.636935061772567,5.524305903507215,5.813087458619198,0.0033333333333333,
FeSe1-xSx,iron_chalcogenide_11,,elsevier_10.1016_j.physc.2016.05.023_VISION_PASS_LONG,A2,14.0,substructure_default,30.0,exact,,S1_v3_2_2B_extension,single_crystal,sample_form_conditional_median:single_crystal,10.78,1.0,,,,,5000,H_below_validated_reduced_field,5.618479431470784,5.506207619255945,5.79467965007317,0.0333333333333333,
FeSe1-xSx,iron_chalcogenide_11,,elsevier_10.1016_j.physc.2016.05.023_VISION_PASS_LONG,A2,14.0,substructure_default,30.0,exact,,S1_v3_2_2B_extension,single_crystal,sample_form_conditional_median:single_crystal,10.78,5.0,,,,,5000,H_below_validated_reduced_field,5.530925014701644,5.4128807958904455,5.709442421801247,0.1666666666666666,
FeSe1-xSx,iron_chalcogenide_11,,elsevier_10.1016_j.physc.2016.05.023_VISION_PASS_LONG,A2,14.0,substructure_default,30.0,exact,,S1_v3_2_2B_extension,single_crystal,sample_form_conditional_median:single_crystal,4.2,0.1,,,,,5000,H_below_validated_reduced_field,5.99788020316565,5.965396004009358,6.176213825966855,0.0033333333333333,
FeSe1-xSx,iron_chalcogenide_11,,elsevier_10.1016_j.physc.2016.05.023_VISION_PASS_LONG,A2,14.0,substructure_default,30.0,exact,,S1_v3_2_2B_extension,single_crystal,sample_form_conditional_median:single_crystal,4.2,1.0,,,,,5000,H_below_validated_reduced_field,5.980003781971959,5.945323057329618,6.158019410156758,0.0333333333333333,
FeSe1-xSx,iron_chalcogenide_11,,elsevier_10.1016_j.physc.2016.05.023_VISION_PASS_LONG,A2,14.0,substructure_default,30.0,exact,,S1_v3_2_2B_extension,single_crystal,sample_form_conditional_median:single_crystal,4.2,5.0,,,,,5000,H_below_validated_reduced_field,5.89732320248788,5.852977377448163,6.077515372618393,0.1666666666666666,
FeSe1-xSx,iron_chalcogenide_11,,elsevier_10.1016_j.physc.2016.05.023_VISION_PASS_LONG,A2,14.0,substructure_default,30.0,exact,,S1_v3_2_2B_extension,single_crystal,sample_form_conditional_median:single_crystal,20.0,0.1,,,,,5000,T_above_Tc,,,,,
FeSe1-xSx,iron_chalcogenide_11,,elsevier_10.1016_j.physc.2016.05.023_VISION_PASS_LONG,A2,14.0,substructure_default,30.0,exact,,S1_v3_2_2B_extension,single_crystal,sample_form_conditional_median:single_crystal,20.0,1.0,,,,,5000,T_above_Tc,,,,,
FeSe1-xSx,iron_chalcogenide_11,,elsevier_10.1016_j.physc.2016.05.023_VISION_PASS_LONG,A2,14.0,substructure_default,30.0,exact,,S1_v3_2_2B_extension,single_crystal,sample_form_conditional_median:single_crystal,20.0,5.0,,,,,5000,T_above_Tc,,,,,
FeSe1-xSx,iron_chalcogenide_11,,elsevier_10.1016_j.physc.2016.05.023_VISION_PASS_LONG,A2,14.0,substructure_default,30.0,exact,,S1_v3_2_2B_extension,single_crystal,sample_form_conditional_median:single_crystal,10.78,0.1,,,,,5000,H_below_validated_reduced_field,5.636819627389768,5.521875956972551,5.822184899972838,0.0033333333333333,
FeSe1-xSx,iron_chalcogenide_11,,elsevier_10.1016_j.physc.2016.05.023_VISION_PASS_LONG,A2,14.0,substructure_default,30.0,exact,,S1_v3_2_2B_extension,single_crystal,sample_form_conditional_median:single_crystal,10.78,1.0,,,,,5000,H_below_validated_reduced_field,5.618119227670428,5.504896730333188,5.803993468705546,0.0333333333333333,
FeSe1-xSx,iron_chalcogenide_11,,elsevier_10.1016_j.physc.2016.05.023_VISION_PASS_LONG,A2,14.0,substructure_default,30.0,exact,,S1_v3_2_2B_extension,single_crystal,sample_form_conditional_median:single_crystal,10.78,5.0,,,,,5000,H_below_validated_reduced_field,5.528577768821462,5.412040616936875,5.719078691249869,0.1666666666666666,
FeSe1-xSx,iron_chalcogenide_11,,elsevier_10.1016_j.physc.2016.05.023_VISION_PASS_LONG,A2,14.0,substructure_default,30.0,exact,,S1_v3_2_2B_extension,single_crystal,sample_form_conditional_median:single_crystal,4.2,0.1,,,,,5000,H_below_validated_reduced_field,5.99788020316565,5.9654169680036055,6.176213825966855,0.0033333333333333,
FeSe1-xSx,iron_chalcogenide_11,,elsevier_10.1016_j.physc.2016.05.023_VISION_PASS_LONG,A2,14.0,substructure_default,30.0,exact,,S1_v3_2_2B_extension,single_crystal,sample_form_conditional_median:single_crystal,4.2,1.0,,,,,5000,H_below_validated_reduced_field,5.9802068211724375,5.946533350226875,6.157612250811331,0.0333333333333333,
FeSe1-xSx,iron_chalcogenide_11,,elsevier_10.1016_j.physc.2016.05.023_VISION_PASS_LONG,A2,14.0,substructure_default,30.0,exact,,S1_v3_2_2B_extension,single_crystal,sample_form_conditional_median:single_crystal,4.2,5.0,,,,,5000,H_below_validated_reduced_field,5.898281206894531,5.855460582393574,6.069662698568672,0.1666666666666666,
FeSe1-xSx,iron_chalcogenide_11,,elsevier_10.1016_j.physc.2016.05.023_VISION_PASS_LONG,A2,14.0,substructure_default,30.0,exact,,S1_v3_2_2B_extension,single_crystal,sample_form_conditional_median:single_crystal,20.0,0.1,,,,,5000,T_above_Tc,,,,,
FeSe1-xSx,iron_chalcogenide_11,,elsevier_10.1016_j.physc.2016.05.023_VISION_PASS_LONG,A2,14.0,substructure_default,30.0,exact,,S1_v3_2_2B_extension,single_crystal,sample_form_conditional_median:single_crystal,20.0,1.0,,,,,5000,T_above_Tc,,,,,
FeSe1-xSx,iron_chalcogenide_11,,elsevier_10.1016_j.physc.2016.05.023_VISION_PASS_LONG,A2,14.0,substructure_default,30.0,exact,,S1_v3_2_2B_extension,single_crystal,sample_form_conditional_median:single_crystal,20.0,5.0,,,,,5000,T_above_Tc,,,,,
FeSe1-xSx,iron_chalcogenide_11,,elsevier_10.1016_j.physc.2016.05.023_VISION_PASS_LONG,A2,14.0,substructure_default,30.0,exact,,S1_v3_2_2B_extension,single_crystal,sample_form_conditional_median:single_crystal,10.78,0.1,,,,,5000,H_below_validated_reduced_field,5.637508879717117,5.521875956972551,5.816033367293775,0.0033333333333333,
FeSe1-xSx,iron_chalcogenide_11,,elsevier_10.1016_j.physc.2016.05.023_VISION_PASS_LONG,A2,14.0,substructure_default,30.0,exact,,S1_v3_2_2B_extension,single_crystal,sample_form_conditional_median:single_crystal,10.78,1.0,,,,,5000,H_below_validated_reduced_field,5.6191414549428,5.505225674307987,5.797842653708759,0.0333333333333333,
FeSe1-xSx,iron_chalcogenide_11,,elsevier_10.1016_j.physc.2016.05.023_VISION_PASS_LONG,A2,14.0,substructure_default,30.0,exact,,S1_v3_2_2B_extension,single_crystal,sample_form_conditional_median:single_crystal,10.78,5.0,,,,,5000,H_below_validated_reduced_field,5.53274816848381,5.412765865460124,5.715060362105001,0.1666666666666666,
FeSe1-xSx,iron_chalcogenide_11,,elsevier_10.1016_j.physc.2016.05.023_VISION_PASS_LONG,A2,14.0,substructure_default,30.0,exact,,S1_v3_2_2B_extension,single_crystal,sample_form_conditional_median:single_crystal,4.2,0.1,,,,,5000,H_below_validated_reduced_field,5.99788020316565,5.9654169680036055,6.176213825966855,0.0033333333333333,
FeSe1-xSx,iron_chalcogenide_11,,elsevier_10.1016_j.physc.2016.05.023_VISION_PASS_LONG,A2,14.0,substructure_default,30.0,exact,,S1_v3_2_2B_extension,single_crystal,sample_form_conditional_median:single_crystal,4.2,1.0,,,,,5000,H_below_validated_reduced_field,5.980832338565287,5.946533350226875,6.1576892411153255,0.0333333333333333,
FeSe1-xSx,iron_chalcogenide_11,,elsevier_10.1016_j.physc.2016.05.023_VISION_PASS_LONG,A2,14.0,substructure_default,30.0,exact,,S1_v3_2_2B_extension,single_crystal,sample_form_conditional_median:single_crystal,4.2,5.0,,,,,5000,H_below_validated_reduced_field,5.899161323997333,5.855460582393574,6.071641368481596,0.1666666666666666,
FeSe1-xSx,iron_chalcogenide_11,,elsevier_10.1016_j.physc.2016.05.023_VISION_PASS_LONG,A2,14.0,substructure_default,30.0,exact,,S1_v3_2_2B_extension,single_crystal,sample_form_conditional_median:single_crystal,20.0,0.1,,,,,5000,T_above_Tc,,,,,
FeSe1-xSx,iron_chalcogenide_11,,elsevier_10.1016_j.physc.2016.05.023_VISION_PASS_LONG,A2,14.0,substructure_default,30.0,exact,,S1_v3_2_2B_extension,single_crystal,sample_form_conditional_median:single_crystal,20.0,1.0,,,,,5000,T_above_Tc,,,,,
FeSe1-xSx,iron_chalcogenide_11,,elsevier_10.1016_j.physc.2016.05.023_VISION_PASS_LONG,A2,14.0,substructure_default,30.0,exact,,S1_v3_2_2B_extension,single_crystal,sample_form_conditional_median:single_crystal,20.0,5.0,,,,,5000,T_above_Tc,,,,,
FeSe1-xSx,iron_chalcogenide_11,,elsevier_10.1016_j.physc.2016.05.023_VISION_PASS_LONG,A2,14.0,substructure_default,30.0,exact,,S1_v3_2_2B_extension,single_crystal,sample_form_conditional_median:single_crystal,10.78,0.1,,,,,5000,H_below_validated_reduced_field,5.63769974449257,5.521080990541562,5.813517722416956,0.0033333333333333,
FeSe1-xSx,iron_chalcogenide_11,,elsevier_10.1016_j.physc.2016.05.023_VISION_PASS_LONG,A2,14.0,substructure_default,30.0,exact,,S1_v3_2_2B_extension,single_crystal,sample_form_conditional_median:single_crystal,10.78,1.0,,,,,5000,H_below_validated_reduced_field,5.619667505218276,5.504932147588268,5.797512762099467,0.0333333333333333,
FeSe1-xSx,iron_chalcogenide_11,,elsevier_10.1016_j.physc.2016.05.023_VISION_PASS_LONG,A2,14.0,substructure_default,30.0,exact,,S1_v3_2_2B_extension,single_crystal,sample_form_conditional_median:single_crystal,10.78,5.0,,,,,5000,H_below_validated_reduced_field,5.53472579730852,5.41458462997366,5.718501535920482,0.1666666666666666,
CaFe2As2,iron_pnictide_122,,elsevier_10.1038_s41598-021-86728-8_PATH_AC_VISION_PASS_LONG,A2,22.0,substructure_default,50.0,exact,,S1_v3_2_2B_extension,single_crystal,sample_form_conditional_median:single_crystal,4.2,0.1,,,,,5000,H_below_validated_reduced_field,5.746354490991693,5.635326719245767,5.804297695181981,0.002,
CaFe2As2,iron_pnictide_122,,elsevier_10.1038_s41598-021-86728-8_PATH_AC_VISION_PASS_LONG,A2,22.0,substructure_default,50.0,exact,,S1_v3_2_2B_extension,single_crystal,sample_form_conditional_median:single_crystal,4.2,1.0,,,,,5000,H_below_validated_reduced_field,5.741472784871311,5.631403215548616,5.800080599223015,0.02,
CaFe2As2,iron_pnictide_122,,elsevier_10.1038_s41598-021-86728-8_PATH_AC_VISION_PASS_LONG,A2,22.0,substructure_default,50.0,exact,,S1_v3_2_2B_extension,single_crystal,sample_form_conditional_median:single_crystal,4.2,5.0,,,,,5000,H_below_validated_reduced_field,5.71476041260463,5.602104237010964,5.780185352879332,0.1,
CaFe2As2,iron_pnictide_122,,elsevier_10.1038_s41598-021-86728-8_PATH_AC_VISION_PASS_LONG,A2,22.0,substructure_default,50.0,exact,,S1_v3_2_2B_extension,single_crystal,sample_form_conditional_median:single_crystal,20.0,0.1,,,,,5000,H_below_validated_reduced_field,3.976968857342053,3.323015573598416,4.261813524750908,0.002,
CaFe2As2,iron_pnictide_122,,elsevier_10.1038_s41598-021-86728-8_PATH_AC_VISION_PASS_LONG,A2,22.0,substructure_default,50.0,exact,,S1_v3_2_2B_extension,single_crystal,sample_form_conditional_median:single_crystal,20.0,1.0,,,,,5000,H_below_validated_reduced_field,3.97217145666747,3.318588220767642,4.25514390651884,0.02,
CaFe2As2,iron_pnictide_122,,elsevier_10.1038_s41598-021-86728-8_PATH_AC_VISION_PASS_LONG,A2,22.0,substructure_default,50.0,exact,,S1_v3_2_2B_extension,single_crystal,sample_form_conditional_median:single_crystal,20.0,5.0,,,,,5000,H_below_validated_reduced_field,3.950232694360959,3.297599365038607,4.232913567539672,0.1,
CaFe2As2,iron_pnictide_122,,elsevier_10.1038_s41598-021-86728-8_PATH_AC_VISION_PASS_LONG,A2,22.0,substructure_default,50.0,exact,,S1_v3_2_2B_extension,single_crystal,sample_form_conditional_median:single_crystal,16.94,0.1,,,,,5000,H_below_validated_reduced_field,4.717666471051823,4.342173702912915,4.901179312427715,0.002,
CaFe2As2,iron_pnictide_122,,elsevier_10.1038_s41598-021-86728-8_PATH_AC_VISION_PASS_LONG,A2,22.0,substructure_default,50.0,exact,,S1_v3_2_2B_extension,single_crystal,sample_form_conditional_median:single_crystal,16.94,1.0,,,,,5000,H_below_validated_reduced_field,4.713098600984582,4.3363371585411015,4.896564148764503,0.02,
CaFe2As2,iron_pnictide_122,,elsevier_10.1038_s41598-021-86728-8_PATH_AC_VISION_PASS_LONG,A2,22.0,substructure_default,50.0,exact,,S1_v3_2_2B_extension,single_crystal,sample_form_conditional_median:single_crystal,16.94,5.0,,,,,5000,H_below_validated_reduced_field,4.69014314095014,4.314660643902581,4.875029691403644,0.1,
"Ba(Fe,Co)2As2",iron_pnictide_122,,elsevier_10.1016_j.mtphys.2022.100783_VISION_PASS_LONG,A2,22.0,substructure_default,50.0,exact,,S1_v3_2_2B_extension,single_crystal,sample_form_conditional_median:single_crystal,4.2,0.1,,,,,5000,H_below_validated_reduced_field,5.746354490991693,5.635326719245767,5.804297695181981,0.002,
"Ba(Fe,Co)2As2",iron_pnictide_122,,elsevier_10.1016_j.mtphys.2022.100783_VISION_PASS_LONG,A2,22.0,substructure_default,50.0,exact,,S1_v3_2_2B_extension,single_crystal,sample_form_conditional_median:single_crystal,4.2,1.0,,,,,5000,H_below_validated_reduced_field,5.741794944878735,5.629278976231039,5.800164409013806,0.02,
"Ba(Fe,Co)2As2",iron_pnictide_122,,elsevier_10.1016_j.mtphys.2022.100783_VISION_PASS_LONG,A2,22.0,substructure_default,50.0,exact,,S1_v3_2_2B_extension,single_crystal,sample_form_conditional_median:single_crystal,4.2,5.0,,,,,5000,H_below_validated_reduced_field,5.715392733506044,5.598087418893487,5.779744279872412,0.1,
"Ba(Fe,Co)2As2",iron_pnictide_122,,elsevier_10.1016_j.mtphys.2022.100783_VISION_PASS_LONG,A2,22.0,substructure_default,50.0,exact,,S1_v3_2_2B_extension,single_crystal,sample_form_conditional_median:single_crystal,20.0,0.1,,,,,5000,H_below_validated_reduced_field,3.9739826449875375,3.3376673231202845,4.261813532157063,0.002,
"Ba(Fe,Co)2As2",iron_pnictide_122,,elsevier_10.1016_j.mtphys.2022.100783_VISION_PASS_LONG,A2,22.0,substructure_default,50.0,exact,,S1_v3_2_2B_extension,single_crystal,sample_form_conditional_median:single_crystal,20.0,1.0,,,,,5000,H_below_validated_reduced_field,3.968356895877376,3.331630147984142,4.255534915532441,0.02,
"Ba(Fe,Co)2As2",iron_pnictide_122,,elsevier_10.1016_j.mtphys.2022.100783_VISION_PASS_LONG,A2,22.0,substructure_default,50.0,exact,,S1_v3_2_2B_extension,single_crystal,sample_form_conditional_median:single_crystal,20.0,5.0,,,,,5000,H_below_validated_reduced_field,3.9441294064870087,3.307184763084997,4.231180498763752,0.1,
"Ba(Fe,Co)2As2",iron_pnictide_122,,elsevier_10.1016_j.mtphys.2022.100783_VISION_PASS_LONG,A2,22.0,substructure_default,50.0,exact,,S1_v3_2_2B_extension,single_crystal,sample_form_conditional_median:single_crystal,16.94,0.1,,,,,5000,H_below_validated_reduced_field,4.716523374147064,4.345160837149249,4.900117458244485,0.002,
"Ba(Fe,Co)2As2",iron_pnictide_122,,elsevier_10.1016_j.mtphys.2022.100783_VISION_PASS_LONG,A2,22.0,substructure_default,50.0,exact,,S1_v3_2_2B_extension,single_crystal,sample_form_conditional_median:single_crystal,16.94,1.0,,,,,5000,H_below_validated_reduced_field,4.71128310571376,4.3406566893028105,4.895187402969868,0.02,
"Ba(Fe,Co)2As2",iron_pnictide_122,,elsevier_10.1016_j.mtphys.2022.100783_VISION_PASS_LONG,A2,22.0,substructure_default,50.0,exact,,S1_v3_2_2B_extension,single_crystal,sample_form_conditional_median:single_crystal,16.94,5.0,,,,,5000,H_below_validated_reduced_field,4.686660885306378,4.319611936247538,4.87299878671193,0.1,
"Ba(Fe,Co)2As2",iron_pnictide_122,,elsevier_10.1016_j.mtphys.2022.100783_VISION_PASS_LONG,A2,22.0,substructure_default,50.0,exact,,S1_v3_2_2B_extension,single_crystal,sample_form_conditional_median:single_crystal,4.2,0.1,,,,,5000,H_below_validated_reduced_field,5.746354490991693,5.635326719245767,5.80286845255883,0.002,
"Ba(Fe,Co)2As2",iron_pnictide_122,,elsevier_10.1016_j.mtphys.2022.100783_VISION_PASS_LONG,A2,22.0,substructure_default,50.0,exact,,S1_v3_2_2B_extension,single_crystal,sample_form_conditional_median:single_crystal,4.2,1.0,,,,,5000,H_below_validated_reduced_field,5.741601371428844,5.629477389017176,5.798166162363851,0.02,
"Ba(Fe,Co)2As2",iron_pnictide_122,,elsevier_10.1016_j.mtphys.2022.100783_VISION_PASS_LONG,A2,22.0,substructure_default,50.0,exact,,S1_v3_2_2B_extension,single_crystal,sample_form_conditional_median:single_crystal,4.2,5.0,,,,,5000,H_below_validated_reduced_field,5.715833816790853,5.5992299240929,5.779085292914403,0.1,
"Ba(Fe,Co)2As2",iron_pnictide_122,,elsevier_10.1016_j.mtphys.2022.100783_VISION_PASS_LONG,A2,22.0,substructure_default,50.0,exact,,S1_v3_2_2B_extension,single_crystal,sample_form_conditional_median:single_crystal,20.0,0.1,,,,,5000,H_below_validated_reduced_field,3.980488904225547,3.354521217306623,4.264393085196215,0.002,
"Ba(Fe,Co)2As2",iron_pnictide_122,,elsevier_10.1016_j.mtphys.2022.100783_VISION_PASS_LONG,A2,22.0,substructure_default,50.0,exact,,S1_v3_2_2B_extension,single_crystal,sample_form_conditional_median:single_crystal,20.0,1.0,,,,,5000,H_below_validated_reduced_field,3.97489584574935,3.345542427788025,4.259926914700246,0.02,
"Ba(Fe,Co)2As2",iron_pnictide_122,,elsevier_10.1016_j.mtphys.2022.100783_VISION_PASS_LONG,A2,22.0,substructure_default,50.0,exact,,S1_v3_2_2B_extension,single_crystal,sample_form_conditional_median:single_crystal,20.0,5.0,,,,,5000,H_below_validated_reduced_field,3.951895078050079,3.3201845374926,4.237827136694417,0.1,
"Ba(Fe,Co)2As2",iron_pnictide_122,,elsevier_10.1016_j.mtphys.2022.100783_VISION_PASS_LONG,A2,22.0,substructure_default,50.0,exact,,S1_v3_2_2B_extension,single_crystal,sample_form_conditional_median:single_crystal,16.94,0.1,,,,,5000,H_below_validated_reduced_field,4.7175301456730345,4.354765566127099,4.902204544754011,0.002,
"Ba(Fe,Co)2As2",iron_pnictide_122,,elsevier_10.1016_j.mtphys.2022.100783_VISION_PASS_LONG,A2,22.0,substructure_default,50.0,exact,,S1_v3_2_2B_extension,single_crystal,sample_form_conditional_median:single_crystal,16.94,1.0,,,,,5000,H_below_validated_reduced_field,4.713402083844011,4.352062040557814,4.898391247842929,0.02,
"Ba(Fe,Co)2As2",iron_pnictide_122,,elsevier_10.1016_j.mtphys.2022.100783_VISION_PASS_LONG,A2,22.0,substructure_default,50.0,exact,,S1_v3_2_2B_extension,single_crystal,sample_form_conditional_median:single_crystal,16.94,5.0,,,,,5000,H_below_validated_reduced_field,4.690780845776628,4.330783988880622,4.877674352647359,0.1,
"Ba(Fe,Co)2As2",iron_pnictide_122,,elsevier_10.1016_j.mtphys.2022.100783_VISION_PASS_LONG,A2,22.0,substructure_default,50.0,exact,,S1_v3_2_2B_extension,single_crystal,sample_form_conditional_median:single_crystal,4.2,0.1,,,,,5000,H_below_validated_reduced_field,5.746354490991693,5.635326719245767,5.804297695181981,0.002,
"Ba(Fe,Co)2As2",iron_pnictide_122,,elsevier_10.1016_j.mtphys.2022.100783_VISION_PASS_LONG,A2,22.0,substructure_default,50.0,exact,,S1_v3_2_2B_extension,single_crystal,sample_form_conditional_median:single_crystal,4.2,1.0,,,,,5000,H_below_validated_reduced_field,5.741937693097867,5.631409859572171,5.800272506712911,0.02,
"Ba(Fe,Co)2As2",iron_pnictide_122,,elsevier_10.1016_j.mtphys.2022.100783_VISION_PASS_LONG,A2,22.0,substructure_default,50.0,exact,,S1_v3_2_2B_extension,single_crystal,sample_form_conditional_median:single_crystal,4.2,5.0,,,,,5000,H_below_validated_reduced_field,5.716128941739685,5.600726102061265,5.780596949122076,0.1,
"Ba(Fe,Co)2As2",iron_pnictide_122,,elsevier_10.1016_j.mtphys.2022.100783_VISION_PASS_LONG,A2,22.0,substructure_default,50.0,exact,,S1_v3_2_2B_extension,single_crystal,sample_form_conditional_median:single_crystal,20.0,0.1,,,,,5000,H_below_validated_reduced_field,3.9739826457825216,3.3377279993218214,4.260470095220109,0.002,
"Ba(Fe,Co)2As2",iron_pnictide_122,,elsevier_10.1016_j.mtphys.2022.100783_VISION_PASS_LONG,A2,22.0,substructure_default,50.0,exact,,S1_v3_2_2B_extension,single_crystal,sample_form_conditional_median:single_crystal,20.0,1.0,,,,,5000,H_below_validated_reduced_field,3.967311066933612,3.3315011546593887,4.254676653963465,0.02,
"Ba(Fe,Co)2As2",iron_pnictide_122,,elsevier_10.1016_j.mtphys.2022.100783_VISION_PASS_LONG,A2,22.0,substructure_default,50.0,exact,,S1_v3_2_2B_extension,single_crystal,sample_form_conditional_median:single_crystal,20.0,5.0,,,,,5000,H_below_validated_reduced_field,3.94443770690696,3.312466095126384,4.231957682423164,0.1,
"Ba(Fe,Co)2As2",iron_pnictide_122,,elsevier_10.1016_j.mtphys.2022.100783_VISION_PASS_LONG,A2,22.0,substructure_default,50.0,exact,,S1_v3_2_2B_extension,single_crystal,sample_form_conditional_median:single_crystal,16.94,0.1,,,,,5000,H_below_validated_reduced_field,4.71637668693619,4.352673771120094,4.900117445421096,0.002,
"Ba(Fe,Co)2As2",iron_pnictide_122,,elsevier_10.1016_j.mtphys.2022.100783_VISION_PASS_LONG,A2,22.0,substructure_default,50.0,exact,,S1_v3_2_2B_extension,single_crystal,sample_form_conditional_median:single_crystal,16.94,1.0,,,,,5000,H_below_validated_reduced_field,4.710674045635493,4.347430875644396,4.895366361942523,0.02,
"Ba(Fe,Co)2As2",iron_pnictide_122,,elsevier_10.1016_j.mtphys.2022.100783_VISION_PASS_LONG,A2,22.0,substructure_default,50.0,exact,,S1_v3_2_2B_extension,single_crystal,sample_form_conditional_median:single_crystal,16.94,5.0,,,,,5000,H_below_validated_reduced_field,4.686733020559048,4.325505276459234,4.872192507873352,0.1,
"Ba(Fe,Co)2As2",iron_pnictide_122,,elsevier_10.1016_j.mtphys.2022.100783_VISION_PASS_LONG,A2,22.0,substructure_default,50.0,exact,,S1_v3_2_2B_extension,single_crystal,sample_form_conditional_median:single_crystal,4.2,0.1,,,,,5000,H_below_validated_reduced_field,5.746354490991693,5.635326719245767,5.813389291270404,0.002,
"Ba(Fe,Co)2As2",iron_pnictide_122,,elsevier_10.1016_j.mtphys.2022.100783_VISION_PASS_LONG,A2,22.0,substructure_default,50.0,exact,,S1_v3_2_2B_extension,single_crystal,sample_form_conditional_median:single_crystal,4.2,1.0,,,,,5000,H_below_validated_reduced_field,5.741472784871311,5.631077087781853,5.802318003686846,0.02,
"Ba(Fe,Co)2As2",iron_pnictide_122,,elsevier_10.1016_j.mtphys.2022.100783_VISION_PASS_LONG,A2,22.0,substructure_default,50.0,exact,,S1_v3_2_2B_extension,single_crystal,sample_form_conditional_median:single_crystal,4.2,5.0,,,,,5000,H_below_validated_reduced_field,5.714178328639415,5.600822011793873,5.784972109947273,0.1,
"Ba(Fe,Co)2As2",iron_pnictide_122,,elsevier_10.1016_j.mtphys.2022.100783_VISION_PASS_LONG,A2,22.0,substructure_default,50.0,exact,,S1_v3_2_2B_extension,single_crystal,sample_form_conditional_median:single_crystal,20.0,0.1,,,,,5000,H_below_validated_reduced_field,3.9746441513810313,3.319798306120732,4.26045615272749,0.002,
"Ba(Fe,Co)2As2",iron_pnictide_122,,elsevier_10.1016_j.mtphys.2022.100783_VISION_PASS_LONG,A2,22.0,substructure_default,50.0,exact,,S1_v3_2_2B_extension,single_crystal,sample_form_conditional_median:single_crystal,20.0,1.0,,,,,5000,H_below_validated_reduced_field,3.969192060098417,3.315705880550436,4.255488749693774,0.02,
"Ba(Fe,Co)2As2",iron_pnictide_122,,elsevier_10.1016_j.mtphys.2022.100783_VISION_PASS_LONG,A2,22.0,substructure_default,50.0,exact,,S1_v3_2_2B_extension,single_crystal,sample_form_conditional_median:single_crystal,20.0,5.0,,,,,5000,H_below_validated_reduced_field,3.945910580435616,3.293202142024952,4.229427999830144,0.1,
"Ba(Fe,Co)2As2",iron_pnictide_122,,elsevier_10.1016_j.mtphys.2022.100783_VISION_PASS_LONG,A2,22.0,substructure_default,50.0,exact,,S1_v3_2_2B_extension,single_crystal,sample_form_conditional_median:single_crystal,16.94,0.1,,,,,5000,H_below_validated_reduced_field,4.71637668693619,4.336525619221918,4.898827670148903,0.002,
"Ba(Fe,Co)2As2",iron_pnictide_122,,elsevier_10.1016_j.mtphys.2022.100783_VISION_PASS_LONG,A2,22.0,substructure_default,50.0,exact,,S1_v3_2_2B_extension,single_crystal,sample_form_conditional_median:single_crystal,16.94,1.0,,,,,5000,H_below_validated_reduced_field,4.711855559912184,4.33189684449052,4.894400664125328,0.02,
"Ba(Fe,Co)2As2",iron_pnictide_122,,elsevier_10.1016_j.mtphys.2022.100783_VISION_PASS_LONG,A2,22.0,substructure_default,50.0,exact,,S1_v3_2_2B_extension,single_crystal,sample_form_conditional_median:single_crystal,16.94,5.0,,,,,5000,H_below_validated_reduced_field,4.688515212108931,4.307237906104547,4.870762288751774,0.1,
"Ba(Fe,Co)2As2",iron_pnictide_122,,elsevier_10.1016_j.mtphys.2022.100783_VISION_PASS_LONG,A2,22.0,substructure_default,50.0,exact,,S1_v3_2_2B_extension,single_crystal,sample_form_conditional_median:single_crystal,4.2,0.1,,,,,5000,H_below_validated_reduced_field,5.746354490991693,5.635326719245767,5.813389291270404,0.002,
"Ba(Fe,Co)2As2",iron_pnictide_122,,elsevier_10.1016_j.mtphys.2022.100783_VISION_PASS_LONG,A2,22.0,substructure_default,50.0,exact,,S1_v3_2_2B_extension,single_crystal,sample_form_conditional_median:single_crystal,4.2,1.0,,,,,5000,H_below_validated_reduced_field,5.741095917472194,5.631409631675387,5.8075399610418135,0.02,
"Ba(Fe,Co)2As2",iron_pnictide_122,,elsevier_10.1016_j.mtphys.2022.100783_VISION_PASS_LONG,A2,22.0,substructure_default,50.0,exact,,S1_v3_2_2B_extension,single_crystal,sample_form_conditional_median:single_crystal,4.2,5.0,,,,,5000,H_below_validated_reduced_field,5.714426985660092,5.6007539703026845,5.785221903137696,0.1,
"Ba(Fe,Co)2As2",iron_pnictide_122,,elsevier_10.1016_j.mtphys.2022.100783_VISION_PASS_LONG,A2,22.0,substructure_default,50.0,exact,,S1_v3_2_2B_extension,single_crystal,sample_form_conditional_median:single_crystal,20.0,0.1,,,,,5000,H_below_validated_reduced_field,3.97845521780554,3.3319226916104103,4.250920226302985,0.002,
"Ba(Fe,Co)2As2",iron_pnictide_122,,elsevier_10.1016_j.mtphys.2022.100783_VISION_PASS_LONG,A2,22.0,substructure_default,50.0,exact,,S1_v3_2_2B_extension,single_crystal,sample_form_conditional_median:single_crystal,20.0,1.0,,,,,5000,H_below_validated_reduced_field,3.9729427048875134,3.3260615812698964,4.246686930028213,0.02,
"Ba(Fe,Co)2As2",iron_pnictide_122,,elsevier_10.1016_j.mtphys.2022.100783_VISION_PASS_LONG,A2,22.0,substructure_default,50.0,exact,,S1_v3_2_2B_extension,single_crystal,sample_form_conditional_median:single_crystal,20.0,5.0,,,,,5000,H_below_validated_reduced_field,3.947556637763312,3.3062866763967755,4.225436733574869,0.1,
"Ba(Fe,Co)2As2",iron_pnictide_122,,elsevier_10.1016_j.mtphys.2022.100783_VISION_PASS_LONG,A2,22.0,substructure_default,50.0,exact,,S1_v3_2_2B_extension,single_crystal,sample_form_conditional_median:single_crystal,16.94,0.1,,,,,5000,H_below_validated_reduced_field,4.718932527525396,4.348404803991501,4.89530227073589,0.002,
"Ba(Fe,Co)2As2",iron_pnictide_122,,elsevier_10.1016_j.mtphys.2022.100783_VISION_PASS_LONG,A2,22.0,substructure_default,50.0,exact,,S1_v3_2_2B_extension,single_crystal,sample_form_conditional_median:single_crystal,16.94,1.0,,,,,5000,H_below_validated_reduced_field,4.713884908499539,4.343456428201149,4.890050342408242,0.02,
"Ba(Fe,Co)2As2",iron_pnictide_122,,elsevier_10.1016_j.mtphys.2022.100783_VISION_PASS_LONG,A2,22.0,substructure_default,50.0,exact,,S1_v3_2_2B_extension,single_crystal,sample_form_conditional_median:single_crystal,16.94,5.0,,,,,5000,H_below_validated_reduced_field,4.689976170869583,4.322204444045629,4.8681385768985095,0.1,
"Ba(Fe,Co)2As2",iron_pnictide_122,,elsevier_10.1016_j.mtphys.2022.100783_VISION_PASS_LONG,A2,22.0,substructure_default,50.0,exact,,S1_v3_2_2B_extension,single_crystal,sample_form_conditional_median:single_crystal,4.2,0.1,,,,,5000,H_below_validated_reduced_field,5.746354490991693,5.635326719245767,5.804297695181981,0.002,
"Ba(Fe,Co)2As2",iron_pnictide_122,,elsevier_10.1016_j.mtphys.2022.100783_VISION_PASS_LONG,A2,22.0,substructure_default,50.0,exact,,S1_v3_2_2B_extension,single_crystal,sample_form_conditional_median:single_crystal,4.2,1.0,,,,,5000,H_below_validated_reduced_field,5.741686674181285,5.63065355520261,5.798917819512779,0.02,
"Ba(Fe,Co)2As2",iron_pnictide_122,,elsevier_10.1016_j.mtphys.2022.100783_VISION_PASS_LONG,A2,22.0,substructure_default,50.0,exact,,S1_v3_2_2B_extension,single_crystal,sample_form_conditional_median:single_crystal,4.2,5.0,,,,,5000,H_below_validated_reduced_field,5.715919385856288,5.600726102061265,5.779575122626036,0.1,
"Ba(Fe,Co)2As2",iron_pnictide_122,,elsevier_10.1016_j.mtphys.2022.100783_VISION_PASS_LONG,A2,22.0,substructure_default,50.0,exact,,S1_v3_2_2B_extension,single_crystal,sample_form_conditional_median:single_crystal,20.0,0.1,,,,,5000,H_below_validated_reduced_field,3.980488904225547,3.311848709777765,4.260860652174764,0.002,
"Ba(Fe,Co)2As2",iron_pnictide_122,,elsevier_10.1016_j.mtphys.2022.100783_VISION_PASS_LONG,A2,22.0,substructure_default,50.0,exact,,S1_v3_2_2B_extension,single_crystal,sample_form_conditional_median:single_crystal,20.0,1.0,,,,,5000,H_below_validated_reduced_field,3.974860442559023,3.3071373829453057,4.255143892740343,0.02,
"Ba(Fe,Co)2As2",iron_pnictide_122,,elsevier_10.1016_j.mtphys.2022.100783_VISION_PASS_LONG,A2,22.0,substructure_default,50.0,exact,,S1_v3_2_2B_extension,single_crystal,sample_form_conditional_median:single_crystal,20.0,5.0,,,,,5000,H_below_validated_reduced_field,3.950594841208087,3.2817875691572294,4.228791332958006,0.1,
"Ba(Fe,Co)2As2",iron_pnictide_122,,elsevier_10.1016_j.mtphys.2022.100783_VISION_PASS_LONG,A2,22.0,substructure_default,50.0,exact,,S1_v3_2_2B_extension,single_crystal,sample_form_conditional_median:single_crystal,16.94,0.1,,,,,5000,H_below_validated_reduced_field,4.719605452829709,4.333850394293044,4.900117449791791,0.002,
"Ba(Fe,Co)2As2",iron_pnictide_122,,elsevier_10.1016_j.mtphys.2022.100783_VISION_PASS_LONG,A2,22.0,substructure_default,50.0,exact,,S1_v3_2_2B_extension,single_crystal,sample_form_conditional_median:single_crystal,16.94,1.0,,,,,5000,H_below_validated_reduced_field,4.714883290452425,4.328897194976462,4.894543130108686,0.02,
"Ba(Fe,Co)2As2",iron_pnictide_122,,elsevier_10.1016_j.mtphys.2022.100783_VISION_PASS_LONG,A2,22.0,substructure_default,50.0,exact,,S1_v3_2_2B_extension,single_crystal,sample_form_conditional_median:single_crystal,16.94,5.0,,,,,5000,H_below_validated_reduced_field,4.691837010717981,4.308814189042047,4.873301519586939,0.1,
"Ba(Fe,Co)2As2",iron_pnictide_122,,elsevier_10.1016_j.mtphys.2022.100783_VISION_PASS_LONG,A2,22.0,substructure_default,50.0,exact,,S1_v3_2_2B_extension,single_crystal,sample_form_conditional_median:single_crystal,4.2,0.1,,,,,5000,H_below_validated_reduced_field,5.746354490991693,5.635326719245767,5.813389291270404,0.002,
"Ba(Fe,Co)2As2",iron_pnictide_122,,elsevier_10.1016_j.mtphys.2022.100783_VISION_PASS_LONG,A2,22.0,substructure_default,50.0,exact,,S1_v3_2_2B_extension,single_crystal,sample_form_conditional_median:single_crystal,4.2,1.0,,,,,5000,H_below_validated_reduced_field,5.740902344022302,5.629460607153749,5.807152814142032,0.02,
"Ba(Fe,Co)2As2",iron_pnictide_122,,elsevier_10.1016_j.mtphys.2022.100783_VISION_PASS_LONG,A2,22.0,substructure_default,50.0,exact,,S1_v3_2_2B_extension,single_crystal,sample_form_conditional_median:single_crystal,4.2,5.0,,,,,5000,H_below_validated_reduced_field,5.713615873229743,5.596400637151457,5.783528120845082,0.1,
"Ba(Fe,Co)2As2",iron_pnictide_122,,elsevier_10.1016_j.mtphys.2022.100783_VISION_PASS_LONG,A2,22.0,substructure_default,50.0,exact,,S1_v3_2_2B_extension,single_crystal,sample_form_conditional_median:single_crystal,20.0,0.1,,,,,5000,H_below_validated_reduced_field,3.972277212589029,3.34587751408378,4.261813516964949,0.002,
"Ba(Fe,Co)2As2",iron_pnictide_122,,elsevier_10.1016_j.mtphys.2022.100783_VISION_PASS_LONG,A2,22.0,substructure_default,50.0,exact,,S1_v3_2_2B_extension,single_crystal,sample_form_conditional_median:single_crystal,20.0,1.0,,,,,5000,H_below_validated_reduced_field,3.966451059279138,3.3397486552964386,4.255964194509773,0.02,
"Ba(Fe,Co)2As2",iron_pnictide_122,,elsevier_10.1016_j.mtphys.2022.100783_VISION_PASS_LONG,A2,22.0,substructure_default,50.0,exact,,S1_v3_2_2B_extension,single_crystal,sample_form_conditional_median:single_crystal,20.0,5.0,,,,,5000,H_below_validated_reduced_field,3.9431501067080665,3.316661708125856,4.233117161354375,0.1,
"Ba(Fe,Co)2As2",iron_pnictide_122,,elsevier_10.1016_j.mtphys.2022.100783_VISION_PASS_LONG,A2,22.0,substructure_default,50.0,exact,,S1_v3_2_2B_extension,single_crystal,sample_form_conditional_median:single_crystal,16.94,0.1,,,,,5000,H_below_validated_reduced_field,4.716523374147064,4.354765566127099,4.900118474389754,0.002,
"Ba(Fe,Co)2As2",iron_pnictide_122,,elsevier_10.1016_j.mtphys.2022.100783_VISION_PASS_LONG,A2,22.0,substructure_default,50.0,exact,,S1_v3_2_2B_extension,single_crystal,sample_form_conditional_median:single_crystal,16.94,1.0,,,,,5000,H_below_validated_reduced_field,4.711356450177707,4.351376361975811,4.89647577693666,0.02,
"Ba(Fe,Co)2As2",iron_pnictide_122,,elsevier_10.1016_j.mtphys.2022.100783_VISION_PASS_LONG,A2,22.0,substructure_default,50.0,exact,,S1_v3_2_2B_extension,single_crystal,sample_form_conditional_median:single_crystal,16.94,5.0,,,,,5000,H_below_validated_reduced_field,4.686619782480846,4.323758772712482,4.875174740699768,0.1,
"Ba(Fe,Co)2As2",iron_pnictide_122,,elsevier_10.1016_j.mtphys.2022.100783_VISION_PASS_LONG,A2,22.0,substructure_default,50.0,exact,,S1_v3_2_2B_extension,single_crystal,sample_form_conditional_median:single_crystal,4.2,0.1,,,,,5000,H_below_validated_reduced_field,5.746354490991693,5.635326719245767,5.802831805312083,0.002,
"Ba(Fe,Co)2As2",iron_pnictide_122,,elsevier_10.1016_j.mtphys.2022.100783_VISION_PASS_LONG,A2,22.0,substructure_default,50.0,exact,,S1_v3_2_2B_extension,single_crystal,sample_form_conditional_median:single_crystal,4.2,1.0,,,,,5000,H_below_validated_reduced_field,5.741095917472194,5.631678160819556,5.797972927720905,0.02,
"Ba(Fe,Co)2As2",iron_pnictide_122,,elsevier_10.1016_j.mtphys.2022.100783_VISION_PASS_LONG,A2,22.0,substructure_default,50.0,exact,,S1_v3_2_2B_extension,single_crystal,sample_form_conditional_median:single_crystal,4.2,5.0,,,,,5000,H_below_validated_reduced_field,5.71371497840829,5.603678963195124,5.777801897777431,0.1,
"Ba(Fe,Co)2As2",iron_pnictide_122,,elsevier_10.1016_j.mtphys.2022.100783_VISION_PASS_LONG,A2,22.0,substructure_default,50.0,exact,,S1_v3_2_2B_extension,single_crystal,sample_form_conditional_median:single_crystal,20.0,0.1,,,,,5000,H_below_validated_reduced_field,3.97420622986626,3.324127330720912,4.252711014517114,0.002,
"Ba(Fe,Co)2As2",iron_pnictide_122,,elsevier_10.1016_j.mtphys.2022.100783_VISION_PASS_LONG,A2,22.0,substructure_default,50.0,exact,,S1_v3_2_2B_extension,single_crystal,sample_form_conditional_median:single_crystal,20.0,1.0,,,,,5000,H_below_validated_reduced_field,3.9691045384700776,3.3172935955032314,4.2485622225619375,0.02,
"Ba(Fe,Co)2As2",iron_pnictide_122,,elsevier_10.1016_j.mtphys.2022.100783_VISION_PASS_LONG,A2,22.0,substructure_default,50.0,exact,,S1_v3_2_2B_extension,single_crystal,sample_form_conditional_median:single_crystal,20.0,5.0,,,,,5000,H_below_validated_reduced_field,3.946226241974905,3.294298380058559,4.228361531653074,0.1,
"Ba(Fe,Co)2As2",iron_pnictide_122,,elsevier_10.1016_j.mtphys.2022.100783_VISION_PASS_LONG,A2,22.0,substructure_default,50.0,exact,,S1_v3_2_2B_extension,single_crystal,sample_form_conditional_median:single_crystal,16.94,0.1,,,,,5000,H_below_validated_reduced_field,4.71704232524743,4.342380954114396,4.895890242056062,0.002,
"Ba(Fe,Co)2As2",iron_pnictide_122,,elsevier_10.1016_j.mtphys.2022.100783_VISION_PASS_LONG,A2,22.0,substructure_default,50.0,exact,,S1_v3_2_2B_extension,single_crystal,sample_form_conditional_median:single_crystal,16.94,1.0,,,,,5000,H_below_validated_reduced_field,4.7125109668125695,4.335784269131056,4.88998148486089,0.02,
"Ba(Fe,Co)2As2",iron_pnictide_122,,elsevier_10.1016_j.mtphys.2022.100783_VISION_PASS_LONG,A2,22.0,substructure_default,50.0,exact,,S1_v3_2_2B_extension,single_crystal,sample_form_conditional_median:single_crystal,16.94,5.0,,,,,5000,H_below_validated_reduced_field,4.687579094440362,4.311089831169731,4.870511185080526,0.1,
"Ba(Fe,Co)2As2",iron_pnictide_122,,elsevier_10.1016_j.mtphys.2022.100783_VISION_PASS_LONG,A2,22.0,substructure_default,50.0,exact,,S1_v3_2_2B_extension,single_crystal,sample_form_conditional_median:single_crystal,4.2,0.1,,,,,5000,H_below_validated_reduced_field,5.746354490991693,5.635326719245767,5.804297695181981,0.002,
"Ba(Fe,Co)2As2",iron_pnictide_122,,elsevier_10.1016_j.mtphys.2022.100783_VISION_PASS_LONG,A2,22.0,substructure_default,50.0,exact,,S1_v3_2_2B_extension,single_crystal,sample_form_conditional_median:single_crystal,4.2,1.0,,,,,5000,H_below_validated_reduced_field,5.740214800588266,5.629467710344682,5.800090290467692,0.02,
"Ba(Fe,Co)2As2",iron_pnictide_122,,elsevier_10.1016_j.mtphys.2022.100783_VISION_PASS_LONG,A2,22.0,substructure_default,50.0,exact,,S1_v3_2_2B_extension,single_crystal,sample_form_conditional_median:single_crystal,4.2,5.0,,,,,5000,H_below_validated_reduced_field,5.7122284483701655,5.598175428682214,5.7807176278254495,0.1,
"Ba(Fe,Co)2As2",iron_pnictide_122,,elsevier_10.1016_j.mtphys.2022.100783_VISION_PASS_LONG,A2,22.0,substructure_default,50.0,exact,,S1_v3_2_2B_extension,single_crystal,sample_form_conditional_median:single_crystal,20.0,0.1,,,,,5000,H_below_validated_reduced_field,3.97420622986626,3.3362019913207326,4.253079363534689,0.002,
"Ba(Fe,Co)2As2",iron_pnictide_122,,elsevier_10.1016_j.mtphys.2022.100783_VISION_PASS_LONG,A2,22.0,substructure_default,50.0,exact,,S1_v3_2_2B_extension,single_crystal,sample_form_conditional_median:single_crystal,20.0,1.0,,,,,5000,H_below_validated_reduced_field,3.9694411590481753,3.3295300388121607,4.247496949375131,0.02,
"Ba(Fe,Co)2As2",iron_pnictide_122,,elsevier_10.1016_j.mtphys.2022.100783_VISION_PASS_LONG,A2,22.0,substructure_default,50.0,exact,,S1_v3_2_2B_extension,single_crystal,sample_form_conditional_median:single_crystal,20.0,5.0,,,,,5000,H_below_validated_reduced_field,3.94575988826412,3.3033641699873115,4.226920336666785,0.1,
"Ba(Fe,Co)2As2",iron_pnictide_122,,elsevier_10.1016_j.mtphys.2022.100783_VISION_PASS_LONG,A2,22.0,substructure_default,50.0,exact,,S1_v3_2_2B_extension,single_crystal,sample_form_conditional_median:single_crystal,16.94,0.1,,,,,5000,H_below_validated_reduced_field,4.716523377581102,4.344734050891507,4.898827661305464,0.002,
"Ba(Fe,Co)2As2",iron_pnictide_122,,elsevier_10.1016_j.mtphys.2022.100783_VISION_PASS_LONG,A2,22.0,substructure_default,50.0,exact,,S1_v3_2_2B_extension,single_crystal,sample_form_conditional_median:single_crystal,16.94,1.0,,,,,5000,H_below_validated_reduced_field,4.711855560770694,4.3396062998061495,4.8921817202365645,0.02,
"Ba(Fe,Co)2As2",iron_pnictide_122,,elsevier_10.1016_j.mtphys.2022.100783_VISION_PASS_LONG,A2,22.0,substructure_default,50.0,exact,,S1_v3_2_2B_extension,single_crystal,sample_form_conditional_median:single_crystal,16.94,5.0,,,,,5000,H_below_validated_reduced_field,4.688447734399112,4.317282095850895,4.872231964775443,0.1,
"Ba(Fe,Co)2As2",iron_pnictide_122,,elsevier_10.1016_j.mtphys.2022.100783_VISION_PASS_LONG,A2,22.0,substructure_default,50.0,exact,,S1_v3_2_2B_extension,single_crystal,sample_form_conditional_median:single_crystal,4.2,0.1,,,,,5000,H_below_validated_reduced_field,5.746354490991693,5.616253626881896,5.802165025000917,0.002,
"Ba(Fe,Co)2As2",iron_pnictide_122,,elsevier_10.1016_j.mtphys.2022.100783_VISION_PASS_LONG,A2,22.0,substructure_default,50.0,exact,,S1_v3_2_2B_extension,single_crystal,sample_form_conditional_median:single_crystal,4.2,1.0,,,,,5000,H_below_validated_reduced_field,5.740505160763102,5.612219708245731,5.795156833147564,0.02,
"Ba(Fe,Co)2As2",iron_pnictide_122,,elsevier_10.1016_j.mtphys.2022.100783_VISION_PASS_LONG,A2,22.0,substructure_default,50.0,exact,,S1_v3_2_2B_extension,single_crystal,sample_form_conditional_median:single_crystal,4.2,5.0,,,,,5000,H_below_validated_reduced_field,5.713053417820071,5.593864601160592,5.777515186497339,0.1,
"Ba(Fe,Co)2As2",iron_pnictide_122,,elsevier_10.1016_j.mtphys.2022.100783_VISION_PASS_LONG,A2,22.0,substructure_default,50.0,exact,,S1_v3_2_2B_extension,single_crystal,sample_form_conditional_median:single_crystal,20.0,0.1,,,,,5000,H_below_validated_reduced_field,3.974641679902293,3.324618479954533,4.261813516964949,0.002,
"Ba(Fe,Co)2As2",iron_pnictide_122,,elsevier_10.1016_j.mtphys.2022.100783_VISION_PASS_LONG,A2,22.0,substructure_default,50.0,exact,,S1_v3_2_2B_extension,single_crystal,sample_form_conditional_median:single_crystal,20.0,1.0,,,,,5000,H_below_validated_reduced_field,3.969679176809239,3.3209553145744333,4.25617775333853,0.02,
"Ba(Fe,Co)2As2",iron_pnictide_122,,elsevier_10.1016_j.mtphys.2022.100783_VISION_PASS_LONG,A2,22.0,substructure_default,50.0,exact,,S1_v3_2_2B_extension,single_crystal,sample_form_conditional_median:single_crystal,20.0,5.0,,,,,5000,H_below_validated_reduced_field,3.945588628046562,3.299200606106872,4.23441912022429,0.1,
"Ba(Fe,Co)2As2",iron_pnictide_122,,elsevier_10.1016_j.mtphys.2022.100783_VISION_PASS_LONG,A2,22.0,substructure_default,50.0,exact,,S1_v3_2_2B_extension,single_crystal,sample_form_conditional_median:single_crystal,16.94,0.1,,,,,5000,H_below_validated_reduced_field,4.7158618169928825,4.342599742099698,4.901411995160354,0.002,
"Ba(Fe,Co)2As2",iron_pnictide_122,,elsevier_10.1016_j.mtphys.2022.100783_VISION_PASS_LONG,A2,22.0,substructure_default,50.0,exact,,S1_v3_2_2B_extension,single_crystal,sample_form_conditional_median:single_crystal,16.94,1.0,,,,,5000,H_below_validated_reduced_field,4.711229401263529,4.337798623194117,4.897798855544189,0.02,
"Ba(Fe,Co)2As2",iron_pnictide_122,,elsevier_10.1016_j.mtphys.2022.100783_VISION_PASS_LONG,A2,22.0,substructure_default,50.0,exact,,S1_v3_2_2B_extension,single_crystal,sample_form_conditional_median:single_crystal,16.94,5.0,,,,,5000,H_below_validated_reduced_field,4.686537050732705,4.314284195779077,4.876608062514271,0.1,
"Ba(Fe,Co)2As2",iron_pnictide_122,,elsevier_10.1016_j.mtphys.2022.100783_VISION_PASS_LONG,A2,22.0,substructure_default,50.0,exact,,S1_v3_2_2B_extension,single_crystal,sample_form_conditional_median:single_crystal,4.2,0.1,,,,,5000,H_below_validated_reduced_field,5.746354490991693,5.635326719245767,5.804297695181981,0.002,
"Ba(Fe,Co)2As2",iron_pnictide_122,,elsevier_10.1016_j.mtphys.2022.100783_VISION_PASS_LONG,A2,22.0,substructure_default,50.0,exact,,S1_v3_2_2B_extension,single_crystal,sample_form_conditional_median:single_crystal,4.2,1.0,,,,,5000,H_below_validated_reduced_field,5.740505160763102,5.631678160819556,5.800649374112028,0.02,
"Ba(Fe,Co)2As2",iron_pnictide_122,,elsevier_10.1016_j.mtphys.2022.100783_VISION_PASS_LONG,A2,22.0,substructure_default,50.0,exact,,S1_v3_2_2B_extension,single_crystal,sample_form_conditional_median:single_crystal,4.2,5.0,,,,,5000,H_below_validated_reduced_field,5.713137201544459,5.601579858090218,5.781439564473237,0.1,
"Ba(Fe,Co)2As2",iron_pnictide_122,,elsevier_10.1016_j.mtphys.2022.100783_VISION_PASS_LONG,A2,22.0,substructure_default,50.0,exact,,S1_v3_2_2B_extension,single_crystal,sample_form_conditional_median:single_crystal,20.0,0.1,,,,,5000,H_below_validated_reduced_field,3.974644206370741,3.337673535043297,4.261813517154851,0.002,
"Ba(Fe,Co)2As2",iron_pnictide_122,,elsevier_10.1016_j.mtphys.2022.100783_VISION_PASS_LONG,A2,22.0,substructure_default,50.0,exact,,S1_v3_2_2B_extension,single_crystal,sample_form_conditional_median:single_crystal,20.0,1.0,,,,,5000,H_below_validated_reduced_field,3.970674569638071,3.33459375781314,4.25647902074379,0.02,
"Ba(Fe,Co)2As2",iron_pnictide_122,,elsevier_10.1016_j.mtphys.2022.100783_VISION_PASS_LONG,A2,22.0,substructure_default,50.0,exact,,S1_v3_2_2B_extension,single_crystal,sample_form_conditional_median:single_crystal,20.0,5.0,,,,,5000,H_below_validated_reduced_field,3.947789630421732,3.3057559076750054,4.23252208214581,0.1,
"Ba(Fe,Co)2As2",iron_pnictide_122,,elsevier_10.1016_j.mtphys.2022.100783_VISION_PASS_LONG,A2,22.0,substructure_default,50.0,exact,,S1_v3_2_2B_extension,single_crystal,sample_form_conditional_median:single_crystal,16.94,0.1,,,,,5000,H_below_validated_reduced_field,4.717342730223301,4.351492708510919,4.901407229536729,0.002,
"Ba(Fe,Co)2As2",iron_pnictide_122,,elsevier_10.1016_j.mtphys.2022.100783_VISION_PASS_LONG,A2,22.0,substructure_default,50.0,exact,,S1_v3_2_2B_extension,single_crystal,sample_form_conditional_median:single_crystal,16.94,1.0,,,,,5000,H_below_validated_reduced_field,4.713298057768547,4.344908909601349,4.896470538800519,0.02,
"Ba(Fe,Co)2As2",iron_pnictide_122,,elsevier_10.1016_j.mtphys.2022.100783_VISION_PASS_LONG,A2,22.0,substructure_default,50.0,exact,,S1_v3_2_2B_extension,single_crystal,sample_form_conditional_median:single_crystal,16.94,5.0,,,,,5000,H_below_validated_reduced_field,4.689883491309345,4.320348638250374,4.87502420506527,0.1,
"Ba(Fe,Co)2As2",iron_pnictide_122,,elsevier_10.1016_j.mtphys.2022.100783_VISION_PASS_LONG,A2,22.0,substructure_default,50.0,exact,,S1_v3_2_2B_extension,single_crystal,sample_form_conditional_median:single_crystal,4.2,0.1,,,,,5000,H_below_validated_reduced_field,5.746354490991693,5.614582757298319,5.804297695181981,0.002,
"Ba(Fe,Co)2As2",iron_pnictide_122,,elsevier_10.1016_j.mtphys.2022.100783_VISION_PASS_LONG,A2,22.0,substructure_default,50.0,exact,,S1_v3_2_2B_extension,single_crystal,sample_form_conditional_median:single_crystal,4.2,1.0,,,,,5000,H_below_validated_reduced_field,5.741343504700187,5.611413949026288,5.799631778961625,0.02,
"Ba(Fe,Co)2As2",iron_pnictide_122,,elsevier_10.1016_j.mtphys.2022.100783_VISION_PASS_LONG,A2,22.0,substructure_default,50.0,exact,,S1_v3_2_2B_extension,single_crystal,sample_form_conditional_median:single_crystal,4.2,5.0,,,,,5000,H_below_validated_reduced_field,5.713730810602755,5.593839370150106,5.779085292914403,0.1,
"Ba(Fe,Co)2As2",iron_pnictide_122,,elsevier_10.1016_j.mtphys.2022.100783_VISION_PASS_LONG,A2,22.0,substructure_default,50.0,exact,,S1_v3_2_2B_extension,single_crystal,sample_form_conditional_median:single_crystal,20.0,0.1,,,,,5000,H_below_validated_reduced_field,3.97845521780554,3.323748887980984,4.264393092969629,0.002,
"Ba(Fe,Co)2As2",iron_pnictide_122,,elsevier_10.1016_j.mtphys.2022.100783_VISION_PASS_LONG,A2,22.0,substructure_default,50.0,exact,,S1_v3_2_2B_extension,single_crystal,sample_form_conditional_median:single_crystal,20.0,1.0,,,,,5000,H_below_validated_reduced_field,3.973735787454471,3.3171383307826825,4.259720854505932,0.02,
"Ba(Fe,Co)2As2",iron_pnictide_122,,elsevier_10.1016_j.mtphys.2022.100783_VISION_PASS_LONG,A2,22.0,substructure_default,50.0,exact,,S1_v3_2_2B_extension,single_crystal,sample_form_conditional_median:single_crystal,20.0,5.0,,,,,5000,H_below_validated_reduced_field,3.950276678507622,3.293248615715485,4.23659457655216,0.1,
"Ba(Fe,Co)2As2",iron_pnictide_122,,elsevier_10.1016_j.mtphys.2022.100783_VISION_PASS_LONG,A2,22.0,substructure_default,50.0,exact,,S1_v3_2_2B_extension,single_crystal,sample_form_conditional_median:single_crystal,16.94,0.1,,,,,5000,H_below_validated_reduced_field,4.719075931260153,4.344509798320352,4.901412003120252,0.002,
"Ba(Fe,Co)2As2",iron_pnictide_122,,elsevier_10.1016_j.mtphys.2022.100783_VISION_PASS_LONG,A2,22.0,substructure_default,50.0,exact,,S1_v3_2_2B_extension,single_crystal,sample_form_conditional_median:single_crystal,16.94,1.0,,,,,5000,H_below_validated_reduced_field,4.713981436584975,4.340488973592968,4.89768536204162,0.02,
"Ba(Fe,Co)2As2",iron_pnictide_122,,elsevier_10.1016_j.mtphys.2022.100783_VISION_PASS_LONG,A2,22.0,substructure_default,50.0,exact,,S1_v3_2_2B_extension,single_crystal,sample_form_conditional_median:single_crystal,16.94,5.0,,,,,5000,H_below_validated_reduced_field,4.690996913485241,4.314425386021283,4.876458231757958,0.1,
FeSe,iron_chalcogenide_11,,elsevier_10.1016_j.jallcom.2024.173999_PATH_AC_VISION_PASS_LONG,A2,14.0,substructure_default,16.0,exact,,S1_v3_2_2B_extension,single_crystal,sample_form_conditional_median:single_crystal,4.2,0.1,,,,,5000,H_below_validated_reduced_field,5.99788020316565,5.957696909341225,6.176213825966855,0.00625,
FeSe,iron_chalcogenide_11,,elsevier_10.1016_j.jallcom.2024.173999_PATH_AC_VISION_PASS_LONG,A2,14.0,substructure_default,16.0,exact,,S1_v3_2_2B_extension,single_crystal,sample_form_conditional_median:single_crystal,4.2,1.0,,,,,5000,H_below_validated_reduced_field,5.964921317615044,5.927106386305676,6.140895968442644,0.0625,
FeSe,iron_chalcogenide_11,,elsevier_10.1016_j.jallcom.2024.173999_PATH_AC_VISION_PASS_LONG,A2,14.0,substructure_default,16.0,exact,,S1_v3_2_2B_extension,single_crystal,sample_form_conditional_median:single_crystal,4.2,5.0,,,,,5000,family_fails_field_axis_validation,5.794483122214318,5.732948166275349,5.976424202724572,0.3125,
FeSe,iron_chalcogenide_11,,elsevier_10.1016_j.jallcom.2024.173999_PATH_AC_VISION_PASS_LONG,A2,14.0,substructure_default,16.0,exact,,S1_v3_2_2B_extension,single_crystal,sample_form_conditional_median:single_crystal,20.0,0.1,,,,,5000,T_above_Tc,,,,,
FeSe,iron_chalcogenide_11,,elsevier_10.1016_j.jallcom.2024.173999_PATH_AC_VISION_PASS_LONG,A2,14.0,substructure_default,16.0,exact,,S1_v3_2_2B_extension,single_crystal,sample_form_conditional_median:single_crystal,20.0,1.0,,,,,5000,T_above_Tc,,,,,
FeSe,iron_chalcogenide_11,,elsevier_10.1016_j.jallcom.2024.173999_PATH_AC_VISION_PASS_LONG,A2,14.0,substructure_default,16.0,exact,,S1_v3_2_2B_extension,single_crystal,sample_form_conditional_median:single_crystal,20.0,5.0,,,,,5000,T_above_Tc,,,,,
FeSe,iron_chalcogenide_11,,elsevier_10.1016_j.jallcom.2024.173999_PATH_AC_VISION_PASS_LONG,A2,14.0,substructure_default,16.0,exact,,S1_v3_2_2B_extension,single_crystal,sample_form_conditional_median:single_crystal,10.78,0.1,,,,,5000,H_below_validated_reduced_field,5.636525096879788,5.520750735634983,5.815745398222314,0.00625,
FeSe,iron_chalcogenide_11,,elsevier_10.1016_j.jallcom.2024.173999_PATH_AC_VISION_PASS_LONG,A2,14.0,substructure_default,16.0,exact,,S1_v3_2_2B_extension,single_crystal,sample_form_conditional_median:single_crystal,10.78,1.0,,,,,5000,H_below_validated_reduced_field,5.600817259319144,5.486060523716291,5.781940912003591,0.0625,
FeSe,iron_chalcogenide_11,,elsevier_10.1016_j.jallcom.2024.173999_PATH_AC_VISION_PASS_LONG,A2,14.0,substructure_default,16.0,exact,,S1_v3_2_2B_extension,single_crystal,sample_form_conditional_median:single_crystal,10.78,5.0,,,,,5000,family_fails_field_axis_validation,5.416317061371261,5.291554623199873,5.610417603986274,0.3125,
FeSe,iron_chalcogenide_11,,elsevier_10.1016_j.jallcom.2024.173999_PATH_AC_VISION_PASS_LONG,A2,14.0,substructure_default,16.0,exact,,S1_v3_2_2B_extension,single_crystal,sample_form_conditional_median:single_crystal,4.2,0.1,,,,,5000,H_below_validated_reduced_field,5.99788020316565,5.9654169680036055,6.176213825966855,0.00625,
FeSe,iron_chalcogenide_11,,elsevier_10.1016_j.jallcom.2024.173999_PATH_AC_VISION_PASS_LONG,A2,14.0,substructure_default,16.0,exact,,S1_v3_2_2B_extension,single_crystal,sample_form_conditional_median:single_crystal,4.2,1.0,,,,,5000,H_below_validated_reduced_field,5.964861545692122,5.929414599932982,6.141453891122734,0.0625,
FeSe,iron_chalcogenide_11,,elsevier_10.1016_j.jallcom.2024.173999_PATH_AC_VISION_PASS_LONG,A2,14.0,substructure_default,16.0,exact,,S1_v3_2_2B_extension,single_crystal,sample_form_conditional_median:single_crystal,4.2,5.0,,,,,5000,family_fails_field_axis_validation,5.794416078343932,5.734702208800174,5.977389656537481,0.3125,
FeSe,iron_chalcogenide_11,,elsevier_10.1016_j.jallcom.2024.173999_PATH_AC_VISION_PASS_LONG,A2,14.0,substructure_default,16.0,exact,,S1_v3_2_2B_extension,single_crystal,sample_form_conditional_median:single_crystal,20.0,0.1,,,,,5000,T_above_Tc,,,,,
FeSe,iron_chalcogenide_11,,elsevier_10.1016_j.jallcom.2024.173999_PATH_AC_VISION_PASS_LONG,A2,14.0,substructure_default,16.0,exact,,S1_v3_2_2B_extension,single_crystal,sample_form_conditional_median:single_crystal,20.0,1.0,,,,,5000,T_above_Tc,,,,,
FeSe,iron_chalcogenide_11,,elsevier_10.1016_j.jallcom.2024.173999_PATH_AC_VISION_PASS_LONG,A2,14.0,substructure_default,16.0,exact,,S1_v3_2_2B_extension,single_crystal,sample_form_conditional_median:single_crystal,20.0,5.0,,,,,5000,T_above_Tc,,,,,
FeSe,iron_chalcogenide_11,,elsevier_10.1016_j.jallcom.2024.173999_PATH_AC_VISION_PASS_LONG,A2,14.0,substructure_default,16.0,exact,,S1_v3_2_2B_extension,single_crystal,sample_form_conditional_median:single_crystal,10.78,0.1,,,,,5000,H_below_validated_reduced_field,5.637508879717117,5.521875956972551,5.813517721612255,0.00625,
FeSe,iron_chalcogenide_11,,elsevier_10.1016_j.jallcom.2024.173999_PATH_AC_VISION_PASS_LONG,A2,14.0,substructure_default,16.0,exact,,S1_v3_2_2B_extension,single_crystal,sample_form_conditional_median:single_crystal,10.78,1.0,,,,,5000,H_below_validated_reduced_field,5.602425966668249,5.487909307887803,5.780431029557829,0.0625,
FeSe,iron_chalcogenide_11,,elsevier_10.1016_j.jallcom.2024.173999_PATH_AC_VISION_PASS_LONG,A2,14.0,substructure_default,16.0,exact,,S1_v3_2_2B_extension,single_crystal,sample_form_conditional_median:single_crystal,10.78,5.0,,,,,5000,family_fails_field_axis_validation,5.419354766589613,5.2935749341785225,5.61214917319271,0.3125,
FeSe,iron_chalcogenide_11,,elsevier_10.1016_j.jallcom.2024.173999_PATH_AC_VISION_PASS_LONG,A2,14.0,substructure_default,16.0,exact,,S1_v3_2_2B_extension,single_crystal,sample_form_conditional_median:single_crystal,4.2,0.1,,,,,5000,H_below_validated_reduced_field,5.99788020316565,5.9654169680036055,6.176213825966855,0.00625,
FeSe,iron_chalcogenide_11,,elsevier_10.1016_j.jallcom.2024.173999_PATH_AC_VISION_PASS_LONG,A2,14.0,substructure_default,16.0,exact,,S1_v3_2_2B_extension,single_crystal,sample_form_conditional_median:single_crystal,4.2,1.0,,,,,5000,H_below_validated_reduced_field,5.96530304716595,5.929952325403831,6.1421549292514985,0.0625,
FeSe,iron_chalcogenide_11,,elsevier_10.1016_j.jallcom.2024.173999_PATH_AC_VISION_PASS_LONG,A2,14.0,substructure_default,16.0,exact,,S1_v3_2_2B_extension,single_crystal,sample_form_conditional_median:single_crystal,4.2,5.0,,,,,5000,family_fails_field_axis_validation,5.794864851765224,5.737769662960171,5.977891719638175,0.3125,
FeSe,iron_chalcogenide_11,,elsevier_10.1016_j.jallcom.2024.173999_PATH_AC_VISION_PASS_LONG,A2,14.0,substructure_default,16.0,exact,,S1_v3_2_2B_extension,single_crystal,sample_form_conditional_median:single_crystal,20.0,0.1,,,,,5000,T_above_Tc,,,,,
FeSe,iron_chalcogenide_11,,elsevier_10.1016_j.jallcom.2024.173999_PATH_AC_VISION_PASS_LONG,A2,14.0,substructure_default,16.0,exact,,S1_v3_2_2B_extension,single_crystal,sample_form_conditional_median:single_crystal,20.0,1.0,,,,,5000,T_above_Tc,,,,,
FeSe,iron_chalcogenide_11,,elsevier_10.1016_j.jallcom.2024.173999_PATH_AC_VISION_PASS_LONG,A2,14.0,substructure_default,16.0,exact,,S1_v3_2_2B_extension,single_crystal,sample_form_conditional_median:single_crystal,20.0,5.0,,,,,5000,T_above_Tc,,,,,
FeSe,iron_chalcogenide_11,,elsevier_10.1016_j.jallcom.2024.173999_PATH_AC_VISION_PASS_LONG,A2,14.0,substructure_default,16.0,exact,,S1_v3_2_2B_extension,single_crystal,sample_form_conditional_median:single_crystal,10.78,0.1,,,,,5000,H_below_validated_reduced_field,5.637890609268023,5.524846728468924,5.816033367293775,0.00625,
FeSe,iron_chalcogenide_11,,elsevier_10.1016_j.jallcom.2024.173999_PATH_AC_VISION_PASS_LONG,A2,14.0,substructure_default,16.0,exact,,S1_v3_2_2B_extension,single_crystal,sample_form_conditional_median:single_crystal,10.78,1.0,,,,,5000,H_below_validated_reduced_field,5.605874475839995,5.489432973479019,5.785799229621,0.0625,
FeSe,iron_chalcogenide_11,,elsevier_10.1016_j.jallcom.2024.173999_PATH_AC_VISION_PASS_LONG,A2,14.0,substructure_default,16.0,exact,,S1_v3_2_2B_extension,single_crystal,sample_form_conditional_median:single_crystal,10.78,5.0,,,,,5000,family_fails_field_axis_validation,5.421059319570247,5.296512027525791,5.6135675865308645,0.3125,
FeSe,iron_chalcogenide_11,,elsevier_10.1016_j.jallcom.2024.173999_PATH_AC_VISION_PASS_LONG,A2,14.0,substructure_default,16.0,exact,,S1_v3_2_2B_extension,single_crystal,sample_form_conditional_median:single_crystal,4.2,0.1,,,,,5000,H_below_validated_reduced_field,5.99788020316565,5.9654169680036055,6.182974719014479,0.00625,
FeSe,iron_chalcogenide_11,,elsevier_10.1016_j.jallcom.2024.173999_PATH_AC_VISION_PASS_LONG,A2,14.0,substructure_default,16.0,exact,,S1_v3_2_2B_extension,single_crystal,sample_form_conditional_median:single_crystal,4.2,1.0,,,,,5000,H_below_validated_reduced_field,5.965741662794924,5.929952325403831,6.15737181135246,0.0625,
FeSe,iron_chalcogenide_11,,elsevier_10.1016_j.jallcom.2024.173999_PATH_AC_VISION_PASS_LONG,A2,14.0,substructure_default,16.0,exact,,S1_v3_2_2B_extension,single_crystal,sample_form_conditional_median:single_crystal,4.2,5.0,,,,,5000,family_fails_field_axis_validation,5.797523676981746,5.736025170582753,5.985116660515169,0.3125,
FeSe,iron_chalcogenide_11,,elsevier_10.1016_j.jallcom.2024.173999_PATH_AC_VISION_PASS_LONG,A2,14.0,substructure_default,16.0,exact,,S1_v3_2_2B_extension,single_crystal,sample_form_conditional_median:single_crystal,20.0,0.1,,,,,5000,T_above_Tc,,,,,
FeSe,iron_chalcogenide_11,,elsevier_10.1016_j.jallcom.2024.173999_PATH_AC_VISION_PASS_LONG,A2,14.0,substructure_default,16.0,exact,,S1_v3_2_2B_extension,single_crystal,sample_form_conditional_median:single_crystal,20.0,1.0,,,,,5000,T_above_Tc,,,,,
FeSe,iron_chalcogenide_11,,elsevier_10.1016_j.jallcom.2024.173999_PATH_AC_VISION_PASS_LONG,A2,14.0,substructure_default,16.0,exact,,S1_v3_2_2B_extension,single_crystal,sample_form_conditional_median:single_crystal,20.0,5.0,,,,,5000,T_above_Tc,,,,,
FeSe,iron_chalcogenide_11,,elsevier_10.1016_j.jallcom.2024.173999_PATH_AC_VISION_PASS_LONG,A2,14.0,substructure_default,16.0,exact,,S1_v3_2_2B_extension,single_crystal,sample_form_conditional_median:single_crystal,10.78,0.1,,,,,5000,H_below_validated_reduced_field,5.637491723290794,5.521722133972325,5.823951783306731,0.00625,
FeSe,iron_chalcogenide_11,,elsevier_10.1016_j.jallcom.2024.173999_PATH_AC_VISION_PASS_LONG,A2,14.0,substructure_default,16.0,exact,,S1_v3_2_2B_extension,single_crystal,sample_form_conditional_median:single_crystal,10.78,1.0,,,,,5000,H_below_validated_reduced_field,5.602760730674412,5.4883822535574405,5.79014019676212,0.0625,
FeSe,iron_chalcogenide_11,,elsevier_10.1016_j.jallcom.2024.173999_PATH_AC_VISION_PASS_LONG,A2,14.0,substructure_default,16.0,exact,,S1_v3_2_2B_extension,single_crystal,sample_form_conditional_median:single_crystal,10.78,5.0,,,,,5000,family_fails_field_axis_validation,5.420625220473831,5.293219189258295,5.619762161513845,0.3125,
FeTeSe,iron_chalcogenide_11,,elsevier_10.1016_j.physc.2010.05.048_VISION_PASS_LONG,A2,14.0,substructure_default,47.0,exact,,S1_v3_2_2B_extension,single_crystal,sample_form_conditional_median:single_crystal,4.2,0.1,,,,,5000,H_below_validated_reduced_field,5.99788020316565,5.9654169680036055,6.176213825966855,0.002127659574468,
FeTeSe,iron_chalcogenide_11,,elsevier_10.1016_j.physc.2010.05.048_VISION_PASS_LONG,A2,14.0,substructure_default,47.0,exact,,S1_v3_2_2B_extension,single_crystal,sample_form_conditional_median:single_crystal,4.2,1.0,,,,,5000,H_below_validated_reduced_field,5.98660523017868,5.953285266981048,6.164445101339369,0.0212765957446808,
FeTeSe,iron_chalcogenide_11,,elsevier_10.1016_j.physc.2010.05.048_VISION_PASS_LONG,A2,14.0,substructure_default,47.0,exact,,S1_v3_2_2B_extension,single_crystal,sample_form_conditional_median:single_crystal,4.2,5.0,,,,,5000,H_below_validated_reduced_field,5.936826253696603,5.898255002298896,6.110521930498953,0.1063829787234042,
FeTeSe,iron_chalcogenide_11,,elsevier_10.1016_j.physc.2010.05.048_VISION_PASS_LONG,A2,14.0,substructure_default,47.0,exact,,S1_v3_2_2B_extension,single_crystal,sample_form_conditional_median:single_crystal,20.0,0.1,,,,,5000,T_above_Tc,,,,,
FeTeSe,iron_chalcogenide_11,,elsevier_10.1016_j.physc.2010.05.048_VISION_PASS_LONG,A2,14.0,substructure_default,47.0,exact,,S1_v3_2_2B_extension,single_crystal,sample_form_conditional_median:single_crystal,20.0,1.0,,,,,5000,T_above_Tc,,,,,
FeTeSe,iron_chalcogenide_11,,elsevier_10.1016_j.physc.2010.05.048_VISION_PASS_LONG,A2,14.0,substructure_default,47.0,exact,,S1_v3_2_2B_extension,single_crystal,sample_form_conditional_median:single_crystal,20.0,5.0,,,,,5000,T_above_Tc,,,,,
FeTeSe,iron_chalcogenide_11,,elsevier_10.1016_j.physc.2010.05.048_VISION_PASS_LONG,A2,14.0,substructure_default,47.0,exact,,S1_v3_2_2B_extension,single_crystal,sample_form_conditional_median:single_crystal,10.78,0.1,,,,,5000,H_below_validated_reduced_field,5.636819627389768,5.521875956972551,5.813076426234761,0.002127659574468,
FeTeSe,iron_chalcogenide_11,,elsevier_10.1016_j.physc.2010.05.048_VISION_PASS_LONG,A2,14.0,substructure_default,47.0,exact,,S1_v3_2_2B_extension,single_crystal,sample_form_conditional_median:single_crystal,10.78,1.0,,,,,5000,H_below_validated_reduced_field,5.625009436765961,5.512114740066548,5.801366969737514,0.0212765957446808,
FeTeSe,iron_chalcogenide_11,,elsevier_10.1016_j.physc.2010.05.048_VISION_PASS_LONG,A2,14.0,substructure_default,47.0,exact,,S1_v3_2_2B_extension,single_crystal,sample_form_conditional_median:single_crystal,10.78,5.0,,,,,5000,H_below_validated_reduced_field,5.570052885337363,5.4554454675409225,5.747994685298288,0.1063829787234042,
FeTeSe,iron_chalcogenide_11,,elsevier_10.1016_j.physc.2010.05.048_VISION_PASS_LONG,A2,14.0,substructure_default,47.0,exact,,S1_v3_2_2B_extension,single_crystal,sample_form_conditional_median:single_crystal,4.2,0.1,,,,,5000,H_below_validated_reduced_field,5.99788020316565,5.9654169680036055,6.176213825966855,0.002127659574468,
FeTeSe,iron_chalcogenide_11,,elsevier_10.1016_j.physc.2010.05.048_VISION_PASS_LONG,A2,14.0,substructure_default,47.0,exact,,S1_v3_2_2B_extension,single_crystal,sample_form_conditional_median:single_crystal,4.2,1.0,,,,,5000,H_below_validated_reduced_field,5.986536071087868,5.953266216108747,6.164654423743214,0.0212765957446808,
FeTeSe,iron_chalcogenide_11,,elsevier_10.1016_j.physc.2010.05.048_VISION_PASS_LONG,A2,14.0,substructure_default,47.0,exact,,S1_v3_2_2B_extension,single_crystal,sample_form_conditional_median:single_crystal,4.2,5.0,,,,,5000,H_below_validated_reduced_field,5.936015890553638,5.896833824647631,6.111742829088207,0.1063829787234042,
FeTeSe,iron_chalcogenide_11,,elsevier_10.1016_j.physc.2010.05.048_VISION_PASS_LONG,A2,14.0,substructure_default,47.0,exact,,S1_v3_2_2B_extension,single_crystal,sample_form_conditional_median:single_crystal,20.0,0.1,,,,,5000,T_above_Tc,,,,,
FeTeSe,iron_chalcogenide_11,,elsevier_10.1016_j.physc.2010.05.048_VISION_PASS_LONG,A2,14.0,substructure_default,47.0,exact,,S1_v3_2_2B_extension,single_crystal,sample_form_conditional_median:single_crystal,20.0,1.0,,,,,5000,T_above_Tc,,,,,
FeTeSe,iron_chalcogenide_11,,elsevier_10.1016_j.physc.2010.05.048_VISION_PASS_LONG,A2,14.0,substructure_default,47.0,exact,,S1_v3_2_2B_extension,single_crystal,sample_form_conditional_median:single_crystal,20.0,5.0,,,,,5000,T_above_Tc,,,,,
FeTeSe,iron_chalcogenide_11,,elsevier_10.1016_j.physc.2010.05.048_VISION_PASS_LONG,A2,14.0,substructure_default,47.0,exact,,S1_v3_2_2B_extension,single_crystal,sample_form_conditional_median:single_crystal,10.78,0.1,,,,,5000,H_below_validated_reduced_field,5.636819627389768,5.521867750767537,5.81357322971653,0.002127659574468,
FeTeSe,iron_chalcogenide_11,,elsevier_10.1016_j.physc.2010.05.048_VISION_PASS_LONG,A2,14.0,substructure_default,47.0,exact,,S1_v3_2_2B_extension,single_crystal,sample_form_conditional_median:single_crystal,10.78,1.0,,,,,5000,H_below_validated_reduced_field,5.625181211319753,5.511907154708722,5.803481710042554,0.0212765957446808,
FeTeSe,iron_chalcogenide_11,,elsevier_10.1016_j.physc.2010.05.048_VISION_PASS_LONG,A2,14.0,substructure_default,47.0,exact,,S1_v3_2_2B_extension,single_crystal,sample_form_conditional_median:single_crystal,10.78,5.0,,,,,5000,H_below_validated_reduced_field,5.570424475992869,5.455872856898683,5.754307435036096,0.1063829787234042,
FeTeSe,iron_chalcogenide_11,,elsevier_10.1016_j.physc.2010.05.048_VISION_PASS_LONG,A2,14.0,substructure_default,47.0,exact,,S1_v3_2_2B_extension,single_crystal,sample_form_conditional_median:single_crystal,4.2,0.1,,,,,5000,H_below_validated_reduced_field,5.99788020316565,5.9654169680036055,6.176213825966855,0.002127659574468,
FeTeSe,iron_chalcogenide_11,,elsevier_10.1016_j.physc.2010.05.048_VISION_PASS_LONG,A2,14.0,substructure_default,47.0,exact,,S1_v3_2_2B_extension,single_crystal,sample_form_conditional_median:single_crystal,4.2,1.0,,,,,5000,H_below_validated_reduced_field,5.986745393491715,5.952677718839859,6.164421306103224,0.0212765957446808,
FeTeSe,iron_chalcogenide_11,,elsevier_10.1016_j.physc.2010.05.048_VISION_PASS_LONG,A2,14.0,substructure_default,47.0,exact,,S1_v3_2_2B_extension,single_crystal,sample_form_conditional_median:single_crystal,4.2,5.0,,,,,5000,H_below_validated_reduced_field,5.936577059920655,5.896326837719072,6.109190849033613,0.1063829787234042,
FeTeSe,iron_chalcogenide_11,,elsevier_10.1016_j.physc.2010.05.048_VISION_PASS_LONG,A2,14.0,substructure_default,47.0,exact,,S1_v3_2_2B_extension,single_crystal,sample_form_conditional_median:single_crystal,20.0,0.1,,,,,5000,T_above_Tc,,,,,
FeTeSe,iron_chalcogenide_11,,elsevier_10.1016_j.physc.2010.05.048_VISION_PASS_LONG,A2,14.0,substructure_default,47.0,exact,,S1_v3_2_2B_extension,single_crystal,sample_form_conditional_median:single_crystal,20.0,1.0,,,,,5000,T_above_Tc,,,,,
FeTeSe,iron_chalcogenide_11,,elsevier_10.1016_j.physc.2010.05.048_VISION_PASS_LONG,A2,14.0,substructure_default,47.0,exact,,S1_v3_2_2B_extension,single_crystal,sample_form_conditional_median:single_crystal,20.0,5.0,,,,,5000,T_above_Tc,,,,,
FeTeSe,iron_chalcogenide_11,,elsevier_10.1016_j.physc.2010.05.048_VISION_PASS_LONG,A2,14.0,substructure_default,47.0,exact,,S1_v3_2_2B_extension,single_crystal,sample_form_conditional_median:single_crystal,10.78,0.1,,,,,5000,H_below_validated_reduced_field,5.63769974449257,5.524305903507215,5.813517722416956,0.002127659574468,
FeTeSe,iron_chalcogenide_11,,elsevier_10.1016_j.physc.2010.05.048_VISION_PASS_LONG,A2,14.0,substructure_default,47.0,exact,,S1_v3_2_2B_extension,single_crystal,sample_form_conditional_median:single_crystal,10.78,1.0,,,,,5000,H_below_validated_reduced_field,5.625981932630614,5.512623628437431,5.802996518890121,0.0212765957446808,
FeTeSe,iron_chalcogenide_11,,elsevier_10.1016_j.physc.2010.05.048_VISION_PASS_LONG,A2,14.0,substructure_default,47.0,exact,,S1_v3_2_2B_extension,single_crystal,sample_form_conditional_median:single_crystal,10.78,5.0,,,,,5000,H_below_validated_reduced_field,5.573402736867347,5.456095574351585,5.751529830684062,0.1063829787234042,
FeTeSe,iron_chalcogenide_11,,elsevier_10.1016_j.physc.2010.05.048_VISION_PASS_LONG,A2,14.0,substructure_default,47.0,exact,,S1_v3_2_2B_extension,single_crystal,sample_form_conditional_median:single_crystal,4.2,0.1,,,,,5000,H_below_validated_reduced_field,5.99788020316565,5.9654169680036055,6.176213825966855,0.002127659574468,
FeTeSe,iron_chalcogenide_11,,elsevier_10.1016_j.physc.2010.05.048_VISION_PASS_LONG,A2,14.0,substructure_default,47.0,exact,,S1_v3_2_2B_extension,single_crystal,sample_form_conditional_median:single_crystal,4.2,1.0,,,,,5000,H_below_validated_reduced_field,5.986516292539188,5.952776193297033,6.164469659361897,0.0212765957446808,
FeTeSe,iron_chalcogenide_11,,elsevier_10.1016_j.physc.2010.05.048_VISION_PASS_LONG,A2,14.0,substructure_default,47.0,exact,,S1_v3_2_2B_extension,single_crystal,sample_form_conditional_median:single_crystal,4.2,5.0,,,,,5000,H_below_validated_reduced_field,5.936015890553638,5.896833824647631,6.111371588191375,0.1063829787234042,
FeTeSe,iron_chalcogenide_11,,elsevier_10.1016_j.physc.2010.05.048_VISION_PASS_LONG,A2,14.0,substructure_default,47.0,exact,,S1_v3_2_2B_extension,single_crystal,sample_form_conditional_median:single_crystal,20.0,0.1,,,,,5000,T_above_Tc,,,,,
FeTeSe,iron_chalcogenide_11,,elsevier_10.1016_j.physc.2010.05.048_VISION_PASS_LONG,A2,14.0,substructure_default,47.0,exact,,S1_v3_2_2B_extension,single_crystal,sample_form_conditional_median:single_crystal,20.0,1.0,,,,,5000,T_above_Tc,,,,,
FeTeSe,iron_chalcogenide_11,,elsevier_10.1016_j.physc.2010.05.048_VISION_PASS_LONG,A2,14.0,substructure_default,47.0,exact,,S1_v3_2_2B_extension,single_crystal,sample_form_conditional_median:single_crystal,20.0,5.0,,,,,5000,T_above_Tc,,,,,
FeTeSe,iron_chalcogenide_11,,elsevier_10.1016_j.physc.2010.05.048_VISION_PASS_LONG,A2,14.0,substructure_default,47.0,exact,,S1_v3_2_2B_extension,single_crystal,sample_form_conditional_median:single_crystal,10.78,0.1,,,,,5000,H_below_validated_reduced_field,5.637474566864471,5.520782218796533,5.816033367293775,0.002127659574468,
FeTeSe,iron_chalcogenide_11,,elsevier_10.1016_j.physc.2010.05.048_VISION_PASS_LONG,A2,14.0,substructure_default,47.0,exact,,S1_v3_2_2B_extension,single_crystal,sample_form_conditional_median:single_crystal,10.78,1.0,,,,,5000,H_below_validated_reduced_field,5.625727803546195,5.509904016026176,5.805061075930526,0.0212765957446808,
FeTeSe,iron_chalcogenide_11,,elsevier_10.1016_j.physc.2010.05.048_VISION_PASS_LONG,A2,14.0,substructure_default,47.0,exact,,S1_v3_2_2B_extension,single_crystal,sample_form_conditional_median:single_crystal,10.78,5.0,,,,,5000,H_below_validated_reduced_field,5.572103281412395,5.455029841627593,5.755477713364179,0.1063829787234042,
FeTeSe,iron_chalcogenide_11,,elsevier_10.1016_j.physc.2010.05.048_VISION_PASS_LONG,A2,14.0,substructure_default,47.0,exact,,S1_v3_2_2B_extension,single_crystal,sample_form_conditional_median:single_crystal,4.2,0.1,,,,,5000,H_below_validated_reduced_field,5.99788020316565,5.963698291130914,6.176213825966855,0.002127659574468,
FeTeSe,iron_chalcogenide_11,,elsevier_10.1016_j.physc.2010.05.048_VISION_PASS_LONG,A2,14.0,substructure_default,47.0,exact,,S1_v3_2_2B_extension,single_crystal,sample_form_conditional_median:single_crystal,4.2,1.0,,,,,5000,H_below_validated_reduced_field,5.986554528716262,5.952408741723336,6.16424188502048,0.0212765957446808,
FeTeSe,iron_chalcogenide_11,,elsevier_10.1016_j.physc.2010.05.048_VISION_PASS_LONG,A2,14.0,substructure_default,47.0,exact,,S1_v3_2_2B_extension,single_crystal,sample_form_conditional_median:single_crystal,4.2,5.0,,,,,5000,H_below_validated_reduced_field,5.936137001369254,5.896218342855335,6.109329837805081,0.1063829787234042,
FeTeSe,iron_chalcogenide_11,,elsevier_10.1016_j.physc.2010.05.048_VISION_PASS_LONG,A2,14.0,substructure_default,47.0,exact,,S1_v3_2_2B_extension,single_crystal,sample_form_conditional_median:single_crystal,20.0,0.1,,,,,5000,T_above_Tc,,,,,
FeTeSe,iron_chalcogenide_11,,elsevier_10.1016_j.physc.2010.05.048_VISION_PASS_LONG,A2,14.0,substructure_default,47.0,exact,,S1_v3_2_2B_extension,single_crystal,sample_form_conditional_median:single_crystal,20.0,1.0,,,,,5000,T_above_Tc,,,,,
FeTeSe,iron_chalcogenide_11,,elsevier_10.1016_j.physc.2010.05.048_VISION_PASS_LONG,A2,14.0,substructure_default,47.0,exact,,S1_v3_2_2B_extension,single_crystal,sample_form_conditional_median:single_crystal,20.0,5.0,,,,,5000,T_above_Tc,,,,,
FeTeSe,iron_chalcogenide_11,,elsevier_10.1016_j.physc.2010.05.048_VISION_PASS_LONG,A2,14.0,substructure_default,47.0,exact,,S1_v3_2_2B_extension,single_crystal,sample_form_conditional_median:single_crystal,10.78,0.1,,,,,5000,H_below_validated_reduced_field,5.637491723290794,5.52075073583271,5.822217973012442,0.002127659574468,
FeTeSe,iron_chalcogenide_11,,elsevier_10.1016_j.physc.2010.05.048_VISION_PASS_LONG,A2,14.0,substructure_default,47.0,exact,,S1_v3_2_2B_extension,single_crystal,sample_form_conditional_median:single_crystal,10.78,1.0,,,,,5000,H_below_validated_reduced_field,5.625727803546195,5.509934091021255,5.8104730436211005,0.0212765957446808,
FeTeSe,iron_chalcogenide_11,,elsevier_10.1016_j.physc.2010.05.048_VISION_PASS_LONG,A2,14.0,substructure_default,47.0,exact,,S1_v3_2_2B_extension,single_crystal,sample_form_conditional_median:single_crystal,10.78,5.0,,,,,5000,H_below_validated_reduced_field,5.572050763229379,5.45557210577595,5.757289988293781,0.1063829787234042,
FeTeSe,iron_chalcogenide_11,,elsevier_10.1016_j.physc.2010.05.048_VISION_PASS_LONG,A2,14.0,substructure_default,47.0,exact,,S1_v3_2_2B_extension,single_crystal,sample_form_conditional_median:single_crystal,4.2,0.1,,,,,5000,H_below_validated_reduced_field,5.99788020316565,5.9654169680036055,6.176213825966855,0.002127659574468,
FeTeSe,iron_chalcogenide_11,,elsevier_10.1016_j.physc.2010.05.048_VISION_PASS_LONG,A2,14.0,substructure_default,47.0,exact,,S1_v3_2_2B_extension,single_crystal,sample_form_conditional_median:single_crystal,4.2,1.0,,,,,5000,H_below_validated_reduced_field,5.987002243956123,5.953623838005714,6.16746729416808,0.0212765957446808,
FeTeSe,iron_chalcogenide_11,,elsevier_10.1016_j.physc.2010.05.048_VISION_PASS_LONG,A2,14.0,substructure_default,47.0,exact,,S1_v3_2_2B_extension,single_crystal,sample_form_conditional_median:single_crystal,4.2,5.0,,,,,5000,H_below_validated_reduced_field,5.939009036729689,5.898393991070364,6.117282823546577,0.1063829787234042,
FeTeSe,iron_chalcogenide_11,,elsevier_10.1016_j.physc.2010.05.048_VISION_PASS_LONG,A2,14.0,substructure_default,47.0,exact,,S1_v3_2_2B_extension,single_crystal,sample_form_conditional_median:single_crystal,20.0,0.1,,,,,5000,T_above_Tc,,,,,
FeTeSe,iron_chalcogenide_11,,elsevier_10.1016_j.physc.2010.05.048_VISION_PASS_LONG,A2,14.0,substructure_default,47.0,exact,,S1_v3_2_2B_extension,single_crystal,sample_form_conditional_median:single_crystal,20.0,1.0,,,,,5000,T_above_Tc,,,,,
FeTeSe,iron_chalcogenide_11,,elsevier_10.1016_j.physc.2010.05.048_VISION_PASS_LONG,A2,14.0,substructure_default,47.0,exact,,S1_v3_2_2B_extension,single_crystal,sample_form_conditional_median:single_crystal,20.0,5.0,,,,,5000,T_above_Tc,,,,,
FeTeSe,iron_chalcogenide_11,,elsevier_10.1016_j.physc.2010.05.048_VISION_PASS_LONG,A2,14.0,substructure_default,47.0,exact,,S1_v3_2_2B_extension,single_crystal,sample_form_conditional_median:single_crystal,10.78,0.1,,,,,5000,H_below_validated_reduced_field,5.63769974449257,5.5266534228462,5.824436729760235,0.002127659574468,
FeTeSe,iron_chalcogenide_11,,elsevier_10.1016_j.physc.2010.05.048_VISION_PASS_LONG,A2,14.0,substructure_default,47.0,exact,,S1_v3_2_2B_extension,single_crystal,sample_form_conditional_median:single_crystal,10.78,1.0,,,,,5000,H_below_validated_reduced_field,5.62728805139567,5.514797303377697,5.813683764023367,0.0212765957446808,
FeTeSe,iron_chalcogenide_11,,elsevier_10.1016_j.physc.2010.05.048_VISION_PASS_LONG,A2,14.0,substructure_default,47.0,exact,,S1_v3_2_2B_extension,single_crystal,sample_form_conditional_median:single_crystal,10.78,5.0,,,,,5000,H_below_validated_reduced_field,5.576882810587236,5.458415706405187,5.761498512868876,0.1063829787234042,
FeTeSe,iron_chalcogenide_11,,elsevier_10.1016_j.physc.2010.05.048_VISION_PASS_LONG,A2,14.0,substructure_default,47.0,exact,,S1_v3_2_2B_extension,single_crystal,sample_form_conditional_median:single_crystal,4.2,0.1,,,,,5000,H_below_validated_reduced_field,5.99788020316565,5.9654169680036055,6.176213825966855,0.002127659574468,
FeTeSe,iron_chalcogenide_11,,elsevier_10.1016_j.physc.2010.05.048_VISION_PASS_LONG,A2,14.0,substructure_default,47.0,exact,,S1_v3_2_2B_extension,single_crystal,sample_form_conditional_median:single_crystal,4.2,1.0,,,,,5000,H_below_validated_reduced_field,5.986554528716262,5.952946695956383,6.164655033877475,0.0212765957446808,
FeTeSe,iron_chalcogenide_11,,elsevier_10.1016_j.physc.2010.05.048_VISION_PASS_LONG,A2,14.0,substructure_default,47.0,exact,,S1_v3_2_2B_extension,single_crystal,sample_form_conditional_median:single_crystal,4.2,5.0,,,,,5000,H_below_validated_reduced_field,5.936137001369254,5.89564173195376,6.1111868187511496,0.1063829787234042,
FeTeSe,iron_chalcogenide_11,,elsevier_10.1016_j.physc.2010.05.048_VISION_PASS_LONG,A2,14.0,substructure_default,47.0,exact,,S1_v3_2_2B_extension,single_crystal,sample_form_conditional_median:single_crystal,20.0,0.1,,,,,5000,T_above_Tc,,,,,
FeTeSe,iron_chalcogenide_11,,elsevier_10.1016_j.physc.2010.05.048_VISION_PASS_LONG,A2,14.0,substructure_default,47.0,exact,,S1_v3_2_2B_extension,single_crystal,sample_form_conditional_median:single_crystal,20.0,1.0,,,,,5000,T_above_Tc,,,,,
FeTeSe,iron_chalcogenide_11,,elsevier_10.1016_j.physc.2010.05.048_VISION_PASS_LONG,A2,14.0,substructure_default,47.0,exact,,S1_v3_2_2B_extension,single_crystal,sample_form_conditional_median:single_crystal,20.0,5.0,,,,,5000,T_above_Tc,,,,,
FeTeSe,iron_chalcogenide_11,,elsevier_10.1016_j.physc.2010.05.048_VISION_PASS_LONG,A2,14.0,substructure_default,47.0,exact,,S1_v3_2_2B_extension,single_crystal,sample_form_conditional_median:single_crystal,10.78,0.1,,,,,5000,H_below_validated_reduced_field,5.636305996762463,5.521875956972551,5.81752419927323,0.002127659574468,
FeTeSe,iron_chalcogenide_11,,elsevier_10.1016_j.physc.2010.05.048_VISION_PASS_LONG,A2,14.0,substructure_default,47.0,exact,,S1_v3_2_2B_extension,single_crystal,sample_form_conditional_median:single_crystal,10.78,1.0,,,,,5000,H_below_validated_reduced_field,5.624736882237452,5.512273963809273,5.810212959026463,0.0212765957446808,
FeTeSe,iron_chalcogenide_11,,elsevier_10.1016_j.physc.2010.05.048_VISION_PASS_LONG,A2,14.0,substructure_default,47.0,exact,,S1_v3_2_2B_extension,single_crystal,sample_form_conditional_median:single_crystal,10.78,5.0,,,,,5000,H_below_validated_reduced_field,5.569493511064088,5.45687447025424,5.758425125804669,0.1063829787234042,
FeTeSe,iron_chalcogenide_11,,elsevier_10.1016_j.physc.2010.05.048_VISION_PASS_LONG,A2,14.0,substructure_default,47.0,exact,,S1_v3_2_2B_extension,single_crystal,sample_form_conditional_median:single_crystal,4.2,0.1,,,,,5000,H_below_validated_reduced_field,5.99788020316565,5.9654169680036055,6.176213825966855,0.002127659574468,
FeTeSe,iron_chalcogenide_11,,elsevier_10.1016_j.physc.2010.05.048_VISION_PASS_LONG,A2,14.0,substructure_default,47.0,exact,,S1_v3_2_2B_extension,single_crystal,sample_form_conditional_median:single_crystal,4.2,1.0,,,,,5000,H_below_validated_reduced_field,5.986830077527817,5.953623838005714,6.164445711473629,0.0212765957446808,
FeTeSe,iron_chalcogenide_11,,elsevier_10.1016_j.physc.2010.05.048_VISION_PASS_LONG,A2,14.0,substructure_default,47.0,exact,,S1_v3_2_2B_extension,single_crystal,sample_form_conditional_median:single_crystal,4.2,5.0,,,,,5000,H_below_validated_reduced_field,5.937207983247509,5.899042895215273,6.110521930498953,0.1063829787234042,
FeTeSe,iron_chalcogenide_11,,elsevier_10.1016_j.physc.2010.05.048_VISION_PASS_LONG,A2,14.0,substructure_default,47.0,exact,,S1_v3_2_2B_extension,single_crystal,sample_form_conditional_median:single_crystal,20.0,0.1,,,,,5000,T_above_Tc,,,,,
FeTeSe,iron_chalcogenide_11,,elsevier_10.1016_j.physc.2010.05.048_VISION_PASS_LONG,A2,14.0,substructure_default,47.0,exact,,S1_v3_2_2B_extension,single_crystal,sample_form_conditional_median:single_crystal,20.0,1.0,,,,,5000,T_above_Tc,,,,,
FeTeSe,iron_chalcogenide_11,,elsevier_10.1016_j.physc.2010.05.048_VISION_PASS_LONG,A2,14.0,substructure_default,47.0,exact,,S1_v3_2_2B_extension,single_crystal,sample_form_conditional_median:single_crystal,20.0,5.0,,,,,5000,T_above_Tc,,,,,
FeTeSe,iron_chalcogenide_11,,elsevier_10.1016_j.physc.2010.05.048_VISION_PASS_LONG,A2,14.0,substructure_default,47.0,exact,,S1_v3_2_2B_extension,single_crystal,sample_form_conditional_median:single_crystal,10.78,0.1,,,,,5000,H_below_validated_reduced_field,5.63769974449257,5.524846728468924,5.816033367293775,0.002127659574468,
FeTeSe,iron_chalcogenide_11,,elsevier_10.1016_j.physc.2010.05.048_VISION_PASS_LONG,A2,14.0,substructure_default,47.0,exact,,S1_v3_2_2B_extension,single_crystal,sample_form_conditional_median:single_crystal,10.78,1.0,,,,,5000,H_below_validated_reduced_field,5.6269780850882825,5.513089080095891,5.804311923628885,0.0212765957446808,
FeTeSe,iron_chalcogenide_11,,elsevier_10.1016_j.physc.2010.05.048_VISION_PASS_LONG,A2,14.0,substructure_default,47.0,exact,,S1_v3_2_2B_extension,single_crystal,sample_form_conditional_median:single_crystal,10.78,5.0,,,,,5000,H_below_validated_reduced_field,5.574588295169893,5.45668000909629,5.752560910621427,0.1063829787234042,
CaFe2As2,iron_pnictide_122,,elsevier_10.1038_srep22278_PATH_AC_VISION_PASS_LONG,A2,22.0,substructure_default,50.0,exact,,S1_v3_2_2B_extension,single_crystal,sample_form_conditional_median:single_crystal,4.2,0.1,,,,,5000,H_below_validated_reduced_field,5.746354490991693,5.636887458490011,5.804964475493147,0.002,
CaFe2As2,iron_pnictide_122,,elsevier_10.1038_srep22278_PATH_AC_VISION_PASS_LONG,A2,22.0,substructure_default,50.0,exact,,S1_v3_2_2B_extension,single_crystal,sample_form_conditional_median:single_crystal,4.2,1.0,,,,,5000,H_below_validated_reduced_field,5.741123670341674,5.631678398175814,5.801091287748635,0.02,
CaFe2As2,iron_pnictide_122,,elsevier_10.1038_srep22278_PATH_AC_VISION_PASS_LONG,A2,22.0,substructure_default,50.0,exact,,S1_v3_2_2B_extension,single_crystal,sample_form_conditional_median:single_crystal,4.2,5.0,,,,,5000,H_below_validated_reduced_field,5.71371497840829,5.602411934025588,5.782070330673978,0.1,
CaFe2As2,iron_pnictide_122,,elsevier_10.1038_srep22278_PATH_AC_VISION_PASS_LONG,A2,22.0,substructure_default,50.0,exact,,S1_v3_2_2B_extension,single_crystal,sample_form_conditional_median:single_crystal,20.0,0.1,,,,,5000,H_below_validated_reduced_field,3.969957233709324,3.327528227982632,4.258328389996322,0.002,
CaFe2As2,iron_pnictide_122,,elsevier_10.1038_srep22278_PATH_AC_VISION_PASS_LONG,A2,22.0,substructure_default,50.0,exact,,S1_v3_2_2B_extension,single_crystal,sample_form_conditional_median:single_crystal,20.0,1.0,,,,,5000,H_below_validated_reduced_field,3.965954701362133,3.3219665249631984,4.253175814238996,0.02,
CaFe2As2,iron_pnictide_122,,elsevier_10.1038_srep22278_PATH_AC_VISION_PASS_LONG,A2,22.0,substructure_default,50.0,exact,,S1_v3_2_2B_extension,single_crystal,sample_form_conditional_median:single_crystal,20.0,5.0,,,,,5000,H_below_validated_reduced_field,3.944640515714049,3.3007768168093112,4.230778464783143,0.1,
CaFe2As2,iron_pnictide_122,,elsevier_10.1038_srep22278_PATH_AC_VISION_PASS_LONG,A2,22.0,substructure_default,50.0,exact,,S1_v3_2_2B_extension,single_crystal,sample_form_conditional_median:single_crystal,16.94,0.1,,,,,5000,H_below_validated_reduced_field,4.7158618169928825,4.344185807236784,4.898827661414731,0.002,
CaFe2As2,iron_pnictide_122,,elsevier_10.1038_srep22278_PATH_AC_VISION_PASS_LONG,A2,22.0,substructure_default,50.0,exact,,S1_v3_2_2B_extension,single_crystal,sample_form_conditional_median:single_crystal,16.94,1.0,,,,,5000,H_below_validated_reduced_field,4.711364911315953,4.339519389951774,4.893333191843183,0.02,
CaFe2As2,iron_pnictide_122,,elsevier_10.1038_srep22278_PATH_AC_VISION_PASS_LONG,A2,22.0,substructure_default,50.0,exact,,S1_v3_2_2B_extension,single_crystal,sample_form_conditional_median:single_crystal,16.94,5.0,,,,,5000,H_below_validated_reduced_field,4.687060772337789,4.315092671182045,4.872403746000773,0.1,
CaFe2As2,iron_pnictide_122,,elsevier_10.1038_srep22278_PATH_AC_VISION_PASS_LONG,A2,22.0,substructure_default,50.0,exact,,S1_v3_2_2B_extension,single_crystal,sample_form_conditional_median:single_crystal,4.2,0.1,,,,,5000,H_below_validated_reduced_field,5.746354490991693,5.635326719245767,5.802181694508696,0.002,
CaFe2As2,iron_pnictide_122,,elsevier_10.1038_srep22278_PATH_AC_VISION_PASS_LONG,A2,22.0,substructure_default,50.0,exact,,S1_v3_2_2B_extension,single_crystal,sample_form_conditional_median:single_crystal,4.2,1.0,,,,,5000,H_below_validated_reduced_field,5.741095917472194,5.630440173789138,5.798250942988744,0.02,
CaFe2As2,iron_pnictide_122,,elsevier_10.1038_srep22278_PATH_AC_VISION_PASS_LONG,A2,22.0,substructure_default,50.0,exact,,S1_v3_2_2B_extension,single_crystal,sample_form_conditional_median:single_crystal,4.2,5.0,,,,,5000,H_below_validated_reduced_field,5.7133756236118,5.5992299240929,5.778075371428925,0.1,
CaFe2As2,iron_pnictide_122,,elsevier_10.1038_srep22278_PATH_AC_VISION_PASS_LONG,A2,22.0,substructure_default,50.0,exact,,S1_v3_2_2B_extension,single_crystal,sample_form_conditional_median:single_crystal,20.0,0.1,,,,,5000,H_below_validated_reduced_field,3.9784552171084746,3.3454388718137977,4.256190813637556,0.002,
CaFe2As2,iron_pnictide_122,,elsevier_10.1038_srep22278_PATH_AC_VISION_PASS_LONG,A2,22.0,substructure_default,50.0,exact,,S1_v3_2_2B_extension,single_crystal,sample_form_conditional_median:single_crystal,20.0,1.0,,,,,5000,H_below_validated_reduced_field,3.972343851013221,3.3399026849465123,4.250634415236175,0.02,
CaFe2As2,iron_pnictide_122,,elsevier_10.1038_srep22278_PATH_AC_VISION_PASS_LONG,A2,22.0,substructure_default,50.0,exact,,S1_v3_2_2B_extension,single_crystal,sample_form_conditional_median:single_crystal,20.0,5.0,,,,,5000,H_below_validated_reduced_field,3.94967797092842,3.3183560349044363,4.229688197559166,0.1,
CaFe2As2,iron_pnictide_122,,elsevier_10.1038_srep22278_PATH_AC_VISION_PASS_LONG,A2,22.0,substructure_default,50.0,exact,,S1_v3_2_2B_extension,single_crystal,sample_form_conditional_median:single_crystal,16.94,0.1,,,,,5000,H_below_validated_reduced_field,4.716933052820384,4.358700347397904,4.900117445421096,0.002,
CaFe2As2,iron_pnictide_122,,elsevier_10.1038_srep22278_PATH_AC_VISION_PASS_LONG,A2,22.0,substructure_default,50.0,exact,,S1_v3_2_2B_extension,single_crystal,sample_form_conditional_median:single_crystal,16.94,1.0,,,,,5000,H_below_validated_reduced_field,4.712528373287846,4.352393012961524,4.895384044999345,0.02,
CaFe2As2,iron_pnictide_122,,elsevier_10.1038_srep22278_PATH_AC_VISION_PASS_LONG,A2,22.0,substructure_default,50.0,exact,,S1_v3_2_2B_extension,single_crystal,sample_form_conditional_median:single_crystal,16.94,5.0,,,,,5000,H_below_validated_reduced_field,4.690355537671804,4.327246779977406,4.874263187531902,0.1,
"Ba(Fe,Ru)2As2",iron_pnictide_122,,elsevier_10.1016_j.phpro.2012.03.421_VISION_PASS_LONG,A2,22.0,substructure_default,60.0,exact,,S1_v3_2_2B_extension,single_crystal,sample_form_conditional_median:single_crystal,4.2,0.1,,,,,5000,H_below_validated_reduced_field,5.746354490991693,5.616253626881896,5.802181694508696,0.0016666666666666,
"Ba(Fe,Ru)2As2",iron_pnictide_122,,elsevier_10.1016_j.phpro.2012.03.421_VISION_PASS_LONG,A2,22.0,substructure_default,60.0,exact,,S1_v3_2_2B_extension,single_crystal,sample_form_conditional_median:single_crystal,4.2,1.0,,,,,5000,H_below_validated_reduced_field,5.74198049185465,5.613205647321003,5.797807695371653,0.0166666666666666,
"Ba(Fe,Ru)2As2",iron_pnictide_122,,elsevier_10.1016_j.phpro.2012.03.421_VISION_PASS_LONG,A2,22.0,substructure_default,60.0,exact,,S1_v3_2_2B_extension,single_crystal,sample_form_conditional_median:single_crystal,4.2,5.0,,,,,5000,H_below_validated_reduced_field,5.718640052391739,5.599724177739232,5.7827118575395495,0.0833333333333333,
"Ba(Fe,Ru)2As2",iron_pnictide_122,,elsevier_10.1016_j.phpro.2012.03.421_VISION_PASS_LONG,A2,22.0,substructure_default,60.0,exact,,S1_v3_2_2B_extension,single_crystal,sample_form_conditional_median:single_crystal,20.0,0.1,,,,,5000,H_below_validated_reduced_field,3.9681379419595233,3.309612005044337,4.259050723460761,0.0016666666666666,
"Ba(Fe,Ru)2As2",iron_pnictide_122,,elsevier_10.1016_j.phpro.2012.03.421_VISION_PASS_LONG,A2,22.0,substructure_default,60.0,exact,,S1_v3_2_2B_extension,single_crystal,sample_form_conditional_median:single_crystal,20.0,1.0,,,,,5000,H_below_validated_reduced_field,3.963301323224029,3.307340502299993,4.254833997062213,0.0166666666666666,
"Ba(Fe,Ru)2As2",iron_pnictide_122,,elsevier_10.1016_j.phpro.2012.03.421_VISION_PASS_LONG,A2,22.0,substructure_default,60.0,exact,,S1_v3_2_2B_extension,single_crystal,sample_form_conditional_median:single_crystal,20.0,5.0,,,,,5000,H_below_validated_reduced_field,3.9444920966323913,3.287777643427777,4.234481707110194,0.0833333333333333,
"Ba(Fe,Ru)2As2",iron_pnictide_122,,elsevier_10.1016_j.phpro.2012.03.421_VISION_PASS_LONG,A2,22.0,substructure_default,60.0,exact,,S1_v3_2_2B_extension,single_crystal,sample_form_conditional_median:single_crystal,16.94,0.1,,,,,5000,H_below_validated_reduced_field,4.714141211661214,4.333348926549232,4.900117445530364,0.0016666666666666,
"Ba(Fe,Ru)2As2",iron_pnictide_122,,elsevier_10.1016_j.phpro.2012.03.421_VISION_PASS_LONG,A2,22.0,substructure_default,60.0,exact,,S1_v3_2_2B_extension,single_crystal,sample_form_conditional_median:single_crystal,16.94,1.0,,,,,5000,H_below_validated_reduced_field,4.70869677950056,4.327267287647373,4.895586469046164,0.0166666666666666,
"Ba(Fe,Ru)2As2",iron_pnictide_122,,elsevier_10.1016_j.phpro.2012.03.421_VISION_PASS_LONG,A2,22.0,substructure_default,60.0,exact,,S1_v3_2_2B_extension,single_crystal,sample_form_conditional_median:single_crystal,16.94,5.0,,,,,5000,H_below_validated_reduced_field,4.688585251827391,4.309477101942757,4.875520591690304,0.0833333333333333,
FeTe0.62Se0.38,iron_chalcogenide_11,,elsevier_10.1016_j.physb.2025.417755_VISION_PASS_LONG,A2,14.0,substructure_default,47.0,exact,,S1_v3_2_2B_extension,single_crystal,sample_form_conditional_median:single_crystal,4.2,0.1,,,,,5000,H_below_validated_reduced_field,5.99788020316565,5.9654169680036055,6.176213825966855,0.002127659574468,
FeTe0.62Se0.38,iron_chalcogenide_11,,elsevier_10.1016_j.physb.2025.417755_VISION_PASS_LONG,A2,14.0,substructure_default,47.0,exact,,S1_v3_2_2B_extension,single_crystal,sample_form_conditional_median:single_crystal,4.2,1.0,,,,,5000,H_below_validated_reduced_field,5.986536071087868,5.953622600713559,6.164266290390885,0.0212765957446808,
FeTe0.62Se0.38,iron_chalcogenide_11,,elsevier_10.1016_j.physb.2025.417755_VISION_PASS_LONG,A2,14.0,substructure_default,47.0,exact,,S1_v3_2_2B_extension,single_crystal,sample_form_conditional_median:single_crystal,4.2,5.0,,,,,5000,H_below_validated_reduced_field,5.936137001369254,5.8983905163510775,6.109190849033613,0.1063829787234042,
FeTe0.62Se0.38,iron_chalcogenide_11,,elsevier_10.1016_j.physb.2025.417755_VISION_PASS_LONG,A2,14.0,substructure_default,47.0,exact,,S1_v3_2_2B_extension,single_crystal,sample_form_conditional_median:single_crystal,20.0,0.1,,,,,5000,T_above_Tc,,,,,
FeTe0.62Se0.38,iron_chalcogenide_11,,elsevier_10.1016_j.physb.2025.417755_VISION_PASS_LONG,A2,14.0,substructure_default,47.0,exact,,S1_v3_2_2B_extension,single_crystal,sample_form_conditional_median:single_crystal,20.0,1.0,,,,,5000,T_above_Tc,,,,,
FeTe0.62Se0.38,iron_chalcogenide_11,,elsevier_10.1016_j.physb.2025.417755_VISION_PASS_LONG,A2,14.0,substructure_default,47.0,exact,,S1_v3_2_2B_extension,single_crystal,sample_form_conditional_median:single_crystal,20.0,5.0,,,,,5000,T_above_Tc,,,,,
FeTe0.62Se0.38,iron_chalcogenide_11,,elsevier_10.1016_j.physb.2025.417755_VISION_PASS_LONG,A2,14.0,substructure_default,47.0,exact,,S1_v3_2_2B_extension,single_crystal,sample_form_conditional_median:single_crystal,10.78,0.1,,,,,5000,H_below_validated_reduced_field,5.636819627389768,5.524305903507215,5.817404694127088,0.002127659574468,
FeTe0.62Se0.38,iron_chalcogenide_11,,elsevier_10.1016_j.physb.2025.417755_VISION_PASS_LONG,A2,14.0,substructure_default,47.0,exact,,S1_v3_2_2B_extension,single_crystal,sample_form_conditional_median:single_crystal,10.78,1.0,,,,,5000,H_below_validated_reduced_field,5.625050902762282,5.512511598024617,5.806467914247322,0.0212765957446808,
FeTe0.62Se0.38,iron_chalcogenide_11,,elsevier_10.1016_j.physb.2025.417755_VISION_PASS_LONG,A2,14.0,substructure_default,47.0,exact,,S1_v3_2_2B_extension,single_crystal,sample_form_conditional_median:single_crystal,10.78,5.0,,,,,5000,H_below_validated_reduced_field,5.570287007774277,5.457420771316769,5.754907005300629,0.1063829787234042,
FeTe0.61Se0.39,iron_chalcogenide_11,,elsevier_10.1016_j.physc.2010.03.003_VISION_PASS_LONG,A2,14.0,substructure_default,47.0,exact,,S1_v3_2_2B_extension,single_crystal,sample_form_conditional_median:single_crystal,4.2,0.1,,,,,5000,H_below_validated_reduced_field,5.99788020316565,5.9654169680036055,6.176213825966855,0.002127659574468,
FeTe0.61Se0.39,iron_chalcogenide_11,,elsevier_10.1016_j.physc.2010.03.003_VISION_PASS_LONG,A2,14.0,substructure_default,47.0,exact,,S1_v3_2_2B_extension,single_crystal,sample_form_conditional_median:single_crystal,4.2,1.0,,,,,5000,H_below_validated_reduced_field,5.987002243956123,5.95328479070924,6.16467882911362,0.0212765957446808,
FeTe0.61Se0.39,iron_chalcogenide_11,,elsevier_10.1016_j.physc.2010.03.003_VISION_PASS_LONG,A2,14.0,substructure_default,47.0,exact,,S1_v3_2_2B_extension,single_crystal,sample_form_conditional_median:single_crystal,4.2,5.0,,,,,5000,H_below_validated_reduced_field,5.939773719449692,5.8977354360995005,6.11415864857939,0.1063829787234042,
FeTe0.61Se0.39,iron_chalcogenide_11,,elsevier_10.1016_j.physc.2010.03.003_VISION_PASS_LONG,A2,14.0,substructure_default,47.0,exact,,S1_v3_2_2B_extension,single_crystal,sample_form_conditional_median:single_crystal,20.0,0.1,,,,,5000,T_above_Tc,,,,,
FeTe0.61Se0.39,iron_chalcogenide_11,,elsevier_10.1016_j.physc.2010.03.003_VISION_PASS_LONG,A2,14.0,substructure_default,47.0,exact,,S1_v3_2_2B_extension,single_crystal,sample_form_conditional_median:single_crystal,20.0,1.0,,,,,5000,T_above_Tc,,,,,
FeTe0.61Se0.39,iron_chalcogenide_11,,elsevier_10.1016_j.physc.2010.03.003_VISION_PASS_LONG,A2,14.0,substructure_default,47.0,exact,,S1_v3_2_2B_extension,single_crystal,sample_form_conditional_median:single_crystal,20.0,5.0,,,,,5000,T_above_Tc,,,,,
FeTe0.61Se0.39,iron_chalcogenide_11,,elsevier_10.1016_j.physc.2010.03.003_VISION_PASS_LONG,A2,14.0,substructure_default,47.0,exact,,S1_v3_2_2B_extension,single_crystal,sample_form_conditional_median:single_crystal,10.78,0.1,,,,,5000,H_below_validated_reduced_field,5.637508879717117,5.521875956972551,5.81941402572789,0.002127659574468,
FeTe0.61Se0.39,iron_chalcogenide_11,,elsevier_10.1016_j.physc.2010.03.003_VISION_PASS_LONG,A2,14.0,substructure_default,47.0,exact,,S1_v3_2_2B_extension,single_crystal,sample_form_conditional_median:single_crystal,10.78,1.0,,,,,5000,H_below_validated_reduced_field,5.625931019865084,5.512740169768444,5.808742494197001,0.0212765957446808,
FeTe0.61Se0.39,iron_chalcogenide_11,,elsevier_10.1016_j.physc.2010.03.003_VISION_PASS_LONG,A2,14.0,substructure_default,47.0,exact,,S1_v3_2_2B_extension,single_crystal,sample_form_conditional_median:single_crystal,10.78,5.0,,,,,5000,H_below_validated_reduced_field,5.573503061718383,5.456438357009261,5.7553554056353065,0.1063829787234042,
FeTe0.61Se0.39,iron_chalcogenide_11,,elsevier_10.1016_j.physc.2010.03.003_VISION_PASS_LONG,A2,14.0,substructure_default,47.0,exact,,S1_v3_2_2B_extension,single_crystal,sample_form_conditional_median:single_crystal,4.2,0.1,,,,,5000,H_below_validated_reduced_field,5.99788020316565,5.9654169680036055,6.176213825966855,0.002127659574468,
FeTe0.61Se0.39,iron_chalcogenide_11,,elsevier_10.1016_j.physc.2010.03.003_VISION_PASS_LONG,A2,14.0,substructure_default,47.0,exact,,S1_v3_2_2B_extension,single_crystal,sample_form_conditional_median:single_crystal,4.2,1.0,,,,,5000,H_below_validated_reduced_field,5.986951571644089,5.953619977866262,6.1648881515174665,0.0212765957446808,
FeTe0.61Se0.39,iron_chalcogenide_11,,elsevier_10.1016_j.physc.2010.03.003_VISION_PASS_LONG,A2,14.0,substructure_default,47.0,exact,,S1_v3_2_2B_extension,single_crystal,sample_form_conditional_median:single_crystal,4.2,5.0,,,,,5000,H_below_validated_reduced_field,5.937331260176409,5.898255002298896,6.115087672962724,0.1063829787234042,
FeTe0.61Se0.39,iron_chalcogenide_11,,elsevier_10.1016_j.physc.2010.03.003_VISION_PASS_LONG,A2,14.0,substructure_default,47.0,exact,,S1_v3_2_2B_extension,single_crystal,sample_form_conditional_median:single_crystal,20.0,0.1,,,,,5000,T_above_Tc,,,,,
FeTe0.61Se0.39,iron_chalcogenide_11,,elsevier_10.1016_j.physc.2010.03.003_VISION_PASS_LONG,A2,14.0,substructure_default,47.0,exact,,S1_v3_2_2B_extension,single_crystal,sample_form_conditional_median:single_crystal,20.0,1.0,,,,,5000,T_above_Tc,,,,,
FeTe0.61Se0.39,iron_chalcogenide_11,,elsevier_10.1016_j.physc.2010.03.003_VISION_PASS_LONG,A2,14.0,substructure_default,47.0,exact,,S1_v3_2_2B_extension,single_crystal,sample_form_conditional_median:single_crystal,20.0,5.0,,,,,5000,T_above_Tc,,,,,
FeTe0.61Se0.39,iron_chalcogenide_11,,elsevier_10.1016_j.physc.2010.03.003_VISION_PASS_LONG,A2,14.0,substructure_default,47.0,exact,,S1_v3_2_2B_extension,single_crystal,sample_form_conditional_median:single_crystal,10.78,0.1,,,,,5000,H_below_validated_reduced_field,5.637890609268023,5.525905991090735,5.816033367293775,0.002127659574468,
FeTe0.61Se0.39,iron_chalcogenide_11,,elsevier_10.1016_j.physc.2010.03.003_VISION_PASS_LONG,A2,14.0,substructure_default,47.0,exact,,S1_v3_2_2B_extension,single_crystal,sample_form_conditional_median:single_crystal,10.78,1.0,,,,,5000,H_below_validated_reduced_field,5.627203514833949,5.514294102304382,5.804241610216527,0.0212765957446808,
FeTe0.61Se0.39,iron_chalcogenide_11,,elsevier_10.1016_j.physc.2010.03.003_VISION_PASS_LONG,A2,14.0,substructure_default,47.0,exact,,S1_v3_2_2B_extension,single_crystal,sample_form_conditional_median:single_crystal,10.78,5.0,,,,,5000,H_below_validated_reduced_field,5.5756126671953625,5.458816358849684,5.751732216860024,0.1063829787234042,
FeTe0.61Se0.39,iron_chalcogenide_11,,elsevier_10.1016_j.physc.2010.03.003_VISION_PASS_LONG,A2,14.0,substructure_default,47.0,exact,,S1_v3_2_2B_extension,single_crystal,sample_form_conditional_median:single_crystal,4.2,0.1,,,,,5000,H_below_validated_reduced_field,5.99788020316565,5.9654169680036055,6.176213825966855,0.002127659574468,
FeTe0.61Se0.39,iron_chalcogenide_11,,elsevier_10.1016_j.physc.2010.03.003_VISION_PASS_LONG,A2,14.0,substructure_default,47.0,exact,,S1_v3_2_2B_extension,single_crystal,sample_form_conditional_median:single_crystal,4.2,1.0,,,,,5000,H_below_validated_reduced_field,5.986536071087868,5.95328479070924,6.164898882957753,0.0212765957446808,
FeTe0.61Se0.39,iron_chalcogenide_11,,elsevier_10.1016_j.physc.2010.03.003_VISION_PASS_LONG,A2,14.0,substructure_default,47.0,exact,,S1_v3_2_2B_extension,single_crystal,sample_form_conditional_median:single_crystal,4.2,5.0,,,,,5000,H_below_validated_reduced_field,5.9360615709766,5.897926281524145,6.1148015861888245,0.1063829787234042,
FeTe0.61Se0.39,iron_chalcogenide_11,,elsevier_10.1016_j.physc.2010.03.003_VISION_PASS_LONG,A2,14.0,substructure_default,47.0,exact,,S1_v3_2_2B_extension,single_crystal,sample_form_conditional_median:single_crystal,20.0,0.1,,,,,5000,T_above_Tc,,,,,
FeTe0.61Se0.39,iron_chalcogenide_11,,elsevier_10.1016_j.physc.2010.03.003_VISION_PASS_LONG,A2,14.0,substructure_default,47.0,exact,,S1_v3_2_2B_extension,single_crystal,sample_form_conditional_median:single_crystal,20.0,1.0,,,,,5000,T_above_Tc,,,,,
FeTe0.61Se0.39,iron_chalcogenide_11,,elsevier_10.1016_j.physc.2010.03.003_VISION_PASS_LONG,A2,14.0,substructure_default,47.0,exact,,S1_v3_2_2B_extension,single_crystal,sample_form_conditional_median:single_crystal,20.0,5.0,,,,,5000,T_above_Tc,,,,,
FeTe0.61Se0.39,iron_chalcogenide_11,,elsevier_10.1016_j.physc.2010.03.003_VISION_PASS_LONG,A2,14.0,substructure_default,47.0,exact,,S1_v3_2_2B_extension,single_crystal,sample_form_conditional_median:single_crystal,10.78,0.1,,,,,5000,H_below_validated_reduced_field,5.636819627389768,5.521875956972551,5.813517721632373,0.002127659574468,
FeTe0.61Se0.39,iron_chalcogenide_11,,elsevier_10.1016_j.physc.2010.03.003_VISION_PASS_LONG,A2,14.0,substructure_default,47.0,exact,,S1_v3_2_2B_extension,single_crystal,sample_form_conditional_median:single_crystal,10.78,1.0,,,,,5000,H_below_validated_reduced_field,5.6250631054474844,5.5108148346465065,5.802830627198299,0.0212765957446808,
FeTe0.61Se0.39,iron_chalcogenide_11,,elsevier_10.1016_j.physc.2010.03.003_VISION_PASS_LONG,A2,14.0,substructure_default,47.0,exact,,S1_v3_2_2B_extension,single_crystal,sample_form_conditional_median:single_crystal,10.78,5.0,,,,,5000,H_below_validated_reduced_field,5.570375540377139,5.456682663388436,5.751716667062983,0.1063829787234042,
FeTe0.61Se0.39,iron_chalcogenide_11,,elsevier_10.1016_j.physc.2010.03.003_VISION_PASS_LONG,A2,14.0,substructure_default,47.0,exact,,S1_v3_2_2B_extension,single_crystal,sample_form_conditional_median:single_crystal,4.2,0.1,,,,,5000,H_below_validated_reduced_field,5.99788020316565,5.9654169680036055,6.176213825966855,0.002127659574468,
FeTe0.61Se0.39,iron_chalcogenide_11,,elsevier_10.1016_j.physc.2010.03.003_VISION_PASS_LONG,A2,14.0,substructure_default,47.0,exact,,S1_v3_2_2B_extension,single_crystal,sample_form_conditional_median:single_crystal,4.2,1.0,,,,,5000,H_below_validated_reduced_field,5.986620755123971,5.953285266981048,6.16424188502048,0.0212765957446808,
FeTe0.61Se0.39,iron_chalcogenide_11,,elsevier_10.1016_j.physc.2010.03.003_VISION_PASS_LONG,A2,14.0,substructure_default,47.0,exact,,S1_v3_2_2B_extension,single_crystal,sample_form_conditional_median:single_crystal,4.2,5.0,,,,,5000,H_below_validated_reduced_field,5.936194718560653,5.897626755274626,6.109329837805081,0.1063829787234042,
FeTe0.61Se0.39,iron_chalcogenide_11,,elsevier_10.1016_j.physc.2010.03.003_VISION_PASS_LONG,A2,14.0,substructure_default,47.0,exact,,S1_v3_2_2B_extension,single_crystal,sample_form_conditional_median:single_crystal,20.0,0.1,,,,,5000,T_above_Tc,,,,,
FeTe0.61Se0.39,iron_chalcogenide_11,,elsevier_10.1016_j.physc.2010.03.003_VISION_PASS_LONG,A2,14.0,substructure_default,47.0,exact,,S1_v3_2_2B_extension,single_crystal,sample_form_conditional_median:single_crystal,20.0,1.0,,,,,5000,T_above_Tc,,,,,
FeTe0.61Se0.39,iron_chalcogenide_11,,elsevier_10.1016_j.physc.2010.03.003_VISION_PASS_LONG,A2,14.0,substructure_default,47.0,exact,,S1_v3_2_2B_extension,single_crystal,sample_form_conditional_median:single_crystal,20.0,5.0,,,,,5000,T_above_Tc,,,,,
FeTe0.61Se0.39,iron_chalcogenide_11,,elsevier_10.1016_j.physc.2010.03.003_VISION_PASS_LONG,A2,14.0,substructure_default,47.0,exact,,S1_v3_2_2B_extension,single_crystal,sample_form_conditional_median:single_crystal,10.78,0.1,,,,,5000,H_below_validated_reduced_field,5.636130375062418,5.521875956972551,5.813076426234761,0.002127659574468,
FeTe0.61Se0.39,iron_chalcogenide_11,,elsevier_10.1016_j.physc.2010.03.003_VISION_PASS_LONG,A2,14.0,substructure_default,47.0,exact,,S1_v3_2_2B_extension,single_crystal,sample_form_conditional_median:single_crystal,10.78,1.0,,,,,5000,H_below_validated_reduced_field,5.6245123779782205,5.511825286086755,5.80077966821894,0.0212765957446808,
FeTe0.61Se0.39,iron_chalcogenide_11,,elsevier_10.1016_j.physc.2010.03.003_VISION_PASS_LONG,A2,14.0,substructure_default,47.0,exact,,S1_v3_2_2B_extension,single_crystal,sample_form_conditional_median:single_crystal,10.78,5.0,,,,,5000,H_below_validated_reduced_field,5.569657661685058,5.456438994774652,5.748857935341254,0.1063829787234042,
FeTe0.61Se0.39,iron_chalcogenide_11,,elsevier_10.1016_j.physc.2010.03.003_VISION_PASS_LONG,A2,14.0,substructure_default,47.0,exact,,S1_v3_2_2B_extension,single_crystal,sample_form_conditional_median:single_crystal,4.2,0.1,,,,,5000,H_below_validated_reduced_field,5.99788020316565,5.9654169680036055,6.176213825966855,0.002127659574468,
FeTe0.61Se0.39,iron_chalcogenide_11,,elsevier_10.1016_j.physc.2010.03.003_VISION_PASS_LONG,A2,14.0,substructure_default,47.0,exact,,S1_v3_2_2B_extension,single_crystal,sample_form_conditional_median:single_crystal,4.2,1.0,,,,,5000,H_below_validated_reduced_field,5.986554528716262,5.95304008510067,6.165542696033164,0.0212765957446808,
FeTe0.61Se0.39,iron_chalcogenide_11,,elsevier_10.1016_j.physc.2010.03.003_VISION_PASS_LONG,A2,14.0,substructure_default,47.0,exact,,S1_v3_2_2B_extension,single_crystal,sample_form_conditional_median:single_crystal,4.2,5.0,,,,,5000,H_below_validated_reduced_field,5.936137001369254,5.897375661348583,6.116091600207721,0.1063829787234042,
FeTe0.61Se0.39,iron_chalcogenide_11,,elsevier_10.1016_j.physc.2010.03.003_VISION_PASS_LONG,A2,14.0,substructure_default,47.0,exact,,S1_v3_2_2B_extension,single_crystal,sample_form_conditional_median:single_crystal,20.0,0.1,,,,,5000,T_above_Tc,,,,,
FeTe0.61Se0.39,iron_chalcogenide_11,,elsevier_10.1016_j.physc.2010.03.003_VISION_PASS_LONG,A2,14.0,substructure_default,47.0,exact,,S1_v3_2_2B_extension,single_crystal,sample_form_conditional_median:single_crystal,20.0,1.0,,,,,5000,T_above_Tc,,,,,
FeTe0.61Se0.39,iron_chalcogenide_11,,elsevier_10.1016_j.physc.2010.03.003_VISION_PASS_LONG,A2,14.0,substructure_default,47.0,exact,,S1_v3_2_2B_extension,single_crystal,sample_form_conditional_median:single_crystal,20.0,5.0,,,,,5000,T_above_Tc,,,,,
FeTe0.61Se0.39,iron_chalcogenide_11,,elsevier_10.1016_j.physc.2010.03.003_VISION_PASS_LONG,A2,14.0,substructure_default,47.0,exact,,S1_v3_2_2B_extension,single_crystal,sample_form_conditional_median:single_crystal,10.78,0.1,,,,,5000,H_below_validated_reduced_field,5.637508879717117,5.520750735828146,5.817557272312834,0.002127659574468,
FeTe0.61Se0.39,iron_chalcogenide_11,,elsevier_10.1016_j.physc.2010.03.003_VISION_PASS_LONG,A2,14.0,substructure_default,47.0,exact,,S1_v3_2_2B_extension,single_crystal,sample_form_conditional_median:single_crystal,10.78,1.0,,,,,5000,H_below_validated_reduced_field,5.625924844093366,5.508810277845595,5.8063700410473125,0.0212765957446808,
FeTe0.61Se0.39,iron_chalcogenide_11,,elsevier_10.1016_j.physc.2010.03.003_VISION_PASS_LONG,A2,14.0,substructure_default,47.0,exact,,S1_v3_2_2B_extension,single_crystal,sample_form_conditional_median:single_crystal,10.78,5.0,,,,,5000,H_below_validated_reduced_field,5.572465382709195,5.453901521866995,5.756484943398134,0.1063829787234042,
MgB2,conventional_AlB2,,elsevier_10.1016_j.matpr.2019.05.078_VISION_PASS_LONG,A2,39.0,substructure_default,15.5,exact,,S1_v3_2_2B_extension,wire,sample_form_conditional_median:wire,4.2,0.1,,,,,5000,H_below_validated_reduced_field,5.652121901343918,5.29332971608345,5.791065446039283,0.0064516129032258,
MgB2,conventional_AlB2,,elsevier_10.1016_j.matpr.2019.05.078_VISION_PASS_LONG,A2,39.0,substructure_default,15.5,exact,,S1_v3_2_2B_extension,wire,sample_form_conditional_median:wire,4.2,1.0,,,,,5000,H_below_validated_reduced_field,5.585221250816453,5.216294665686269,5.74082626272841,0.064516129032258,
MgB2,conventional_AlB2,,elsevier_10.1016_j.matpr.2019.05.078_VISION_PASS_LONG,A2,39.0,substructure_default,15.5,exact,,S1_v3_2_2B_extension,wire,sample_form_conditional_median:wire,4.2,5.0,5.19948638023265,4.764561657128478,5.478781577235386,,5000,,,,,,
MgB2,conventional_AlB2,,elsevier_10.1016_j.matpr.2019.05.078_VISION_PASS_LONG,A2,39.0,substructure_default,15.5,exact,,S1_v3_2_2B_extension,wire,sample_form_conditional_median:wire,20.0,0.1,,,,,5000,H_below_validated_reduced_field,5.329332110305278,4.9074295073873,5.6277593928333305,0.0064516129032258,
MgB2,conventional_AlB2,,elsevier_10.1016_j.matpr.2019.05.078_VISION_PASS_LONG,A2,39.0,substructure_default,15.5,exact,,S1_v3_2_2B_extension,wire,sample_form_conditional_median:wire,20.0,1.0,,,,,5000,H_below_validated_reduced_field,5.259777670093304,4.8243355152637175,5.564715705811386,0.064516129032258,
MgB2,conventional_AlB2,,elsevier_10.1016_j.matpr.2019.05.078_VISION_PASS_LONG,A2,39.0,substructure_default,15.5,exact,,S1_v3_2_2B_extension,wire,sample_form_conditional_median:wire,20.0,5.0,4.890009408188615,4.380052520025081,5.266677683455964,,5000,,,,,,
MgB2,conventional_AlB2,,elsevier_10.1016_j.matpr.2019.05.078_VISION_PASS_LONG,A2,39.0,substructure_default,15.5,exact,,S1_v3_2_2B_extension,wire,sample_form_conditional_median:wire,30.03,0.1,,,,,5000,H_below_validated_reduced_field,4.910811921707008,4.324647282198495,5.4425051260323976,0.0064516129032258,
MgB2,conventional_AlB2,,elsevier_10.1016_j.matpr.2019.05.078_VISION_PASS_LONG,A2,39.0,substructure_default,15.5,exact,,S1_v3_2_2B_extension,wire,sample_form_conditional_median:wire,30.03,1.0,,,,,5000,H_below_validated_reduced_field,4.844505368942476,4.270586541336201,5.393417311049787,0.064516129032258,
MgB2,conventional_AlB2,,elsevier_10.1016_j.matpr.2019.05.078_VISION_PASS_LONG,A2,39.0,substructure_default,15.5,exact,,S1_v3_2_2B_extension,wire,sample_form_conditional_median:wire,30.03,5.0,,,,,5000,T_above_validated_reduced_temperature,4.497139185655506,3.834760135008631,5.091307007333878,,0.77
MgB2,conventional_AlB2,,elsevier_10.1016_j.matpr.2019.05.078_VISION_PASS_LONG,A2,39.0,substructure_default,15.5,exact,,S1_v3_2_2B_extension,wire,sample_form_conditional_median:wire,4.2,0.1,,,,,5000,H_below_validated_reduced_field,5.652121901343918,5.29332971608345,5.791065446039283,0.0064516129032258,
MgB2,conventional_AlB2,,elsevier_10.1016_j.matpr.2019.05.078_VISION_PASS_LONG,A2,39.0,substructure_default,15.5,exact,,S1_v3_2_2B_extension,wire,sample_form_conditional_median:wire,4.2,1.0,,,,,5000,H_below_validated_reduced_field,5.585221250816453,5.218332394757927,5.7398230805545225,0.064516129032258,
MgB2,conventional_AlB2,,elsevier_10.1016_j.matpr.2019.05.078_VISION_PASS_LONG,A2,39.0,substructure_default,15.5,exact,,S1_v3_2_2B_extension,wire,sample_form_conditional_median:wire,4.2,5.0,5.197726375949486,4.7693487728724815,5.478781577235386,,5000,,,,,,
MgB2,conventional_AlB2,,elsevier_10.1016_j.matpr.2019.05.078_VISION_PASS_LONG,A2,39.0,substructure_default,15.5,exact,,S1_v3_2_2B_extension,wire,sample_form_conditional_median:wire,20.0,0.1,,,,,5000,H_below_validated_reduced_field,5.31535194677143,4.908539921423754,5.6277593928333305,0.0064516129032258,
MgB2,conventional_AlB2,,elsevier_10.1016_j.matpr.2019.05.078_VISION_PASS_LONG,A2,39.0,substructure_default,15.5,exact,,S1_v3_2_2B_extension,wire,sample_form_conditional_median:wire,20.0,1.0,,,,,5000,H_below_validated_reduced_field,5.258954412452608,4.834980986120899,5.560927136680721,0.064516129032258,
MgB2,conventional_AlB2,,elsevier_10.1016_j.matpr.2019.05.078_VISION_PASS_LONG,A2,39.0,substructure_default,15.5,exact,,S1_v3_2_2B_extension,wire,sample_form_conditional_median:wire,20.0,5.0,4.895931715840832,4.411531651012624,5.268486528226569,,5000,,,,,,
MgB2,conventional_AlB2,,elsevier_10.1016_j.matpr.2019.05.078_VISION_PASS_LONG,A2,39.0,substructure_default,15.5,exact,,S1_v3_2_2B_extension,wire,sample_form_conditional_median:wire,30.03,0.1,,,,,5000,H_below_validated_reduced_field,4.918850830443564,4.326265715406327,5.4425051260323976,0.0064516129032258,
MgB2,conventional_AlB2,,elsevier_10.1016_j.matpr.2019.05.078_VISION_PASS_LONG,A2,39.0,substructure_default,15.5,exact,,S1_v3_2_2B_extension,wire,sample_form_conditional_median:wire,30.03,1.0,,,,,5000,H_below_validated_reduced_field,4.846449460998375,4.275841752534054,5.395086385923642,0.064516129032258,
MgB2,conventional_AlB2,,elsevier_10.1016_j.matpr.2019.05.078_VISION_PASS_LONG,A2,39.0,substructure_default,15.5,exact,,S1_v3_2_2B_extension,wire,sample_form_conditional_median:wire,30.03,5.0,,,,,5000,T_above_validated_reduced_temperature,4.501407533184327,3.899112040465458,5.098996258323229,,0.77
Ba(Fe1-xCox)2As2,iron_pnictide_122,,elsevier_10.1016_j.physc.2009.03.028_VISION_PASS_LONG,A2,22.0,substructure_default,50.0,exact,,S1_v3_2_2B_extension,single_crystal,sample_form_conditional_median:single_crystal,4.2,0.1,,,,,5000,H_below_validated_reduced_field,5.746354490991693,5.635326719245767,5.813389291270404,0.002,
Ba(Fe1-xCox)2As2,iron_pnictide_122,,elsevier_10.1016_j.physc.2009.03.028_VISION_PASS_LONG,A2,22.0,substructure_default,50.0,exact,,S1_v3_2_2B_extension,single_crystal,sample_form_conditional_median:single_crystal,4.2,1.0,,,,,5000,H_below_validated_reduced_field,5.741472784871311,5.629271873040106,5.802552678479633,0.02,
Ba(Fe1-xCox)2As2,iron_pnictide_122,,elsevier_10.1016_j.physc.2009.03.028_VISION_PASS_LONG,A2,22.0,substructure_default,50.0,exact,,S1_v3_2_2B_extension,single_crystal,sample_form_conditional_median:single_crystal,4.2,5.0,,,,,5000,H_below_validated_reduced_field,5.7133756236118,5.598072644560894,5.783592225535076,0.1,
Ba(Fe1-xCox)2As2,iron_pnictide_122,,elsevier_10.1016_j.physc.2009.03.028_VISION_PASS_LONG,A2,22.0,substructure_default,50.0,exact,,S1_v3_2_2B_extension,single_crystal,sample_form_conditional_median:single_crystal,20.0,0.1,,,,,5000,H_below_validated_reduced_field,3.9752724298981534,3.334905350569082,4.262489303109706,0.002,
Ba(Fe1-xCox)2As2,iron_pnictide_122,,elsevier_10.1016_j.physc.2009.03.028_VISION_PASS_LONG,A2,22.0,substructure_default,50.0,exact,,S1_v3_2_2B_extension,single_crystal,sample_form_conditional_median:single_crystal,20.0,1.0,,,,,5000,H_below_validated_reduced_field,3.970761464584164,3.3283150657677893,4.257145715034817,0.02,
Ba(Fe1-xCox)2As2,iron_pnictide_122,,elsevier_10.1016_j.physc.2009.03.028_VISION_PASS_LONG,A2,22.0,substructure_default,50.0,exact,,S1_v3_2_2B_extension,single_crystal,sample_form_conditional_median:single_crystal,20.0,5.0,,,,,5000,H_below_validated_reduced_field,3.947324575829888,3.305831640985199,4.23426162717422,0.1,
Ba(Fe1-xCox)2As2,iron_pnictide_122,,elsevier_10.1016_j.physc.2009.03.028_VISION_PASS_LONG,A2,22.0,substructure_default,50.0,exact,,S1_v3_2_2B_extension,single_crystal,sample_form_conditional_median:single_crystal,16.94,0.1,,,,,5000,H_below_validated_reduced_field,4.716523375864083,4.34843756288331,4.901179313268989,0.002,
Ba(Fe1-xCox)2As2,iron_pnictide_122,,elsevier_10.1016_j.physc.2009.03.028_VISION_PASS_LONG,A2,22.0,substructure_default,50.0,exact,,S1_v3_2_2B_extension,single_crystal,sample_form_conditional_median:single_crystal,16.94,1.0,,,,,5000,H_below_validated_reduced_field,4.7118555581951655,4.3444043461996165,4.896512941174002,0.02,
Ba(Fe1-xCox)2As2,iron_pnictide_122,,elsevier_10.1016_j.physc.2009.03.028_VISION_PASS_LONG,A2,22.0,substructure_default,50.0,exact,,S1_v3_2_2B_extension,single_crystal,sample_form_conditional_median:single_crystal,16.94,5.0,,,,,5000,H_below_validated_reduced_field,4.686856100701702,4.321036355517625,4.875251909852456,0.1,
Ba(Fe1-xCox)2As2,iron_pnictide_122,,elsevier_10.1016_j.physc.2009.03.028_VISION_PASS_LONG,A2,22.0,substructure_default,50.0,exact,,S1_v3_2_2B_extension,single_crystal,sample_form_conditional_median:single_crystal,4.2,0.1,,,,,5000,H_below_validated_reduced_field,5.746354490991693,5.635326719245767,5.804297695181981,0.002,
Ba(Fe1-xCox)2As2,iron_pnictide_122,,elsevier_10.1016_j.physc.2009.03.028_VISION_PASS_LONG,A2,22.0,substructure_default,50.0,exact,,S1_v3_2_2B_extension,single_crystal,sample_form_conditional_median:single_crystal,4.2,1.0,,,,,5000,H_below_validated_reduced_field,5.740505160763102,5.6324240463921456,5.799629878371573,0.02,
Ba(Fe1-xCox)2As2,iron_pnictide_122,,elsevier_10.1016_j.physc.2009.03.028_VISION_PASS_LONG,A2,22.0,substructure_default,50.0,exact,,S1_v3_2_2B_extension,single_crystal,sample_form_conditional_median:single_crystal,4.2,5.0,,,,,5000,H_below_validated_reduced_field,5.713100763529607,5.601968719942043,5.779575122626036,0.1,
Ba(Fe1-xCox)2As2,iron_pnictide_122,,elsevier_10.1016_j.physc.2009.03.028_VISION_PASS_LONG,A2,22.0,substructure_default,50.0,exact,,S1_v3_2_2B_extension,single_crystal,sample_form_conditional_median:single_crystal,20.0,0.1,,,,,5000,H_below_validated_reduced_field,3.974644204878693,3.32413703438091,4.258323482546426,0.002,
Ba(Fe1-xCox)2As2,iron_pnictide_122,,elsevier_10.1016_j.physc.2009.03.028_VISION_PASS_LONG,A2,22.0,substructure_default,50.0,exact,,S1_v3_2_2B_extension,single_crystal,sample_form_conditional_median:single_crystal,20.0,1.0,,,,,5000,H_below_validated_reduced_field,3.969835896742591,3.3194396797350474,4.253657649231202,0.02,
Ba(Fe1-xCox)2As2,iron_pnictide_122,,elsevier_10.1016_j.physc.2009.03.028_VISION_PASS_LONG,A2,22.0,substructure_default,50.0,exact,,S1_v3_2_2B_extension,single_crystal,sample_form_conditional_median:single_crystal,20.0,5.0,,,,,5000,H_below_validated_reduced_field,3.946521337969557,3.2992054503361863,4.230075570598387,0.1,
Ba(Fe1-xCox)2As2,iron_pnictide_122,,elsevier_10.1016_j.physc.2009.03.028_VISION_PASS_LONG,A2,22.0,substructure_default,50.0,exact,,S1_v3_2_2B_extension,single_crystal,sample_form_conditional_median:single_crystal,16.94,0.1,,,,,5000,H_below_validated_reduced_field,4.716523376722593,4.342974353670354,4.900117449791791,0.002,
Ba(Fe1-xCox)2As2,iron_pnictide_122,,elsevier_10.1016_j.physc.2009.03.028_VISION_PASS_LONG,A2,22.0,substructure_default,50.0,exact,,S1_v3_2_2B_extension,single_crystal,sample_form_conditional_median:single_crystal,16.94,1.0,,,,,5000,H_below_validated_reduced_field,4.711894553465927,4.337764980755776,4.895170971583998,0.02,
Ba(Fe1-xCox)2As2,iron_pnictide_122,,elsevier_10.1016_j.physc.2009.03.028_VISION_PASS_LONG,A2,22.0,substructure_default,50.0,exact,,S1_v3_2_2B_extension,single_crystal,sample_form_conditional_median:single_crystal,16.94,5.0,,,,,5000,H_below_validated_reduced_field,4.688069447071388,4.312269778167462,4.874117638407375,0.1,
Ba(Fe1-xCox)2As2,iron_pnictide_122,,elsevier_10.1016_j.physc.2009.03.028_VISION_PASS_LONG,A2,22.0,substructure_default,50.0,exact,,S1_v3_2_2B_extension,single_crystal,sample_form_conditional_median:single_crystal,4.2,0.1,,,,,5000,H_below_validated_reduced_field,5.746354490991693,5.616253626881896,5.804297695181981,0.002,
Ba(Fe1-xCox)2As2,iron_pnictide_122,,elsevier_10.1016_j.physc.2009.03.028_VISION_PASS_LONG,A2,22.0,substructure_default,50.0,exact,,S1_v3_2_2B_extension,single_crystal,sample_form_conditional_median:single_crystal,4.2,1.0,,,,,5000,H_below_validated_reduced_field,5.740902344022302,5.612349461556964,5.800679566306166,0.02,
Ba(Fe1-xCox)2As2,iron_pnictide_122,,elsevier_10.1016_j.physc.2009.03.028_VISION_PASS_LONG,A2,22.0,substructure_default,50.0,exact,,S1_v3_2_2B_extension,single_crystal,sample_form_conditional_median:single_crystal,4.2,5.0,,,,,5000,H_below_validated_reduced_field,5.713137201544459,5.593864601160592,5.781478889795283,0.1,
Ba(Fe1-xCox)2As2,iron_pnictide_122,,elsevier_10.1016_j.physc.2009.03.028_VISION_PASS_LONG,A2,22.0,substructure_default,50.0,exact,,S1_v3_2_2B_extension,single_crystal,sample_form_conditional_median:single_crystal,20.0,0.1,,,,,5000,H_below_validated_reduced_field,3.976024446607184,3.32413703438091,4.259858925133173,0.002,
Ba(Fe1-xCox)2As2,iron_pnictide_122,,elsevier_10.1016_j.physc.2009.03.028_VISION_PASS_LONG,A2,22.0,substructure_default,50.0,exact,,S1_v3_2_2B_extension,single_crystal,sample_form_conditional_median:single_crystal,20.0,1.0,,,,,5000,H_below_validated_reduced_field,3.971160433558408,3.3220375457243727,4.255351512081035,0.02,
Ba(Fe1-xCox)2As2,iron_pnictide_122,,elsevier_10.1016_j.physc.2009.03.028_VISION_PASS_LONG,A2,22.0,substructure_default,50.0,exact,,S1_v3_2_2B_extension,single_crystal,sample_form_conditional_median:single_crystal,20.0,5.0,,,,,5000,H_below_validated_reduced_field,3.947419788805892,3.2997695080098395,4.23118115266137,0.1,
Ba(Fe1-xCox)2As2,iron_pnictide_122,,elsevier_10.1016_j.physc.2009.03.028_VISION_PASS_LONG,A2,22.0,substructure_default,50.0,exact,,S1_v3_2_2B_extension,single_crystal,sample_form_conditional_median:single_crystal,16.94,0.1,,,,,5000,H_below_validated_reduced_field,4.716523376722593,4.340939450760275,4.900117445421096,0.002,
Ba(Fe1-xCox)2As2,iron_pnictide_122,,elsevier_10.1016_j.physc.2009.03.028_VISION_PASS_LONG,A2,22.0,substructure_default,50.0,exact,,S1_v3_2_2B_extension,single_crystal,sample_form_conditional_median:single_crystal,16.94,1.0,,,,,5000,H_below_validated_reduced_field,4.71187704222432,4.334756604050965,4.895361118783881,0.02,
Ba(Fe1-xCox)2As2,iron_pnictide_122,,elsevier_10.1016_j.physc.2009.03.028_VISION_PASS_LONG,A2,22.0,substructure_default,50.0,exact,,S1_v3_2_2B_extension,single_crystal,sample_form_conditional_median:single_crystal,16.94,5.0,,,,,5000,H_below_validated_reduced_field,4.687711667931431,4.315107667242623,4.874539199456493,0.1,
Ba(Fe1-xCox)2As2,iron_pnictide_122,,elsevier_10.1016_j.physc.2009.03.028_VISION_PASS_LONG,A2,22.0,substructure_default,50.0,exact,,S1_v3_2_2B_extension,single_crystal,sample_form_conditional_median:single_crystal,4.2,0.1,,,,,5000,H_below_validated_reduced_field,5.746354490991693,5.634889910891651,5.804297695181981,0.002,
Ba(Fe1-xCox)2As2,iron_pnictide_122,,elsevier_10.1016_j.physc.2009.03.028_VISION_PASS_LONG,A2,22.0,substructure_default,50.0,exact,,S1_v3_2_2B_extension,single_crystal,sample_form_conditional_median:single_crystal,4.2,1.0,,,,,5000,H_below_validated_reduced_field,5.741095917472194,5.619176889893965,5.798983049895145,0.02,
Ba(Fe1-xCox)2As2,iron_pnictide_122,,elsevier_10.1016_j.physc.2009.03.028_VISION_PASS_LONG,A2,22.0,substructure_default,50.0,exact,,S1_v3_2_2B_extension,single_crystal,sample_form_conditional_median:single_crystal,4.2,5.0,,,,,5000,H_below_validated_reduced_field,5.7134244889267976,5.596644506247479,5.780176675174102,0.1,
Ba(Fe1-xCox)2As2,iron_pnictide_122,,elsevier_10.1016_j.physc.2009.03.028_VISION_PASS_LONG,A2,22.0,substructure_default,50.0,exact,,S1_v3_2_2B_extension,single_crystal,sample_form_conditional_median:single_crystal,20.0,0.1,,,,,5000,H_below_validated_reduced_field,3.973694778581363,3.345354286723041,4.259873855854836,0.002,
Ba(Fe1-xCox)2As2,iron_pnictide_122,,elsevier_10.1016_j.physc.2009.03.028_VISION_PASS_LONG,A2,22.0,substructure_default,50.0,exact,,S1_v3_2_2B_extension,single_crystal,sample_form_conditional_median:single_crystal,20.0,1.0,,,,,5000,H_below_validated_reduced_field,3.96678766186463,3.340767510829693,4.254982726777282,0.02,
Ba(Fe1-xCox)2As2,iron_pnictide_122,,elsevier_10.1016_j.physc.2009.03.028_VISION_PASS_LONG,A2,22.0,substructure_default,50.0,exact,,S1_v3_2_2B_extension,single_crystal,sample_form_conditional_median:single_crystal,20.0,5.0,,,,,5000,H_below_validated_reduced_field,3.943426273539498,3.318743344878496,4.233668736359044,0.1,
Ba(Fe1-xCox)2As2,iron_pnictide_122,,elsevier_10.1016_j.physc.2009.03.028_VISION_PASS_LONG,A2,22.0,substructure_default,50.0,exact,,S1_v3_2_2B_extension,single_crystal,sample_form_conditional_median:single_crystal,16.94,0.1,,,,,5000,H_below_validated_reduced_field,4.716153037204999,4.3540770187504965,4.900117445639631,0.002,
Ba(Fe1-xCox)2As2,iron_pnictide_122,,elsevier_10.1016_j.physc.2009.03.028_VISION_PASS_LONG,A2,22.0,substructure_default,50.0,exact,,S1_v3_2_2B_extension,single_crystal,sample_form_conditional_median:single_crystal,16.94,1.0,,,,,5000,H_below_validated_reduced_field,4.711444142855678,4.350839017024106,4.895170761251797,0.02,
Ba(Fe1-xCox)2As2,iron_pnictide_122,,elsevier_10.1016_j.physc.2009.03.028_VISION_PASS_LONG,A2,22.0,substructure_default,50.0,exact,,S1_v3_2_2B_extension,single_crystal,sample_form_conditional_median:single_crystal,16.94,5.0,,,,,5000,H_below_validated_reduced_field,4.687434631968895,4.3288796120708,4.875758074408131,0.1,
Ba(Fe1-xCox)2As2,iron_pnictide_122,,elsevier_10.1016_j.physc.2009.03.028_VISION_PASS_LONG,A2,22.0,substructure_default,50.0,exact,,S1_v3_2_2B_extension,single_crystal,sample_form_conditional_median:single_crystal,4.2,0.1,,,,,5000,H_below_validated_reduced_field,5.746354490991693,5.635326719245767,5.802165025000917,0.002,
Ba(Fe1-xCox)2As2,iron_pnictide_122,,elsevier_10.1016_j.physc.2009.03.028_VISION_PASS_LONG,A2,22.0,substructure_default,50.0,exact,,S1_v3_2_2B_extension,single_crystal,sample_form_conditional_median:single_crystal,4.2,1.0,,,,,5000,H_below_validated_reduced_field,5.740505160763102,5.631026348149498,5.796906451481418,0.02,
Ba(Fe1-xCox)2As2,iron_pnictide_122,,elsevier_10.1016_j.physc.2009.03.028_VISION_PASS_LONG,A2,22.0,substructure_default,50.0,exact,,S1_v3_2_2B_extension,single_crystal,sample_form_conditional_median:single_crystal,4.2,5.0,,,,,5000,H_below_validated_reduced_field,5.71371497840829,5.600818550401028,5.779072733178207,0.1,
Ba(Fe1-xCox)2As2,iron_pnictide_122,,elsevier_10.1016_j.physc.2009.03.028_VISION_PASS_LONG,A2,22.0,substructure_default,50.0,exact,,S1_v3_2_2B_extension,single_crystal,sample_form_conditional_median:single_crystal,20.0,0.1,,,,,5000,H_below_validated_reduced_field,3.974644207067806,3.3551127351963355,4.261813524561006,0.002,
Ba(Fe1-xCox)2As2,iron_pnictide_122,,elsevier_10.1016_j.physc.2009.03.028_VISION_PASS_LONG,A2,22.0,substructure_default,50.0,exact,,S1_v3_2_2B_extension,single_crystal,sample_form_conditional_median:single_crystal,20.0,1.0,,,,,5000,H_below_validated_reduced_field,3.970902502840884,3.351463269452923,4.25602730471189,0.02,
Ba(Fe1-xCox)2As2,iron_pnictide_122,,elsevier_10.1016_j.physc.2009.03.028_VISION_PASS_LONG,A2,22.0,substructure_default,50.0,exact,,S1_v3_2_2B_extension,single_crystal,sample_form_conditional_median:single_crystal,20.0,5.0,,,,,5000,H_below_validated_reduced_field,3.94758595629696,3.3269310899824007,4.231366117537403,0.1,
Ba(Fe1-xCox)2As2,iron_pnictide_122,,elsevier_10.1016_j.physc.2009.03.028_VISION_PASS_LONG,A2,22.0,substructure_default,50.0,exact,,S1_v3_2_2B_extension,single_crystal,sample_form_conditional_median:single_crystal,16.94,0.1,,,,,5000,H_below_validated_reduced_field,4.717666471051823,4.360210629843075,4.898827670046853,0.002,
Ba(Fe1-xCox)2As2,iron_pnictide_122,,elsevier_10.1016_j.physc.2009.03.028_VISION_PASS_LONG,A2,22.0,substructure_default,50.0,exact,,S1_v3_2_2B_extension,single_crystal,sample_form_conditional_median:single_crystal,16.94,1.0,,,,,5000,H_below_validated_reduced_field,4.7128775497168025,4.355508371289693,4.894536720737612,0.02,
Ba(Fe1-xCox)2As2,iron_pnictide_122,,elsevier_10.1016_j.physc.2009.03.028_VISION_PASS_LONG,A2,22.0,substructure_default,50.0,exact,,S1_v3_2_2B_extension,single_crystal,sample_form_conditional_median:single_crystal,16.94,5.0,,,,,5000,H_below_validated_reduced_field,4.68928170163733,4.33450077917127,4.872543622467431,0.1,
Ba(Fe1-xCox)2As2,iron_pnictide_122,,elsevier_10.1016_j.physc.2009.03.028_VISION_PASS_LONG,A2,22.0,substructure_default,50.0,exact,,S1_v3_2_2B_extension,single_crystal,sample_form_conditional_median:single_crystal,4.2,0.1,,,,,5000,H_below_validated_reduced_field,5.746354490991693,5.635326719245767,5.802181694508696,0.002,
Ba(Fe1-xCox)2As2,iron_pnictide_122,,elsevier_10.1016_j.physc.2009.03.028_VISION_PASS_LONG,A2,22.0,substructure_default,50.0,exact,,S1_v3_2_2B_extension,single_crystal,sample_form_conditional_median:single_crystal,4.2,1.0,,,,,5000,H_below_validated_reduced_field,5.741686674181285,5.630880368119899,5.797977670844283,0.02,
Ba(Fe1-xCox)2As2,iron_pnictide_122,,elsevier_10.1016_j.physc.2009.03.028_VISION_PASS_LONG,A2,22.0,substructure_default,50.0,exact,,S1_v3_2_2B_extension,single_crystal,sample_form_conditional_median:single_crystal,4.2,5.0,,,,,5000,H_below_validated_reduced_field,5.714390547645239,5.596504308810628,5.778093567189832,0.1,
Ba(Fe1-xCox)2As2,iron_pnictide_122,,elsevier_10.1016_j.physc.2009.03.028_VISION_PASS_LONG,A2,22.0,substructure_default,50.0,exact,,S1_v3_2_2B_extension,single_crystal,sample_form_conditional_median:single_crystal,20.0,0.1,,,,,5000,H_below_validated_reduced_field,3.974644206370741,3.354657537557852,4.263103316272696,0.002,
Ba(Fe1-xCox)2As2,iron_pnictide_122,,elsevier_10.1016_j.physc.2009.03.028_VISION_PASS_LONG,A2,22.0,substructure_default,50.0,exact,,S1_v3_2_2B_extension,single_crystal,sample_form_conditional_median:single_crystal,20.0,1.0,,,,,5000,H_below_validated_reduced_field,3.970001357135324,3.3487894753625347,4.258546302984972,0.02,
Ba(Fe1-xCox)2As2,iron_pnictide_122,,elsevier_10.1016_j.physc.2009.03.028_VISION_PASS_LONG,A2,22.0,substructure_default,50.0,exact,,S1_v3_2_2B_extension,single_crystal,sample_form_conditional_median:single_crystal,20.0,5.0,,,,,5000,H_below_validated_reduced_field,3.945974069312333,3.3234509766851312,4.236088813648469,0.1,
Ba(Fe1-xCox)2As2,iron_pnictide_122,,elsevier_10.1016_j.physc.2009.03.028_VISION_PASS_LONG,A2,22.0,substructure_default,50.0,exact,,S1_v3_2_2B_extension,single_crystal,sample_form_conditional_median:single_crystal,16.94,0.1,,,,,5000,H_below_validated_reduced_field,4.717247163725581,4.355851002350995,4.9022045529766185,0.002,
Ba(Fe1-xCox)2As2,iron_pnictide_122,,elsevier_10.1016_j.physc.2009.03.028_VISION_PASS_LONG,A2,22.0,substructure_default,50.0,exact,,S1_v3_2_2B_extension,single_crystal,sample_form_conditional_median:single_crystal,16.94,1.0,,,,,5000,H_below_validated_reduced_field,4.712232428169811,4.35154839320288,4.89785521232514,0.02,
Ba(Fe1-xCox)2As2,iron_pnictide_122,,elsevier_10.1016_j.physc.2009.03.028_VISION_PASS_LONG,A2,22.0,substructure_default,50.0,exact,,S1_v3_2_2B_extension,single_crystal,sample_form_conditional_median:single_crystal,16.94,5.0,,,,,5000,H_below_validated_reduced_field,4.688447733596943,4.330386868524172,4.875400470485871,0.1,
Ba(Fe1-xCox)2As2,iron_pnictide_122,,elsevier_10.1016_j.physc.2009.03.028_VISION_PASS_LONG,A2,22.0,substructure_default,50.0,exact,,S1_v3_2_2B_extension,single_crystal,sample_form_conditional_median:single_crystal,4.2,0.1,,,,,5000,H_below_validated_reduced_field,5.746354490991693,5.614582757298319,5.802165025000917,0.002,
Ba(Fe1-xCox)2As2,iron_pnictide_122,,elsevier_10.1016_j.physc.2009.03.028_VISION_PASS_LONG,A2,22.0,substructure_default,50.0,exact,,S1_v3_2_2B_extension,single_crystal,sample_form_conditional_median:single_crystal,4.2,1.0,,,,,5000,H_below_validated_reduced_field,5.740505160763102,5.611200197170586,5.7964406929214265,0.02,
Ba(Fe1-xCox)2As2,iron_pnictide_122,,elsevier_10.1016_j.physc.2009.03.028_VISION_PASS_LONG,A2,22.0,substructure_default,50.0,exact,,S1_v3_2_2B_extension,single_crystal,sample_form_conditional_median:single_crystal,4.2,5.0,,,,,5000,H_below_validated_reduced_field,5.713070491301031,5.592355392790315,5.776948098583455,0.1,
Ba(Fe1-xCox)2As2,iron_pnictide_122,,elsevier_10.1016_j.physc.2009.03.028_VISION_PASS_LONG,A2,22.0,substructure_default,50.0,exact,,S1_v3_2_2B_extension,single_crystal,sample_form_conditional_median:single_crystal,20.0,0.1,,,,,5000,H_below_validated_reduced_field,3.9740552447054274,3.327445603735293,4.259070145840587,0.002,
Ba(Fe1-xCox)2As2,iron_pnictide_122,,elsevier_10.1016_j.physc.2009.03.028_VISION_PASS_LONG,A2,22.0,substructure_default,50.0,exact,,S1_v3_2_2B_extension,single_crystal,sample_form_conditional_median:single_crystal,20.0,1.0,,,,,5000,H_below_validated_reduced_field,3.967289875924614,3.3218887421337127,4.252539271478074,0.02,
Ba(Fe1-xCox)2As2,iron_pnictide_122,,elsevier_10.1016_j.physc.2009.03.028_VISION_PASS_LONG,A2,22.0,substructure_default,50.0,exact,,S1_v3_2_2B_extension,single_crystal,sample_form_conditional_median:single_crystal,20.0,5.0,,,,,5000,H_below_validated_reduced_field,3.943600402033763,3.2992093155755264,4.229004989477581,0.1,
Ba(Fe1-xCox)2As2,iron_pnictide_122,,elsevier_10.1016_j.physc.2009.03.028_VISION_PASS_LONG,A2,22.0,substructure_default,50.0,exact,,S1_v3_2_2B_extension,single_crystal,sample_form_conditional_median:single_crystal,16.94,0.1,,,,,5000,H_below_validated_reduced_field,4.716523375864083,4.344306373093979,4.900117449791791,0.002,
Ba(Fe1-xCox)2As2,iron_pnictide_122,,elsevier_10.1016_j.physc.2009.03.028_VISION_PASS_LONG,A2,22.0,substructure_default,50.0,exact,,S1_v3_2_2B_extension,single_crystal,sample_form_conditional_median:single_crystal,16.94,1.0,,,,,5000,H_below_validated_reduced_field,4.711706655687578,4.340623333235138,4.894674636327825,0.02,
Ba(Fe1-xCox)2As2,iron_pnictide_122,,elsevier_10.1016_j.physc.2009.03.028_VISION_PASS_LONG,A2,22.0,substructure_default,50.0,exact,,S1_v3_2_2B_extension,single_crystal,sample_form_conditional_median:single_crystal,16.94,5.0,,,,,5000,H_below_validated_reduced_field,4.6864529782090525,4.319382298885965,4.872364661685441,0.1,
FeSeTe,iron_chalcogenide_11,,elsevier_10.1016_j.cjph.2024.09.042_VISION_PASS_LONG,A2,14.0,substructure_default,47.0,exact,,S1_v3_2_2B_extension,single_crystal,sample_form_conditional_median:single_crystal,4.2,0.1,,,,,5000,H_below_validated_reduced_field,5.99788020316565,5.9654169680036055,6.176213825966855,0.002127659574468,
FeSeTe,iron_chalcogenide_11,,elsevier_10.1016_j.cjph.2024.09.042_VISION_PASS_LONG,A2,14.0,substructure_default,47.0,exact,,S1_v3_2_2B_extension,single_crystal,sample_form_conditional_median:single_crystal,4.2,1.0,,,,,5000,H_below_validated_reduced_field,5.986363663940809,5.953262222106843,6.16424188502048,0.0212765957446808,
FeSeTe,iron_chalcogenide_11,,elsevier_10.1016_j.cjph.2024.09.042_VISION_PASS_LONG,A2,14.0,substructure_default,47.0,exact,,S1_v3_2_2B_extension,single_crystal,sample_form_conditional_median:single_crystal,4.2,5.0,,,,,5000,H_below_validated_reduced_field,5.935334603452924,5.898109038522529,6.108172519311832,0.1063829787234042,
FeSeTe,iron_chalcogenide_11,,elsevier_10.1016_j.cjph.2024.09.042_VISION_PASS_LONG,A2,14.0,substructure_default,47.0,exact,,S1_v3_2_2B_extension,single_crystal,sample_form_conditional_median:single_crystal,20.0,0.1,,,,,5000,T_above_Tc,,,,,
FeSeTe,iron_chalcogenide_11,,elsevier_10.1016_j.cjph.2024.09.042_VISION_PASS_LONG,A2,14.0,substructure_default,47.0,exact,,S1_v3_2_2B_extension,single_crystal,sample_form_conditional_median:single_crystal,20.0,1.0,,,,,5000,T_above_Tc,,,,,
FeSeTe,iron_chalcogenide_11,,elsevier_10.1016_j.cjph.2024.09.042_VISION_PASS_LONG,A2,14.0,substructure_default,47.0,exact,,S1_v3_2_2B_extension,single_crystal,sample_form_conditional_median:single_crystal,20.0,5.0,,,,,5000,T_above_Tc,,,,,
FeSeTe,iron_chalcogenide_11,,elsevier_10.1016_j.cjph.2024.09.042_VISION_PASS_LONG,A2,14.0,substructure_default,47.0,exact,,S1_v3_2_2B_extension,single_crystal,sample_form_conditional_median:single_crystal,10.78,0.1,,,,,5000,H_below_validated_reduced_field,5.636819627389768,5.524305903507215,5.813517722416956,0.002127659574468,
FeSeTe,iron_chalcogenide_11,,elsevier_10.1016_j.cjph.2024.09.042_VISION_PASS_LONG,A2,14.0,substructure_default,47.0,exact,,S1_v3_2_2B_extension,single_crystal,sample_form_conditional_median:single_crystal,10.78,1.0,,,,,5000,H_below_validated_reduced_field,5.625260225166128,5.513000870716014,5.803589423565856,0.0212765957446808,
FeSeTe,iron_chalcogenide_11,,elsevier_10.1016_j.cjph.2024.09.042_VISION_PASS_LONG,A2,14.0,substructure_default,47.0,exact,,S1_v3_2_2B_extension,single_crystal,sample_form_conditional_median:single_crystal,10.78,5.0,,,,,5000,H_below_validated_reduced_field,5.571355062509712,5.457421915345441,5.751429484627758,0.1063829787234042,
FeSeTe,iron_chalcogenide_11,,elsevier_10.1016_j.cjph.2024.09.042_VISION_PASS_LONG,A2,14.0,substructure_default,47.0,exact,,S1_v3_2_2B_extension,single_crystal,sample_form_conditional_median:single_crystal,4.2,0.1,,,,,5000,H_below_validated_reduced_field,5.99788020316565,5.96362286073826,6.176213825966855,0.002127659574468,
FeSeTe,iron_chalcogenide_11,,elsevier_10.1016_j.cjph.2024.09.042_VISION_PASS_LONG,A2,14.0,substructure_default,47.0,exact,,S1_v3_2_2B_extension,single_crystal,sample_form_conditional_median:single_crystal,4.2,1.0,,,,,5000,H_below_validated_reduced_field,5.986554528716262,5.95217845881976,6.164266290390885,0.0212765957446808,
FeSeTe,iron_chalcogenide_11,,elsevier_10.1016_j.cjph.2024.09.042_VISION_PASS_LONG,A2,14.0,substructure_default,47.0,exact,,S1_v3_2_2B_extension,single_crystal,sample_form_conditional_median:single_crystal,4.2,5.0,,,,,5000,H_below_validated_reduced_field,5.936577059920655,5.8964580285777926,6.109190849033613,0.1063829787234042,
FeSeTe,iron_chalcogenide_11,,elsevier_10.1016_j.cjph.2024.09.042_VISION_PASS_LONG,A2,14.0,substructure_default,47.0,exact,,S1_v3_2_2B_extension,single_crystal,sample_form_conditional_median:single_crystal,20.0,0.1,,,,,5000,T_above_Tc,,,,,
FeSeTe,iron_chalcogenide_11,,elsevier_10.1016_j.cjph.2024.09.042_VISION_PASS_LONG,A2,14.0,substructure_default,47.0,exact,,S1_v3_2_2B_extension,single_crystal,sample_form_conditional_median:single_crystal,20.0,1.0,,,,,5000,T_above_Tc,,,,,
FeSeTe,iron_chalcogenide_11,,elsevier_10.1016_j.cjph.2024.09.042_VISION_PASS_LONG,A2,14.0,substructure_default,47.0,exact,,S1_v3_2_2B_extension,single_crystal,sample_form_conditional_median:single_crystal,20.0,5.0,,,,,5000,T_above_Tc,,,,,
FeSeTe,iron_chalcogenide_11,,elsevier_10.1016_j.cjph.2024.09.042_VISION_PASS_LONG,A2,14.0,substructure_default,47.0,exact,,S1_v3_2_2B_extension,single_crystal,sample_form_conditional_median:single_crystal,10.78,0.1,,,,,5000,H_below_validated_reduced_field,5.636017229473437,5.521872522386924,5.816033367293775,0.002127659574468,
FeSeTe,iron_chalcogenide_11,,elsevier_10.1016_j.cjph.2024.09.042_VISION_PASS_LONG,A2,14.0,substructure_default,47.0,exact,,S1_v3_2_2B_extension,single_crystal,sample_form_conditional_median:single_crystal,10.78,1.0,,,,,5000,H_below_validated_reduced_field,5.624184611882834,5.511165684798742,5.805613512525497,0.0212765957446808,
FeSeTe,iron_chalcogenide_11,,elsevier_10.1016_j.cjph.2024.09.042_VISION_PASS_LONG,A2,14.0,substructure_default,47.0,exact,,S1_v3_2_2B_extension,single_crystal,sample_form_conditional_median:single_crystal,10.78,5.0,,,,,5000,H_below_validated_reduced_field,5.568823872655566,5.457277000760397,5.757030699337435,0.1063829787234042,
FeSeTe,iron_chalcogenide_11,,elsevier_10.1016_j.cjph.2024.09.042_VISION_PASS_LONG,A2,14.0,substructure_default,47.0,exact,,S1_v3_2_2B_extension,single_crystal,sample_form_conditional_median:single_crystal,4.2,0.1,,,,,5000,H_below_validated_reduced_field,5.99788020316565,5.9654169680036055,6.176213825966855,0.002127659574468,
FeSeTe,iron_chalcogenide_11,,elsevier_10.1016_j.cjph.2024.09.042_VISION_PASS_LONG,A2,14.0,substructure_default,47.0,exact,,S1_v3_2_2B_extension,single_crystal,sample_form_conditional_median:single_crystal,4.2,1.0,,,,,5000,H_below_validated_reduced_field,5.986363663940809,5.953469432427636,6.164445101339369,0.0212765957446808,
FeSeTe,iron_chalcogenide_11,,elsevier_10.1016_j.cjph.2024.09.042_VISION_PASS_LONG,A2,14.0,substructure_default,47.0,exact,,S1_v3_2_2B_extension,single_crystal,sample_form_conditional_median:single_crystal,4.2,5.0,,,,,5000,H_below_validated_reduced_field,5.935447749041905,5.8983905163510775,6.111282513083977,0.1063829787234042,
FeSeTe,iron_chalcogenide_11,,elsevier_10.1016_j.cjph.2024.09.042_VISION_PASS_LONG,A2,14.0,substructure_default,47.0,exact,,S1_v3_2_2B_extension,single_crystal,sample_form_conditional_median:single_crystal,20.0,0.1,,,,,5000,T_above_Tc,,,,,
FeSeTe,iron_chalcogenide_11,,elsevier_10.1016_j.cjph.2024.09.042_VISION_PASS_LONG,A2,14.0,substructure_default,47.0,exact,,S1_v3_2_2B_extension,single_crystal,sample_form_conditional_median:single_crystal,20.0,1.0,,,,,5000,T_above_Tc,,,,,
FeSeTe,iron_chalcogenide_11,,elsevier_10.1016_j.cjph.2024.09.042_VISION_PASS_LONG,A2,14.0,substructure_default,47.0,exact,,S1_v3_2_2B_extension,single_crystal,sample_form_conditional_median:single_crystal,20.0,5.0,,,,,5000,T_above_Tc,,,,,
FeSeTe,iron_chalcogenide_11,,elsevier_10.1016_j.cjph.2024.09.042_VISION_PASS_LONG,A2,14.0,substructure_default,47.0,exact,,S1_v3_2_2B_extension,single_crystal,sample_form_conditional_median:single_crystal,10.78,0.1,,,,,5000,H_below_validated_reduced_field,5.636819627389768,5.525905991090735,5.817404694127088,0.002127659574468,
FeSeTe,iron_chalcogenide_11,,elsevier_10.1016_j.cjph.2024.09.042_VISION_PASS_LONG,A2,14.0,substructure_default,47.0,exact,,S1_v3_2_2B_extension,single_crystal,sample_form_conditional_median:single_crystal,10.78,1.0,,,,,5000,H_below_validated_reduced_field,5.625050902762282,5.514294609980277,5.806735493011273,0.0212765957446808,
FeSeTe,iron_chalcogenide_11,,elsevier_10.1016_j.cjph.2024.09.042_VISION_PASS_LONG,A2,14.0,substructure_default,47.0,exact,,S1_v3_2_2B_extension,single_crystal,sample_form_conditional_median:single_crystal,10.78,5.0,,,,,5000,H_below_validated_reduced_field,5.570438479594516,5.458160708105611,5.755328075895781,0.1063829787234042,
FeSeTe,iron_chalcogenide_11,,elsevier_10.1016_j.cjph.2024.09.042_VISION_PASS_LONG,A2,14.0,substructure_default,47.0,exact,,S1_v3_2_2B_extension,single_crystal,sample_form_conditional_median:single_crystal,4.2,0.1,,,,,5000,H_below_validated_reduced_field,5.99788020316565,5.9654169680036055,6.176213825966855,0.002127659574468,
FeSeTe,iron_chalcogenide_11,,elsevier_10.1016_j.cjph.2024.09.042_VISION_PASS_LONG,A2,14.0,substructure_default,47.0,exact,,S1_v3_2_2B_extension,single_crystal,sample_form_conditional_median:single_crystal,4.2,1.0,,,,,5000,H_below_validated_reduced_field,5.986554528716262,5.953285266981048,6.16467882911362,0.0212765957446808,
FeSeTe,iron_chalcogenide_11,,elsevier_10.1016_j.cjph.2024.09.042_VISION_PASS_LONG,A2,14.0,substructure_default,47.0,exact,,S1_v3_2_2B_extension,single_crystal,sample_form_conditional_median:single_crystal,4.2,5.0,,,,,5000,H_below_validated_reduced_field,5.936137001369254,5.898255002298896,6.110521930498953,0.1063829787234042,
FeSeTe,iron_chalcogenide_11,,elsevier_10.1016_j.cjph.2024.09.042_VISION_PASS_LONG,A2,14.0,substructure_default,47.0,exact,,S1_v3_2_2B_extension,single_crystal,sample_form_conditional_median:single_crystal,20.0,0.1,,,,,5000,T_above_Tc,,,,,
FeSeTe,iron_chalcogenide_11,,elsevier_10.1016_j.cjph.2024.09.042_VISION_PASS_LONG,A2,14.0,substructure_default,47.0,exact,,S1_v3_2_2B_extension,single_crystal,sample_form_conditional_median:single_crystal,20.0,1.0,,,,,5000,T_above_Tc,,,,,
FeSeTe,iron_chalcogenide_11,,elsevier_10.1016_j.cjph.2024.09.042_VISION_PASS_LONG,A2,14.0,substructure_default,47.0,exact,,S1_v3_2_2B_extension,single_crystal,sample_form_conditional_median:single_crystal,20.0,5.0,,,,,5000,T_above_Tc,,,,,
FeSeTe,iron_chalcogenide_11,,elsevier_10.1016_j.cjph.2024.09.042_VISION_PASS_LONG,A2,14.0,substructure_default,47.0,exact,,S1_v3_2_2B_extension,single_crystal,sample_form_conditional_median:single_crystal,10.78,0.1,,,,,5000,H_below_validated_reduced_field,5.636744196997114,5.5248605957756345,5.815745398222314,0.002127659574468,
FeSeTe,iron_chalcogenide_11,,elsevier_10.1016_j.cjph.2024.09.042_VISION_PASS_LONG,A2,14.0,substructure_default,47.0,exact,,S1_v3_2_2B_extension,single_crystal,sample_form_conditional_median:single_crystal,10.78,1.0,,,,,5000,H_below_validated_reduced_field,5.625050902762282,5.513083236901534,5.804268335098397,0.0212765957446808,
FeSeTe,iron_chalcogenide_11,,elsevier_10.1016_j.cjph.2024.09.042_VISION_PASS_LONG,A2,14.0,substructure_default,47.0,exact,,S1_v3_2_2B_extension,single_crystal,sample_form_conditional_median:single_crystal,10.78,5.0,,,,,5000,H_below_validated_reduced_field,5.570339489560597,5.457248758254256,5.752945135270082,0.1063829787234042,
FeSeTe,iron_chalcogenide_11,,elsevier_10.1016_j.cjph.2024.09.042_VISION_PASS_LONG,A2,14.0,substructure_default,47.0,exact,,S1_v3_2_2B_extension,single_crystal,sample_form_conditional_median:single_crystal,4.2,0.1,,,,,5000,H_below_validated_reduced_field,5.99788020316565,5.9654169680036055,6.176213825966855,0.002127659574468,
FeSeTe,iron_chalcogenide_11,,elsevier_10.1016_j.cjph.2024.09.042_VISION_PASS_LONG,A2,14.0,substructure_default,47.0,exact,,S1_v3_2_2B_extension,single_crystal,sample_form_conditional_median:single_crystal,4.2,1.0,,,,,5000,H_below_validated_reduced_field,5.9867929215522775,5.953623838005714,6.16424188502048,0.0212765957446808,
FeSeTe,iron_chalcogenide_11,,elsevier_10.1016_j.cjph.2024.09.042_VISION_PASS_LONG,A2,14.0,substructure_default,47.0,exact,,S1_v3_2_2B_extension,single_crystal,sample_form_conditional_median:single_crystal,4.2,5.0,,,,,5000,H_below_validated_reduced_field,5.937112550859783,5.89926993306552,6.109329837805081,0.1063829787234042,
FeSeTe,iron_chalcogenide_11,,elsevier_10.1016_j.cjph.2024.09.042_VISION_PASS_LONG,A2,14.0,substructure_default,47.0,exact,,S1_v3_2_2B_extension,single_crystal,sample_form_conditional_median:single_crystal,20.0,0.1,,,,,5000,T_above_Tc,,,,,
FeSeTe,iron_chalcogenide_11,,elsevier_10.1016_j.cjph.2024.09.042_VISION_PASS_LONG,A2,14.0,substructure_default,47.0,exact,,S1_v3_2_2B_extension,single_crystal,sample_form_conditional_median:single_crystal,20.0,1.0,,,,,5000,T_above_Tc,,,,,
FeSeTe,iron_chalcogenide_11,,elsevier_10.1016_j.cjph.2024.09.042_VISION_PASS_LONG,A2,14.0,substructure_default,47.0,exact,,S1_v3_2_2B_extension,single_crystal,sample_form_conditional_median:single_crystal,20.0,5.0,,,,,5000,T_above_Tc,,,,,
FeSeTe,iron_chalcogenide_11,,elsevier_10.1016_j.cjph.2024.09.042_VISION_PASS_LONG,A2,14.0,substructure_default,47.0,exact,,S1_v3_2_2B_extension,single_crystal,sample_form_conditional_median:single_crystal,10.78,0.1,,,,,5000,H_below_validated_reduced_field,5.63769974449257,5.525979536240844,5.813517721612255,0.002127659574468,
FeSeTe,iron_chalcogenide_11,,elsevier_10.1016_j.cjph.2024.09.042_VISION_PASS_LONG,A2,14.0,substructure_default,47.0,exact,,S1_v3_2_2B_extension,single_crystal,sample_form_conditional_median:single_crystal,10.78,1.0,,,,,5000,H_below_validated_reduced_field,5.626139411483318,5.515134605382532,5.801725811882884,0.0212765957446808,
FeSeTe,iron_chalcogenide_11,,elsevier_10.1016_j.cjph.2024.09.042_VISION_PASS_LONG,A2,14.0,substructure_default,47.0,exact,,S1_v3_2_2B_extension,single_crystal,sample_form_conditional_median:single_crystal,10.78,5.0,,,,,5000,H_below_validated_reduced_field,5.572909322540886,5.45919918301084,5.749657524240251,0.1063829787234042,
FeSeTe,iron_chalcogenide_11,,elsevier_10.1016_j.cjph.2024.09.042_VISION_PASS_LONG,A2,14.0,substructure_default,47.0,exact,,S1_v3_2_2B_extension,single_crystal,sample_form_conditional_median:single_crystal,4.2,0.1,,,,,5000,H_below_validated_reduced_field,5.99788020316565,5.9654169680036055,6.176213825966855,0.002127659574468,
FeSeTe,iron_chalcogenide_11,,elsevier_10.1016_j.cjph.2024.09.042_VISION_PASS_LONG,A2,14.0,substructure_default,47.0,exact,,S1_v3_2_2B_extension,single_crystal,sample_form_conditional_median:single_crystal,4.2,1.0,,,,,5000,H_below_validated_reduced_field,5.986745393491715,5.953309062217193,6.164109914182347,0.0212765957446808,
FeSeTe,iron_chalcogenide_11,,elsevier_10.1016_j.cjph.2024.09.042_VISION_PASS_LONG,A2,14.0,substructure_default,47.0,exact,,S1_v3_2_2B_extension,single_crystal,sample_form_conditional_median:single_crystal,4.2,5.0,,,,,5000,H_below_validated_reduced_field,5.937017118472056,5.898255002298896,6.109055334981432,0.1063829787234042,
FeSeTe,iron_chalcogenide_11,,elsevier_10.1016_j.cjph.2024.09.042_VISION_PASS_LONG,A2,14.0,substructure_default,47.0,exact,,S1_v3_2_2B_extension,single_crystal,sample_form_conditional_median:single_crystal,20.0,0.1,,,,,5000,T_above_Tc,,,,,
FeSeTe,iron_chalcogenide_11,,elsevier_10.1016_j.cjph.2024.09.042_VISION_PASS_LONG,A2,14.0,substructure_default,47.0,exact,,S1_v3_2_2B_extension,single_crystal,sample_form_conditional_median:single_crystal,20.0,1.0,,,,,5000,T_above_Tc,,,,,
FeSeTe,iron_chalcogenide_11,,elsevier_10.1016_j.cjph.2024.09.042_VISION_PASS_LONG,A2,14.0,substructure_default,47.0,exact,,S1_v3_2_2B_extension,single_crystal,sample_form_conditional_median:single_crystal,20.0,5.0,,,,,5000,T_above_Tc,,,,,
FeSeTe,iron_chalcogenide_11,,elsevier_10.1016_j.cjph.2024.09.042_VISION_PASS_LONG,A2,14.0,substructure_default,47.0,exact,,S1_v3_2_2B_extension,single_crystal,sample_form_conditional_median:single_crystal,10.78,0.1,,,,,5000,H_below_validated_reduced_field,5.636819627389768,5.524305903507215,5.816067650464607,0.002127659574468,
FeSeTe,iron_chalcogenide_11,,elsevier_10.1016_j.cjph.2024.09.042_VISION_PASS_LONG,A2,14.0,substructure_default,47.0,exact,,S1_v3_2_2B_extension,single_crystal,sample_form_conditional_median:single_crystal,10.78,1.0,,,,,5000,H_below_validated_reduced_field,5.625288525189784,5.513115666384293,5.805359358470055,0.0212765957446808,
FeSeTe,iron_chalcogenide_11,,elsevier_10.1016_j.cjph.2024.09.042_VISION_PASS_LONG,A2,14.0,substructure_default,47.0,exact,,S1_v3_2_2B_extension,single_crystal,sample_form_conditional_median:single_crystal,10.78,5.0,,,,,5000,H_below_validated_reduced_field,5.570564178745279,5.45719559493875,5.754658192054177,0.1063829787234042,
FeTe1-xSex,iron_chalcogenide_11,,elsevier_10.1016_j.physc.2011.05.018_VISION_PASS_LONG,A2,14.0,substructure_default,47.0,exact,,S1_v3_2_2B_extension,single_crystal,sample_form_conditional_median:single_crystal,4.2,0.1,,,,,5000,H_below_validated_reduced_field,5.99788020316565,5.9654169680036055,6.176213825966855,0.002127659574468,
FeTe1-xSex,iron_chalcogenide_11,,elsevier_10.1016_j.physc.2011.05.018_VISION_PASS_LONG,A2,14.0,substructure_default,47.0,exact,,S1_v3_2_2B_extension,single_crystal,sample_form_conditional_median:single_crystal,4.2,1.0,,,,,5000,H_below_validated_reduced_field,5.98698378632773,5.953622600713559,6.164469506709773,0.0212765957446808,
FeTe1-xSex,iron_chalcogenide_11,,elsevier_10.1016_j.physc.2011.05.018_VISION_PASS_LONG,A2,14.0,substructure_default,47.0,exact,,S1_v3_2_2B_extension,single_crystal,sample_form_conditional_median:single_crystal,4.2,5.0,,,,,5000,H_below_validated_reduced_field,5.939084467122343,5.8985295051225455,6.111334432268485,0.1063829787234042,
FeTe1-xSex,iron_chalcogenide_11,,elsevier_10.1016_j.physc.2011.05.018_VISION_PASS_LONG,A2,14.0,substructure_default,47.0,exact,,S1_v3_2_2B_extension,single_crystal,sample_form_conditional_median:single_crystal,20.0,0.1,,,,,5000,T_above_Tc,,,,,
FeTe1-xSex,iron_chalcogenide_11,,elsevier_10.1016_j.physc.2011.05.018_VISION_PASS_LONG,A2,14.0,substructure_default,47.0,exact,,S1_v3_2_2B_extension,single_crystal,sample_form_conditional_median:single_crystal,20.0,1.0,,,,,5000,T_above_Tc,,,,,
FeTe1-xSex,iron_chalcogenide_11,,elsevier_10.1016_j.physc.2011.05.018_VISION_PASS_LONG,A2,14.0,substructure_default,47.0,exact,,S1_v3_2_2B_extension,single_crystal,sample_form_conditional_median:single_crystal,20.0,5.0,,,,,5000,T_above_Tc,,,,,
FeTe1-xSex,iron_chalcogenide_11,,elsevier_10.1016_j.physc.2011.05.018_VISION_PASS_LONG,A2,14.0,substructure_default,47.0,exact,,S1_v3_2_2B_extension,single_crystal,sample_form_conditional_median:single_crystal,10.78,0.1,,,,,5000,H_below_validated_reduced_field,5.637508879717117,5.521875956972551,5.823951783306731,0.002127659574468,
FeTe1-xSex,iron_chalcogenide_11,,elsevier_10.1016_j.physc.2011.05.018_VISION_PASS_LONG,A2,14.0,substructure_default,47.0,exact,,S1_v3_2_2B_extension,single_crystal,sample_form_conditional_median:single_crystal,10.78,1.0,,,,,5000,H_below_validated_reduced_field,5.6255740703834975,5.512329492287128,5.811949815043338,0.0212765957446808,
FeTe1-xSex,iron_chalcogenide_11,,elsevier_10.1016_j.physc.2011.05.018_VISION_PASS_LONG,A2,14.0,substructure_default,47.0,exact,,S1_v3_2_2B_extension,single_crystal,sample_form_conditional_median:single_crystal,10.78,5.0,,,,,5000,H_below_validated_reduced_field,5.571912416636942,5.456716020762414,5.757238161965884,0.1063829787234042,
FeTe1-xSex,iron_chalcogenide_11,,elsevier_10.1016_j.physc.2011.05.018_VISION_PASS_LONG,A2,14.0,substructure_default,47.0,exact,,S1_v3_2_2B_extension,single_crystal,sample_form_conditional_median:single_crystal,4.2,0.1,,,,,5000,H_below_validated_reduced_field,5.99788020316565,5.964387543458264,6.176213825966855,0.002127659574468,
FeTe1-xSex,iron_chalcogenide_11,,elsevier_10.1016_j.physc.2011.05.018_VISION_PASS_LONG,A2,14.0,substructure_default,47.0,exact,,S1_v3_2_2B_extension,single_crystal,sample_form_conditional_median:single_crystal,4.2,1.0,,,,,5000,H_below_validated_reduced_field,5.986536071087868,5.95217845881976,6.164469659361897,0.0212765957446808,
FeTe1-xSex,iron_chalcogenide_11,,elsevier_10.1016_j.physc.2011.05.018_VISION_PASS_LONG,A2,14.0,substructure_default,47.0,exact,,S1_v3_2_2B_extension,single_crystal,sample_form_conditional_median:single_crystal,4.2,5.0,,,,,5000,H_below_validated_reduced_field,5.935946396167904,5.896833824647631,6.110521930498953,0.1063829787234042,
FeTe1-xSex,iron_chalcogenide_11,,elsevier_10.1016_j.physc.2011.05.018_VISION_PASS_LONG,A2,14.0,substructure_default,47.0,exact,,S1_v3_2_2B_extension,single_crystal,sample_form_conditional_median:single_crystal,20.0,0.1,,,,,5000,T_above_Tc,,,,,
FeTe1-xSex,iron_chalcogenide_11,,elsevier_10.1016_j.physc.2011.05.018_VISION_PASS_LONG,A2,14.0,substructure_default,47.0,exact,,S1_v3_2_2B_extension,single_crystal,sample_form_conditional_median:single_crystal,20.0,1.0,,,,,5000,T_above_Tc,,,,,
FeTe1-xSex,iron_chalcogenide_11,,elsevier_10.1016_j.physc.2011.05.018_VISION_PASS_LONG,A2,14.0,substructure_default,47.0,exact,,S1_v3_2_2B_extension,single_crystal,sample_form_conditional_median:single_crystal,20.0,5.0,,,,,5000,T_above_Tc,,,,,
FeTe1-xSex,iron_chalcogenide_11,,elsevier_10.1016_j.physc.2011.05.018_VISION_PASS_LONG,A2,14.0,substructure_default,47.0,exact,,S1_v3_2_2B_extension,single_crystal,sample_form_conditional_median:single_crystal,10.78,0.1,,,,,5000,H_below_validated_reduced_field,5.637508879717117,5.520750735650149,5.82395712840343,0.002127659574468,
FeTe1-xSex,iron_chalcogenide_11,,elsevier_10.1016_j.physc.2011.05.018_VISION_PASS_LONG,A2,14.0,substructure_default,47.0,exact,,S1_v3_2_2B_extension,single_crystal,sample_form_conditional_median:single_crystal,10.78,1.0,,,,,5000,H_below_validated_reduced_field,5.62570028371753,5.508982011022647,5.812659111681842,0.0212765957446808,
FeTe1-xSex,iron_chalcogenide_11,,elsevier_10.1016_j.physc.2011.05.018_VISION_PASS_LONG,A2,14.0,substructure_default,47.0,exact,,S1_v3_2_2B_extension,single_crystal,sample_form_conditional_median:single_crystal,10.78,5.0,,,,,5000,H_below_validated_reduced_field,5.571267044027651,5.45432917926378,5.76152491117004,0.1063829787234042,
BaFe2As2,iron_pnictide_122,,elsevier_10.1016_j.physc.2014.03.020_VISION_PASS_LONG,A2,22.0,substructure_default,60.0,exact,,S1_v3_2_2B_extension,single_crystal,sample_form_conditional_median:single_crystal,4.2,0.1,,,,,5000,H_below_validated_reduced_field,5.746354490991693,5.614582757298319,5.797653148949851,0.0016666666666666,
BaFe2As2,iron_pnictide_122,,elsevier_10.1016_j.physc.2014.03.020_VISION_PASS_LONG,A2,22.0,substructure_default,60.0,exact,,S1_v3_2_2B_extension,single_crystal,sample_form_conditional_median:single_crystal,4.2,1.0,,,,,5000,H_below_validated_reduced_field,5.741819480489184,5.611946992181425,5.795564117107647,0.0166666666666666,
BaFe2As2,iron_pnictide_122,,elsevier_10.1016_j.physc.2014.03.020_VISION_PASS_LONG,A2,22.0,substructure_default,60.0,exact,,S1_v3_2_2B_extension,single_crystal,sample_form_conditional_median:single_crystal,4.2,5.0,,,,,5000,H_below_validated_reduced_field,5.718401359908496,5.596229580335235,5.782165920271404,0.0833333333333333,
BaFe2As2,iron_pnictide_122,,elsevier_10.1016_j.physc.2014.03.020_VISION_PASS_LONG,A2,22.0,substructure_default,60.0,exact,,S1_v3_2_2B_extension,single_crystal,sample_form_conditional_median:single_crystal,20.0,0.1,,,,,5000,H_below_validated_reduced_field,3.966755717310873,3.3237318247615013,4.262025429428195,0.0016666666666666,
BaFe2As2,iron_pnictide_122,,elsevier_10.1016_j.physc.2014.03.020_VISION_PASS_LONG,A2,22.0,substructure_default,60.0,exact,,S1_v3_2_2B_extension,single_crystal,sample_form_conditional_median:single_crystal,20.0,1.0,,,,,5000,H_below_validated_reduced_field,3.962263946439101,3.32160394518351,4.257353974734852,0.0166666666666666,
BaFe2As2,iron_pnictide_122,,elsevier_10.1016_j.physc.2014.03.020_VISION_PASS_LONG,A2,22.0,substructure_default,60.0,exact,,S1_v3_2_2B_extension,single_crystal,sample_form_conditional_median:single_crystal,20.0,5.0,,,,,5000,H_below_validated_reduced_field,3.941549104242428,3.304017560679908,4.236842392171119,0.0833333333333333,
BaFe2As2,iron_pnictide_122,,elsevier_10.1016_j.physc.2014.03.020_VISION_PASS_LONG,A2,22.0,substructure_default,60.0,exact,,S1_v3_2_2B_extension,single_crystal,sample_form_conditional_median:single_crystal,16.94,0.1,,,,,5000,H_below_validated_reduced_field,4.711646608577112,4.340455102442997,4.901407229645996,0.0016666666666666,
BaFe2As2,iron_pnictide_122,,elsevier_10.1016_j.physc.2014.03.020_VISION_PASS_LONG,A2,22.0,substructure_default,60.0,exact,,S1_v3_2_2B_extension,single_crystal,sample_form_conditional_median:single_crystal,16.94,1.0,,,,,5000,H_below_validated_reduced_field,4.707334192233767,4.337391849269448,4.896237609245663,0.0166666666666666,
BaFe2As2,iron_pnictide_122,,elsevier_10.1016_j.physc.2014.03.020_VISION_PASS_LONG,A2,22.0,substructure_default,60.0,exact,,S1_v3_2_2B_extension,single_crystal,sample_form_conditional_median:single_crystal,16.94,5.0,,,,,5000,H_below_validated_reduced_field,4.688173369353,4.320089623468258,4.876887033977535,0.0833333333333333,
BaFe2As2,iron_pnictide_122,,elsevier_10.1016_j.phpro.2015.06.160_VISION_PASS_LONG,A2,22.0,substructure_default,60.0,exact,,S1_v3_2_2B_extension,single_crystal,sample_form_conditional_median:single_crystal,4.2,0.1,,,,,5000,H_below_validated_reduced_field,5.746354490991693,5.635326719245767,5.80286845255883,0.0016666666666666,
BaFe2As2,iron_pnictide_122,,elsevier_10.1016_j.phpro.2015.06.160_VISION_PASS_LONG,A2,22.0,substructure_default,60.0,exact,,S1_v3_2_2B_extension,single_crystal,sample_form_conditional_median:single_crystal,4.2,1.0,,,,,5000,H_below_validated_reduced_field,5.74198049185465,5.632501882117411,5.79968511741934,0.0166666666666666,
BaFe2As2,iron_pnictide_122,,elsevier_10.1016_j.phpro.2015.06.160_VISION_PASS_LONG,A2,22.0,substructure_default,60.0,exact,,S1_v3_2_2B_extension,single_crystal,sample_form_conditional_median:single_crystal,4.2,5.0,,,,,5000,H_below_validated_reduced_field,5.718640052391739,5.610669205663629,5.782726088382468,0.0833333333333333,
BaFe2As2,iron_pnictide_122,,elsevier_10.1016_j.phpro.2015.06.160_VISION_PASS_LONG,A2,22.0,substructure_default,60.0,exact,,S1_v3_2_2B_extension,single_crystal,sample_form_conditional_median:single_crystal,20.0,0.1,,,,,5000,H_below_validated_reduced_field,3.974644206370741,3.3387587669048924,4.251435729411283,0.0016666666666666,
BaFe2As2,iron_pnictide_122,,elsevier_10.1016_j.phpro.2015.06.160_VISION_PASS_LONG,A2,22.0,substructure_default,60.0,exact,,S1_v3_2_2B_extension,single_crystal,sample_form_conditional_median:single_crystal,20.0,1.0,,,,,5000,H_below_validated_reduced_field,3.971419896740594,3.3352824683314832,4.248887503113287,0.0166666666666666,
BaFe2As2,iron_pnictide_122,,elsevier_10.1016_j.phpro.2015.06.160_VISION_PASS_LONG,A2,22.0,substructure_default,60.0,exact,,S1_v3_2_2B_extension,single_crystal,sample_form_conditional_median:single_crystal,20.0,5.0,,,,,5000,H_below_validated_reduced_field,3.952277077414663,3.316708854452847,4.2316321186906745,0.0833333333333333,
BaFe2As2,iron_pnictide_122,,elsevier_10.1016_j.phpro.2015.06.160_VISION_PASS_LONG,A2,22.0,substructure_default,60.0,exact,,S1_v3_2_2B_extension,single_crystal,sample_form_conditional_median:single_crystal,16.94,0.1,,,,,5000,H_below_validated_reduced_field,4.717342730223301,4.347401507908551,4.896748664739309,0.0016666666666666,
BaFe2As2,iron_pnictide_122,,elsevier_10.1016_j.phpro.2015.06.160_VISION_PASS_LONG,A2,22.0,substructure_default,60.0,exact,,S1_v3_2_2B_extension,single_crystal,sample_form_conditional_median:single_crystal,16.94,1.0,,,,,5000,H_below_validated_reduced_field,4.71389117103638,4.342529035287097,4.893645859086781,0.0166666666666666,
BaFe2As2,iron_pnictide_122,,elsevier_10.1016_j.phpro.2015.06.160_VISION_PASS_LONG,A2,22.0,substructure_default,60.0,exact,,S1_v3_2_2B_extension,single_crystal,sample_form_conditional_median:single_crystal,16.94,5.0,,,,,5000,H_below_validated_reduced_field,4.694606090562367,4.321781116165743,4.873980872186724,0.0833333333333333,
BaFe2As2,iron_pnictide_122,,elsevier_10.1016_j.phpro.2015.06.160_VISION_PASS_LONG,A2,22.0,substructure_default,60.0,exact,,S1_v3_2_2B_extension,single_crystal,sample_form_conditional_median:single_crystal,4.2,0.1,,,,,5000,H_below_validated_reduced_field,5.746354490991693,5.635326719245767,5.804297695181981,0.0016666666666666,
BaFe2As2,iron_pnictide_122,,elsevier_10.1016_j.phpro.2015.06.160_VISION_PASS_LONG,A2,22.0,substructure_default,60.0,exact,,S1_v3_2_2B_extension,single_crystal,sample_form_conditional_median:single_crystal,4.2,1.0,,,,,5000,H_below_validated_reduced_field,5.742220538135275,5.631267407551919,5.8014342528144525,0.0166666666666666,
BaFe2As2,iron_pnictide_122,,elsevier_10.1016_j.phpro.2015.06.160_VISION_PASS_LONG,A2,22.0,substructure_default,60.0,exact,,S1_v3_2_2B_extension,single_crystal,sample_form_conditional_median:single_crystal,4.2,5.0,,,,,5000,H_below_validated_reduced_field,5.720191325371745,5.605001711773383,5.78415555490598,0.0833333333333333,
BaFe2As2,iron_pnictide_122,,elsevier_10.1016_j.phpro.2015.06.160_VISION_PASS_LONG,A2,22.0,substructure_default,60.0,exact,,S1_v3_2_2B_extension,single_crystal,sample_form_conditional_median:single_crystal,20.0,0.1,,,,,5000,H_below_validated_reduced_field,3.981150464813767,3.337806475786877,4.263103301080582,0.0016666666666666,
BaFe2As2,iron_pnictide_122,,elsevier_10.1016_j.phpro.2015.06.160_VISION_PASS_LONG,A2,22.0,substructure_default,60.0,exact,,S1_v3_2_2B_extension,single_crystal,sample_form_conditional_median:single_crystal,20.0,1.0,,,,,5000,H_below_validated_reduced_field,3.9766959613881214,3.333911574278313,4.259331382694582,0.0166666666666666,
BaFe2As2,iron_pnictide_122,,elsevier_10.1016_j.phpro.2015.06.160_VISION_PASS_LONG,A2,22.0,substructure_default,60.0,exact,,S1_v3_2_2B_extension,single_crystal,sample_form_conditional_median:single_crystal,20.0,5.0,,,,,5000,H_below_validated_reduced_field,3.957681915297597,3.315821628224948,4.24230580884863,0.0833333333333333,
BaFe2As2,iron_pnictide_122,,elsevier_10.1016_j.phpro.2015.06.160_VISION_PASS_LONG,A2,22.0,substructure_default,60.0,exact,,S1_v3_2_2B_extension,single_crystal,sample_form_conditional_median:single_crystal,16.94,0.1,,,,,5000,H_below_validated_reduced_field,4.717929076394513,4.352700724448664,4.901407238380169,0.0016666666666666,
BaFe2As2,iron_pnictide_122,,elsevier_10.1016_j.phpro.2015.06.160_VISION_PASS_LONG,A2,22.0,substructure_default,60.0,exact,,S1_v3_2_2B_extension,single_crystal,sample_form_conditional_median:single_crystal,16.94,1.0,,,,,5000,H_below_validated_reduced_field,4.7146158079588325,4.348593123021588,4.898102210622361,0.0166666666666666,
BaFe2As2,iron_pnictide_122,,elsevier_10.1016_j.phpro.2015.06.160_VISION_PASS_LONG,A2,22.0,substructure_default,60.0,exact,,S1_v3_2_2B_extension,single_crystal,sample_form_conditional_median:single_crystal,16.94,5.0,,,,,5000,H_below_validated_reduced_field,4.69672200422885,4.327562672720835,4.883193481966258,0.0833333333333333,
BaFe2As2,iron_pnictide_122,,elsevier_10.1016_j.phpro.2015.06.160_VISION_PASS_LONG,A2,22.0,substructure_default,60.0,exact,,S1_v3_2_2B_extension,single_crystal,sample_form_conditional_median:single_crystal,4.2,0.1,,,,,5000,H_below_validated_reduced_field,5.746354490991693,5.635326719245767,5.804297695181981,0.0016666666666666,
BaFe2As2,iron_pnictide_122,,elsevier_10.1016_j.phpro.2015.06.160_VISION_PASS_LONG,A2,22.0,substructure_default,60.0,exact,,S1_v3_2_2B_extension,single_crystal,sample_form_conditional_median:single_crystal,4.2,1.0,,,,,5000,H_below_validated_reduced_field,5.742220538135275,5.63197863048655,5.799754768348878,0.0166666666666666,
BaFe2As2,iron_pnictide_122,,elsevier_10.1016_j.phpro.2015.06.160_VISION_PASS_LONG,A2,22.0,substructure_default,60.0,exact,,S1_v3_2_2B_extension,single_crystal,sample_form_conditional_median:single_crystal,4.2,5.0,,,,,5000,H_below_validated_reduced_field,5.718926912196215,5.6085749031979,5.782726088382468,0.0833333333333333,
BaFe2As2,iron_pnictide_122,,elsevier_10.1016_j.phpro.2015.06.160_VISION_PASS_LONG,A2,22.0,substructure_default,60.0,exact,,S1_v3_2_2B_extension,single_crystal,sample_form_conditional_median:single_crystal,20.0,0.1,,,,,5000,H_below_validated_reduced_field,3.9732940568446304,3.342055468183517,4.25832348381862,0.0016666666666666,
BaFe2As2,iron_pnictide_122,,elsevier_10.1016_j.phpro.2015.06.160_VISION_PASS_LONG,A2,22.0,substructure_default,60.0,exact,,S1_v3_2_2B_extension,single_crystal,sample_form_conditional_median:single_crystal,20.0,1.0,,,,,5000,H_below_validated_reduced_field,3.9672407694377214,3.3381804158746378,4.254435328856516,0.0166666666666666,
BaFe2As2,iron_pnictide_122,,elsevier_10.1016_j.phpro.2015.06.160_VISION_PASS_LONG,A2,22.0,substructure_default,60.0,exact,,S1_v3_2_2B_extension,single_crystal,sample_form_conditional_median:single_crystal,20.0,5.0,,,,,5000,H_below_validated_reduced_field,3.949810843814894,3.316924936719138,4.235874063335451,0.0833333333333333,
BaFe2As2,iron_pnictide_122,,elsevier_10.1016_j.phpro.2015.06.160_VISION_PASS_LONG,A2,22.0,substructure_default,60.0,exact,,S1_v3_2_2B_extension,single_crystal,sample_form_conditional_median:single_crystal,16.94,0.1,,,,,5000,H_below_validated_reduced_field,4.716523376722593,4.352793649866524,4.898827678210852,0.0016666666666666,
BaFe2As2,iron_pnictide_122,,elsevier_10.1016_j.phpro.2015.06.160_VISION_PASS_LONG,A2,22.0,substructure_default,60.0,exact,,S1_v3_2_2B_extension,single_crystal,sample_form_conditional_median:single_crystal,16.94,1.0,,,,,5000,H_below_validated_reduced_field,4.712924475699097,4.349920539914363,4.896007834269933,0.0166666666666666,
BaFe2As2,iron_pnictide_122,,elsevier_10.1016_j.phpro.2015.06.160_VISION_PASS_LONG,A2,22.0,substructure_default,60.0,exact,,S1_v3_2_2B_extension,single_crystal,sample_form_conditional_median:single_crystal,16.94,5.0,,,,,5000,H_below_validated_reduced_field,4.694022561334467,4.328193623038502,4.87644672304632,0.0833333333333333,
BaFe2As2,iron_pnictide_122,,elsevier_10.1016_j.phpro.2015.06.160_VISION_PASS_LONG,A2,22.0,substructure_default,60.0,exact,,S1_v3_2_2B_extension,single_crystal,sample_form_conditional_median:single_crystal,4.2,0.1,,,,,5000,H_below_validated_reduced_field,5.746354490991693,5.614582757298319,5.802165025000917,0.0016666666666666,
BaFe2As2,iron_pnictide_122,,elsevier_10.1016_j.phpro.2015.06.160_VISION_PASS_LONG,A2,22.0,substructure_default,60.0,exact,,S1_v3_2_2B_extension,single_crystal,sample_form_conditional_median:single_crystal,4.2,1.0,,,,,5000,H_below_validated_reduced_field,5.741982348534451,5.612879228889058,5.796468873835951,0.0166666666666666,
BaFe2As2,iron_pnictide_122,,elsevier_10.1016_j.phpro.2015.06.160_VISION_PASS_LONG,A2,22.0,substructure_default,60.0,exact,,S1_v3_2_2B_extension,single_crystal,sample_form_conditional_median:single_crystal,4.2,5.0,,,,,5000,H_below_validated_reduced_field,5.719301612979958,5.600589500708412,5.782726088382468,0.0833333333333333,
BaFe2As2,iron_pnictide_122,,elsevier_10.1016_j.phpro.2015.06.160_VISION_PASS_LONG,A2,22.0,substructure_default,60.0,exact,,S1_v3_2_2B_extension,single_crystal,sample_form_conditional_median:single_crystal,20.0,0.1,,,,,5000,H_below_validated_reduced_field,3.969957233709324,3.3514473607575144,4.261813516964949,0.0016666666666666,
BaFe2As2,iron_pnictide_122,,elsevier_10.1016_j.phpro.2015.06.160_VISION_PASS_LONG,A2,22.0,substructure_default,60.0,exact,,S1_v3_2_2B_extension,single_crystal,sample_form_conditional_median:single_crystal,20.0,1.0,,,,,5000,H_below_validated_reduced_field,3.967087004561221,3.347183271833797,4.256807715291597,0.0166666666666666,
BaFe2As2,iron_pnictide_122,,elsevier_10.1016_j.phpro.2015.06.160_VISION_PASS_LONG,A2,22.0,substructure_default,60.0,exact,,S1_v3_2_2B_extension,single_crystal,sample_form_conditional_median:single_crystal,20.0,5.0,,,,,5000,H_below_validated_reduced_field,3.9492768712678754,3.3276103688587417,4.237956803881271,0.0833333333333333,
BaFe2As2,iron_pnictide_122,,elsevier_10.1016_j.phpro.2015.06.160_VISION_PASS_LONG,A2,22.0,substructure_default,60.0,exact,,S1_v3_2_2B_extension,single_crystal,sample_form_conditional_median:single_crystal,16.94,0.1,,,,,5000,H_below_validated_reduced_field,4.715861814417354,4.352791402837203,4.900117445421096,0.0016666666666666,
BaFe2As2,iron_pnictide_122,,elsevier_10.1016_j.phpro.2015.06.160_VISION_PASS_LONG,A2,22.0,substructure_default,60.0,exact,,S1_v3_2_2B_extension,single_crystal,sample_form_conditional_median:single_crystal,16.94,1.0,,,,,5000,H_below_validated_reduced_field,4.711657993685476,4.349920401451933,4.895984258191722,0.0166666666666666,
BaFe2As2,iron_pnictide_122,,elsevier_10.1016_j.phpro.2015.06.160_VISION_PASS_LONG,A2,22.0,substructure_default,60.0,exact,,S1_v3_2_2B_extension,single_crystal,sample_form_conditional_median:single_crystal,16.94,5.0,,,,,5000,H_below_validated_reduced_field,4.691915413085583,4.330071769456763,4.878713473402665,0.0833333333333333,
BaFe2As2,iron_pnictide_122,,elsevier_10.1016_j.phpro.2015.06.160_VISION_PASS_LONG,A2,22.0,substructure_default,60.0,exact,,S1_v3_2_2B_extension,single_crystal,sample_form_conditional_median:single_crystal,4.2,0.1,,,,,5000,H_below_validated_reduced_field,5.746354490991693,5.616253626881896,5.804297695181981,0.0016666666666666,
BaFe2As2,iron_pnictide_122,,elsevier_10.1016_j.phpro.2015.06.160_VISION_PASS_LONG,A2,22.0,substructure_default,60.0,exact,,S1_v3_2_2B_extension,single_crystal,sample_form_conditional_median:single_crystal,4.2,1.0,,,,,5000,H_below_validated_reduced_field,5.741489109671595,5.613213703874304,5.799754953881183,0.0166666666666666,
BaFe2As2,iron_pnictide_122,,elsevier_10.1016_j.phpro.2015.06.160_VISION_PASS_LONG,A2,22.0,substructure_default,60.0,exact,,S1_v3_2_2B_extension,single_crystal,sample_form_conditional_median:single_crystal,4.2,5.0,,,,,5000,H_below_validated_reduced_field,5.718019243994539,5.598973770227521,5.784146376071575,0.0833333333333333,
BaFe2As2,iron_pnictide_122,,elsevier_10.1016_j.phpro.2015.06.160_VISION_PASS_LONG,A2,22.0,substructure_default,60.0,exact,,S1_v3_2_2B_extension,single_crystal,sample_form_conditional_median:single_crystal,20.0,0.1,,,,,5000,H_below_validated_reduced_field,3.9742062247118346,3.3237318247615013,4.258328391445874,0.0016666666666666,
BaFe2As2,iron_pnictide_122,,elsevier_10.1016_j.phpro.2015.06.160_VISION_PASS_LONG,A2,22.0,substructure_default,60.0,exact,,S1_v3_2_2B_extension,single_crystal,sample_form_conditional_median:single_crystal,20.0,1.0,,,,,5000,H_below_validated_reduced_field,3.969608645153431,3.319167162763233,4.254731039005476,0.0166666666666666,
BaFe2As2,iron_pnictide_122,,elsevier_10.1016_j.phpro.2015.06.160_VISION_PASS_LONG,A2,22.0,substructure_default,60.0,exact,,S1_v3_2_2B_extension,single_crystal,sample_form_conditional_median:single_crystal,20.0,5.0,,,,,5000,H_below_validated_reduced_field,3.9510292834404352,3.29898032284638,4.235729249137315,0.0833333333333333,
BaFe2As2,iron_pnictide_122,,elsevier_10.1016_j.phpro.2015.06.160_VISION_PASS_LONG,A2,22.0,substructure_default,60.0,exact,,S1_v3_2_2B_extension,single_crystal,sample_form_conditional_median:single_crystal,16.94,0.1,,,,,5000,H_below_validated_reduced_field,4.716523375005574,4.34376491207718,4.898827665676159,0.0016666666666666,
BaFe2As2,iron_pnictide_122,,elsevier_10.1016_j.phpro.2015.06.160_VISION_PASS_LONG,A2,22.0,substructure_default,60.0,exact,,S1_v3_2_2B_extension,single_crystal,sample_form_conditional_median:single_crystal,16.94,1.0,,,,,5000,H_below_validated_reduced_field,4.712640758910096,4.340203107241677,4.8939640437227405,0.0166666666666666,
BaFe2As2,iron_pnictide_122,,elsevier_10.1016_j.phpro.2015.06.160_VISION_PASS_LONG,A2,22.0,substructure_default,60.0,exact,,S1_v3_2_2B_extension,single_crystal,sample_form_conditional_median:single_crystal,16.94,5.0,,,,,5000,H_below_validated_reduced_field,4.692690807324237,4.319918324499815,4.877541044514154,0.0833333333333333,
BaFe2As2,iron_pnictide_122,,elsevier_10.1016_j.phpro.2015.06.160_VISION_PASS_LONG,A2,22.0,substructure_default,60.0,exact,,S1_v3_2_2B_extension,single_crystal,sample_form_conditional_median:single_crystal,4.2,0.1,,,,,5000,H_below_validated_reduced_field,5.746354490991693,5.641070245031717,5.804297695181981,0.0016666666666666,
BaFe2As2,iron_pnictide_122,,elsevier_10.1016_j.phpro.2015.06.160_VISION_PASS_LONG,A2,22.0,substructure_default,60.0,exact,,S1_v3_2_2B_extension,single_crystal,sample_form_conditional_median:single_crystal,4.2,1.0,,,,,5000,H_below_validated_reduced_field,5.74198049185465,5.635309473127014,5.800300159508088,0.0166666666666666,
BaFe2As2,iron_pnictide_122,,elsevier_10.1016_j.phpro.2015.06.160_VISION_PASS_LONG,A2,22.0,substructure_default,60.0,exact,,S1_v3_2_2B_extension,single_crystal,sample_form_conditional_median:single_crystal,4.2,5.0,,,,,5000,H_below_validated_reduced_field,5.719529764783526,5.6128592507000965,5.7850671426089,0.0833333333333333,
BaFe2As2,iron_pnictide_122,,elsevier_10.1016_j.phpro.2015.06.160_VISION_PASS_LONG,A2,22.0,substructure_default,60.0,exact,,S1_v3_2_2B_extension,single_crystal,sample_form_conditional_median:single_crystal,20.0,0.1,,,,,5000,H_below_validated_reduced_field,3.980488905619677,3.32413703438091,4.257760129159588,0.0016666666666666,
BaFe2As2,iron_pnictide_122,,elsevier_10.1016_j.phpro.2015.06.160_VISION_PASS_LONG,A2,22.0,substructure_default,60.0,exact,,S1_v3_2_2B_extension,single_crystal,sample_form_conditional_median:single_crystal,20.0,1.0,,,,,5000,H_below_validated_reduced_field,3.9757646992697353,3.3202543769571795,4.253967645798925,0.0166666666666666,
BaFe2As2,iron_pnictide_122,,elsevier_10.1016_j.phpro.2015.06.160_VISION_PASS_LONG,A2,22.0,substructure_default,60.0,exact,,S1_v3_2_2B_extension,single_crystal,sample_form_conditional_median:single_crystal,20.0,5.0,,,,,5000,H_below_validated_reduced_field,3.957807234381936,3.303973102594936,4.235213268047193,0.0833333333333333,
BaFe2As2,iron_pnictide_122,,elsevier_10.1016_j.phpro.2015.06.160_VISION_PASS_LONG,A2,22.0,substructure_default,60.0,exact,,S1_v3_2_2B_extension,single_crystal,sample_form_conditional_median:single_crystal,16.94,0.1,,,,,5000,H_below_validated_reduced_field,4.719605453230793,4.345112355082809,4.898827661414731,0.0016666666666666,
BaFe2As2,iron_pnictide_122,,elsevier_10.1016_j.phpro.2015.06.160_VISION_PASS_LONG,A2,22.0,substructure_default,60.0,exact,,S1_v3_2_2B_extension,single_crystal,sample_form_conditional_median:single_crystal,16.94,1.0,,,,,5000,H_below_validated_reduced_field,4.715234777065092,4.342081856123477,4.894415576125812,0.0166666666666666,
BaFe2As2,iron_pnictide_122,,elsevier_10.1016_j.phpro.2015.06.160_VISION_PASS_LONG,A2,22.0,substructure_default,60.0,exact,,S1_v3_2_2B_extension,single_crystal,sample_form_conditional_median:single_crystal,16.94,5.0,,,,,5000,H_below_validated_reduced_field,4.697166807067216,4.32583094505322,4.878446837210737,0.0833333333333333,
