compound_formula,substructure,MP_id,paper_id,source_provenance,Tc_anchor_K,Tc_provenance_tier,Hc2_T_anchor,Hc2_anchor_type,Hc2_deviation_flag,Hc2_source,sample_form_commitment,predictor_method_scope,T_K,H_T,predicted_log_Jc,predicted_log_Jc_lower_95,predicted_log_Jc_upper_95,parent_match_uncertainty_envelope_dex,bootstrap_iterations,refusal_flag
Co0.05Fe0.95Se1,iron_chalcogenide_11,mp-20311,,A1,10.0,3DSC_MP,16.0,c_parent,±20-50%,S1_v3_2_2B_extension,single_crystal,sample_form_conditional_median:single_crystal,4.2,0.1,5.996159972950191,5.877146982269887,6.121613313756543,,5000,
Co0.05Fe0.95Se1,iron_chalcogenide_11,mp-20311,,A1,10.0,3DSC_MP,16.0,c_parent,±20-50%,S1_v3_2_2B_extension,single_crystal,sample_form_conditional_median:single_crystal,4.2,1.0,5.96084211542598,5.843659858350076,6.085475382656883,,5000,
Co0.05Fe0.95Se1,iron_chalcogenide_11,mp-20311,,A1,10.0,3DSC_MP,16.0,c_parent,±20-50%,S1_v3_2_2B_extension,single_crystal,sample_form_conditional_median:single_crystal,4.2,5.0,5.771923410007387,5.665413914623919,5.897399953205208,,5000,
Co0.05Fe0.95Se1,iron_chalcogenide_11,mp-20311,,A1,10.0,3DSC_MP,16.0,c_parent,±20-50%,S1_v3_2_2B_extension,single_crystal,sample_form_conditional_median:single_crystal,20.0,0.1,,,,,5000,T_above_Tc
Co0.05Fe0.95Se1,iron_chalcogenide_11,mp-20311,,A1,10.0,3DSC_MP,16.0,c_parent,±20-50%,S1_v3_2_2B_extension,single_crystal,sample_form_conditional_median:single_crystal,20.0,1.0,,,,,5000,T_above_Tc
Co0.05Fe0.95Se1,iron_chalcogenide_11,mp-20311,,A1,10.0,3DSC_MP,16.0,c_parent,±20-50%,S1_v3_2_2B_extension,single_crystal,sample_form_conditional_median:single_crystal,20.0,5.0,,,,,5000,T_above_Tc
Co0.05Fe0.95Se1,iron_chalcogenide_11,mp-20311,,A1,10.0,3DSC_MP,16.0,c_parent,±20-50%,S1_v3_2_2B_extension,single_crystal,sample_form_conditional_median:single_crystal,7.7,0.1,5.806967537993907,5.710977496196544,5.946515512050161,,5000,
Co0.05Fe0.95Se1,iron_chalcogenide_11,mp-20311,,A1,10.0,3DSC_MP,16.0,c_parent,±20-50%,S1_v3_2_2B_extension,single_crystal,sample_form_conditional_median:single_crystal,7.7,1.0,5.771649680469697,5.67823227271878,5.91110803773744,,5000,
Co0.05Fe0.95Se1,iron_chalcogenide_11,mp-20311,,A1,10.0,3DSC_MP,16.0,c_parent,±20-50%,S1_v3_2_2B_extension,single_crystal,sample_form_conditional_median:single_crystal,7.7,5.0,5.591967978918046,5.499244425505327,5.728172910710815,,5000,
Co0.1Fe0.9Se1,iron_chalcogenide_11,mp-20311,,A1,5.0,3DSC_MP,16.0,c_parent,±20-50%,S1_v3_2_2B_extension,single_crystal,sample_form_conditional_median:single_crystal,4.2,0.1,5.996159972950191,5.877146982269887,6.121613313756543,,5000,
Co0.1Fe0.9Se1,iron_chalcogenide_11,mp-20311,,A1,5.0,3DSC_MP,16.0,c_parent,±20-50%,S1_v3_2_2B_extension,single_crystal,sample_form_conditional_median:single_crystal,4.2,1.0,5.960695330350417,5.844079196146921,6.086148671156769,,5000,
Co0.1Fe0.9Se1,iron_chalcogenide_11,mp-20311,,A1,5.0,3DSC_MP,16.0,c_parent,±20-50%,S1_v3_2_2B_extension,single_crystal,sample_form_conditional_median:single_crystal,4.2,5.0,5.7694682668345525,5.668065312167597,5.898304846472484,,5000,
Co0.1Fe0.9Se1,iron_chalcogenide_11,mp-20311,,A1,5.0,3DSC_MP,16.0,c_parent,±20-50%,S1_v3_2_2B_extension,single_crystal,sample_form_conditional_median:single_crystal,20.0,0.1,,,,,5000,T_above_Tc
Co0.1Fe0.9Se1,iron_chalcogenide_11,mp-20311,,A1,5.0,3DSC_MP,16.0,c_parent,±20-50%,S1_v3_2_2B_extension,single_crystal,sample_form_conditional_median:single_crystal,20.0,1.0,,,,,5000,T_above_Tc
Co0.1Fe0.9Se1,iron_chalcogenide_11,mp-20311,,A1,5.0,3DSC_MP,16.0,c_parent,±20-50%,S1_v3_2_2B_extension,single_crystal,sample_form_conditional_median:single_crystal,20.0,5.0,,,,,5000,T_above_Tc
Co0.1Fe0.9Se1,iron_chalcogenide_11,mp-20311,,A1,5.0,3DSC_MP,16.0,c_parent,±20-50%,S1_v3_2_2B_extension,single_crystal,sample_form_conditional_median:single_crystal,3.85,0.1,6.057468381163306,5.954333991878817,6.182921721969659,,5000,
Co0.1Fe0.9Se1,iron_chalcogenide_11,mp-20311,,A1,5.0,3DSC_MP,16.0,c_parent,±20-50%,S1_v3_2_2B_extension,single_crystal,sample_form_conditional_median:single_crystal,3.85,1.0,6.022832691649029,5.920515557493,6.149434594814061,,5000,
Co0.1Fe0.9Se1,iron_chalcogenide_11,mp-20311,,A1,5.0,3DSC_MP,16.0,c_parent,±20-50%,S1_v3_2_2B_extension,single_crystal,sample_form_conditional_median:single_crystal,3.85,5.0,5.837120338392599,5.7437077093635205,5.966696465146865,,5000,
Fe0.95Ni0.05Se1,iron_chalcogenide_11,mp-20311,,A1,10.0,3DSC_MP,16.0,c_parent,±20-50%,S1_v3_2_2B_extension,single_crystal,sample_form_conditional_median:single_crystal,4.2,0.1,5.996159972950191,5.877146982269887,6.121613313756543,,5000,
Fe0.95Ni0.05Se1,iron_chalcogenide_11,mp-20311,,A1,10.0,3DSC_MP,16.0,c_parent,±20-50%,S1_v3_2_2B_extension,single_crystal,sample_form_conditional_median:single_crystal,4.2,1.0,5.960695330350417,5.844079196146921,6.085458118849194,,5000,
Fe0.95Ni0.05Se1,iron_chalcogenide_11,mp-20311,,A1,10.0,3DSC_MP,16.0,c_parent,±20-50%,S1_v3_2_2B_extension,single_crystal,sample_form_conditional_median:single_crystal,4.2,5.0,5.771923410007387,5.668065312167597,5.89737675081374,,5000,
Fe0.95Ni0.05Se1,iron_chalcogenide_11,mp-20311,,A1,10.0,3DSC_MP,16.0,c_parent,±20-50%,S1_v3_2_2B_extension,single_crystal,sample_form_conditional_median:single_crystal,20.0,0.1,,,,,5000,T_above_Tc
Fe0.95Ni0.05Se1,iron_chalcogenide_11,mp-20311,,A1,10.0,3DSC_MP,16.0,c_parent,±20-50%,S1_v3_2_2B_extension,single_crystal,sample_form_conditional_median:single_crystal,20.0,1.0,,,,,5000,T_above_Tc
Fe0.95Ni0.05Se1,iron_chalcogenide_11,mp-20311,,A1,10.0,3DSC_MP,16.0,c_parent,±20-50%,S1_v3_2_2B_extension,single_crystal,sample_form_conditional_median:single_crystal,20.0,5.0,,,,,5000,T_above_Tc
Fe0.95Ni0.05Se1,iron_chalcogenide_11,mp-20311,,A1,10.0,3DSC_MP,16.0,c_parent,±20-50%,S1_v3_2_2B_extension,single_crystal,sample_form_conditional_median:single_crystal,7.7,0.1,5.804971065674835,5.7208882888559955,5.943214117717066,,5000,
Fe0.95Ni0.05Se1,iron_chalcogenide_11,mp-20311,,A1,10.0,3DSC_MP,16.0,c_parent,±20-50%,S1_v3_2_2B_extension,single_crystal,sample_form_conditional_median:single_crystal,7.7,1.0,5.771483938519237,5.685570431331785,5.907896260192855,,5000,
Fe0.95Ni0.05Se1,iron_chalcogenide_11,mp-20311,,A1,10.0,3DSC_MP,16.0,c_parent,±20-50%,S1_v3_2_2B_extension,single_crystal,sample_form_conditional_median:single_crystal,7.7,5.0,5.591619253696695,5.501533740698156,5.728132797237954,,5000,
Fe1S0.04Se0.96,iron_chalcogenide_11,mp-20311,,A1,9.58,3DSC_MP,16.0,c_parent,±20-50%,S1_v3_2_2B_extension,single_crystal,sample_form_conditional_median:single_crystal,4.2,0.1,5.996159972950191,5.877146982269887,6.121613313756543,,5000,
Fe1S0.04Se0.96,iron_chalcogenide_11,mp-20311,,A1,9.58,3DSC_MP,16.0,c_parent,±20-50%,S1_v3_2_2B_extension,single_crystal,sample_form_conditional_median:single_crystal,4.2,1.0,5.96084211542598,5.84365985511429,6.086148671156769,,5000,
Fe1S0.04Se0.96,iron_chalcogenide_11,mp-20311,,A1,9.58,3DSC_MP,16.0,c_parent,±20-50%,S1_v3_2_2B_extension,single_crystal,sample_form_conditional_median:single_crystal,4.2,5.0,5.771923410007387,5.665413894164623,5.9005933551835135,,5000,
Fe1S0.04Se0.96,iron_chalcogenide_11,mp-20311,,A1,9.58,3DSC_MP,16.0,c_parent,±20-50%,S1_v3_2_2B_extension,single_crystal,sample_form_conditional_median:single_crystal,20.0,0.1,,,,,5000,T_above_Tc
Fe1S0.04Se0.96,iron_chalcogenide_11,mp-20311,,A1,9.58,3DSC_MP,16.0,c_parent,±20-50%,S1_v3_2_2B_extension,single_crystal,sample_form_conditional_median:single_crystal,20.0,1.0,,,,,5000,T_above_Tc
Fe1S0.04Se0.96,iron_chalcogenide_11,mp-20311,,A1,9.58,3DSC_MP,16.0,c_parent,±20-50%,S1_v3_2_2B_extension,single_crystal,sample_form_conditional_median:single_crystal,20.0,5.0,,,,,5000,T_above_Tc
Fe1S0.04Se0.96,iron_chalcogenide_11,mp-20311,,A1,9.58,3DSC_MP,16.0,c_parent,±20-50%,S1_v3_2_2B_extension,single_crystal,sample_form_conditional_median:single_crystal,7.3766,0.1,5.8127634989324015,5.716773457044394,5.9483917954660495,,5000,
Fe1S0.04Se0.96,iron_chalcogenide_11,mp-20311,,A1,9.58,3DSC_MP,16.0,c_parent,±20-50%,S1_v3_2_2B_extension,single_crystal,sample_form_conditional_median:single_crystal,7.3766,1.0,5.777775071349115,5.683286327380706,5.914347192989687,,5000,
Fe1S0.04Se0.96,iron_chalcogenide_11,mp-20311,,A1,9.58,3DSC_MP,16.0,c_parent,±20-50%,S1_v3_2_2B_extension,single_crystal,sample_form_conditional_median:single_crystal,7.3766,5.0,5.5988254499186825,5.503030095810392,5.733043511168837,,5000,
Fe1S0.09Se0.91,iron_chalcogenide_11,mp-20311,,A1,10.1,3DSC_MP,16.0,c_parent,±20-50%,S1_v3_2_2B_extension,single_crystal,sample_form_conditional_median:single_crystal,4.2,0.1,5.996159972950191,5.877146982269887,6.121613313756543,,5000,
Fe1S0.09Se0.91,iron_chalcogenide_11,mp-20311,,A1,10.1,3DSC_MP,16.0,c_parent,±20-50%,S1_v3_2_2B_extension,single_crystal,sample_form_conditional_median:single_crystal,4.2,1.0,5.96084211542598,5.84365985511429,6.086148671156769,,5000,
Fe1S0.09Se0.91,iron_chalcogenide_11,mp-20311,,A1,10.1,3DSC_MP,16.0,c_parent,±20-50%,S1_v3_2_2B_extension,single_crystal,sample_form_conditional_median:single_crystal,4.2,5.0,5.771923410007387,5.665413894164623,5.898304846472484,,5000,
Fe1S0.09Se0.91,iron_chalcogenide_11,mp-20311,,A1,10.1,3DSC_MP,16.0,c_parent,±20-50%,S1_v3_2_2B_extension,single_crystal,sample_form_conditional_median:single_crystal,20.0,0.1,,,,,5000,T_above_Tc
Fe1S0.09Se0.91,iron_chalcogenide_11,mp-20311,,A1,10.1,3DSC_MP,16.0,c_parent,±20-50%,S1_v3_2_2B_extension,single_crystal,sample_form_conditional_median:single_crystal,20.0,1.0,,,,,5000,T_above_Tc
Fe1S0.09Se0.91,iron_chalcogenide_11,mp-20311,,A1,10.1,3DSC_MP,16.0,c_parent,±20-50%,S1_v3_2_2B_extension,single_crystal,sample_form_conditional_median:single_crystal,20.0,5.0,,,,,5000,T_above_Tc
Fe1S0.09Se0.91,iron_chalcogenide_11,mp-20311,,A1,10.1,3DSC_MP,16.0,c_parent,±20-50%,S1_v3_2_2B_extension,single_crystal,sample_form_conditional_median:single_crystal,7.777,0.1,5.805684081150271,5.719681380830687,5.9421449614593485,,5000,
Fe1S0.09Se0.91,iron_chalcogenide_11,mp-20311,,A1,10.1,3DSC_MP,16.0,c_parent,±20-50%,S1_v3_2_2B_extension,single_crystal,sample_form_conditional_median:single_crystal,7.777,1.0,5.770219441169303,5.684359853679586,5.909698452266572,,5000,
Fe1S0.09Se0.91,iron_chalcogenide_11,mp-20311,,A1,10.1,3DSC_MP,16.0,c_parent,±20-50%,S1_v3_2_2B_extension,single_crystal,sample_form_conditional_median:single_crystal,7.777,5.0,5.590740915361273,5.497960951267715,5.72792107414021,,5000,
Fe1S0.11Se0.89,iron_chalcogenide_11,mp-20311,,A1,10.7,3DSC_MP,16.0,c_parent,±20-50%,S1_v3_2_2B_extension,single_crystal,sample_form_conditional_median:single_crystal,4.2,0.1,5.996159972950191,5.9297372793699195,6.121613313756543,,5000,
Fe1S0.11Se0.89,iron_chalcogenide_11,mp-20311,,A1,10.7,3DSC_MP,16.0,c_parent,±20-50%,S1_v3_2_2B_extension,single_crystal,sample_form_conditional_median:single_crystal,4.2,1.0,5.96084211542598,5.889314006589612,6.085458118849194,,5000,
Fe1S0.11Se0.89,iron_chalcogenide_11,mp-20311,,A1,10.7,3DSC_MP,16.0,c_parent,±20-50%,S1_v3_2_2B_extension,single_crystal,sample_form_conditional_median:single_crystal,4.2,5.0,5.771923410007387,5.674148188752294,5.89737675081374,,5000,
Fe1S0.11Se0.89,iron_chalcogenide_11,mp-20311,,A1,10.7,3DSC_MP,16.0,c_parent,±20-50%,S1_v3_2_2B_extension,single_crystal,sample_form_conditional_median:single_crystal,20.0,0.1,,,,,5000,T_above_Tc
Fe1S0.11Se0.89,iron_chalcogenide_11,mp-20311,,A1,10.7,3DSC_MP,16.0,c_parent,±20-50%,S1_v3_2_2B_extension,single_crystal,sample_form_conditional_median:single_crystal,20.0,1.0,,,,,5000,T_above_Tc
Fe1S0.11Se0.89,iron_chalcogenide_11,mp-20311,,A1,10.7,3DSC_MP,16.0,c_parent,±20-50%,S1_v3_2_2B_extension,single_crystal,sample_form_conditional_median:single_crystal,20.0,5.0,,,,,5000,T_above_Tc
Fe1S0.11Se0.89,iron_chalcogenide_11,mp-20311,,A1,10.7,3DSC_MP,16.0,c_parent,±20-50%,S1_v3_2_2B_extension,single_crystal,sample_form_conditional_median:single_crystal,8.238999999999999,0.1,5.798652206013586,5.7145981591394195,5.9377533959610505,,5000,
Fe1S0.11Se0.89,iron_chalcogenide_11,mp-20311,,A1,10.7,3DSC_MP,16.0,c_parent,±20-50%,S1_v3_2_2B_extension,single_crystal,sample_form_conditional_median:single_crystal,8.238999999999999,1.0,5.7633343484893755,5.680539262424063,5.904285026388185,,5000,
Fe1S0.11Se0.89,iron_chalcogenide_11,mp-20311,,A1,10.7,3DSC_MP,16.0,c_parent,±20-50%,S1_v3_2_2B_extension,single_crystal,sample_form_conditional_median:single_crystal,8.238999999999999,5.0,5.583382590846566,5.4973066947378735,5.7224157624281915,,5000,
Fe1S0.12Te0.88,iron_chalcogenide_11,mp-21273,,A1,6.8,3DSC_MP,47.0,c_parent,±20-50%,S1_v3_2_2B_extension,single_crystal,sample_form_conditional_median:single_crystal,4.2,0.1,5.996159972950191,5.93108574852633,6.121613313756543,,5000,
Fe1S0.12Te0.88,iron_chalcogenide_11,mp-21273,,A1,6.8,3DSC_MP,47.0,c_parent,±20-50%,S1_v3_2_2B_extension,single_crystal,sample_form_conditional_median:single_crystal,4.2,1.0,5.98441565369311,5.918077522246061,6.109462561861685,,5000,
Fe1S0.12Te0.88,iron_chalcogenide_11,mp-21273,,A1,6.8,3DSC_MP,47.0,c_parent,±20-50%,S1_v3_2_2B_extension,single_crystal,sample_form_conditional_median:single_crystal,4.2,5.0,5.929148868030789,5.857003800182613,6.052414688608272,,5000,
Fe1S0.12Te0.88,iron_chalcogenide_11,mp-21273,,A1,6.8,3DSC_MP,47.0,c_parent,±20-50%,S1_v3_2_2B_extension,single_crystal,sample_form_conditional_median:single_crystal,20.0,0.1,,,,,5000,T_above_Tc
Fe1S0.12Te0.88,iron_chalcogenide_11,mp-21273,,A1,6.8,3DSC_MP,47.0,c_parent,±20-50%,S1_v3_2_2B_extension,single_crystal,sample_form_conditional_median:single_crystal,20.0,1.0,,,,,5000,T_above_Tc
Fe1S0.12Te0.88,iron_chalcogenide_11,mp-21273,,A1,6.8,3DSC_MP,47.0,c_parent,±20-50%,S1_v3_2_2B_extension,single_crystal,sample_form_conditional_median:single_crystal,20.0,5.0,,,,,5000,T_above_Tc
Fe1S0.12Te0.88,iron_chalcogenide_11,mp-21273,,A1,6.8,3DSC_MP,47.0,c_parent,±20-50%,S1_v3_2_2B_extension,single_crystal,sample_form_conditional_median:single_crystal,5.236,0.1,5.8895856008941845,5.805083919848228,6.014956671652142,,5000,
Fe1S0.12Te0.88,iron_chalcogenide_11,mp-21273,,A1,6.8,3DSC_MP,47.0,c_parent,±20-50%,S1_v3_2_2B_extension,single_crystal,sample_form_conditional_median:single_crystal,5.236,1.0,5.878236591163309,5.793285049081124,6.00316476192277,,5000,
Fe1S0.12Te0.88,iron_chalcogenide_11,mp-21273,,A1,6.8,3DSC_MP,47.0,c_parent,±20-50%,S1_v3_2_2B_extension,single_crystal,sample_form_conditional_median:single_crystal,5.236,5.0,5.825000234232363,5.7390172786625,5.948140568562722,,5000,
Fe1S0.1Se0.9,iron_chalcogenide_11,mp-20311,,A1,10.27,3DSC_MP,16.0,c_parent,±20-50%,S1_v3_2_2B_extension,single_crystal,sample_form_conditional_median:single_crystal,4.2,0.1,5.996159972950191,5.877146982269887,6.121613313756543,,5000,
Fe1S0.1Se0.9,iron_chalcogenide_11,mp-20311,,A1,10.27,3DSC_MP,16.0,c_parent,±20-50%,S1_v3_2_2B_extension,single_crystal,sample_form_conditional_median:single_crystal,4.2,1.0,5.96084211542598,5.843659858350076,6.086148671156769,,5000,
Fe1S0.1Se0.9,iron_chalcogenide_11,mp-20311,,A1,10.27,3DSC_MP,16.0,c_parent,±20-50%,S1_v3_2_2B_extension,single_crystal,sample_form_conditional_median:single_crystal,4.2,5.0,5.771923410007387,5.665413914623919,5.898304846472484,,5000,
Fe1S0.1Se0.9,iron_chalcogenide_11,mp-20311,,A1,10.27,3DSC_MP,16.0,c_parent,±20-50%,S1_v3_2_2B_extension,single_crystal,sample_form_conditional_median:single_crystal,20.0,0.1,,,,,5000,T_above_Tc
Fe1S0.1Se0.9,iron_chalcogenide_11,mp-20311,,A1,10.27,3DSC_MP,16.0,c_parent,±20-50%,S1_v3_2_2B_extension,single_crystal,sample_form_conditional_median:single_crystal,20.0,1.0,,,,,5000,T_above_Tc
Fe1S0.1Se0.9,iron_chalcogenide_11,mp-20311,,A1,10.27,3DSC_MP,16.0,c_parent,±20-50%,S1_v3_2_2B_extension,single_crystal,sample_form_conditional_median:single_crystal,20.0,5.0,,,,,5000,T_above_Tc
Fe1S0.1Se0.9,iron_chalcogenide_11,mp-20311,,A1,10.27,3DSC_MP,16.0,c_parent,±20-50%,S1_v3_2_2B_extension,single_crystal,sample_form_conditional_median:single_crystal,7.9079,0.1,5.803579512673048,5.70892155517542,5.940389257816719,,5000,
Fe1S0.1Se0.9,iron_chalcogenide_11,mp-20311,,A1,10.27,3DSC_MP,16.0,c_parent,±20-50%,S1_v3_2_2B_extension,single_crystal,sample_form_conditional_median:single_crystal,7.9079,1.0,5.768114870073274,5.675852804736461,5.907119723322759,,5000,
Fe1S0.1Se0.9,iron_chalcogenide_11,mp-20311,,A1,10.27,3DSC_MP,16.0,c_parent,±20-50%,S1_v3_2_2B_extension,single_crystal,sample_form_conditional_median:single_crystal,7.9079,5.0,5.588231228375836,5.495856380171686,5.723452998657056,,5000,
Fe1S0.1Te0.9,iron_chalcogenide_11,mp-21273,,A1,10.0,3DSC_MP,47.0,c_parent,±20-50%,S1_v3_2_2B_extension,single_crystal,sample_form_conditional_median:single_crystal,4.2,0.1,5.996159972950191,5.877146982269887,6.121613313756543,,5000,
Fe1S0.1Te0.9,iron_chalcogenide_11,mp-21273,,A1,10.0,3DSC_MP,47.0,c_parent,±20-50%,S1_v3_2_2B_extension,single_crystal,sample_form_conditional_median:single_crystal,4.2,1.0,5.984517703737607,5.866150883848946,6.109868994499462,,5000,
Fe1S0.1Te0.9,iron_chalcogenide_11,mp-21273,,A1,10.0,3DSC_MP,47.0,c_parent,±20-50%,S1_v3_2_2B_extension,single_crystal,sample_form_conditional_median:single_crystal,4.2,5.0,5.929148868030789,5.814524117503292,6.05472932559477,,5000,
Fe1S0.1Te0.9,iron_chalcogenide_11,mp-21273,,A1,10.0,3DSC_MP,47.0,c_parent,±20-50%,S1_v3_2_2B_extension,single_crystal,sample_form_conditional_median:single_crystal,20.0,0.1,,,,,5000,T_above_Tc
Fe1S0.1Te0.9,iron_chalcogenide_11,mp-21273,,A1,10.0,3DSC_MP,47.0,c_parent,±20-50%,S1_v3_2_2B_extension,single_crystal,sample_form_conditional_median:single_crystal,20.0,1.0,,,,,5000,T_above_Tc
Fe1S0.1Te0.9,iron_chalcogenide_11,mp-21273,,A1,10.0,3DSC_MP,47.0,c_parent,±20-50%,S1_v3_2_2B_extension,single_crystal,sample_form_conditional_median:single_crystal,20.0,5.0,,,,,5000,T_above_Tc
Fe1S0.1Te0.9,iron_chalcogenide_11,mp-21273,,A1,10.0,3DSC_MP,47.0,c_parent,±20-50%,S1_v3_2_2B_extension,single_crystal,sample_form_conditional_median:single_crystal,7.7,0.1,5.806967537993907,5.713621435637952,5.952076046257077,,5000,
Fe1S0.1Te0.9,iron_chalcogenide_11,mp-21273,,A1,10.0,3DSC_MP,47.0,c_parent,±20-50%,S1_v3_2_2B_extension,single_crystal,sample_form_conditional_median:single_crystal,7.7,1.0,5.795223218736826,5.702285295068371,5.9406404359205585,,5000,
Fe1S0.1Te0.9,iron_chalcogenide_11,mp-21273,,A1,10.0,3DSC_MP,47.0,c_parent,±20-50%,S1_v3_2_2B_extension,single_crystal,sample_form_conditional_median:single_crystal,7.7,5.0,5.742369535658458,5.651728586585333,5.885192058095304,,5000,
Fe1Se0.05Te0.95,iron_chalcogenide_11,mp-21273,,A1,3.35,3DSC_MP,47.0,c_parent,±20-50%,S1_v3_2_2B_extension,single_crystal,sample_form_conditional_median:single_crystal,4.2,0.1,,,,,5000,T_above_Tc
Fe1Se0.05Te0.95,iron_chalcogenide_11,mp-21273,,A1,3.35,3DSC_MP,47.0,c_parent,±20-50%,S1_v3_2_2B_extension,single_crystal,sample_form_conditional_median:single_crystal,4.2,1.0,,,,,5000,T_above_Tc
Fe1Se0.05Te0.95,iron_chalcogenide_11,mp-21273,,A1,3.35,3DSC_MP,47.0,c_parent,±20-50%,S1_v3_2_2B_extension,single_crystal,sample_form_conditional_median:single_crystal,4.2,5.0,,,,,5000,T_above_Tc
Fe1Se0.05Te0.95,iron_chalcogenide_11,mp-21273,,A1,3.35,3DSC_MP,47.0,c_parent,±20-50%,S1_v3_2_2B_extension,single_crystal,sample_form_conditional_median:single_crystal,20.0,0.1,,,,,5000,T_above_Tc
Fe1Se0.05Te0.95,iron_chalcogenide_11,mp-21273,,A1,3.35,3DSC_MP,47.0,c_parent,±20-50%,S1_v3_2_2B_extension,single_crystal,sample_form_conditional_median:single_crystal,20.0,1.0,,,,,5000,T_above_Tc
Fe1Se0.05Te0.95,iron_chalcogenide_11,mp-21273,,A1,3.35,3DSC_MP,47.0,c_parent,±20-50%,S1_v3_2_2B_extension,single_crystal,sample_form_conditional_median:single_crystal,20.0,5.0,,,,,5000,T_above_Tc
Fe1Se0.05Te0.95,iron_chalcogenide_11,mp-21273,,A1,3.35,3DSC_MP,47.0,c_parent,±20-50%,S1_v3_2_2B_extension,single_crystal,sample_form_conditional_median:single_crystal,2.5795000000000003,0.1,9.496827252954537,8.87122619544403,10.28930342638615,,5000,
Fe1Se0.05Te0.95,iron_chalcogenide_11,mp-21273,,A1,3.35,3DSC_MP,47.0,c_parent,±20-50%,S1_v3_2_2B_extension,single_crystal,sample_form_conditional_median:single_crystal,2.5795000000000003,1.0,9.485691710204012,8.859474915149217,10.278167883602672,,5000,
Fe1Se0.05Te0.95,iron_chalcogenide_11,mp-21273,,A1,3.35,3DSC_MP,47.0,c_parent,±20-50%,S1_v3_2_2B_extension,single_crystal,sample_form_conditional_median:single_crystal,2.5795000000000003,5.0,9.433259390877138,8.805976384104335,10.225316666135132,,5000,
Fe1Se0.075Te0.925,iron_chalcogenide_11,mp-21273,,A1,11.5,3DSC_MP,47.0,c_parent,±20-50%,S1_v3_2_2B_extension,single_crystal,sample_form_conditional_median:single_crystal,4.2,0.1,5.996159972950191,5.877146982269887,6.121613313756543,,5000,
Fe1Se0.075Te0.925,iron_chalcogenide_11,mp-21273,,A1,11.5,3DSC_MP,47.0,c_parent,±20-50%,S1_v3_2_2B_extension,single_crystal,sample_form_conditional_median:single_crystal,4.2,1.0,5.98441565369311,5.866011440595365,6.109820183758652,,5000,
Fe1Se0.075Te0.925,iron_chalcogenide_11,mp-21273,,A1,11.5,3DSC_MP,47.0,c_parent,±20-50%,S1_v3_2_2B_extension,single_crystal,sample_form_conditional_median:single_crystal,4.2,5.0,5.929148868030789,5.813729987105639,6.054451348051834,,5000,
Fe1Se0.075Te0.925,iron_chalcogenide_11,mp-21273,,A1,11.5,3DSC_MP,47.0,c_parent,±20-50%,S1_v3_2_2B_extension,single_crystal,sample_form_conditional_median:single_crystal,20.0,0.1,,,,,5000,T_above_Tc
Fe1Se0.075Te0.925,iron_chalcogenide_11,mp-21273,,A1,11.5,3DSC_MP,47.0,c_parent,±20-50%,S1_v3_2_2B_extension,single_crystal,sample_form_conditional_median:single_crystal,20.0,1.0,,,,,5000,T_above_Tc
Fe1Se0.075Te0.925,iron_chalcogenide_11,mp-21273,,A1,11.5,3DSC_MP,47.0,c_parent,±20-50%,S1_v3_2_2B_extension,single_crystal,sample_form_conditional_median:single_crystal,20.0,5.0,,,,,5000,T_above_Tc
Fe1Se0.075Te0.925,iron_chalcogenide_11,mp-21273,,A1,11.5,3DSC_MP,47.0,c_parent,±20-50%,S1_v3_2_2B_extension,single_crystal,sample_form_conditional_median:single_crystal,8.855,0.1,5.790753081316644,5.694763036920546,5.928729335566075,,5000,
Fe1Se0.075Te0.925,iron_chalcogenide_11,mp-21273,,A1,11.5,3DSC_MP,47.0,c_parent,±20-50%,S1_v3_2_2B_extension,single_crystal,sample_form_conditional_median:single_crystal,8.855,1.0,5.779008762059562,5.683627495246023,5.916985016308994,,5000,
Fe1Se0.075Te0.925,iron_chalcogenide_11,mp-21273,,A1,11.5,3DSC_MP,47.0,c_parent,±20-50%,S1_v3_2_2B_extension,single_crystal,sample_form_conditional_median:single_crystal,8.855,5.0,5.726253278542613,5.631346041674409,5.8618453474043015,,5000,
Fe1Se0.07Te0.93,iron_chalcogenide_11,mp-21273,,A1,8.2,3DSC_MP,47.0,c_parent,±20-50%,S1_v3_2_2B_extension,single_crystal,sample_form_conditional_median:single_crystal,4.2,0.1,5.996159972950191,5.877146982269887,6.121613313756543,,5000,
Fe1Se0.07Te0.93,iron_chalcogenide_11,mp-21273,,A1,8.2,3DSC_MP,47.0,c_parent,±20-50%,S1_v3_2_2B_extension,single_crystal,sample_form_conditional_median:single_crystal,4.2,1.0,5.98441565369311,5.8660114395193625,6.109590552990185,,5000,
Fe1Se0.07Te0.93,iron_chalcogenide_11,mp-21273,,A1,8.2,3DSC_MP,47.0,c_parent,±20-50%,S1_v3_2_2B_extension,single_crystal,sample_form_conditional_median:single_crystal,4.2,5.0,5.9289980072454815,5.813729980977796,6.0531435990658355,,5000,
Fe1Se0.07Te0.93,iron_chalcogenide_11,mp-21273,,A1,8.2,3DSC_MP,47.0,c_parent,±20-50%,S1_v3_2_2B_extension,single_crystal,sample_form_conditional_median:single_crystal,20.0,0.1,,,,,5000,T_above_Tc
Fe1Se0.07Te0.93,iron_chalcogenide_11,mp-21273,,A1,8.2,3DSC_MP,47.0,c_parent,±20-50%,S1_v3_2_2B_extension,single_crystal,sample_form_conditional_median:single_crystal,20.0,1.0,,,,,5000,T_above_Tc
Fe1Se0.07Te0.93,iron_chalcogenide_11,mp-21273,,A1,8.2,3DSC_MP,47.0,c_parent,±20-50%,S1_v3_2_2B_extension,single_crystal,sample_form_conditional_median:single_crystal,20.0,5.0,,,,,5000,T_above_Tc
Fe1Se0.07Te0.93,iron_chalcogenide_11,mp-21273,,A1,8.2,3DSC_MP,47.0,c_parent,±20-50%,S1_v3_2_2B_extension,single_crystal,sample_form_conditional_median:single_crystal,6.313999999999999,0.1,5.838478362313592,5.742077633722924,5.978207231584909,,5000,
Fe1Se0.07Te0.93,iron_chalcogenide_11,mp-21273,,A1,8.2,3DSC_MP,47.0,c_parent,±20-50%,S1_v3_2_2B_extension,single_crystal,sample_form_conditional_median:single_crystal,6.313999999999999,1.0,5.827181591183074,5.730942088860042,5.96706444846673,,5000,
Fe1Se0.07Te0.93,iron_chalcogenide_11,mp-21273,,A1,8.2,3DSC_MP,47.0,c_parent,±20-50%,S1_v3_2_2B_extension,single_crystal,sample_form_conditional_median:single_crystal,6.313999999999999,5.0,5.774650676826931,5.6786606303184755,5.912492969095748,,5000,
Fe1Se0.13Te0.87,iron_chalcogenide_11,mp-21273,,A1,6.0,3DSC_MP,47.0,c_parent,±20-50%,S1_v3_2_2B_extension,single_crystal,sample_form_conditional_median:single_crystal,4.2,0.1,5.996159972950191,5.877146982269887,6.121613313756543,,5000,
Fe1Se0.13Te0.87,iron_chalcogenide_11,mp-21273,,A1,6.0,3DSC_MP,47.0,c_parent,±20-50%,S1_v3_2_2B_extension,single_crystal,sample_form_conditional_median:single_crystal,4.2,1.0,5.98441565369311,5.866150883848946,6.109868994499462,,5000,
Fe1Se0.13Te0.87,iron_chalcogenide_11,mp-21273,,A1,6.0,3DSC_MP,47.0,c_parent,±20-50%,S1_v3_2_2B_extension,single_crystal,sample_form_conditional_median:single_crystal,4.2,5.0,5.929148868030789,5.814524117503292,6.05472932559477,,5000,
Fe1Se0.13Te0.87,iron_chalcogenide_11,mp-21273,,A1,6.0,3DSC_MP,47.0,c_parent,±20-50%,S1_v3_2_2B_extension,single_crystal,sample_form_conditional_median:single_crystal,20.0,0.1,,,,,5000,T_above_Tc
Fe1Se0.13Te0.87,iron_chalcogenide_11,mp-21273,,A1,6.0,3DSC_MP,47.0,c_parent,±20-50%,S1_v3_2_2B_extension,single_crystal,sample_form_conditional_median:single_crystal,20.0,1.0,,,,,5000,T_above_Tc
Fe1Se0.13Te0.87,iron_chalcogenide_11,mp-21273,,A1,6.0,3DSC_MP,47.0,c_parent,±20-50%,S1_v3_2_2B_extension,single_crystal,sample_form_conditional_median:single_crystal,20.0,5.0,,,,,5000,T_above_Tc
Fe1Se0.13Te0.87,iron_chalcogenide_11,mp-21273,,A1,6.0,3DSC_MP,47.0,c_parent,±20-50%,S1_v3_2_2B_extension,single_crystal,sample_form_conditional_median:single_crystal,4.62,0.1,5.940434398136417,5.8344486280516925,6.073305528002446,,5000,
Fe1Se0.13Te0.87,iron_chalcogenide_11,mp-21273,,A1,6.0,3DSC_MP,47.0,c_parent,±20-50%,S1_v3_2_2B_extension,single_crystal,sample_form_conditional_median:single_crystal,4.62,1.0,5.928776571018499,5.822326742493682,6.061157975885799,,5000,
Fe1Se0.13Te0.87,iron_chalcogenide_11,mp-21273,,A1,6.0,3DSC_MP,47.0,c_parent,±20-50%,S1_v3_2_2B_extension,single_crystal,sample_form_conditional_median:single_crystal,4.62,5.0,5.875147295162724,5.767790663161118,6.005409325095121,,5000,
Fe1Se0.1Te0.9,iron_chalcogenide_11,mp-21273,,A1,9.816666665,3DSC_MP,47.0,c_parent,±20-50%,S1_v3_2_2B_extension,single_crystal,sample_form_conditional_median:single_crystal,4.2,0.1,5.996159972950191,5.877146982269887,6.121613313756543,,5000,
Fe1Se0.1Te0.9,iron_chalcogenide_11,mp-21273,,A1,9.816666665,3DSC_MP,47.0,c_parent,±20-50%,S1_v3_2_2B_extension,single_crystal,sample_form_conditional_median:single_crystal,4.2,1.0,5.98441565369311,5.866011440595365,6.109821404027172,,5000,
Fe1Se0.1Te0.9,iron_chalcogenide_11,mp-21273,,A1,9.816666665,3DSC_MP,47.0,c_parent,±20-50%,S1_v3_2_2B_extension,single_crystal,sample_form_conditional_median:single_crystal,4.2,5.0,5.9289980072454815,5.813729987105639,6.05472932559477,,5000,
Fe1Se0.1Te0.9,iron_chalcogenide_11,mp-21273,,A1,9.816666665,3DSC_MP,47.0,c_parent,±20-50%,S1_v3_2_2B_extension,single_crystal,sample_form_conditional_median:single_crystal,20.0,0.1,,,,,5000,T_above_Tc
Fe1Se0.1Te0.9,iron_chalcogenide_11,mp-21273,,A1,9.816666665,3DSC_MP,47.0,c_parent,±20-50%,S1_v3_2_2B_extension,single_crystal,sample_form_conditional_median:single_crystal,20.0,1.0,,,,,5000,T_above_Tc
Fe1Se0.1Te0.9,iron_chalcogenide_11,mp-21273,,A1,9.816666665,3DSC_MP,47.0,c_parent,±20-50%,S1_v3_2_2B_extension,single_crystal,sample_form_conditional_median:single_crystal,20.0,5.0,,,,,5000,T_above_Tc
Fe1Se0.1Te0.9,iron_chalcogenide_11,mp-21273,,A1,9.816666665,3DSC_MP,47.0,c_parent,±20-50%,S1_v3_2_2B_extension,single_crystal,sample_form_conditional_median:single_crystal,7.55883333205,0.1,5.807446619837963,5.713423660453622,5.949093109141833,,5000,
Fe1Se0.1Te0.9,iron_chalcogenide_11,mp-21273,,A1,9.816666665,3DSC_MP,47.0,c_parent,±20-50%,S1_v3_2_2B_extension,single_crystal,sample_form_conditional_median:single_crystal,7.55883333205,1.0,5.795702300580881,5.702424073454876,5.9373487898847515,,5000,
Fe1Se0.1Te0.9,iron_chalcogenide_11,mp-21273,,A1,9.816666665,3DSC_MP,47.0,c_parent,±20-50%,S1_v3_2_2B_extension,single_crystal,sample_form_conditional_median:single_crystal,7.55883333205,5.0,5.7425297166879465,5.65078093993062,5.885661602868048,,5000,
Fe1Se0.8,iron_chalcogenide_11,mp-20311,,A1,8.65,3DSC_MP,16.0,c_parent,±20-50%,S1_v3_2_2B_extension,single_crystal,sample_form_conditional_median:single_crystal,4.2,0.1,5.996159972950191,5.877146982269887,6.121613313756543,,5000,
Fe1Se0.8,iron_chalcogenide_11,mp-20311,,A1,8.65,3DSC_MP,16.0,c_parent,±20-50%,S1_v3_2_2B_extension,single_crystal,sample_form_conditional_median:single_crystal,4.2,1.0,5.960695330350417,5.84365985511429,6.086148671156769,,5000,
Fe1Se0.8,iron_chalcogenide_11,mp-20311,,A1,8.65,3DSC_MP,16.0,c_parent,±20-50%,S1_v3_2_2B_extension,single_crystal,sample_form_conditional_median:single_crystal,4.2,5.0,5.7694682668345525,5.665413894164623,5.898304846472484,,5000,
Fe1Se0.8,iron_chalcogenide_11,mp-20311,,A1,8.65,3DSC_MP,16.0,c_parent,±20-50%,S1_v3_2_2B_extension,single_crystal,sample_form_conditional_median:single_crystal,20.0,0.1,,,,,5000,T_above_Tc
Fe1Se0.8,iron_chalcogenide_11,mp-20311,,A1,8.65,3DSC_MP,16.0,c_parent,±20-50%,S1_v3_2_2B_extension,single_crystal,sample_form_conditional_median:single_crystal,20.0,1.0,,,,,5000,T_above_Tc
Fe1Se0.8,iron_chalcogenide_11,mp-20311,,A1,8.65,3DSC_MP,16.0,c_parent,±20-50%,S1_v3_2_2B_extension,single_crystal,sample_form_conditional_median:single_crystal,20.0,5.0,,,,,5000,T_above_Tc
Fe1Se0.8,iron_chalcogenide_11,mp-20311,,A1,8.65,3DSC_MP,16.0,c_parent,±20-50%,S1_v3_2_2B_extension,single_crystal,sample_form_conditional_median:single_crystal,6.660500000000001,0.1,5.828512928127476,5.736051259402272,5.969218539419639,,5000,
Fe1Se0.8,iron_chalcogenide_11,mp-20311,,A1,8.65,3DSC_MP,16.0,c_parent,±20-50%,S1_v3_2_2B_extension,single_crystal,sample_form_conditional_median:single_crystal,6.660500000000001,1.0,5.794441666253616,5.700552574420056,5.935159642704283,,5000,
Fe1Se0.8,iron_chalcogenide_11,mp-20311,,A1,8.65,3DSC_MP,16.0,c_parent,±20-50%,S1_v3_2_2B_extension,single_crystal,sample_form_conditional_median:single_crystal,6.660500000000001,5.0,5.614734988391504,5.520579072031003,5.75275265227523,,5000,
Fe1Se0.82,iron_chalcogenide_11,mp-20311,,A1,7.83,3DSC_MP,16.0,c_parent,±20-50%,S1_v3_2_2B_extension,single_crystal,sample_form_conditional_median:single_crystal,4.2,0.1,5.996159972950191,5.877146982269887,6.121613313756543,,5000,
Fe1Se0.82,iron_chalcogenide_11,mp-20311,,A1,7.83,3DSC_MP,16.0,c_parent,±20-50%,S1_v3_2_2B_extension,single_crystal,sample_form_conditional_median:single_crystal,4.2,1.0,5.96084211542598,5.843659858350076,6.085458118849194,,5000,
Fe1Se0.82,iron_chalcogenide_11,mp-20311,,A1,7.83,3DSC_MP,16.0,c_parent,±20-50%,S1_v3_2_2B_extension,single_crystal,sample_form_conditional_median:single_crystal,4.2,5.0,5.771923410007387,5.665413914623919,5.898304846472484,,5000,
Fe1Se0.82,iron_chalcogenide_11,mp-20311,,A1,7.83,3DSC_MP,16.0,c_parent,±20-50%,S1_v3_2_2B_extension,single_crystal,sample_form_conditional_median:single_crystal,20.0,0.1,,,,,5000,T_above_Tc
Fe1Se0.82,iron_chalcogenide_11,mp-20311,,A1,7.83,3DSC_MP,16.0,c_parent,±20-50%,S1_v3_2_2B_extension,single_crystal,sample_form_conditional_median:single_crystal,20.0,1.0,,,,,5000,T_above_Tc
Fe1Se0.82,iron_chalcogenide_11,mp-20311,,A1,7.83,3DSC_MP,16.0,c_parent,±20-50%,S1_v3_2_2B_extension,single_crystal,sample_form_conditional_median:single_crystal,20.0,5.0,,,,,5000,T_above_Tc
Fe1Se0.82,iron_chalcogenide_11,mp-20311,,A1,7.83,3DSC_MP,16.0,c_parent,±20-50%,S1_v3_2_2B_extension,single_crystal,sample_form_conditional_median:single_crystal,6.029100000000001,0.1,5.849151469334602,5.7587307805524866,5.985879670307586,,5000,
Fe1Se0.82,iron_chalcogenide_11,mp-20311,,A1,7.83,3DSC_MP,16.0,c_parent,±20-50%,S1_v3_2_2B_extension,single_crystal,sample_form_conditional_median:single_crystal,6.029100000000001,1.0,5.815116748619893,5.725243653396889,5.952392546387775,,5000,
Fe1Se0.82,iron_chalcogenide_11,mp-20311,,A1,7.83,3DSC_MP,16.0,c_parent,±20-50%,S1_v3_2_2B_extension,single_crystal,sample_form_conditional_median:single_crystal,6.029100000000001,5.0,5.635332550477397,5.543798160767244,5.767900471644446,,5000,
Fe1Se0.85,iron_chalcogenide_11,mp-20311,,A1,9.62,3DSC_MP,16.0,c_parent,±20-50%,S1_v3_2_2B_extension,single_crystal,sample_form_conditional_median:single_crystal,4.2,0.1,5.996159972950191,5.877146982269887,6.121613313756543,,5000,
Fe1Se0.85,iron_chalcogenide_11,mp-20311,,A1,9.62,3DSC_MP,16.0,c_parent,±20-50%,S1_v3_2_2B_extension,single_crystal,sample_form_conditional_median:single_crystal,4.2,1.0,5.960695330350417,5.843659858350076,6.085475382656883,,5000,
Fe1Se0.85,iron_chalcogenide_11,mp-20311,,A1,9.62,3DSC_MP,16.0,c_parent,±20-50%,S1_v3_2_2B_extension,single_crystal,sample_form_conditional_median:single_crystal,4.2,5.0,5.7694682668345525,5.665413914623919,5.89737675081374,,5000,
Fe1Se0.85,iron_chalcogenide_11,mp-20311,,A1,9.62,3DSC_MP,16.0,c_parent,±20-50%,S1_v3_2_2B_extension,single_crystal,sample_form_conditional_median:single_crystal,20.0,0.1,,,,,5000,T_above_Tc
Fe1Se0.85,iron_chalcogenide_11,mp-20311,,A1,9.62,3DSC_MP,16.0,c_parent,±20-50%,S1_v3_2_2B_extension,single_crystal,sample_form_conditional_median:single_crystal,20.0,1.0,,,,,5000,T_above_Tc
Fe1Se0.85,iron_chalcogenide_11,mp-20311,,A1,9.62,3DSC_MP,16.0,c_parent,±20-50%,S1_v3_2_2B_extension,single_crystal,sample_form_conditional_median:single_crystal,20.0,5.0,,,,,5000,T_above_Tc
Fe1Se0.85,iron_chalcogenide_11,mp-20311,,A1,9.62,3DSC_MP,16.0,c_parent,±20-50%,S1_v3_2_2B_extension,single_crystal,sample_form_conditional_median:single_crystal,7.4074,0.1,5.812181286315359,5.725791075203895,5.947951440252919,,5000,
Fe1Se0.85,iron_chalcogenide_11,mp-20311,,A1,9.62,3DSC_MP,16.0,c_parent,±20-50%,S1_v3_2_2B_extension,single_crystal,sample_form_conditional_median:single_crystal,7.4074,1.0,5.776760331565509,5.6904695480527945,5.91452408978981,,5000,
Fe1Se0.85,iron_chalcogenide_11,mp-20311,,A1,9.62,3DSC_MP,16.0,c_parent,±20-50%,S1_v3_2_2B_extension,single_crystal,sample_form_conditional_median:single_crystal,7.4074,5.0,5.597259332172942,5.505460396633928,5.7331470989008695,,5000,
Fe1Se0.88,iron_chalcogenide_11,mp-20311,,A1,8.843333333,3DSC_MP,16.0,c_parent,±20-50%,S1_v3_2_2B_extension,single_crystal,sample_form_conditional_median:single_crystal,4.2,0.1,5.996159972950191,5.877146982269887,6.121613313756543,,5000,
Fe1Se0.88,iron_chalcogenide_11,mp-20311,,A1,8.843333333,3DSC_MP,16.0,c_parent,±20-50%,S1_v3_2_2B_extension,single_crystal,sample_form_conditional_median:single_crystal,4.2,1.0,5.960695330350417,5.844410032227914,6.086295456232333,,5000,
Fe1Se0.88,iron_chalcogenide_11,mp-20311,,A1,8.843333333,3DSC_MP,16.0,c_parent,±20-50%,S1_v3_2_2B_extension,single_crystal,sample_form_conditional_median:single_crystal,4.2,5.0,5.7694682668345525,5.6701571292637585,5.898304846472484,,5000,
Fe1Se0.88,iron_chalcogenide_11,mp-20311,,A1,8.843333333,3DSC_MP,16.0,c_parent,±20-50%,S1_v3_2_2B_extension,single_crystal,sample_form_conditional_median:single_crystal,20.0,0.1,,,,,5000,T_above_Tc
Fe1Se0.88,iron_chalcogenide_11,mp-20311,,A1,8.843333333,3DSC_MP,16.0,c_parent,±20-50%,S1_v3_2_2B_extension,single_crystal,sample_form_conditional_median:single_crystal,20.0,1.0,,,,,5000,T_above_Tc
Fe1Se0.88,iron_chalcogenide_11,mp-20311,,A1,8.843333333,3DSC_MP,16.0,c_parent,±20-50%,S1_v3_2_2B_extension,single_crystal,sample_form_conditional_median:single_crystal,20.0,5.0,,,,,5000,T_above_Tc
Fe1Se0.88,iron_chalcogenide_11,mp-20311,,A1,8.843333333,3DSC_MP,16.0,c_parent,±20-50%,S1_v3_2_2B_extension,single_crystal,sample_form_conditional_median:single_crystal,6.809366666410001,0.1,5.82484373065835,5.7470946250856585,5.965352195387381,,5000,
Fe1Se0.88,iron_chalcogenide_11,mp-20311,,A1,8.843333333,3DSC_MP,16.0,c_parent,±20-50%,S1_v3_2_2B_extension,single_crystal,sample_form_conditional_median:single_crystal,6.809366666410001,1.0,5.790511035629335,5.7124462148050545,5.930944704149717,,5000,
Fe1Se0.88,iron_chalcogenide_11,mp-20311,,A1,8.843333333,3DSC_MP,16.0,c_parent,±20-50%,S1_v3_2_2B_extension,single_crystal,sample_form_conditional_median:single_crystal,6.809366666410001,5.0,5.611318223064492,5.524466979021105,5.747450302793371,,5000,
Fe1Se0.92,iron_chalcogenide_11,mp-20311,,A1,7.4,3DSC_MP,16.0,c_parent,±20-50%,S1_v3_2_2B_extension,single_crystal,sample_form_conditional_median:single_crystal,4.2,0.1,5.996159972950191,5.877146982269887,6.121613313756543,,5000,
Fe1Se0.92,iron_chalcogenide_11,mp-20311,,A1,7.4,3DSC_MP,16.0,c_parent,±20-50%,S1_v3_2_2B_extension,single_crystal,sample_form_conditional_median:single_crystal,4.2,1.0,5.96084211542598,5.843659858350076,6.085458118849194,,5000,
Fe1Se0.92,iron_chalcogenide_11,mp-20311,,A1,7.4,3DSC_MP,16.0,c_parent,±20-50%,S1_v3_2_2B_extension,single_crystal,sample_form_conditional_median:single_crystal,4.2,5.0,5.771923410007387,5.667999027229005,5.89737675081374,,5000,
Fe1Se0.92,iron_chalcogenide_11,mp-20311,,A1,7.4,3DSC_MP,16.0,c_parent,±20-50%,S1_v3_2_2B_extension,single_crystal,sample_form_conditional_median:single_crystal,20.0,0.1,,,,,5000,T_above_Tc
Fe1Se0.92,iron_chalcogenide_11,mp-20311,,A1,7.4,3DSC_MP,16.0,c_parent,±20-50%,S1_v3_2_2B_extension,single_crystal,sample_form_conditional_median:single_crystal,20.0,1.0,,,,,5000,T_above_Tc
Fe1Se0.92,iron_chalcogenide_11,mp-20311,,A1,7.4,3DSC_MP,16.0,c_parent,±20-50%,S1_v3_2_2B_extension,single_crystal,sample_form_conditional_median:single_crystal,20.0,5.0,,,,,5000,T_above_Tc
Fe1Se0.92,iron_chalcogenide_11,mp-20311,,A1,7.4,3DSC_MP,16.0,c_parent,±20-50%,S1_v3_2_2B_extension,single_crystal,sample_form_conditional_median:single_crystal,5.698,0.1,5.863748444822501,5.770488728911439,5.9903337824493095,,5000,
Fe1Se0.92,iron_chalcogenide_11,mp-20311,,A1,7.4,3DSC_MP,16.0,c_parent,±20-50%,S1_v3_2_2B_extension,single_crystal,sample_form_conditional_median:single_crystal,5.698,1.0,5.829689548107145,5.736987307516848,5.956846655293712,,5000,
Fe1Se0.92,iron_chalcogenide_11,mp-20311,,A1,7.4,3DSC_MP,16.0,c_parent,±20-50%,S1_v3_2_2B_extension,single_crystal,sample_form_conditional_median:single_crystal,5.698,5.0,5.649348384046153,5.555140444614227,5.777868527590427,,5000,
Fe1Se0.93,iron_chalcogenide_11,mp-20311,,A1,7.0,3DSC_MP,16.0,c_parent,±20-50%,S1_v3_2_2B_extension,single_crystal,sample_form_conditional_median:single_crystal,4.2,0.1,5.996159972950191,5.877146982269887,6.121613313756543,,5000,
Fe1Se0.93,iron_chalcogenide_11,mp-20311,,A1,7.0,3DSC_MP,16.0,c_parent,±20-50%,S1_v3_2_2B_extension,single_crystal,sample_form_conditional_median:single_crystal,4.2,1.0,5.960695330350417,5.84365985511429,6.086295456232333,,5000,
Fe1Se0.93,iron_chalcogenide_11,mp-20311,,A1,7.0,3DSC_MP,16.0,c_parent,±20-50%,S1_v3_2_2B_extension,single_crystal,sample_form_conditional_median:single_crystal,4.2,5.0,5.7694682668345525,5.665413894164623,5.898304846472484,,5000,
Fe1Se0.93,iron_chalcogenide_11,mp-20311,,A1,7.0,3DSC_MP,16.0,c_parent,±20-50%,S1_v3_2_2B_extension,single_crystal,sample_form_conditional_median:single_crystal,20.0,0.1,,,,,5000,T_above_Tc
Fe1Se0.93,iron_chalcogenide_11,mp-20311,,A1,7.0,3DSC_MP,16.0,c_parent,±20-50%,S1_v3_2_2B_extension,single_crystal,sample_form_conditional_median:single_crystal,20.0,1.0,,,,,5000,T_above_Tc
Fe1Se0.93,iron_chalcogenide_11,mp-20311,,A1,7.0,3DSC_MP,16.0,c_parent,±20-50%,S1_v3_2_2B_extension,single_crystal,sample_form_conditional_median:single_crystal,20.0,5.0,,,,,5000,T_above_Tc
Fe1Se0.93,iron_chalcogenide_11,mp-20311,,A1,7.0,3DSC_MP,16.0,c_parent,±20-50%,S1_v3_2_2B_extension,single_crystal,sample_form_conditional_median:single_crystal,5.390000000000001,0.1,5.879988855923071,5.777729865773301,6.008147671918627,,5000,
Fe1Se0.93,iron_chalcogenide_11,mp-20311,,A1,7.0,3DSC_MP,16.0,c_parent,±20-50%,S1_v3_2_2B_extension,single_crystal,sample_form_conditional_median:single_crystal,5.390000000000001,1.0,5.845542565145406,5.7437952644157955,5.974863487129508,,5000,
Fe1Se0.93,iron_chalcogenide_11,mp-20311,,A1,7.0,3DSC_MP,16.0,c_parent,±20-50%,S1_v3_2_2B_extension,single_crystal,sample_form_conditional_median:single_crystal,5.390000000000001,5.0,5.664640571625859,5.5647442961351485,5.795834541218019,,5000,
Fe1Se0.94,iron_chalcogenide_11,mp-20311,,A1,8.545,3DSC_MP,16.0,c_parent,±20-50%,S1_v3_2_2B_extension,single_crystal,sample_form_conditional_median:single_crystal,4.2,0.1,5.996159972950191,5.877146982269887,6.121613313756543,,5000,
Fe1Se0.94,iron_chalcogenide_11,mp-20311,,A1,8.545,3DSC_MP,16.0,c_parent,±20-50%,S1_v3_2_2B_extension,single_crystal,sample_form_conditional_median:single_crystal,4.2,1.0,5.96084211542598,5.843659858350076,6.086148671156769,,5000,
Fe1Se0.94,iron_chalcogenide_11,mp-20311,,A1,8.545,3DSC_MP,16.0,c_parent,±20-50%,S1_v3_2_2B_extension,single_crystal,sample_form_conditional_median:single_crystal,4.2,5.0,5.771923410007387,5.665413914623919,5.898304846472484,,5000,
Fe1Se0.94,iron_chalcogenide_11,mp-20311,,A1,8.545,3DSC_MP,16.0,c_parent,±20-50%,S1_v3_2_2B_extension,single_crystal,sample_form_conditional_median:single_crystal,20.0,0.1,,,,,5000,T_above_Tc
Fe1Se0.94,iron_chalcogenide_11,mp-20311,,A1,8.545,3DSC_MP,16.0,c_parent,±20-50%,S1_v3_2_2B_extension,single_crystal,sample_form_conditional_median:single_crystal,20.0,1.0,,,,,5000,T_above_Tc
Fe1Se0.94,iron_chalcogenide_11,mp-20311,,A1,8.545,3DSC_MP,16.0,c_parent,±20-50%,S1_v3_2_2B_extension,single_crystal,sample_form_conditional_median:single_crystal,20.0,5.0,,,,,5000,T_above_Tc
Fe1Se0.94,iron_chalcogenide_11,mp-20311,,A1,8.545,3DSC_MP,16.0,c_parent,±20-50%,S1_v3_2_2B_extension,single_crystal,sample_form_conditional_median:single_crystal,6.57965,0.1,5.830608635960312,5.734618593793223,5.9714268499673855,,5000,
Fe1Se0.94,iron_chalcogenide_11,mp-20311,,A1,8.545,3DSC_MP,16.0,c_parent,±20-50%,S1_v3_2_2B_extension,single_crystal,sample_form_conditional_median:single_crystal,6.57965,1.0,5.796549739244956,5.7018733706759415,5.935282362517714,,5000,
Fe1Se0.94,iron_chalcogenide_11,mp-20311,,A1,8.545,3DSC_MP,16.0,c_parent,±20-50%,S1_v3_2_2B_extension,single_crystal,sample_form_conditional_median:single_crystal,6.57965,5.0,5.6175295631822735,5.522885523918245,5.750485483209595,,5000,
Fe1Se0.98,iron_chalcogenide_11,mp-20311,,A1,8.105,3DSC_MP,16.0,c_parent,±20-50%,S1_v3_2_2B_extension,single_crystal,sample_form_conditional_median:single_crystal,4.2,0.1,5.996159972950191,5.877146982269887,6.121613313756543,,5000,
Fe1Se0.98,iron_chalcogenide_11,mp-20311,,A1,8.105,3DSC_MP,16.0,c_parent,±20-50%,S1_v3_2_2B_extension,single_crystal,sample_form_conditional_median:single_crystal,4.2,1.0,5.960695330350417,5.843659858350076,6.085458118849194,,5000,
Fe1Se0.98,iron_chalcogenide_11,mp-20311,,A1,8.105,3DSC_MP,16.0,c_parent,±20-50%,S1_v3_2_2B_extension,single_crystal,sample_form_conditional_median:single_crystal,4.2,5.0,5.7694682668345525,5.665413914623919,5.89737675081374,,5000,
Fe1Se0.98,iron_chalcogenide_11,mp-20311,,A1,8.105,3DSC_MP,16.0,c_parent,±20-50%,S1_v3_2_2B_extension,single_crystal,sample_form_conditional_median:single_crystal,20.0,0.1,,,,,5000,T_above_Tc
Fe1Se0.98,iron_chalcogenide_11,mp-20311,,A1,8.105,3DSC_MP,16.0,c_parent,±20-50%,S1_v3_2_2B_extension,single_crystal,sample_form_conditional_median:single_crystal,20.0,1.0,,,,,5000,T_above_Tc
Fe1Se0.98,iron_chalcogenide_11,mp-20311,,A1,8.105,3DSC_MP,16.0,c_parent,±20-50%,S1_v3_2_2B_extension,single_crystal,sample_form_conditional_median:single_crystal,20.0,5.0,,,,,5000,T_above_Tc
Fe1Se0.98,iron_chalcogenide_11,mp-20311,,A1,8.105,3DSC_MP,16.0,c_parent,±20-50%,S1_v3_2_2B_extension,single_crystal,sample_form_conditional_median:single_crystal,6.240850000000001,0.1,5.841075553965226,5.75222558391479,5.9668923040628625,,5000,
Fe1Se0.98,iron_chalcogenide_11,mp-20311,,A1,8.105,3DSC_MP,16.0,c_parent,±20-50%,S1_v3_2_2B_extension,single_crystal,sample_form_conditional_median:single_crystal,6.240850000000001,1.0,5.807140276805457,5.716760941315016,5.9368288771717195,,5000,
Fe1Se0.98,iron_chalcogenide_11,mp-20311,,A1,8.105,3DSC_MP,16.0,c_parent,±20-50%,S1_v3_2_2B_extension,single_crystal,sample_form_conditional_median:single_crystal,6.240850000000001,5.0,5.627302288610518,5.5320341581947,5.75500301728918,,5000,
Fe1Se0.99,iron_chalcogenide_11,mp-20311,,A1,6.99,3DSC_MP,16.0,c_parent,±20-50%,S1_v3_2_2B_extension,single_crystal,sample_form_conditional_median:single_crystal,4.2,0.1,5.996159972950191,5.877146982269887,6.121613313756543,,5000,
Fe1Se0.99,iron_chalcogenide_11,mp-20311,,A1,6.99,3DSC_MP,16.0,c_parent,±20-50%,S1_v3_2_2B_extension,single_crystal,sample_form_conditional_median:single_crystal,4.2,1.0,5.96084211542598,5.84365985511429,6.086148671156769,,5000,
Fe1Se0.99,iron_chalcogenide_11,mp-20311,,A1,6.99,3DSC_MP,16.0,c_parent,±20-50%,S1_v3_2_2B_extension,single_crystal,sample_form_conditional_median:single_crystal,4.2,5.0,5.771923410007387,5.665413894164623,5.898304846472484,,5000,
Fe1Se0.99,iron_chalcogenide_11,mp-20311,,A1,6.99,3DSC_MP,16.0,c_parent,±20-50%,S1_v3_2_2B_extension,single_crystal,sample_form_conditional_median:single_crystal,20.0,0.1,,,,,5000,T_above_Tc
Fe1Se0.99,iron_chalcogenide_11,mp-20311,,A1,6.99,3DSC_MP,16.0,c_parent,±20-50%,S1_v3_2_2B_extension,single_crystal,sample_form_conditional_median:single_crystal,20.0,1.0,,,,,5000,T_above_Tc
Fe1Se0.99,iron_chalcogenide_11,mp-20311,,A1,6.99,3DSC_MP,16.0,c_parent,±20-50%,S1_v3_2_2B_extension,single_crystal,sample_form_conditional_median:single_crystal,20.0,5.0,,,,,5000,T_above_Tc
Fe1Se0.99,iron_chalcogenide_11,mp-20311,,A1,6.99,3DSC_MP,16.0,c_parent,±20-50%,S1_v3_2_2B_extension,single_crystal,sample_form_conditional_median:single_crystal,5.3823,0.1,5.880549761320104,5.7781158006919,6.006003102126456,,5000,
Fe1Se0.99,iron_chalcogenide_11,mp-20311,,A1,6.99,3DSC_MP,16.0,c_parent,±20-50%,S1_v3_2_2B_extension,single_crystal,sample_form_conditional_median:single_crystal,5.3823,1.0,5.846490864604748,5.74343884927868,5.9719442054111,,5000,
Fe1Se0.99,iron_chalcogenide_11,mp-20311,,A1,6.99,3DSC_MP,16.0,c_parent,±20-50%,S1_v3_2_2B_extension,single_crystal,sample_form_conditional_median:single_crystal,5.3823,5.0,5.6651588005775295,5.562767517904723,5.793979331072006,,5000,
Fe1Te1,iron_chalcogenide_11,mp-21273,,A1,1.5,3DSC_MP,47.0,c_parent,±20-50%,S1_v3_2_2B_extension,single_crystal,sample_form_conditional_median:single_crystal,4.2,0.1,,,,,5000,T_above_Tc
Fe1Te1,iron_chalcogenide_11,mp-21273,,A1,1.5,3DSC_MP,47.0,c_parent,±20-50%,S1_v3_2_2B_extension,single_crystal,sample_form_conditional_median:single_crystal,4.2,1.0,,,,,5000,T_above_Tc
Fe1Te1,iron_chalcogenide_11,mp-21273,,A1,1.5,3DSC_MP,47.0,c_parent,±20-50%,S1_v3_2_2B_extension,single_crystal,sample_form_conditional_median:single_crystal,4.2,5.0,,,,,5000,T_above_Tc
Fe1Te1,iron_chalcogenide_11,mp-21273,,A1,1.5,3DSC_MP,47.0,c_parent,±20-50%,S1_v3_2_2B_extension,single_crystal,sample_form_conditional_median:single_crystal,20.0,0.1,,,,,5000,T_above_Tc
Fe1Te1,iron_chalcogenide_11,mp-21273,,A1,1.5,3DSC_MP,47.0,c_parent,±20-50%,S1_v3_2_2B_extension,single_crystal,sample_form_conditional_median:single_crystal,20.0,1.0,,,,,5000,T_above_Tc
Fe1Te1,iron_chalcogenide_11,mp-21273,,A1,1.5,3DSC_MP,47.0,c_parent,±20-50%,S1_v3_2_2B_extension,single_crystal,sample_form_conditional_median:single_crystal,20.0,5.0,,,,,5000,T_above_Tc
Fe1Te1,iron_chalcogenide_11,mp-21273,,A1,1.5,3DSC_MP,47.0,c_parent,±20-50%,S1_v3_2_2B_extension,single_crystal,sample_form_conditional_median:single_crystal,1.155,0.1,9.496827252954537,8.87122619544403,10.289303426353197,,5000,
Fe1Te1,iron_chalcogenide_11,mp-21273,,A1,1.5,3DSC_MP,47.0,c_parent,±20-50%,S1_v3_2_2B_extension,single_crystal,sample_form_conditional_median:single_crystal,1.155,1.0,9.485540850494706,8.860090653769507,10.277559107096115,,5000,
Fe1Te1,iron_chalcogenide_11,mp-21273,,A1,1.5,3DSC_MP,47.0,c_parent,±20-50%,S1_v3_2_2B_extension,single_crystal,sample_form_conditional_median:single_crystal,1.155,5.0,9.4321765893952,8.807809200126586,10.22450792653425,,5000,
As1.7Eu1Fe2P0.3,iron_pnictide_122,mp-20890,,A1,23.0,3DSC_MP,,pending,,,single_crystal,sample_form_conditional_median:single_crystal,4.2,0.1,5.746354490991693,5.621997152667846,5.804297695181981,,5000,Hc2_unavailable
As1.7Eu1Fe2P0.3,iron_pnictide_122,mp-20890,,A1,23.0,3DSC_MP,,pending,,,single_crystal,sample_form_conditional_median:single_crystal,4.2,1.0,5.746354490991693,5.621997152667846,5.804297695181981,,5000,Hc2_unavailable
As1.7Eu1Fe2P0.3,iron_pnictide_122,mp-20890,,A1,23.0,3DSC_MP,,pending,,,single_crystal,sample_form_conditional_median:single_crystal,4.2,5.0,5.746354490991693,5.621997152667846,5.804297695181981,,5000,Hc2_unavailable
As1.7Eu1Fe2P0.3,iron_pnictide_122,mp-20890,,A1,23.0,3DSC_MP,,pending,,,single_crystal,sample_form_conditional_median:single_crystal,20.0,0.1,4.629745832878859,4.471117052610081,4.778622086000626,,5000,Hc2_unavailable
As1.7Eu1Fe2P0.3,iron_pnictide_122,mp-20890,,A1,23.0,3DSC_MP,,pending,,,single_crystal,sample_form_conditional_median:single_crystal,20.0,1.0,4.629745832878859,4.471117052610081,4.778622086000626,,5000,Hc2_unavailable
As1.7Eu1Fe2P0.3,iron_pnictide_122,mp-20890,,A1,23.0,3DSC_MP,,pending,,,single_crystal,sample_form_conditional_median:single_crystal,20.0,5.0,4.629745832878859,4.471117052610081,4.778622086000626,,5000,Hc2_unavailable
As1.7Eu1Fe2P0.3,iron_pnictide_122,mp-20890,,A1,23.0,3DSC_MP,,pending,,,single_crystal,sample_form_conditional_median:single_crystal,17.71,0.1,4.973338296986256,4.836309683957061,5.086288594464686,,5000,Hc2_unavailable
As1.7Eu1Fe2P0.3,iron_pnictide_122,mp-20890,,A1,23.0,3DSC_MP,,pending,,,single_crystal,sample_form_conditional_median:single_crystal,17.71,1.0,4.973338296986256,4.836309683957061,5.086288594464686,,5000,Hc2_unavailable
As1.7Eu1Fe2P0.3,iron_pnictide_122,mp-20890,,A1,23.0,3DSC_MP,,pending,,,single_crystal,sample_form_conditional_median:single_crystal,17.71,5.0,4.973338296986256,4.836309683957061,5.086288594464686,,5000,Hc2_unavailable
As2Ba0.1Fe2K0.9,iron_pnictide_122,mp-35276,,A1,6.93,3DSC_MP,60.0,c_parent,±20-50%,S1_v3_2_2B_extension,single_crystal,sample_form_conditional_median:single_crystal,4.2,0.1,5.746354490991693,5.635326719245767,5.804297695181981,,5000,
As2Ba0.1Fe2K0.9,iron_pnictide_122,mp-35276,,A1,6.93,3DSC_MP,60.0,c_parent,±20-50%,S1_v3_2_2B_extension,single_crystal,sample_form_conditional_median:single_crystal,4.2,1.0,5.74198049185465,5.629967108186695,5.802154203557051,,5000,
As2Ba0.1Fe2K0.9,iron_pnictide_122,mp-35276,,A1,6.93,3DSC_MP,60.0,c_parent,±20-50%,S1_v3_2_2B_extension,single_crystal,sample_form_conditional_median:single_crystal,4.2,5.0,5.719457031347865,5.602706643340798,5.784813931543852,,5000,
As2Ba0.1Fe2K0.9,iron_pnictide_122,mp-35276,,A1,6.93,3DSC_MP,60.0,c_parent,±20-50%,S1_v3_2_2B_extension,single_crystal,sample_form_conditional_median:single_crystal,20.0,0.1,,,,,5000,T_above_Tc
As2Ba0.1Fe2K0.9,iron_pnictide_122,mp-35276,,A1,6.93,3DSC_MP,60.0,c_parent,±20-50%,S1_v3_2_2B_extension,single_crystal,sample_form_conditional_median:single_crystal,20.0,1.0,,,,,5000,T_above_Tc
As2Ba0.1Fe2K0.9,iron_pnictide_122,mp-35276,,A1,6.93,3DSC_MP,60.0,c_parent,±20-50%,S1_v3_2_2B_extension,single_crystal,sample_form_conditional_median:single_crystal,20.0,5.0,,,,,5000,T_above_Tc
As2Ba0.1Fe2K0.9,iron_pnictide_122,mp-35276,,A1,6.93,3DSC_MP,60.0,c_parent,±20-50%,S1_v3_2_2B_extension,single_crystal,sample_form_conditional_median:single_crystal,5.3361,0.1,5.416476105744458,5.302118502903439,5.488761645622601,,5000,
As2Ba0.1Fe2K0.9,iron_pnictide_122,mp-35276,,A1,6.93,3DSC_MP,60.0,c_parent,±20-50%,S1_v3_2_2B_extension,single_crystal,sample_form_conditional_median:single_crystal,5.3361,1.0,5.412812490461079,5.298475982615099,5.484712894783706,,5000,
As2Ba0.1Fe2K0.9,iron_pnictide_122,mp-35276,,A1,6.93,3DSC_MP,60.0,c_parent,±20-50%,S1_v3_2_2B_extension,single_crystal,sample_form_conditional_median:single_crystal,5.3361,5.0,5.393241481509729,5.277014926603492,5.468278850095436,,5000,
As2Ba0.2Fe2K0.8,iron_pnictide_122,mp-35276,,A1,12.8,3DSC_MP,60.0,c_parent,±20-50%,S1_v3_2_2B_extension,single_crystal,sample_form_conditional_median:single_crystal,4.2,0.1,5.746354490991693,5.635326719245767,5.797653148949851,,5000,
As2Ba0.2Fe2K0.8,iron_pnictide_122,mp-35276,,A1,12.8,3DSC_MP,60.0,c_parent,±20-50%,S1_v3_2_2B_extension,single_crystal,sample_form_conditional_median:single_crystal,4.2,1.0,5.741489109671595,5.632286576494953,5.795414182234453,,5000,
As2Ba0.2Fe2K0.8,iron_pnictide_122,mp-35276,,A1,12.8,3DSC_MP,60.0,c_parent,±20-50%,S1_v3_2_2B_extension,single_crystal,sample_form_conditional_median:single_crystal,4.2,5.0,5.718019243994539,5.612542044381007,5.782726088382468,,5000,
As2Ba0.2Fe2K0.8,iron_pnictide_122,mp-35276,,A1,12.8,3DSC_MP,60.0,c_parent,±20-50%,S1_v3_2_2B_extension,single_crystal,sample_form_conditional_median:single_crystal,20.0,0.1,,,,,5000,T_above_Tc
As2Ba0.2Fe2K0.8,iron_pnictide_122,mp-35276,,A1,12.8,3DSC_MP,60.0,c_parent,±20-50%,S1_v3_2_2B_extension,single_crystal,sample_form_conditional_median:single_crystal,20.0,1.0,,,,,5000,T_above_Tc
As2Ba0.2Fe2K0.8,iron_pnictide_122,mp-35276,,A1,12.8,3DSC_MP,60.0,c_parent,±20-50%,S1_v3_2_2B_extension,single_crystal,sample_form_conditional_median:single_crystal,20.0,5.0,,,,,5000,T_above_Tc
As2Ba0.2Fe2K0.8,iron_pnictide_122,mp-35276,,A1,12.8,3DSC_MP,60.0,c_parent,±20-50%,S1_v3_2_2B_extension,single_crystal,sample_form_conditional_median:single_crystal,9.856000000000002,0.1,5.090984368714182,4.9666029193448855,5.190827889408133,,5000,
As2Ba0.2Fe2K0.8,iron_pnictide_122,mp-35276,,A1,12.8,3DSC_MP,60.0,c_parent,±20-50%,S1_v3_2_2B_extension,single_crystal,sample_form_conditional_median:single_crystal,9.856000000000002,1.0,5.086624899105612,4.9631117840185475,5.186945272454145,,5000,
As2Ba0.2Fe2K0.8,iron_pnictide_122,mp-35276,,A1,12.8,3DSC_MP,60.0,c_parent,±20-50%,S1_v3_2_2B_extension,single_crystal,sample_form_conditional_median:single_crystal,9.856000000000002,5.0,5.068016598238861,4.943101481955033,5.168940441039334,,5000,
As2Ba0.3Fe2K0.7,iron_pnictide_122,mp-35276,,A1,19.7,3DSC_MP,60.0,c_parent,±20-50%,S1_v3_2_2B_extension,single_crystal,sample_form_conditional_median:single_crystal,4.2,0.1,5.746354490991693,5.616211855142307,5.813389291270404,,5000,
As2Ba0.3Fe2K0.7,iron_pnictide_122,mp-35276,,A1,19.7,3DSC_MP,60.0,c_parent,±20-50%,S1_v3_2_2B_extension,single_crystal,sample_form_conditional_median:single_crystal,4.2,1.0,5.741489109671595,5.612724326710553,5.808362898584841,,5000,
As2Ba0.3Fe2K0.7,iron_pnictide_122,mp-35276,,A1,19.7,3DSC_MP,60.0,c_parent,±20-50%,S1_v3_2_2B_extension,single_crystal,sample_form_conditional_median:single_crystal,4.2,5.0,5.718019243994539,5.598721892753458,5.787825481520512,,5000,
As2Ba0.3Fe2K0.7,iron_pnictide_122,mp-35276,,A1,19.7,3DSC_MP,60.0,c_parent,±20-50%,S1_v3_2_2B_extension,single_crystal,sample_form_conditional_median:single_crystal,20.0,0.1,,,,,5000,T_above_Tc
As2Ba0.3Fe2K0.7,iron_pnictide_122,mp-35276,,A1,19.7,3DSC_MP,60.0,c_parent,±20-50%,S1_v3_2_2B_extension,single_crystal,sample_form_conditional_median:single_crystal,20.0,1.0,,,,,5000,T_above_Tc
As2Ba0.3Fe2K0.7,iron_pnictide_122,mp-35276,,A1,19.7,3DSC_MP,60.0,c_parent,±20-50%,S1_v3_2_2B_extension,single_crystal,sample_form_conditional_median:single_crystal,20.0,5.0,,,,,5000,T_above_Tc
As2Ba0.3Fe2K0.7,iron_pnictide_122,mp-35276,,A1,19.7,3DSC_MP,60.0,c_parent,±20-50%,S1_v3_2_2B_extension,single_crystal,sample_form_conditional_median:single_crystal,15.169,0.1,4.99501734588899,4.861504871952415,5.106809593607405,,5000,
As2Ba0.3Fe2K0.7,iron_pnictide_122,mp-35276,,A1,19.7,3DSC_MP,60.0,c_parent,±20-50%,S1_v3_2_2B_extension,single_crystal,sample_form_conditional_median:single_crystal,15.169,1.0,4.990928493218245,4.857820776421295,5.10276688098164,,5000,
As2Ba0.3Fe2K0.7,iron_pnictide_122,mp-35276,,A1,19.7,3DSC_MP,60.0,c_parent,±20-50%,S1_v3_2_2B_extension,single_crystal,sample_form_conditional_median:single_crystal,15.169,5.0,4.972111864525944,4.83893320674119,5.084170244733061,,5000,
As2Co0.068Fe1.932K1,iron_pnictide_122,mp-35276,,A1,1.845,3DSC_MP,,pending,,,single_crystal,sample_form_conditional_median:single_crystal,4.2,0.1,,,,,5000,Hc2_unavailable
As2Co0.068Fe1.932K1,iron_pnictide_122,mp-35276,,A1,1.845,3DSC_MP,,pending,,,single_crystal,sample_form_conditional_median:single_crystal,4.2,1.0,,,,,5000,Hc2_unavailable
As2Co0.068Fe1.932K1,iron_pnictide_122,mp-35276,,A1,1.845,3DSC_MP,,pending,,,single_crystal,sample_form_conditional_median:single_crystal,4.2,5.0,,,,,5000,Hc2_unavailable
As2Co0.068Fe1.932K1,iron_pnictide_122,mp-35276,,A1,1.845,3DSC_MP,,pending,,,single_crystal,sample_form_conditional_median:single_crystal,20.0,0.1,,,,,5000,Hc2_unavailable
As2Co0.068Fe1.932K1,iron_pnictide_122,mp-35276,,A1,1.845,3DSC_MP,,pending,,,single_crystal,sample_form_conditional_median:single_crystal,20.0,1.0,,,,,5000,Hc2_unavailable
As2Co0.068Fe1.932K1,iron_pnictide_122,mp-35276,,A1,1.845,3DSC_MP,,pending,,,single_crystal,sample_form_conditional_median:single_crystal,20.0,5.0,,,,,5000,Hc2_unavailable
As2Co0.068Fe1.932K1,iron_pnictide_122,mp-35276,,A1,1.845,3DSC_MP,,pending,,,single_crystal,sample_form_conditional_median:single_crystal,1.42065,0.1,17.424651999205018,16.03040539878016,18.724488928997957,,5000,Hc2_unavailable
As2Co0.068Fe1.932K1,iron_pnictide_122,mp-35276,,A1,1.845,3DSC_MP,,pending,,,single_crystal,sample_form_conditional_median:single_crystal,1.42065,1.0,17.424651999205018,16.03040539878016,18.724488928997957,,5000,Hc2_unavailable
As2Co0.068Fe1.932K1,iron_pnictide_122,mp-35276,,A1,1.845,3DSC_MP,,pending,,,single_crystal,sample_form_conditional_median:single_crystal,1.42065,5.0,17.424651999205018,16.03040539878016,18.724488928997957,,5000,Hc2_unavailable
As2Co0.084Fe1.916Sr1,iron_pnictide_122,mp-4488,,A1,2.0,3DSC_MP,,pending,,,single_crystal,sample_form_conditional_median:single_crystal,4.2,0.1,,,,,5000,Hc2_unavailable
As2Co0.084Fe1.916Sr1,iron_pnictide_122,mp-4488,,A1,2.0,3DSC_MP,,pending,,,single_crystal,sample_form_conditional_median:single_crystal,4.2,1.0,,,,,5000,Hc2_unavailable
As2Co0.084Fe1.916Sr1,iron_pnictide_122,mp-4488,,A1,2.0,3DSC_MP,,pending,,,single_crystal,sample_form_conditional_median:single_crystal,4.2,5.0,,,,,5000,Hc2_unavailable
As2Co0.084Fe1.916Sr1,iron_pnictide_122,mp-4488,,A1,2.0,3DSC_MP,,pending,,,single_crystal,sample_form_conditional_median:single_crystal,20.0,0.1,,,,,5000,Hc2_unavailable
As2Co0.084Fe1.916Sr1,iron_pnictide_122,mp-4488,,A1,2.0,3DSC_MP,,pending,,,single_crystal,sample_form_conditional_median:single_crystal,20.0,1.0,,,,,5000,Hc2_unavailable
As2Co0.084Fe1.916Sr1,iron_pnictide_122,mp-4488,,A1,2.0,3DSC_MP,,pending,,,single_crystal,sample_form_conditional_median:single_crystal,20.0,5.0,,,,,5000,Hc2_unavailable
As2Co0.084Fe1.916Sr1,iron_pnictide_122,mp-4488,,A1,2.0,3DSC_MP,,pending,,,single_crystal,sample_form_conditional_median:single_crystal,1.54,0.1,17.428900991601658,16.04781311549264,18.70609762426724,,5000,Hc2_unavailable
As2Co0.084Fe1.916Sr1,iron_pnictide_122,mp-4488,,A1,2.0,3DSC_MP,,pending,,,single_crystal,sample_form_conditional_median:single_crystal,1.54,1.0,17.428900991601658,16.04781311549264,18.70609762426724,,5000,Hc2_unavailable
As2Co0.084Fe1.916Sr1,iron_pnictide_122,mp-4488,,A1,2.0,3DSC_MP,,pending,,,single_crystal,sample_form_conditional_median:single_crystal,1.54,5.0,17.428900991601658,16.04781311549264,18.70609762426724,,5000,Hc2_unavailable
As2Co0.112Fe1.888Sr1,iron_pnictide_122,mp-4488,,A1,2.0,3DSC_MP,,pending,,,single_crystal,sample_form_conditional_median:single_crystal,4.2,0.1,,,,,5000,Hc2_unavailable
As2Co0.112Fe1.888Sr1,iron_pnictide_122,mp-4488,,A1,2.0,3DSC_MP,,pending,,,single_crystal,sample_form_conditional_median:single_crystal,4.2,1.0,,,,,5000,Hc2_unavailable
As2Co0.112Fe1.888Sr1,iron_pnictide_122,mp-4488,,A1,2.0,3DSC_MP,,pending,,,single_crystal,sample_form_conditional_median:single_crystal,4.2,5.0,,,,,5000,Hc2_unavailable
As2Co0.112Fe1.888Sr1,iron_pnictide_122,mp-4488,,A1,2.0,3DSC_MP,,pending,,,single_crystal,sample_form_conditional_median:single_crystal,20.0,0.1,,,,,5000,Hc2_unavailable
As2Co0.112Fe1.888Sr1,iron_pnictide_122,mp-4488,,A1,2.0,3DSC_MP,,pending,,,single_crystal,sample_form_conditional_median:single_crystal,20.0,1.0,,,,,5000,Hc2_unavailable
As2Co0.112Fe1.888Sr1,iron_pnictide_122,mp-4488,,A1,2.0,3DSC_MP,,pending,,,single_crystal,sample_form_conditional_median:single_crystal,20.0,5.0,,,,,5000,Hc2_unavailable
As2Co0.112Fe1.888Sr1,iron_pnictide_122,mp-4488,,A1,2.0,3DSC_MP,,pending,,,single_crystal,sample_form_conditional_median:single_crystal,1.54,0.1,17.41934066753152,16.024459001955815,18.743837558396717,,5000,Hc2_unavailable
As2Co0.112Fe1.888Sr1,iron_pnictide_122,mp-4488,,A1,2.0,3DSC_MP,,pending,,,single_crystal,sample_form_conditional_median:single_crystal,1.54,1.0,17.41934066753152,16.024459001955815,18.743837558396717,,5000,Hc2_unavailable
As2Co0.112Fe1.888Sr1,iron_pnictide_122,mp-4488,,A1,2.0,3DSC_MP,,pending,,,single_crystal,sample_form_conditional_median:single_crystal,1.54,5.0,17.41934066753152,16.024459001955815,18.743837558396717,,5000,Hc2_unavailable
As2Co0.14Fe1.86Sr1,iron_pnictide_122,mp-4488,,A1,7.2,3DSC_MP,,pending,,,single_crystal,sample_form_conditional_median:single_crystal,4.2,0.1,5.746354490991693,5.635326719245767,5.804297695181981,,5000,Hc2_unavailable
As2Co0.14Fe1.86Sr1,iron_pnictide_122,mp-4488,,A1,7.2,3DSC_MP,,pending,,,single_crystal,sample_form_conditional_median:single_crystal,4.2,1.0,5.746354490991693,5.635326719245767,5.804297695181981,,5000,Hc2_unavailable
As2Co0.14Fe1.86Sr1,iron_pnictide_122,mp-4488,,A1,7.2,3DSC_MP,,pending,,,single_crystal,sample_form_conditional_median:single_crystal,4.2,5.0,5.746354490991693,5.635326719245767,5.804297695181981,,5000,Hc2_unavailable
As2Co0.14Fe1.86Sr1,iron_pnictide_122,mp-4488,,A1,7.2,3DSC_MP,,pending,,,single_crystal,sample_form_conditional_median:single_crystal,20.0,0.1,,,,,5000,Hc2_unavailable
As2Co0.14Fe1.86Sr1,iron_pnictide_122,mp-4488,,A1,7.2,3DSC_MP,,pending,,,single_crystal,sample_form_conditional_median:single_crystal,20.0,1.0,,,,,5000,Hc2_unavailable
As2Co0.14Fe1.86Sr1,iron_pnictide_122,mp-4488,,A1,7.2,3DSC_MP,,pending,,,single_crystal,sample_form_conditional_median:single_crystal,20.0,5.0,,,,,5000,Hc2_unavailable
As2Co0.14Fe1.86Sr1,iron_pnictide_122,mp-4488,,A1,7.2,3DSC_MP,,pending,,,single_crystal,sample_form_conditional_median:single_crystal,5.5440000000000005,0.1,5.382526457240147,5.266489083905252,5.456517168268848,,5000,Hc2_unavailable
As2Co0.14Fe1.86Sr1,iron_pnictide_122,mp-4488,,A1,7.2,3DSC_MP,,pending,,,single_crystal,sample_form_conditional_median:single_crystal,5.5440000000000005,1.0,5.382526457240147,5.266489083905252,5.456517168268848,,5000,Hc2_unavailable
As2Co0.14Fe1.86Sr1,iron_pnictide_122,mp-4488,,A1,7.2,3DSC_MP,,pending,,,single_crystal,sample_form_conditional_median:single_crystal,5.5440000000000005,5.0,5.382526457240147,5.266489083905252,5.456517168268848,,5000,Hc2_unavailable
As2Co0.174Fe1.826Sr1,iron_pnictide_122,mp-4488,,A1,9.5,3DSC_MP,,pending,,,single_crystal,sample_form_conditional_median:single_crystal,4.2,0.1,5.746354490991693,5.635326719245767,5.804297695181981,,5000,Hc2_unavailable
As2Co0.174Fe1.826Sr1,iron_pnictide_122,mp-4488,,A1,9.5,3DSC_MP,,pending,,,single_crystal,sample_form_conditional_median:single_crystal,4.2,1.0,5.746354490991693,5.635326719245767,5.804297695181981,,5000,Hc2_unavailable
As2Co0.174Fe1.826Sr1,iron_pnictide_122,mp-4488,,A1,9.5,3DSC_MP,,pending,,,single_crystal,sample_form_conditional_median:single_crystal,4.2,5.0,5.746354490991693,5.635326719245767,5.804297695181981,,5000,Hc2_unavailable
As2Co0.174Fe1.826Sr1,iron_pnictide_122,mp-4488,,A1,9.5,3DSC_MP,,pending,,,single_crystal,sample_form_conditional_median:single_crystal,20.0,0.1,,,,,5000,Hc2_unavailable
As2Co0.174Fe1.826Sr1,iron_pnictide_122,mp-4488,,A1,9.5,3DSC_MP,,pending,,,single_crystal,sample_form_conditional_median:single_crystal,20.0,1.0,,,,,5000,Hc2_unavailable
As2Co0.174Fe1.826Sr1,iron_pnictide_122,mp-4488,,A1,9.5,3DSC_MP,,pending,,,single_crystal,sample_form_conditional_median:single_crystal,20.0,5.0,,,,,5000,Hc2_unavailable
As2Co0.174Fe1.826Sr1,iron_pnictide_122,mp-4488,,A1,9.5,3DSC_MP,,pending,,,single_crystal,sample_form_conditional_median:single_crystal,7.315,0.1,5.20267981625367,5.081073132261025,5.293591009125156,,5000,Hc2_unavailable
As2Co0.174Fe1.826Sr1,iron_pnictide_122,mp-4488,,A1,9.5,3DSC_MP,,pending,,,single_crystal,sample_form_conditional_median:single_crystal,7.315,1.0,5.20267981625367,5.081073132261025,5.293591009125156,,5000,Hc2_unavailable
As2Co0.174Fe1.826Sr1,iron_pnictide_122,mp-4488,,A1,9.5,3DSC_MP,,pending,,,single_crystal,sample_form_conditional_median:single_crystal,7.315,5.0,5.20267981625367,5.081073132261025,5.293591009125156,,5000,Hc2_unavailable
As2Co0.184Fe1.816Sr1,iron_pnictide_122,mp-4488,,A1,13.4,3DSC_MP,,pending,,,single_crystal,sample_form_conditional_median:single_crystal,4.2,0.1,5.746354490991693,5.616211855142307,5.804297695181981,,5000,Hc2_unavailable
As2Co0.184Fe1.816Sr1,iron_pnictide_122,mp-4488,,A1,13.4,3DSC_MP,,pending,,,single_crystal,sample_form_conditional_median:single_crystal,4.2,1.0,5.746354490991693,5.616211855142307,5.804297695181981,,5000,Hc2_unavailable
As2Co0.184Fe1.816Sr1,iron_pnictide_122,mp-4488,,A1,13.4,3DSC_MP,,pending,,,single_crystal,sample_form_conditional_median:single_crystal,4.2,5.0,5.746354490991693,5.616211855142307,5.804297695181981,,5000,Hc2_unavailable
As2Co0.184Fe1.816Sr1,iron_pnictide_122,mp-4488,,A1,13.4,3DSC_MP,,pending,,,single_crystal,sample_form_conditional_median:single_crystal,20.0,0.1,,,,,5000,Hc2_unavailable
As2Co0.184Fe1.816Sr1,iron_pnictide_122,mp-4488,,A1,13.4,3DSC_MP,,pending,,,single_crystal,sample_form_conditional_median:single_crystal,20.0,1.0,,,,,5000,Hc2_unavailable
As2Co0.184Fe1.816Sr1,iron_pnictide_122,mp-4488,,A1,13.4,3DSC_MP,,pending,,,single_crystal,sample_form_conditional_median:single_crystal,20.0,5.0,,,,,5000,Hc2_unavailable
As2Co0.184Fe1.816Sr1,iron_pnictide_122,mp-4488,,A1,13.4,3DSC_MP,,pending,,,single_crystal,sample_form_conditional_median:single_crystal,10.318000000000001,0.1,5.078015962965866,4.951467341882443,5.180462954921019,,5000,Hc2_unavailable
As2Co0.184Fe1.816Sr1,iron_pnictide_122,mp-4488,,A1,13.4,3DSC_MP,,pending,,,single_crystal,sample_form_conditional_median:single_crystal,10.318000000000001,1.0,5.078015962965866,4.951467341882443,5.180462954921019,,5000,Hc2_unavailable
As2Co0.184Fe1.816Sr1,iron_pnictide_122,mp-4488,,A1,13.4,3DSC_MP,,pending,,,single_crystal,sample_form_conditional_median:single_crystal,10.318000000000001,5.0,5.078015962965866,4.951467341882443,5.180462954921019,,5000,Hc2_unavailable
As2Co0.208Fe1.792Sr1,iron_pnictide_122,mp-4488,,A1,13.9,3DSC_MP,,pending,,,single_crystal,sample_form_conditional_median:single_crystal,4.2,0.1,5.746354490991693,5.636927477444992,5.804297695181981,,5000,Hc2_unavailable
As2Co0.208Fe1.792Sr1,iron_pnictide_122,mp-4488,,A1,13.9,3DSC_MP,,pending,,,single_crystal,sample_form_conditional_median:single_crystal,4.2,1.0,5.746354490991693,5.636927477444992,5.804297695181981,,5000,Hc2_unavailable
As2Co0.208Fe1.792Sr1,iron_pnictide_122,mp-4488,,A1,13.9,3DSC_MP,,pending,,,single_crystal,sample_form_conditional_median:single_crystal,4.2,5.0,5.746354490991693,5.636927477444992,5.804297695181981,,5000,Hc2_unavailable
As2Co0.208Fe1.792Sr1,iron_pnictide_122,mp-4488,,A1,13.9,3DSC_MP,,pending,,,single_crystal,sample_form_conditional_median:single_crystal,20.0,0.1,,,,,5000,Hc2_unavailable
As2Co0.208Fe1.792Sr1,iron_pnictide_122,mp-4488,,A1,13.9,3DSC_MP,,pending,,,single_crystal,sample_form_conditional_median:single_crystal,20.0,1.0,,,,,5000,Hc2_unavailable
As2Co0.208Fe1.792Sr1,iron_pnictide_122,mp-4488,,A1,13.9,3DSC_MP,,pending,,,single_crystal,sample_form_conditional_median:single_crystal,20.0,5.0,,,,,5000,Hc2_unavailable
As2Co0.208Fe1.792Sr1,iron_pnictide_122,mp-4488,,A1,13.9,3DSC_MP,,pending,,,single_crystal,sample_form_conditional_median:single_crystal,10.703000000000001,0.1,5.068135447658732,4.9398158660457625,5.172501262351531,,5000,Hc2_unavailable
As2Co0.208Fe1.792Sr1,iron_pnictide_122,mp-4488,,A1,13.9,3DSC_MP,,pending,,,single_crystal,sample_form_conditional_median:single_crystal,10.703000000000001,1.0,5.068135447658732,4.9398158660457625,5.172501262351531,,5000,Hc2_unavailable
As2Co0.208Fe1.792Sr1,iron_pnictide_122,mp-4488,,A1,13.9,3DSC_MP,,pending,,,single_crystal,sample_form_conditional_median:single_crystal,10.703000000000001,5.0,5.068135447658732,4.9398158660457625,5.172501262351531,,5000,Hc2_unavailable
As2Co0.22Eu1Fe1.78,iron_pnictide_122,mp-20890,,A1,21.0,3DSC_MP,,pending,,,single_crystal,sample_form_conditional_median:single_crystal,4.2,0.1,5.746354490991693,5.635326719245767,5.804964475493147,,5000,Hc2_unavailable
As2Co0.22Eu1Fe1.78,iron_pnictide_122,mp-20890,,A1,21.0,3DSC_MP,,pending,,,single_crystal,sample_form_conditional_median:single_crystal,4.2,1.0,5.746354490991693,5.635326719245767,5.804964475493147,,5000,Hc2_unavailable
As2Co0.22Eu1Fe1.78,iron_pnictide_122,mp-20890,,A1,21.0,3DSC_MP,,pending,,,single_crystal,sample_form_conditional_median:single_crystal,4.2,5.0,5.746354490991693,5.635326719245767,5.804964475493147,,5000,Hc2_unavailable
As2Co0.22Eu1Fe1.78,iron_pnictide_122,mp-20890,,A1,21.0,3DSC_MP,,pending,,,single_crystal,sample_form_conditional_median:single_crystal,20.0,0.1,4.033014444058662,3.818986373202443,4.250204018124151,,5000,Hc2_unavailable
As2Co0.22Eu1Fe1.78,iron_pnictide_122,mp-20890,,A1,21.0,3DSC_MP,,pending,,,single_crystal,sample_form_conditional_median:single_crystal,20.0,1.0,4.033014444058662,3.818986373202443,4.250204018124151,,5000,Hc2_unavailable
As2Co0.22Eu1Fe1.78,iron_pnictide_122,mp-20890,,A1,21.0,3DSC_MP,,pending,,,single_crystal,sample_form_conditional_median:single_crystal,20.0,5.0,4.033014444058662,3.818986373202443,4.250204018124151,,5000,Hc2_unavailable
As2Co0.22Eu1Fe1.78,iron_pnictide_122,mp-20890,,A1,21.0,3DSC_MP,,pending,,,single_crystal,sample_form_conditional_median:single_crystal,16.17,0.1,4.986448816329442,4.856022543797076,5.097722119833316,,5000,Hc2_unavailable
As2Co0.22Eu1Fe1.78,iron_pnictide_122,mp-20890,,A1,21.0,3DSC_MP,,pending,,,single_crystal,sample_form_conditional_median:single_crystal,16.17,1.0,4.986448816329442,4.856022543797076,5.097722119833316,,5000,Hc2_unavailable
As2Co0.22Eu1Fe1.78,iron_pnictide_122,mp-20890,,A1,21.0,3DSC_MP,,pending,,,single_crystal,sample_form_conditional_median:single_crystal,16.17,5.0,4.986448816329442,4.856022543797076,5.097722119833316,,5000,Hc2_unavailable
As2Co0.234Fe1.766Sr1,iron_pnictide_122,mp-4488,,A1,14.4,3DSC_MP,,pending,,,single_crystal,sample_form_conditional_median:single_crystal,4.2,0.1,5.746354490991693,5.635326719245767,5.802165025000917,,5000,Hc2_unavailable
As2Co0.234Fe1.766Sr1,iron_pnictide_122,mp-4488,,A1,14.4,3DSC_MP,,pending,,,single_crystal,sample_form_conditional_median:single_crystal,4.2,1.0,5.746354490991693,5.635326719245767,5.802165025000917,,5000,Hc2_unavailable
As2Co0.234Fe1.766Sr1,iron_pnictide_122,mp-4488,,A1,14.4,3DSC_MP,,pending,,,single_crystal,sample_form_conditional_median:single_crystal,4.2,5.0,5.746354490991693,5.635326719245767,5.802165025000917,,5000,Hc2_unavailable
As2Co0.234Fe1.766Sr1,iron_pnictide_122,mp-4488,,A1,14.4,3DSC_MP,,pending,,,single_crystal,sample_form_conditional_median:single_crystal,20.0,0.1,,,,,5000,Hc2_unavailable
As2Co0.234Fe1.766Sr1,iron_pnictide_122,mp-4488,,A1,14.4,3DSC_MP,,pending,,,single_crystal,sample_form_conditional_median:single_crystal,20.0,1.0,,,,,5000,Hc2_unavailable
As2Co0.234Fe1.766Sr1,iron_pnictide_122,mp-4488,,A1,14.4,3DSC_MP,,pending,,,single_crystal,sample_form_conditional_median:single_crystal,20.0,5.0,,,,,5000,Hc2_unavailable
As2Co0.234Fe1.766Sr1,iron_pnictide_122,mp-4488,,A1,14.4,3DSC_MP,,pending,,,single_crystal,sample_form_conditional_median:single_crystal,11.088000000000001,0.1,5.05898172474935,4.930227542559042,5.1618799445961505,,5000,Hc2_unavailable
As2Co0.234Fe1.766Sr1,iron_pnictide_122,mp-4488,,A1,14.4,3DSC_MP,,pending,,,single_crystal,sample_form_conditional_median:single_crystal,11.088000000000001,1.0,5.05898172474935,4.930227542559042,5.1618799445961505,,5000,Hc2_unavailable
As2Co0.234Fe1.766Sr1,iron_pnictide_122,mp-4488,,A1,14.4,3DSC_MP,,pending,,,single_crystal,sample_form_conditional_median:single_crystal,11.088000000000001,5.0,5.05898172474935,4.930227542559042,5.1618799445961505,,5000,Hc2_unavailable
As2Co0.248Fe1.752Sr1,iron_pnictide_122,mp-4488,,A1,13.2,3DSC_MP,,pending,,,single_crystal,sample_form_conditional_median:single_crystal,4.2,0.1,5.746354490991693,5.635326719245767,5.804297695181981,,5000,Hc2_unavailable
As2Co0.248Fe1.752Sr1,iron_pnictide_122,mp-4488,,A1,13.2,3DSC_MP,,pending,,,single_crystal,sample_form_conditional_median:single_crystal,4.2,1.0,5.746354490991693,5.635326719245767,5.804297695181981,,5000,Hc2_unavailable
As2Co0.248Fe1.752Sr1,iron_pnictide_122,mp-4488,,A1,13.2,3DSC_MP,,pending,,,single_crystal,sample_form_conditional_median:single_crystal,4.2,5.0,5.746354490991693,5.635326719245767,5.804297695181981,,5000,Hc2_unavailable
As2Co0.248Fe1.752Sr1,iron_pnictide_122,mp-4488,,A1,13.2,3DSC_MP,,pending,,,single_crystal,sample_form_conditional_median:single_crystal,20.0,0.1,,,,,5000,Hc2_unavailable
As2Co0.248Fe1.752Sr1,iron_pnictide_122,mp-4488,,A1,13.2,3DSC_MP,,pending,,,single_crystal,sample_form_conditional_median:single_crystal,20.0,1.0,,,,,5000,Hc2_unavailable
As2Co0.248Fe1.752Sr1,iron_pnictide_122,mp-4488,,A1,13.2,3DSC_MP,,pending,,,single_crystal,sample_form_conditional_median:single_crystal,20.0,5.0,,,,,5000,Hc2_unavailable
As2Co0.248Fe1.752Sr1,iron_pnictide_122,mp-4488,,A1,13.2,3DSC_MP,,pending,,,single_crystal,sample_form_conditional_median:single_crystal,10.164,0.1,5.081652747986398,4.951449138713942,5.185056723621211,,5000,Hc2_unavailable
As2Co0.248Fe1.752Sr1,iron_pnictide_122,mp-4488,,A1,13.2,3DSC_MP,,pending,,,single_crystal,sample_form_conditional_median:single_crystal,10.164,1.0,5.081652747986398,4.951449138713942,5.185056723621211,,5000,Hc2_unavailable
As2Co0.248Fe1.752Sr1,iron_pnictide_122,mp-4488,,A1,13.2,3DSC_MP,,pending,,,single_crystal,sample_form_conditional_median:single_crystal,10.164,5.0,5.081652747986398,4.951449138713942,5.185056723621211,,5000,Hc2_unavailable
As2Co0.24Eu1Fe1.76,iron_pnictide_122,mp-20890,,A1,2.0,3DSC_MP,,pending,,,single_crystal,sample_form_conditional_median:single_crystal,4.2,0.1,,,,,5000,Hc2_unavailable
As2Co0.24Eu1Fe1.76,iron_pnictide_122,mp-20890,,A1,2.0,3DSC_MP,,pending,,,single_crystal,sample_form_conditional_median:single_crystal,4.2,1.0,,,,,5000,Hc2_unavailable
As2Co0.24Eu1Fe1.76,iron_pnictide_122,mp-20890,,A1,2.0,3DSC_MP,,pending,,,single_crystal,sample_form_conditional_median:single_crystal,4.2,5.0,,,,,5000,Hc2_unavailable
As2Co0.24Eu1Fe1.76,iron_pnictide_122,mp-20890,,A1,2.0,3DSC_MP,,pending,,,single_crystal,sample_form_conditional_median:single_crystal,20.0,0.1,,,,,5000,Hc2_unavailable
As2Co0.24Eu1Fe1.76,iron_pnictide_122,mp-20890,,A1,2.0,3DSC_MP,,pending,,,single_crystal,sample_form_conditional_median:single_crystal,20.0,1.0,,,,,5000,Hc2_unavailable
As2Co0.24Eu1Fe1.76,iron_pnictide_122,mp-20890,,A1,2.0,3DSC_MP,,pending,,,single_crystal,sample_form_conditional_median:single_crystal,20.0,5.0,,,,,5000,Hc2_unavailable
As2Co0.24Eu1Fe1.76,iron_pnictide_122,mp-20890,,A1,2.0,3DSC_MP,,pending,,,single_crystal,sample_form_conditional_median:single_crystal,1.54,0.1,17.40298669924008,16.00338955886269,18.699615341847682,,5000,Hc2_unavailable
As2Co0.24Eu1Fe1.76,iron_pnictide_122,mp-20890,,A1,2.0,3DSC_MP,,pending,,,single_crystal,sample_form_conditional_median:single_crystal,1.54,1.0,17.40298669924008,16.00338955886269,18.699615341847682,,5000,Hc2_unavailable
As2Co0.24Eu1Fe1.76,iron_pnictide_122,mp-20890,,A1,2.0,3DSC_MP,,pending,,,single_crystal,sample_form_conditional_median:single_crystal,1.54,5.0,17.40298669924008,16.00338955886269,18.699615341847682,,5000,Hc2_unavailable
As2Co0.24Fe1.76Sr1,iron_pnictide_122,mp-4488,,A1,13.5,3DSC_MP,,pending,,,single_crystal,sample_form_conditional_median:single_crystal,4.2,0.1,5.746354490991693,5.616211855142307,5.804297695181981,,5000,Hc2_unavailable
As2Co0.24Fe1.76Sr1,iron_pnictide_122,mp-4488,,A1,13.5,3DSC_MP,,pending,,,single_crystal,sample_form_conditional_median:single_crystal,4.2,1.0,5.746354490991693,5.616211855142307,5.804297695181981,,5000,Hc2_unavailable
As2Co0.24Fe1.76Sr1,iron_pnictide_122,mp-4488,,A1,13.5,3DSC_MP,,pending,,,single_crystal,sample_form_conditional_median:single_crystal,4.2,5.0,5.746354490991693,5.616211855142307,5.804297695181981,,5000,Hc2_unavailable
As2Co0.24Fe1.76Sr1,iron_pnictide_122,mp-4488,,A1,13.5,3DSC_MP,,pending,,,single_crystal,sample_form_conditional_median:single_crystal,20.0,0.1,,,,,5000,Hc2_unavailable
As2Co0.24Fe1.76Sr1,iron_pnictide_122,mp-4488,,A1,13.5,3DSC_MP,,pending,,,single_crystal,sample_form_conditional_median:single_crystal,20.0,1.0,,,,,5000,Hc2_unavailable
As2Co0.24Fe1.76Sr1,iron_pnictide_122,mp-4488,,A1,13.5,3DSC_MP,,pending,,,single_crystal,sample_form_conditional_median:single_crystal,20.0,5.0,,,,,5000,Hc2_unavailable
As2Co0.24Fe1.76Sr1,iron_pnictide_122,mp-4488,,A1,13.5,3DSC_MP,,pending,,,single_crystal,sample_form_conditional_median:single_crystal,10.395,0.1,5.073808558647322,4.945932194787884,5.1797030909246615,,5000,Hc2_unavailable
As2Co0.24Fe1.76Sr1,iron_pnictide_122,mp-4488,,A1,13.5,3DSC_MP,,pending,,,single_crystal,sample_form_conditional_median:single_crystal,10.395,1.0,5.073808558647322,4.945932194787884,5.1797030909246615,,5000,Hc2_unavailable
As2Co0.24Fe1.76Sr1,iron_pnictide_122,mp-4488,,A1,13.5,3DSC_MP,,pending,,,single_crystal,sample_form_conditional_median:single_crystal,10.395,5.0,5.073808558647322,4.945932194787884,5.1797030909246615,,5000,Hc2_unavailable
As2Co0.25Fe1.75Sr1,iron_pnictide_122,mp-4488,,A1,15.7,3DSC_MP,,pending,,,single_crystal,sample_form_conditional_median:single_crystal,4.2,0.1,5.746354490991693,5.614582757298319,5.804297695181981,,5000,Hc2_unavailable
As2Co0.25Fe1.75Sr1,iron_pnictide_122,mp-4488,,A1,15.7,3DSC_MP,,pending,,,single_crystal,sample_form_conditional_median:single_crystal,4.2,1.0,5.746354490991693,5.614582757298319,5.804297695181981,,5000,Hc2_unavailable
As2Co0.25Fe1.75Sr1,iron_pnictide_122,mp-4488,,A1,15.7,3DSC_MP,,pending,,,single_crystal,sample_form_conditional_median:single_crystal,4.2,5.0,5.746354490991693,5.614582757298319,5.804297695181981,,5000,Hc2_unavailable
As2Co0.25Fe1.75Sr1,iron_pnictide_122,mp-4488,,A1,15.7,3DSC_MP,,pending,,,single_crystal,sample_form_conditional_median:single_crystal,20.0,0.1,,,,,5000,Hc2_unavailable
As2Co0.25Fe1.75Sr1,iron_pnictide_122,mp-4488,,A1,15.7,3DSC_MP,,pending,,,single_crystal,sample_form_conditional_median:single_crystal,20.0,1.0,,,,,5000,Hc2_unavailable
As2Co0.25Fe1.75Sr1,iron_pnictide_122,mp-4488,,A1,15.7,3DSC_MP,,pending,,,single_crystal,sample_form_conditional_median:single_crystal,20.0,5.0,,,,,5000,Hc2_unavailable
As2Co0.25Fe1.75Sr1,iron_pnictide_122,mp-4488,,A1,15.7,3DSC_MP,,pending,,,single_crystal,sample_form_conditional_median:single_crystal,12.089,0.1,5.038572849091473,4.904543234062478,5.142620697435838,,5000,Hc2_unavailable
As2Co0.25Fe1.75Sr1,iron_pnictide_122,mp-4488,,A1,15.7,3DSC_MP,,pending,,,single_crystal,sample_form_conditional_median:single_crystal,12.089,1.0,5.038572849091473,4.904543234062478,5.142620697435838,,5000,Hc2_unavailable
As2Co0.25Fe1.75Sr1,iron_pnictide_122,mp-4488,,A1,15.7,3DSC_MP,,pending,,,single_crystal,sample_form_conditional_median:single_crystal,12.089,5.0,5.038572849091473,4.904543234062478,5.142620697435838,,5000,Hc2_unavailable
As2Co0.268Fe1.732Sr1,iron_pnictide_122,mp-4488,,A1,11.0,3DSC_MP,,pending,,,single_crystal,sample_form_conditional_median:single_crystal,4.2,0.1,5.746354490991693,5.635326719245767,5.802165025000917,,5000,Hc2_unavailable
As2Co0.268Fe1.732Sr1,iron_pnictide_122,mp-4488,,A1,11.0,3DSC_MP,,pending,,,single_crystal,sample_form_conditional_median:single_crystal,4.2,1.0,5.746354490991693,5.635326719245767,5.802165025000917,,5000,Hc2_unavailable
As2Co0.268Fe1.732Sr1,iron_pnictide_122,mp-4488,,A1,11.0,3DSC_MP,,pending,,,single_crystal,sample_form_conditional_median:single_crystal,4.2,5.0,5.746354490991693,5.635326719245767,5.802165025000917,,5000,Hc2_unavailable
As2Co0.268Fe1.732Sr1,iron_pnictide_122,mp-4488,,A1,11.0,3DSC_MP,,pending,,,single_crystal,sample_form_conditional_median:single_crystal,20.0,0.1,,,,,5000,Hc2_unavailable
As2Co0.268Fe1.732Sr1,iron_pnictide_122,mp-4488,,A1,11.0,3DSC_MP,,pending,,,single_crystal,sample_form_conditional_median:single_crystal,20.0,1.0,,,,,5000,Hc2_unavailable
As2Co0.268Fe1.732Sr1,iron_pnictide_122,mp-4488,,A1,11.0,3DSC_MP,,pending,,,single_crystal,sample_form_conditional_median:single_crystal,20.0,5.0,,,,,5000,Hc2_unavailable
As2Co0.268Fe1.732Sr1,iron_pnictide_122,mp-4488,,A1,11.0,3DSC_MP,,pending,,,single_crystal,sample_form_conditional_median:single_crystal,8.47,0.1,5.1405910114320985,5.0163927716930115,5.234538276514811,,5000,Hc2_unavailable
As2Co0.268Fe1.732Sr1,iron_pnictide_122,mp-4488,,A1,11.0,3DSC_MP,,pending,,,single_crystal,sample_form_conditional_median:single_crystal,8.47,1.0,5.1405910114320985,5.0163927716930115,5.234538276514811,,5000,Hc2_unavailable
As2Co0.268Fe1.732Sr1,iron_pnictide_122,mp-4488,,A1,11.0,3DSC_MP,,pending,,,single_crystal,sample_form_conditional_median:single_crystal,8.47,5.0,5.1405910114320985,5.0163927716930115,5.234538276514811,,5000,Hc2_unavailable
As2Co0.2Fe1.8Sr1,iron_pnictide_122,mp-4488,,A1,18.365,3DSC_MP,,pending,,,single_crystal,sample_form_conditional_median:single_crystal,4.2,0.1,5.746354490991693,5.622103377477762,5.813389291270404,,5000,Hc2_unavailable
As2Co0.2Fe1.8Sr1,iron_pnictide_122,mp-4488,,A1,18.365,3DSC_MP,,pending,,,single_crystal,sample_form_conditional_median:single_crystal,4.2,1.0,5.746354490991693,5.622103377477762,5.813389291270404,,5000,Hc2_unavailable
As2Co0.2Fe1.8Sr1,iron_pnictide_122,mp-4488,,A1,18.365,3DSC_MP,,pending,,,single_crystal,sample_form_conditional_median:single_crystal,4.2,5.0,5.746354490991693,5.622103377477762,5.813389291270404,,5000,Hc2_unavailable
As2Co0.2Fe1.8Sr1,iron_pnictide_122,mp-4488,,A1,18.365,3DSC_MP,,pending,,,single_crystal,sample_form_conditional_median:single_crystal,20.0,0.1,,,,,5000,Hc2_unavailable
As2Co0.2Fe1.8Sr1,iron_pnictide_122,mp-4488,,A1,18.365,3DSC_MP,,pending,,,single_crystal,sample_form_conditional_median:single_crystal,20.0,1.0,,,,,5000,Hc2_unavailable
As2Co0.2Fe1.8Sr1,iron_pnictide_122,mp-4488,,A1,18.365,3DSC_MP,,pending,,,single_crystal,sample_form_conditional_median:single_crystal,20.0,5.0,,,,,5000,Hc2_unavailable
As2Co0.2Fe1.8Sr1,iron_pnictide_122,mp-4488,,A1,18.365,3DSC_MP,,pending,,,single_crystal,sample_form_conditional_median:single_crystal,14.14105,0.1,5.00778427891613,4.877074033738209,5.115407153412949,,5000,Hc2_unavailable
As2Co0.2Fe1.8Sr1,iron_pnictide_122,mp-4488,,A1,18.365,3DSC_MP,,pending,,,single_crystal,sample_form_conditional_median:single_crystal,14.14105,1.0,5.00778427891613,4.877074033738209,5.115407153412949,,5000,Hc2_unavailable
As2Co0.2Fe1.8Sr1,iron_pnictide_122,mp-4488,,A1,18.365,3DSC_MP,,pending,,,single_crystal,sample_form_conditional_median:single_crystal,14.14105,5.0,5.00778427891613,4.877074033738209,5.115407153412949,,5000,Hc2_unavailable
As2Co0.3Fe1.7Sr1,iron_pnictide_122,mp-4488,,A1,13.2,3DSC_MP,,pending,,,single_crystal,sample_form_conditional_median:single_crystal,4.2,0.1,5.746354490991693,5.635326719245767,5.804297695181981,,5000,Hc2_unavailable
As2Co0.3Fe1.7Sr1,iron_pnictide_122,mp-4488,,A1,13.2,3DSC_MP,,pending,,,single_crystal,sample_form_conditional_median:single_crystal,4.2,1.0,5.746354490991693,5.635326719245767,5.804297695181981,,5000,Hc2_unavailable
As2Co0.3Fe1.7Sr1,iron_pnictide_122,mp-4488,,A1,13.2,3DSC_MP,,pending,,,single_crystal,sample_form_conditional_median:single_crystal,4.2,5.0,5.746354490991693,5.635326719245767,5.804297695181981,,5000,Hc2_unavailable
As2Co0.3Fe1.7Sr1,iron_pnictide_122,mp-4488,,A1,13.2,3DSC_MP,,pending,,,single_crystal,sample_form_conditional_median:single_crystal,20.0,0.1,,,,,5000,Hc2_unavailable
As2Co0.3Fe1.7Sr1,iron_pnictide_122,mp-4488,,A1,13.2,3DSC_MP,,pending,,,single_crystal,sample_form_conditional_median:single_crystal,20.0,1.0,,,,,5000,Hc2_unavailable
As2Co0.3Fe1.7Sr1,iron_pnictide_122,mp-4488,,A1,13.2,3DSC_MP,,pending,,,single_crystal,sample_form_conditional_median:single_crystal,20.0,5.0,,,,,5000,Hc2_unavailable
As2Co0.3Fe1.7Sr1,iron_pnictide_122,mp-4488,,A1,13.2,3DSC_MP,,pending,,,single_crystal,sample_form_conditional_median:single_crystal,10.164,0.1,5.0813211824478035,4.955054024207653,5.1852872075068435,,5000,Hc2_unavailable
As2Co0.3Fe1.7Sr1,iron_pnictide_122,mp-4488,,A1,13.2,3DSC_MP,,pending,,,single_crystal,sample_form_conditional_median:single_crystal,10.164,1.0,5.0813211824478035,4.955054024207653,5.1852872075068435,,5000,Hc2_unavailable
As2Co0.3Fe1.7Sr1,iron_pnictide_122,mp-4488,,A1,13.2,3DSC_MP,,pending,,,single_crystal,sample_form_conditional_median:single_crystal,10.164,5.0,5.0813211824478035,4.955054024207653,5.1852872075068435,,5000,Hc2_unavailable
As2Cs1Fe2,iron_pnictide_122,mp-28884,,A1,2.08,3DSC_MP,,pending,,,single_crystal,sample_form_conditional_median:single_crystal,4.2,0.1,,,,,5000,Hc2_unavailable
As2Cs1Fe2,iron_pnictide_122,mp-28884,,A1,2.08,3DSC_MP,,pending,,,single_crystal,sample_form_conditional_median:single_crystal,4.2,1.0,,,,,5000,Hc2_unavailable
As2Cs1Fe2,iron_pnictide_122,mp-28884,,A1,2.08,3DSC_MP,,pending,,,single_crystal,sample_form_conditional_median:single_crystal,4.2,5.0,,,,,5000,Hc2_unavailable
As2Cs1Fe2,iron_pnictide_122,mp-28884,,A1,2.08,3DSC_MP,,pending,,,single_crystal,sample_form_conditional_median:single_crystal,20.0,0.1,,,,,5000,Hc2_unavailable
As2Cs1Fe2,iron_pnictide_122,mp-28884,,A1,2.08,3DSC_MP,,pending,,,single_crystal,sample_form_conditional_median:single_crystal,20.0,1.0,,,,,5000,Hc2_unavailable
As2Cs1Fe2,iron_pnictide_122,mp-28884,,A1,2.08,3DSC_MP,,pending,,,single_crystal,sample_form_conditional_median:single_crystal,20.0,5.0,,,,,5000,Hc2_unavailable
As2Cs1Fe2,iron_pnictide_122,mp-28884,,A1,2.08,3DSC_MP,,pending,,,single_crystal,sample_form_conditional_median:single_crystal,1.6016000000000001,0.1,17.420957315549423,16.046696866801526,18.716548891311557,,5000,Hc2_unavailable
As2Cs1Fe2,iron_pnictide_122,mp-28884,,A1,2.08,3DSC_MP,,pending,,,single_crystal,sample_form_conditional_median:single_crystal,1.6016000000000001,1.0,17.420957315549423,16.046696866801526,18.716548891311557,,5000,Hc2_unavailable
As2Cs1Fe2,iron_pnictide_122,mp-28884,,A1,2.08,3DSC_MP,,pending,,,single_crystal,sample_form_conditional_median:single_crystal,1.6016000000000001,5.0,17.420957315549423,16.046696866801526,18.716548891311557,,5000,Hc2_unavailable
As2Eu0.7Fe2Na0.3,iron_pnictide_122,mp-20890,,A1,32.0,3DSC_MP,,pending,,,single_crystal,sample_form_conditional_median:single_crystal,4.2,0.1,5.746354490991693,5.635326719245767,5.804964475493147,,5000,Hc2_unavailable
As2Eu0.7Fe2Na0.3,iron_pnictide_122,mp-20890,,A1,32.0,3DSC_MP,,pending,,,single_crystal,sample_form_conditional_median:single_crystal,4.2,1.0,5.746354490991693,5.635326719245767,5.804964475493147,,5000,Hc2_unavailable
As2Eu0.7Fe2Na0.3,iron_pnictide_122,mp-20890,,A1,32.0,3DSC_MP,,pending,,,single_crystal,sample_form_conditional_median:single_crystal,4.2,5.0,5.746354490991693,5.635326719245767,5.804964475493147,,5000,Hc2_unavailable
As2Eu0.7Fe2Na0.3,iron_pnictide_122,mp-20890,,A1,32.0,3DSC_MP,,pending,,,single_crystal,sample_form_conditional_median:single_crystal,20.0,0.1,5.233102702569837,5.105927748516311,5.3204862599756915,,5000,Hc2_unavailable
As2Eu0.7Fe2Na0.3,iron_pnictide_122,mp-20890,,A1,32.0,3DSC_MP,,pending,,,single_crystal,sample_form_conditional_median:single_crystal,20.0,1.0,5.233102702569837,5.105927748516311,5.3204862599756915,,5000,Hc2_unavailable
As2Eu0.7Fe2Na0.3,iron_pnictide_122,mp-20890,,A1,32.0,3DSC_MP,,pending,,,single_crystal,sample_form_conditional_median:single_crystal,20.0,5.0,5.233102702569837,5.105927748516311,5.3204862599756915,,5000,Hc2_unavailable
As2Eu0.7Fe2Na0.3,iron_pnictide_122,mp-20890,,A1,32.0,3DSC_MP,,pending,,,single_crystal,sample_form_conditional_median:single_crystal,24.64,0.1,4.935579603336433,4.788736724519112,5.052609049477999,,5000,Hc2_unavailable
As2Eu0.7Fe2Na0.3,iron_pnictide_122,mp-20890,,A1,32.0,3DSC_MP,,pending,,,single_crystal,sample_form_conditional_median:single_crystal,24.64,1.0,4.935579603336433,4.788736724519112,5.052609049477999,,5000,Hc2_unavailable
As2Eu0.7Fe2Na0.3,iron_pnictide_122,mp-20890,,A1,32.0,3DSC_MP,,pending,,,single_crystal,sample_form_conditional_median:single_crystal,24.64,5.0,4.935579603336433,4.788736724519112,5.052609049477999,,5000,Hc2_unavailable
As2Eu1Fe1.72Ir0.28,iron_pnictide_122,mp-20890,,A1,21.66666667,3DSC_MP,,pending,,,single_crystal,sample_form_conditional_median:single_crystal,4.2,0.1,5.746354490991693,5.635326719245767,5.804297695181981,,5000,Hc2_unavailable
As2Eu1Fe1.72Ir0.28,iron_pnictide_122,mp-20890,,A1,21.66666667,3DSC_MP,,pending,,,single_crystal,sample_form_conditional_median:single_crystal,4.2,1.0,5.746354490991693,5.635326719245767,5.804297695181981,,5000,Hc2_unavailable
As2Eu1Fe1.72Ir0.28,iron_pnictide_122,mp-20890,,A1,21.66666667,3DSC_MP,,pending,,,single_crystal,sample_form_conditional_median:single_crystal,4.2,5.0,5.746354490991693,5.635326719245767,5.804297695181981,,5000,Hc2_unavailable
As2Eu1Fe1.72Ir0.28,iron_pnictide_122,mp-20890,,A1,21.66666667,3DSC_MP,,pending,,,single_crystal,sample_form_conditional_median:single_crystal,20.0,0.1,4.320755580181794,4.133692649670043,4.501614197084836,,5000,Hc2_unavailable
As2Eu1Fe1.72Ir0.28,iron_pnictide_122,mp-20890,,A1,21.66666667,3DSC_MP,,pending,,,single_crystal,sample_form_conditional_median:single_crystal,20.0,1.0,4.320755580181794,4.133692649670043,4.501614197084836,,5000,Hc2_unavailable
As2Eu1Fe1.72Ir0.28,iron_pnictide_122,mp-20890,,A1,21.66666667,3DSC_MP,,pending,,,single_crystal,sample_form_conditional_median:single_crystal,20.0,5.0,4.320755580181794,4.133692649670043,4.501614197084836,,5000,Hc2_unavailable
As2Eu1Fe1.72Ir0.28,iron_pnictide_122,mp-20890,,A1,21.66666667,3DSC_MP,,pending,,,single_crystal,sample_form_conditional_median:single_crystal,16.683333335900002,0.1,4.981418352725358,4.845808245748598,5.093250529045149,,5000,Hc2_unavailable
As2Eu1Fe1.72Ir0.28,iron_pnictide_122,mp-20890,,A1,21.66666667,3DSC_MP,,pending,,,single_crystal,sample_form_conditional_median:single_crystal,16.683333335900002,1.0,4.981418352725358,4.845808245748598,5.093250529045149,,5000,Hc2_unavailable
As2Eu1Fe1.72Ir0.28,iron_pnictide_122,mp-20890,,A1,21.66666667,3DSC_MP,,pending,,,single_crystal,sample_form_conditional_median:single_crystal,16.683333335900002,5.0,4.981418352725358,4.845808245748598,5.093250529045149,,5000,Hc2_unavailable
As2Eu1Fe1.78Ir0.22,iron_pnictide_122,mp-20890,,A1,21.0,3DSC_MP,,pending,,,single_crystal,sample_form_conditional_median:single_crystal,4.2,0.1,5.746354490991693,5.635326719245767,5.804297695181981,,5000,Hc2_unavailable
As2Eu1Fe1.78Ir0.22,iron_pnictide_122,mp-20890,,A1,21.0,3DSC_MP,,pending,,,single_crystal,sample_form_conditional_median:single_crystal,4.2,1.0,5.746354490991693,5.635326719245767,5.804297695181981,,5000,Hc2_unavailable
As2Eu1Fe1.78Ir0.22,iron_pnictide_122,mp-20890,,A1,21.0,3DSC_MP,,pending,,,single_crystal,sample_form_conditional_median:single_crystal,4.2,5.0,5.746354490991693,5.635326719245767,5.804297695181981,,5000,Hc2_unavailable
As2Eu1Fe1.78Ir0.22,iron_pnictide_122,mp-20890,,A1,21.0,3DSC_MP,,pending,,,single_crystal,sample_form_conditional_median:single_crystal,20.0,0.1,4.03268461638018,3.8258363667496473,4.244069232606936,,5000,Hc2_unavailable
As2Eu1Fe1.78Ir0.22,iron_pnictide_122,mp-20890,,A1,21.0,3DSC_MP,,pending,,,single_crystal,sample_form_conditional_median:single_crystal,20.0,1.0,4.03268461638018,3.8258363667496473,4.244069232606936,,5000,Hc2_unavailable
As2Eu1Fe1.78Ir0.22,iron_pnictide_122,mp-20890,,A1,21.0,3DSC_MP,,pending,,,single_crystal,sample_form_conditional_median:single_crystal,20.0,5.0,4.03268461638018,3.8258363667496473,4.244069232606936,,5000,Hc2_unavailable
As2Eu1Fe1.78Ir0.22,iron_pnictide_122,mp-20890,,A1,21.0,3DSC_MP,,pending,,,single_crystal,sample_form_conditional_median:single_crystal,16.17,0.1,4.985093688105314,4.85079558347173,5.095212330506511,,5000,Hc2_unavailable
As2Eu1Fe1.78Ir0.22,iron_pnictide_122,mp-20890,,A1,21.0,3DSC_MP,,pending,,,single_crystal,sample_form_conditional_median:single_crystal,16.17,1.0,4.985093688105314,4.85079558347173,5.095212330506511,,5000,Hc2_unavailable
As2Eu1Fe1.78Ir0.22,iron_pnictide_122,mp-20890,,A1,21.0,3DSC_MP,,pending,,,single_crystal,sample_form_conditional_median:single_crystal,16.17,5.0,4.985093688105314,4.85079558347173,5.095212330506511,,5000,Hc2_unavailable
As2Fe1.75Pt0.25Sr1,iron_pnictide_122,mp-4488,,A1,16.3,3DSC_MP,,pending,,,single_crystal,sample_form_conditional_median:single_crystal,4.2,0.1,5.746354490991693,5.635326719245767,5.813389291270404,,5000,Hc2_unavailable
As2Fe1.75Pt0.25Sr1,iron_pnictide_122,mp-4488,,A1,16.3,3DSC_MP,,pending,,,single_crystal,sample_form_conditional_median:single_crystal,4.2,1.0,5.746354490991693,5.635326719245767,5.813389291270404,,5000,Hc2_unavailable
As2Fe1.75Pt0.25Sr1,iron_pnictide_122,mp-4488,,A1,16.3,3DSC_MP,,pending,,,single_crystal,sample_form_conditional_median:single_crystal,4.2,5.0,5.746354490991693,5.635326719245767,5.813389291270404,,5000,Hc2_unavailable
As2Fe1.75Pt0.25Sr1,iron_pnictide_122,mp-4488,,A1,16.3,3DSC_MP,,pending,,,single_crystal,sample_form_conditional_median:single_crystal,20.0,0.1,,,,,5000,Hc2_unavailable
As2Fe1.75Pt0.25Sr1,iron_pnictide_122,mp-4488,,A1,16.3,3DSC_MP,,pending,,,single_crystal,sample_form_conditional_median:single_crystal,20.0,1.0,,,,,5000,Hc2_unavailable
As2Fe1.75Pt0.25Sr1,iron_pnictide_122,mp-4488,,A1,16.3,3DSC_MP,,pending,,,single_crystal,sample_form_conditional_median:single_crystal,20.0,5.0,,,,,5000,Hc2_unavailable
As2Fe1.75Pt0.25Sr1,iron_pnictide_122,mp-4488,,A1,16.3,3DSC_MP,,pending,,,single_crystal,sample_form_conditional_median:single_crystal,12.551,0.1,5.030912623229396,4.900900601503848,5.139517956229295,,5000,Hc2_unavailable
As2Fe1.75Pt0.25Sr1,iron_pnictide_122,mp-4488,,A1,16.3,3DSC_MP,,pending,,,single_crystal,sample_form_conditional_median:single_crystal,12.551,1.0,5.030912623229396,4.900900601503848,5.139517956229295,,5000,Hc2_unavailable
As2Fe1.75Pt0.25Sr1,iron_pnictide_122,mp-4488,,A1,16.3,3DSC_MP,,pending,,,single_crystal,sample_form_conditional_median:single_crystal,12.551,5.0,5.030912623229396,4.900900601503848,5.139517956229295,,5000,Hc2_unavailable
As2Fe1.75Rh0.25Sr1,iron_pnictide_122,mp-4488,,A1,21.9,3DSC_MP,,pending,,,single_crystal,sample_form_conditional_median:single_crystal,4.2,0.1,5.746354490991693,5.614582757298319,5.802165025000917,,5000,Hc2_unavailable
As2Fe1.75Rh0.25Sr1,iron_pnictide_122,mp-4488,,A1,21.9,3DSC_MP,,pending,,,single_crystal,sample_form_conditional_median:single_crystal,4.2,1.0,5.746354490991693,5.614582757298319,5.802165025000917,,5000,Hc2_unavailable
As2Fe1.75Rh0.25Sr1,iron_pnictide_122,mp-4488,,A1,21.9,3DSC_MP,,pending,,,single_crystal,sample_form_conditional_median:single_crystal,4.2,5.0,5.746354490991693,5.614582757298319,5.802165025000917,,5000,Hc2_unavailable
As2Fe1.75Rh0.25Sr1,iron_pnictide_122,mp-4488,,A1,21.9,3DSC_MP,,pending,,,single_crystal,sample_form_conditional_median:single_crystal,20.0,0.1,4.387834005743411,4.208463359383371,4.557025405583571,,5000,Hc2_unavailable
As2Fe1.75Rh0.25Sr1,iron_pnictide_122,mp-4488,,A1,21.9,3DSC_MP,,pending,,,single_crystal,sample_form_conditional_median:single_crystal,20.0,1.0,4.387834005743411,4.208463359383371,4.557025405583571,,5000,Hc2_unavailable
As2Fe1.75Rh0.25Sr1,iron_pnictide_122,mp-4488,,A1,21.9,3DSC_MP,,pending,,,single_crystal,sample_form_conditional_median:single_crystal,20.0,5.0,4.387834005743411,4.208463359383371,4.557025405583571,,5000,Hc2_unavailable
As2Fe1.75Rh0.25Sr1,iron_pnictide_122,mp-4488,,A1,21.9,3DSC_MP,,pending,,,single_crystal,sample_form_conditional_median:single_crystal,16.863,0.1,4.978547381082566,4.844078230728108,5.087169269886292,,5000,Hc2_unavailable
As2Fe1.75Rh0.25Sr1,iron_pnictide_122,mp-4488,,A1,21.9,3DSC_MP,,pending,,,single_crystal,sample_form_conditional_median:single_crystal,16.863,1.0,4.978547381082566,4.844078230728108,5.087169269886292,,5000,Hc2_unavailable
As2Fe1.75Rh0.25Sr1,iron_pnictide_122,mp-4488,,A1,21.9,3DSC_MP,,pending,,,single_crystal,sample_form_conditional_median:single_crystal,16.863,5.0,4.978547381082566,4.844078230728108,5.087169269886292,,5000,Hc2_unavailable
As2Fe1.78Ni0.22Sr1,iron_pnictide_122,mp-4488,,A1,2.305,3DSC_MP,,pending,,,single_crystal,sample_form_conditional_median:single_crystal,4.2,0.1,,,,,5000,Hc2_unavailable
As2Fe1.78Ni0.22Sr1,iron_pnictide_122,mp-4488,,A1,2.305,3DSC_MP,,pending,,,single_crystal,sample_form_conditional_median:single_crystal,4.2,1.0,,,,,5000,Hc2_unavailable
As2Fe1.78Ni0.22Sr1,iron_pnictide_122,mp-4488,,A1,2.305,3DSC_MP,,pending,,,single_crystal,sample_form_conditional_median:single_crystal,4.2,5.0,,,,,5000,Hc2_unavailable
As2Fe1.78Ni0.22Sr1,iron_pnictide_122,mp-4488,,A1,2.305,3DSC_MP,,pending,,,single_crystal,sample_form_conditional_median:single_crystal,20.0,0.1,,,,,5000,Hc2_unavailable
As2Fe1.78Ni0.22Sr1,iron_pnictide_122,mp-4488,,A1,2.305,3DSC_MP,,pending,,,single_crystal,sample_form_conditional_median:single_crystal,20.0,1.0,,,,,5000,Hc2_unavailable
As2Fe1.78Ni0.22Sr1,iron_pnictide_122,mp-4488,,A1,2.305,3DSC_MP,,pending,,,single_crystal,sample_form_conditional_median:single_crystal,20.0,5.0,,,,,5000,Hc2_unavailable
As2Fe1.78Ni0.22Sr1,iron_pnictide_122,mp-4488,,A1,2.305,3DSC_MP,,pending,,,single_crystal,sample_form_conditional_median:single_crystal,1.7748500000000003,0.1,17.426776495403338,16.045183256345087,18.755121478860406,,5000,Hc2_unavailable
As2Fe1.78Ni0.22Sr1,iron_pnictide_122,mp-4488,,A1,2.305,3DSC_MP,,pending,,,single_crystal,sample_form_conditional_median:single_crystal,1.7748500000000003,1.0,17.426776495403338,16.045183256345087,18.755121478860406,,5000,Hc2_unavailable
As2Fe1.78Ni0.22Sr1,iron_pnictide_122,mp-4488,,A1,2.305,3DSC_MP,,pending,,,single_crystal,sample_form_conditional_median:single_crystal,1.7748500000000003,5.0,17.426776495403338,16.045183256345087,18.755121478860406,,5000,Hc2_unavailable
As2Fe1.7Pt0.3Sr1,iron_pnictide_122,mp-4488,,A1,12.6,3DSC_MP,,pending,,,single_crystal,sample_form_conditional_median:single_crystal,4.2,0.1,5.746354490991693,5.617854385081122,5.804297695181981,,5000,Hc2_unavailable
As2Fe1.7Pt0.3Sr1,iron_pnictide_122,mp-4488,,A1,12.6,3DSC_MP,,pending,,,single_crystal,sample_form_conditional_median:single_crystal,4.2,1.0,5.746354490991693,5.617854385081122,5.804297695181981,,5000,Hc2_unavailable
As2Fe1.7Pt0.3Sr1,iron_pnictide_122,mp-4488,,A1,12.6,3DSC_MP,,pending,,,single_crystal,sample_form_conditional_median:single_crystal,4.2,5.0,5.746354490991693,5.617854385081122,5.804297695181981,,5000,Hc2_unavailable
As2Fe1.7Pt0.3Sr1,iron_pnictide_122,mp-4488,,A1,12.6,3DSC_MP,,pending,,,single_crystal,sample_form_conditional_median:single_crystal,20.0,0.1,,,,,5000,Hc2_unavailable
As2Fe1.7Pt0.3Sr1,iron_pnictide_122,mp-4488,,A1,12.6,3DSC_MP,,pending,,,single_crystal,sample_form_conditional_median:single_crystal,20.0,1.0,,,,,5000,Hc2_unavailable
As2Fe1.7Pt0.3Sr1,iron_pnictide_122,mp-4488,,A1,12.6,3DSC_MP,,pending,,,single_crystal,sample_form_conditional_median:single_crystal,20.0,5.0,,,,,5000,Hc2_unavailable
As2Fe1.7Pt0.3Sr1,iron_pnictide_122,mp-4488,,A1,12.6,3DSC_MP,,pending,,,single_crystal,sample_form_conditional_median:single_crystal,9.702,0.1,5.0965567865127985,4.971406677175829,5.195795011188487,,5000,Hc2_unavailable
As2Fe1.7Pt0.3Sr1,iron_pnictide_122,mp-4488,,A1,12.6,3DSC_MP,,pending,,,single_crystal,sample_form_conditional_median:single_crystal,9.702,1.0,5.0965567865127985,4.971406677175829,5.195795011188487,,5000,Hc2_unavailable
As2Fe1.7Pt0.3Sr1,iron_pnictide_122,mp-4488,,A1,12.6,3DSC_MP,,pending,,,single_crystal,sample_form_conditional_median:single_crystal,9.702,5.0,5.0965567865127985,4.971406677175829,5.195795011188487,,5000,Hc2_unavailable
As2Fe1.82Ni0.18Sr1,iron_pnictide_122,mp-4488,,A1,9.6,3DSC_MP,,pending,,,single_crystal,sample_form_conditional_median:single_crystal,4.2,0.1,5.746354490991693,5.635326719245767,5.804297695181981,,5000,Hc2_unavailable
As2Fe1.82Ni0.18Sr1,iron_pnictide_122,mp-4488,,A1,9.6,3DSC_MP,,pending,,,single_crystal,sample_form_conditional_median:single_crystal,4.2,1.0,5.746354490991693,5.635326719245767,5.804297695181981,,5000,Hc2_unavailable
As2Fe1.82Ni0.18Sr1,iron_pnictide_122,mp-4488,,A1,9.6,3DSC_MP,,pending,,,single_crystal,sample_form_conditional_median:single_crystal,4.2,5.0,5.746354490991693,5.635326719245767,5.804297695181981,,5000,Hc2_unavailable
As2Fe1.82Ni0.18Sr1,iron_pnictide_122,mp-4488,,A1,9.6,3DSC_MP,,pending,,,single_crystal,sample_form_conditional_median:single_crystal,20.0,0.1,,,,,5000,Hc2_unavailable
As2Fe1.82Ni0.18Sr1,iron_pnictide_122,mp-4488,,A1,9.6,3DSC_MP,,pending,,,single_crystal,sample_form_conditional_median:single_crystal,20.0,1.0,,,,,5000,Hc2_unavailable
As2Fe1.82Ni0.18Sr1,iron_pnictide_122,mp-4488,,A1,9.6,3DSC_MP,,pending,,,single_crystal,sample_form_conditional_median:single_crystal,20.0,5.0,,,,,5000,Hc2_unavailable
As2Fe1.82Ni0.18Sr1,iron_pnictide_122,mp-4488,,A1,9.6,3DSC_MP,,pending,,,single_crystal,sample_form_conditional_median:single_crystal,7.3919999999999995,0.1,5.199935987618115,5.079246201767245,5.286810769471369,,5000,Hc2_unavailable
As2Fe1.82Ni0.18Sr1,iron_pnictide_122,mp-4488,,A1,9.6,3DSC_MP,,pending,,,single_crystal,sample_form_conditional_median:single_crystal,7.3919999999999995,1.0,5.199935987618115,5.079246201767245,5.286810769471369,,5000,Hc2_unavailable
As2Fe1.82Ni0.18Sr1,iron_pnictide_122,mp-4488,,A1,9.6,3DSC_MP,,pending,,,single_crystal,sample_form_conditional_median:single_crystal,7.3919999999999995,5.0,5.199935987618115,5.079246201767245,5.286810769471369,,5000,Hc2_unavailable
As2Fe1.84Ni0.16Sr1,iron_pnictide_122,mp-4488,,A1,8.65,3DSC_MP,,pending,,,single_crystal,sample_form_conditional_median:single_crystal,4.2,0.1,5.746354490991693,5.635326719245767,5.805175095887575,,5000,Hc2_unavailable
As2Fe1.84Ni0.16Sr1,iron_pnictide_122,mp-4488,,A1,8.65,3DSC_MP,,pending,,,single_crystal,sample_form_conditional_median:single_crystal,4.2,1.0,5.746354490991693,5.635326719245767,5.805175095887575,,5000,Hc2_unavailable
As2Fe1.84Ni0.16Sr1,iron_pnictide_122,mp-4488,,A1,8.65,3DSC_MP,,pending,,,single_crystal,sample_form_conditional_median:single_crystal,4.2,5.0,5.746354490991693,5.635326719245767,5.805175095887575,,5000,Hc2_unavailable
As2Fe1.84Ni0.16Sr1,iron_pnictide_122,mp-4488,,A1,8.65,3DSC_MP,,pending,,,single_crystal,sample_form_conditional_median:single_crystal,20.0,0.1,,,,,5000,Hc2_unavailable
As2Fe1.84Ni0.16Sr1,iron_pnictide_122,mp-4488,,A1,8.65,3DSC_MP,,pending,,,single_crystal,sample_form_conditional_median:single_crystal,20.0,1.0,,,,,5000,Hc2_unavailable
As2Fe1.84Ni0.16Sr1,iron_pnictide_122,mp-4488,,A1,8.65,3DSC_MP,,pending,,,single_crystal,sample_form_conditional_median:single_crystal,20.0,5.0,,,,,5000,Hc2_unavailable
As2Fe1.84Ni0.16Sr1,iron_pnictide_122,mp-4488,,A1,8.65,3DSC_MP,,pending,,,single_crystal,sample_form_conditional_median:single_crystal,6.660500000000001,0.1,5.253975440310556,5.1364568259783825,5.339151552069895,,5000,Hc2_unavailable
As2Fe1.84Ni0.16Sr1,iron_pnictide_122,mp-4488,,A1,8.65,3DSC_MP,,pending,,,single_crystal,sample_form_conditional_median:single_crystal,6.660500000000001,1.0,5.253975440310556,5.1364568259783825,5.339151552069895,,5000,Hc2_unavailable
As2Fe1.84Ni0.16Sr1,iron_pnictide_122,mp-4488,,A1,8.65,3DSC_MP,,pending,,,single_crystal,sample_form_conditional_median:single_crystal,6.660500000000001,5.0,5.253975440310556,5.1364568259783825,5.339151552069895,,5000,Hc2_unavailable
As2Fe1.84Pt0.16Sr1,iron_pnictide_122,mp-4488,,A1,16.0,3DSC_MP,,pending,,,single_crystal,sample_form_conditional_median:single_crystal,4.2,0.1,5.746354490991693,5.635326719245767,5.804297695181981,,5000,Hc2_unavailable
As2Fe1.84Pt0.16Sr1,iron_pnictide_122,mp-4488,,A1,16.0,3DSC_MP,,pending,,,single_crystal,sample_form_conditional_median:single_crystal,4.2,1.0,5.746354490991693,5.635326719245767,5.804297695181981,,5000,Hc2_unavailable
As2Fe1.84Pt0.16Sr1,iron_pnictide_122,mp-4488,,A1,16.0,3DSC_MP,,pending,,,single_crystal,sample_form_conditional_median:single_crystal,4.2,5.0,5.746354490991693,5.635326719245767,5.804297695181981,,5000,Hc2_unavailable
As2Fe1.84Pt0.16Sr1,iron_pnictide_122,mp-4488,,A1,16.0,3DSC_MP,,pending,,,single_crystal,sample_form_conditional_median:single_crystal,20.0,0.1,,,,,5000,Hc2_unavailable
As2Fe1.84Pt0.16Sr1,iron_pnictide_122,mp-4488,,A1,16.0,3DSC_MP,,pending,,,single_crystal,sample_form_conditional_median:single_crystal,20.0,1.0,,,,,5000,Hc2_unavailable
As2Fe1.84Pt0.16Sr1,iron_pnictide_122,mp-4488,,A1,16.0,3DSC_MP,,pending,,,single_crystal,sample_form_conditional_median:single_crystal,20.0,5.0,,,,,5000,Hc2_unavailable
As2Fe1.84Pt0.16Sr1,iron_pnictide_122,mp-4488,,A1,16.0,3DSC_MP,,pending,,,single_crystal,sample_form_conditional_median:single_crystal,12.32,0.1,5.03457103748876,4.904554290633408,5.141987260687951,,5000,Hc2_unavailable
As2Fe1.84Pt0.16Sr1,iron_pnictide_122,mp-4488,,A1,16.0,3DSC_MP,,pending,,,single_crystal,sample_form_conditional_median:single_crystal,12.32,1.0,5.03457103748876,4.904554290633408,5.141987260687951,,5000,Hc2_unavailable
As2Fe1.84Pt0.16Sr1,iron_pnictide_122,mp-4488,,A1,16.0,3DSC_MP,,pending,,,single_crystal,sample_form_conditional_median:single_crystal,12.32,5.0,5.03457103748876,4.904554290633408,5.141987260687951,,5000,Hc2_unavailable
As2Fe1.85Ni0.15Sr1,iron_pnictide_122,mp-4488,,A1,8.93,3DSC_MP,,pending,,,single_crystal,sample_form_conditional_median:single_crystal,4.2,0.1,5.746354490991693,5.635326719245767,5.804297695181981,,5000,Hc2_unavailable
As2Fe1.85Ni0.15Sr1,iron_pnictide_122,mp-4488,,A1,8.93,3DSC_MP,,pending,,,single_crystal,sample_form_conditional_median:single_crystal,4.2,1.0,5.746354490991693,5.635326719245767,5.804297695181981,,5000,Hc2_unavailable
As2Fe1.85Ni0.15Sr1,iron_pnictide_122,mp-4488,,A1,8.93,3DSC_MP,,pending,,,single_crystal,sample_form_conditional_median:single_crystal,4.2,5.0,5.746354490991693,5.635326719245767,5.804297695181981,,5000,Hc2_unavailable
As2Fe1.85Ni0.15Sr1,iron_pnictide_122,mp-4488,,A1,8.93,3DSC_MP,,pending,,,single_crystal,sample_form_conditional_median:single_crystal,20.0,0.1,,,,,5000,Hc2_unavailable
As2Fe1.85Ni0.15Sr1,iron_pnictide_122,mp-4488,,A1,8.93,3DSC_MP,,pending,,,single_crystal,sample_form_conditional_median:single_crystal,20.0,1.0,,,,,5000,Hc2_unavailable
As2Fe1.85Ni0.15Sr1,iron_pnictide_122,mp-4488,,A1,8.93,3DSC_MP,,pending,,,single_crystal,sample_form_conditional_median:single_crystal,20.0,5.0,,,,,5000,Hc2_unavailable
As2Fe1.85Ni0.15Sr1,iron_pnictide_122,mp-4488,,A1,8.93,3DSC_MP,,pending,,,single_crystal,sample_form_conditional_median:single_crystal,6.8761,0.1,5.235606128736108,5.12032761636952,5.324603794290632,,5000,Hc2_unavailable
As2Fe1.85Ni0.15Sr1,iron_pnictide_122,mp-4488,,A1,8.93,3DSC_MP,,pending,,,single_crystal,sample_form_conditional_median:single_crystal,6.8761,1.0,5.235606128736108,5.12032761636952,5.324603794290632,,5000,Hc2_unavailable
As2Fe1.85Ni0.15Sr1,iron_pnictide_122,mp-4488,,A1,8.93,3DSC_MP,,pending,,,single_crystal,sample_form_conditional_median:single_crystal,6.8761,5.0,5.235606128736108,5.12032761636952,5.324603794290632,,5000,Hc2_unavailable
As2Fe1.85Pd0.15Sr1,iron_pnictide_122,mp-4488,,A1,8.7,3DSC_MP,,pending,,,single_crystal,sample_form_conditional_median:single_crystal,4.2,0.1,5.746354490991693,5.635326719245767,5.804297695181981,,5000,Hc2_unavailable
As2Fe1.85Pd0.15Sr1,iron_pnictide_122,mp-4488,,A1,8.7,3DSC_MP,,pending,,,single_crystal,sample_form_conditional_median:single_crystal,4.2,1.0,5.746354490991693,5.635326719245767,5.804297695181981,,5000,Hc2_unavailable
As2Fe1.85Pd0.15Sr1,iron_pnictide_122,mp-4488,,A1,8.7,3DSC_MP,,pending,,,single_crystal,sample_form_conditional_median:single_crystal,4.2,5.0,5.746354490991693,5.635326719245767,5.804297695181981,,5000,Hc2_unavailable
As2Fe1.85Pd0.15Sr1,iron_pnictide_122,mp-4488,,A1,8.7,3DSC_MP,,pending,,,single_crystal,sample_form_conditional_median:single_crystal,20.0,0.1,,,,,5000,Hc2_unavailable
As2Fe1.85Pd0.15Sr1,iron_pnictide_122,mp-4488,,A1,8.7,3DSC_MP,,pending,,,single_crystal,sample_form_conditional_median:single_crystal,20.0,1.0,,,,,5000,Hc2_unavailable
As2Fe1.85Pd0.15Sr1,iron_pnictide_122,mp-4488,,A1,8.7,3DSC_MP,,pending,,,single_crystal,sample_form_conditional_median:single_crystal,20.0,5.0,,,,,5000,Hc2_unavailable
As2Fe1.85Pd0.15Sr1,iron_pnictide_122,mp-4488,,A1,8.7,3DSC_MP,,pending,,,single_crystal,sample_form_conditional_median:single_crystal,6.699,0.1,5.250427313024797,5.130236902945008,5.335641160497323,,5000,Hc2_unavailable
As2Fe1.85Pd0.15Sr1,iron_pnictide_122,mp-4488,,A1,8.7,3DSC_MP,,pending,,,single_crystal,sample_form_conditional_median:single_crystal,6.699,1.0,5.250427313024797,5.130236902945008,5.335641160497323,,5000,Hc2_unavailable
As2Fe1.85Pd0.15Sr1,iron_pnictide_122,mp-4488,,A1,8.7,3DSC_MP,,pending,,,single_crystal,sample_form_conditional_median:single_crystal,6.699,5.0,5.250427313024797,5.130236902945008,5.335641160497323,,5000,Hc2_unavailable
As2Fe1.85Pt0.15Sr1,iron_pnictide_122,mp-4488,,A1,11.7,3DSC_MP,,pending,,,single_crystal,sample_form_conditional_median:single_crystal,4.2,0.1,5.746354490991693,5.636927477444992,5.802165025000917,,5000,Hc2_unavailable
As2Fe1.85Pt0.15Sr1,iron_pnictide_122,mp-4488,,A1,11.7,3DSC_MP,,pending,,,single_crystal,sample_form_conditional_median:single_crystal,4.2,1.0,5.746354490991693,5.636927477444992,5.802165025000917,,5000,Hc2_unavailable
As2Fe1.85Pt0.15Sr1,iron_pnictide_122,mp-4488,,A1,11.7,3DSC_MP,,pending,,,single_crystal,sample_form_conditional_median:single_crystal,4.2,5.0,5.746354490991693,5.636927477444992,5.802165025000917,,5000,Hc2_unavailable
As2Fe1.85Pt0.15Sr1,iron_pnictide_122,mp-4488,,A1,11.7,3DSC_MP,,pending,,,single_crystal,sample_form_conditional_median:single_crystal,20.0,0.1,,,,,5000,Hc2_unavailable
As2Fe1.85Pt0.15Sr1,iron_pnictide_122,mp-4488,,A1,11.7,3DSC_MP,,pending,,,single_crystal,sample_form_conditional_median:single_crystal,20.0,1.0,,,,,5000,Hc2_unavailable
As2Fe1.85Pt0.15Sr1,iron_pnictide_122,mp-4488,,A1,11.7,3DSC_MP,,pending,,,single_crystal,sample_form_conditional_median:single_crystal,20.0,5.0,,,,,5000,Hc2_unavailable
As2Fe1.85Pt0.15Sr1,iron_pnictide_122,mp-4488,,A1,11.7,3DSC_MP,,pending,,,single_crystal,sample_form_conditional_median:single_crystal,9.009,0.1,5.119816268495256,4.998846995339855,5.220278217187115,,5000,Hc2_unavailable
As2Fe1.85Pt0.15Sr1,iron_pnictide_122,mp-4488,,A1,11.7,3DSC_MP,,pending,,,single_crystal,sample_form_conditional_median:single_crystal,9.009,1.0,5.119816268495256,4.998846995339855,5.220278217187115,,5000,Hc2_unavailable
As2Fe1.85Pt0.15Sr1,iron_pnictide_122,mp-4488,,A1,11.7,3DSC_MP,,pending,,,single_crystal,sample_form_conditional_median:single_crystal,9.009,5.0,5.119816268495256,4.998846995339855,5.220278217187115,,5000,Hc2_unavailable
As2Fe1.88Ni0.12Sr1,iron_pnictide_122,mp-4488,,A1,5.92,3DSC_MP,,pending,,,single_crystal,sample_form_conditional_median:single_crystal,4.2,0.1,5.746354490991693,5.636927477444992,5.80431436468976,,5000,Hc2_unavailable
As2Fe1.88Ni0.12Sr1,iron_pnictide_122,mp-4488,,A1,5.92,3DSC_MP,,pending,,,single_crystal,sample_form_conditional_median:single_crystal,4.2,1.0,5.746354490991693,5.636927477444992,5.80431436468976,,5000,Hc2_unavailable
As2Fe1.88Ni0.12Sr1,iron_pnictide_122,mp-4488,,A1,5.92,3DSC_MP,,pending,,,single_crystal,sample_form_conditional_median:single_crystal,4.2,5.0,5.746354490991693,5.636927477444992,5.80431436468976,,5000,Hc2_unavailable
As2Fe1.88Ni0.12Sr1,iron_pnictide_122,mp-4488,,A1,5.92,3DSC_MP,,pending,,,single_crystal,sample_form_conditional_median:single_crystal,20.0,0.1,,,,,5000,Hc2_unavailable
As2Fe1.88Ni0.12Sr1,iron_pnictide_122,mp-4488,,A1,5.92,3DSC_MP,,pending,,,single_crystal,sample_form_conditional_median:single_crystal,20.0,1.0,,,,,5000,Hc2_unavailable
As2Fe1.88Ni0.12Sr1,iron_pnictide_122,mp-4488,,A1,5.92,3DSC_MP,,pending,,,single_crystal,sample_form_conditional_median:single_crystal,20.0,5.0,,,,,5000,Hc2_unavailable
As2Fe1.88Ni0.12Sr1,iron_pnictide_122,mp-4488,,A1,5.92,3DSC_MP,,pending,,,single_crystal,sample_form_conditional_median:single_crystal,4.5584,0.1,5.603036541006132,5.494699458291135,5.666154787472322,,5000,Hc2_unavailable
As2Fe1.88Ni0.12Sr1,iron_pnictide_122,mp-4488,,A1,5.92,3DSC_MP,,pending,,,single_crystal,sample_form_conditional_median:single_crystal,4.5584,1.0,5.603036541006132,5.494699458291135,5.666154787472322,,5000,Hc2_unavailable
As2Fe1.88Ni0.12Sr1,iron_pnictide_122,mp-4488,,A1,5.92,3DSC_MP,,pending,,,single_crystal,sample_form_conditional_median:single_crystal,4.5584,5.0,5.603036541006132,5.494699458291135,5.666154787472322,,5000,Hc2_unavailable
As2Fe1.8Ni0.2Sr1,iron_pnictide_122,mp-4488,,A1,7.4,3DSC_MP,,pending,,,single_crystal,sample_form_conditional_median:single_crystal,4.2,0.1,5.746354490991693,5.634889910891651,5.804297695181981,,5000,Hc2_unavailable
As2Fe1.8Ni0.2Sr1,iron_pnictide_122,mp-4488,,A1,7.4,3DSC_MP,,pending,,,single_crystal,sample_form_conditional_median:single_crystal,4.2,1.0,5.746354490991693,5.634889910891651,5.804297695181981,,5000,Hc2_unavailable
As2Fe1.8Ni0.2Sr1,iron_pnictide_122,mp-4488,,A1,7.4,3DSC_MP,,pending,,,single_crystal,sample_form_conditional_median:single_crystal,4.2,5.0,5.746354490991693,5.634889910891651,5.804297695181981,,5000,Hc2_unavailable
As2Fe1.8Ni0.2Sr1,iron_pnictide_122,mp-4488,,A1,7.4,3DSC_MP,,pending,,,single_crystal,sample_form_conditional_median:single_crystal,20.0,0.1,,,,,5000,Hc2_unavailable
As2Fe1.8Ni0.2Sr1,iron_pnictide_122,mp-4488,,A1,7.4,3DSC_MP,,pending,,,single_crystal,sample_form_conditional_median:single_crystal,20.0,1.0,,,,,5000,Hc2_unavailable
As2Fe1.8Ni0.2Sr1,iron_pnictide_122,mp-4488,,A1,7.4,3DSC_MP,,pending,,,single_crystal,sample_form_conditional_median:single_crystal,20.0,5.0,,,,,5000,Hc2_unavailable
As2Fe1.8Ni0.2Sr1,iron_pnictide_122,mp-4488,,A1,7.4,3DSC_MP,,pending,,,single_crystal,sample_form_conditional_median:single_crystal,5.698,0.1,5.35839472578567,5.243145534244424,5.437611596418224,,5000,Hc2_unavailable
As2Fe1.8Ni0.2Sr1,iron_pnictide_122,mp-4488,,A1,7.4,3DSC_MP,,pending,,,single_crystal,sample_form_conditional_median:single_crystal,5.698,1.0,5.35839472578567,5.243145534244424,5.437611596418224,,5000,Hc2_unavailable
As2Fe1.8Ni0.2Sr1,iron_pnictide_122,mp-4488,,A1,7.4,3DSC_MP,,pending,,,single_crystal,sample_form_conditional_median:single_crystal,5.698,5.0,5.35839472578567,5.243145534244424,5.437611596418224,,5000,Hc2_unavailable
As2Fe1.8Pt0.2Sr1,iron_pnictide_122,mp-4488,,A1,15.8,3DSC_MP,,pending,,,single_crystal,sample_form_conditional_median:single_crystal,4.2,0.1,5.746354490991693,5.635326719245767,5.804297695181981,,5000,Hc2_unavailable
As2Fe1.8Pt0.2Sr1,iron_pnictide_122,mp-4488,,A1,15.8,3DSC_MP,,pending,,,single_crystal,sample_form_conditional_median:single_crystal,4.2,1.0,5.746354490991693,5.635326719245767,5.804297695181981,,5000,Hc2_unavailable
As2Fe1.8Pt0.2Sr1,iron_pnictide_122,mp-4488,,A1,15.8,3DSC_MP,,pending,,,single_crystal,sample_form_conditional_median:single_crystal,4.2,5.0,5.746354490991693,5.635326719245767,5.804297695181981,,5000,Hc2_unavailable
As2Fe1.8Pt0.2Sr1,iron_pnictide_122,mp-4488,,A1,15.8,3DSC_MP,,pending,,,single_crystal,sample_form_conditional_median:single_crystal,20.0,0.1,,,,,5000,Hc2_unavailable
As2Fe1.8Pt0.2Sr1,iron_pnictide_122,mp-4488,,A1,15.8,3DSC_MP,,pending,,,single_crystal,sample_form_conditional_median:single_crystal,20.0,1.0,,,,,5000,Hc2_unavailable
As2Fe1.8Pt0.2Sr1,iron_pnictide_122,mp-4488,,A1,15.8,3DSC_MP,,pending,,,single_crystal,sample_form_conditional_median:single_crystal,20.0,5.0,,,,,5000,Hc2_unavailable
As2Fe1.8Pt0.2Sr1,iron_pnictide_122,mp-4488,,A1,15.8,3DSC_MP,,pending,,,single_crystal,sample_form_conditional_median:single_crystal,12.166,0.1,5.038555069749257,4.910374606361086,5.142674805283367,,5000,Hc2_unavailable
As2Fe1.8Pt0.2Sr1,iron_pnictide_122,mp-4488,,A1,15.8,3DSC_MP,,pending,,,single_crystal,sample_form_conditional_median:single_crystal,12.166,1.0,5.038555069749257,4.910374606361086,5.142674805283367,,5000,Hc2_unavailable
As2Fe1.8Pt0.2Sr1,iron_pnictide_122,mp-4488,,A1,15.8,3DSC_MP,,pending,,,single_crystal,sample_form_conditional_median:single_crystal,12.166,5.0,5.038555069749257,4.910374606361086,5.142674805283367,,5000,Hc2_unavailable
As2Fe1.9Ni0.1Sr1,iron_pnictide_122,mp-4488,,A1,5.5,3DSC_MP,,pending,,,single_crystal,sample_form_conditional_median:single_crystal,4.2,0.1,5.746354490991693,5.635326719245767,5.804297695181981,,5000,Hc2_unavailable
As2Fe1.9Ni0.1Sr1,iron_pnictide_122,mp-4488,,A1,5.5,3DSC_MP,,pending,,,single_crystal,sample_form_conditional_median:single_crystal,4.2,1.0,5.746354490991693,5.635326719245767,5.804297695181981,,5000,Hc2_unavailable
As2Fe1.9Ni0.1Sr1,iron_pnictide_122,mp-4488,,A1,5.5,3DSC_MP,,pending,,,single_crystal,sample_form_conditional_median:single_crystal,4.2,5.0,5.746354490991693,5.635326719245767,5.804297695181981,,5000,Hc2_unavailable
As2Fe1.9Ni0.1Sr1,iron_pnictide_122,mp-4488,,A1,5.5,3DSC_MP,,pending,,,single_crystal,sample_form_conditional_median:single_crystal,20.0,0.1,,,,,5000,Hc2_unavailable
As2Fe1.9Ni0.1Sr1,iron_pnictide_122,mp-4488,,A1,5.5,3DSC_MP,,pending,,,single_crystal,sample_form_conditional_median:single_crystal,20.0,1.0,,,,,5000,Hc2_unavailable
As2Fe1.9Ni0.1Sr1,iron_pnictide_122,mp-4488,,A1,5.5,3DSC_MP,,pending,,,single_crystal,sample_form_conditional_median:single_crystal,20.0,5.0,,,,,5000,Hc2_unavailable
As2Fe1.9Ni0.1Sr1,iron_pnictide_122,mp-4488,,A1,5.5,3DSC_MP,,pending,,,single_crystal,sample_form_conditional_median:single_crystal,4.235,0.1,5.729454907606806,5.617713463587158,5.7877066928861005,,5000,Hc2_unavailable
As2Fe1.9Ni0.1Sr1,iron_pnictide_122,mp-4488,,A1,5.5,3DSC_MP,,pending,,,single_crystal,sample_form_conditional_median:single_crystal,4.235,1.0,5.729454907606806,5.617713463587158,5.7877066928861005,,5000,Hc2_unavailable
As2Fe1.9Ni0.1Sr1,iron_pnictide_122,mp-4488,,A1,5.5,3DSC_MP,,pending,,,single_crystal,sample_form_conditional_median:single_crystal,4.235,5.0,5.729454907606806,5.617713463587158,5.7877066928861005,,5000,Hc2_unavailable
As2Fe1.9Pt0.1Sr1,iron_pnictide_122,mp-4488,,A1,1.6,3DSC_MP,,pending,,,single_crystal,sample_form_conditional_median:single_crystal,4.2,0.1,,,,,5000,Hc2_unavailable
As2Fe1.9Pt0.1Sr1,iron_pnictide_122,mp-4488,,A1,1.6,3DSC_MP,,pending,,,single_crystal,sample_form_conditional_median:single_crystal,4.2,1.0,,,,,5000,Hc2_unavailable
As2Fe1.9Pt0.1Sr1,iron_pnictide_122,mp-4488,,A1,1.6,3DSC_MP,,pending,,,single_crystal,sample_form_conditional_median:single_crystal,4.2,5.0,,,,,5000,Hc2_unavailable
As2Fe1.9Pt0.1Sr1,iron_pnictide_122,mp-4488,,A1,1.6,3DSC_MP,,pending,,,single_crystal,sample_form_conditional_median:single_crystal,20.0,0.1,,,,,5000,Hc2_unavailable
As2Fe1.9Pt0.1Sr1,iron_pnictide_122,mp-4488,,A1,1.6,3DSC_MP,,pending,,,single_crystal,sample_form_conditional_median:single_crystal,20.0,1.0,,,,,5000,Hc2_unavailable
As2Fe1.9Pt0.1Sr1,iron_pnictide_122,mp-4488,,A1,1.6,3DSC_MP,,pending,,,single_crystal,sample_form_conditional_median:single_crystal,20.0,5.0,,,,,5000,Hc2_unavailable
As2Fe1.9Pt0.1Sr1,iron_pnictide_122,mp-4488,,A1,1.6,3DSC_MP,,pending,,,single_crystal,sample_form_conditional_median:single_crystal,1.2320000000000002,0.1,17.43105605854193,16.027180735992534,18.753249141028995,,5000,Hc2_unavailable
As2Fe1.9Pt0.1Sr1,iron_pnictide_122,mp-4488,,A1,1.6,3DSC_MP,,pending,,,single_crystal,sample_form_conditional_median:single_crystal,1.2320000000000002,1.0,17.43105605854193,16.027180735992534,18.753249141028995,,5000,Hc2_unavailable
As2Fe1.9Pt0.1Sr1,iron_pnictide_122,mp-4488,,A1,1.6,3DSC_MP,,pending,,,single_crystal,sample_form_conditional_median:single_crystal,1.2320000000000002,5.0,17.43105605854193,16.027180735992534,18.753249141028995,,5000,Hc2_unavailable
As2Fe2K0.1Sr0.9,iron_pnictide_122,mp-4488,,A1,5.11,3DSC_MP,,pending,,,single_crystal,sample_form_conditional_median:single_crystal,4.2,0.1,5.746354490991693,5.635326719245767,5.804964475493147,,5000,Hc2_unavailable
As2Fe2K0.1Sr0.9,iron_pnictide_122,mp-4488,,A1,5.11,3DSC_MP,,pending,,,single_crystal,sample_form_conditional_median:single_crystal,4.2,1.0,5.746354490991693,5.635326719245767,5.804964475493147,,5000,Hc2_unavailable
As2Fe2K0.1Sr0.9,iron_pnictide_122,mp-4488,,A1,5.11,3DSC_MP,,pending,,,single_crystal,sample_form_conditional_median:single_crystal,4.2,5.0,5.746354490991693,5.635326719245767,5.804964475493147,,5000,Hc2_unavailable
As2Fe2K0.1Sr0.9,iron_pnictide_122,mp-4488,,A1,5.11,3DSC_MP,,pending,,,single_crystal,sample_form_conditional_median:single_crystal,20.0,0.1,,,,,5000,Hc2_unavailable
As2Fe2K0.1Sr0.9,iron_pnictide_122,mp-4488,,A1,5.11,3DSC_MP,,pending,,,single_crystal,sample_form_conditional_median:single_crystal,20.0,1.0,,,,,5000,Hc2_unavailable
As2Fe2K0.1Sr0.9,iron_pnictide_122,mp-4488,,A1,5.11,3DSC_MP,,pending,,,single_crystal,sample_form_conditional_median:single_crystal,20.0,5.0,,,,,5000,Hc2_unavailable
As2Fe2K0.1Sr0.9,iron_pnictide_122,mp-4488,,A1,5.11,3DSC_MP,,pending,,,single_crystal,sample_form_conditional_median:single_crystal,3.9347000000000003,0.1,5.898537070927698,5.783776515658534,5.963516656806642,,5000,Hc2_unavailable
As2Fe2K0.1Sr0.9,iron_pnictide_122,mp-4488,,A1,5.11,3DSC_MP,,pending,,,single_crystal,sample_form_conditional_median:single_crystal,3.9347000000000003,1.0,5.898537070927698,5.783776515658534,5.963516656806642,,5000,Hc2_unavailable
As2Fe2K0.1Sr0.9,iron_pnictide_122,mp-4488,,A1,5.11,3DSC_MP,,pending,,,single_crystal,sample_form_conditional_median:single_crystal,3.9347000000000003,5.0,5.898537070927698,5.783776515658534,5.963516656806642,,5000,Hc2_unavailable
As2Fe2K0.2Sr0.8,iron_pnictide_122,mp-4488,,A1,13.3,3DSC_MP,,pending,,,single_crystal,sample_form_conditional_median:single_crystal,4.2,0.1,5.746354490991693,5.635326719245767,5.804297695181981,,5000,Hc2_unavailable
As2Fe2K0.2Sr0.8,iron_pnictide_122,mp-4488,,A1,13.3,3DSC_MP,,pending,,,single_crystal,sample_form_conditional_median:single_crystal,4.2,1.0,5.746354490991693,5.635326719245767,5.804297695181981,,5000,Hc2_unavailable
As2Fe2K0.2Sr0.8,iron_pnictide_122,mp-4488,,A1,13.3,3DSC_MP,,pending,,,single_crystal,sample_form_conditional_median:single_crystal,4.2,5.0,5.746354490991693,5.635326719245767,5.804297695181981,,5000,Hc2_unavailable
As2Fe2K0.2Sr0.8,iron_pnictide_122,mp-4488,,A1,13.3,3DSC_MP,,pending,,,single_crystal,sample_form_conditional_median:single_crystal,20.0,0.1,,,,,5000,Hc2_unavailable
As2Fe2K0.2Sr0.8,iron_pnictide_122,mp-4488,,A1,13.3,3DSC_MP,,pending,,,single_crystal,sample_form_conditional_median:single_crystal,20.0,1.0,,,,,5000,Hc2_unavailable
As2Fe2K0.2Sr0.8,iron_pnictide_122,mp-4488,,A1,13.3,3DSC_MP,,pending,,,single_crystal,sample_form_conditional_median:single_crystal,20.0,5.0,,,,,5000,Hc2_unavailable
As2Fe2K0.2Sr0.8,iron_pnictide_122,mp-4488,,A1,13.3,3DSC_MP,,pending,,,single_crystal,sample_form_conditional_median:single_crystal,10.241000000000001,0.1,5.080561699086878,4.9522205755570585,5.183372866035284,,5000,Hc2_unavailable
As2Fe2K0.2Sr0.8,iron_pnictide_122,mp-4488,,A1,13.3,3DSC_MP,,pending,,,single_crystal,sample_form_conditional_median:single_crystal,10.241000000000001,1.0,5.080561699086878,4.9522205755570585,5.183372866035284,,5000,Hc2_unavailable
As2Fe2K0.2Sr0.8,iron_pnictide_122,mp-4488,,A1,13.3,3DSC_MP,,pending,,,single_crystal,sample_form_conditional_median:single_crystal,10.241000000000001,5.0,5.080561699086878,4.9522205755570585,5.183372866035284,,5000,Hc2_unavailable
As2Fe2K0.7Sr0.3,iron_pnictide_122,mp-35276,,A1,12.2,3DSC_MP,,pending,,,single_crystal,sample_form_conditional_median:single_crystal,4.2,0.1,5.746354490991693,5.635326719245767,5.804297695181981,,5000,Hc2_unavailable
As2Fe2K0.7Sr0.3,iron_pnictide_122,mp-35276,,A1,12.2,3DSC_MP,,pending,,,single_crystal,sample_form_conditional_median:single_crystal,4.2,1.0,5.746354490991693,5.635326719245767,5.804297695181981,,5000,Hc2_unavailable
As2Fe2K0.7Sr0.3,iron_pnictide_122,mp-35276,,A1,12.2,3DSC_MP,,pending,,,single_crystal,sample_form_conditional_median:single_crystal,4.2,5.0,5.746354490991693,5.635326719245767,5.804297695181981,,5000,Hc2_unavailable
As2Fe2K0.7Sr0.3,iron_pnictide_122,mp-35276,,A1,12.2,3DSC_MP,,pending,,,single_crystal,sample_form_conditional_median:single_crystal,20.0,0.1,,,,,5000,Hc2_unavailable
As2Fe2K0.7Sr0.3,iron_pnictide_122,mp-35276,,A1,12.2,3DSC_MP,,pending,,,single_crystal,sample_form_conditional_median:single_crystal,20.0,1.0,,,,,5000,Hc2_unavailable
As2Fe2K0.7Sr0.3,iron_pnictide_122,mp-35276,,A1,12.2,3DSC_MP,,pending,,,single_crystal,sample_form_conditional_median:single_crystal,20.0,5.0,,,,,5000,Hc2_unavailable
As2Fe2K0.7Sr0.3,iron_pnictide_122,mp-35276,,A1,12.2,3DSC_MP,,pending,,,single_crystal,sample_form_conditional_median:single_crystal,9.394,0.1,5.105892867898023,4.982273113417725,5.204974771366178,,5000,Hc2_unavailable
As2Fe2K0.7Sr0.3,iron_pnictide_122,mp-35276,,A1,12.2,3DSC_MP,,pending,,,single_crystal,sample_form_conditional_median:single_crystal,9.394,1.0,5.105892867898023,4.982273113417725,5.204974771366178,,5000,Hc2_unavailable
As2Fe2K0.7Sr0.3,iron_pnictide_122,mp-35276,,A1,12.2,3DSC_MP,,pending,,,single_crystal,sample_form_conditional_median:single_crystal,9.394,5.0,5.105892867898023,4.982273113417725,5.204974771366178,,5000,Hc2_unavailable
As2Fe2K0.9Na0.1,iron_pnictide_122,mp-35276,,A1,2.9,3DSC_MP,,pending,,,single_crystal,sample_form_conditional_median:single_crystal,4.2,0.1,,,,,5000,Hc2_unavailable
As2Fe2K0.9Na0.1,iron_pnictide_122,mp-35276,,A1,2.9,3DSC_MP,,pending,,,single_crystal,sample_form_conditional_median:single_crystal,4.2,1.0,,,,,5000,Hc2_unavailable
As2Fe2K0.9Na0.1,iron_pnictide_122,mp-35276,,A1,2.9,3DSC_MP,,pending,,,single_crystal,sample_form_conditional_median:single_crystal,4.2,5.0,,,,,5000,Hc2_unavailable
As2Fe2K0.9Na0.1,iron_pnictide_122,mp-35276,,A1,2.9,3DSC_MP,,pending,,,single_crystal,sample_form_conditional_median:single_crystal,20.0,0.1,,,,,5000,Hc2_unavailable
As2Fe2K0.9Na0.1,iron_pnictide_122,mp-35276,,A1,2.9,3DSC_MP,,pending,,,single_crystal,sample_form_conditional_median:single_crystal,20.0,1.0,,,,,5000,Hc2_unavailable
As2Fe2K0.9Na0.1,iron_pnictide_122,mp-35276,,A1,2.9,3DSC_MP,,pending,,,single_crystal,sample_form_conditional_median:single_crystal,20.0,5.0,,,,,5000,Hc2_unavailable
As2Fe2K0.9Na0.1,iron_pnictide_122,mp-35276,,A1,2.9,3DSC_MP,,pending,,,single_crystal,sample_form_conditional_median:single_crystal,2.233,0.1,17.425175737204114,16.04567387349689,18.70535474343725,,5000,Hc2_unavailable
As2Fe2K0.9Na0.1,iron_pnictide_122,mp-35276,,A1,2.9,3DSC_MP,,pending,,,single_crystal,sample_form_conditional_median:single_crystal,2.233,1.0,17.425175737204114,16.04567387349689,18.70535474343725,,5000,Hc2_unavailable
As2Fe2K0.9Na0.1,iron_pnictide_122,mp-35276,,A1,2.9,3DSC_MP,,pending,,,single_crystal,sample_form_conditional_median:single_crystal,2.233,5.0,17.425175737204114,16.04567387349689,18.70535474343725,,5000,Hc2_unavailable
As2Fe2K1,iron_pnictide_122,mp-35276,,A1,2.9965,3DSC_MP,,pending,,,single_crystal,sample_form_conditional_median:single_crystal,4.2,0.1,,,,,5000,Hc2_unavailable
As2Fe2K1,iron_pnictide_122,mp-35276,,A1,2.9965,3DSC_MP,,pending,,,single_crystal,sample_form_conditional_median:single_crystal,4.2,1.0,,,,,5000,Hc2_unavailable
As2Fe2K1,iron_pnictide_122,mp-35276,,A1,2.9965,3DSC_MP,,pending,,,single_crystal,sample_form_conditional_median:single_crystal,4.2,5.0,,,,,5000,Hc2_unavailable
As2Fe2K1,iron_pnictide_122,mp-35276,,A1,2.9965,3DSC_MP,,pending,,,single_crystal,sample_form_conditional_median:single_crystal,20.0,0.1,,,,,5000,Hc2_unavailable
As2Fe2K1,iron_pnictide_122,mp-35276,,A1,2.9965,3DSC_MP,,pending,,,single_crystal,sample_form_conditional_median:single_crystal,20.0,1.0,,,,,5000,Hc2_unavailable
As2Fe2K1,iron_pnictide_122,mp-35276,,A1,2.9965,3DSC_MP,,pending,,,single_crystal,sample_form_conditional_median:single_crystal,20.0,5.0,,,,,5000,Hc2_unavailable
As2Fe2K1,iron_pnictide_122,mp-35276,,A1,2.9965,3DSC_MP,,pending,,,single_crystal,sample_form_conditional_median:single_crystal,2.3073050000000004,0.1,17.396749198497034,16.023984407563717,18.704761197945512,,5000,Hc2_unavailable
As2Fe2K1,iron_pnictide_122,mp-35276,,A1,2.9965,3DSC_MP,,pending,,,single_crystal,sample_form_conditional_median:single_crystal,2.3073050000000004,1.0,17.396749198497034,16.023984407563717,18.704761197945512,,5000,Hc2_unavailable
As2Fe2K1,iron_pnictide_122,mp-35276,,A1,2.9965,3DSC_MP,,pending,,,single_crystal,sample_form_conditional_median:single_crystal,2.3073050000000004,5.0,17.396749198497034,16.023984407563717,18.704761197945512,,5000,Hc2_unavailable
As2Fe2Rb1,iron_pnictide_122,mp-975359,,A1,1.983333333,3DSC_MP,,pending,,,single_crystal,sample_form_conditional_median:single_crystal,4.2,0.1,,,,,5000,Hc2_unavailable
As2Fe2Rb1,iron_pnictide_122,mp-975359,,A1,1.983333333,3DSC_MP,,pending,,,single_crystal,sample_form_conditional_median:single_crystal,4.2,1.0,,,,,5000,Hc2_unavailable
As2Fe2Rb1,iron_pnictide_122,mp-975359,,A1,1.983333333,3DSC_MP,,pending,,,single_crystal,sample_form_conditional_median:single_crystal,4.2,5.0,,,,,5000,Hc2_unavailable
As2Fe2Rb1,iron_pnictide_122,mp-975359,,A1,1.983333333,3DSC_MP,,pending,,,single_crystal,sample_form_conditional_median:single_crystal,20.0,0.1,,,,,5000,Hc2_unavailable
As2Fe2Rb1,iron_pnictide_122,mp-975359,,A1,1.983333333,3DSC_MP,,pending,,,single_crystal,sample_form_conditional_median:single_crystal,20.0,1.0,,,,,5000,Hc2_unavailable
As2Fe2Rb1,iron_pnictide_122,mp-975359,,A1,1.983333333,3DSC_MP,,pending,,,single_crystal,sample_form_conditional_median:single_crystal,20.0,5.0,,,,,5000,Hc2_unavailable
As2Fe2Rb1,iron_pnictide_122,mp-975359,,A1,1.983333333,3DSC_MP,,pending,,,single_crystal,sample_form_conditional_median:single_crystal,1.52716666641,0.1,17.42079388359829,16.022714800530714,18.70629024225916,,5000,Hc2_unavailable
As2Fe2Rb1,iron_pnictide_122,mp-975359,,A1,1.983333333,3DSC_MP,,pending,,,single_crystal,sample_form_conditional_median:single_crystal,1.52716666641,1.0,17.42079388359829,16.022714800530714,18.70629024225916,,5000,Hc2_unavailable
As2Fe2Rb1,iron_pnictide_122,mp-975359,,A1,1.983333333,3DSC_MP,,pending,,,single_crystal,sample_form_conditional_median:single_crystal,1.52716666641,5.0,17.42079388359829,16.022714800530714,18.70629024225916,,5000,Hc2_unavailable
Ag1B2,conventional_AlB2,mp-12062,,A1,6.7,3DSC_MP,,pending,,,,substructure_aggregate_median,4.2,0.1,5.324105348641889,5.1863788403346,5.549941092791016,,5000,Hc2_unavailable
Ag1B2,conventional_AlB2,mp-12062,,A1,6.7,3DSC_MP,,pending,,,,substructure_aggregate_median,4.2,1.0,5.324105348641889,5.1863788403346,5.549941092791016,,5000,Hc2_unavailable
Ag1B2,conventional_AlB2,mp-12062,,A1,6.7,3DSC_MP,,pending,,,,substructure_aggregate_median,4.2,5.0,5.324105348641889,5.1863788403346,5.549941092791016,,5000,Hc2_unavailable
Ag1B2,conventional_AlB2,mp-12062,,A1,6.7,3DSC_MP,,pending,,,,substructure_aggregate_median,20.0,0.1,,,,,5000,Hc2_unavailable
Ag1B2,conventional_AlB2,mp-12062,,A1,6.7,3DSC_MP,,pending,,,,substructure_aggregate_median,20.0,1.0,,,,,5000,Hc2_unavailable
Ag1B2,conventional_AlB2,mp-12062,,A1,6.7,3DSC_MP,,pending,,,,substructure_aggregate_median,20.0,5.0,,,,,5000,Hc2_unavailable
Ag1B2,conventional_AlB2,mp-12062,,A1,6.7,3DSC_MP,,pending,,,,substructure_aggregate_median,5.159000000000001,0.1,5.097642673803628,4.870562893480564,5.370000723024609,,5000,Hc2_unavailable
Ag1B2,conventional_AlB2,mp-12062,,A1,6.7,3DSC_MP,,pending,,,,substructure_aggregate_median,5.159000000000001,1.0,5.097642673803628,4.870562893480564,5.370000723024609,,5000,Hc2_unavailable
Ag1B2,conventional_AlB2,mp-12062,,A1,6.7,3DSC_MP,,pending,,,,substructure_aggregate_median,5.159000000000001,5.0,5.097642673803628,4.870562893480564,5.370000723024609,,5000,Hc2_unavailable
Al0.01B2Mg0.99,conventional_AlB2,mp-763,,A1,37.95,3DSC_MP,15.5,c_parent,±20-50%,S1_v3_2_2B_extension,,substructure_aggregate_median,4.2,0.1,5.324105348641889,5.1863788403346,5.559330705252185,0.0,5000,
Al0.01B2Mg0.99,conventional_AlB2,mp-763,,A1,37.95,3DSC_MP,15.5,c_parent,±20-50%,S1_v3_2_2B_extension,,substructure_aggregate_median,4.2,1.0,5.269431390263902,5.10734653176746,5.508161317988524,0.024714809950443062,5000,
Al0.01B2Mg0.99,conventional_AlB2,mp-763,,A1,37.95,3DSC_MP,15.5,c_parent,±20-50%,S1_v3_2_2B_extension,,substructure_aggregate_median,4.2,5.0,4.981083116464963,4.664326021449344,5.264931825178314,0.18549952581537354,5000,
Al0.01B2Mg0.99,conventional_AlB2,mp-763,,A1,37.95,3DSC_MP,15.5,c_parent,±20-50%,S1_v3_2_2B_extension,,substructure_aggregate_median,20.0,0.1,5.026105223389626,4.75640296000854,5.3414598980851355,0.0,5000,
Al0.01B2Mg0.99,conventional_AlB2,mp-763,,A1,37.95,3DSC_MP,15.5,c_parent,±20-50%,S1_v3_2_2B_extension,,substructure_aggregate_median,20.0,1.0,4.968041392846604,4.683895671678248,5.293522205802226,0.02541837479524478,5000,
Al0.01B2Mg0.99,conventional_AlB2,mp-763,,A1,37.95,3DSC_MP,15.5,c_parent,±20-50%,S1_v3_2_2B_extension,,substructure_aggregate_median,20.0,5.0,4.667530960476145,4.248060158285139,5.063042301394115,0.1910183038581117,5000,
Al0.01B2Mg0.99,conventional_AlB2,mp-763,,A1,37.95,3DSC_MP,15.5,c_parent,±20-50%,S1_v3_2_2B_extension,,substructure_aggregate_median,29.221500000000002,0.1,4.654774365022116,4.188081961573795,5.1879988071215415,0.0,5000,
Al0.01B2Mg0.99,conventional_AlB2,mp-763,,A1,37.95,3DSC_MP,15.5,c_parent,±20-50%,S1_v3_2_2B_extension,,substructure_aggregate_median,29.221500000000002,1.0,4.600391695026145,4.10376742675534,5.14186464348482,0.02545946454299841,5000,
Al0.01B2Mg0.99,conventional_AlB2,mp-763,,A1,37.95,3DSC_MP,15.5,c_parent,±20-50%,S1_v3_2_2B_extension,,substructure_aggregate_median,29.221500000000002,5.0,4.294569283828846,3.6796433468562038,4.907462811711364,0.19677990762609276,5000,
Al0.022B2Mg0.978,conventional_AlB2,mp-763,,A1,34.7,3DSC_MP,15.5,c_parent,±20-50%,S1_v3_2_2B_extension,,substructure_aggregate_median,4.2,0.1,5.324105348641889,5.171003190830169,5.559330705252185,0.0,5000,
Al0.022B2Mg0.978,conventional_AlB2,mp-763,,A1,34.7,3DSC_MP,15.5,c_parent,±20-50%,S1_v3_2_2B_extension,,substructure_aggregate_median,4.2,1.0,5.269431390263902,5.104680266782216,5.507922188052283,0.024248574938493306,5000,
Al0.022B2Mg0.978,conventional_AlB2,mp-763,,A1,34.7,3DSC_MP,15.5,c_parent,±20-50%,S1_v3_2_2B_extension,,substructure_aggregate_median,4.2,5.0,4.980622895715926,4.66194451505004,5.268626383053967,0.1849636369458869,5000,
Al0.022B2Mg0.978,conventional_AlB2,mp-763,,A1,34.7,3DSC_MP,15.5,c_parent,±20-50%,S1_v3_2_2B_extension,,substructure_aggregate_median,20.0,0.1,4.973481303562738,4.690210189790752,5.310059050358187,0.0,5000,
Al0.022B2Mg0.978,conventional_AlB2,mp-763,,A1,34.7,3DSC_MP,15.5,c_parent,±20-50%,S1_v3_2_2B_extension,,substructure_aggregate_median,20.0,1.0,4.915755500456068,4.614915624619084,5.263142104958129,0.02410682486169957,5000,
Al0.022B2Mg0.978,conventional_AlB2,mp-763,,A1,34.7,3DSC_MP,15.5,c_parent,±20-50%,S1_v3_2_2B_extension,,substructure_aggregate_median,20.0,5.0,4.612819498687968,4.168798040936677,5.0282185091895455,0.19088531505813044,5000,
Al0.022B2Mg0.978,conventional_AlB2,mp-763,,A1,34.7,3DSC_MP,15.5,c_parent,±20-50%,S1_v3_2_2B_extension,,substructure_aggregate_median,26.719,0.1,4.660300939958743,4.155834051414945,5.187512659912651,0.0,5000,
Al0.022B2Mg0.978,conventional_AlB2,mp-763,,A1,34.7,3DSC_MP,15.5,c_parent,±20-50%,S1_v3_2_2B_extension,,substructure_aggregate_median,26.719,1.0,4.599873645155032,4.0814635479944785,5.136031846159431,0.022998289372720748,5000,
Al0.022B2Mg0.978,conventional_AlB2,mp-763,,A1,34.7,3DSC_MP,15.5,c_parent,±20-50%,S1_v3_2_2B_extension,,substructure_aggregate_median,26.719,5.0,4.297455628538685,3.6851949511213746,4.891752620310233,0.19308565918096843,5000,
Al0.02B2Mg0.98,conventional_AlB2,mp-763,,A1,36.7,3DSC_MP,15.5,c_parent,±20-50%,S1_v3_2_2B_extension,,substructure_aggregate_median,4.2,0.1,5.324105348641889,5.171003190830169,5.559330705252185,0.0,5000,
Al0.02B2Mg0.98,conventional_AlB2,mp-763,,A1,36.7,3DSC_MP,15.5,c_parent,±20-50%,S1_v3_2_2B_extension,,substructure_aggregate_median,4.2,1.0,5.271544406272218,5.105592915823584,5.506751427124972,0.026949763413773198,5000,
Al0.02B2Mg0.98,conventional_AlB2,mp-763,,A1,36.7,3DSC_MP,15.5,c_parent,±20-50%,S1_v3_2_2B_extension,,substructure_aggregate_median,4.2,5.0,4.981543337214,4.6707570419649915,5.267720163001365,0.18608869939486095,5000,
Al0.02B2Mg0.98,conventional_AlB2,mp-763,,A1,36.7,3DSC_MP,15.5,c_parent,±20-50%,S1_v3_2_2B_extension,,substructure_aggregate_median,20.0,0.1,5.009059454988169,4.723314565722279,5.323057922571009,0.0,5000,
Al0.02B2Mg0.98,conventional_AlB2,mp-763,,A1,36.7,3DSC_MP,15.5,c_parent,±20-50%,S1_v3_2_2B_extension,,substructure_aggregate_median,20.0,1.0,4.950439432026436,4.650266040146747,5.272012223741379,0.024546652189718188,5000,
Al0.02B2Mg0.98,conventional_AlB2,mp-763,,A1,36.7,3DSC_MP,15.5,c_parent,±20-50%,S1_v3_2_2B_extension,,substructure_aggregate_median,20.0,5.0,4.645931099745012,4.21900389462887,5.033883906144396,0.19168821923856072,5000,
Al0.02B2Mg0.98,conventional_AlB2,mp-763,,A1,36.7,3DSC_MP,15.5,c_parent,±20-50%,S1_v3_2_2B_extension,,substructure_aggregate_median,28.259000000000004,0.1,4.656876601001858,4.118218026739378,5.168355920009565,0.0,5000,
Al0.02B2Mg0.98,conventional_AlB2,mp-763,,A1,36.7,3DSC_MP,15.5,c_parent,±20-50%,S1_v3_2_2B_extension,,substructure_aggregate_median,28.259000000000004,1.0,4.602550385158409,4.053675634553142,5.115825918764208,0.024282875569858753,5000,
Al0.02B2Mg0.98,conventional_AlB2,mp-763,,A1,36.7,3DSC_MP,15.5,c_parent,±20-50%,S1_v3_2_2B_extension,,substructure_aggregate_median,28.259000000000004,5.0,4.294212001559919,3.6492483996955145,4.879432148185523,0.1947552143120932,5000,
Al0.03B2Mg0.97,conventional_AlB2,mp-763,,A1,37.3,3DSC_MP,15.5,c_parent,±20-50%,S1_v3_2_2B_extension,,substructure_aggregate_median,4.2,0.1,5.324105348641889,5.171003190830169,5.559330705252185,0.0,5000,
Al0.03B2Mg0.97,conventional_AlB2,mp-763,,A1,37.3,3DSC_MP,15.5,c_parent,±20-50%,S1_v3_2_2B_extension,,substructure_aggregate_median,4.2,1.0,5.266214364520186,5.103264623835246,5.5094156914624905,0.023854965423002028,5000,
Al0.03B2Mg0.97,conventional_AlB2,mp-763,,A1,37.3,3DSC_MP,15.5,c_parent,±20-50%,S1_v3_2_2B_extension,,substructure_aggregate_median,4.2,5.0,4.978240786087785,4.661485594406893,5.264406632650265,0.18461862858346656,5000,
Al0.03B2Mg0.97,conventional_AlB2,mp-763,,A1,37.3,3DSC_MP,15.5,c_parent,±20-50%,S1_v3_2_2B_extension,,substructure_aggregate_median,20.0,0.1,5.017475462598519,4.738871615227802,5.3275873451749005,0.0,5000,
Al0.03B2Mg0.97,conventional_AlB2,mp-763,,A1,37.3,3DSC_MP,15.5,c_parent,±20-50%,S1_v3_2_2B_extension,,substructure_aggregate_median,20.0,1.0,4.956938597711241,4.665830741274884,5.27973591929788,0.0246900026529282,5000,
Al0.03B2Mg0.97,conventional_AlB2,mp-763,,A1,37.3,3DSC_MP,15.5,c_parent,±20-50%,S1_v3_2_2B_extension,,substructure_aggregate_median,20.0,5.0,4.655156205122421,4.217202942642701,5.0331965211488745,0.18800977757680037,5000,
Al0.03B2Mg0.97,conventional_AlB2,mp-763,,A1,37.3,3DSC_MP,15.5,c_parent,±20-50%,S1_v3_2_2B_extension,,substructure_aggregate_median,28.721,0.1,4.65584882773663,4.171163973619355,5.167899849493845,0.0,5000,
Al0.03B2Mg0.97,conventional_AlB2,mp-763,,A1,37.3,3DSC_MP,15.5,c_parent,±20-50%,S1_v3_2_2B_extension,,substructure_aggregate_median,28.721,1.0,4.592709253372747,4.090627346874213,5.11774532952097,0.02368725046689235,5000,
Al0.03B2Mg0.97,conventional_AlB2,mp-763,,A1,37.3,3DSC_MP,15.5,c_parent,±20-50%,S1_v3_2_2B_extension,,substructure_aggregate_median,28.721,5.0,4.290045482041284,3.639968008202633,4.878752905592394,0.19106638193535375,5000,
Al0.044B2Mg0.956,conventional_AlB2,mp-763,,A1,34.0,3DSC_MP,15.5,c_parent,±20-50%,S1_v3_2_2B_extension,,substructure_aggregate_median,4.2,0.1,5.324105348641889,5.171003190830169,5.559330705252185,0.0,5000,
Al0.044B2Mg0.956,conventional_AlB2,mp-763,,A1,34.0,3DSC_MP,15.5,c_parent,±20-50%,S1_v3_2_2B_extension,,substructure_aggregate_median,4.2,1.0,5.268327380528502,5.102014001796972,5.508161317988524,0.023440838653630003,5000,
Al0.044B2Mg0.956,conventional_AlB2,mp-763,,A1,34.0,3DSC_MP,15.5,c_parent,±20-50%,S1_v3_2_2B_extension,,substructure_aggregate_median,4.2,5.0,4.97994781687558,4.662443293737564,5.265395422341659,0.18280359836365534,5000,
Al0.044B2Mg0.956,conventional_AlB2,mp-763,,A1,34.0,3DSC_MP,15.5,c_parent,±20-50%,S1_v3_2_2B_extension,,substructure_aggregate_median,20.0,0.1,4.961989900734549,4.668342589629016,5.300174108532829,0.0,5000,
Al0.044B2Mg0.956,conventional_AlB2,mp-763,,A1,34.0,3DSC_MP,15.5,c_parent,±20-50%,S1_v3_2_2B_extension,,substructure_aggregate_median,20.0,1.0,4.9010288042273356,4.594734632841817,5.256210919367534,0.02432743495613998,5000,
Al0.044B2Mg0.956,conventional_AlB2,mp-763,,A1,34.0,3DSC_MP,15.5,c_parent,±20-50%,S1_v3_2_2B_extension,,substructure_aggregate_median,20.0,5.0,4.596594530911205,4.145227964443689,5.0219676077812325,0.18808448513027276,5000,
Al0.044B2Mg0.956,conventional_AlB2,mp-763,,A1,34.0,3DSC_MP,15.5,c_parent,±20-50%,S1_v3_2_2B_extension,,substructure_aggregate_median,26.18,0.1,4.6491002452214225,4.149299013502484,5.171153036866937,0.0,5000,
Al0.044B2Mg0.956,conventional_AlB2,mp-763,,A1,34.0,3DSC_MP,15.5,c_parent,±20-50%,S1_v3_2_2B_extension,,substructure_aggregate_median,26.18,1.0,4.594402797242099,4.080274997680359,5.130496398037151,0.024335811499740068,5000,
Al0.044B2Mg0.956,conventional_AlB2,mp-763,,A1,34.0,3DSC_MP,15.5,c_parent,±20-50%,S1_v3_2_2B_extension,,substructure_aggregate_median,26.18,5.0,4.294118887560661,3.6687490617462264,4.895450638381949,0.19308402530411595,5000,
Al0.05B2Mg0.95,conventional_AlB2,mp-763,,A1,36.46666667,3DSC_MP,15.5,c_parent,±20-50%,S1_v3_2_2B_extension,,substructure_aggregate_median,4.2,0.1,5.324105348641889,5.171003190830169,5.549941092791016,0.0,5000,
Al0.05B2Mg0.95,conventional_AlB2,mp-763,,A1,36.46666667,3DSC_MP,15.5,c_parent,±20-50%,S1_v3_2_2B_extension,,substructure_aggregate_median,4.2,1.0,5.271544406272218,5.102598161437979,5.50374824969933,0.025093349202149895,5000,
Al0.05B2Mg0.95,conventional_AlB2,mp-763,,A1,36.46666667,3DSC_MP,15.5,c_parent,±20-50%,S1_v3_2_2B_extension,,substructure_aggregate_median,4.2,5.0,4.980622895715926,4.666310110214952,5.25712374031608,0.18545160231440505,5000,
Al0.05B2Mg0.95,conventional_AlB2,mp-763,,A1,36.46666667,3DSC_MP,15.5,c_parent,±20-50%,S1_v3_2_2B_extension,,substructure_aggregate_median,20.0,0.1,5.005661691244728,4.734232757667157,5.321450392513073,0.0,5000,
Al0.05B2Mg0.95,conventional_AlB2,mp-763,,A1,36.46666667,3DSC_MP,15.5,c_parent,±20-50%,S1_v3_2_2B_extension,,substructure_aggregate_median,20.0,1.0,4.944569661137445,4.665186810970564,5.276176653483256,0.02440202062039276,5000,
Al0.05B2Mg0.95,conventional_AlB2,mp-763,,A1,36.46666667,3DSC_MP,15.5,c_parent,±20-50%,S1_v3_2_2B_extension,,substructure_aggregate_median,20.0,5.0,4.639133131953429,4.226427312998879,5.039496843586286,0.1926474699176728,5000,
Al0.05B2Mg0.95,conventional_AlB2,mp-763,,A1,36.46666667,3DSC_MP,15.5,c_parent,±20-50%,S1_v3_2_2B_extension,,substructure_aggregate_median,28.079333335900003,0.1,4.6491437734721055,4.232251118997718,5.168537597414918,0.0,5000,
Al0.05B2Mg0.95,conventional_AlB2,mp-763,,A1,36.46666667,3DSC_MP,15.5,c_parent,±20-50%,S1_v3_2_2B_extension,,substructure_aggregate_median,28.079333335900003,1.0,4.592346949179463,4.161742304565974,5.129908095662392,0.025067610302879295,5000,
Al0.05B2Mg0.95,conventional_AlB2,mp-763,,A1,36.46666667,3DSC_MP,15.5,c_parent,±20-50%,S1_v3_2_2B_extension,,substructure_aggregate_median,28.079333335900003,5.0,4.291641076058754,3.7095484418396154,4.88920123042337,0.19543521482806447,5000,
Al0.06B2Mg0.94,conventional_AlB2,mp-763,,A1,37.0,3DSC_MP,15.5,c_parent,±20-50%,S1_v3_2_2B_extension,,substructure_aggregate_median,4.2,0.1,5.324105348641889,5.1863788403346,5.549941092791016,0.0,5000,
Al0.06B2Mg0.94,conventional_AlB2,mp-763,,A1,37.0,3DSC_MP,15.5,c_parent,±20-50%,S1_v3_2_2B_extension,,substructure_aggregate_median,4.2,1.0,5.26921092295497,5.104761269785125,5.50466141861311,0.024646367404310254,5000,
Al0.06B2Mg0.94,conventional_AlB2,mp-763,,A1,37.0,3DSC_MP,15.5,c_parent,±20-50%,S1_v3_2_2B_extension,,substructure_aggregate_median,4.2,5.0,4.9763786985300005,4.661485594406893,5.263501015723233,0.18461862858346656,5000,
Al0.06B2Mg0.94,conventional_AlB2,mp-763,,A1,37.0,3DSC_MP,15.5,c_parent,±20-50%,S1_v3_2_2B_extension,,substructure_aggregate_median,20.0,0.1,5.0133238328376,4.74415382352567,5.33482029194912,0.0,5000,
Al0.06B2Mg0.94,conventional_AlB2,mp-763,,A1,37.0,3DSC_MP,15.5,c_parent,±20-50%,S1_v3_2_2B_extension,,substructure_aggregate_median,20.0,1.0,4.953051079322383,4.6667776759956325,5.284052518980359,0.025315114451069043,5000,
Al0.06B2Mg0.94,conventional_AlB2,mp-763,,A1,37.0,3DSC_MP,15.5,c_parent,±20-50%,S1_v3_2_2B_extension,,substructure_aggregate_median,20.0,5.0,4.647034679595952,4.225152511042297,5.05425683790584,0.19362293800115005,5000,
Al0.06B2Mg0.94,conventional_AlB2,mp-763,,A1,37.0,3DSC_MP,15.5,c_parent,±20-50%,S1_v3_2_2B_extension,,substructure_aggregate_median,28.490000000000002,0.1,4.6563582809529525,4.206167093770524,5.170100187862556,0.0,5000,
Al0.06B2Mg0.94,conventional_AlB2,mp-763,,A1,37.0,3DSC_MP,15.5,c_parent,±20-50%,S1_v3_2_2B_extension,,substructure_aggregate_median,28.490000000000002,1.0,4.595250271087534,4.131364282217897,5.129487002325337,0.0233009272656437,5000,
Al0.06B2Mg0.94,conventional_AlB2,mp-763,,A1,37.0,3DSC_MP,15.5,c_parent,±20-50%,S1_v3_2_2B_extension,,substructure_aggregate_median,28.490000000000002,5.0,4.289103604745754,3.681732165257126,4.8999787574294205,0.19704246054923757,5000,
Al0.07B2Mg0.93,conventional_AlB2,mp-763,,A1,35.8,3DSC_MP,15.5,c_parent,±20-50%,S1_v3_2_2B_extension,,substructure_aggregate_median,4.2,0.1,5.324105348641889,5.171003190830169,5.549941092791016,0.0,5000,
Al0.07B2Mg0.93,conventional_AlB2,mp-763,,A1,35.8,3DSC_MP,15.5,c_parent,±20-50%,S1_v3_2_2B_extension,,substructure_aggregate_median,4.2,1.0,5.269431390263902,5.1026131398903125,5.5039358646518375,0.02399488345937595,5000,
Al0.07B2Mg0.93,conventional_AlB2,mp-763,,A1,35.8,3DSC_MP,15.5,c_parent,±20-50%,S1_v3_2_2B_extension,,substructure_aggregate_median,4.2,5.0,4.978391941810938,4.65997924780446,5.263524537620467,0.1856621626134105,5000,
Al0.07B2Mg0.93,conventional_AlB2,mp-763,,A1,35.8,3DSC_MP,15.5,c_parent,±20-50%,S1_v3_2_2B_extension,,substructure_aggregate_median,20.0,0.1,4.989987810441459,4.708071504738192,5.316192514934161,0.0,5000,
Al0.07B2Mg0.93,conventional_AlB2,mp-763,,A1,35.8,3DSC_MP,15.5,c_parent,±20-50%,S1_v3_2_2B_extension,,substructure_aggregate_median,20.0,1.0,4.932052130194654,4.632078572594114,5.268964055041206,0.025047124840410717,5000,
Al0.07B2Mg0.93,conventional_AlB2,mp-763,,A1,35.8,3DSC_MP,15.5,c_parent,±20-50%,S1_v3_2_2B_extension,,substructure_aggregate_median,20.0,5.0,4.628384700935478,4.186994981816402,5.046217814130137,0.19012938885642416,5000,
Al0.07B2Mg0.93,conventional_AlB2,mp-763,,A1,35.8,3DSC_MP,15.5,c_parent,±20-50%,S1_v3_2_2B_extension,,substructure_aggregate_median,27.566,0.1,4.646206872879994,4.111821570197525,5.167928716665624,0.0,5000,
Al0.07B2Mg0.93,conventional_AlB2,mp-763,,A1,35.8,3DSC_MP,15.5,c_parent,±20-50%,S1_v3_2_2B_extension,,substructure_aggregate_median,27.566,1.0,4.591483985728242,4.032122838445882,5.11938055230761,0.024729810844962508,5000,
Al0.07B2Mg0.93,conventional_AlB2,mp-763,,A1,35.8,3DSC_MP,15.5,c_parent,±20-50%,S1_v3_2_2B_extension,,substructure_aggregate_median,27.566,5.0,4.2866366602035315,3.6271415704781913,4.89072158912341,0.19611313279269194,5000,
Al0.085B2Mg0.915,conventional_AlB2,mp-763,,A1,32.4,3DSC_MP,15.5,c_parent,±20-50%,S1_v3_2_2B_extension,,substructure_aggregate_median,4.2,0.1,5.324105348641889,5.1863788403346,5.559330705252185,0.0,5000,
Al0.085B2Mg0.915,conventional_AlB2,mp-763,,A1,32.4,3DSC_MP,15.5,c_parent,±20-50%,S1_v3_2_2B_extension,,substructure_aggregate_median,4.2,1.0,5.269307678896171,5.109270978216732,5.506786674396561,0.02333426028868324,5000,
Al0.085B2Mg0.915,conventional_AlB2,mp-763,,A1,32.4,3DSC_MP,15.5,c_parent,±20-50%,S1_v3_2_2B_extension,,substructure_aggregate_median,4.2,5.0,4.980801987065298,4.667268958449525,5.264489202289058,0.1843989497486449,5000,
Al0.085B2Mg0.915,conventional_AlB2,mp-763,,A1,32.4,3DSC_MP,15.5,c_parent,±20-50%,S1_v3_2_2B_extension,,substructure_aggregate_median,20.0,0.1,4.926990475384274,4.6274912767716305,5.292550189259555,0.0,5000,
Al0.085B2Mg0.915,conventional_AlB2,mp-763,,A1,32.4,3DSC_MP,15.5,c_parent,±20-50%,S1_v3_2_2B_extension,,substructure_aggregate_median,20.0,1.0,4.8691673557626745,4.551664221183088,5.242635175469861,0.023985657473434507,5000,
Al0.085B2Mg0.915,conventional_AlB2,mp-763,,A1,32.4,3DSC_MP,15.5,c_parent,±20-50%,S1_v3_2_2B_extension,,substructure_aggregate_median,20.0,5.0,4.5638431011859355,4.110099742058509,5.0056810933035205,0.19107748434467897,5000,
Al0.085B2Mg0.915,conventional_AlB2,mp-763,,A1,32.4,3DSC_MP,15.5,c_parent,±20-50%,S1_v3_2_2B_extension,,substructure_aggregate_median,24.948,0.1,4.655163285903798,4.219496600552518,5.17215532175352,0.0,5000,
Al0.085B2Mg0.915,conventional_AlB2,mp-763,,A1,32.4,3DSC_MP,15.5,c_parent,±20-50%,S1_v3_2_2B_extension,,substructure_aggregate_median,24.948,1.0,4.600758396289692,4.148134282958605,5.126583893333505,0.02399305863144896,5000,
Al0.085B2Mg0.915,conventional_AlB2,mp-763,,A1,32.4,3DSC_MP,15.5,c_parent,±20-50%,S1_v3_2_2B_extension,,substructure_aggregate_median,24.948,5.0,4.297332684805882,3.7158609806728418,4.894854490684743,0.1933649698058293,5000,
Al0.08B2Mg0.92,conventional_AlB2,mp-763,,A1,33.55,3DSC_MP,15.5,c_parent,±20-50%,S1_v3_2_2B_extension,,substructure_aggregate_median,4.2,0.1,5.324105348641889,5.185994449096989,5.559330705252185,0.0,5000,
Al0.08B2Mg0.92,conventional_AlB2,mp-763,,A1,33.55,3DSC_MP,15.5,c_parent,±20-50%,S1_v3_2_2B_extension,,substructure_aggregate_median,4.2,1.0,5.271544406272218,5.104036057933822,5.50942559614607,0.02566886720828432,5000,
Al0.08B2Mg0.92,conventional_AlB2,mp-763,,A1,33.55,3DSC_MP,15.5,c_parent,±20-50%,S1_v3_2_2B_extension,,substructure_aggregate_median,4.2,5.0,4.980622895715926,4.66240692831103,5.266442531151321,0.18500874584339222,5000,
Al0.08B2Mg0.92,conventional_AlB2,mp-763,,A1,33.55,3DSC_MP,15.5,c_parent,±20-50%,S1_v3_2_2B_extension,,substructure_aggregate_median,20.0,0.1,4.951006438331306,4.648231483274939,5.305076035340955,0.0,5000,
Al0.08B2Mg0.92,conventional_AlB2,mp-763,,A1,33.55,3DSC_MP,15.5,c_parent,±20-50%,S1_v3_2_2B_extension,,substructure_aggregate_median,20.0,1.0,4.892454796750105,4.576720817412639,5.2597963611630485,0.024259490759567903,5000,
Al0.08B2Mg0.92,conventional_AlB2,mp-763,,A1,33.55,3DSC_MP,15.5,c_parent,±20-50%,S1_v3_2_2B_extension,,substructure_aggregate_median,20.0,5.0,4.587486408082513,4.135659250375783,5.020293106310528,0.19148776005513302,5000,
Al0.08B2Mg0.92,conventional_AlB2,mp-763,,A1,33.55,3DSC_MP,15.5,c_parent,±20-50%,S1_v3_2_2B_extension,,substructure_aggregate_median,25.833499999999997,0.1,4.651916221696753,4.130625747907775,5.1916127279380495,0.0,5000,
Al0.08B2Mg0.92,conventional_AlB2,mp-763,,A1,33.55,3DSC_MP,15.5,c_parent,±20-50%,S1_v3_2_2B_extension,,substructure_aggregate_median,25.833499999999997,1.0,4.595862274195376,4.058046181413017,5.140869075747453,0.025093349202149895,5000,
Al0.08B2Mg0.92,conventional_AlB2,mp-763,,A1,33.55,3DSC_MP,15.5,c_parent,±20-50%,S1_v3_2_2B_extension,,substructure_aggregate_median,25.833499999999997,5.0,4.2900619704331735,3.6570876362592784,4.902167443117816,0.19665855831865464,5000,
Al0.09B2Mg0.91,conventional_AlB2,mp-763,,A1,34.7,3DSC_MP,15.5,c_parent,±20-50%,S1_v3_2_2B_extension,,substructure_aggregate_median,4.2,0.1,5.324105348641889,5.1863788403346,5.559330705252185,0.0,5000,
Al0.09B2Mg0.91,conventional_AlB2,mp-763,,A1,34.7,3DSC_MP,15.5,c_parent,±20-50%,S1_v3_2_2B_extension,,substructure_aggregate_median,4.2,1.0,5.268327380528502,5.105592915823584,5.506751427124972,0.0241882717625721,5000,
Al0.09B2Mg0.91,conventional_AlB2,mp-763,,A1,34.7,3DSC_MP,15.5,c_parent,±20-50%,S1_v3_2_2B_extension,,substructure_aggregate_median,4.2,5.0,4.978628899283534,4.666190369578961,5.266417610807262,0.18628883502680615,5000,
Al0.09B2Mg0.91,conventional_AlB2,mp-763,,A1,34.7,3DSC_MP,15.5,c_parent,±20-50%,S1_v3_2_2B_extension,,substructure_aggregate_median,20.0,0.1,4.973481303562738,4.6969730370392515,5.313528685521546,0.0,5000,
Al0.09B2Mg0.91,conventional_AlB2,mp-763,,A1,34.7,3DSC_MP,15.5,c_parent,±20-50%,S1_v3_2_2B_extension,,substructure_aggregate_median,20.0,1.0,4.915994615962407,4.6199971937729485,5.263218944877717,0.02405396725212494,5000,
Al0.09B2Mg0.91,conventional_AlB2,mp-763,,A1,34.7,3DSC_MP,15.5,c_parent,±20-50%,S1_v3_2_2B_extension,,substructure_aggregate_median,20.0,5.0,4.611329093317343,4.190073023635319,5.027380571858147,0.19028796382309388,5000,
Al0.09B2Mg0.91,conventional_AlB2,mp-763,,A1,34.7,3DSC_MP,15.5,c_parent,±20-50%,S1_v3_2_2B_extension,,substructure_aggregate_median,26.719,0.1,4.652434587524703,4.196932746023043,5.169997883757132,0.0,5000,
Al0.09B2Mg0.91,conventional_AlB2,mp-763,,A1,34.7,3DSC_MP,15.5,c_parent,±20-50%,S1_v3_2_2B_extension,,substructure_aggregate_median,26.719,1.0,4.594626193910516,4.121860764349097,5.119396320919394,0.024741268800516636,5000,
Al0.09B2Mg0.91,conventional_AlB2,mp-763,,A1,34.7,3DSC_MP,15.5,c_parent,±20-50%,S1_v3_2_2B_extension,,substructure_aggregate_median,26.719,5.0,4.292389882387574,3.7021898319261064,4.881174171109375,0.19298602870143977,5000,
Al0.14B2Mg0.86,conventional_AlB2,mp-763,,A1,35.1,3DSC_MP,15.5,c_parent,±20-50%,S1_v3_2_2B_extension,,substructure_aggregate_median,4.2,0.1,5.324105348641889,5.171003190830169,5.559330705252185,0.0,5000,
Al0.14B2Mg0.86,conventional_AlB2,mp-763,,A1,35.1,3DSC_MP,15.5,c_parent,±20-50%,S1_v3_2_2B_extension,,substructure_aggregate_median,4.2,1.0,5.268976803339168,5.103248336736622,5.504780351850702,0.023734428952709052,5000,
Al0.14B2Mg0.86,conventional_AlB2,mp-763,,A1,35.1,3DSC_MP,15.5,c_parent,±20-50%,S1_v3_2_2B_extension,,substructure_aggregate_median,4.2,5.0,4.979161227585859,4.65997924780446,5.2601945325867545,0.18461862858346656,5000,
Al0.14B2Mg0.86,conventional_AlB2,mp-763,,A1,35.1,3DSC_MP,15.5,c_parent,±20-50%,S1_v3_2_2B_extension,,substructure_aggregate_median,20.0,0.1,4.979690677505768,4.698553341425925,5.310301230125434,0.0,5000,
Al0.14B2Mg0.86,conventional_AlB2,mp-763,,A1,35.1,3DSC_MP,15.5,c_parent,±20-50%,S1_v3_2_2B_extension,,substructure_aggregate_median,20.0,1.0,4.922879612699596,4.618906194229048,5.264313028763689,0.02463936450351234,5000,
Al0.14B2Mg0.86,conventional_AlB2,mp-763,,A1,35.1,3DSC_MP,15.5,c_parent,±20-50%,S1_v3_2_2B_extension,,substructure_aggregate_median,20.0,5.0,4.617197564277795,4.174075106894755,5.029789658533594,0.1892943751404097,5000,
Al0.14B2Mg0.86,conventional_AlB2,mp-763,,A1,35.1,3DSC_MP,15.5,c_parent,±20-50%,S1_v3_2_2B_extension,,substructure_aggregate_median,27.027,0.1,4.651658515977499,4.183860703642732,5.169653504930845,0.0,5000,
Al0.14B2Mg0.86,conventional_AlB2,mp-763,,A1,35.1,3DSC_MP,15.5,c_parent,±20-50%,S1_v3_2_2B_extension,,substructure_aggregate_median,27.027,1.0,4.594991071529925,4.115583150739832,5.121863670508242,0.025330420569887657,5000,
Al0.14B2Mg0.86,conventional_AlB2,mp-763,,A1,35.1,3DSC_MP,15.5,c_parent,±20-50%,S1_v3_2_2B_extension,,substructure_aggregate_median,27.027,5.0,4.29161381084037,3.672325838288471,4.889628465379071,0.19346652716807888,5000,
Al0.15B2Mg0.85,conventional_AlB2,mp-763,,A1,31.5,3DSC_MP,15.5,c_parent,±20-50%,S1_v3_2_2B_extension,,substructure_aggregate_median,4.2,0.1,5.324105348641889,5.171003190830169,5.549941092791016,0.0,5000,
Al0.15B2Mg0.85,conventional_AlB2,mp-763,,A1,31.5,3DSC_MP,15.5,c_parent,±20-50%,S1_v3_2_2B_extension,,substructure_aggregate_median,4.2,1.0,5.271019861639648,5.1026131398903125,5.504780351850702,0.025744833147083312,5000,
Al0.15B2Mg0.85,conventional_AlB2,mp-763,,A1,31.5,3DSC_MP,15.5,c_parent,±20-50%,S1_v3_2_2B_extension,,substructure_aggregate_median,4.2,5.0,4.980622895715926,4.6599317983817325,5.265395422341659,0.1842132186998473,5000,
Al0.15B2Mg0.85,conventional_AlB2,mp-763,,A1,31.5,3DSC_MP,15.5,c_parent,±20-50%,S1_v3_2_2B_extension,,substructure_aggregate_median,20.0,0.1,4.9048257860937445,4.558114957755689,5.274564750330425,0.0,5000,
Al0.15B2Mg0.85,conventional_AlB2,mp-763,,A1,31.5,3DSC_MP,15.5,c_parent,±20-50%,S1_v3_2_2B_extension,,substructure_aggregate_median,20.0,1.0,4.847162786094373,4.4851945387733965,5.228599472100351,0.02541335411134149,5000,
Al0.15B2Mg0.85,conventional_AlB2,mp-763,,A1,31.5,3DSC_MP,15.5,c_parent,±20-50%,S1_v3_2_2B_extension,,substructure_aggregate_median,20.0,5.0,4.537636868795291,4.048028225524992,4.994166482205307,0.19155818549454473,5000,
Al0.15B2Mg0.85,conventional_AlB2,mp-763,,A1,31.5,3DSC_MP,15.5,c_parent,±20-50%,S1_v3_2_2B_extension,,substructure_aggregate_median,24.255,0.1,4.659407021316167,4.130643567802703,5.173091874993016,0.0,5000,
Al0.15B2Mg0.85,conventional_AlB2,mp-763,,A1,31.5,3DSC_MP,15.5,c_parent,±20-50%,S1_v3_2_2B_extension,,substructure_aggregate_median,24.255,1.0,4.602610197023525,4.0574350824437,5.129562150502817,0.023851286743370892,5000,
Al0.15B2Mg0.85,conventional_AlB2,mp-763,,A1,31.5,3DSC_MP,15.5,c_parent,±20-50%,S1_v3_2_2B_extension,,substructure_aggregate_median,24.255,5.0,4.298185771324155,3.6436891935798243,4.894155812062641,0.1975508117543372,5000,
Al0.185B2Mg0.815,conventional_AlB2,mp-763,,A1,25.3,3DSC_MP,15.5,c_parent,±20-50%,S1_v3_2_2B_extension,,substructure_aggregate_median,4.2,0.1,5.324105348641889,5.171003190830169,5.549941092791016,0.0,5000,
Al0.185B2Mg0.815,conventional_AlB2,mp-763,,A1,25.3,3DSC_MP,15.5,c_parent,±20-50%,S1_v3_2_2B_extension,,substructure_aggregate_median,4.2,1.0,5.270343882357867,5.102014001796972,5.502017363292661,0.02545946454299841,5000,
Al0.185B2Mg0.815,conventional_AlB2,mp-763,,A1,25.3,3DSC_MP,15.5,c_parent,±20-50%,S1_v3_2_2B_extension,,substructure_aggregate_median,4.2,5.0,4.979576386144396,4.651863879031354,5.261122873473595,0.18746462809365472,5000,
Al0.185B2Mg0.815,conventional_AlB2,mp-763,,A1,25.3,3DSC_MP,15.5,c_parent,±20-50%,S1_v3_2_2B_extension,,substructure_aggregate_median,20.0,0.1,4.632190517551913,4.058320323782376,5.161014653948463,0.0,5000,
Al0.185B2Mg0.815,conventional_AlB2,mp-763,,A1,25.3,3DSC_MP,15.5,c_parent,±20-50%,S1_v3_2_2B_extension,,substructure_aggregate_median,20.0,1.0,4.576844733503727,3.9920640563590544,5.115734979770557,0.023700365156923198,5000,
Al0.185B2Mg0.815,conventional_AlB2,mp-763,,A1,25.3,3DSC_MP,15.5,c_parent,±20-50%,S1_v3_2_2B_extension,,substructure_aggregate_median,20.0,5.0,4.273368931355641,3.5868468401630578,4.885784232727443,0.19321999639689658,5000,
Al0.185B2Mg0.815,conventional_AlB2,mp-763,,A1,25.3,3DSC_MP,15.5,c_parent,±20-50%,S1_v3_2_2B_extension,,substructure_aggregate_median,19.481,0.1,4.678717016248374,4.153367192610604,5.181532037826489,0.0,5000,
Al0.185B2Mg0.815,conventional_AlB2,mp-763,,A1,25.3,3DSC_MP,15.5,c_parent,±20-50%,S1_v3_2_2B_extension,,substructure_aggregate_median,19.481,1.0,4.624350229798847,4.0871109251872815,5.135534526067748,0.023897673223099325,5000,
Al0.185B2Mg0.815,conventional_AlB2,mp-763,,A1,25.3,3DSC_MP,15.5,c_parent,±20-50%,S1_v3_2_2B_extension,,substructure_aggregate_median,19.481,5.0,4.319870875177763,3.6697795394701975,4.904831624032511,0.19335136186987256,5000,
Al0.19B2Mg0.81,conventional_AlB2,mp-763,,A1,30.8,3DSC_MP,15.5,c_parent,±20-50%,S1_v3_2_2B_extension,,substructure_aggregate_median,4.2,0.1,5.324105348641889,5.171003190830169,5.559330705252185,0.0,5000,
Al0.19B2Mg0.81,conventional_AlB2,mp-763,,A1,30.8,3DSC_MP,15.5,c_parent,±20-50%,S1_v3_2_2B_extension,,substructure_aggregate_median,4.2,1.0,5.269431390263902,5.102014001796972,5.50466439194405,0.024248574938493306,5000,
Al0.19B2Mg0.81,conventional_AlB2,mp-763,,A1,30.8,3DSC_MP,15.5,c_parent,±20-50%,S1_v3_2_2B_extension,,substructure_aggregate_median,4.2,5.0,4.9763786985300005,4.662443950924451,5.264408696891235,0.18476309041816652,5000,
Al0.19B2Mg0.81,conventional_AlB2,mp-763,,A1,30.8,3DSC_MP,15.5,c_parent,±20-50%,S1_v3_2_2B_extension,,substructure_aggregate_median,20.0,0.1,4.888277304935218,4.53151860173425,5.266477101100772,0.0,5000,
Al0.19B2Mg0.81,conventional_AlB2,mp-763,,A1,30.8,3DSC_MP,15.5,c_parent,±20-50%,S1_v3_2_2B_extension,,substructure_aggregate_median,20.0,1.0,4.82884292000169,4.458377247954478,5.220476756774985,0.026114476733680725,5000,
Al0.19B2Mg0.81,conventional_AlB2,mp-763,,A1,30.8,3DSC_MP,15.5,c_parent,±20-50%,S1_v3_2_2B_extension,,substructure_aggregate_median,20.0,5.0,4.519732064558616,4.028997906686251,4.987109003591003,0.19054966431542741,5000,
Al0.19B2Mg0.81,conventional_AlB2,mp-763,,A1,30.8,3DSC_MP,15.5,c_parent,±20-50%,S1_v3_2_2B_extension,,substructure_aggregate_median,23.716,0.1,4.661140563086377,4.134165255043057,5.173861127624806,0.0,5000,
Al0.19B2Mg0.81,conventional_AlB2,mp-763,,A1,30.8,3DSC_MP,15.5,c_parent,±20-50%,S1_v3_2_2B_extension,,substructure_aggregate_median,23.716,1.0,4.605278477765651,4.054025311201428,5.1285814534469,0.02471649707782042,5000,
Al0.19B2Mg0.81,conventional_AlB2,mp-763,,A1,30.8,3DSC_MP,15.5,c_parent,±20-50%,S1_v3_2_2B_extension,,substructure_aggregate_median,23.716,5.0,4.3029997747915365,3.666231489785893,4.894493030115037,0.19607583239260773,5000,
Al0.1B2Mg0.9,conventional_AlB2,mp-763,,A1,34.3,3DSC_MP,15.5,c_parent,±20-50%,S1_v3_2_2B_extension,,substructure_aggregate_median,4.2,0.1,5.324105348641889,5.1863788403346,5.559330705252185,0.0,5000,
Al0.1B2Mg0.9,conventional_AlB2,mp-763,,A1,34.3,3DSC_MP,15.5,c_parent,±20-50%,S1_v3_2_2B_extension,,substructure_aggregate_median,4.2,1.0,5.270126875332979,5.107188996046361,5.508722502399244,0.025149367837425274,5000,
Al0.1B2Mg0.9,conventional_AlB2,mp-763,,A1,34.3,3DSC_MP,15.5,c_parent,±20-50%,S1_v3_2_2B_extension,,substructure_aggregate_median,4.2,5.0,4.980622895715926,4.667268958449525,5.264406632650265,0.18444619068019374,5000,
Al0.1B2Mg0.9,conventional_AlB2,mp-763,,A1,34.3,3DSC_MP,15.5,c_parent,±20-50%,S1_v3_2_2B_extension,,substructure_aggregate_median,20.0,0.1,4.967016371410289,4.67238853273506,5.3030498964359705,0.0,5000,
Al0.1B2Mg0.9,conventional_AlB2,mp-763,,A1,34.3,3DSC_MP,15.5,c_parent,±20-50%,S1_v3_2_2B_extension,,substructure_aggregate_median,20.0,1.0,4.909290568303619,4.598024095657174,5.259763394505914,0.024448574173899118,5000,
Al0.1B2Mg0.9,conventional_AlB2,mp-763,,A1,34.3,3DSC_MP,15.5,c_parent,±20-50%,S1_v3_2_2B_extension,,substructure_aggregate_median,20.0,5.0,4.6063545665355194,4.158229897217055,5.0310216003331485,0.1898638701851807,5000,
Al0.1B2Mg0.9,conventional_AlB2,mp-763,,A1,34.3,3DSC_MP,15.5,c_parent,±20-50%,S1_v3_2_2B_extension,,substructure_aggregate_median,26.410999999999998,0.1,4.661372266581253,4.138670749715988,5.170350854679169,0.0,5000,
Al0.1B2Mg0.9,conventional_AlB2,mp-763,,A1,34.3,3DSC_MP,15.5,c_parent,±20-50%,S1_v3_2_2B_extension,,substructure_aggregate_median,26.410999999999998,1.0,4.601372399256617,4.059207229741771,5.1291554921488975,0.02275411045772735,5000,
Al0.1B2Mg0.9,conventional_AlB2,mp-763,,A1,34.3,3DSC_MP,15.5,c_parent,±20-50%,S1_v3_2_2B_extension,,substructure_aggregate_median,26.410999999999998,5.0,4.298661803140782,3.6566942728617673,4.891550761331173,0.19526189702067498,5000,
Al0.21B2Mg0.79,conventional_AlB2,mp-763,,A1,27.1,3DSC_MP,15.5,c_parent,±20-50%,S1_v3_2_2B_extension,,substructure_aggregate_median,4.2,0.1,5.324105348641889,5.171003190830169,5.559330705252185,0.0,5000,
Al0.21B2Mg0.79,conventional_AlB2,mp-763,,A1,27.1,3DSC_MP,15.5,c_parent,±20-50%,S1_v3_2_2B_extension,,substructure_aggregate_median,4.2,1.0,5.269401297056348,5.102014001796972,5.506411368300817,0.0242333297955053,5000,
Al0.21B2Mg0.79,conventional_AlB2,mp-763,,A1,27.1,3DSC_MP,15.5,c_parent,±20-50%,S1_v3_2_2B_extension,,substructure_aggregate_median,4.2,5.0,4.98039196413065,4.66194451505004,5.264406632650265,0.18427232167579444,5000,
Al0.21B2Mg0.79,conventional_AlB2,mp-763,,A1,27.1,3DSC_MP,15.5,c_parent,±20-50%,S1_v3_2_2B_extension,,substructure_aggregate_median,20.0,0.1,4.744526540283598,4.3169298207889115,5.207250250464953,0.0,5000,
Al0.21B2Mg0.79,conventional_AlB2,mp-763,,A1,27.1,3DSC_MP,15.5,c_parent,±20-50%,S1_v3_2_2B_extension,,substructure_aggregate_median,20.0,1.0,4.686635556161895,4.240159537278387,5.154690217507174,0.023836400107248856,5000,
Al0.21B2Mg0.79,conventional_AlB2,mp-763,,A1,27.1,3DSC_MP,15.5,c_parent,±20-50%,S1_v3_2_2B_extension,,substructure_aggregate_median,20.0,5.0,4.379591047492615,3.7982401211132575,4.924759181725385,0.1939328925239101,5000,
Al0.21B2Mg0.79,conventional_AlB2,mp-763,,A1,27.1,3DSC_MP,15.5,c_parent,±20-50%,S1_v3_2_2B_extension,,substructure_aggregate_median,20.867,0.1,4.6740128578023805,4.195432140098158,5.178647412194633,0.0,5000,
Al0.21B2Mg0.79,conventional_AlB2,mp-763,,A1,27.1,3DSC_MP,15.5,c_parent,±20-50%,S1_v3_2_2B_extension,,substructure_aggregate_median,20.867,1.0,4.617187760033323,4.1211801378661646,5.127471346011634,0.02381754224992072,5000,
Al0.21B2Mg0.79,conventional_AlB2,mp-763,,A1,27.1,3DSC_MP,15.5,c_parent,±20-50%,S1_v3_2_2B_extension,,substructure_aggregate_median,20.867,5.0,4.31300913952106,3.6850408201746934,4.893674506847484,0.1951166312607313,5000,
Al0.29B2Mg0.71,conventional_AlB2,mp-1207086,,A1,24.0,3DSC_MP,15.5,c_parent,±20-50%,S1_v3_2_2B_extension,,substructure_aggregate_median,4.2,0.1,5.324105348641889,5.185994449096989,5.559330705252185,0.0,5000,
Al0.29B2Mg0.71,conventional_AlB2,mp-1207086,,A1,24.0,3DSC_MP,15.5,c_parent,±20-50%,S1_v3_2_2B_extension,,substructure_aggregate_median,4.2,1.0,5.269393565600504,5.104680266782216,5.504780351850702,0.024519860509003344,5000,
Al0.29B2Mg0.71,conventional_AlB2,mp-1207086,,A1,24.0,3DSC_MP,15.5,c_parent,±20-50%,S1_v3_2_2B_extension,,substructure_aggregate_median,4.2,5.0,4.979161227585859,4.667150606665967,5.26081579515503,0.18640771654643284,5000,
Al0.29B2Mg0.71,conventional_AlB2,mp-1207086,,A1,24.0,3DSC_MP,15.5,c_parent,±20-50%,S1_v3_2_2B_extension,,substructure_aggregate_median,20.0,0.1,4.532527381675038,3.9313693112549584,5.122566034709524,0.0,5000,
Al0.29B2Mg0.71,conventional_AlB2,mp-1207086,,A1,24.0,3DSC_MP,15.5,c_parent,±20-50%,S1_v3_2_2B_extension,,substructure_aggregate_median,20.0,1.0,4.471824194429651,3.8621771553946442,5.0714470700637495,0.023601908993176934,5000,
Al0.29B2Mg0.71,conventional_AlB2,mp-1207086,,A1,24.0,3DSC_MP,15.5,c_parent,±20-50%,S1_v3_2_2B_extension,,substructure_aggregate_median,20.0,5.0,4.169777367639243,3.417553977807924,4.833818255696782,0.1933820920968614,5000,
Al0.29B2Mg0.71,conventional_AlB2,mp-1207086,,A1,24.0,3DSC_MP,15.5,c_parent,±20-50%,S1_v3_2_2B_extension,,substructure_aggregate_median,18.48,0.1,4.691934773103534,4.227500869844838,5.183912851846123,0.0,5000,
Al0.29B2Mg0.71,conventional_AlB2,mp-1207086,,A1,24.0,3DSC_MP,15.5,c_parent,±20-50%,S1_v3_2_2B_extension,,substructure_aggregate_median,18.48,1.0,4.634043788981831,4.15322640344753,5.138633177668217,0.024699589176046644,5000,
Al0.29B2Mg0.71,conventional_AlB2,mp-1207086,,A1,24.0,3DSC_MP,15.5,c_parent,±20-50%,S1_v3_2_2B_extension,,substructure_aggregate_median,18.48,5.0,4.332015613097519,3.7155857863380657,4.896660051887063,0.19290548214738834,5000,
Al0.2B2Mg0.8,conventional_AlB2,mp-1222150,,A1,28.71,3DSC_MP,15.5,c_parent,±20-50%,S1_v3_2_2B_extension,,substructure_aggregate_median,4.2,0.1,5.324105348641889,5.1863788403346,5.559330705252185,0.0,5000,
Al0.2B2Mg0.8,conventional_AlB2,mp-1222150,,A1,28.71,3DSC_MP,15.5,c_parent,±20-50%,S1_v3_2_2B_extension,,substructure_aggregate_median,4.2,1.0,5.270343882357867,5.106267801025989,5.506323838669852,0.025540543072663624,5000,
Al0.2B2Mg0.8,conventional_AlB2,mp-1222150,,A1,28.71,3DSC_MP,15.5,c_parent,±20-50%,S1_v3_2_2B_extension,,substructure_aggregate_median,4.2,5.0,4.981987504912386,4.661953624195636,5.264408696891235,0.18361418041023203,5000,
Al0.2B2Mg0.8,conventional_AlB2,mp-1222150,,A1,28.71,3DSC_MP,15.5,c_parent,±20-50%,S1_v3_2_2B_extension,,substructure_aggregate_median,20.0,0.1,4.822647244745413,4.434713863843735,5.2377917615988165,0.0,5000,
Al0.2B2Mg0.8,conventional_AlB2,mp-1222150,,A1,28.71,3DSC_MP,15.5,c_parent,±20-50%,S1_v3_2_2B_extension,,substructure_aggregate_median,20.0,1.0,4.759117657801511,4.370576702533519,5.196034795119442,0.026973341564398012,5000,
Al0.2B2Mg0.8,conventional_AlB2,mp-1222150,,A1,28.71,3DSC_MP,15.5,c_parent,±20-50%,S1_v3_2_2B_extension,,substructure_aggregate_median,20.0,5.0,4.448178719680456,3.9481208539153747,4.968527422986587,0.19400596098232903,5000,
Al0.2B2Mg0.8,conventional_AlB2,mp-1222150,,A1,28.71,3DSC_MP,15.5,c_parent,±20-50%,S1_v3_2_2B_extension,,substructure_aggregate_median,22.1067,0.1,4.666862310852027,4.2181630321746235,5.19221421241922,0.0,5000,
Al0.2B2Mg0.8,conventional_AlB2,mp-1222150,,A1,28.71,3DSC_MP,15.5,c_parent,±20-50%,S1_v3_2_2B_extension,,substructure_aggregate_median,22.1067,1.0,4.609674466796333,4.145103249856758,5.1407318901436225,0.02448945693926241,5000,
Al0.2B2Mg0.8,conventional_AlB2,mp-1222150,,A1,28.71,3DSC_MP,15.5,c_parent,±20-50%,S1_v3_2_2B_extension,,substructure_aggregate_median,22.1067,5.0,4.305765255342217,3.7244721840822357,4.9078289341562265,0.19404439461766287,5000,
Al0.5B2Mg0.5,conventional_AlB2,mp-1207086,,A1,12.9,3DSC_MP,15.5,c_parent,±20-50%,S1_v3_2_2B_extension,,substructure_aggregate_median,4.2,0.1,5.324105348641889,5.171003190830169,5.549941092791016,0.0,5000,
Al0.5B2Mg0.5,conventional_AlB2,mp-1207086,,A1,12.9,3DSC_MP,15.5,c_parent,±20-50%,S1_v3_2_2B_extension,,substructure_aggregate_median,4.2,1.0,5.269466290521237,5.1026131398903125,5.500999741249408,0.025434736441510175,5000,
Al0.5B2Mg0.5,conventional_AlB2,mp-1207086,,A1,12.9,3DSC_MP,15.5,c_parent,±20-50%,S1_v3_2_2B_extension,,substructure_aggregate_median,4.2,5.0,4.981465135227783,4.661588655142967,5.255102393462412,0.1851151939248803,5000,
Al0.5B2Mg0.5,conventional_AlB2,mp-1207086,,A1,12.9,3DSC_MP,15.5,c_parent,±20-50%,S1_v3_2_2B_extension,,substructure_aggregate_median,20.0,0.1,,,,,5000,T_above_Tc
Al0.5B2Mg0.5,conventional_AlB2,mp-1207086,,A1,12.9,3DSC_MP,15.5,c_parent,±20-50%,S1_v3_2_2B_extension,,substructure_aggregate_median,20.0,1.0,,,,,5000,T_above_Tc
Al0.5B2Mg0.5,conventional_AlB2,mp-1207086,,A1,12.9,3DSC_MP,15.5,c_parent,±20-50%,S1_v3_2_2B_extension,,substructure_aggregate_median,20.0,5.0,,,,,5000,T_above_Tc
Al0.5B2Mg0.5,conventional_AlB2,mp-1207086,,A1,12.9,3DSC_MP,15.5,c_parent,±20-50%,S1_v3_2_2B_extension,,substructure_aggregate_median,9.933,0.1,4.799031524569726,4.4514469150051905,5.228173678526495,0.0,5000,
Al0.5B2Mg0.5,conventional_AlB2,mp-1207086,,A1,12.9,3DSC_MP,15.5,c_parent,±20-50%,S1_v3_2_2B_extension,,substructure_aggregate_median,9.933,1.0,4.7412304012827065,4.372787735717349,5.179272851863656,0.026150719723944782,5000,
Al0.5B2Mg0.5,conventional_AlB2,mp-1207086,,A1,12.9,3DSC_MP,15.5,c_parent,±20-50%,S1_v3_2_2B_extension,,substructure_aggregate_median,9.933,5.0,4.433610822730859,3.923378353178329,4.939868587084373,0.19194367690728775,5000,
Al0.69B2Mg0.31,conventional_AlB2,mp-1207086,,A1,11.1,3DSC_MP,15.5,c_parent,±20-50%,S1_v3_2_2B_extension,,substructure_aggregate_median,4.2,0.1,5.324105348641889,5.1863788403346,5.559330705252185,0.0,5000,
Al0.69B2Mg0.31,conventional_AlB2,mp-1207086,,A1,11.1,3DSC_MP,15.5,c_parent,±20-50%,S1_v3_2_2B_extension,,substructure_aggregate_median,4.2,1.0,5.271536162912187,5.106251513927366,5.50481893902118,0.02545946454299841,5000,
Al0.69B2Mg0.31,conventional_AlB2,mp-1207086,,A1,11.1,3DSC_MP,15.5,c_parent,±20-50%,S1_v3_2_2B_extension,,substructure_aggregate_median,4.2,5.0,4.981543337214,4.666310110214952,5.263546589996212,0.18572840681102498,5000,
Al0.69B2Mg0.31,conventional_AlB2,mp-1207086,,A1,11.1,3DSC_MP,15.5,c_parent,±20-50%,S1_v3_2_2B_extension,,substructure_aggregate_median,20.0,0.1,,,,,5000,T_above_Tc
Al0.69B2Mg0.31,conventional_AlB2,mp-1207086,,A1,11.1,3DSC_MP,15.5,c_parent,±20-50%,S1_v3_2_2B_extension,,substructure_aggregate_median,20.0,1.0,,,,,5000,T_above_Tc
Al0.69B2Mg0.31,conventional_AlB2,mp-1207086,,A1,11.1,3DSC_MP,15.5,c_parent,±20-50%,S1_v3_2_2B_extension,,substructure_aggregate_median,20.0,5.0,,,,,5000,T_above_Tc
Al0.69B2Mg0.31,conventional_AlB2,mp-1207086,,A1,11.1,3DSC_MP,15.5,c_parent,±20-50%,S1_v3_2_2B_extension,,substructure_aggregate_median,8.547,0.1,4.8441538612760615,4.515127478065879,5.2460770858494215,0.0,5000,
Al0.69B2Mg0.31,conventional_AlB2,mp-1207086,,A1,11.1,3DSC_MP,15.5,c_parent,±20-50%,S1_v3_2_2B_extension,,substructure_aggregate_median,8.547,1.0,4.785407509647748,4.439075775299604,5.196051420312061,0.025443499913333945,5000,
Al0.69B2Mg0.31,conventional_AlB2,mp-1207086,,A1,11.1,3DSC_MP,15.5,c_parent,±20-50%,S1_v3_2_2B_extension,,substructure_aggregate_median,8.547,5.0,4.47814006717811,3.989701334483387,4.962902492250607,0.1922415250755103,5000,
Al0.6B2Mg0.4,conventional_AlB2,mp-1207086,,A1,8.925,3DSC_MP,15.5,c_parent,±20-50%,S1_v3_2_2B_extension,,substructure_aggregate_median,4.2,0.1,5.324105348641889,5.171003190830169,5.549941092791016,0.0,5000,
Al0.6B2Mg0.4,conventional_AlB2,mp-1207086,,A1,8.925,3DSC_MP,15.5,c_parent,±20-50%,S1_v3_2_2B_extension,,substructure_aggregate_median,4.2,1.0,5.269466290521237,5.1026131398903125,5.50466439194405,0.024564409541833143,5000,
Al0.6B2Mg0.4,conventional_AlB2,mp-1207086,,A1,8.925,3DSC_MP,15.5,c_parent,±20-50%,S1_v3_2_2B_extension,,substructure_aggregate_median,4.2,5.0,4.980622895715926,4.666223515771057,5.264406632650265,0.1833098582995749,5000,
Al0.6B2Mg0.4,conventional_AlB2,mp-1207086,,A1,8.925,3DSC_MP,15.5,c_parent,±20-50%,S1_v3_2_2B_extension,,substructure_aggregate_median,20.0,0.1,,,,,5000,T_above_Tc
Al0.6B2Mg0.4,conventional_AlB2,mp-1207086,,A1,8.925,3DSC_MP,15.5,c_parent,±20-50%,S1_v3_2_2B_extension,,substructure_aggregate_median,20.0,1.0,,,,,5000,T_above_Tc
Al0.6B2Mg0.4,conventional_AlB2,mp-1207086,,A1,8.925,3DSC_MP,15.5,c_parent,±20-50%,S1_v3_2_2B_extension,,substructure_aggregate_median,20.0,5.0,,,,,5000,T_above_Tc
Al0.6B2Mg0.4,conventional_AlB2,mp-1207086,,A1,8.925,3DSC_MP,15.5,c_parent,±20-50%,S1_v3_2_2B_extension,,substructure_aggregate_median,6.872250000000001,0.1,4.91869016244675,4.595413898795525,5.2801042161308605,0.0,5000,
Al0.6B2Mg0.4,conventional_AlB2,mp-1207086,,A1,8.925,3DSC_MP,15.5,c_parent,±20-50%,S1_v3_2_2B_extension,,substructure_aggregate_median,6.872250000000001,1.0,4.861889758892954,4.521870316850773,5.232935740103528,0.024951006505049556,5000,
Al0.6B2Mg0.4,conventional_AlB2,mp-1207086,,A1,8.925,3DSC_MP,15.5,c_parent,±20-50%,S1_v3_2_2B_extension,,substructure_aggregate_median,6.872250000000001,5.0,4.554570906100084,4.075968405708618,4.993823382726523,0.18848335389446813,5000,
Au0.146B2Mg0.854,conventional_AlB2,mp-763,,A1,25.6,3DSC_MP,15.5,c_parent,±20-50%,S1_v3_2_2B_extension,,substructure_aggregate_median,4.2,0.1,5.324105348641889,5.171003190830169,5.559330705252185,0.0,5000,
Au0.146B2Mg0.854,conventional_AlB2,mp-763,,A1,25.6,3DSC_MP,15.5,c_parent,±20-50%,S1_v3_2_2B_extension,,substructure_aggregate_median,4.2,1.0,5.269431390263902,5.104680266782216,5.506411368300817,0.024304302341550788,5000,
Au0.146B2Mg0.854,conventional_AlB2,mp-763,,A1,25.6,3DSC_MP,15.5,c_parent,±20-50%,S1_v3_2_2B_extension,,substructure_aggregate_median,4.2,5.0,4.978628899283534,4.666176321222375,5.263500412597663,0.18640771654643284,5000,
Au0.146B2Mg0.854,conventional_AlB2,mp-763,,A1,25.6,3DSC_MP,15.5,c_parent,±20-50%,S1_v3_2_2B_extension,,substructure_aggregate_median,20.0,0.1,4.660595957532337,4.1556381637772875,5.179395982923561,0.0,5000,
Au0.146B2Mg0.854,conventional_AlB2,mp-763,,A1,25.6,3DSC_MP,15.5,c_parent,±20-50%,S1_v3_2_2B_extension,,substructure_aggregate_median,20.0,1.0,4.60232565786713,4.089266793256412,5.13153116221219,0.023168316195909533,5000,
Au0.146B2Mg0.854,conventional_AlB2,mp-763,,A1,25.6,3DSC_MP,15.5,c_parent,±20-50%,S1_v3_2_2B_extension,,substructure_aggregate_median,20.0,5.0,4.295242524501736,3.670241525065221,4.900963314614924,0.19579482695217987,5000,
Au0.146B2Mg0.854,conventional_AlB2,mp-763,,A1,25.6,3DSC_MP,15.5,c_parent,±20-50%,S1_v3_2_2B_extension,,substructure_aggregate_median,19.712000000000003,0.1,4.6854163727930604,4.206060796347268,5.1904099487186475,0.0,5000,
Au0.146B2Mg0.854,conventional_AlB2,mp-763,,A1,25.6,3DSC_MP,15.5,c_parent,±20-50%,S1_v3_2_2B_extension,,substructure_aggregate_median,19.712000000000003,1.0,4.627461090091847,4.128744242891197,5.142545128007277,0.02367784646504756,5000,
Au0.146B2Mg0.854,conventional_AlB2,mp-763,,A1,25.6,3DSC_MP,15.5,c_parent,±20-50%,S1_v3_2_2B_extension,,substructure_aggregate_median,19.712000000000003,5.0,4.320009134797831,3.714951116341645,4.911265887998473,0.19640585288122203,5000,
B2Ce0.001La0.999Rh3,conventional_AlB2,mp-3465,,A1,1.67,3DSC_MP,,pending,,,,substructure_aggregate_median,4.2,0.1,,,,,5000,Hc2_unavailable
B2Ce0.001La0.999Rh3,conventional_AlB2,mp-3465,,A1,1.67,3DSC_MP,,pending,,,,substructure_aggregate_median,4.2,1.0,,,,,5000,Hc2_unavailable
B2Ce0.001La0.999Rh3,conventional_AlB2,mp-3465,,A1,1.67,3DSC_MP,,pending,,,,substructure_aggregate_median,4.2,5.0,,,,,5000,Hc2_unavailable
B2Ce0.001La0.999Rh3,conventional_AlB2,mp-3465,,A1,1.67,3DSC_MP,,pending,,,,substructure_aggregate_median,20.0,0.1,,,,,5000,Hc2_unavailable
B2Ce0.001La0.999Rh3,conventional_AlB2,mp-3465,,A1,1.67,3DSC_MP,,pending,,,,substructure_aggregate_median,20.0,1.0,,,,,5000,Hc2_unavailable
B2Ce0.001La0.999Rh3,conventional_AlB2,mp-3465,,A1,1.67,3DSC_MP,,pending,,,,substructure_aggregate_median,20.0,5.0,,,,,5000,Hc2_unavailable
B2Ce0.001La0.999Rh3,conventional_AlB2,mp-3465,,A1,1.67,3DSC_MP,,pending,,,,substructure_aggregate_median,1.2859,0.1,14.86769234464299,8.070149957497122,24.529730054687924,,5000,Hc2_unavailable
B2Ce0.001La0.999Rh3,conventional_AlB2,mp-3465,,A1,1.67,3DSC_MP,,pending,,,,substructure_aggregate_median,1.2859,1.0,14.86769234464299,8.070149957497122,24.529730054687924,,5000,Hc2_unavailable
B2Ce0.001La0.999Rh3,conventional_AlB2,mp-3465,,A1,1.67,3DSC_MP,,pending,,,,substructure_aggregate_median,1.2859,5.0,14.86769234464299,8.070149957497122,24.529730054687924,,5000,Hc2_unavailable
B2Ce0.002La0.998Rh3,conventional_AlB2,mp-3465,,A1,1.07,3DSC_MP,,pending,,,,substructure_aggregate_median,4.2,0.1,,,,,5000,Hc2_unavailable
B2Ce0.002La0.998Rh3,conventional_AlB2,mp-3465,,A1,1.07,3DSC_MP,,pending,,,,substructure_aggregate_median,4.2,1.0,,,,,5000,Hc2_unavailable
B2Ce0.002La0.998Rh3,conventional_AlB2,mp-3465,,A1,1.07,3DSC_MP,,pending,,,,substructure_aggregate_median,4.2,5.0,,,,,5000,Hc2_unavailable
B2Ce0.002La0.998Rh3,conventional_AlB2,mp-3465,,A1,1.07,3DSC_MP,,pending,,,,substructure_aggregate_median,20.0,0.1,,,,,5000,Hc2_unavailable
B2Ce0.002La0.998Rh3,conventional_AlB2,mp-3465,,A1,1.07,3DSC_MP,,pending,,,,substructure_aggregate_median,20.0,1.0,,,,,5000,Hc2_unavailable
B2Ce0.002La0.998Rh3,conventional_AlB2,mp-3465,,A1,1.07,3DSC_MP,,pending,,,,substructure_aggregate_median,20.0,5.0,,,,,5000,Hc2_unavailable
B2Ce0.002La0.998Rh3,conventional_AlB2,mp-3465,,A1,1.07,3DSC_MP,,pending,,,,substructure_aggregate_median,0.8239000000000001,0.1,14.853201201835986,8.040184598625256,24.545614254923283,,5000,Hc2_unavailable
B2Ce0.002La0.998Rh3,conventional_AlB2,mp-3465,,A1,1.07,3DSC_MP,,pending,,,,substructure_aggregate_median,0.8239000000000001,1.0,14.853201201835986,8.040184598625256,24.545614254923283,,5000,Hc2_unavailable
B2Ce0.002La0.998Rh3,conventional_AlB2,mp-3465,,A1,1.07,3DSC_MP,,pending,,,,substructure_aggregate_median,0.8239000000000001,5.0,14.853201201835986,8.040184598625256,24.545614254923283,,5000,Hc2_unavailable
B2Ce0.003La0.997Rh3,conventional_AlB2,mp-3465,,A1,0.38,3DSC_MP,,pending,,,,substructure_aggregate_median,4.2,0.1,,,,,5000,Hc2_unavailable
B2Ce0.003La0.997Rh3,conventional_AlB2,mp-3465,,A1,0.38,3DSC_MP,,pending,,,,substructure_aggregate_median,4.2,1.0,,,,,5000,Hc2_unavailable
B2Ce0.003La0.997Rh3,conventional_AlB2,mp-3465,,A1,0.38,3DSC_MP,,pending,,,,substructure_aggregate_median,4.2,5.0,,,,,5000,Hc2_unavailable
B2Ce0.003La0.997Rh3,conventional_AlB2,mp-3465,,A1,0.38,3DSC_MP,,pending,,,,substructure_aggregate_median,20.0,0.1,,,,,5000,Hc2_unavailable
B2Ce0.003La0.997Rh3,conventional_AlB2,mp-3465,,A1,0.38,3DSC_MP,,pending,,,,substructure_aggregate_median,20.0,1.0,,,,,5000,Hc2_unavailable
B2Ce0.003La0.997Rh3,conventional_AlB2,mp-3465,,A1,0.38,3DSC_MP,,pending,,,,substructure_aggregate_median,20.0,5.0,,,,,5000,Hc2_unavailable
B2Ce0.003La0.997Rh3,conventional_AlB2,mp-3465,,A1,0.38,3DSC_MP,,pending,,,,substructure_aggregate_median,0.2926,0.1,14.853201201835986,8.060760345035954,19.482529874675162,,5000,Hc2_unavailable
B2Ce0.003La0.997Rh3,conventional_AlB2,mp-3465,,A1,0.38,3DSC_MP,,pending,,,,substructure_aggregate_median,0.2926,1.0,14.853201201835986,8.060760345035954,19.482529874675162,,5000,Hc2_unavailable
B2Ce0.003La0.997Rh3,conventional_AlB2,mp-3465,,A1,0.38,3DSC_MP,,pending,,,,substructure_aggregate_median,0.2926,5.0,14.853201201835986,8.060760345035954,19.482529874675162,,5000,Hc2_unavailable
B2Ce1Ru3,conventional_AlB2,mp-5940,,A1,0.55,3DSC_MP,,pending,,,,substructure_aggregate_median,4.2,0.1,,,,,5000,Hc2_unavailable
B2Ce1Ru3,conventional_AlB2,mp-5940,,A1,0.55,3DSC_MP,,pending,,,,substructure_aggregate_median,4.2,1.0,,,,,5000,Hc2_unavailable
B2Ce1Ru3,conventional_AlB2,mp-5940,,A1,0.55,3DSC_MP,,pending,,,,substructure_aggregate_median,4.2,5.0,,,,,5000,Hc2_unavailable
B2Ce1Ru3,conventional_AlB2,mp-5940,,A1,0.55,3DSC_MP,,pending,,,,substructure_aggregate_median,20.0,0.1,,,,,5000,Hc2_unavailable
B2Ce1Ru3,conventional_AlB2,mp-5940,,A1,0.55,3DSC_MP,,pending,,,,substructure_aggregate_median,20.0,1.0,,,,,5000,Hc2_unavailable
B2Ce1Ru3,conventional_AlB2,mp-5940,,A1,0.55,3DSC_MP,,pending,,,,substructure_aggregate_median,20.0,5.0,,,,,5000,Hc2_unavailable
B2Ce1Ru3,conventional_AlB2,mp-5940,,A1,0.55,3DSC_MP,,pending,,,,substructure_aggregate_median,0.42350000000000004,0.1,14.853201201835986,8.051370732574785,19.707803132786864,,5000,Hc2_unavailable
B2Ce1Ru3,conventional_AlB2,mp-5940,,A1,0.55,3DSC_MP,,pending,,,,substructure_aggregate_median,0.42350000000000004,1.0,14.853201201835986,8.051370732574785,19.707803132786864,,5000,Hc2_unavailable
B2Ce1Ru3,conventional_AlB2,mp-5940,,A1,0.55,3DSC_MP,,pending,,,,substructure_aggregate_median,0.42350000000000004,5.0,14.853201201835986,8.051370732574785,19.707803132786864,,5000,Hc2_unavailable
B2Co0.01Mg0.99,conventional_AlB2,mp-763,,A1,37.1,3DSC_MP,15.5,c_parent,±20-50%,S1_v3_2_2B_extension,,substructure_aggregate_median,4.2,0.1,5.324105348641889,5.171003190830169,5.559330705252185,0.0,5000,
B2Co0.01Mg0.99,conventional_AlB2,mp-763,,A1,37.1,3DSC_MP,15.5,c_parent,±20-50%,S1_v3_2_2B_extension,,substructure_aggregate_median,4.2,1.0,5.270993894837581,5.102014001796972,5.503792933404519,0.02545946454299841,5000,
B2Co0.01Mg0.99,conventional_AlB2,mp-763,,A1,37.1,3DSC_MP,15.5,c_parent,±20-50%,S1_v3_2_2B_extension,,substructure_aggregate_median,4.2,5.0,4.980507429923287,4.655341231936519,5.26082830090082,0.1841264042334858,5000,
B2Co0.01Mg0.99,conventional_AlB2,mp-763,,A1,37.1,3DSC_MP,15.5,c_parent,±20-50%,S1_v3_2_2B_extension,,substructure_aggregate_median,20.0,0.1,5.014720006802907,4.738344219650115,5.326155956224411,0.0,5000,
B2Co0.01Mg0.99,conventional_AlB2,mp-763,,A1,37.1,3DSC_MP,15.5,c_parent,±20-50%,S1_v3_2_2B_extension,,substructure_aggregate_median,20.0,1.0,4.953116269250138,4.668939505609911,5.278129543375165,0.025320180705203477,5000,
B2Co0.01Mg0.99,conventional_AlB2,mp-763,,A1,37.1,3DSC_MP,15.5,c_parent,±20-50%,S1_v3_2_2B_extension,,substructure_aggregate_median,20.0,5.0,4.648430853561258,4.2235664765268215,5.038416299880808,0.19040744924959974,5000,
B2Co0.01Mg0.99,conventional_AlB2,mp-763,,A1,37.1,3DSC_MP,15.5,c_parent,±20-50%,S1_v3_2_2B_extension,,substructure_aggregate_median,28.567,0.1,4.648045244448671,4.116717009028887,5.16805012929797,0.0,5000,
B2Co0.01Mg0.99,conventional_AlB2,mp-763,,A1,37.1,3DSC_MP,15.5,c_parent,±20-50%,S1_v3_2_2B_extension,,substructure_aggregate_median,28.567,1.0,4.5898031400694626,4.041995369672069,5.123493165288592,0.025462970175811783,5000,
B2Co0.01Mg0.99,conventional_AlB2,mp-763,,A1,37.1,3DSC_MP,15.5,c_parent,±20-50%,S1_v3_2_2B_extension,,substructure_aggregate_median,28.567,5.0,4.28786964221526,3.626041351728821,4.889740984924347,0.1928661193175154,5000,
B2Co0.02Mg0.98,conventional_AlB2,mp-763,,A1,37.4,3DSC_MP,15.5,c_parent,±20-50%,S1_v3_2_2B_extension,,substructure_aggregate_median,4.2,0.1,5.324105348641889,5.1863788403346,5.549941092791016,0.0,5000,
B2Co0.02Mg0.98,conventional_AlB2,mp-763,,A1,37.4,3DSC_MP,15.5,c_parent,±20-50%,S1_v3_2_2B_extension,,substructure_aggregate_median,4.2,1.0,5.27055914925549,5.104680266782216,5.5037471039633,0.02545946454299841,5000,
B2Co0.02Mg0.98,conventional_AlB2,mp-763,,A1,37.4,3DSC_MP,15.5,c_parent,±20-50%,S1_v3_2_2B_extension,,substructure_aggregate_median,4.2,5.0,4.978912482618636,4.651889285545567,5.263546589996212,0.18579631399653085,5000,
B2Co0.02Mg0.98,conventional_AlB2,mp-763,,A1,37.4,3DSC_MP,15.5,c_parent,±20-50%,S1_v3_2_2B_extension,,substructure_aggregate_median,20.0,0.1,5.018835078436869,4.766890307491431,5.33193285360548,0.0,5000,
B2Co0.02Mg0.98,conventional_AlB2,mp-763,,A1,37.4,3DSC_MP,15.5,c_parent,±20-50%,S1_v3_2_2B_extension,,substructure_aggregate_median,20.0,1.0,4.960517639215496,4.689328977551742,5.287078364082615,0.023956529160855666,5000,
B2Co0.02Mg0.98,conventional_AlB2,mp-763,,A1,37.4,3DSC_MP,15.5,c_parent,±20-50%,S1_v3_2_2B_extension,,substructure_aggregate_median,20.0,5.0,4.6563203383179115,4.244587523903577,5.051259964682015,0.19213360255633294,5000,
B2Co0.02Mg0.98,conventional_AlB2,mp-763,,A1,37.4,3DSC_MP,15.5,c_parent,±20-50%,S1_v3_2_2B_extension,,substructure_aggregate_median,28.798,0.1,4.645156586641373,4.256266128716139,5.188401096861892,0.0,5000,
B2Co0.02Mg0.98,conventional_AlB2,mp-763,,A1,37.4,3DSC_MP,15.5,c_parent,±20-50%,S1_v3_2_2B_extension,,substructure_aggregate_median,28.798,1.0,4.588780290617765,4.181480823485709,5.138423798948739,0.025151498609932155,5000,
B2Co0.02Mg0.98,conventional_AlB2,mp-763,,A1,37.4,3DSC_MP,15.5,c_parent,±20-50%,S1_v3_2_2B_extension,,substructure_aggregate_median,28.798,5.0,4.289054448988412,3.7327731034710565,4.894799770240639,0.1940448363507521,5000,
B2Co0.03Mg0.97,conventional_AlB2,mp-763,,A1,36.2,3DSC_MP,15.5,c_parent,±20-50%,S1_v3_2_2B_extension,,substructure_aggregate_median,4.2,0.1,5.324105348641889,5.171003190830169,5.559330705252185,0.0,5000,
B2Co0.03Mg0.97,conventional_AlB2,mp-763,,A1,36.2,3DSC_MP,15.5,c_parent,±20-50%,S1_v3_2_2B_extension,,substructure_aggregate_median,4.2,1.0,5.269331709916639,5.102884623932617,5.503925174940459,0.02438118985297688,5000,
B2Co0.03Mg0.97,conventional_AlB2,mp-763,,A1,36.2,3DSC_MP,15.5,c_parent,±20-50%,S1_v3_2_2B_extension,,substructure_aggregate_median,4.2,5.0,4.9763786985300005,4.658087464905135,5.258474867104329,0.1821084352748663,5000,
B2Co0.03Mg0.97,conventional_AlB2,mp-763,,A1,36.2,3DSC_MP,15.5,c_parent,±20-50%,S1_v3_2_2B_extension,,substructure_aggregate_median,20.0,0.1,4.995570200729643,4.715934185695081,5.319420712307737,0.0,5000,
B2Co0.03Mg0.97,conventional_AlB2,mp-763,,A1,36.2,3DSC_MP,15.5,c_parent,±20-50%,S1_v3_2_2B_extension,,substructure_aggregate_median,20.0,1.0,4.938096041911602,4.647673943391784,5.27577129449663,0.024440139043895748,5000,
B2Co0.03Mg0.97,conventional_AlB2,mp-763,,A1,36.2,3DSC_MP,15.5,c_parent,±20-50%,S1_v3_2_2B_extension,,substructure_aggregate_median,20.0,5.0,4.633501433131614,4.213573484782817,5.047761293708607,0.19267076702805408,5000,
B2Co0.03Mg0.97,conventional_AlB2,mp-763,,A1,36.2,3DSC_MP,15.5,c_parent,±20-50%,S1_v3_2_2B_extension,,substructure_aggregate_median,27.874000000000002,0.1,4.645271065420176,4.192711238084668,5.1687482846924855,0.0,5000,
B2Co0.03Mg0.97,conventional_AlB2,mp-763,,A1,36.2,3DSC_MP,15.5,c_parent,±20-50%,S1_v3_2_2B_extension,,substructure_aggregate_median,27.874000000000002,1.0,4.590035491253964,4.112675278205826,5.126756614363912,0.025276406872574597,5000,
B2Co0.03Mg0.97,conventional_AlB2,mp-763,,A1,36.2,3DSC_MP,15.5,c_parent,±20-50%,S1_v3_2_2B_extension,,substructure_aggregate_median,27.874000000000002,5.0,4.2866796184957625,3.66814258917465,4.889701557386512,0.19435460856171094,5000,
B2Co0.1Mg0.9,conventional_AlB2,mp-763,,A1,34.5,3DSC_MP,15.5,c_parent,±20-50%,S1_v3_2_2B_extension,,substructure_aggregate_median,4.2,0.1,5.324105348641889,5.171003190830169,5.559330705252185,0.0,5000,
B2Co0.1Mg0.9,conventional_AlB2,mp-763,,A1,34.5,3DSC_MP,15.5,c_parent,±20-50%,S1_v3_2_2B_extension,,substructure_aggregate_median,4.2,1.0,5.269431390263902,5.101108685649522,5.504780351850702,0.024646367404310254,5000,
B2Co0.1Mg0.9,conventional_AlB2,mp-763,,A1,34.5,3DSC_MP,15.5,c_parent,±20-50%,S1_v3_2_2B_extension,,substructure_aggregate_median,4.2,5.0,4.978895063434697,4.655327540514675,5.256702552765383,0.18539881925908386,5000,
B2Co0.1Mg0.9,conventional_AlB2,mp-763,,A1,34.5,3DSC_MP,15.5,c_parent,±20-50%,S1_v3_2_2B_extension,,substructure_aggregate_median,20.0,0.1,4.97383673680358,4.685670106168464,5.3049181410396695,0.0,5000,
B2Co0.1Mg0.9,conventional_AlB2,mp-763,,A1,34.5,3DSC_MP,15.5,c_parent,±20-50%,S1_v3_2_2B_extension,,substructure_aggregate_median,20.0,1.0,4.915607840467109,4.608221808514638,5.260796101312364,0.024528923949578285,5000,
B2Co0.1Mg0.9,conventional_AlB2,mp-763,,A1,34.5,3DSC_MP,15.5,c_parent,±20-50%,S1_v3_2_2B_extension,,substructure_aggregate_median,20.0,5.0,4.615144834324527,4.15718315889547,5.028828241857193,0.18733002661581466,5000,
B2Co0.1Mg0.9,conventional_AlB2,mp-763,,A1,34.5,3DSC_MP,15.5,c_parent,±20-50%,S1_v3_2_2B_extension,,substructure_aggregate_median,26.565,0.1,4.660972084089752,4.1564022642568785,5.184884542480722,0.0,5000,
B2Co0.1Mg0.9,conventional_AlB2,mp-763,,A1,34.5,3DSC_MP,15.5,c_parent,±20-50%,S1_v3_2_2B_extension,,substructure_aggregate_median,26.565,1.0,4.604181407657157,4.078730324548579,5.133641664368415,0.022700636665005547,5000,
B2Co0.1Mg0.9,conventional_AlB2,mp-763,,A1,34.5,3DSC_MP,15.5,c_parent,±20-50%,S1_v3_2_2B_extension,,substructure_aggregate_median,26.565,5.0,4.300371452351628,3.68589168924717,4.8919565742623465,0.19148986862762207,5000,
B2Cr0.01Mg0.99,conventional_AlB2,mp-763,,A1,36.7,3DSC_MP,15.5,c_parent,±20-50%,S1_v3_2_2B_extension,,substructure_aggregate_median,4.2,0.1,5.324105348641889,5.171003190830169,5.559330705252185,0.0,5000,
B2Cr0.01Mg0.99,conventional_AlB2,mp-763,,A1,36.7,3DSC_MP,15.5,c_parent,±20-50%,S1_v3_2_2B_extension,,substructure_aggregate_median,4.2,1.0,5.270967928035513,5.104644875708542,5.508722502399244,0.025744833147083312,5000,
B2Cr0.01Mg0.99,conventional_AlB2,mp-763,,A1,36.7,3DSC_MP,15.5,c_parent,±20-50%,S1_v3_2_2B_extension,,substructure_aggregate_median,4.2,5.0,4.97994781687558,4.661544720035862,5.269583657060885,0.1842429029214312,5000,
B2Cr0.01Mg0.99,conventional_AlB2,mp-763,,A1,36.7,3DSC_MP,15.5,c_parent,±20-50%,S1_v3_2_2B_extension,,substructure_aggregate_median,20.0,0.1,5.009059454988169,4.731051149681318,5.318205345055199,0.0,5000,
B2Cr0.01Mg0.99,conventional_AlB2,mp-763,,A1,36.7,3DSC_MP,15.5,c_parent,±20-50%,S1_v3_2_2B_extension,,substructure_aggregate_median,20.0,1.0,4.948860208474031,4.655433752526956,5.272935039861793,0.02481142819871973,5000,
B2Cr0.01Mg0.99,conventional_AlB2,mp-763,,A1,36.7,3DSC_MP,15.5,c_parent,±20-50%,S1_v3_2_2B_extension,,substructure_aggregate_median,20.0,5.0,4.6458029975844415,4.208488896220804,5.038844296162517,0.19137616811617164,5000,
B2Cr0.01Mg0.99,conventional_AlB2,mp-763,,A1,36.7,3DSC_MP,15.5,c_parent,±20-50%,S1_v3_2_2B_extension,,substructure_aggregate_median,28.259000000000004,0.1,4.656876601001858,4.129537812523512,5.15889965458727,0.0,5000,
B2Cr0.01Mg0.99,conventional_AlB2,mp-763,,A1,36.7,3DSC_MP,15.5,c_parent,±20-50%,S1_v3_2_2B_extension,,substructure_aggregate_median,28.259000000000004,1.0,4.597041010184918,4.06375845871279,5.11338402820937,0.023020562454468596,5000,
B2Cr0.01Mg0.99,conventional_AlB2,mp-763,,A1,36.7,3DSC_MP,15.5,c_parent,±20-50%,S1_v3_2_2B_extension,,substructure_aggregate_median,28.259000000000004,5.0,4.291064764818264,3.662641160104017,4.880426147180542,0.19673393058429234,5000,
B2Cr0.02Mg0.98,conventional_AlB2,mp-763,,A1,35.3,3DSC_MP,15.5,c_parent,±20-50%,S1_v3_2_2B_extension,,substructure_aggregate_median,4.2,0.1,5.324105348641889,5.1863788403346,5.559330705252185,0.0,5000,
B2Cr0.02Mg0.98,conventional_AlB2,mp-763,,A1,35.3,3DSC_MP,15.5,c_parent,±20-50%,S1_v3_2_2B_extension,,substructure_aggregate_median,4.2,1.0,5.271544406272218,5.105616317081055,5.506780183126137,0.02628213653048217,5000,
B2Cr0.02Mg0.98,conventional_AlB2,mp-763,,A1,35.3,3DSC_MP,15.5,c_parent,±20-50%,S1_v3_2_2B_extension,,substructure_aggregate_median,4.2,5.0,4.981543337214,4.666310110214952,5.263524537620467,0.18418352989528586,5000,
B2Cr0.02Mg0.98,conventional_AlB2,mp-763,,A1,35.3,3DSC_MP,15.5,c_parent,±20-50%,S1_v3_2_2B_extension,,substructure_aggregate_median,20.0,0.1,4.988430169996427,4.710431068993549,5.312156142769415,0.0,5000,
B2Cr0.02Mg0.98,conventional_AlB2,mp-763,,A1,35.3,3DSC_MP,15.5,c_parent,±20-50%,S1_v3_2_2B_extension,,substructure_aggregate_median,20.0,1.0,4.932256472790478,4.637770708743002,5.270094192193538,0.024627399710808184,5000,
B2Cr0.02Mg0.98,conventional_AlB2,mp-763,,A1,35.3,3DSC_MP,15.5,c_parent,±20-50%,S1_v3_2_2B_extension,,substructure_aggregate_median,20.0,5.0,4.626999148297832,4.191078905301291,5.03512783635325,0.1899911995564958,5000,
B2Cr0.02Mg0.98,conventional_AlB2,mp-763,,A1,35.3,3DSC_MP,15.5,c_parent,±20-50%,S1_v3_2_2B_extension,,substructure_aggregate_median,27.180999999999997,0.1,4.673910908982094,4.209023043304142,5.189595076457983,0.0,5000,
B2Cr0.02Mg0.98,conventional_AlB2,mp-763,,A1,35.3,3DSC_MP,15.5,c_parent,±20-50%,S1_v3_2_2B_extension,,substructure_aggregate_median,27.180999999999997,1.0,4.610164729421922,4.130458760497638,5.1374838136847085,0.02510343310340879,5000,
B2Cr0.02Mg0.98,conventional_AlB2,mp-763,,A1,35.3,3DSC_MP,15.5,c_parent,±20-50%,S1_v3_2_2B_extension,,substructure_aggregate_median,27.180999999999997,5.0,4.303224905715002,3.6980241182361953,4.89998122531752,0.19359810617158324,5000,
B2Cr0.03Mg0.97,conventional_AlB2,mp-763,,A1,35.1,3DSC_MP,15.5,c_parent,±20-50%,S1_v3_2_2B_extension,,substructure_aggregate_median,4.2,0.1,5.324105348641889,5.171003190830169,5.559330705252185,0.0,5000,
B2Cr0.03Mg0.97,conventional_AlB2,mp-763,,A1,35.1,3DSC_MP,15.5,c_parent,±20-50%,S1_v3_2_2B_extension,,substructure_aggregate_median,4.2,1.0,5.269431390263902,5.103248336736622,5.508722502399244,0.02444747117140178,5000,
B2Cr0.03Mg0.97,conventional_AlB2,mp-763,,A1,35.1,3DSC_MP,15.5,c_parent,±20-50%,S1_v3_2_2B_extension,,substructure_aggregate_median,4.2,5.0,4.980622895715926,4.657563454596022,5.271600867811023,0.18515885844438706,5000,
B2Cr0.03Mg0.97,conventional_AlB2,mp-763,,A1,35.1,3DSC_MP,15.5,c_parent,±20-50%,S1_v3_2_2B_extension,,substructure_aggregate_median,20.0,0.1,4.984199303885426,4.7018294846387345,5.307251933717255,0.0,5000,
B2Cr0.03Mg0.97,conventional_AlB2,mp-763,,A1,35.1,3DSC_MP,15.5,c_parent,±20-50%,S1_v3_2_2B_extension,,substructure_aggregate_median,20.0,1.0,4.9250516193851155,4.6293673304273675,5.26227270254968,0.024428939259564686,5000,
B2Cr0.03Mg0.97,conventional_AlB2,mp-763,,A1,35.1,3DSC_MP,15.5,c_parent,±20-50%,S1_v3_2_2B_extension,,substructure_aggregate_median,20.0,5.0,4.621395946507317,4.183831450689021,5.028882183080567,0.19049406591792817,5000,
B2Cr0.03Mg0.97,conventional_AlB2,mp-763,,A1,35.1,3DSC_MP,15.5,c_parent,±20-50%,S1_v3_2_2B_extension,,substructure_aggregate_median,27.027,0.1,4.659800760853216,4.19584479365365,5.168201446944538,0.0,5000,
B2Cr0.03Mg0.97,conventional_AlB2,mp-763,,A1,35.1,3DSC_MP,15.5,c_parent,±20-50%,S1_v3_2_2B_extension,,substructure_aggregate_median,27.027,1.0,4.60105040597256,4.126566187173057,5.117074226803632,0.022722313721148524,5000,
B2Cr0.03Mg0.97,conventional_AlB2,mp-763,,A1,35.1,3DSC_MP,15.5,c_parent,±20-50%,S1_v3_2_2B_extension,,substructure_aggregate_median,27.027,5.0,4.297582967934322,3.69403568591728,4.885166431226193,0.1959657534667416,5000,
B2Cu0.004Mg0.996,conventional_AlB2,mp-763,,A1,38.11,3DSC_MP,15.5,c_parent,±20-50%,S1_v3_2_2B_extension,,substructure_aggregate_median,4.2,0.1,5.324105348641889,5.171003190830169,5.559330705252185,0.0,5000,
B2Cu0.004Mg0.996,conventional_AlB2,mp-763,,A1,38.11,3DSC_MP,15.5,c_parent,±20-50%,S1_v3_2_2B_extension,,substructure_aggregate_median,4.2,1.0,5.266214364520186,5.100092209645829,5.50576400867879,0.023854965423002028,5000,
B2Cu0.004Mg0.996,conventional_AlB2,mp-763,,A1,38.11,3DSC_MP,15.5,c_parent,±20-50%,S1_v3_2_2B_extension,,substructure_aggregate_median,4.2,5.0,4.975326348157319,4.6615651292183,5.264931825178314,0.18450360982407865,5000,
B2Cu0.004Mg0.996,conventional_AlB2,mp-763,,A1,38.11,3DSC_MP,15.5,c_parent,±20-50%,S1_v3_2_2B_extension,,substructure_aggregate_median,20.0,0.1,5.01960240337941,4.7605701276882435,5.333135872136754,0.0,5000,
B2Cu0.004Mg0.996,conventional_AlB2,mp-763,,A1,38.11,3DSC_MP,15.5,c_parent,±20-50%,S1_v3_2_2B_extension,,substructure_aggregate_median,20.0,1.0,4.964256619331223,4.683629912618813,5.287886531647479,0.023656374640988354,5000,
B2Cu0.004Mg0.996,conventional_AlB2,mp-763,,A1,38.11,3DSC_MP,15.5,c_parent,±20-50%,S1_v3_2_2B_extension,,substructure_aggregate_median,20.0,5.0,4.661351398763664,4.24660172655291,5.0477236485058965,0.1897889028646178,5000,
B2Cu0.004Mg0.996,conventional_AlB2,mp-763,,A1,38.11,3DSC_MP,15.5,c_parent,±20-50%,S1_v3_2_2B_extension,,substructure_aggregate_median,29.3447,0.1,4.646373606722773,4.203462520462983,5.167308346352704,0.0,5000,
B2Cu0.004Mg0.996,conventional_AlB2,mp-763,,A1,38.11,3DSC_MP,15.5,c_parent,±20-50%,S1_v3_2_2B_extension,,substructure_aggregate_median,29.3447,1.0,4.589340383006553,4.1419530932271185,5.11936440783728,0.025256299139225113,5000,
B2Cu0.004Mg0.996,conventional_AlB2,mp-763,,A1,38.11,3DSC_MP,15.5,c_parent,±20-50%,S1_v3_2_2B_extension,,substructure_aggregate_median,29.3447,5.0,4.286694083260439,3.6992218781197495,4.880706916567631,0.19253744885045698,5000,
B2Cu0.011Mg0.989,conventional_AlB2,mp-763,,A1,38.05,3DSC_MP,15.5,c_parent,±20-50%,S1_v3_2_2B_extension,,substructure_aggregate_median,4.2,0.1,5.324105348641889,5.171003190830169,5.559330705252185,0.0,5000,
B2Cu0.011Mg0.989,conventional_AlB2,mp-763,,A1,38.05,3DSC_MP,15.5,c_parent,±20-50%,S1_v3_2_2B_extension,,substructure_aggregate_median,4.2,1.0,5.26911416701377,5.103264623835246,5.506751427124972,0.023445715094798203,5000,
B2Cu0.011Mg0.989,conventional_AlB2,mp-763,,A1,38.05,3DSC_MP,15.5,c_parent,±20-50%,S1_v3_2_2B_extension,,substructure_aggregate_median,4.2,5.0,4.980622895715926,4.66194451505004,5.260069290786695,0.1849636369458869,5000,
B2Cu0.011Mg0.989,conventional_AlB2,mp-763,,A1,38.05,3DSC_MP,15.5,c_parent,±20-50%,S1_v3_2_2B_extension,,substructure_aggregate_median,20.0,0.1,5.027049179335381,4.759014077190904,5.3323052487658185,0.0,5000,
B2Cu0.011Mg0.989,conventional_AlB2,mp-763,,A1,38.05,3DSC_MP,15.5,c_parent,±20-50%,S1_v3_2_2B_extension,,substructure_aggregate_median,20.0,1.0,4.9646926280025845,4.68833653705429,5.2810867642880535,0.02452858399065505,5000,
B2Cu0.011Mg0.989,conventional_AlB2,mp-763,,A1,38.05,3DSC_MP,15.5,c_parent,±20-50%,S1_v3_2_2B_extension,,substructure_aggregate_median,20.0,5.0,4.663038039472059,4.249063718683685,5.046402246952853,0.18811141818894672,5000,
B2Cu0.011Mg0.989,conventional_AlB2,mp-763,,A1,38.05,3DSC_MP,15.5,c_parent,±20-50%,S1_v3_2_2B_extension,,substructure_aggregate_median,29.298499999999997,0.1,4.646470278673648,4.166702426310262,5.15600670197186,0.0,5000,
B2Cu0.011Mg0.989,conventional_AlB2,mp-763,,A1,38.05,3DSC_MP,15.5,c_parent,±20-50%,S1_v3_2_2B_extension,,substructure_aggregate_median,29.298499999999997,1.0,4.591124494625461,4.086414381841425,5.109876727873295,0.02375411758469781,5000,
B2Cu0.011Mg0.989,conventional_AlB2,mp-763,,A1,38.05,3DSC_MP,15.5,c_parent,±20-50%,S1_v3_2_2B_extension,,substructure_aggregate_median,29.298499999999997,5.0,4.285830036199902,3.658078402693467,4.878205593202277,0.1951659617215853,5000,
B2Cu0.018Mg0.982,conventional_AlB2,mp-763,,A1,37.8,3DSC_MP,15.5,c_parent,±20-50%,S1_v3_2_2B_extension,,substructure_aggregate_median,4.2,0.1,5.324105348641889,5.171003190830169,5.549941092791016,0.0,5000,
B2Cu0.018Mg0.982,conventional_AlB2,mp-763,,A1,37.8,3DSC_MP,15.5,c_parent,±20-50%,S1_v3_2_2B_extension,,substructure_aggregate_median,4.2,1.0,5.269431390263902,5.1026131398903125,5.5019971542755925,0.02399488345937595,5000,
B2Cu0.018Mg0.982,conventional_AlB2,mp-763,,A1,37.8,3DSC_MP,15.5,c_parent,±20-50%,S1_v3_2_2B_extension,,substructure_aggregate_median,4.2,5.0,4.98039196413065,4.657914814423946,5.255017020189096,0.1837761800861779,5000,
B2Cu0.018Mg0.982,conventional_AlB2,mp-763,,A1,37.8,3DSC_MP,15.5,c_parent,±20-50%,S1_v3_2_2B_extension,,substructure_aggregate_median,20.0,0.1,5.02411281976708,4.752444231095849,5.331057998991564,0.0,5000,
B2Cu0.018Mg0.982,conventional_AlB2,mp-763,,A1,37.8,3DSC_MP,15.5,c_parent,±20-50%,S1_v3_2_2B_extension,,substructure_aggregate_median,20.0,1.0,4.963776384413901,4.681368421813862,5.283124848838484,0.024234997414202653,5000,
B2Cu0.018Mg0.982,conventional_AlB2,mp-763,,A1,37.8,3DSC_MP,15.5,c_parent,±20-50%,S1_v3_2_2B_extension,,substructure_aggregate_median,20.0,5.0,4.6641725644567185,4.238024840881443,5.046903336026763,0.19061662753640185,5000,
B2Cu0.018Mg0.982,conventional_AlB2,mp-763,,A1,37.8,3DSC_MP,15.5,c_parent,±20-50%,S1_v3_2_2B_extension,,substructure_aggregate_median,29.105999999999998,0.1,4.641738294362475,4.12576376015806,5.167531542511934,0.0,5000,
B2Cu0.018Mg0.982,conventional_AlB2,mp-763,,A1,37.8,3DSC_MP,15.5,c_parent,±20-50%,S1_v3_2_2B_extension,,substructure_aggregate_median,29.105999999999998,1.0,4.589177351992804,4.056741763766488,5.121950929496936,0.024145679005822984,5000,
B2Cu0.018Mg0.982,conventional_AlB2,mp-763,,A1,37.8,3DSC_MP,15.5,c_parent,±20-50%,S1_v3_2_2B_extension,,substructure_aggregate_median,29.105999999999998,5.0,4.287796564730518,3.6562877910806586,4.879676138681235,0.1935984619443447,5000,
B2Cu0.03Mg0.97,conventional_AlB2,mp-763,,A1,37.58,3DSC_MP,15.5,c_parent,±20-50%,S1_v3_2_2B_extension,,substructure_aggregate_median,4.2,0.1,5.324105348641889,5.171003190830169,5.559330705252185,0.0,5000,
B2Cu0.03Mg0.97,conventional_AlB2,mp-763,,A1,37.58,3DSC_MP,15.5,c_parent,±20-50%,S1_v3_2_2B_extension,,substructure_aggregate_median,4.2,1.0,5.269355740937106,5.103264623835246,5.508722502399244,0.024646367404310254,5000,
B2Cu0.03Mg0.97,conventional_AlB2,mp-763,,A1,37.58,3DSC_MP,15.5,c_parent,±20-50%,S1_v3_2_2B_extension,,substructure_aggregate_median,4.2,5.0,4.9763786985300005,4.666223515771057,5.265495856664213,0.18435249316081315,5000,
B2Cu0.03Mg0.97,conventional_AlB2,mp-763,,A1,37.58,3DSC_MP,15.5,c_parent,±20-50%,S1_v3_2_2B_extension,,substructure_aggregate_median,20.0,0.1,5.021252614002386,4.7465448920605136,5.329549478914238,0.0,5000,
B2Cu0.03Mg0.97,conventional_AlB2,mp-763,,A1,37.58,3DSC_MP,15.5,c_parent,±20-50%,S1_v3_2_2B_extension,,substructure_aggregate_median,20.0,1.0,4.960772952701126,4.67776626015522,5.283551967155497,0.025360464957468132,5000,
B2Cu0.03Mg0.97,conventional_AlB2,mp-763,,A1,37.58,3DSC_MP,15.5,c_parent,±20-50%,S1_v3_2_2B_extension,,substructure_aggregate_median,20.0,5.0,4.657495361634589,4.246278914715051,5.049941927328062,0.1906556373097139,5000,
B2Cu0.03Mg0.97,conventional_AlB2,mp-763,,A1,37.58,3DSC_MP,15.5,c_parent,±20-50%,S1_v3_2_2B_extension,,substructure_aggregate_median,28.9366,0.1,4.655381138561722,4.184237976796379,5.167692314183857,0.0,5000,
B2Cu0.03Mg0.97,conventional_AlB2,mp-763,,A1,37.58,3DSC_MP,15.5,c_parent,±20-50%,S1_v3_2_2B_extension,,substructure_aggregate_median,28.9366,1.0,4.602816074512036,4.106210268461273,5.119782580435278,0.025602148845040418,5000,
B2Cu0.03Mg0.97,conventional_AlB2,mp-763,,A1,37.58,3DSC_MP,15.5,c_parent,±20-50%,S1_v3_2_2B_extension,,substructure_aggregate_median,28.9366,5.0,4.289190919626191,3.673629079246935,4.886731733825129,0.19473053029782772,5000,
B2Cu0.05Mg0.95,conventional_AlB2,mp-763,,A1,37.75,3DSC_MP,15.5,c_parent,±20-50%,S1_v3_2_2B_extension,,substructure_aggregate_median,4.2,0.1,5.324105348641889,5.1863788403346,5.559330705252185,0.0,5000,
B2Cu0.05Mg0.95,conventional_AlB2,mp-763,,A1,37.75,3DSC_MP,15.5,c_parent,±20-50%,S1_v3_2_2B_extension,,substructure_aggregate_median,4.2,1.0,5.271536162912187,5.104680266782216,5.506751427124972,0.02545946454299841,5000,
B2Cu0.05Mg0.95,conventional_AlB2,mp-763,,A1,37.75,3DSC_MP,15.5,c_parent,±20-50%,S1_v3_2_2B_extension,,substructure_aggregate_median,4.2,5.0,4.980622895715926,4.661544720035862,5.265395422341659,0.1844443918403993,5000,
B2Cu0.05Mg0.95,conventional_AlB2,mp-763,,A1,37.75,3DSC_MP,15.5,c_parent,±20-50%,S1_v3_2_2B_extension,,substructure_aggregate_median,20.0,0.1,5.023501397115826,4.765033835720256,5.330717664339587,0.0,5000,
B2Cu0.05Mg0.95,conventional_AlB2,mp-763,,A1,37.75,3DSC_MP,15.5,c_parent,±20-50%,S1_v3_2_2B_extension,,substructure_aggregate_median,20.0,1.0,4.965626978790241,4.6886453106623955,5.282886274406245,0.02522330735366829,5000,
B2Cu0.05Mg0.95,conventional_AlB2,mp-763,,A1,37.75,3DSC_MP,15.5,c_parent,±20-50%,S1_v3_2_2B_extension,,substructure_aggregate_median,20.0,5.0,4.662306583771308,4.247469597193171,5.049790438630109,0.19157725930391312,5000,
B2Cu0.05Mg0.95,conventional_AlB2,mp-763,,A1,37.75,3DSC_MP,15.5,c_parent,±20-50%,S1_v3_2_2B_extension,,substructure_aggregate_median,29.0675,0.1,4.655100781247521,4.183138805988789,5.181937739686424,0.0,5000,
B2Cu0.05Mg0.95,conventional_AlB2,mp-763,,A1,37.75,3DSC_MP,15.5,c_parent,±20-50%,S1_v3_2_2B_extension,,substructure_aggregate_median,29.0675,1.0,4.598526196847526,4.107078798222635,5.130084601621147,0.023504217192497734,5000,
B2Cu0.05Mg0.95,conventional_AlB2,mp-763,,A1,37.75,3DSC_MP,15.5,c_parent,±20-50%,S1_v3_2_2B_extension,,substructure_aggregate_median,29.0675,5.0,4.293057262584432,3.6850719152377307,4.892337485460521,0.1947381445953269,5000,
B2Cu0.1Mg0.9,conventional_AlB2,mp-763,,A1,38.6,3DSC_MP,15.5,c_parent,±20-50%,S1_v3_2_2B_extension,,substructure_aggregate_median,4.2,0.1,5.324105348641889,5.171003190830169,5.549941092791016,0.0,5000,
B2Cu0.1Mg0.9,conventional_AlB2,mp-763,,A1,38.6,3DSC_MP,15.5,c_parent,±20-50%,S1_v3_2_2B_extension,,substructure_aggregate_median,4.2,1.0,5.267314672209294,5.1026131398903125,5.499339529953279,0.023323424198758325,5000,
B2Cu0.1Mg0.9,conventional_AlB2,mp-763,,A1,38.6,3DSC_MP,15.5,c_parent,±20-50%,S1_v3_2_2B_extension,,substructure_aggregate_median,4.2,5.0,4.978510420547236,4.661953624195636,5.256994599571886,0.18461862858346656,5000,
B2Cu0.1Mg0.9,conventional_AlB2,mp-763,,A1,38.6,3DSC_MP,15.5,c_parent,±20-50%,S1_v3_2_2B_extension,,substructure_aggregate_median,20.0,0.1,5.02515251969956,4.772988024469917,5.3363112527177154,0.0,5000,
B2Cu0.1Mg0.9,conventional_AlB2,mp-763,,A1,38.6,3DSC_MP,15.5,c_parent,±20-50%,S1_v3_2_2B_extension,,substructure_aggregate_median,20.0,1.0,4.97026484985463,4.69970162080769,5.287359131259812,0.02403993296292306,5000,
B2Cu0.1Mg0.9,conventional_AlB2,mp-763,,A1,38.6,3DSC_MP,15.5,c_parent,±20-50%,S1_v3_2_2B_extension,,substructure_aggregate_median,20.0,5.0,4.667507170322648,4.268004140263859,5.051045137778675,0.1910131547749696,5000,
B2Cu0.1Mg0.9,conventional_AlB2,mp-763,,A1,38.6,3DSC_MP,15.5,c_parent,±20-50%,S1_v3_2_2B_extension,,substructure_aggregate_median,29.722,0.1,4.645596055404505,4.240361358439477,5.164824235611567,0.0,5000,
B2Cu0.1Mg0.9,conventional_AlB2,mp-763,,A1,38.6,3DSC_MP,15.5,c_parent,±20-50%,S1_v3_2_2B_extension,,substructure_aggregate_median,29.722,1.0,4.590250271356319,4.160904679325488,5.116966293238837,0.023488655411332715,5000,
B2Cu0.1Mg0.9,conventional_AlB2,mp-763,,A1,38.6,3DSC_MP,15.5,c_parent,±20-50%,S1_v3_2_2B_extension,,substructure_aggregate_median,29.722,5.0,4.288674810044218,3.7124738860777455,4.877816366982129,0.19336193402257607,5000,
B2Cu0.2Mg0.8,conventional_AlB2,mp-763,,A1,38.6,3DSC_MP,15.5,c_parent,±20-50%,S1_v3_2_2B_extension,,substructure_aggregate_median,4.2,0.1,5.324105348641889,5.1863788403346,5.559330705252185,0.0,5000,
B2Cu0.2Mg0.8,conventional_AlB2,mp-763,,A1,38.6,3DSC_MP,15.5,c_parent,±20-50%,S1_v3_2_2B_extension,,substructure_aggregate_median,4.2,1.0,5.271695840921429,5.103255297865912,5.5079081584420155,0.025520799608542255,5000,
B2Cu0.2Mg0.8,conventional_AlB2,mp-763,,A1,38.6,3DSC_MP,15.5,c_parent,±20-50%,S1_v3_2_2B_extension,,substructure_aggregate_median,4.2,5.0,4.980622895715926,4.661589258371804,5.264489202289058,0.18525146668245984,5000,
B2Cu0.2Mg0.8,conventional_AlB2,mp-763,,A1,38.6,3DSC_MP,15.5,c_parent,±20-50%,S1_v3_2_2B_extension,,substructure_aggregate_median,20.0,0.1,5.033294764575276,4.779068489266972,5.3363112527177154,0.0,5000,
B2Cu0.2Mg0.8,conventional_AlB2,mp-763,,A1,38.6,3DSC_MP,15.5,c_parent,±20-50%,S1_v3_2_2B_extension,,substructure_aggregate_median,20.0,1.0,4.973424435465634,4.706021307079868,5.290727685550237,0.0241283540001751,5000,
B2Cu0.2Mg0.8,conventional_AlB2,mp-763,,A1,38.6,3DSC_MP,15.5,c_parent,±20-50%,S1_v3_2_2B_extension,,substructure_aggregate_median,20.0,5.0,4.674784197974749,4.2702773166435,5.053861128402115,0.19041406206216926,5000,
B2Cu0.2Mg0.8,conventional_AlB2,mp-763,,A1,38.6,3DSC_MP,15.5,c_parent,±20-50%,S1_v3_2_2B_extension,,substructure_aggregate_median,29.722,0.1,4.653738300280222,4.255796560684612,5.16696331088358,0.0,5000,
B2Cu0.2Mg0.8,conventional_AlB2,mp-763,,A1,38.6,3DSC_MP,15.5,c_parent,±20-50%,S1_v3_2_2B_extension,,substructure_aggregate_median,29.722,1.0,4.592494976662015,4.189750688109835,5.120805128542067,0.02310260999646463,5000,
B2Cu0.2Mg0.8,conventional_AlB2,mp-763,,A1,38.6,3DSC_MP,15.5,c_parent,±20-50%,S1_v3_2_2B_extension,,substructure_aggregate_median,29.722,5.0,4.288072790098537,3.7283473505679154,4.889702651531472,0.1922200752813783,5000,
B2Fe0.003Mg0.997,conventional_AlB2,mp-763,,A1,37.8,3DSC_MP,15.5,c_parent,±20-50%,S1_v3_2_2B_extension,,substructure_aggregate_median,4.2,0.1,5.324105348641889,5.171003190830169,5.549941092791016,0.0,5000,
B2Fe0.003Mg0.997,conventional_AlB2,mp-763,,A1,37.8,3DSC_MP,15.5,c_parent,±20-50%,S1_v3_2_2B_extension,,substructure_aggregate_median,4.2,1.0,5.269431390263902,5.104680266782216,5.503374888924745,0.02399488345937595,5000,
B2Fe0.003Mg0.997,conventional_AlB2,mp-763,,A1,37.8,3DSC_MP,15.5,c_parent,±20-50%,S1_v3_2_2B_extension,,substructure_aggregate_median,4.2,5.0,4.979227182023163,4.661953624195636,5.260794148889566,0.18649334087240899,5000,
B2Fe0.003Mg0.997,conventional_AlB2,mp-763,,A1,37.8,3DSC_MP,15.5,c_parent,±20-50%,S1_v3_2_2B_extension,,substructure_aggregate_median,20.0,0.1,5.02411281976708,4.765877935074358,5.333110531824441,0.0,5000,
B2Fe0.003Mg0.997,conventional_AlB2,mp-763,,A1,37.8,3DSC_MP,15.5,c_parent,±20-50%,S1_v3_2_2B_extension,,substructure_aggregate_median,20.0,1.0,4.966221835645377,4.6921723569295954,5.289014662210436,0.025148316238074564,5000,
B2Fe0.003Mg0.997,conventional_AlB2,mp-763,,A1,37.8,3DSC_MP,15.5,c_parent,±20-50%,S1_v3_2_2B_extension,,substructure_aggregate_median,20.0,5.0,4.668243924779475,4.258781110988466,5.049674202419956,0.19107658995381982,5000,
B2Fe0.003Mg0.997,conventional_AlB2,mp-763,,A1,37.8,3DSC_MP,15.5,c_parent,±20-50%,S1_v3_2_2B_extension,,substructure_aggregate_median,29.105999999999998,0.1,4.6550188331275555,4.238986272564484,5.181895855317112,0.0,5000,
B2Fe0.003Mg0.997,conventional_AlB2,mp-763,,A1,37.8,3DSC_MP,15.5,c_parent,±20-50%,S1_v3_2_2B_extension,,substructure_aggregate_median,29.105999999999998,1.0,4.604040931071102,4.162038696295192,5.131486302222921,0.024517377444754018,5000,
B2Fe0.003Mg0.997,conventional_AlB2,mp-763,,A1,37.8,3DSC_MP,15.5,c_parent,±20-50%,S1_v3_2_2B_extension,,substructure_aggregate_median,29.105999999999998,5.0,4.29717336265847,3.722303382761767,4.889197664324265,0.1941658866742939,5000,
B2Fe0.006Mg0.994,conventional_AlB2,mp-763,,A1,35.6,3DSC_MP,15.5,c_parent,±20-50%,S1_v3_2_2B_extension,,substructure_aggregate_median,4.2,0.1,5.324105348641889,5.171003190830169,5.559330705252185,0.0,5000,
B2Fe0.006Mg0.994,conventional_AlB2,mp-763,,A1,35.6,3DSC_MP,15.5,c_parent,±20-50%,S1_v3_2_2B_extension,,substructure_aggregate_median,4.2,1.0,5.269307678896171,5.102014001796972,5.508167991864219,0.025102586412382166,5000,
B2Fe0.006Mg0.994,conventional_AlB2,mp-763,,A1,35.6,3DSC_MP,15.5,c_parent,±20-50%,S1_v3_2_2B_extension,,substructure_aggregate_median,4.2,5.0,4.980622895715926,4.651889285545567,5.271600867811023,0.18692043790225465,5000,
B2Fe0.006Mg0.994,conventional_AlB2,mp-763,,A1,35.6,3DSC_MP,15.5,c_parent,±20-50%,S1_v3_2_2B_extension,,substructure_aggregate_median,20.0,0.1,4.992377684017201,4.724794927522573,5.314549689843848,0.0,5000,
B2Fe0.006Mg0.994,conventional_AlB2,mp-763,,A1,35.6,3DSC_MP,15.5,c_parent,±20-50%,S1_v3_2_2B_extension,,substructure_aggregate_median,20.0,1.0,4.935041302175662,4.646302947433424,5.266523276994603,0.024418449369576933,5000,
B2Fe0.006Mg0.994,conventional_AlB2,mp-763,,A1,35.6,3DSC_MP,15.5,c_parent,±20-50%,S1_v3_2_2B_extension,,substructure_aggregate_median,20.0,5.0,4.633146003497009,4.1941023755110844,5.034098403958578,0.18940503784843088,5000,
B2Fe0.006Mg0.994,conventional_AlB2,mp-763,,A1,35.6,3DSC_MP,15.5,c_parent,±20-50%,S1_v3_2_2B_extension,,substructure_aggregate_median,27.412000000000003,0.1,4.6733479806196145,4.260928150265725,5.169234642636511,0.0,5000,
B2Fe0.006Mg0.994,conventional_AlB2,mp-763,,A1,35.6,3DSC_MP,15.5,c_parent,±20-50%,S1_v3_2_2B_extension,,substructure_aggregate_median,27.412000000000003,1.0,4.610208406255731,4.19064213899949,5.1257626964987715,0.02318988785575815,5000,
B2Fe0.006Mg0.994,conventional_AlB2,mp-763,,A1,35.6,3DSC_MP,15.5,c_parent,±20-50%,S1_v3_2_2B_extension,,substructure_aggregate_median,27.412000000000003,5.0,4.303531147409693,3.7252240466501703,4.887681752600584,0.19222026660828107,5000,
B2Fe0.012Mg0.988,conventional_AlB2,mp-763,,A1,33.45,3DSC_MP,15.5,c_parent,±20-50%,S1_v3_2_2B_extension,,substructure_aggregate_median,4.2,0.1,5.324105348641889,5.171003190830169,5.559330705252185,0.0,5000,
B2Fe0.012Mg0.988,conventional_AlB2,mp-763,,A1,33.45,3DSC_MP,15.5,c_parent,±20-50%,S1_v3_2_2B_extension,,substructure_aggregate_median,4.2,1.0,5.2679403681568955,5.101961655945378,5.506419869771421,0.023837589941414272,5000,
B2Fe0.012Mg0.988,conventional_AlB2,mp-763,,A1,33.45,3DSC_MP,15.5,c_parent,±20-50%,S1_v3_2_2B_extension,,substructure_aggregate_median,4.2,5.0,4.9740306958490415,4.655381392460561,5.264500267861289,0.18690034995659133,5000,
B2Fe0.012Mg0.988,conventional_AlB2,mp-763,,A1,33.45,3DSC_MP,15.5,c_parent,±20-50%,S1_v3_2_2B_extension,,substructure_aggregate_median,20.0,0.1,4.94845931127179,4.654401043192386,5.287673461200554,0.0,5000,
B2Fe0.012Mg0.988,conventional_AlB2,mp-763,,A1,33.45,3DSC_MP,15.5,c_parent,±20-50%,S1_v3_2_2B_extension,,substructure_aggregate_median,20.0,1.0,4.889534836516607,4.580551948439923,5.243504082327841,0.025013624286455816,5000,
B2Fe0.012Mg0.988,conventional_AlB2,mp-763,,A1,33.45,3DSC_MP,15.5,c_parent,±20-50%,S1_v3_2_2B_extension,,substructure_aggregate_median,20.0,5.0,4.581005512172087,4.132496081335257,5.0079817523098775,0.19074480250048964,5000,
B2Fe0.012Mg0.988,conventional_AlB2,mp-763,,A1,33.45,3DSC_MP,15.5,c_parent,±20-50%,S1_v3_2_2B_extension,,substructure_aggregate_median,25.756500000000003,0.1,4.652189075219323,4.179325943906617,5.160431447411657,0.0,5000,
B2Fe0.012Mg0.988,conventional_AlB2,mp-763,,A1,33.45,3DSC_MP,15.5,c_parent,±20-50%,S1_v3_2_2B_extension,,substructure_aggregate_median,25.756500000000003,1.0,4.595553627834702,4.1050896017458856,5.112531257638426,0.02517055242890276,5000,
B2Fe0.012Mg0.988,conventional_AlB2,mp-763,,A1,33.45,3DSC_MP,15.5,c_parent,±20-50%,S1_v3_2_2B_extension,,substructure_aggregate_median,25.756500000000003,5.0,4.289796185278469,3.6809696422854707,4.883877925017583,0.19212606352325423,5000,
B2Fe0.01Mg0.99,conventional_AlB2,mp-763,,A1,34.7,3DSC_MP,15.5,c_parent,±20-50%,S1_v3_2_2B_extension,,substructure_aggregate_median,4.2,0.1,5.324105348641889,5.171003190830169,5.559330705252185,0.0,5000,
B2Fe0.01Mg0.99,conventional_AlB2,mp-763,,A1,34.7,3DSC_MP,15.5,c_parent,±20-50%,S1_v3_2_2B_extension,,substructure_aggregate_median,4.2,1.0,5.270343882357867,5.103264623835246,5.506323838669852,0.025744833147083312,5000,
B2Fe0.01Mg0.99,conventional_AlB2,mp-763,,A1,34.7,3DSC_MP,15.5,c_parent,±20-50%,S1_v3_2_2B_extension,,substructure_aggregate_median,4.2,5.0,4.983848333870372,4.667150606665967,5.263524537620467,0.18389098490685196,5000,
B2Fe0.01Mg0.99,conventional_AlB2,mp-763,,A1,34.7,3DSC_MP,15.5,c_parent,±20-50%,S1_v3_2_2B_extension,,substructure_aggregate_median,20.0,0.1,4.9773605448428775,4.677909324673336,5.306748669367916,0.0,5000,
B2Fe0.01Mg0.99,conventional_AlB2,mp-763,,A1,34.7,3DSC_MP,15.5,c_parent,±20-50%,S1_v3_2_2B_extension,,substructure_aggregate_median,20.0,1.0,4.918514186749772,4.600837567425354,5.262927944223833,0.02381679585415153,5000,
B2Fe0.01Mg0.99,conventional_AlB2,mp-763,,A1,34.7,3DSC_MP,15.5,c_parent,±20-50%,S1_v3_2_2B_extension,,substructure_aggregate_median,20.0,5.0,4.616406833695808,4.166804422775988,5.030870501289571,0.1874251769100006,5000,
B2Fe0.01Mg0.99,conventional_AlB2,mp-763,,A1,34.7,3DSC_MP,15.5,c_parent,±20-50%,S1_v3_2_2B_extension,,substructure_aggregate_median,26.719,0.1,4.6605768324004195,4.13677517314387,5.169997883757132,0.0,5000,
B2Fe0.01Mg0.99,conventional_AlB2,mp-763,,A1,34.7,3DSC_MP,15.5,c_parent,±20-50%,S1_v3_2_2B_extension,,substructure_aggregate_median,26.719,1.0,4.599789527947694,4.059935102165947,5.125856367843495,0.024028394141105025,5000,
B2Fe0.01Mg0.99,conventional_AlB2,mp-763,,A1,34.7,3DSC_MP,15.5,c_parent,±20-50%,S1_v3_2_2B_extension,,substructure_aggregate_median,26.719,5.0,4.302219847794967,3.641178661960058,4.891647839874698,0.18962447015741812,5000,
B2Fe0.03Mg0.97,conventional_AlB2,mp-763,,A1,32.96666667,3DSC_MP,15.5,c_parent,±20-50%,S1_v3_2_2B_extension,,substructure_aggregate_median,4.2,0.1,5.324105348641889,5.1863788403346,5.559330705252185,0.0,5000,
B2Fe0.03Mg0.97,conventional_AlB2,mp-763,,A1,32.96666667,3DSC_MP,15.5,c_parent,±20-50%,S1_v3_2_2B_extension,,substructure_aggregate_median,4.2,1.0,5.269307678896171,5.105616317081055,5.506419869771421,0.02470499203260701,5000,
B2Fe0.03Mg0.97,conventional_AlB2,mp-763,,A1,32.96666667,3DSC_MP,15.5,c_parent,±20-50%,S1_v3_2_2B_extension,,substructure_aggregate_median,4.2,5.0,4.981543337214,4.66390965664839,5.264943415107397,0.1850470720690538,5000,
B2Fe0.03Mg0.97,conventional_AlB2,mp-763,,A1,32.96666667,3DSC_MP,15.5,c_parent,±20-50%,S1_v3_2_2B_extension,,substructure_aggregate_median,20.0,0.1,4.943392770529325,4.632912577492559,5.298826182589676,0.0,5000,
B2Fe0.03Mg0.97,conventional_AlB2,mp-763,,A1,32.96666667,3DSC_MP,15.5,c_parent,±20-50%,S1_v3_2_2B_extension,,substructure_aggregate_median,20.0,1.0,4.883186622849433,4.55379106139378,5.250981723224225,0.02477505551907999,5000,
B2Fe0.03Mg0.97,conventional_AlB2,mp-763,,A1,32.96666667,3DSC_MP,15.5,c_parent,±20-50%,S1_v3_2_2B_extension,,substructure_aggregate_median,20.0,5.0,4.57673311792972,4.104591837142061,5.02038624277539,0.18774786449287895,5000,
B2Fe0.03Mg0.97,conventional_AlB2,mp-763,,A1,32.96666667,3DSC_MP,15.5,c_parent,±20-50%,S1_v3_2_2B_extension,,substructure_aggregate_median,25.384333335900003,0.1,4.664173277673519,4.1443609991194,5.191619868607363,0.0,5000,
B2Fe0.03Mg0.97,conventional_AlB2,mp-763,,A1,32.96666667,3DSC_MP,15.5,c_parent,±20-50%,S1_v3_2_2B_extension,,substructure_aggregate_median,25.384333335900003,1.0,4.604197860873393,4.076636844449754,5.139590261085882,0.02288691076179017,5000,
B2Fe0.03Mg0.97,conventional_AlB2,mp-763,,A1,32.96666667,3DSC_MP,15.5,c_parent,±20-50%,S1_v3_2_2B_extension,,substructure_aggregate_median,25.384333335900003,5.0,4.299419713622108,3.6417095627309317,4.9009877256998164,0.19482331771816686,5000,
B2Fe0.05Mg0.95,conventional_AlB2,mp-763,,A1,29.5,3DSC_MP,15.5,c_parent,±20-50%,S1_v3_2_2B_extension,,substructure_aggregate_median,4.2,0.1,5.324105348641889,5.171003190830169,5.559330705252185,0.0,5000,
B2Fe0.05Mg0.95,conventional_AlB2,mp-763,,A1,29.5,3DSC_MP,15.5,c_parent,±20-50%,S1_v3_2_2B_extension,,substructure_aggregate_median,4.2,1.0,5.267411428150495,5.101784558126327,5.506419869771421,0.023676658191738476,5000,
B2Fe0.05Mg0.95,conventional_AlB2,mp-763,,A1,29.5,3DSC_MP,15.5,c_parent,±20-50%,S1_v3_2_2B_extension,,substructure_aggregate_median,4.2,5.0,4.975786568906356,4.6571606044087055,5.265395422341659,0.18362022058583793,5000,
B2Fe0.05Mg0.95,conventional_AlB2,mp-763,,A1,29.5,3DSC_MP,15.5,c_parent,±20-50%,S1_v3_2_2B_extension,,substructure_aggregate_median,20.0,0.1,4.8507775274382965,4.5258361554716355,5.249314234202875,0.0,5000,
B2Fe0.05Mg0.95,conventional_AlB2,mp-763,,A1,29.5,3DSC_MP,15.5,c_parent,±20-50%,S1_v3_2_2B_extension,,substructure_aggregate_median,20.0,1.0,4.790769920071845,4.449255292987382,5.205674101949504,0.0250192773274307,5000,
B2Fe0.05Mg0.95,conventional_AlB2,mp-763,,A1,29.5,3DSC_MP,15.5,c_parent,±20-50%,S1_v3_2_2B_extension,,substructure_aggregate_median,20.0,5.0,4.479128817380817,3.999848139412326,4.970830828755447,0.1904128803192,5000,
B2Fe0.05Mg0.95,conventional_AlB2,mp-763,,A1,29.5,3DSC_MP,15.5,c_parent,±20-50%,S1_v3_2_2B_extension,,substructure_aggregate_median,22.715,0.1,4.6727385736997,4.283687796894994,5.175394610656014,0.0,5000,
B2Fe0.05Mg0.95,conventional_AlB2,mp-763,,A1,29.5,3DSC_MP,15.5,c_parent,±20-50%,S1_v3_2_2B_extension,,substructure_aggregate_median,22.715,1.0,4.611514528987287,4.220972726733638,5.13364619519037,0.023175779462978774,5000,
B2Fe0.05Mg0.95,conventional_AlB2,mp-763,,A1,29.5,3DSC_MP,15.5,c_parent,±20-50%,S1_v3_2_2B_extension,,substructure_aggregate_median,22.715,5.0,4.307324460160552,3.756345393136455,4.893336985725912,0.19451221530855722,5000,
B2Fe0.1Mg0.9,conventional_AlB2,mp-763,,A1,34.0,3DSC_MP,15.5,c_parent,±20-50%,S1_v3_2_2B_extension,,substructure_aggregate_median,4.2,0.1,5.324105348641889,5.185994449096989,5.559330705252185,0.0,5000,
B2Fe0.1Mg0.9,conventional_AlB2,mp-763,,A1,34.0,3DSC_MP,15.5,c_parent,±20-50%,S1_v3_2_2B_extension,,substructure_aggregate_median,4.2,1.0,5.269431390263902,5.103264623835246,5.506326026910626,0.023999639741438372,5000,
B2Fe0.1Mg0.9,conventional_AlB2,mp-763,,A1,34.0,3DSC_MP,15.5,c_parent,±20-50%,S1_v3_2_2B_extension,,substructure_aggregate_median,4.2,5.0,4.980622895715926,4.662443950924451,5.264406632650265,0.18489551509005953,5000,
B2Fe0.1Mg0.9,conventional_AlB2,mp-763,,A1,34.0,3DSC_MP,15.5,c_parent,±20-50%,S1_v3_2_2B_extension,,substructure_aggregate_median,20.0,0.1,4.961989900734549,4.673903937923178,5.300174108532829,0.0,5000,
B2Fe0.1Mg0.9,conventional_AlB2,mp-763,,A1,34.0,3DSC_MP,15.5,c_parent,±20-50%,S1_v3_2_2B_extension,,substructure_aggregate_median,20.0,1.0,4.903529707796851,4.600364703164974,5.253250200347603,0.02408323483566921,5000,
B2Fe0.1Mg0.9,conventional_AlB2,mp-763,,A1,34.0,3DSC_MP,15.5,c_parent,±20-50%,S1_v3_2_2B_extension,,substructure_aggregate_median,20.0,5.0,4.595976038503468,4.148825012659504,5.029371186017469,0.1914729032017286,5000,
B2Fe0.1Mg0.9,conventional_AlB2,mp-763,,A1,34.0,3DSC_MP,15.5,c_parent,±20-50%,S1_v3_2_2B_extension,,substructure_aggregate_median,26.18,0.1,4.661981989610196,4.178109705909017,5.170621416976968,0.0,5000,
B2Fe0.1Mg0.9,conventional_AlB2,mp-763,,A1,34.0,3DSC_MP,15.5,c_parent,±20-50%,S1_v3_2_2B_extension,,substructure_aggregate_median,26.18,1.0,4.60083542193319,4.1032018960505985,5.122204032558778,0.024860552578832795,5000,
B2Fe0.1Mg0.9,conventional_AlB2,mp-763,,A1,34.0,3DSC_MP,15.5,c_parent,±20-50%,S1_v3_2_2B_extension,,substructure_aggregate_median,26.18,5.0,4.2940845383809965,3.6882609457456246,4.891073645980663,0.19777679534269588,5000,
B2Ir0.02Mg0.98,conventional_AlB2,mp-763,,A1,33.2,3DSC_MP,15.5,c_parent,±20-50%,S1_v3_2_2B_extension,,substructure_aggregate_median,4.2,0.1,5.324105348641889,5.171003190830169,5.559330705252185,0.0,5000,
B2Ir0.02Mg0.98,conventional_AlB2,mp-763,,A1,33.2,3DSC_MP,15.5,c_parent,±20-50%,S1_v3_2_2B_extension,,substructure_aggregate_median,4.2,1.0,5.269814033055775,5.103264623835246,5.5094156914624905,0.024480738007120806,5000,
B2Ir0.02Mg0.98,conventional_AlB2,mp-763,,A1,33.2,3DSC_MP,15.5,c_parent,±20-50%,S1_v3_2_2B_extension,,substructure_aggregate_median,4.2,5.0,4.980622895715926,4.661953624195636,5.266384212033055,0.18411123124426787,5000,
B2Ir0.02Mg0.98,conventional_AlB2,mp-763,,A1,33.2,3DSC_MP,15.5,c_parent,±20-50%,S1_v3_2_2B_extension,,substructure_aggregate_median,20.0,0.1,4.947777044924093,4.663550257028224,5.2924013428870635,0.0,5000,
B2Ir0.02Mg0.98,conventional_AlB2,mp-763,,A1,33.2,3DSC_MP,15.5,c_parent,±20-50%,S1_v3_2_2B_extension,,substructure_aggregate_median,20.0,1.0,4.88988606080239,4.590927592499733,5.24735654174556,0.024187198469090454,5000,
B2Ir0.02Mg0.98,conventional_AlB2,mp-763,,A1,33.2,3DSC_MP,15.5,c_parent,±20-50%,S1_v3_2_2B_extension,,substructure_aggregate_median,20.0,5.0,4.589526040308347,4.144559915842474,5.01474584151328,0.18834855076071033,5000,
B2Ir0.02Mg0.98,conventional_AlB2,mp-763,,A1,33.2,3DSC_MP,15.5,c_parent,±20-50%,S1_v3_2_2B_extension,,substructure_aggregate_median,25.564000000000004,0.1,4.663665684585248,4.267987242431087,5.179436803895227,0.0,5000,
B2Ir0.02Mg0.98,conventional_AlB2,mp-763,,A1,33.2,3DSC_MP,15.5,c_parent,±20-50%,S1_v3_2_2B_extension,,substructure_aggregate_median,25.564000000000004,1.0,4.607563244498728,4.1989831160036015,5.130382725334772,0.02370749535907546,5000,
B2Ir0.02Mg0.98,conventional_AlB2,mp-763,,A1,33.2,3DSC_MP,15.5,c_parent,±20-50%,S1_v3_2_2B_extension,,substructure_aggregate_median,25.564000000000004,5.0,4.30436232959682,3.7430833012318767,4.893572418850814,0.19126219016708745,5000,
B2Ir0.06Mg0.94,conventional_AlB2,mp-763,,A1,28.1,3DSC_MP,15.5,c_parent,±20-50%,S1_v3_2_2B_extension,,substructure_aggregate_median,4.2,0.1,5.324105348641889,5.1863788403346,5.559330705252185,0.0,5000,
B2Ir0.06Mg0.94,conventional_AlB2,mp-763,,A1,28.1,3DSC_MP,15.5,c_parent,±20-50%,S1_v3_2_2B_extension,,substructure_aggregate_median,4.2,1.0,5.269431390263902,5.105616317081055,5.508722502399244,0.02436002974460827,5000,
B2Ir0.06Mg0.94,conventional_AlB2,mp-763,,A1,28.1,3DSC_MP,15.5,c_parent,±20-50%,S1_v3_2_2B_extension,,substructure_aggregate_median,4.2,5.0,4.979161227585859,4.666310110214952,5.265395422341659,0.18645710350826938,5000,
B2Ir0.06Mg0.94,conventional_AlB2,mp-763,,A1,28.1,3DSC_MP,15.5,c_parent,±20-50%,S1_v3_2_2B_extension,,substructure_aggregate_median,20.0,0.1,4.795050774127515,4.451366493114586,5.225125817316132,0.0,5000,
B2Ir0.06Mg0.94,conventional_AlB2,mp-763,,A1,28.1,3DSC_MP,15.5,c_parent,±20-50%,S1_v3_2_2B_extension,,substructure_aggregate_median,20.0,1.0,4.737923957155599,4.373621276335492,5.173772786135868,0.026033448116235647,5000,
B2Ir0.06Mg0.94,conventional_AlB2,mp-763,,A1,28.1,3DSC_MP,15.5,c_parent,±20-50%,S1_v3_2_2B_extension,,substructure_aggregate_median,20.0,5.0,4.430315395638914,3.918608245604189,4.936706757131295,0.1925991527029085,5000,
B2Ir0.06Mg0.94,conventional_AlB2,mp-763,,A1,28.1,3DSC_MP,15.5,c_parent,±20-50%,S1_v3_2_2B_extension,,substructure_aggregate_median,21.637,0.1,4.676849055011506,4.287339621762154,5.17721862125753,0.0,5000,
B2Ir0.06Mg0.94,conventional_AlB2,mp-763,,A1,28.1,3DSC_MP,15.5,c_parent,±20-50%,S1_v3_2_2B_extension,,substructure_aggregate_median,21.637,1.0,4.6189580708898035,4.2059127653039265,5.126610418404589,0.02460072839490479,5000,
B2Ir0.06Mg0.94,conventional_AlB2,mp-763,,A1,28.1,3DSC_MP,15.5,c_parent,±20-50%,S1_v3_2_2B_extension,,substructure_aggregate_median,21.637,5.0,4.312748147554222,3.7559197338317927,4.889403369246572,0.19276087345918302,5000,
B2Ir0.12Mg0.88,conventional_AlB2,mp-763,,A1,18.0,3DSC_MP,15.5,c_parent,±20-50%,S1_v3_2_2B_extension,,substructure_aggregate_median,4.2,0.1,5.324105348641889,5.171003190830169,5.559330705252185,0.0,5000,
B2Ir0.12Mg0.88,conventional_AlB2,mp-763,,A1,18.0,3DSC_MP,15.5,c_parent,±20-50%,S1_v3_2_2B_extension,,substructure_aggregate_median,4.2,1.0,5.269431390263902,5.1026131398903125,5.509421589597411,0.024248574938493306,5000,
B2Ir0.12Mg0.88,conventional_AlB2,mp-763,,A1,18.0,3DSC_MP,15.5,c_parent,±20-50%,S1_v3_2_2B_extension,,substructure_aggregate_median,4.2,5.0,4.979161227585859,4.662432558599641,5.270003645054798,0.18329152043536912,5000,
B2Ir0.12Mg0.88,conventional_AlB2,mp-763,,A1,18.0,3DSC_MP,15.5,c_parent,±20-50%,S1_v3_2_2B_extension,,substructure_aggregate_median,20.0,0.1,,,,,5000,T_above_Tc
B2Ir0.12Mg0.88,conventional_AlB2,mp-763,,A1,18.0,3DSC_MP,15.5,c_parent,±20-50%,S1_v3_2_2B_extension,,substructure_aggregate_median,20.0,1.0,,,,,5000,T_above_Tc
B2Ir0.12Mg0.88,conventional_AlB2,mp-763,,A1,18.0,3DSC_MP,15.5,c_parent,±20-50%,S1_v3_2_2B_extension,,substructure_aggregate_median,20.0,5.0,,,,,5000,T_above_Tc
B2Ir0.12Mg0.88,conventional_AlB2,mp-763,,A1,18.0,3DSC_MP,15.5,c_parent,±20-50%,S1_v3_2_2B_extension,,substructure_aggregate_median,13.86,0.1,4.728228302523246,4.275355230788176,5.216256785721489,0.0,5000,
B2Ir0.12Mg0.88,conventional_AlB2,mp-763,,A1,18.0,3DSC_MP,15.5,c_parent,±20-50%,S1_v3_2_2B_extension,,substructure_aggregate_median,13.86,1.0,4.670337318401543,4.200805539773729,5.168042028829679,0.02381358280892698,5000,
B2Ir0.12Mg0.88,conventional_AlB2,mp-763,,A1,18.0,3DSC_MP,15.5,c_parent,±20-50%,S1_v3_2_2B_extension,,substructure_aggregate_median,13.86,5.0,4.363387546985154,3.7931037358503996,4.931851612090483,0.19569005267977335,5000,
B2Ir3La1,conventional_AlB2,mp-10112,,A1,1.65,3DSC_MP,,pending,,,,substructure_aggregate_median,4.2,0.1,,,,,5000,Hc2_unavailable
B2Ir3La1,conventional_AlB2,mp-10112,,A1,1.65,3DSC_MP,,pending,,,,substructure_aggregate_median,4.2,1.0,,,,,5000,Hc2_unavailable
B2Ir3La1,conventional_AlB2,mp-10112,,A1,1.65,3DSC_MP,,pending,,,,substructure_aggregate_median,4.2,5.0,,,,,5000,Hc2_unavailable
B2Ir3La1,conventional_AlB2,mp-10112,,A1,1.65,3DSC_MP,,pending,,,,substructure_aggregate_median,20.0,0.1,,,,,5000,Hc2_unavailable
B2Ir3La1,conventional_AlB2,mp-10112,,A1,1.65,3DSC_MP,,pending,,,,substructure_aggregate_median,20.0,1.0,,,,,5000,Hc2_unavailable
B2Ir3La1,conventional_AlB2,mp-10112,,A1,1.65,3DSC_MP,,pending,,,,substructure_aggregate_median,20.0,5.0,,,,,5000,Hc2_unavailable
B2Ir3La1,conventional_AlB2,mp-10112,,A1,1.65,3DSC_MP,,pending,,,,substructure_aggregate_median,1.2705,0.1,14.86769234464299,9.399503587891097,24.649290079075456,,5000,Hc2_unavailable
B2Ir3La1,conventional_AlB2,mp-10112,,A1,1.65,3DSC_MP,,pending,,,,substructure_aggregate_median,1.2705,1.0,14.86769234464299,9.399503587891097,24.649290079075456,,5000,Hc2_unavailable
B2Ir3La1,conventional_AlB2,mp-10112,,A1,1.65,3DSC_MP,,pending,,,,substructure_aggregate_median,1.2705,5.0,14.86769234464299,9.399503587891097,24.649290079075456,,5000,Hc2_unavailable
B2Ir3Th1,conventional_AlB2,mp-10115,,A1,2.09,3DSC_MP,,pending,,,,substructure_aggregate_median,4.2,0.1,,,,,5000,Hc2_unavailable
B2Ir3Th1,conventional_AlB2,mp-10115,,A1,2.09,3DSC_MP,,pending,,,,substructure_aggregate_median,4.2,1.0,,,,,5000,Hc2_unavailable
B2Ir3Th1,conventional_AlB2,mp-10115,,A1,2.09,3DSC_MP,,pending,,,,substructure_aggregate_median,4.2,5.0,,,,,5000,Hc2_unavailable
B2Ir3Th1,conventional_AlB2,mp-10115,,A1,2.09,3DSC_MP,,pending,,,,substructure_aggregate_median,20.0,0.1,,,,,5000,Hc2_unavailable
B2Ir3Th1,conventional_AlB2,mp-10115,,A1,2.09,3DSC_MP,,pending,,,,substructure_aggregate_median,20.0,1.0,,,,,5000,Hc2_unavailable
B2Ir3Th1,conventional_AlB2,mp-10115,,A1,2.09,3DSC_MP,,pending,,,,substructure_aggregate_median,20.0,5.0,,,,,5000,Hc2_unavailable
B2Ir3Th1,conventional_AlB2,mp-10115,,A1,2.09,3DSC_MP,,pending,,,,substructure_aggregate_median,1.6093,0.1,14.853201201835986,8.070149957497122,19.547459057149467,,5000,Hc2_unavailable
B2Ir3Th1,conventional_AlB2,mp-10115,,A1,2.09,3DSC_MP,,pending,,,,substructure_aggregate_median,1.6093,1.0,14.853201201835986,8.070149957497122,19.547459057149467,,5000,Hc2_unavailable
B2Ir3Th1,conventional_AlB2,mp-10115,,A1,2.09,3DSC_MP,,pending,,,,substructure_aggregate_median,1.6093,5.0,14.853201201835986,8.070149957497122,19.547459057149467,,5000,Hc2_unavailable
B2Li0.05Mg0.95,conventional_AlB2,mp-763,,A1,38.25,3DSC_MP,15.5,c_parent,±20-50%,S1_v3_2_2B_extension,,substructure_aggregate_median,4.2,0.1,5.324105348641889,5.1863788403346,5.559330705252185,0.0,5000,
B2Li0.05Mg0.95,conventional_AlB2,mp-763,,A1,38.25,3DSC_MP,15.5,c_parent,±20-50%,S1_v3_2_2B_extension,,substructure_aggregate_median,4.2,1.0,5.269431390263902,5.106267801025989,5.506751427124972,0.024646367404310254,5000,
B2Li0.05Mg0.95,conventional_AlB2,mp-763,,A1,38.25,3DSC_MP,15.5,c_parent,±20-50%,S1_v3_2_2B_extension,,substructure_aggregate_median,4.2,5.0,4.980622895715926,4.664288439251294,5.271989495193117,0.18489358467527417,5000,
B2Li0.05Mg0.95,conventional_AlB2,mp-763,,A1,38.25,3DSC_MP,15.5,c_parent,±20-50%,S1_v3_2_2B_extension,,substructure_aggregate_median,20.0,0.1,5.029353745421448,4.766068152309717,5.343446095194185,0.0,5000,
B2Li0.05Mg0.95,conventional_AlB2,mp-763,,A1,38.25,3DSC_MP,15.5,c_parent,±20-50%,S1_v3_2_2B_extension,,substructure_aggregate_median,20.0,1.0,4.968245735556029,4.69725848057245,5.292284049963072,0.024047726643820155,5000,
B2Li0.05Mg0.95,conventional_AlB2,mp-763,,A1,38.25,3DSC_MP,15.5,c_parent,±20-50%,S1_v3_2_2B_extension,,substructure_aggregate_median,20.0,5.0,4.667406510996847,4.264084318043861,5.0675057437439035,0.1919202025136757,5000,
B2Li0.05Mg0.95,conventional_AlB2,mp-763,,A1,38.25,3DSC_MP,15.5,c_parent,±20-50%,S1_v3_2_2B_extension,,substructure_aggregate_median,29.4525,0.1,4.646149291031468,4.124286257057216,5.176598419570658,0.0,5000,
B2Li0.05Mg0.95,conventional_AlB2,mp-763,,A1,38.25,3DSC_MP,15.5,c_parent,±20-50%,S1_v3_2_2B_extension,,substructure_aggregate_median,29.4525,1.0,4.590287205710743,4.040520556612929,5.130842727011343,0.024563205595892867,5000,
B2Li0.05Mg0.95,conventional_AlB2,mp-763,,A1,38.25,3DSC_MP,15.5,c_parent,±20-50%,S1_v3_2_2B_extension,,substructure_aggregate_median,29.4525,5.0,4.292073742988291,3.6421886061695075,4.899795378578908,0.19270035941208086,5000,
B2Li0.07Mg0.93,conventional_AlB2,mp-763,,A1,37.8,3DSC_MP,15.5,c_parent,±20-50%,S1_v3_2_2B_extension,,substructure_aggregate_median,4.2,0.1,5.324105348641889,5.171003190830169,5.549941092791016,0.0,5000,
B2Li0.07Mg0.93,conventional_AlB2,mp-763,,A1,37.8,3DSC_MP,15.5,c_parent,±20-50%,S1_v3_2_2B_extension,,substructure_aggregate_median,4.2,1.0,5.266214364520186,5.103264623835246,5.5019971542755925,0.023854965423002028,5000,
B2Li0.07Mg0.93,conventional_AlB2,mp-763,,A1,37.8,3DSC_MP,15.5,c_parent,±20-50%,S1_v3_2_2B_extension,,substructure_aggregate_median,4.2,5.0,4.978628899283534,4.667268958449525,5.256010677755983,0.18692681857926896,5000,
B2Li0.07Mg0.93,conventional_AlB2,mp-763,,A1,37.8,3DSC_MP,15.5,c_parent,±20-50%,S1_v3_2_2B_extension,,substructure_aggregate_median,20.0,0.1,5.023035316548285,4.762840523027759,5.331057998991564,0.0,5000,
B2Li0.07Mg0.93,conventional_AlB2,mp-763,,A1,37.8,3DSC_MP,15.5,c_parent,±20-50%,S1_v3_2_2B_extension,,substructure_aggregate_median,20.0,1.0,4.961366417028046,4.692796893689033,5.284615147709259,0.02397780419627704,5000,
B2Li0.07Mg0.93,conventional_AlB2,mp-763,,A1,37.8,3DSC_MP,15.5,c_parent,±20-50%,S1_v3_2_2B_extension,,substructure_aggregate_median,20.0,5.0,4.6609259719747556,4.263342346519421,5.052527838813194,0.19361205636294088,5000,
B2Li0.07Mg0.93,conventional_AlB2,mp-763,,A1,37.8,3DSC_MP,15.5,c_parent,±20-50%,S1_v3_2_2B_extension,,substructure_aggregate_median,29.105999999999998,0.1,4.646876588251839,4.255294194749188,5.1779044070445455,0.0,5000,
B2Li0.07Mg0.93,conventional_AlB2,mp-763,,A1,37.8,3DSC_MP,15.5,c_parent,±20-50%,S1_v3_2_2B_extension,,substructure_aggregate_median,29.105999999999998,1.0,4.591014502931114,4.182245669173655,5.131973459752047,0.025560685907127123,5000,
B2Li0.07Mg0.93,conventional_AlB2,mp-763,,A1,37.8,3DSC_MP,15.5,c_parent,±20-50%,S1_v3_2_2B_extension,,substructure_aggregate_median,29.105999999999998,5.0,4.287211162363871,3.721044537390659,4.889909263843278,0.19387747462262706,5000,
B2Li0.08Mg0.92,conventional_AlB2,mp-763,,A1,38.0,3DSC_MP,15.5,c_parent,±20-50%,S1_v3_2_2B_extension,,substructure_aggregate_median,4.2,0.1,5.324105348641889,5.171003190830169,5.559330705252185,0.0,5000,
B2Li0.08Mg0.92,conventional_AlB2,mp-763,,A1,38.0,3DSC_MP,15.5,c_parent,±20-50%,S1_v3_2_2B_extension,,substructure_aggregate_median,4.2,1.0,5.269331709916639,5.1026131398903125,5.504360479776018,0.02443972953582474,5000,
B2Li0.08Mg0.92,conventional_AlB2,mp-763,,A1,38.0,3DSC_MP,15.5,c_parent,±20-50%,S1_v3_2_2B_extension,,substructure_aggregate_median,4.2,5.0,4.9763786985300005,4.656878383419974,5.262594192545062,0.1831581639790434,5000,
B2Li0.08Mg0.92,conventional_AlB2,mp-763,,A1,38.0,3DSC_MP,15.5,c_parent,±20-50%,S1_v3_2_2B_extension,,substructure_aggregate_median,20.0,0.1,5.026466908536555,4.7577112975261695,5.332404840631137,0.0,5000,
B2Li0.08Mg0.92,conventional_AlB2,mp-763,,A1,38.0,3DSC_MP,15.5,c_parent,±20-50%,S1_v3_2_2B_extension,,substructure_aggregate_median,20.0,1.0,4.965763721291168,4.684852229868467,5.286452633975252,0.024602925083663685,5000,
B2Li0.08Mg0.92,conventional_AlB2,mp-763,,A1,38.0,3DSC_MP,15.5,c_parent,±20-50%,S1_v3_2_2B_extension,,substructure_aggregate_median,20.0,5.0,4.662455768673233,4.254720886056155,5.054869755895078,0.19404940110811442,5000,
B2Li0.08Mg0.92,conventional_AlB2,mp-763,,A1,38.0,3DSC_MP,15.5,c_parent,±20-50%,S1_v3_2_2B_extension,,substructure_aggregate_median,29.26,0.1,4.648864170541291,4.1251025035218,5.167387102255598,0.0,5000,
B2Li0.08Mg0.92,conventional_AlB2,mp-763,,A1,38.0,3DSC_MP,15.5,c_parent,±20-50%,S1_v3_2_2B_extension,,substructure_aggregate_median,29.26,1.0,4.5898836418725075,4.051519586605719,5.119444896728162,0.02527394564988228,5000,
B2Li0.08Mg0.92,conventional_AlB2,mp-763,,A1,38.0,3DSC_MP,15.5,c_parent,±20-50%,S1_v3_2_2B_extension,,substructure_aggregate_median,29.26,5.0,4.286506381182952,3.672125785550613,4.887287634846547,0.19356528504564263,5000,
B2Li0.11Mg0.89,conventional_AlB2,mp-763,,A1,35.3,3DSC_MP,15.5,c_parent,±20-50%,S1_v3_2_2B_extension,,substructure_aggregate_median,4.2,0.1,5.324105348641889,5.171003190830169,5.559330705252185,0.0,5000,
B2Li0.11Mg0.89,conventional_AlB2,mp-763,,A1,35.3,3DSC_MP,15.5,c_parent,±20-50%,S1_v3_2_2B_extension,,substructure_aggregate_median,4.2,1.0,5.271544406272218,5.102014001796972,5.509421589597411,0.02658902620550485,5000,
B2Li0.11Mg0.89,conventional_AlB2,mp-763,,A1,35.3,3DSC_MP,15.5,c_parent,±20-50%,S1_v3_2_2B_extension,,substructure_aggregate_median,4.2,5.0,4.980622895715926,4.661977679714222,5.272925810373348,0.18873038541476106,5000,
B2Li0.11Mg0.89,conventional_AlB2,mp-763,,A1,35.3,3DSC_MP,15.5,c_parent,±20-50%,S1_v3_2_2B_extension,,substructure_aggregate_median,20.0,0.1,4.987518497792547,4.698568500605272,5.321415079096131,0.0,5000,
B2Li0.11Mg0.89,conventional_AlB2,mp-763,,A1,35.3,3DSC_MP,15.5,c_parent,±20-50%,S1_v3_2_2B_extension,,substructure_aggregate_median,20.0,1.0,4.929738634162129,4.621995637171254,5.274543257721901,0.025288598951481056,5000,
B2Li0.11Mg0.89,conventional_AlB2,mp-763,,A1,35.3,3DSC_MP,15.5,c_parent,±20-50%,S1_v3_2_2B_extension,,substructure_aggregate_median,20.0,5.0,4.628782462699931,4.173905281070806,5.042822028952751,0.19008746650539976,5000,
B2Li0.11Mg0.89,conventional_AlB2,mp-763,,A1,35.3,3DSC_MP,15.5,c_parent,±20-50%,S1_v3_2_2B_extension,,substructure_aggregate_median,27.180999999999997,0.1,4.659419766175089,4.21027677509703,5.190060186387998,0.0,5000,
B2Li0.11Mg0.89,conventional_AlB2,mp-763,,A1,35.3,3DSC_MP,15.5,c_parent,±20-50%,S1_v3_2_2B_extension,,substructure_aggregate_median,27.180999999999997,1.0,4.603808918447562,4.134583059584576,5.142298915320299,0.0241882717625721,5000,
B2Li0.11Mg0.89,conventional_AlB2,mp-763,,A1,35.3,3DSC_MP,15.5,c_parent,±20-50%,S1_v3_2_2B_extension,,substructure_aggregate_median,27.180999999999997,5.0,4.3000776283042175,3.7018006719366254,4.901333871862773,0.1930162185350932,5000,
B2Li0.15Mg0.85,conventional_AlB2,mp-763,,A1,36.6,3DSC_MP,15.5,c_parent,±20-50%,S1_v3_2_2B_extension,,substructure_aggregate_median,4.2,0.1,5.324105348641889,5.171003190830169,5.549941092791016,0.0,5000,
B2Li0.15Mg0.85,conventional_AlB2,mp-763,,A1,36.6,3DSC_MP,15.5,c_parent,±20-50%,S1_v3_2_2B_extension,,substructure_aggregate_median,4.2,1.0,5.270343882357867,5.102884623932617,5.50435276339558,0.02545946454299841,5000,
B2Li0.15Mg0.85,conventional_AlB2,mp-763,,A1,36.6,3DSC_MP,15.5,c_parent,±20-50%,S1_v3_2_2B_extension,,substructure_aggregate_median,4.2,5.0,4.9763786985300005,4.652032227858731,5.264406632650265,0.18461862858346656,5000,
B2Li0.15Mg0.85,conventional_AlB2,mp-763,,A1,36.6,3DSC_MP,15.5,c_parent,±20-50%,S1_v3_2_2B_extension,,substructure_aggregate_median,20.0,0.1,5.007612115383634,4.738568302313068,5.321137525278658,0.0,5000,
B2Li0.15Mg0.85,conventional_AlB2,mp-763,,A1,36.6,3DSC_MP,15.5,c_parent,±20-50%,S1_v3_2_2B_extension,,substructure_aggregate_median,20.0,1.0,4.9465041055182155,4.659565753785168,5.272406008157766,0.025146943267960964,5000,
B2Li0.15Mg0.85,conventional_AlB2,mp-763,,A1,36.6,3DSC_MP,15.5,c_parent,±20-50%,S1_v3_2_2B_extension,,substructure_aggregate_median,20.0,5.0,4.643782707071752,4.217991819518686,5.03853762114672,0.18966217190786772,5000,
B2Li0.15Mg0.85,conventional_AlB2,mp-763,,A1,36.6,3DSC_MP,15.5,c_parent,±20-50%,S1_v3_2_2B_extension,,substructure_aggregate_median,28.182000000000002,0.1,4.64890914005883,4.242009264685024,5.168433479721436,0.0,5000,
B2Li0.15Mg0.85,conventional_AlB2,mp-763,,A1,36.6,3DSC_MP,15.5,c_parent,±20-50%,S1_v3_2_2B_extension,,substructure_aggregate_median,28.182000000000002,1.0,4.593752352537262,4.156259832420838,5.119475404034378,0.024126161251429856,5000,
B2Li0.15Mg0.85,conventional_AlB2,mp-763,,A1,36.6,3DSC_MP,15.5,c_parent,±20-50%,S1_v3_2_2B_extension,,substructure_aggregate_median,28.182000000000002,5.0,4.2889622939205445,3.7156339418575675,4.883093875427361,0.1939837013978618,5000,
B2Li0.1Mg0.9,conventional_AlB2,mp-763,,A1,36.91666667,3DSC_MP,15.5,c_parent,±20-50%,S1_v3_2_2B_extension,,substructure_aggregate_median,4.2,0.1,5.324105348641889,5.171003190830169,5.559330705252185,0.0,5000,
B2Li0.1Mg0.9,conventional_AlB2,mp-763,,A1,36.91666667,3DSC_MP,15.5,c_parent,±20-50%,S1_v3_2_2B_extension,,substructure_aggregate_median,4.2,1.0,5.271544406272218,5.101743882495833,5.511148037005241,0.02658364807292468,5000,
B2Li0.1Mg0.9,conventional_AlB2,mp-763,,A1,36.91666667,3DSC_MP,15.5,c_parent,±20-50%,S1_v3_2_2B_extension,,substructure_aggregate_median,4.2,5.0,4.979861361064101,4.655381392460561,5.27222837779613,0.18681506044663632,5000,
B2Li0.1Mg0.9,conventional_AlB2,mp-763,,A1,36.91666667,3DSC_MP,15.5,c_parent,±20-50%,S1_v3_2_2B_extension,,substructure_aggregate_median,20.0,0.1,5.0121507939819825,4.729437237469203,5.3256762038770065,0.0,5000,
B2Li0.1Mg0.9,conventional_AlB2,mp-763,,A1,36.91666667,3DSC_MP,15.5,c_parent,±20-50%,S1_v3_2_2B_extension,,substructure_aggregate_median,20.0,1.0,4.95210396932953,4.659063235932792,5.278358524699554,0.02433903238400159,5000,
B2Li0.1Mg0.9,conventional_AlB2,mp-763,,A1,36.91666667,3DSC_MP,15.5,c_parent,±20-50%,S1_v3_2_2B_extension,,substructure_aggregate_median,20.0,5.0,4.6488806506904075,4.226137590123148,5.0443597582556805,0.1896373096128139,5000,
B2Li0.1Mg0.9,conventional_AlB2,mp-763,,A1,36.91666667,3DSC_MP,15.5,c_parent,±20-50%,S1_v3_2_2B_extension,,substructure_aggregate_median,28.4258333359,0.1,4.656501359478493,4.128775509989133,5.167554386457521,0.0,5000,
B2Li0.1Mg0.9,conventional_AlB2,mp-763,,A1,36.91666667,3DSC_MP,15.5,c_parent,±20-50%,S1_v3_2_2B_extension,,substructure_aggregate_median,28.4258333359,1.0,4.597646643849451,4.057995905673489,5.114975759807875,0.02344729952097424,5000,
B2Li0.1Mg0.9,conventional_AlB2,mp-763,,A1,36.91666667,3DSC_MP,15.5,c_parent,±20-50%,S1_v3_2_2B_extension,,substructure_aggregate_median,28.4258333359,5.0,4.293857277933407,3.6440257444460857,4.877633074394505,0.19157965886505313,5000,
B2Li0.2Mg0.8,conventional_AlB2,mp-763,,A1,34.0,3DSC_MP,15.5,c_parent,±20-50%,S1_v3_2_2B_extension,,substructure_aggregate_median,4.2,0.1,5.324105348641889,5.171003190830169,5.549941092791016,0.0,5000,
B2Li0.2Mg0.8,conventional_AlB2,mp-763,,A1,34.0,3DSC_MP,15.5,c_parent,±20-50%,S1_v3_2_2B_extension,,substructure_aggregate_median,4.2,1.0,5.270343882357867,5.102014001796972,5.5019971542755925,0.025744833147083312,5000,
B2Li0.2Mg0.8,conventional_AlB2,mp-763,,A1,34.0,3DSC_MP,15.5,c_parent,±20-50%,S1_v3_2_2B_extension,,substructure_aggregate_median,4.2,5.0,4.980156196696775,4.664288439251294,5.264406632650265,0.18693903729340988,5000,
B2Li0.2Mg0.8,conventional_AlB2,mp-763,,A1,34.0,3DSC_MP,15.5,c_parent,±20-50%,S1_v3_2_2B_extension,,substructure_aggregate_median,20.0,0.1,4.9616016894548665,4.668326136437886,5.307953833848696,0.0,5000,
B2Li0.2Mg0.8,conventional_AlB2,mp-763,,A1,34.0,3DSC_MP,15.5,c_parent,±20-50%,S1_v3_2_2B_extension,,substructure_aggregate_median,20.0,1.0,4.901640800286552,4.593102957181697,5.2584266480406745,0.024762243378291693,5000,
B2Li0.2Mg0.8,conventional_AlB2,mp-763,,A1,34.0,3DSC_MP,15.5,c_parent,±20-50%,S1_v3_2_2B_extension,,substructure_aggregate_median,20.0,5.0,4.596517417939436,4.1533550902421785,5.028564480183073,0.18976227001332013,5000,
B2Li0.2Mg0.8,conventional_AlB2,mp-763,,A1,34.0,3DSC_MP,15.5,c_parent,±20-50%,S1_v3_2_2B_extension,,substructure_aggregate_median,26.18,0.1,4.651457635106339,4.139909401041315,5.180011029438137,0.0,5000,
B2Li0.2Mg0.8,conventional_AlB2,mp-763,,A1,34.0,3DSC_MP,15.5,c_parent,±20-50%,S1_v3_2_2B_extension,,substructure_aggregate_median,26.18,1.0,4.594929904433521,4.072494343377716,5.132185535159296,0.02487144484267212,5000,
B2Li0.2Mg0.8,conventional_AlB2,mp-763,,A1,34.0,3DSC_MP,15.5,c_parent,±20-50%,S1_v3_2_2B_extension,,substructure_aggregate_median,26.18,5.0,4.293628255894669,3.6902743456481337,4.893781929388908,0.19267076702805408,5000,
B2Lu1Os3,conventional_AlB2,mp-2880,,A1,4.655,3DSC_MP,,pending,,,,substructure_aggregate_median,4.2,0.1,5.324105348641889,5.1863788403346,5.549941092791016,,5000,Hc2_unavailable
B2Lu1Os3,conventional_AlB2,mp-2880,,A1,4.655,3DSC_MP,,pending,,,,substructure_aggregate_median,4.2,1.0,5.324105348641889,5.1863788403346,5.549941092791016,,5000,Hc2_unavailable
B2Lu1Os3,conventional_AlB2,mp-2880,,A1,4.655,3DSC_MP,,pending,,,,substructure_aggregate_median,4.2,5.0,5.324105348641889,5.1863788403346,5.549941092791016,,5000,Hc2_unavailable
B2Lu1Os3,conventional_AlB2,mp-2880,,A1,4.655,3DSC_MP,,pending,,,,substructure_aggregate_median,20.0,0.1,,,,,5000,Hc2_unavailable
B2Lu1Os3,conventional_AlB2,mp-2880,,A1,4.655,3DSC_MP,,pending,,,,substructure_aggregate_median,20.0,1.0,,,,,5000,Hc2_unavailable
B2Lu1Os3,conventional_AlB2,mp-2880,,A1,4.655,3DSC_MP,,pending,,,,substructure_aggregate_median,20.0,5.0,,,,,5000,Hc2_unavailable
B2Lu1Os3,conventional_AlB2,mp-2880,,A1,4.655,3DSC_MP,,pending,,,,substructure_aggregate_median,3.58435,0.1,5.793079067403056,5.444486289109469,6.170005811433414,,5000,Hc2_unavailable
B2Lu1Os3,conventional_AlB2,mp-2880,,A1,4.655,3DSC_MP,,pending,,,,substructure_aggregate_median,3.58435,1.0,5.793079067403056,5.444486289109469,6.170005811433414,,5000,Hc2_unavailable
B2Lu1Os3,conventional_AlB2,mp-2880,,A1,4.655,3DSC_MP,,pending,,,,substructure_aggregate_median,3.58435,5.0,5.793079067403056,5.444486289109469,6.170005811433414,,5000,Hc2_unavailable
B2Mg0.1Nb0.9,conventional_AlB2,mp-450,,A1,4.5,3DSC_MP,15.5,c_parent,±20-50%,S1_v3_2_2B_extension,,substructure_aggregate_median,4.2,0.1,5.324105348641889,5.171003190830169,5.559330705252185,0.0,5000,
B2Mg0.1Nb0.9,conventional_AlB2,mp-450,,A1,4.5,3DSC_MP,15.5,c_parent,±20-50%,S1_v3_2_2B_extension,,substructure_aggregate_median,4.2,1.0,5.270681871998757,5.104036057933822,5.5094156914624905,0.02545946454299841,5000,
B2Mg0.1Nb0.9,conventional_AlB2,mp-450,,A1,4.5,3DSC_MP,15.5,c_parent,±20-50%,S1_v3_2_2B_extension,,substructure_aggregate_median,4.2,5.0,4.981543337214,4.655306448540895,5.266119204051221,0.185236182461046,5000,
B2Mg0.1Nb0.9,conventional_AlB2,mp-450,,A1,4.5,3DSC_MP,15.5,c_parent,±20-50%,S1_v3_2_2B_extension,,substructure_aggregate_median,20.0,0.1,,,,,5000,T_above_Tc
B2Mg0.1Nb0.9,conventional_AlB2,mp-450,,A1,4.5,3DSC_MP,15.5,c_parent,±20-50%,S1_v3_2_2B_extension,,substructure_aggregate_median,20.0,1.0,,,,,5000,T_above_Tc
B2Mg0.1Nb0.9,conventional_AlB2,mp-450,,A1,4.5,3DSC_MP,15.5,c_parent,±20-50%,S1_v3_2_2B_extension,,substructure_aggregate_median,20.0,5.0,,,,,5000,T_above_Tc
B2Mg0.1Nb0.9,conventional_AlB2,mp-450,,A1,4.5,3DSC_MP,15.5,c_parent,±20-50%,S1_v3_2_2B_extension,,substructure_aggregate_median,3.465,0.1,6.000356867596901,5.5047664054043555,6.459035010333848,0.0,5000,
B2Mg0.1Nb0.9,conventional_AlB2,mp-450,,A1,4.5,3DSC_MP,15.5,c_parent,±20-50%,S1_v3_2_2B_extension,,substructure_aggregate_median,3.465,1.0,5.94262872682644,5.431361792018805,6.415649366084826,0.02538914146225668,5000,
B2Mg0.1Nb0.9,conventional_AlB2,mp-450,,A1,4.5,3DSC_MP,15.5,c_parent,±20-50%,S1_v3_2_2B_extension,,substructure_aggregate_median,3.465,5.0,5.628205612401301,5.0006788648823,6.167209872423871,0.19091186739206378,5000,
B2Mg0.7,conventional_AlB2,mp-763,,A1,37.2,3DSC_MP,15.5,c_parent,±20-50%,S1_v3_2_2B_extension,,substructure_aggregate_median,4.2,0.1,5.324105348641889,5.1863788403346,5.559330705252185,0.0,5000,
B2Mg0.7,conventional_AlB2,mp-763,,A1,37.2,3DSC_MP,15.5,c_parent,±20-50%,S1_v3_2_2B_extension,,substructure_aggregate_median,4.2,1.0,5.271544406272218,5.109608531380167,5.511145922278733,0.026949763413773198,5000,
B2Mg0.7,conventional_AlB2,mp-763,,A1,37.2,3DSC_MP,15.5,c_parent,±20-50%,S1_v3_2_2B_extension,,substructure_aggregate_median,4.2,5.0,4.981675246088607,4.667150606665967,5.271605694817802,0.18572840681102498,5000,
B2Mg0.7,conventional_AlB2,mp-763,,A1,37.2,3DSC_MP,15.5,c_parent,±20-50%,S1_v3_2_2B_extension,,substructure_aggregate_median,20.0,0.1,5.016801206611074,4.755502787021273,5.3296292370930765,0.0,5000,
B2Mg0.7,conventional_AlB2,mp-763,,A1,37.2,3DSC_MP,15.5,c_parent,±20-50%,S1_v3_2_2B_extension,,substructure_aggregate_median,20.0,1.0,4.960010530178479,4.68199410847509,5.283353592576913,0.02518313799351901,5000,
B2Mg0.7,conventional_AlB2,mp-763,,A1,37.2,3DSC_MP,15.5,c_parent,±20-50%,S1_v3_2_2B_extension,,substructure_aggregate_median,20.0,5.0,4.6566070952815135,4.251634526196149,5.046110991167243,0.19196980947840458,5000,
B2Mg0.7,conventional_AlB2,mp-763,,A1,37.2,3DSC_MP,15.5,c_parent,±20-50%,S1_v3_2_2B_extension,,substructure_aggregate_median,28.644000000000002,0.1,4.656017674373537,4.2056671041992395,5.167974774553075,0.0,5000,
B2Mg0.7,conventional_AlB2,mp-763,,A1,37.2,3DSC_MP,15.5,c_parent,±20-50%,S1_v3_2_2B_extension,,substructure_aggregate_median,28.644000000000002,1.0,4.60023970626015,4.141943788511899,5.1244863140833035,0.02326623696965946,5000,
B2Mg0.7,conventional_AlB2,mp-763,,A1,37.2,3DSC_MP,15.5,c_parent,±20-50%,S1_v3_2_2B_extension,,substructure_aggregate_median,28.644000000000002,5.0,4.295704343268543,3.713384412447906,4.888625960542342,0.19603751042849726,5000,
B2Mg0.8,conventional_AlB2,mp-763,,A1,38.0,3DSC_MP,15.5,c_parent,±20-50%,S1_v3_2_2B_extension,,substructure_aggregate_median,4.2,0.1,5.324105348641889,5.185994449096989,5.549941092791016,0.0,5000,
B2Mg0.8,conventional_AlB2,mp-763,,A1,38.0,3DSC_MP,15.5,c_parent,±20-50%,S1_v3_2_2B_extension,,substructure_aggregate_median,4.2,1.0,5.269431390263902,5.1026131398903125,5.5039358646518375,0.02399488345937595,5000,
B2Mg0.8,conventional_AlB2,mp-763,,A1,38.0,3DSC_MP,15.5,c_parent,±20-50%,S1_v3_2_2B_extension,,substructure_aggregate_median,4.2,5.0,4.9800520067861775,4.659545975808126,5.263524537620467,0.18489551509005953,5000,
B2Mg0.8,conventional_AlB2,mp-763,,A1,38.0,3DSC_MP,15.5,c_parent,±20-50%,S1_v3_2_2B_extension,,substructure_aggregate_median,20.0,0.1,5.026466908536555,4.777272748204009,5.331722977966993,0.0,5000,
B2Mg0.8,conventional_AlB2,mp-763,,A1,38.0,3DSC_MP,15.5,c_parent,±20-50%,S1_v3_2_2B_extension,,substructure_aggregate_median,20.0,1.0,4.96657784829255,4.6988400267584955,5.284216051109026,0.024152324702445327,5000,
B2Mg0.8,conventional_AlB2,mp-763,,A1,38.0,3DSC_MP,15.5,c_parent,±20-50%,S1_v3_2_2B_extension,,substructure_aggregate_median,20.0,5.0,4.666713313018313,4.262089710702336,5.050255353199647,0.1877413677164128,5000,
B2Mg0.8,conventional_AlB2,mp-763,,A1,38.0,3DSC_MP,15.5,c_parent,±20-50%,S1_v3_2_2B_extension,,substructure_aggregate_median,29.26,0.1,4.654693331195798,4.25719848750253,5.167387102255598,0.0,5000,
B2Mg0.8,conventional_AlB2,mp-763,,A1,38.0,3DSC_MP,15.5,c_parent,±20-50%,S1_v3_2_2B_extension,,substructure_aggregate_median,29.26,1.0,4.5952070126581335,4.19309655578998,5.114281730457791,0.02275411045772735,5000,
B2Mg0.8,conventional_AlB2,mp-763,,A1,38.0,3DSC_MP,15.5,c_parent,±20-50%,S1_v3_2_2B_extension,,substructure_aggregate_median,29.26,5.0,4.293348787087427,3.729796993275623,4.887107277187327,0.19182433838844481,5000,
B2Mg0.85Na0.15,conventional_AlB2,mp-763,,A1,38.0,3DSC_MP,15.5,c_parent,±20-50%,S1_v3_2_2B_extension,,substructure_aggregate_median,4.2,0.1,5.324105348641889,5.171003190830169,5.559330705252185,0.0,5000,
B2Mg0.85Na0.15,conventional_AlB2,mp-763,,A1,38.0,3DSC_MP,15.5,c_parent,±20-50%,S1_v3_2_2B_extension,,substructure_aggregate_median,4.2,1.0,5.268127796045864,5.104644875708542,5.506780183126137,0.023520969626808608,5000,
B2Mg0.85Na0.15,conventional_AlB2,mp-763,,A1,38.0,3DSC_MP,15.5,c_parent,±20-50%,S1_v3_2_2B_extension,,substructure_aggregate_median,4.2,5.0,4.978628899283534,4.659376101146725,5.264408696891235,0.18551770077871055,5000,
B2Mg0.85Na0.15,conventional_AlB2,mp-763,,A1,38.0,3DSC_MP,15.5,c_parent,±20-50%,S1_v3_2_2B_extension,,substructure_aggregate_median,20.0,0.1,5.026466908536555,4.777272748204009,5.335488810664362,0.0,5000,
B2Mg0.85Na0.15,conventional_AlB2,mp-763,,A1,38.0,3DSC_MP,15.5,c_parent,±20-50%,S1_v3_2_2B_extension,,substructure_aggregate_median,20.0,1.0,4.967853674837259,4.703022666316128,5.288787676558464,0.024892430681667577,5000,
B2Mg0.85Na0.15,conventional_AlB2,mp-763,,A1,38.0,3DSC_MP,15.5,c_parent,±20-50%,S1_v3_2_2B_extension,,substructure_aggregate_median,20.0,5.0,4.664531456354222,4.2622274075416255,5.053183213814046,0.19086989986159963,5000,
B2Mg0.85Na0.15,conventional_AlB2,mp-763,,A1,38.0,3DSC_MP,15.5,c_parent,±20-50%,S1_v3_2_2B_extension,,substructure_aggregate_median,29.26,0.1,4.654693331195798,4.25719848750253,5.167387102255598,0.0,5000,
B2Mg0.85Na0.15,conventional_AlB2,mp-763,,A1,38.0,3DSC_MP,15.5,c_parent,±20-50%,S1_v3_2_2B_extension,,substructure_aggregate_median,29.26,1.0,4.601607844193557,4.195701028455733,5.122810030466062,0.02568322737470652,5000,
B2Mg0.85Na0.15,conventional_AlB2,mp-763,,A1,38.0,3DSC_MP,15.5,c_parent,±20-50%,S1_v3_2_2B_extension,,substructure_aggregate_median,29.26,5.0,4.294095904859594,3.7369956354918132,4.888690054528903,0.19394172495035455,5000,
B2Mg0.88Sc0.12,conventional_AlB2,mp-763,,A1,30.0,3DSC_MP,15.5,c_parent,±20-50%,S1_v3_2_2B_extension,,substructure_aggregate_median,4.2,0.1,5.324105348641889,5.1863788403346,5.559330705252185,0.0,5000,
B2Mg0.88Sc0.12,conventional_AlB2,mp-763,,A1,30.0,3DSC_MP,15.5,c_parent,±20-50%,S1_v3_2_2B_extension,,substructure_aggregate_median,4.2,1.0,5.268359843526737,5.103264623835246,5.511386766736761,0.023479696295559016,5000,
B2Mg0.88Sc0.12,conventional_AlB2,mp-763,,A1,30.0,3DSC_MP,15.5,c_parent,±20-50%,S1_v3_2_2B_extension,,substructure_aggregate_median,4.2,5.0,4.978240786087785,4.6663079453538545,5.266181883526289,0.18275562098816245,5000,
B2Mg0.88Sc0.12,conventional_AlB2,mp-763,,A1,30.0,3DSC_MP,15.5,c_parent,±20-50%,S1_v3_2_2B_extension,,substructure_aggregate_median,20.0,0.1,4.867415301257425,4.533508060793635,5.256281327461039,0.0,5000,
B2Mg0.88Sc0.12,conventional_AlB2,mp-763,,A1,30.0,3DSC_MP,15.5,c_parent,±20-50%,S1_v3_2_2B_extension,,substructure_aggregate_median,20.0,1.0,4.8079809163238965,4.463592231355593,5.212183911940459,0.025646053386741308,5000,
B2Mg0.88Sc0.12,conventional_AlB2,mp-763,,A1,30.0,3DSC_MP,15.5,c_parent,±20-50%,S1_v3_2_2B_extension,,substructure_aggregate_median,20.0,5.0,4.50132423872004,4.013144302875967,4.9727628718625265,0.18691637754344992,5000,
B2Mg0.88Sc0.12,conventional_AlB2,mp-763,,A1,30.0,3DSC_MP,15.5,c_parent,±20-50%,S1_v3_2_2B_extension,,substructure_aggregate_median,23.1,0.1,4.671371105024039,4.233174739179399,5.174787801581251,0.0,5000,
B2Mg0.88Sc0.12,conventional_AlB2,mp-763,,A1,30.0,3DSC_MP,15.5,c_parent,±20-50%,S1_v3_2_2B_extension,,substructure_aggregate_median,23.1,1.0,4.612358678475609,4.164538449546315,5.126913443005204,0.02286114445353249,5000,
B2Mg0.88Sc0.12,conventional_AlB2,mp-763,,A1,30.0,3DSC_MP,15.5,c_parent,±20-50%,S1_v3_2_2B_extension,,substructure_aggregate_median,23.1,5.0,4.310912999159578,3.730418030636423,4.89056416417245,0.19051639338815463,5000,
B2Mg0.8Na0.2,conventional_AlB2,mp-763,,A1,38.0,3DSC_MP,15.5,c_parent,±20-50%,S1_v3_2_2B_extension,,substructure_aggregate_median,4.2,0.1,5.324105348641889,5.171003190830169,5.559330705252185,0.0,5000,
B2Mg0.8Na0.2,conventional_AlB2,mp-763,,A1,38.0,3DSC_MP,15.5,c_parent,±20-50%,S1_v3_2_2B_extension,,substructure_aggregate_median,4.2,1.0,5.269431390263902,5.1026131398903125,5.506751427124972,0.024646367404310254,5000,
B2Mg0.8Na0.2,conventional_AlB2,mp-763,,A1,38.0,3DSC_MP,15.5,c_parent,±20-50%,S1_v3_2_2B_extension,,substructure_aggregate_median,4.2,5.0,4.9763786985300005,4.658606035432146,5.2719886320130085,0.18717546517517292,5000,
B2Mg0.8Na0.2,conventional_AlB2,mp-763,,A1,38.0,3DSC_MP,15.5,c_parent,±20-50%,S1_v3_2_2B_extension,,substructure_aggregate_median,20.0,0.1,5.026466908536555,4.761897098699579,5.333589740527749,0.0,5000,
B2Mg0.8Na0.2,conventional_AlB2,mp-763,,A1,38.0,3DSC_MP,15.5,c_parent,±20-50%,S1_v3_2_2B_extension,,substructure_aggregate_median,20.0,1.0,4.968369976109798,4.688286649632193,5.288637031244206,0.0247854470756268,5000,
B2Mg0.8Na0.2,conventional_AlB2,mp-763,,A1,38.0,3DSC_MP,15.5,c_parent,±20-50%,S1_v3_2_2B_extension,,substructure_aggregate_median,20.0,5.0,4.663576506082317,4.247081395676539,5.0540570603063255,0.19002890914267656,5000,
B2Mg0.8Na0.2,conventional_AlB2,mp-763,,A1,38.0,3DSC_MP,15.5,c_parent,±20-50%,S1_v3_2_2B_extension,,substructure_aggregate_median,29.26,0.1,4.654693331195798,4.187974849692285,5.177793057126063,0.0,5000,
B2Mg0.8Na0.2,conventional_AlB2,mp-763,,A1,38.0,3DSC_MP,15.5,c_parent,±20-50%,S1_v3_2_2B_extension,,substructure_aggregate_median,29.26,1.0,4.596535344023927,4.1052578582989145,5.134418430892667,0.02452285961341083,5000,
B2Mg0.8Na0.2,conventional_AlB2,mp-763,,A1,38.0,3DSC_MP,15.5,c_parent,±20-50%,S1_v3_2_2B_extension,,substructure_aggregate_median,29.26,5.0,4.293074303734237,3.681599799239039,4.89869938559015,0.19292801982629104,5000,
B2Mg0.8Ti0.2,conventional_AlB2,mp-763,,A1,37.8,3DSC_MP,15.5,c_parent,±20-50%,S1_v3_2_2B_extension,,substructure_aggregate_median,4.2,0.1,5.324105348641889,5.1863788403346,5.549941092791016,0.0,5000,
B2Mg0.8Ti0.2,conventional_AlB2,mp-763,,A1,37.8,3DSC_MP,15.5,c_parent,±20-50%,S1_v3_2_2B_extension,,substructure_aggregate_median,4.2,1.0,5.271536162912187,5.106267801025989,5.503925174940459,0.02545946454299841,5000,
B2Mg0.8Ti0.2,conventional_AlB2,mp-763,,A1,37.8,3DSC_MP,15.5,c_parent,±20-50%,S1_v3_2_2B_extension,,substructure_aggregate_median,4.2,5.0,4.982774073758791,4.664326021449344,5.264406632650265,0.1831982140291517,5000,
B2Mg0.8Ti0.2,conventional_AlB2,mp-763,,A1,37.8,3DSC_MP,15.5,c_parent,±20-50%,S1_v3_2_2B_extension,,substructure_aggregate_median,20.0,0.1,5.023035316548285,4.760311858021787,5.331057998991564,0.0,5000,
B2Mg0.8Ti0.2,conventional_AlB2,mp-763,,A1,37.8,3DSC_MP,15.5,c_parent,±20-50%,S1_v3_2_2B_extension,,substructure_aggregate_median,20.0,1.0,4.9630073955848495,4.688700006852902,5.284615147709259,0.02475332417137821,5000,
B2Mg0.8Ti0.2,conventional_AlB2,mp-763,,A1,37.8,3DSC_MP,15.5,c_parent,±20-50%,S1_v3_2_2B_extension,,substructure_aggregate_median,20.0,5.0,4.664916337522039,4.249147851895642,5.052513240089438,0.18656104892086933,5000,
B2Mg0.8Ti0.2,conventional_AlB2,mp-763,,A1,37.8,3DSC_MP,15.5,c_parent,±20-50%,S1_v3_2_2B_extension,,substructure_aggregate_median,29.105999999999998,0.1,4.646033113400623,4.188440825760861,5.176921154973103,0.0,5000,
B2Mg0.8Ti0.2,conventional_AlB2,mp-763,,A1,37.8,3DSC_MP,15.5,c_parent,±20-50%,S1_v3_2_2B_extension,,substructure_aggregate_median,29.105999999999998,1.0,4.588851057320223,4.119698482718028,5.12582662026482,0.02446095419413652,5000,
B2Mg0.8Ti0.2,conventional_AlB2,mp-763,,A1,37.8,3DSC_MP,15.5,c_parent,±20-50%,S1_v3_2_2B_extension,,substructure_aggregate_median,29.105999999999998,5.0,4.290164137083802,3.7018303427751227,4.879874719513261,0.19176971705218548,5000,
B2Mg0.8Zn0.2,conventional_AlB2,mp-763,,A1,38.4,3DSC_MP,15.5,c_parent,±20-50%,S1_v3_2_2B_extension,,substructure_aggregate_median,4.2,0.1,5.324105348641889,5.171003190830169,5.549941092791016,0.0,5000,
B2Mg0.8Zn0.2,conventional_AlB2,mp-763,,A1,38.4,3DSC_MP,15.5,c_parent,±20-50%,S1_v3_2_2B_extension,,substructure_aggregate_median,4.2,1.0,5.269431390263902,5.101096491764281,5.5019971542755925,0.024248574938493306,5000,
B2Mg0.8Zn0.2,conventional_AlB2,mp-763,,A1,38.4,3DSC_MP,15.5,c_parent,±20-50%,S1_v3_2_2B_extension,,substructure_aggregate_median,4.2,5.0,4.979161227585859,4.653615938449442,5.256010677755983,0.18661222239203568,5000,
B2Mg0.8Zn0.2,conventional_AlB2,mp-763,,A1,38.4,3DSC_MP,15.5,c_parent,±20-50%,S1_v3_2_2B_extension,,substructure_aggregate_median,20.0,0.1,5.031056870802062,4.76035586453245,5.336312940232499,0.0,5000,
B2Mg0.8Zn0.2,conventional_AlB2,mp-763,,A1,38.4,3DSC_MP,15.5,c_parent,±20-50%,S1_v3_2_2B_extension,,substructure_aggregate_median,20.0,1.0,4.969766277187105,4.687330893142925,5.289501496965213,0.023972143448311556,5000,
B2Mg0.8Zn0.2,conventional_AlB2,mp-763,,A1,38.4,3DSC_MP,15.5,c_parent,±20-50%,S1_v3_2_2B_extension,,substructure_aggregate_median,20.0,5.0,4.6683758417873795,4.250250818382392,5.054582224497711,0.19244962623142392,5000,
B2Mg0.8Zn0.2,conventional_AlB2,mp-763,,A1,38.4,3DSC_MP,15.5,c_parent,±20-50%,S1_v3_2_2B_extension,,substructure_aggregate_median,29.567999999999998,0.1,4.6481241297339295,4.142346408674841,5.1671030128114035,0.0,5000,
B2Mg0.8Zn0.2,conventional_AlB2,mp-763,,A1,38.4,3DSC_MP,15.5,c_parent,±20-50%,S1_v3_2_2B_extension,,substructure_aggregate_median,29.567999999999998,1.0,4.59271304463854,4.071627558343541,5.121566148538598,0.022914497958568703,5000,
B2Mg0.8Zn0.2,conventional_AlB2,mp-763,,A1,38.4,3DSC_MP,15.5,c_parent,±20-50%,S1_v3_2_2B_extension,,substructure_aggregate_median,29.567999999999998,5.0,4.289770412236116,3.6359948278859022,4.888572050221825,0.19195580489618091,5000,
B2Mg0.8Zr0.2,conventional_AlB2,mp-763,,A1,37.3,3DSC_MP,15.5,c_parent,±20-50%,S1_v3_2_2B_extension,,substructure_aggregate_median,4.2,0.1,5.324105348641889,5.171003190830169,5.559330705252185,0.0,5000,
B2Mg0.8Zr0.2,conventional_AlB2,mp-763,,A1,37.3,3DSC_MP,15.5,c_parent,±20-50%,S1_v3_2_2B_extension,,substructure_aggregate_median,4.2,1.0,5.269431390263902,5.101961655945378,5.508729142414447,0.02426690486722638,5000,
B2Mg0.8Zr0.2,conventional_AlB2,mp-763,,A1,37.3,3DSC_MP,15.5,c_parent,±20-50%,S1_v3_2_2B_extension,,substructure_aggregate_median,4.2,5.0,4.978628899283534,4.661564106454811,5.266126083927362,0.1859407758312308,5000,
B2Mg0.8Zr0.2,conventional_AlB2,mp-763,,A1,37.3,3DSC_MP,15.5,c_parent,±20-50%,S1_v3_2_2B_extension,,substructure_aggregate_median,20.0,0.1,5.017475462598519,4.738871615227802,5.327672683357865,0.0,5000,
B2Mg0.8Zr0.2,conventional_AlB2,mp-763,,A1,37.3,3DSC_MP,15.5,c_parent,±20-50%,S1_v3_2_2B_extension,,substructure_aggregate_median,20.0,1.0,4.957204459418332,4.669372945737377,5.2839722792945105,0.025654113420412905,5000,
B2Mg0.8Zr0.2,conventional_AlB2,mp-763,,A1,37.3,3DSC_MP,15.5,c_parent,±20-50%,S1_v3_2_2B_extension,,substructure_aggregate_median,20.0,5.0,4.654401282109474,4.223207718989063,5.053368719245778,0.18918276802824874,5000,
B2Mg0.8Zr0.2,conventional_AlB2,mp-763,,A1,37.3,3DSC_MP,15.5,c_parent,±20-50%,S1_v3_2_2B_extension,,substructure_aggregate_median,28.721,0.1,4.65584882773663,4.119098675699927,5.177289461955014,0.0,5000,
B2Mg0.8Zr0.2,conventional_AlB2,mp-763,,A1,37.3,3DSC_MP,15.5,c_parent,±20-50%,S1_v3_2_2B_extension,,substructure_aggregate_median,28.721,1.0,4.595361732523843,4.045726216625016,5.125870357809508,0.02284296854767298,5000,
B2Mg0.8Zr0.2,conventional_AlB2,mp-763,,A1,37.3,3DSC_MP,15.5,c_parent,±20-50%,S1_v3_2_2B_extension,,substructure_aggregate_median,28.721,5.0,4.290932282852009,3.645144287888902,4.886880082509889,0.19493964297472655,5000,
B2Mg0.9,conventional_AlB2,mp-763,,A1,38.2,3DSC_MP,15.5,c_parent,±20-50%,S1_v3_2_2B_extension,,substructure_aggregate_median,4.2,0.1,5.324105348641889,5.1863788403346,5.559330705252185,0.0,5000,
B2Mg0.9,conventional_AlB2,mp-763,,A1,38.2,3DSC_MP,15.5,c_parent,±20-50%,S1_v3_2_2B_extension,,substructure_aggregate_median,4.2,1.0,5.266214364520186,5.104644875708542,5.508722502399244,0.025104587060108763,5000,
B2Mg0.9,conventional_AlB2,mp-763,,A1,38.2,3DSC_MP,15.5,c_parent,±20-50%,S1_v3_2_2B_extension,,substructure_aggregate_median,4.2,5.0,4.976264208839332,4.65808731005489,5.263524537620467,0.18450360982407865,5000,
B2Mg0.9,conventional_AlB2,mp-763,,A1,38.2,3DSC_MP,15.5,c_parent,±20-50%,S1_v3_2_2B_extension,,substructure_aggregate_median,20.0,0.1,5.02269303955394,4.764836394056017,5.3337289414030185,0.0,5000,
B2Mg0.9,conventional_AlB2,mp-763,,A1,38.2,3DSC_MP,15.5,c_parent,±20-50%,S1_v3_2_2B_extension,,substructure_aggregate_median,20.0,1.0,4.966158598557558,4.692387779988293,5.283469396385786,0.024332041268845472,5000,
B2Mg0.9,conventional_AlB2,mp-763,,A1,38.2,3DSC_MP,15.5,c_parent,±20-50%,S1_v3_2_2B_extension,,substructure_aggregate_median,20.0,5.0,4.664523178699433,4.252260010045114,5.047798170344647,0.19089015859507974,5000,
B2Mg0.9,conventional_AlB2,mp-763,,A1,38.2,3DSC_MP,15.5,c_parent,±20-50%,S1_v3_2_2B_extension,,substructure_aggregate_median,29.414,0.1,4.646229203372878,4.18934020918037,5.158388812239446,0.0,5000,
B2Mg0.9,conventional_AlB2,mp-763,,A1,38.2,3DSC_MP,15.5,c_parent,±20-50%,S1_v3_2_2B_extension,,substructure_aggregate_median,29.414,1.0,4.589155651330895,4.114285873756201,5.112266691041772,0.024963008252810504,5000,
B2Mg0.9,conventional_AlB2,mp-763,,A1,38.2,3DSC_MP,15.5,c_parent,±20-50%,S1_v3_2_2B_extension,,substructure_aggregate_median,29.414,5.0,4.28692584838445,3.6728076820944033,4.877626862374022,0.19445512693329636,5000,
B2Mg0.93Na0.07,conventional_AlB2,mp-763,,A1,38.0,3DSC_MP,15.5,c_parent,±20-50%,S1_v3_2_2B_extension,,substructure_aggregate_median,4.2,0.1,5.324105348641889,5.171003190830169,5.559330705252185,0.0,5000,
B2Mg0.93Na0.07,conventional_AlB2,mp-763,,A1,38.0,3DSC_MP,15.5,c_parent,±20-50%,S1_v3_2_2B_extension,,substructure_aggregate_median,4.2,1.0,5.269431390263902,5.101961655945378,5.506323838669852,0.024248574938493306,5000,
B2Mg0.93Na0.07,conventional_AlB2,mp-763,,A1,38.0,3DSC_MP,15.5,c_parent,±20-50%,S1_v3_2_2B_extension,,substructure_aggregate_median,4.2,5.0,4.981675246088607,4.655366498224829,5.264406632650265,0.18572840681102498,5000,
B2Mg0.93Na0.07,conventional_AlB2,mp-763,,A1,38.0,3DSC_MP,15.5,c_parent,±20-50%,S1_v3_2_2B_extension,,substructure_aggregate_median,20.0,0.1,5.026466908536555,4.763613030506756,5.332434463128552,0.0,5000,
B2Mg0.93Na0.07,conventional_AlB2,mp-763,,A1,38.0,3DSC_MP,15.5,c_parent,±20-50%,S1_v3_2_2B_extension,,substructure_aggregate_median,20.0,1.0,4.964785629104238,4.689716561630652,5.290555904071107,0.0241815812869417,5000,
B2Mg0.93Na0.07,conventional_AlB2,mp-763,,A1,38.0,3DSC_MP,15.5,c_parent,±20-50%,S1_v3_2_2B_extension,,substructure_aggregate_median,20.0,5.0,4.664503460434936,4.251834108110792,5.05689997820616,0.19163661159816492,5000,
B2Mg0.93Na0.07,conventional_AlB2,mp-763,,A1,38.0,3DSC_MP,15.5,c_parent,±20-50%,S1_v3_2_2B_extension,,substructure_aggregate_median,29.26,0.1,4.6465510863200805,4.182540694299255,5.187962848666296,0.0,5000,
B2Mg0.93Na0.07,conventional_AlB2,mp-763,,A1,38.0,3DSC_MP,15.5,c_parent,±20-50%,S1_v3_2_2B_extension,,substructure_aggregate_median,29.26,1.0,4.5912001452054625,4.111166402412154,5.137361470491618,0.023917545374879445,5000,
B2Mg0.93Na0.07,conventional_AlB2,mp-763,,A1,38.0,3DSC_MP,15.5,c_parent,±20-50%,S1_v3_2_2B_extension,,substructure_aggregate_median,29.26,5.0,4.287247731331653,3.6909716346498547,4.898083474210686,0.19342657483964132,5000,
B2Mg0.94Pb0.06,conventional_AlB2,mp-763,,A1,35.0,3DSC_MP,15.5,c_parent,±20-50%,S1_v3_2_2B_extension,,substructure_aggregate_median,4.2,0.1,5.324105348641889,5.171003190830169,5.559330705252185,0.0,5000,
B2Mg0.94Pb0.06,conventional_AlB2,mp-763,,A1,35.0,3DSC_MP,15.5,c_parent,±20-50%,S1_v3_2_2B_extension,,substructure_aggregate_median,4.2,1.0,5.270343882357867,5.102884623932617,5.504780351850702,0.025149367837425274,5000,
B2Mg0.94Pb0.06,conventional_AlB2,mp-763,,A1,35.0,3DSC_MP,15.5,c_parent,±20-50%,S1_v3_2_2B_extension,,substructure_aggregate_median,4.2,5.0,4.978240786087785,4.661987392088656,5.258431937471141,0.18551770077871055,5000,
B2Mg0.94Pb0.06,conventional_AlB2,mp-763,,A1,35.0,3DSC_MP,15.5,c_parent,±20-50%,S1_v3_2_2B_extension,,substructure_aggregate_median,20.0,0.1,4.978161426875234,4.688491494449147,5.309426302020235,0.0,5000,
B2Mg0.94Pb0.06,conventional_AlB2,mp-763,,A1,35.0,3DSC_MP,15.5,c_parent,±20-50%,S1_v3_2_2B_extension,,substructure_aggregate_median,20.0,1.0,4.919919322496025,4.6136994370630955,5.259852037919769,0.02482286825589952,5000,
B2Mg0.94Pb0.06,conventional_AlB2,mp-763,,A1,35.0,3DSC_MP,15.5,c_parent,±20-50%,S1_v3_2_2B_extension,,substructure_aggregate_median,20.0,5.0,4.614254021456638,4.176521092567454,5.023038190313475,0.19033846794900278,5000,
B2Mg0.94Pb0.06,conventional_AlB2,mp-763,,A1,35.0,3DSC_MP,15.5,c_parent,±20-50%,S1_v3_2_2B_extension,,substructure_aggregate_median,26.95,0.1,4.648147027150256,4.135868776664697,5.169738811361065,0.0,5000,
B2Mg0.94Pb0.06,conventional_AlB2,mp-763,,A1,35.0,3DSC_MP,15.5,c_parent,±20-50%,S1_v3_2_2B_extension,,substructure_aggregate_median,26.95,1.0,4.5929409171508535,4.062795541185404,5.121579275398742,0.02373271778798358,5000,
B2Mg0.94Pb0.06,conventional_AlB2,mp-763,,A1,35.0,3DSC_MP,15.5,c_parent,±20-50%,S1_v3_2_2B_extension,,substructure_aggregate_median,26.95,5.0,4.290083097121328,3.649702830899979,4.88563554060589,0.19451222607047836,5000,
B2Mg0.95Mn0.05,conventional_AlB2,mp-763,,A1,30.0,3DSC_MP,15.5,c_parent,±20-50%,S1_v3_2_2B_extension,,substructure_aggregate_median,4.2,0.1,5.324105348641889,5.171003190830169,5.559330705252185,0.0,5000,
B2Mg0.95Mn0.05,conventional_AlB2,mp-763,,A1,30.0,3DSC_MP,15.5,c_parent,±20-50%,S1_v3_2_2B_extension,,substructure_aggregate_median,4.2,1.0,5.271544406272218,5.103264623835246,5.506751427124972,0.02527640687257371,5000,
B2Mg0.95Mn0.05,conventional_AlB2,mp-763,,A1,30.0,3DSC_MP,15.5,c_parent,±20-50%,S1_v3_2_2B_extension,,substructure_aggregate_median,4.2,5.0,4.9808168791513445,4.668692219843093,5.270572995281247,0.1850470720690538,5000,
B2Mg0.95Mn0.05,conventional_AlB2,mp-763,,A1,30.0,3DSC_MP,15.5,c_parent,±20-50%,S1_v3_2_2B_extension,,substructure_aggregate_median,20.0,0.1,4.867415301257425,4.482336656149851,5.260181402162738,0.0,5000,
B2Mg0.95Mn0.05,conventional_AlB2,mp-763,,A1,30.0,3DSC_MP,15.5,c_parent,±20-50%,S1_v3_2_2B_extension,,substructure_aggregate_median,20.0,1.0,4.806525145249607,4.411288611665447,5.21349409247897,0.025443605727323515,5000,
B2Mg0.95Mn0.05,conventional_AlB2,mp-763,,A1,30.0,3DSC_MP,15.5,c_parent,±20-50%,S1_v3_2_2B_extension,,substructure_aggregate_median,20.0,5.0,4.499228351244579,3.980380230097741,4.9813738203538,0.19041378953152854,5000,
B2Mg0.95Mn0.05,conventional_AlB2,mp-763,,A1,30.0,3DSC_MP,15.5,c_parent,±20-50%,S1_v3_2_2B_extension,,substructure_aggregate_median,23.1,0.1,4.6632288601483225,4.122124489273836,5.189002290544084,0.0,5000,
B2Mg0.95Mn0.05,conventional_AlB2,mp-763,,A1,30.0,3DSC_MP,15.5,c_parent,±20-50%,S1_v3_2_2B_extension,,substructure_aggregate_median,23.1,1.0,4.608182088559566,4.051508956613454,5.140089152623761,0.022948125668420083,5000,
B2Mg0.95Mn0.05,conventional_AlB2,mp-763,,A1,30.0,3DSC_MP,15.5,c_parent,±20-50%,S1_v3_2_2B_extension,,substructure_aggregate_median,23.1,5.0,4.306147150398644,3.6360271521049685,4.895455100843726,0.1912670732230417,5000,
B2Mg0.95Ti0.05,conventional_AlB2,mp-763,,A1,38.5,3DSC_MP,15.5,c_parent,±20-50%,S1_v3_2_2B_extension,,substructure_aggregate_median,4.2,0.1,5.324105348641889,5.1863788403346,5.559330705252185,0.0,5000,
B2Mg0.95Ti0.05,conventional_AlB2,mp-763,,A1,38.5,3DSC_MP,15.5,c_parent,±20-50%,S1_v3_2_2B_extension,,substructure_aggregate_median,4.2,1.0,5.271544406272218,5.106267801025989,5.506411368300817,0.026949763413773198,5000,
B2Mg0.95Ti0.05,conventional_AlB2,mp-763,,A1,38.5,3DSC_MP,15.5,c_parent,±20-50%,S1_v3_2_2B_extension,,substructure_aggregate_median,4.2,5.0,4.97990458896984,4.667268958449525,5.257448727793254,0.18746462809365472,5000,
B2Mg0.95Ti0.05,conventional_AlB2,mp-763,,A1,38.5,3DSC_MP,15.5,c_parent,±20-50%,S1_v3_2_2B_extension,,substructure_aggregate_median,20.0,0.1,5.032180472992165,4.770152356824497,5.335673734573872,0.0,5000,
B2Mg0.95Ti0.05,conventional_AlB2,mp-763,,A1,38.5,3DSC_MP,15.5,c_parent,±20-50%,S1_v3_2_2B_extension,,substructure_aggregate_median,20.0,1.0,4.9714772857467775,4.697098445540231,5.290530746153812,0.023925560338908802,5000,
B2Mg0.95Ti0.05,conventional_AlB2,mp-763,,A1,38.5,3DSC_MP,15.5,c_parent,±20-50%,S1_v3_2_2B_extension,,substructure_aggregate_median,20.0,5.0,4.672686237981405,4.266309411381549,5.055721688113898,0.1912117375619804,5000,
B2Mg0.95Ti0.05,conventional_AlB2,mp-763,,A1,38.5,3DSC_MP,15.5,c_parent,±20-50%,S1_v3_2_2B_extension,,substructure_aggregate_median,29.645,0.1,4.653895278344464,4.1975344517108155,5.1764225817695575,0.0,5000,
B2Mg0.95Ti0.05,conventional_AlB2,mp-763,,A1,38.5,3DSC_MP,15.5,c_parent,±20-50%,S1_v3_2_2B_extension,,substructure_aggregate_median,29.645,1.0,4.5960042942227615,4.120644534872398,5.125014064569656,0.023896121646932222,5000,
B2Mg0.95Ti0.05,conventional_AlB2,mp-763,,A1,38.5,3DSC_MP,15.5,c_parent,±20-50%,S1_v3_2_2B_extension,,substructure_aggregate_median,29.645,5.0,4.288637571953361,3.6993083150831763,4.8882803543190985,0.19589414031555474,5000,
B2Mg0.95Zn0.05,conventional_AlB2,mp-763,,A1,38.3,3DSC_MP,15.5,c_parent,±20-50%,S1_v3_2_2B_extension,,substructure_aggregate_median,4.2,0.1,5.324105348641889,5.1863788403346,5.559330705252185,0.0,5000,
B2Mg0.95Zn0.05,conventional_AlB2,mp-763,,A1,38.3,3DSC_MP,15.5,c_parent,±20-50%,S1_v3_2_2B_extension,,substructure_aggregate_median,4.2,1.0,5.269431390263902,5.103255297865912,5.5131459977201285,0.023709514855291047,5000,
B2Mg0.95Zn0.05,conventional_AlB2,mp-763,,A1,38.3,3DSC_MP,15.5,c_parent,±20-50%,S1_v3_2_2B_extension,,substructure_aggregate_median,4.2,5.0,4.980622895715926,4.657567016619448,5.274337113726394,0.18358221404208575,5000,
B2Mg0.95Zn0.05,conventional_AlB2,mp-763,,A1,38.3,3DSC_MP,15.5,c_parent,±20-50%,S1_v3_2_2B_extension,,substructure_aggregate_median,20.0,0.1,5.030556573943203,4.768520632334422,5.334382648612077,0.0,5000,
B2Mg0.95Zn0.05,conventional_AlB2,mp-763,,A1,38.3,3DSC_MP,15.5,c_parent,±20-50%,S1_v3_2_2B_extension,,substructure_aggregate_median,20.0,1.0,4.973881029641117,4.6924009047797375,5.288802035597079,0.025377604507423435,5000,
B2Mg0.95Zn0.05,conventional_AlB2,mp-763,,A1,38.3,3DSC_MP,15.5,c_parent,±20-50%,S1_v3_2_2B_extension,,substructure_aggregate_median,20.0,5.0,4.67167520338468,4.253795290142487,5.057637428021434,0.18973883412276749,5000,
B2Mg0.95Zn0.05,conventional_AlB2,mp-763,,A1,38.3,3DSC_MP,15.5,c_parent,±20-50%,S1_v3_2_2B_extension,,substructure_aggregate_median,29.491,0.1,4.654211845064537,4.253784747263361,5.16717344459819,0.0,5000,
B2Mg0.95Zn0.05,conventional_AlB2,mp-763,,A1,38.3,3DSC_MP,15.5,c_parent,±20-50%,S1_v3_2_2B_extension,,substructure_aggregate_median,29.491,1.0,4.596320860942834,4.168065493820218,5.1235583787178,0.023771504540753163,5000,
B2Mg0.95Zn0.05,conventional_AlB2,mp-763,,A1,38.3,3DSC_MP,15.5,c_parent,±20-50%,S1_v3_2_2B_extension,,substructure_aggregate_median,29.491,5.0,4.294395623869491,3.7109960002658795,4.8888867925585355,0.18826824233563766,5000,
B2Mg0.95Zr0.05,conventional_AlB2,mp-763,,A1,37.7,3DSC_MP,15.5,c_parent,±20-50%,S1_v3_2_2B_extension,,substructure_aggregate_median,4.2,0.1,5.324105348641889,5.1863788403346,5.559330705252185,0.0,5000,
B2Mg0.95Zr0.05,conventional_AlB2,mp-763,,A1,37.7,3DSC_MP,15.5,c_parent,±20-50%,S1_v3_2_2B_extension,,substructure_aggregate_median,4.2,1.0,5.269431390263902,5.1026131398903125,5.504363453106959,0.024646367404310254,5000,
B2Mg0.95Zr0.05,conventional_AlB2,mp-763,,A1,37.7,3DSC_MP,15.5,c_parent,±20-50%,S1_v3_2_2B_extension,,substructure_aggregate_median,4.2,5.0,4.977758236137484,4.655381392460561,5.256220376766975,0.1842540929444647,5000,
B2Mg0.95Zr0.05,conventional_AlB2,mp-763,,A1,37.7,3DSC_MP,15.5,c_parent,±20-50%,S1_v3_2_2B_extension,,substructure_aggregate_median,20.0,0.1,5.014778293474511,4.749776606362393,5.333711538887206,0.0,5000,
B2Mg0.95Zr0.05,conventional_AlB2,mp-763,,A1,37.7,3DSC_MP,15.5,c_parent,±20-50%,S1_v3_2_2B_extension,,substructure_aggregate_median,20.0,1.0,4.959432509426325,4.681040610751097,5.287903999262658,0.024716596879940766,5000,
B2Mg0.95Zr0.05,conventional_AlB2,mp-763,,A1,37.7,3DSC_MP,15.5,c_parent,±20-50%,S1_v3_2_2B_extension,,substructure_aggregate_median,20.0,5.0,4.656727576707379,4.241101305300437,5.058789155540778,0.1901062183158828,5000,
B2Mg0.95Zr0.05,conventional_AlB2,mp-763,,A1,37.7,3DSC_MP,15.5,c_parent,±20-50%,S1_v3_2_2B_extension,,substructure_aggregate_median,29.029000000000003,0.1,4.647040715485775,4.126097184362472,5.188180119764567,0.0,5000,
B2Mg0.95Zr0.05,conventional_AlB2,mp-763,,A1,37.7,3DSC_MP,15.5,c_parent,±20-50%,S1_v3_2_2B_extension,,substructure_aggregate_median,29.029000000000003,1.0,4.591694931437589,4.051709428753625,5.135600841637355,0.023919524186899466,5000,
B2Mg0.95Zr0.05,conventional_AlB2,mp-763,,A1,37.7,3DSC_MP,15.5,c_parent,±20-50%,S1_v3_2_2B_extension,,substructure_aggregate_median,29.029000000000003,5.0,4.285776894203593,3.641372938764446,4.895093380911806,0.19309213823799176,5000,
B2Mg0.96Mn0.04,conventional_AlB2,mp-763,,A1,32.3,3DSC_MP,15.5,c_parent,±20-50%,S1_v3_2_2B_extension,,substructure_aggregate_median,4.2,0.1,5.324105348641889,5.1863788403346,5.559330705252185,0.0,5000,
B2Mg0.96Mn0.04,conventional_AlB2,mp-763,,A1,32.3,3DSC_MP,15.5,c_parent,±20-50%,S1_v3_2_2B_extension,,substructure_aggregate_median,4.2,1.0,5.271544406272218,5.1026131398903125,5.504780351850702,0.025770670942759644,5000,
B2Mg0.96Mn0.04,conventional_AlB2,mp-763,,A1,32.3,3DSC_MP,15.5,c_parent,±20-50%,S1_v3_2_2B_extension,,substructure_aggregate_median,4.2,5.0,4.981543337214,4.662443950924451,5.2644911623942825,0.18572840681102498,5000,
B2Mg0.96Mn0.04,conventional_AlB2,mp-763,,A1,32.3,3DSC_MP,15.5,c_parent,±20-50%,S1_v3_2_2B_extension,,substructure_aggregate_median,20.0,0.1,4.929703595774387,4.628694852296313,5.282991481393401,0.0,5000,
B2Mg0.96Mn0.04,conventional_AlB2,mp-763,,A1,32.3,3DSC_MP,15.5,c_parent,±20-50%,S1_v3_2_2B_extension,,substructure_aggregate_median,20.0,1.0,4.872401928194538,4.54710628004279,5.240226355618384,0.024449249755935654,5000,
B2Mg0.96Mn0.04,conventional_AlB2,mp-763,,A1,32.3,3DSC_MP,15.5,c_parent,±20-50%,S1_v3_2_2B_extension,,substructure_aggregate_median,20.0,5.0,4.566997889705483,4.102113807042482,5.004041411877218,0.1893584724465054,5000,
B2Mg0.96Mn0.04,conventional_AlB2,mp-763,,A1,32.3,3DSC_MP,15.5,c_parent,±20-50%,S1_v3_2_2B_extension,,substructure_aggregate_median,24.871,0.1,4.665666969958143,4.257732880307679,5.1798196555284886,0.0,5000,
B2Mg0.96Mn0.04,conventional_AlB2,mp-763,,A1,32.3,3DSC_MP,15.5,c_parent,±20-50%,S1_v3_2_2B_extension,,substructure_aggregate_median,24.871,1.0,4.608839125373674,4.177682008674483,5.13214160471001,0.02453550364461332,5000,
B2Mg0.96Mn0.04,conventional_AlB2,mp-763,,A1,32.3,3DSC_MP,15.5,c_parent,±20-50%,S1_v3_2_2B_extension,,substructure_aggregate_median,24.871,5.0,4.307343295702307,3.723660771122932,4.893196221267145,0.1928298385388807,5000,
B2Mg0.97Na0.03,conventional_AlB2,mp-763,,A1,38.0,3DSC_MP,15.5,c_parent,±20-50%,S1_v3_2_2B_extension,,substructure_aggregate_median,4.2,0.1,5.324105348641889,5.1863788403346,5.559330705252185,0.0,5000,
B2Mg0.97Na0.03,conventional_AlB2,mp-763,,A1,38.0,3DSC_MP,15.5,c_parent,±20-50%,S1_v3_2_2B_extension,,substructure_aggregate_median,4.2,1.0,5.271037799738924,5.106267801025989,5.506326026910626,0.025744833147083312,5000,
B2Mg0.97Na0.03,conventional_AlB2,mp-763,,A1,38.0,3DSC_MP,15.5,c_parent,±20-50%,S1_v3_2_2B_extension,,substructure_aggregate_median,4.2,5.0,4.97990458896984,4.667265999654936,5.263501015723233,0.18649334087240899,5000,
B2Mg0.97Na0.03,conventional_AlB2,mp-763,,A1,38.0,3DSC_MP,15.5,c_parent,±20-50%,S1_v3_2_2B_extension,,substructure_aggregate_median,20.0,0.1,5.026466908536555,4.753842727547954,5.340312654016243,0.0,5000,
B2Mg0.97Na0.03,conventional_AlB2,mp-763,,A1,38.0,3DSC_MP,15.5,c_parent,±20-50%,S1_v3_2_2B_extension,,substructure_aggregate_median,20.0,1.0,4.965763721291168,4.680794201972422,5.292275626645776,0.024186664146129466,5000,
B2Mg0.97Na0.03,conventional_AlB2,mp-763,,A1,38.0,3DSC_MP,15.5,c_parent,±20-50%,S1_v3_2_2B_extension,,substructure_aggregate_median,20.0,5.0,4.665548228646005,4.240123529799593,5.058142561277677,0.19022605085762656,5000,
B2Mg0.97Na0.03,conventional_AlB2,mp-763,,A1,38.0,3DSC_MP,15.5,c_parent,±20-50%,S1_v3_2_2B_extension,,substructure_aggregate_median,29.26,0.1,4.651177254762502,4.113916369572271,5.187962848666296,0.0,5000,
B2Mg0.97Na0.03,conventional_AlB2,mp-763,,A1,38.0,3DSC_MP,15.5,c_parent,±20-50%,S1_v3_2_2B_extension,,substructure_aggregate_median,29.26,1.0,4.591548599765483,4.038195353906721,5.140053114917717,0.02395926889272726,5000,
B2Mg0.97Na0.03,conventional_AlB2,mp-763,,A1,38.0,3DSC_MP,15.5,c_parent,±20-50%,S1_v3_2_2B_extension,,substructure_aggregate_median,29.26,5.0,4.2884573371085395,3.6157867558250683,4.897443799395943,0.19018514313976098,5000,
B2Mg0.98,conventional_AlB2,mp-763,,A1,38.4,3DSC_MP,15.5,c_parent,±20-50%,S1_v3_2_2B_extension,,substructure_aggregate_median,4.2,0.1,5.324105348641889,5.171003190830169,5.549941092791016,0.0,5000,
B2Mg0.98,conventional_AlB2,mp-763,,A1,38.4,3DSC_MP,15.5,c_parent,±20-50%,S1_v3_2_2B_extension,,substructure_aggregate_median,4.2,1.0,5.268327380528502,5.101096491764281,5.504360479776018,0.023997851887770594,5000,
B2Mg0.98,conventional_AlB2,mp-763,,A1,38.4,3DSC_MP,15.5,c_parent,±20-50%,S1_v3_2_2B_extension,,substructure_aggregate_median,4.2,5.0,4.9763786985300005,4.659103484778752,5.256994599571886,0.18678105937678513,5000,
B2Mg0.98,conventional_AlB2,mp-763,,A1,38.4,3DSC_MP,15.5,c_parent,±20-50%,S1_v3_2_2B_extension,,substructure_aggregate_median,20.0,0.1,5.031056870802062,4.767980934117012,5.33503088956498,0.0,5000,
B2Mg0.98,conventional_AlB2,mp-763,,A1,38.4,3DSC_MP,15.5,c_parent,±20-50%,S1_v3_2_2B_extension,,substructure_aggregate_median,20.0,1.0,4.969756363130608,4.687869894808402,5.288008876019775,0.02308092002781681,5000,
B2Mg0.98,conventional_AlB2,mp-763,,A1,38.4,3DSC_MP,15.5,c_parent,±20-50%,S1_v3_2_2B_extension,,substructure_aggregate_median,20.0,5.0,4.665674992913292,4.259479350709919,5.050838969116036,0.19015547892692286,5000,
B2Mg0.98,conventional_AlB2,mp-763,,A1,38.4,3DSC_MP,15.5,c_parent,±20-50%,S1_v3_2_2B_extension,,substructure_aggregate_median,29.567999999999998,0.1,4.640494072416694,4.18740761551077,5.1671030128114035,0.0,5000,
B2Mg0.98,conventional_AlB2,mp-763,,A1,38.4,3DSC_MP,15.5,c_parent,±20-50%,S1_v3_2_2B_extension,,substructure_aggregate_median,29.567999999999998,1.0,4.587668774943022,4.121017985468082,5.121860005168257,0.025453125267526744,5000,
B2Mg0.98,conventional_AlB2,mp-763,,A1,38.4,3DSC_MP,15.5,c_parent,±20-50%,S1_v3_2_2B_extension,,substructure_aggregate_median,29.567999999999998,5.0,4.281539256753845,3.690603055403234,4.891961616505274,0.19433764218864802,5000,
B2Mg0.988Sc0.012,conventional_AlB2,mp-763,,A1,41.4,3DSC_MP,15.5,c_parent,±20-50%,S1_v3_2_2B_extension,,substructure_aggregate_median,4.2,0.1,5.324105348641889,5.171003190830169,5.559330705252185,0.0,5000,
B2Mg0.988Sc0.012,conventional_AlB2,mp-763,,A1,41.4,3DSC_MP,15.5,c_parent,±20-50%,S1_v3_2_2B_extension,,substructure_aggregate_median,4.2,1.0,5.270343882357867,5.101961655945378,5.508722502399244,0.025744833147083312,5000,
B2Mg0.988Sc0.012,conventional_AlB2,mp-763,,A1,41.4,3DSC_MP,15.5,c_parent,±20-50%,S1_v3_2_2B_extension,,substructure_aggregate_median,4.2,5.0,4.981675246088607,4.6580299368748985,5.264406632650265,0.18258152731774668,5000,
B2Mg0.988Sc0.012,conventional_AlB2,mp-763,,A1,41.4,3DSC_MP,15.5,c_parent,±20-50%,S1_v3_2_2B_extension,,substructure_aggregate_median,20.0,0.1,5.0627300012125644,4.81200304882394,5.352245654131821,0.0,5000,
B2Mg0.988Sc0.012,conventional_AlB2,mp-763,,A1,41.4,3DSC_MP,15.5,c_parent,±20-50%,S1_v3_2_2B_extension,,substructure_aggregate_median,20.0,1.0,5.006506787320488,4.742088824534631,5.302741264557914,0.024547517616634984,5000,
B2Mg0.988Sc0.012,conventional_AlB2,mp-763,,A1,41.4,3DSC_MP,15.5,c_parent,±20-50%,S1_v3_2_2B_extension,,substructure_aggregate_median,20.0,5.0,4.707398357548378,4.306807181838872,5.070587795906425,0.1890767396248796,5000,
B2Mg0.988Sc0.012,conventional_AlB2,mp-763,,A1,41.4,3DSC_MP,15.5,c_parent,±20-50%,S1_v3_2_2B_extension,,substructure_aggregate_median,31.878,0.1,4.649668233237865,4.0980865898758445,5.165157233961928,0.0,5000,
B2Mg0.988Sc0.012,conventional_AlB2,mp-763,,A1,41.4,3DSC_MP,15.5,c_parent,±20-50%,S1_v3_2_2B_extension,,substructure_aggregate_median,31.878,1.0,4.589476724405139,4.022903477754912,5.119958565997982,0.023283237795367562,5000,
B2Mg0.988Sc0.012,conventional_AlB2,mp-763,,A1,41.4,3DSC_MP,15.5,c_parent,±20-50%,S1_v3_2_2B_extension,,substructure_aggregate_median,31.878,5.0,4.287550970255874,3.628989076238924,4.881783089920845,0.19282389905201036,5000,
B2Mg0.98Pb0.02,conventional_AlB2,mp-763,,A1,35.5,3DSC_MP,15.5,c_parent,±20-50%,S1_v3_2_2B_extension,,substructure_aggregate_median,4.2,0.1,5.324105348641889,5.1863788403346,5.559330705252185,0.0,5000,
B2Mg0.98Pb0.02,conventional_AlB2,mp-763,,A1,35.5,3DSC_MP,15.5,c_parent,±20-50%,S1_v3_2_2B_extension,,substructure_aggregate_median,4.2,1.0,5.271544406272218,5.103255297865912,5.508175347598792,0.026793604454568687,5000,
B2Mg0.98Pb0.02,conventional_AlB2,mp-763,,A1,35.5,3DSC_MP,15.5,c_parent,±20-50%,S1_v3_2_2B_extension,,substructure_aggregate_median,4.2,5.0,4.978628899283534,4.655381392460561,5.26941680692436,0.18506816468108855,5000,
B2Mg0.98Pb0.02,conventional_AlB2,mp-763,,A1,35.5,3DSC_MP,15.5,c_parent,±20-50%,S1_v3_2_2B_extension,,substructure_aggregate_median,20.0,0.1,4.990773582923455,4.722846506641194,5.319480670654585,0.0,5000,
B2Mg0.98Pb0.02,conventional_AlB2,mp-763,,A1,35.5,3DSC_MP,15.5,c_parent,±20-50%,S1_v3_2_2B_extension,,substructure_aggregate_median,20.0,1.0,4.931533017392095,4.644781054385614,5.268563579543121,0.023999949738449544,5000,
B2Mg0.98Pb0.02,conventional_AlB2,mp-763,,A1,35.5,3DSC_MP,15.5,c_parent,±20-50%,S1_v3_2_2B_extension,,substructure_aggregate_median,20.0,5.0,4.6251302200503295,4.186652114194771,5.034368886227101,0.19123528500388964,5000,
B2Mg0.98Pb0.02,conventional_AlB2,mp-763,,A1,35.5,3DSC_MP,15.5,c_parent,±20-50%,S1_v3_2_2B_extension,,substructure_aggregate_median,27.335,0.1,4.659043352526611,4.245643140612595,5.178836410183742,0.0,5000,
B2Mg0.98Pb0.02,conventional_AlB2,mp-763,,A1,35.5,3DSC_MP,15.5,c_parent,±20-50%,S1_v3_2_2B_extension,,substructure_aggregate_median,27.335,1.0,4.6001396600857,4.161713212526356,5.130739908901134,0.02440808983288978,5000,
B2Mg0.98Pb0.02,conventional_AlB2,mp-763,,A1,35.5,3DSC_MP,15.5,c_parent,±20-50%,S1_v3_2_2B_extension,,substructure_aggregate_median,27.335,5.0,4.296825559607718,3.703288684423681,4.890949779572301,0.1931006060941174,5000,
B2Mg0.98Sc0.02,conventional_AlB2,mp-763,,A1,39.0,3DSC_MP,15.5,c_parent,±20-50%,S1_v3_2_2B_extension,,substructure_aggregate_median,4.2,0.1,5.324105348641889,5.1863788403346,5.559330705252185,0.0,5000,
B2Mg0.98Sc0.02,conventional_AlB2,mp-763,,A1,39.0,3DSC_MP,15.5,c_parent,±20-50%,S1_v3_2_2B_extension,,substructure_aggregate_median,4.2,1.0,5.270655905196691,5.10734653176746,5.5140510310742785,0.02545946454299841,5000,
B2Mg0.98Sc0.02,conventional_AlB2,mp-763,,A1,39.0,3DSC_MP,15.5,c_parent,±20-50%,S1_v3_2_2B_extension,,substructure_aggregate_median,4.2,5.0,4.980712441390612,4.671625444468842,5.281369895300264,0.18628883502680615,5000,
B2Mg0.98Sc0.02,conventional_AlB2,mp-763,,A1,39.0,3DSC_MP,15.5,c_parent,±20-50%,S1_v3_2_2B_extension,,substructure_aggregate_median,20.0,0.1,5.037661166864107,4.785102982134019,5.348199009044136,0.0,5000,
B2Mg0.98Sc0.02,conventional_AlB2,mp-763,,A1,39.0,3DSC_MP,15.5,c_parent,±20-50%,S1_v3_2_2B_extension,,substructure_aggregate_median,20.0,1.0,4.9775935779538845,4.712944441842992,5.299775550140987,0.024110919930167007,5000,
B2Mg0.98Sc0.02,conventional_AlB2,mp-763,,A1,39.0,3DSC_MP,15.5,c_parent,±20-50%,S1_v3_2_2B_extension,,substructure_aggregate_median,20.0,5.0,4.676860370036109,4.282919692981801,5.070462923537469,0.18932603988854435,5000,
B2Mg0.98Sc0.02,conventional_AlB2,mp-763,,A1,39.0,3DSC_MP,15.5,c_parent,±20-50%,S1_v3_2_2B_extension,,substructure_aggregate_median,30.03,0.1,4.644976679318344,4.201411916698211,5.166988763812883,0.0,5000,
B2Mg0.98Sc0.02,conventional_AlB2,mp-763,,A1,39.0,3DSC_MP,15.5,c_parent,±20-50%,S1_v3_2_2B_extension,,substructure_aggregate_median,30.03,1.0,4.588070067618604,4.1292600472866035,5.127540489450809,0.02513309745200587,5000,
B2Mg0.98Sc0.02,conventional_AlB2,mp-763,,A1,39.0,3DSC_MP,15.5,c_parent,±20-50%,S1_v3_2_2B_extension,,substructure_aggregate_median,30.03,5.0,4.286071508334704,3.7134375344748554,4.892217470632189,0.19297216177531773,5000,
B2Mg0.99Mn0.01,conventional_AlB2,mp-763,,A1,33.4,3DSC_MP,15.5,c_parent,±20-50%,S1_v3_2_2B_extension,,substructure_aggregate_median,4.2,0.1,5.324105348641889,5.1863788403346,5.559330705252185,0.0,5000,
B2Mg0.99Mn0.01,conventional_AlB2,mp-763,,A1,33.4,3DSC_MP,15.5,c_parent,±20-50%,S1_v3_2_2B_extension,,substructure_aggregate_median,4.2,1.0,5.271019861639648,5.104680266782216,5.504780351850702,0.025540543072663624,5000,
B2Mg0.99Mn0.01,conventional_AlB2,mp-763,,A1,33.4,3DSC_MP,15.5,c_parent,±20-50%,S1_v3_2_2B_extension,,substructure_aggregate_median,4.2,5.0,4.979161227585859,4.65808731005489,5.263524537620467,0.18640771654643284,5000,
B2Mg0.99Mn0.01,conventional_AlB2,mp-763,,A1,33.4,3DSC_MP,15.5,c_parent,±20-50%,S1_v3_2_2B_extension,,substructure_aggregate_median,20.0,0.1,4.951446204319461,4.647732551049877,5.294141757692456,0.0,5000,
B2Mg0.99Mn0.01,conventional_AlB2,mp-763,,A1,33.4,3DSC_MP,15.5,c_parent,±20-50%,S1_v3_2_2B_extension,,substructure_aggregate_median,20.0,1.0,4.892030887391261,4.5700567175632925,5.249448122399935,0.02499143008235105,5000,
B2Mg0.99Mn0.01,conventional_AlB2,mp-763,,A1,33.4,3DSC_MP,15.5,c_parent,±20-50%,S1_v3_2_2B_extension,,substructure_aggregate_median,20.0,5.0,4.5827173042915685,4.116496177643172,5.018340049699935,0.1904563177234806,5000,
B2Mg0.99Mn0.01,conventional_AlB2,mp-763,,A1,33.4,3DSC_MP,15.5,c_parent,±20-50%,S1_v3_2_2B_extension,,substructure_aggregate_median,25.718,0.1,4.655094410805765,4.142283627862901,5.190611108325515,0.0,5000,
B2Mg0.99Mn0.01,conventional_AlB2,mp-763,,A1,33.4,3DSC_MP,15.5,c_parent,±20-50%,S1_v3_2_2B_extension,,substructure_aggregate_median,25.718,1.0,4.598297586513122,4.069123616050176,5.13678666458634,0.024434591352484603,5000,
B2Mg0.99Mn0.01,conventional_AlB2,mp-763,,A1,33.4,3DSC_MP,15.5,c_parent,±20-50%,S1_v3_2_2B_extension,,substructure_aggregate_median,25.718,5.0,4.29456395047279,3.6751223113464198,4.895971619082965,0.1934006580924157,5000,
B2Mg0.99Pb0.01,conventional_AlB2,mp-763,,A1,35.9,3DSC_MP,15.5,c_parent,±20-50%,S1_v3_2_2B_extension,,substructure_aggregate_median,4.2,0.1,5.324105348641889,5.1863788403346,5.549941092791016,0.0,5000,
B2Mg0.99Pb0.01,conventional_AlB2,mp-763,,A1,35.9,3DSC_MP,15.5,c_parent,±20-50%,S1_v3_2_2B_extension,,substructure_aggregate_median,4.2,1.0,5.270126875332979,5.109270978216732,5.504791778125286,0.024650998653519274,5000,
B2Mg0.99Pb0.01,conventional_AlB2,mp-763,,A1,35.9,3DSC_MP,15.5,c_parent,±20-50%,S1_v3_2_2B_extension,,substructure_aggregate_median,4.2,5.0,4.981675246088607,4.667265999654936,5.262594192545062,0.18418352989528586,5000,
B2Mg0.99Pb0.01,conventional_AlB2,mp-763,,A1,35.9,3DSC_MP,15.5,c_parent,±20-50%,S1_v3_2_2B_extension,,substructure_aggregate_median,20.0,0.1,4.995856738423834,4.715641243810425,5.322287542412134,0.0,5000,
B2Mg0.99Pb0.01,conventional_AlB2,mp-763,,A1,35.9,3DSC_MP,15.5,c_parent,±20-50%,S1_v3_2_2B_extension,,substructure_aggregate_median,20.0,1.0,4.937387537962006,4.647045806671812,5.276712807394241,0.024602644181396904,5000,
B2Mg0.99Pb0.01,conventional_AlB2,mp-763,,A1,35.9,3DSC_MP,15.5,c_parent,±20-50%,S1_v3_2_2B_extension,,substructure_aggregate_median,20.0,5.0,4.635534276117643,4.209797245911828,5.047023798277358,0.1889804414436087,5000,
B2Mg0.99Pb0.01,conventional_AlB2,mp-763,,A1,35.9,3DSC_MP,15.5,c_parent,±20-50%,S1_v3_2_2B_extension,,substructure_aggregate_median,27.643,0.1,4.658303941334854,4.2064285296709825,5.178451599542701,0.0,5000,
B2Mg0.99Pb0.01,conventional_AlB2,mp-763,,A1,35.9,3DSC_MP,15.5,c_parent,±20-50%,S1_v3_2_2B_extension,,substructure_aggregate_median,27.643,1.0,4.600412957213151,4.1318402623481845,5.134587101460879,0.024994024266827175,5000,
B2Mg0.99Pb0.01,conventional_AlB2,mp-763,,A1,35.9,3DSC_MP,15.5,c_parent,±20-50%,S1_v3_2_2B_extension,,substructure_aggregate_median,27.643,5.0,4.297374223100727,3.6984938788266377,4.909114085873218,0.19391153060697874,5000,
B2Mg0.99Sn0.01,conventional_AlB2,mp-763,,A1,33.5,3DSC_MP,15.5,c_parent,±20-50%,S1_v3_2_2B_extension,,substructure_aggregate_median,4.2,0.1,5.324105348641889,5.1863788403346,5.559330705252185,0.0,5000,
B2Mg0.99Sn0.01,conventional_AlB2,mp-763,,A1,33.5,3DSC_MP,15.5,c_parent,±20-50%,S1_v3_2_2B_extension,,substructure_aggregate_median,4.2,1.0,5.270343882357867,5.107342745986254,5.506751427124972,0.025083093534801648,5000,
B2Mg0.99Sn0.01,conventional_AlB2,mp-763,,A1,33.5,3DSC_MP,15.5,c_parent,±20-50%,S1_v3_2_2B_extension,,substructure_aggregate_median,4.2,5.0,4.977717263980598,4.670741378486062,5.269564591760424,0.18640771654643284,5000,
B2Mg0.99Sn0.01,conventional_AlB2,mp-763,,A1,33.5,3DSC_MP,15.5,c_parent,±20-50%,S1_v3_2_2B_extension,,substructure_aggregate_median,20.0,0.1,4.9497363199131215,4.661503443743546,5.305856699907911,0.0,5000,
B2Mg0.99Sn0.01,conventional_AlB2,mp-763,,A1,33.5,3DSC_MP,15.5,c_parent,±20-50%,S1_v3_2_2B_extension,,substructure_aggregate_median,20.0,1.0,4.892108807629677,4.584796140034189,5.2628048402427945,0.02483539375174093,5000,
B2Mg0.99Sn0.01,conventional_AlB2,mp-763,,A1,33.5,3DSC_MP,15.5,c_parent,±20-50%,S1_v3_2_2B_extension,,substructure_aggregate_median,20.0,5.0,4.585288903226269,4.134443848417017,5.034291767070359,0.1909684481774212,5000,
B2Mg0.99Sn0.01,conventional_AlB2,mp-763,,A1,33.5,3DSC_MP,15.5,c_parent,±20-50%,S1_v3_2_2B_extension,,substructure_aggregate_median,25.795,0.1,4.654881955102798,4.15141626214278,5.191659640313509,0.0,5000,
B2Mg0.99Sn0.01,conventional_AlB2,mp-763,,A1,33.5,3DSC_MP,15.5,c_parent,±20-50%,S1_v3_2_2B_extension,,substructure_aggregate_median,25.795,1.0,4.599536171054612,4.0876907692745545,5.146079027298511,0.024286601954686127,5000,
B2Mg0.99Sn0.01,conventional_AlB2,mp-763,,A1,33.5,3DSC_MP,15.5,c_parent,±20-50%,S1_v3_2_2B_extension,,substructure_aggregate_median,25.795,5.0,4.294837249965669,3.6647578722495178,4.9081351331949055,0.1955035210529994,5000,
B2Mg0.99Ti0.01,conventional_AlB2,mp-763,,A1,38.6,3DSC_MP,15.5,c_parent,±20-50%,S1_v3_2_2B_extension,,substructure_aggregate_median,4.2,0.1,5.324105348641889,5.171003190830169,5.549941092791016,0.0,5000,
B2Mg0.99Ti0.01,conventional_AlB2,mp-763,,A1,38.6,3DSC_MP,15.5,c_parent,±20-50%,S1_v3_2_2B_extension,,substructure_aggregate_median,4.2,1.0,5.269431390263902,5.102014001796972,5.503796239442917,0.02418221288405409,5000,
B2Mg0.99Ti0.01,conventional_AlB2,mp-763,,A1,38.6,3DSC_MP,15.5,c_parent,±20-50%,S1_v3_2_2B_extension,,substructure_aggregate_median,4.2,5.0,4.981675246088607,4.661957270531784,5.264489202289058,0.18353625608122748,5000,
B2Mg0.99Ti0.01,conventional_AlB2,mp-763,,A1,38.6,3DSC_MP,15.5,c_parent,±20-50%,S1_v3_2_2B_extension,,substructure_aggregate_median,20.0,0.1,5.033294764575276,4.76971133154939,5.345700865178884,0.0,5000,
B2Mg0.99Ti0.01,conventional_AlB2,mp-763,,A1,38.6,3DSC_MP,15.5,c_parent,±20-50%,S1_v3_2_2B_extension,,substructure_aggregate_median,20.0,1.0,4.972414971916307,4.691725632917601,5.29523547344306,0.02344450440687318,5000,
B2Mg0.99Ti0.01,conventional_AlB2,mp-763,,A1,38.6,3DSC_MP,15.5,c_parent,±20-50%,S1_v3_2_2B_extension,,substructure_aggregate_median,20.0,5.0,4.674508054825669,4.248865125620045,5.0646808999280815,0.1912105726394291,5000,
B2Mg0.99Ti0.01,conventional_AlB2,mp-763,,A1,38.6,3DSC_MP,15.5,c_parent,±20-50%,S1_v3_2_2B_extension,,substructure_aggregate_median,29.722,0.1,4.653738300280222,4.1231623597956295,5.187539057294278,0.0,5000,
B2Mg0.99Ti0.01,conventional_AlB2,mp-763,,A1,38.6,3DSC_MP,15.5,c_parent,±20-50%,S1_v3_2_2B_extension,,substructure_aggregate_median,29.722,1.0,4.593025632928102,4.051825292516798,5.136946426737398,0.024284217570585298,5000,
B2Mg0.99Ti0.01,conventional_AlB2,mp-763,,A1,38.6,3DSC_MP,15.5,c_parent,±20-50%,S1_v3_2_2B_extension,,substructure_aggregate_median,29.722,5.0,4.2888021729115415,3.638491002171937,4.900305732826227,0.19563262682797244,5000,
B2Mg0.9Pb0.1,conventional_AlB2,mp-763,,A1,34.0,3DSC_MP,15.5,c_parent,±20-50%,S1_v3_2_2B_extension,,substructure_aggregate_median,4.2,0.1,5.324105348641889,5.1863788403346,5.559330705252185,0.0,5000,
B2Mg0.9Pb0.1,conventional_AlB2,mp-763,,A1,34.0,3DSC_MP,15.5,c_parent,±20-50%,S1_v3_2_2B_extension,,substructure_aggregate_median,4.2,1.0,5.269431390263902,5.1050929950753625,5.511302177676431,0.02457086768034067,5000,
B2Mg0.9Pb0.1,conventional_AlB2,mp-763,,A1,34.0,3DSC_MP,15.5,c_parent,±20-50%,S1_v3_2_2B_extension,,substructure_aggregate_median,4.2,5.0,4.975326348157319,4.666260750805173,5.268738383906248,0.18785024559563102,5000,
B2Mg0.9Pb0.1,conventional_AlB2,mp-763,,A1,34.0,3DSC_MP,15.5,c_parent,±20-50%,S1_v3_2_2B_extension,,substructure_aggregate_median,20.0,0.1,4.962136814092754,4.668342589629016,5.309563720993998,0.0,5000,
B2Mg0.9Pb0.1,conventional_AlB2,mp-763,,A1,34.0,3DSC_MP,15.5,c_parent,±20-50%,S1_v3_2_2B_extension,,substructure_aggregate_median,20.0,1.0,4.9051992243019535,4.593108532015773,5.261261904168445,0.02378241110452528,5000,
B2Mg0.9Pb0.1,conventional_AlB2,mp-763,,A1,34.0,3DSC_MP,15.5,c_parent,±20-50%,S1_v3_2_2B_extension,,substructure_aggregate_median,20.0,5.0,4.601216139625704,4.145428407825903,5.02995784170783,0.19040709081444795,5000,
B2Mg0.9Pb0.1,conventional_AlB2,mp-763,,A1,34.0,3DSC_MP,15.5,c_parent,±20-50%,S1_v3_2_2B_extension,,substructure_aggregate_median,26.18,0.1,4.661981989610196,4.158688625963652,5.187233970496481,0.0,5000,
B2Mg0.9Pb0.1,conventional_AlB2,mp-763,,A1,34.0,3DSC_MP,15.5,c_parent,±20-50%,S1_v3_2_2B_extension,,substructure_aggregate_median,26.18,1.0,4.604091005488494,4.097245855352418,5.135293356152912,0.02377403218943641,5000,
B2Mg0.9Pb0.1,conventional_AlB2,mp-763,,A1,34.0,3DSC_MP,15.5,c_parent,±20-50%,S1_v3_2_2B_extension,,substructure_aggregate_median,26.18,5.0,4.299083092291819,3.685058004978711,4.901476262247291,0.19378313406483905,5000,
B2Mg0.9Ti0.1,conventional_AlB2,mp-763,,A1,38.3,3DSC_MP,15.5,c_parent,±20-50%,S1_v3_2_2B_extension,,substructure_aggregate_median,4.2,0.1,5.324105348641889,5.1863788403346,5.559330705252185,0.0,5000,
B2Mg0.9Ti0.1,conventional_AlB2,mp-763,,A1,38.3,3DSC_MP,15.5,c_parent,±20-50%,S1_v3_2_2B_extension,,substructure_aggregate_median,4.2,1.0,5.269431390263902,5.106267801025989,5.50466141861311,0.02399488345937595,5000,
B2Mg0.9Ti0.1,conventional_AlB2,mp-763,,A1,38.3,3DSC_MP,15.5,c_parent,±20-50%,S1_v3_2_2B_extension,,substructure_aggregate_median,4.2,5.0,4.980622895715926,4.658087464905135,5.264406632650265,0.18405828237765842,5000,
B2Mg0.9Ti0.1,conventional_AlB2,mp-763,,A1,38.3,3DSC_MP,15.5,c_parent,±20-50%,S1_v3_2_2B_extension,,substructure_aggregate_median,20.0,0.1,5.02178159238899,4.765445871299325,5.334382648612077,0.0,5000,
B2Mg0.9Ti0.1,conventional_AlB2,mp-763,,A1,38.3,3DSC_MP,15.5,c_parent,±20-50%,S1_v3_2_2B_extension,,substructure_aggregate_median,20.0,1.0,4.9664415404781295,4.6924201701289405,5.285974567958309,0.02399949262151413,5000,
B2Mg0.9Ti0.1,conventional_AlB2,mp-763,,A1,38.3,3DSC_MP,15.5,c_parent,±20-50%,S1_v3_2_2B_extension,,substructure_aggregate_median,20.0,5.0,4.669647293619105,4.253795290142487,5.048393501800003,0.18769141095724873,5000,
B2Mg0.9Ti0.1,conventional_AlB2,mp-763,,A1,38.3,3DSC_MP,15.5,c_parent,±20-50%,S1_v3_2_2B_extension,,substructure_aggregate_median,29.491,0.1,4.64606960018882,4.086850947886555,5.155798559726647,0.0,5000,
B2Mg0.9Ti0.1,conventional_AlB2,mp-763,,A1,38.3,3DSC_MP,15.5,c_parent,±20-50%,S1_v3_2_2B_extension,,substructure_aggregate_median,29.491,1.0,4.590250642440751,4.02283652363906,5.11024830396986,0.02399305863144896,5000,
B2Mg0.9Ti0.1,conventional_AlB2,mp-763,,A1,38.3,3DSC_MP,15.5,c_parent,±20-50%,S1_v3_2_2B_extension,,substructure_aggregate_median,29.491,5.0,4.286067356825962,3.625190765915542,4.87806247421998,0.1946832099773026,5000,
B2Mg0.9Zn0.1,conventional_AlB2,mp-763,,A1,38.4,3DSC_MP,15.5,c_parent,±20-50%,S1_v3_2_2B_extension,,substructure_aggregate_median,4.2,0.1,5.324105348641889,5.1863788403346,5.559330705252185,0.0,5000,
B2Mg0.9Zn0.1,conventional_AlB2,mp-763,,A1,38.4,3DSC_MP,15.5,c_parent,±20-50%,S1_v3_2_2B_extension,,substructure_aggregate_median,4.2,1.0,5.2695011907785725,5.106267801025989,5.509655623407958,0.02399488345937595,5000,
B2Mg0.9Zn0.1,conventional_AlB2,mp-763,,A1,38.4,3DSC_MP,15.5,c_parent,±20-50%,S1_v3_2_2B_extension,,substructure_aggregate_median,4.2,5.0,4.981543337214,4.667268958449525,5.270572995281247,0.1822889823293128,5000,
B2Mg0.9Zn0.1,conventional_AlB2,mp-763,,A1,38.4,3DSC_MP,15.5,c_parent,±20-50%,S1_v3_2_2B_extension,,substructure_aggregate_median,20.0,0.1,5.031056870802062,4.767980934117012,5.344443236030355,0.0,5000,
B2Mg0.9Zn0.1,conventional_AlB2,mp-763,,A1,38.4,3DSC_MP,15.5,c_parent,±20-50%,S1_v3_2_2B_extension,,substructure_aggregate_median,20.0,1.0,4.9724666995649915,4.699208481853686,5.298237227792551,0.023635998783627876,5000,
B2Mg0.9Zn0.1,conventional_AlB2,mp-763,,A1,38.4,3DSC_MP,15.5,c_parent,±20-50%,S1_v3_2_2B_extension,,substructure_aggregate_median,20.0,5.0,4.675147844125015,4.2662835704595015,5.0640899441762635,0.19201721267693017,5000,
B2Mg0.9Zn0.1,conventional_AlB2,mp-763,,A1,38.4,3DSC_MP,15.5,c_parent,±20-50%,S1_v3_2_2B_extension,,substructure_aggregate_median,29.567999999999998,0.1,4.654053124197947,4.188698019262651,5.187678759222101,0.0,5000,
B2Mg0.9Zn0.1,conventional_AlB2,mp-763,,A1,38.4,3DSC_MP,15.5,c_parent,±20-50%,S1_v3_2_2B_extension,,substructure_aggregate_median,29.567999999999998,1.0,4.59937916581996,4.121033013290519,5.141749415510507,0.02383566047606145,5000,
B2Mg0.9Zn0.1,conventional_AlB2,mp-763,,A1,38.4,3DSC_MP,15.5,c_parent,±20-50%,S1_v3_2_2B_extension,,substructure_aggregate_median,29.567999999999998,5.0,4.294598347372289,3.6954144739723893,4.9050364555371235,0.19221374391057555,5000,
B2Mg0.9Zr0.1,conventional_AlB2,mp-763,,A1,37.3,3DSC_MP,15.5,c_parent,±20-50%,S1_v3_2_2B_extension,,substructure_aggregate_median,4.2,0.1,5.324105348641889,5.1863788403346,5.549941092791016,0.0,5000,
B2Mg0.9Zr0.1,conventional_AlB2,mp-763,,A1,37.3,3DSC_MP,15.5,c_parent,±20-50%,S1_v3_2_2B_extension,,substructure_aggregate_median,4.2,1.0,5.266214364520186,5.109270978216732,5.503925174940459,0.024250575586219902,5000,
B2Mg0.9Zr0.1,conventional_AlB2,mp-763,,A1,37.3,3DSC_MP,15.5,c_parent,±20-50%,S1_v3_2_2B_extension,,substructure_aggregate_median,4.2,5.0,4.9763786985300005,4.66074876192079,5.264489202289058,0.1821084352748663,5000,
B2Mg0.9Zr0.1,conventional_AlB2,mp-763,,A1,37.3,3DSC_MP,15.5,c_parent,±20-50%,S1_v3_2_2B_extension,,substructure_aggregate_median,20.0,0.1,5.013625932333636,4.749731005457174,5.327672683357865,0.0,5000,
B2Mg0.9Zr0.1,conventional_AlB2,mp-763,,A1,37.3,3DSC_MP,15.5,c_parent,±20-50%,S1_v3_2_2B_extension,,substructure_aggregate_median,20.0,1.0,4.955106692955224,4.673148153663429,5.2839722792945105,0.024189063988617754,5000,
B2Mg0.9Zr0.1,conventional_AlB2,mp-763,,A1,37.3,3DSC_MP,15.5,c_parent,±20-50%,S1_v3_2_2B_extension,,substructure_aggregate_median,20.0,5.0,4.65118630935687,4.240110409026577,5.046709495515511,0.1923851726365413,5000,
B2Mg0.9Zr0.1,conventional_AlB2,mp-763,,A1,37.3,3DSC_MP,15.5,c_parent,±20-50%,S1_v3_2_2B_extension,,substructure_aggregate_median,28.721,0.1,4.647706582860913,4.189904564478796,5.182223141580709,0.0,5000,
B2Mg0.9Zr0.1,conventional_AlB2,mp-763,,A1,37.3,3DSC_MP,15.5,c_parent,±20-50%,S1_v3_2_2B_extension,,substructure_aggregate_median,28.721,1.0,4.5908707738946255,4.113965491436085,5.129409404876574,0.02500511523285276,5000,
B2Mg0.9Zr0.1,conventional_AlB2,mp-763,,A1,37.3,3DSC_MP,15.5,c_parent,±20-50%,S1_v3_2_2B_extension,,substructure_aggregate_median,28.721,5.0,4.287661877723784,3.681472100112211,4.889485020506533,0.19501416781071867,5000,
B2Nb0.7,conventional_AlB2,mp-450,,A1,7.96,3DSC_MP,,pending,,,,substructure_aggregate_median,4.2,0.1,5.324105348641889,5.171003190830169,5.559330705252185,,5000,Hc2_unavailable
B2Nb0.7,conventional_AlB2,mp-450,,A1,7.96,3DSC_MP,,pending,,,,substructure_aggregate_median,4.2,1.0,5.324105348641889,5.171003190830169,5.559330705252185,,5000,Hc2_unavailable
B2Nb0.7,conventional_AlB2,mp-450,,A1,7.96,3DSC_MP,,pending,,,,substructure_aggregate_median,4.2,5.0,5.324105348641889,5.171003190830169,5.559330705252185,,5000,Hc2_unavailable
B2Nb0.7,conventional_AlB2,mp-450,,A1,7.96,3DSC_MP,,pending,,,,substructure_aggregate_median,20.0,0.1,,,,,5000,Hc2_unavailable
B2Nb0.7,conventional_AlB2,mp-450,,A1,7.96,3DSC_MP,,pending,,,,substructure_aggregate_median,20.0,1.0,,,,,5000,Hc2_unavailable
B2Nb0.7,conventional_AlB2,mp-450,,A1,7.96,3DSC_MP,,pending,,,,substructure_aggregate_median,20.0,5.0,,,,,5000,Hc2_unavailable
B2Nb0.7,conventional_AlB2,mp-450,,A1,7.96,3DSC_MP,,pending,,,,substructure_aggregate_median,6.1292,0.1,4.982415350485944,4.696722814785645,5.3254345667648515,,5000,Hc2_unavailable
B2Nb0.7,conventional_AlB2,mp-450,,A1,7.96,3DSC_MP,,pending,,,,substructure_aggregate_median,6.1292,1.0,4.982415350485944,4.696722814785645,5.3254345667648515,,5000,Hc2_unavailable
B2Nb0.7,conventional_AlB2,mp-450,,A1,7.96,3DSC_MP,,pending,,,,substructure_aggregate_median,6.1292,5.0,4.982415350485944,4.696722814785645,5.3254345667648515,,5000,Hc2_unavailable
B2Nb0.83,conventional_AlB2,mp-450,,A1,9.77,3DSC_MP,,pending,,,,substructure_aggregate_median,4.2,0.1,5.324105348641889,5.171003190830169,5.559330705252185,,5000,Hc2_unavailable
B2Nb0.83,conventional_AlB2,mp-450,,A1,9.77,3DSC_MP,,pending,,,,substructure_aggregate_median,4.2,1.0,5.324105348641889,5.171003190830169,5.559330705252185,,5000,Hc2_unavailable
B2Nb0.83,conventional_AlB2,mp-450,,A1,9.77,3DSC_MP,,pending,,,,substructure_aggregate_median,4.2,5.0,5.324105348641889,5.171003190830169,5.559330705252185,,5000,Hc2_unavailable
B2Nb0.83,conventional_AlB2,mp-450,,A1,9.77,3DSC_MP,,pending,,,,substructure_aggregate_median,20.0,0.1,,,,,5000,Hc2_unavailable
B2Nb0.83,conventional_AlB2,mp-450,,A1,9.77,3DSC_MP,,pending,,,,substructure_aggregate_median,20.0,1.0,,,,,5000,Hc2_unavailable
B2Nb0.83,conventional_AlB2,mp-450,,A1,9.77,3DSC_MP,,pending,,,,substructure_aggregate_median,20.0,5.0,,,,,5000,Hc2_unavailable
B2Nb0.83,conventional_AlB2,mp-450,,A1,9.77,3DSC_MP,,pending,,,,substructure_aggregate_median,7.5229,0.1,4.885406023555153,4.526876516024137,5.265073835361812,,5000,Hc2_unavailable
B2Nb0.83,conventional_AlB2,mp-450,,A1,9.77,3DSC_MP,,pending,,,,substructure_aggregate_median,7.5229,1.0,4.885406023555153,4.526876516024137,5.265073835361812,,5000,Hc2_unavailable
B2Nb0.83,conventional_AlB2,mp-450,,A1,9.77,3DSC_MP,,pending,,,,substructure_aggregate_median,7.5229,5.0,4.885406023555153,4.526876516024137,5.265073835361812,,5000,Hc2_unavailable
B2Nb0.84,conventional_AlB2,mp-450,,A1,9.1,3DSC_MP,,pending,,,,substructure_aggregate_median,4.2,0.1,5.324105348641889,5.171003190830169,5.549941092791016,,5000,Hc2_unavailable
B2Nb0.84,conventional_AlB2,mp-450,,A1,9.1,3DSC_MP,,pending,,,,substructure_aggregate_median,4.2,1.0,5.324105348641889,5.171003190830169,5.549941092791016,,5000,Hc2_unavailable
B2Nb0.84,conventional_AlB2,mp-450,,A1,9.1,3DSC_MP,,pending,,,,substructure_aggregate_median,4.2,5.0,5.324105348641889,5.171003190830169,5.549941092791016,,5000,Hc2_unavailable
B2Nb0.84,conventional_AlB2,mp-450,,A1,9.1,3DSC_MP,,pending,,,,substructure_aggregate_median,20.0,0.1,,,,,5000,Hc2_unavailable
B2Nb0.84,conventional_AlB2,mp-450,,A1,9.1,3DSC_MP,,pending,,,,substructure_aggregate_median,20.0,1.0,,,,,5000,Hc2_unavailable
B2Nb0.84,conventional_AlB2,mp-450,,A1,9.1,3DSC_MP,,pending,,,,substructure_aggregate_median,20.0,5.0,,,,,5000,Hc2_unavailable
B2Nb0.84,conventional_AlB2,mp-450,,A1,9.1,3DSC_MP,,pending,,,,substructure_aggregate_median,7.007,0.1,4.91213219295337,4.597762222078934,5.277844967397888,,5000,Hc2_unavailable
B2Nb0.84,conventional_AlB2,mp-450,,A1,9.1,3DSC_MP,,pending,,,,substructure_aggregate_median,7.007,1.0,4.91213219295337,4.597762222078934,5.277844967397888,,5000,Hc2_unavailable
B2Nb0.84,conventional_AlB2,mp-450,,A1,9.1,3DSC_MP,,pending,,,,substructure_aggregate_median,7.007,5.0,4.91213219295337,4.597762222078934,5.277844967397888,,5000,Hc2_unavailable
B2Nb0.9,conventional_AlB2,mp-450,,A1,3.64,3DSC_MP,,pending,,,,substructure_aggregate_median,4.2,0.1,,,,,5000,Hc2_unavailable
B2Nb0.9,conventional_AlB2,mp-450,,A1,3.64,3DSC_MP,,pending,,,,substructure_aggregate_median,4.2,1.0,,,,,5000,Hc2_unavailable
B2Nb0.9,conventional_AlB2,mp-450,,A1,3.64,3DSC_MP,,pending,,,,substructure_aggregate_median,4.2,5.0,,,,,5000,Hc2_unavailable
B2Nb0.9,conventional_AlB2,mp-450,,A1,3.64,3DSC_MP,,pending,,,,substructure_aggregate_median,20.0,0.1,,,,,5000,Hc2_unavailable
B2Nb0.9,conventional_AlB2,mp-450,,A1,3.64,3DSC_MP,,pending,,,,substructure_aggregate_median,20.0,1.0,,,,,5000,Hc2_unavailable
B2Nb0.9,conventional_AlB2,mp-450,,A1,3.64,3DSC_MP,,pending,,,,substructure_aggregate_median,20.0,5.0,,,,,5000,Hc2_unavailable
B2Nb0.9,conventional_AlB2,mp-450,,A1,3.64,3DSC_MP,,pending,,,,substructure_aggregate_median,2.8028,0.1,14.853201201835986,8.03028059250382,24.646907969447316,,5000,Hc2_unavailable
B2Nb0.9,conventional_AlB2,mp-450,,A1,3.64,3DSC_MP,,pending,,,,substructure_aggregate_median,2.8028,1.0,14.853201201835986,8.03028059250382,24.646907969447316,,5000,Hc2_unavailable
B2Nb0.9,conventional_AlB2,mp-450,,A1,3.64,3DSC_MP,,pending,,,,substructure_aggregate_median,2.8028,5.0,14.853201201835986,8.03028059250382,24.646907969447316,,5000,Hc2_unavailable
B2Nb1,conventional_AlB2,mp-450,,A1,4.5975,3DSC_MP,,pending,,,,substructure_aggregate_median,4.2,0.1,5.324105348641889,5.1863788403346,5.549941092791016,,5000,Hc2_unavailable
B2Nb1,conventional_AlB2,mp-450,,A1,4.5975,3DSC_MP,,pending,,,,substructure_aggregate_median,4.2,1.0,5.324105348641889,5.1863788403346,5.549941092791016,,5000,Hc2_unavailable
B2Nb1,conventional_AlB2,mp-450,,A1,4.5975,3DSC_MP,,pending,,,,substructure_aggregate_median,4.2,5.0,5.324105348641889,5.1863788403346,5.549941092791016,,5000,Hc2_unavailable
B2Nb1,conventional_AlB2,mp-450,,A1,4.5975,3DSC_MP,,pending,,,,substructure_aggregate_median,20.0,0.1,,,,,5000,Hc2_unavailable
B2Nb1,conventional_AlB2,mp-450,,A1,4.5975,3DSC_MP,,pending,,,,substructure_aggregate_median,20.0,1.0,,,,,5000,Hc2_unavailable
B2Nb1,conventional_AlB2,mp-450,,A1,4.5975,3DSC_MP,,pending,,,,substructure_aggregate_median,20.0,5.0,,,,,5000,Hc2_unavailable
B2Nb1,conventional_AlB2,mp-450,,A1,4.5975,3DSC_MP,,pending,,,,substructure_aggregate_median,3.5400750000000003,0.1,5.8609711277246745,5.473527772018299,6.235572539958467,,5000,Hc2_unavailable
B2Nb1,conventional_AlB2,mp-450,,A1,4.5975,3DSC_MP,,pending,,,,substructure_aggregate_median,3.5400750000000003,1.0,5.8609711277246745,5.473527772018299,6.235572539958467,,5000,Hc2_unavailable
B2Nb1,conventional_AlB2,mp-450,,A1,4.5975,3DSC_MP,,pending,,,,substructure_aggregate_median,3.5400750000000003,5.0,5.8609711277246745,5.473527772018299,6.235572539958467,,5000,Hc2_unavailable
B2Ru3Th1,conventional_AlB2,mp-3223,,A1,1.79,3DSC_MP,,pending,,,,substructure_aggregate_median,4.2,0.1,,,,,5000,Hc2_unavailable
B2Ru3Th1,conventional_AlB2,mp-3223,,A1,1.79,3DSC_MP,,pending,,,,substructure_aggregate_median,4.2,1.0,,,,,5000,Hc2_unavailable
B2Ru3Th1,conventional_AlB2,mp-3223,,A1,1.79,3DSC_MP,,pending,,,,substructure_aggregate_median,4.2,5.0,,,,,5000,Hc2_unavailable
B2Ru3Th1,conventional_AlB2,mp-3223,,A1,1.79,3DSC_MP,,pending,,,,substructure_aggregate_median,20.0,0.1,,,,,5000,Hc2_unavailable
B2Ru3Th1,conventional_AlB2,mp-3223,,A1,1.79,3DSC_MP,,pending,,,,substructure_aggregate_median,20.0,1.0,,,,,5000,Hc2_unavailable
B2Ru3Th1,conventional_AlB2,mp-3223,,A1,1.79,3DSC_MP,,pending,,,,substructure_aggregate_median,20.0,5.0,,,,,5000,Hc2_unavailable
B2Ru3Th1,conventional_AlB2,mp-3223,,A1,1.79,3DSC_MP,,pending,,,,substructure_aggregate_median,1.3783,0.1,14.853201201835986,8.217092234351666,19.576013009676778,,5000,Hc2_unavailable
B2Ru3Th1,conventional_AlB2,mp-3223,,A1,1.79,3DSC_MP,,pending,,,,substructure_aggregate_median,1.3783,1.0,14.853201201835986,8.217092234351666,19.576013009676778,,5000,Hc2_unavailable
B2Ru3Th1,conventional_AlB2,mp-3223,,A1,1.79,3DSC_MP,,pending,,,,substructure_aggregate_median,1.3783,5.0,14.853201201835986,8.217092234351666,19.576013009676778,,5000,Hc2_unavailable
B2V0.01Zr0.99,conventional_AlB2,mp-1472,,A1,6.4,3DSC_MP,,pending,,,,substructure_aggregate_median,4.2,0.1,5.324105348641889,5.171003190830169,5.559330705252185,,5000,Hc2_unavailable
B2V0.01Zr0.99,conventional_AlB2,mp-1472,,A1,6.4,3DSC_MP,,pending,,,,substructure_aggregate_median,4.2,1.0,5.324105348641889,5.171003190830169,5.559330705252185,,5000,Hc2_unavailable
B2V0.01Zr0.99,conventional_AlB2,mp-1472,,A1,6.4,3DSC_MP,,pending,,,,substructure_aggregate_median,4.2,5.0,5.324105348641889,5.171003190830169,5.559330705252185,,5000,Hc2_unavailable
B2V0.01Zr0.99,conventional_AlB2,mp-1472,,A1,6.4,3DSC_MP,,pending,,,,substructure_aggregate_median,20.0,0.1,,,,,5000,Hc2_unavailable
B2V0.01Zr0.99,conventional_AlB2,mp-1472,,A1,6.4,3DSC_MP,,pending,,,,substructure_aggregate_median,20.0,1.0,,,,,5000,Hc2_unavailable
B2V0.01Zr0.99,conventional_AlB2,mp-1472,,A1,6.4,3DSC_MP,,pending,,,,substructure_aggregate_median,20.0,5.0,,,,,5000,Hc2_unavailable
B2V0.01Zr0.99,conventional_AlB2,mp-1472,,A1,6.4,3DSC_MP,,pending,,,,substructure_aggregate_median,4.928000000000001,0.1,5.135387689112218,4.920083751411613,5.391089153808339,,5000,Hc2_unavailable
B2V0.01Zr0.99,conventional_AlB2,mp-1472,,A1,6.4,3DSC_MP,,pending,,,,substructure_aggregate_median,4.928000000000001,1.0,5.135387689112218,4.920083751411613,5.391089153808339,,5000,Hc2_unavailable
B2V0.01Zr0.99,conventional_AlB2,mp-1472,,A1,6.4,3DSC_MP,,pending,,,,substructure_aggregate_median,4.928000000000001,5.0,5.135387689112218,4.920083751411613,5.391089153808339,,5000,Hc2_unavailable
B2V0.04Zr0.96,conventional_AlB2,mp-1472,,A1,8.7,3DSC_MP,,pending,,,,substructure_aggregate_median,4.2,0.1,5.324105348641889,5.1863788403346,5.559330705252185,,5000,Hc2_unavailable
B2V0.04Zr0.96,conventional_AlB2,mp-1472,,A1,8.7,3DSC_MP,,pending,,,,substructure_aggregate_median,4.2,1.0,5.324105348641889,5.1863788403346,5.559330705252185,,5000,Hc2_unavailable
B2V0.04Zr0.96,conventional_AlB2,mp-1472,,A1,8.7,3DSC_MP,,pending,,,,substructure_aggregate_median,4.2,5.0,5.324105348641889,5.1863788403346,5.559330705252185,,5000,Hc2_unavailable
B2V0.04Zr0.96,conventional_AlB2,mp-1472,,A1,8.7,3DSC_MP,,pending,,,,substructure_aggregate_median,20.0,0.1,,,,,5000,Hc2_unavailable
B2V0.04Zr0.96,conventional_AlB2,mp-1472,,A1,8.7,3DSC_MP,,pending,,,,substructure_aggregate_median,20.0,1.0,,,,,5000,Hc2_unavailable
B2V0.04Zr0.96,conventional_AlB2,mp-1472,,A1,8.7,3DSC_MP,,pending,,,,substructure_aggregate_median,20.0,5.0,,,,,5000,Hc2_unavailable
B2V0.04Zr0.96,conventional_AlB2,mp-1472,,A1,8.7,3DSC_MP,,pending,,,,substructure_aggregate_median,6.699,0.1,4.937283497881751,4.648563573439609,5.295428479979434,,5000,Hc2_unavailable
B2V0.04Zr0.96,conventional_AlB2,mp-1472,,A1,8.7,3DSC_MP,,pending,,,,substructure_aggregate_median,6.699,1.0,4.937283497881751,4.648563573439609,5.295428479979434,,5000,Hc2_unavailable
B2V0.04Zr0.96,conventional_AlB2,mp-1472,,A1,8.7,3DSC_MP,,pending,,,,substructure_aggregate_median,6.699,5.0,4.937283497881751,4.648563573439609,5.295428479979434,,5000,Hc2_unavailable
B2V0.05Zr0.95,conventional_AlB2,mp-1472,,A1,8.2,3DSC_MP,,pending,,,,substructure_aggregate_median,4.2,0.1,5.324105348641889,5.171003190830169,5.559330705252185,,5000,Hc2_unavailable
B2V0.05Zr0.95,conventional_AlB2,mp-1472,,A1,8.2,3DSC_MP,,pending,,,,substructure_aggregate_median,4.2,1.0,5.324105348641889,5.171003190830169,5.559330705252185,,5000,Hc2_unavailable
B2V0.05Zr0.95,conventional_AlB2,mp-1472,,A1,8.2,3DSC_MP,,pending,,,,substructure_aggregate_median,4.2,5.0,5.324105348641889,5.171003190830169,5.559330705252185,,5000,Hc2_unavailable
B2V0.05Zr0.95,conventional_AlB2,mp-1472,,A1,8.2,3DSC_MP,,pending,,,,substructure_aggregate_median,20.0,0.1,,,,,5000,Hc2_unavailable
B2V0.05Zr0.95,conventional_AlB2,mp-1472,,A1,8.2,3DSC_MP,,pending,,,,substructure_aggregate_median,20.0,1.0,,,,,5000,Hc2_unavailable
B2V0.05Zr0.95,conventional_AlB2,mp-1472,,A1,8.2,3DSC_MP,,pending,,,,substructure_aggregate_median,20.0,5.0,,,,,5000,Hc2_unavailable
B2V0.05Zr0.95,conventional_AlB2,mp-1472,,A1,8.2,3DSC_MP,,pending,,,,substructure_aggregate_median,6.313999999999999,0.1,4.963614346500313,4.676069985866671,5.3011035005026335,,5000,Hc2_unavailable
B2V0.05Zr0.95,conventional_AlB2,mp-1472,,A1,8.2,3DSC_MP,,pending,,,,substructure_aggregate_median,6.313999999999999,1.0,4.963614346500313,4.676069985866671,5.3011035005026335,,5000,Hc2_unavailable
B2V0.05Zr0.95,conventional_AlB2,mp-1472,,A1,8.2,3DSC_MP,,pending,,,,substructure_aggregate_median,6.313999999999999,5.0,4.963614346500313,4.676069985866671,5.3011035005026335,,5000,Hc2_unavailable
B2Zr1,conventional_AlB2,mp-1472,,A1,2.75,3DSC_MP,,pending,,,,substructure_aggregate_median,4.2,0.1,,,,,5000,Hc2_unavailable
B2Zr1,conventional_AlB2,mp-1472,,A1,2.75,3DSC_MP,,pending,,,,substructure_aggregate_median,4.2,1.0,,,,,5000,Hc2_unavailable
B2Zr1,conventional_AlB2,mp-1472,,A1,2.75,3DSC_MP,,pending,,,,substructure_aggregate_median,4.2,5.0,,,,,5000,Hc2_unavailable
B2Zr1,conventional_AlB2,mp-1472,,A1,2.75,3DSC_MP,,pending,,,,substructure_aggregate_median,20.0,0.1,,,,,5000,Hc2_unavailable
B2Zr1,conventional_AlB2,mp-1472,,A1,2.75,3DSC_MP,,pending,,,,substructure_aggregate_median,20.0,1.0,,,,,5000,Hc2_unavailable
B2Zr1,conventional_AlB2,mp-1472,,A1,2.75,3DSC_MP,,pending,,,,substructure_aggregate_median,20.0,5.0,,,,,5000,Hc2_unavailable
B2Zr1,conventional_AlB2,mp-1472,,A1,2.75,3DSC_MP,,pending,,,,substructure_aggregate_median,2.1175,0.1,14.86769234464299,9.468354675269953,19.547459057149467,,5000,Hc2_unavailable
B2Zr1,conventional_AlB2,mp-1472,,A1,2.75,3DSC_MP,,pending,,,,substructure_aggregate_median,2.1175,1.0,14.86769234464299,9.468354675269953,19.547459057149467,,5000,Hc2_unavailable
B2Zr1,conventional_AlB2,mp-1472,,A1,2.75,3DSC_MP,,pending,,,,substructure_aggregate_median,2.1175,5.0,14.86769234464299,9.468354675269953,19.547459057149467,,5000,Hc2_unavailable
BaFe2As2,iron_pnictide_122,,elsevier_10.1016_j.physc.2014.03.020_VISION_PASS_LONG,A2,22.0,extraction_csv,60.0,exact,,S1_v3_2_2B_extension,single_crystal,sample_form_conditional_median:single_crystal,4.2,0.1,5.746354490991693,5.614582757298319,5.804297695181981,,5000,
BaFe2As2,iron_pnictide_122,,elsevier_10.1016_j.physc.2014.03.020_VISION_PASS_LONG,A2,22.0,extraction_csv,60.0,exact,,S1_v3_2_2B_extension,single_crystal,sample_form_conditional_median:single_crystal,4.2,1.0,5.742257251196559,5.612096662214875,5.800419463181196,,5000,
BaFe2As2,iron_pnictide_122,,elsevier_10.1016_j.physc.2014.03.020_VISION_PASS_LONG,A2,22.0,extraction_csv,60.0,exact,,S1_v3_2_2B_extension,single_crystal,sample_form_conditional_median:single_crystal,4.2,5.0,5.718926912196215,5.597475736544347,5.782814098211561,,5000,
BaFe2As2,iron_pnictide_122,,elsevier_10.1016_j.physc.2014.03.020_VISION_PASS_LONG,A2,22.0,extraction_csv,60.0,exact,,S1_v3_2_2B_extension,single_crystal,sample_form_conditional_median:single_crystal,20.0,0.1,4.4178697216188905,4.245508257279101,4.587454620520818,,5000,
BaFe2As2,iron_pnictide_122,,elsevier_10.1016_j.physc.2014.03.020_VISION_PASS_LONG,A2,22.0,extraction_csv,60.0,exact,,S1_v3_2_2B_extension,single_crystal,sample_form_conditional_median:single_crystal,20.0,1.0,4.413867568521815,4.240800010870009,4.583691630341536,,5000,
BaFe2As2,iron_pnictide_122,,elsevier_10.1016_j.physc.2014.03.020_VISION_PASS_LONG,A2,22.0,extraction_csv,60.0,exact,,S1_v3_2_2B_extension,single_crystal,sample_form_conditional_median:single_crystal,20.0,5.0,4.394805374654162,4.2199711556429005,4.564888025054925,,5000,
BaFe2As2,iron_pnictide_122,,elsevier_10.1016_j.physc.2014.03.020_VISION_PASS_LONG,A2,22.0,extraction_csv,60.0,exact,,S1_v3_2_2B_extension,single_crystal,sample_form_conditional_median:single_crystal,16.94,0.1,4.979259865716783,4.844955262534967,5.089334972677282,,5000,
BaFe2As2,iron_pnictide_122,,elsevier_10.1016_j.physc.2014.03.020_VISION_PASS_LONG,A2,22.0,extraction_csv,60.0,exact,,S1_v3_2_2B_extension,single_crystal,sample_form_conditional_median:single_crystal,16.94,1.0,4.974638690890259,4.8404695696631626,5.085067560458758,,5000,
BaFe2As2,iron_pnictide_122,,elsevier_10.1016_j.physc.2014.03.020_VISION_PASS_LONG,A2,22.0,extraction_csv,60.0,exact,,S1_v3_2_2B_extension,single_crystal,sample_form_conditional_median:single_crystal,16.94,5.0,4.955919266618862,4.819059038833984,5.067914418261165,,5000,
FeSe,iron_chalcogenide_11,,elsevier_10.1016_j.jallcom.2024.173999_PATH_AC_VISION_PASS_LONG,A2,9.0,extraction_csv,16.0,exact,,S1_v3_2_2B_extension,single_crystal,sample_form_conditional_median:single_crystal,4.2,0.1,5.996159972950191,5.877146982269887,6.121613313756543,,5000,
FeSe,iron_chalcogenide_11,,elsevier_10.1016_j.jallcom.2024.173999_PATH_AC_VISION_PASS_LONG,A2,9.0,extraction_csv,16.0,exact,,S1_v3_2_2B_extension,single_crystal,sample_form_conditional_median:single_crystal,4.2,1.0,5.96084211542598,5.843659858350076,6.086148671156769,,5000,
FeSe,iron_chalcogenide_11,,elsevier_10.1016_j.jallcom.2024.173999_PATH_AC_VISION_PASS_LONG,A2,9.0,extraction_csv,16.0,exact,,S1_v3_2_2B_extension,single_crystal,sample_form_conditional_median:single_crystal,4.2,5.0,5.771923410007387,5.668065312167597,5.898304846472484,,5000,
FeSe,iron_chalcogenide_11,,elsevier_10.1016_j.jallcom.2024.173999_PATH_AC_VISION_PASS_LONG,A2,9.0,extraction_csv,16.0,exact,,S1_v3_2_2B_extension,single_crystal,sample_form_conditional_median:single_crystal,20.0,0.1,,,,,5000,T_above_Tc
FeSe,iron_chalcogenide_11,,elsevier_10.1016_j.jallcom.2024.173999_PATH_AC_VISION_PASS_LONG,A2,9.0,extraction_csv,16.0,exact,,S1_v3_2_2B_extension,single_crystal,sample_form_conditional_median:single_crystal,20.0,1.0,,,,,5000,T_above_Tc
FeSe,iron_chalcogenide_11,,elsevier_10.1016_j.jallcom.2024.173999_PATH_AC_VISION_PASS_LONG,A2,9.0,extraction_csv,16.0,exact,,S1_v3_2_2B_extension,single_crystal,sample_form_conditional_median:single_crystal,20.0,5.0,,,,,5000,T_above_Tc
FeSe,iron_chalcogenide_11,,elsevier_10.1016_j.jallcom.2024.173999_PATH_AC_VISION_PASS_LONG,A2,9.0,extraction_csv,16.0,exact,,S1_v3_2_2B_extension,single_crystal,sample_form_conditional_median:single_crystal,6.93,0.1,5.822037067662191,5.73505903124165,5.962394729942399,,5000,
FeSe,iron_chalcogenide_11,,elsevier_10.1016_j.jallcom.2024.173999_PATH_AC_VISION_PASS_LONG,A2,9.0,extraction_csv,16.0,exact,,S1_v3_2_2B_extension,single_crystal,sample_form_conditional_median:single_crystal,6.93,1.0,5.788549940506594,5.699594388641875,5.927104807477568,,5000,
FeSe,iron_chalcogenide_11,,elsevier_10.1016_j.jallcom.2024.173999_PATH_AC_VISION_PASS_LONG,A2,9.0,extraction_csv,16.0,exact,,S1_v3_2_2B_extension,single_crystal,sample_form_conditional_median:single_crystal,6.93,5.0,5.608619105306858,5.515054759888337,5.744943040115392,,5000,
FeSe,iron_chalcogenide_11,,elsevier_10.1016_j.jallcom.2024.173999_PATH_AC_VISION_PASS_LONG,A2,9.0,extraction_csv,16.0,exact,,S1_v3_2_2B_extension,single_crystal,sample_form_conditional_median:single_crystal,4.2,0.1,5.996159972950191,5.877146982269887,6.121613313756543,,5000,
FeSe,iron_chalcogenide_11,,elsevier_10.1016_j.jallcom.2024.173999_PATH_AC_VISION_PASS_LONG,A2,9.0,extraction_csv,16.0,exact,,S1_v3_2_2B_extension,single_crystal,sample_form_conditional_median:single_crystal,4.2,1.0,5.96084211542598,5.843659858350076,6.086148671156769,,5000,
FeSe,iron_chalcogenide_11,,elsevier_10.1016_j.jallcom.2024.173999_PATH_AC_VISION_PASS_LONG,A2,9.0,extraction_csv,16.0,exact,,S1_v3_2_2B_extension,single_crystal,sample_form_conditional_median:single_crystal,4.2,5.0,5.771923410007387,5.665413914623919,5.898304846472484,,5000,
FeSe,iron_chalcogenide_11,,elsevier_10.1016_j.jallcom.2024.173999_PATH_AC_VISION_PASS_LONG,A2,9.0,extraction_csv,16.0,exact,,S1_v3_2_2B_extension,single_crystal,sample_form_conditional_median:single_crystal,20.0,0.1,,,,,5000,T_above_Tc
FeSe,iron_chalcogenide_11,,elsevier_10.1016_j.jallcom.2024.173999_PATH_AC_VISION_PASS_LONG,A2,9.0,extraction_csv,16.0,exact,,S1_v3_2_2B_extension,single_crystal,sample_form_conditional_median:single_crystal,20.0,1.0,,,,,5000,T_above_Tc
FeSe,iron_chalcogenide_11,,elsevier_10.1016_j.jallcom.2024.173999_PATH_AC_VISION_PASS_LONG,A2,9.0,extraction_csv,16.0,exact,,S1_v3_2_2B_extension,single_crystal,sample_form_conditional_median:single_crystal,20.0,5.0,,,,,5000,T_above_Tc
FeSe,iron_chalcogenide_11,,elsevier_10.1016_j.jallcom.2024.173999_PATH_AC_VISION_PASS_LONG,A2,9.0,extraction_csv,16.0,exact,,S1_v3_2_2B_extension,single_crystal,sample_form_conditional_median:single_crystal,6.93,0.1,5.822037067662191,5.73035668141088,5.962417111649804,,5000,
FeSe,iron_chalcogenide_11,,elsevier_10.1016_j.jallcom.2024.173999_PATH_AC_VISION_PASS_LONG,A2,9.0,extraction_csv,16.0,exact,,S1_v3_2_2B_extension,single_crystal,sample_form_conditional_median:single_crystal,6.93,1.0,5.788083087684035,5.6968673954396705,5.928915693410141,,5000,
FeSe,iron_chalcogenide_11,,elsevier_10.1016_j.jallcom.2024.173999_PATH_AC_VISION_PASS_LONG,A2,9.0,extraction_csv,16.0,exact,,S1_v3_2_2B_extension,single_crystal,sample_form_conditional_median:single_crystal,6.93,5.0,5.608489448814804,5.514313935160829,5.744461374984782,,5000,
FeSe,iron_chalcogenide_11,,elsevier_10.1016_j.jallcom.2024.173999_PATH_AC_VISION_PASS_LONG,A2,9.0,extraction_csv,16.0,exact,,S1_v3_2_2B_extension,single_crystal,sample_form_conditional_median:single_crystal,4.2,0.1,5.996159972950191,5.877146982269887,6.121613313756543,,5000,
FeSe,iron_chalcogenide_11,,elsevier_10.1016_j.jallcom.2024.173999_PATH_AC_VISION_PASS_LONG,A2,9.0,extraction_csv,16.0,exact,,S1_v3_2_2B_extension,single_crystal,sample_form_conditional_median:single_crystal,4.2,1.0,5.96084211542598,5.844079196146921,6.086148671156769,,5000,
FeSe,iron_chalcogenide_11,,elsevier_10.1016_j.jallcom.2024.173999_PATH_AC_VISION_PASS_LONG,A2,9.0,extraction_csv,16.0,exact,,S1_v3_2_2B_extension,single_crystal,sample_form_conditional_median:single_crystal,4.2,5.0,5.771923410007387,5.668065312167597,5.898304846472484,,5000,
FeSe,iron_chalcogenide_11,,elsevier_10.1016_j.jallcom.2024.173999_PATH_AC_VISION_PASS_LONG,A2,9.0,extraction_csv,16.0,exact,,S1_v3_2_2B_extension,single_crystal,sample_form_conditional_median:single_crystal,20.0,0.1,,,,,5000,T_above_Tc
FeSe,iron_chalcogenide_11,,elsevier_10.1016_j.jallcom.2024.173999_PATH_AC_VISION_PASS_LONG,A2,9.0,extraction_csv,16.0,exact,,S1_v3_2_2B_extension,single_crystal,sample_form_conditional_median:single_crystal,20.0,1.0,,,,,5000,T_above_Tc
FeSe,iron_chalcogenide_11,,elsevier_10.1016_j.jallcom.2024.173999_PATH_AC_VISION_PASS_LONG,A2,9.0,extraction_csv,16.0,exact,,S1_v3_2_2B_extension,single_crystal,sample_form_conditional_median:single_crystal,20.0,5.0,,,,,5000,T_above_Tc
FeSe,iron_chalcogenide_11,,elsevier_10.1016_j.jallcom.2024.173999_PATH_AC_VISION_PASS_LONG,A2,9.0,extraction_csv,16.0,exact,,S1_v3_2_2B_extension,single_crystal,sample_form_conditional_median:single_crystal,6.93,0.1,5.821675129213769,5.7343619403935895,5.962394729942399,,5000,
FeSe,iron_chalcogenide_11,,elsevier_10.1016_j.jallcom.2024.173999_PATH_AC_VISION_PASS_LONG,A2,9.0,extraction_csv,16.0,exact,,S1_v3_2_2B_extension,single_crystal,sample_form_conditional_median:single_crystal,6.93,1.0,5.7870403915920825,5.6987607202298625,5.928341916732055,,5000,
FeSe,iron_chalcogenide_11,,elsevier_10.1016_j.jallcom.2024.173999_PATH_AC_VISION_PASS_LONG,A2,9.0,extraction_csv,16.0,exact,,S1_v3_2_2B_extension,single_crystal,sample_form_conditional_median:single_crystal,6.93,5.0,5.608030966576889,5.514313937464814,5.742417661459039,,5000,
FeSe,iron_chalcogenide_11,,elsevier_10.1016_j.jallcom.2024.173999_PATH_AC_VISION_PASS_LONG,A2,9.0,extraction_csv,16.0,exact,,S1_v3_2_2B_extension,single_crystal,sample_form_conditional_median:single_crystal,4.2,0.1,5.996159972950191,5.877146982269887,6.121613313756543,,5000,
FeSe,iron_chalcogenide_11,,elsevier_10.1016_j.jallcom.2024.173999_PATH_AC_VISION_PASS_LONG,A2,9.0,extraction_csv,16.0,exact,,S1_v3_2_2B_extension,single_crystal,sample_form_conditional_median:single_crystal,4.2,1.0,5.96084211542598,5.84365985511429,6.086148671156769,,5000,
FeSe,iron_chalcogenide_11,,elsevier_10.1016_j.jallcom.2024.173999_PATH_AC_VISION_PASS_LONG,A2,9.0,extraction_csv,16.0,exact,,S1_v3_2_2B_extension,single_crystal,sample_form_conditional_median:single_crystal,4.2,5.0,5.771923410007387,5.665413894164623,5.898304846472484,,5000,
FeSe,iron_chalcogenide_11,,elsevier_10.1016_j.jallcom.2024.173999_PATH_AC_VISION_PASS_LONG,A2,9.0,extraction_csv,16.0,exact,,S1_v3_2_2B_extension,single_crystal,sample_form_conditional_median:single_crystal,20.0,0.1,,,,,5000,T_above_Tc
FeSe,iron_chalcogenide_11,,elsevier_10.1016_j.jallcom.2024.173999_PATH_AC_VISION_PASS_LONG,A2,9.0,extraction_csv,16.0,exact,,S1_v3_2_2B_extension,single_crystal,sample_form_conditional_median:single_crystal,20.0,1.0,,,,,5000,T_above_Tc
FeSe,iron_chalcogenide_11,,elsevier_10.1016_j.jallcom.2024.173999_PATH_AC_VISION_PASS_LONG,A2,9.0,extraction_csv,16.0,exact,,S1_v3_2_2B_extension,single_crystal,sample_form_conditional_median:single_crystal,20.0,5.0,,,,,5000,T_above_Tc
FeSe,iron_chalcogenide_11,,elsevier_10.1016_j.jallcom.2024.173999_PATH_AC_VISION_PASS_LONG,A2,9.0,extraction_csv,16.0,exact,,S1_v3_2_2B_extension,single_crystal,sample_form_conditional_median:single_crystal,6.93,0.1,5.822037067662191,5.726047025629154,5.964734368334893,,5000,
FeSe,iron_chalcogenide_11,,elsevier_10.1016_j.jallcom.2024.173999_PATH_AC_VISION_PASS_LONG,A2,9.0,extraction_csv,16.0,exact,,S1_v3_2_2B_extension,single_crystal,sample_form_conditional_median:single_crystal,6.93,1.0,5.787616232498413,5.692559901650267,5.929593713153527,,5000,
FeSe,iron_chalcogenide_11,,elsevier_10.1016_j.jallcom.2024.173999_PATH_AC_VISION_PASS_LONG,A2,9.0,extraction_csv,16.0,exact,,S1_v3_2_2B_extension,single_crystal,sample_form_conditional_median:single_crystal,6.93,5.0,5.608181806902901,5.512479819476214,5.744473416613047,,5000,
FeTe0.62Se0.38,iron_chalcogenide_11,,elsevier_10.1016_j.physb.2025.417755_VISION_PASS_LONG,A2,14.0,extraction_csv,47.0,exact,,S1_v3_2_2B_extension,single_crystal,sample_form_conditional_median:single_crystal,4.2,0.1,5.996159972950191,5.877146982269887,6.121613313756543,,5000,
FeTe0.62Se0.38,iron_chalcogenide_11,,elsevier_10.1016_j.physb.2025.417755_VISION_PASS_LONG,A2,14.0,extraction_csv,47.0,exact,,S1_v3_2_2B_extension,single_crystal,sample_form_conditional_median:single_crystal,4.2,1.0,5.98441565369311,5.865821307820499,6.109820183758652,,5000,
FeTe0.62Se0.38,iron_chalcogenide_11,,elsevier_10.1016_j.physb.2025.417755_VISION_PASS_LONG,A2,14.0,extraction_csv,47.0,exact,,S1_v3_2_2B_extension,single_crystal,sample_form_conditional_median:single_crystal,4.2,5.0,5.9289980072454815,5.8126471794958565,6.054451348051834,,5000,
FeTe0.62Se0.38,iron_chalcogenide_11,,elsevier_10.1016_j.physb.2025.417755_VISION_PASS_LONG,A2,14.0,extraction_csv,47.0,exact,,S1_v3_2_2B_extension,single_crystal,sample_form_conditional_median:single_crystal,20.0,0.1,,,,,5000,T_above_Tc
FeTe0.62Se0.38,iron_chalcogenide_11,,elsevier_10.1016_j.physb.2025.417755_VISION_PASS_LONG,A2,14.0,extraction_csv,47.0,exact,,S1_v3_2_2B_extension,single_crystal,sample_form_conditional_median:single_crystal,20.0,1.0,,,,,5000,T_above_Tc
FeTe0.62Se0.38,iron_chalcogenide_11,,elsevier_10.1016_j.physb.2025.417755_VISION_PASS_LONG,A2,14.0,extraction_csv,47.0,exact,,S1_v3_2_2B_extension,single_crystal,sample_form_conditional_median:single_crystal,20.0,5.0,,,,,5000,T_above_Tc
FeTe0.62Se0.38,iron_chalcogenide_11,,elsevier_10.1016_j.physb.2025.417755_VISION_PASS_LONG,A2,14.0,extraction_csv,47.0,exact,,S1_v3_2_2B_extension,single_crystal,sample_form_conditional_median:single_crystal,10.780000000000001,0.1,5.7731834589893865,5.674791037561522,5.9130339498401785,,5000,
FeTe0.62Se0.38,iron_chalcogenide_11,,elsevier_10.1016_j.physb.2025.417755_VISION_PASS_LONG,A2,14.0,extraction_csv,47.0,exact,,S1_v3_2_2B_extension,single_crystal,sample_form_conditional_median:single_crystal,10.780000000000001,1.0,5.76116069978657,5.663655494810997,5.901898407089654,,5000,
FeTe0.62Se0.38,iron_chalcogenide_11,,elsevier_10.1016_j.physb.2025.417755_VISION_PASS_LONG,A2,14.0,extraction_csv,47.0,exact,,S1_v3_2_2B_extension,single_crystal,sample_form_conditional_median:single_crystal,10.780000000000001,5.0,5.707364080665529,5.610031451937487,5.848561217103196,,5000,
CaFe2As2,iron_pnictide_122,,elsevier_10.1038_srep22278_PATH_AC_VISION_PASS_LONG,A2,12.0,extraction_csv,50.0,exact,,S1_v3_2_2B_extension,single_crystal,sample_form_conditional_median:single_crystal,4.2,0.1,5.746354490991693,5.635326719245767,5.804297695181981,,5000,
CaFe2As2,iron_pnictide_122,,elsevier_10.1038_srep22278_PATH_AC_VISION_PASS_LONG,A2,12.0,extraction_csv,50.0,exact,,S1_v3_2_2B_extension,single_crystal,sample_form_conditional_median:single_crystal,4.2,1.0,5.741095917472194,5.630658902435359,5.799639300056551,,5000,
CaFe2As2,iron_pnictide_122,,elsevier_10.1038_srep22278_PATH_AC_VISION_PASS_LONG,A2,12.0,extraction_csv,50.0,exact,,S1_v3_2_2B_extension,single_crystal,sample_form_conditional_median:single_crystal,4.2,5.0,5.71371497840829,5.6008042218933145,5.77993016881091,,5000,
CaFe2As2,iron_pnictide_122,,elsevier_10.1038_srep22278_PATH_AC_VISION_PASS_LONG,A2,12.0,extraction_csv,50.0,exact,,S1_v3_2_2B_extension,single_crystal,sample_form_conditional_median:single_crystal,20.0,0.1,,,,,5000,T_above_Tc
CaFe2As2,iron_pnictide_122,,elsevier_10.1038_srep22278_PATH_AC_VISION_PASS_LONG,A2,12.0,extraction_csv,50.0,exact,,S1_v3_2_2B_extension,single_crystal,sample_form_conditional_median:single_crystal,20.0,1.0,,,,,5000,T_above_Tc
CaFe2As2,iron_pnictide_122,,elsevier_10.1038_srep22278_PATH_AC_VISION_PASS_LONG,A2,12.0,extraction_csv,50.0,exact,,S1_v3_2_2B_extension,single_crystal,sample_form_conditional_median:single_crystal,20.0,5.0,,,,,5000,T_above_Tc
CaFe2As2,iron_pnictide_122,,elsevier_10.1038_srep22278_PATH_AC_VISION_PASS_LONG,A2,12.0,extraction_csv,50.0,exact,,S1_v3_2_2B_extension,single_crystal,sample_form_conditional_median:single_crystal,9.24,0.1,5.111567647025355,4.988775499917946,5.207794323889964,,5000,
CaFe2As2,iron_pnictide_122,,elsevier_10.1038_srep22278_PATH_AC_VISION_PASS_LONG,A2,12.0,extraction_csv,50.0,exact,,S1_v3_2_2B_extension,single_crystal,sample_form_conditional_median:single_crystal,9.24,1.0,5.106628175978266,4.9845190828483545,5.202921215021048,,5000,
CaFe2As2,iron_pnictide_122,,elsevier_10.1038_srep22278_PATH_AC_VISION_PASS_LONG,A2,12.0,extraction_csv,50.0,exact,,S1_v3_2_2B_extension,single_crystal,sample_form_conditional_median:single_crystal,9.24,5.0,5.08417078185312,4.961662616418955,5.183123213147802,,5000,
CaFe2As2,iron_pnictide_122,,elsevier_10.1038_srep22278_PATH_AC_VISION_PASS_LONG,A2,12.0,extraction_csv,50.0,exact,,S1_v3_2_2B_extension,single_crystal,sample_form_conditional_median:single_crystal,4.2,0.1,5.746354490991693,5.617814366126141,5.813389291270404,,5000,
CaFe2As2,iron_pnictide_122,,elsevier_10.1038_srep22278_PATH_AC_VISION_PASS_LONG,A2,12.0,extraction_csv,50.0,exact,,S1_v3_2_2B_extension,single_crystal,sample_form_conditional_median:single_crystal,4.2,1.0,5.741686674181285,5.614637971782489,5.807152814142032,,5000,
CaFe2As2,iron_pnictide_122,,elsevier_10.1038_srep22278_PATH_AC_VISION_PASS_LONG,A2,12.0,extraction_csv,50.0,exact,,S1_v3_2_2B_extension,single_crystal,sample_form_conditional_median:single_crystal,4.2,5.0,5.714390547645239,5.598087418893487,5.783587415253628,,5000,
CaFe2As2,iron_pnictide_122,,elsevier_10.1038_srep22278_PATH_AC_VISION_PASS_LONG,A2,12.0,extraction_csv,50.0,exact,,S1_v3_2_2B_extension,single_crystal,sample_form_conditional_median:single_crystal,20.0,0.1,,,,,5000,T_above_Tc
CaFe2As2,iron_pnictide_122,,elsevier_10.1038_srep22278_PATH_AC_VISION_PASS_LONG,A2,12.0,extraction_csv,50.0,exact,,S1_v3_2_2B_extension,single_crystal,sample_form_conditional_median:single_crystal,20.0,1.0,,,,,5000,T_above_Tc
CaFe2As2,iron_pnictide_122,,elsevier_10.1038_srep22278_PATH_AC_VISION_PASS_LONG,A2,12.0,extraction_csv,50.0,exact,,S1_v3_2_2B_extension,single_crystal,sample_form_conditional_median:single_crystal,20.0,5.0,,,,,5000,T_above_Tc
CaFe2As2,iron_pnictide_122,,elsevier_10.1038_srep22278_PATH_AC_VISION_PASS_LONG,A2,12.0,extraction_csv,50.0,exact,,S1_v3_2_2B_extension,single_crystal,sample_form_conditional_median:single_crystal,9.24,0.1,5.112443387538563,4.984986086431044,5.209323769363643,,5000,
CaFe2As2,iron_pnictide_122,,elsevier_10.1038_srep22278_PATH_AC_VISION_PASS_LONG,A2,12.0,extraction_csv,50.0,exact,,S1_v3_2_2B_extension,single_crystal,sample_form_conditional_median:single_crystal,9.24,1.0,5.107348255124462,4.980941732785698,5.205332807127129,,5000,
CaFe2As2,iron_pnictide_122,,elsevier_10.1038_srep22278_PATH_AC_VISION_PASS_LONG,A2,12.0,extraction_csv,50.0,exact,,S1_v3_2_2B_extension,single_crystal,sample_form_conditional_median:single_crystal,9.24,5.0,5.084555910097139,4.955396963051572,5.185772175047957,,5000,
FeTeSe,iron_chalcogenide_11,,elsevier_10.1016_j.physc.2010.05.048_VISION_PASS_LONG,A2,14.0,extraction_csv,47.0,exact,,S1_v3_2_2B_extension,single_crystal,sample_form_conditional_median:single_crystal,4.2,0.1,5.996159972950191,5.877146982269887,6.121613313756543,,5000,
FeTeSe,iron_chalcogenide_11,,elsevier_10.1016_j.physc.2010.05.048_VISION_PASS_LONG,A2,14.0,extraction_csv,47.0,exact,,S1_v3_2_2B_extension,single_crystal,sample_form_conditional_median:single_crystal,4.2,1.0,5.98441565369311,5.8660114395193625,6.109820183758652,,5000,
FeTeSe,iron_chalcogenide_11,,elsevier_10.1016_j.physc.2010.05.048_VISION_PASS_LONG,A2,14.0,extraction_csv,47.0,exact,,S1_v3_2_2B_extension,single_crystal,sample_form_conditional_median:single_crystal,4.2,5.0,5.9289980072454815,5.813729980977796,6.054451348051834,,5000,
FeTeSe,iron_chalcogenide_11,,elsevier_10.1016_j.physc.2010.05.048_VISION_PASS_LONG,A2,14.0,extraction_csv,47.0,exact,,S1_v3_2_2B_extension,single_crystal,sample_form_conditional_median:single_crystal,20.0,0.1,,,,,5000,T_above_Tc
FeTeSe,iron_chalcogenide_11,,elsevier_10.1016_j.physc.2010.05.048_VISION_PASS_LONG,A2,14.0,extraction_csv,47.0,exact,,S1_v3_2_2B_extension,single_crystal,sample_form_conditional_median:single_crystal,20.0,1.0,,,,,5000,T_above_Tc
FeTeSe,iron_chalcogenide_11,,elsevier_10.1016_j.physc.2010.05.048_VISION_PASS_LONG,A2,14.0,extraction_csv,47.0,exact,,S1_v3_2_2B_extension,single_crystal,sample_form_conditional_median:single_crystal,20.0,5.0,,,,,5000,T_above_Tc
FeTeSe,iron_chalcogenide_11,,elsevier_10.1016_j.physc.2010.05.048_VISION_PASS_LONG,A2,14.0,extraction_csv,47.0,exact,,S1_v3_2_2B_extension,single_crystal,sample_form_conditional_median:single_crystal,10.780000000000001,0.1,5.7731834589893865,5.6771934145932885,5.9130339498401785,,5000,
FeTeSe,iron_chalcogenide_11,,elsevier_10.1016_j.physc.2010.05.048_VISION_PASS_LONG,A2,14.0,extraction_csv,47.0,exact,,S1_v3_2_2B_extension,single_crystal,sample_form_conditional_median:single_crystal,10.780000000000001,1.0,5.761160701350113,5.665170375629176,5.90170827539079,,5000,
FeTeSe,iron_chalcogenide_11,,elsevier_10.1016_j.physc.2010.05.048_VISION_PASS_LONG,A2,14.0,extraction_csv,47.0,exact,,S1_v3_2_2B_extension,single_crystal,sample_form_conditional_median:single_crystal,10.780000000000001,5.0,5.707058998856851,5.6103094295586,5.848534147066148,,5000,
FeTeSe,iron_chalcogenide_11,,elsevier_10.1016_j.physc.2010.05.048_VISION_PASS_LONG,A2,14.0,extraction_csv,47.0,exact,,S1_v3_2_2B_extension,single_crystal,sample_form_conditional_median:single_crystal,4.2,0.1,5.996159972950191,5.877146982269887,6.121613313756543,,5000,
FeTeSe,iron_chalcogenide_11,,elsevier_10.1016_j.physc.2010.05.048_VISION_PASS_LONG,A2,14.0,extraction_csv,47.0,exact,,S1_v3_2_2B_extension,single_crystal,sample_form_conditional_median:single_crystal,4.2,1.0,5.98441565369311,5.865821307820499,6.109868994499462,,5000,
FeTeSe,iron_chalcogenide_11,,elsevier_10.1016_j.physc.2010.05.048_VISION_PASS_LONG,A2,14.0,extraction_csv,47.0,exact,,S1_v3_2_2B_extension,single_crystal,sample_form_conditional_median:single_crystal,4.2,5.0,5.9289980072454815,5.8126471794958565,6.05472932559477,,5000,
FeTeSe,iron_chalcogenide_11,,elsevier_10.1016_j.physc.2010.05.048_VISION_PASS_LONG,A2,14.0,extraction_csv,47.0,exact,,S1_v3_2_2B_extension,single_crystal,sample_form_conditional_median:single_crystal,20.0,0.1,,,,,5000,T_above_Tc
FeTeSe,iron_chalcogenide_11,,elsevier_10.1016_j.physc.2010.05.048_VISION_PASS_LONG,A2,14.0,extraction_csv,47.0,exact,,S1_v3_2_2B_extension,single_crystal,sample_form_conditional_median:single_crystal,20.0,1.0,,,,,5000,T_above_Tc
FeTeSe,iron_chalcogenide_11,,elsevier_10.1016_j.physc.2010.05.048_VISION_PASS_LONG,A2,14.0,extraction_csv,47.0,exact,,S1_v3_2_2B_extension,single_crystal,sample_form_conditional_median:single_crystal,20.0,5.0,,,,,5000,T_above_Tc
FeTeSe,iron_chalcogenide_11,,elsevier_10.1016_j.physc.2010.05.048_VISION_PASS_LONG,A2,14.0,extraction_csv,47.0,exact,,S1_v3_2_2B_extension,single_crystal,sample_form_conditional_median:single_crystal,10.780000000000001,0.1,5.77078108195762,5.677193417720374,5.914037265630857,,5000,
FeTeSe,iron_chalcogenide_11,,elsevier_10.1016_j.physc.2010.05.048_VISION_PASS_LONG,A2,14.0,extraction_csv,47.0,exact,,S1_v3_2_2B_extension,single_crystal,sample_form_conditional_median:single_crystal,10.780000000000001,1.0,5.759645539207095,5.666057872891866,5.90226057531415,,5000,
FeTeSe,iron_chalcogenide_11,,elsevier_10.1016_j.physc.2010.05.048_VISION_PASS_LONG,A2,14.0,extraction_csv,47.0,exact,,S1_v3_2_2B_extension,single_crystal,sample_form_conditional_median:single_crystal,10.780000000000001,5.0,5.706281279183589,5.613776416350105,5.850620264491962,,5000,
FeTeSe,iron_chalcogenide_11,,elsevier_10.1016_j.physc.2010.05.048_VISION_PASS_LONG,A2,14.0,extraction_csv,47.0,exact,,S1_v3_2_2B_extension,single_crystal,sample_form_conditional_median:single_crystal,4.2,0.1,5.996159972950191,5.877146982269887,6.121613313756543,,5000,
FeTeSe,iron_chalcogenide_11,,elsevier_10.1016_j.physc.2010.05.048_VISION_PASS_LONG,A2,14.0,extraction_csv,47.0,exact,,S1_v3_2_2B_extension,single_crystal,sample_form_conditional_median:single_crystal,4.2,1.0,5.98441565369311,5.869450827392593,6.109868994499462,,5000,
FeTeSe,iron_chalcogenide_11,,elsevier_10.1016_j.physc.2010.05.048_VISION_PASS_LONG,A2,14.0,extraction_csv,47.0,exact,,S1_v3_2_2B_extension,single_crystal,sample_form_conditional_median:single_crystal,4.2,5.0,5.9289980072454815,5.833317321270696,6.05472932559477,,5000,
FeTeSe,iron_chalcogenide_11,,elsevier_10.1016_j.physc.2010.05.048_VISION_PASS_LONG,A2,14.0,extraction_csv,47.0,exact,,S1_v3_2_2B_extension,single_crystal,sample_form_conditional_median:single_crystal,20.0,0.1,,,,,5000,T_above_Tc
FeTeSe,iron_chalcogenide_11,,elsevier_10.1016_j.physc.2010.05.048_VISION_PASS_LONG,A2,14.0,extraction_csv,47.0,exact,,S1_v3_2_2B_extension,single_crystal,sample_form_conditional_median:single_crystal,20.0,1.0,,,,,5000,T_above_Tc
FeTeSe,iron_chalcogenide_11,,elsevier_10.1016_j.physc.2010.05.048_VISION_PASS_LONG,A2,14.0,extraction_csv,47.0,exact,,S1_v3_2_2B_extension,single_crystal,sample_form_conditional_median:single_crystal,20.0,5.0,,,,,5000,T_above_Tc
FeTeSe,iron_chalcogenide_11,,elsevier_10.1016_j.physc.2010.05.048_VISION_PASS_LONG,A2,14.0,extraction_csv,47.0,exact,,S1_v3_2_2B_extension,single_crystal,sample_form_conditional_median:single_crystal,10.780000000000001,0.1,5.7731834589893865,5.688966165141145,5.9130339498401785,,5000,
FeTeSe,iron_chalcogenide_11,,elsevier_10.1016_j.physc.2010.05.048_VISION_PASS_LONG,A2,14.0,extraction_csv,47.0,exact,,S1_v3_2_2B_extension,single_crystal,sample_form_conditional_median:single_crystal,10.780000000000001,1.0,5.761857784539998,5.67653274743458,5.901242040110807,,5000,
FeTeSe,iron_chalcogenide_11,,elsevier_10.1016_j.physc.2010.05.048_VISION_PASS_LONG,A2,14.0,extraction_csv,47.0,exact,,S1_v3_2_2B_extension,single_crystal,sample_form_conditional_median:single_crystal,10.780000000000001,5.0,5.708683656215356,5.619912080589279,5.848219668947189,,5000,
FeTeSe,iron_chalcogenide_11,,elsevier_10.1016_j.physc.2010.05.048_VISION_PASS_LONG,A2,14.0,extraction_csv,47.0,exact,,S1_v3_2_2B_extension,single_crystal,sample_form_conditional_median:single_crystal,4.2,0.1,5.996159972950191,5.877146982269887,6.121613313756543,,5000,
FeTeSe,iron_chalcogenide_11,,elsevier_10.1016_j.physc.2010.05.048_VISION_PASS_LONG,A2,14.0,extraction_csv,47.0,exact,,S1_v3_2_2B_extension,single_crystal,sample_form_conditional_median:single_crystal,4.2,1.0,5.98441565369311,5.866011440595365,6.109868994499462,,5000,
FeTeSe,iron_chalcogenide_11,,elsevier_10.1016_j.physc.2010.05.048_VISION_PASS_LONG,A2,14.0,extraction_csv,47.0,exact,,S1_v3_2_2B_extension,single_crystal,sample_form_conditional_median:single_crystal,4.2,5.0,5.929148868030789,5.813729987105639,6.05472932559477,,5000,
FeTeSe,iron_chalcogenide_11,,elsevier_10.1016_j.physc.2010.05.048_VISION_PASS_LONG,A2,14.0,extraction_csv,47.0,exact,,S1_v3_2_2B_extension,single_crystal,sample_form_conditional_median:single_crystal,20.0,0.1,,,,,5000,T_above_Tc
FeTeSe,iron_chalcogenide_11,,elsevier_10.1016_j.physc.2010.05.048_VISION_PASS_LONG,A2,14.0,extraction_csv,47.0,exact,,S1_v3_2_2B_extension,single_crystal,sample_form_conditional_median:single_crystal,20.0,1.0,,,,,5000,T_above_Tc
FeTeSe,iron_chalcogenide_11,,elsevier_10.1016_j.physc.2010.05.048_VISION_PASS_LONG,A2,14.0,extraction_csv,47.0,exact,,S1_v3_2_2B_extension,single_crystal,sample_form_conditional_median:single_crystal,20.0,5.0,,,,,5000,T_above_Tc
FeTeSe,iron_chalcogenide_11,,elsevier_10.1016_j.physc.2010.05.048_VISION_PASS_LONG,A2,14.0,extraction_csv,47.0,exact,,S1_v3_2_2B_extension,single_crystal,sample_form_conditional_median:single_crystal,10.780000000000001,0.1,5.7731834589893865,5.679795536286652,5.9130339498401785,,5000,
FeTeSe,iron_chalcogenide_11,,elsevier_10.1016_j.physc.2010.05.048_VISION_PASS_LONG,A2,14.0,extraction_csv,47.0,exact,,S1_v3_2_2B_extension,single_crystal,sample_form_conditional_median:single_crystal,10.780000000000001,1.0,5.761857784539998,5.668469861837264,5.902040601759171,,5000,
FeTeSe,iron_chalcogenide_11,,elsevier_10.1016_j.physc.2010.05.048_VISION_PASS_LONG,A2,14.0,extraction_csv,47.0,exact,,S1_v3_2_2B_extension,single_crystal,sample_form_conditional_median:single_crystal,10.780000000000001,5.0,5.708683656215356,5.6151970781066005,5.850411085073583,,5000,
FeTeSe,iron_chalcogenide_11,,elsevier_10.1016_j.physc.2010.05.048_VISION_PASS_LONG,A2,14.0,extraction_csv,47.0,exact,,S1_v3_2_2B_extension,single_crystal,sample_form_conditional_median:single_crystal,4.2,0.1,5.996159972950191,5.877146982269887,6.121613313756543,,5000,
FeTeSe,iron_chalcogenide_11,,elsevier_10.1016_j.physc.2010.05.048_VISION_PASS_LONG,A2,14.0,extraction_csv,47.0,exact,,S1_v3_2_2B_extension,single_crystal,sample_form_conditional_median:single_crystal,4.2,1.0,5.98441565369311,5.866011440595365,6.109590552990185,,5000,
FeTeSe,iron_chalcogenide_11,,elsevier_10.1016_j.physc.2010.05.048_VISION_PASS_LONG,A2,14.0,extraction_csv,47.0,exact,,S1_v3_2_2B_extension,single_crystal,sample_form_conditional_median:single_crystal,4.2,5.0,5.9289980072454815,5.813729987105639,6.0531435990658355,,5000,
FeTeSe,iron_chalcogenide_11,,elsevier_10.1016_j.physc.2010.05.048_VISION_PASS_LONG,A2,14.0,extraction_csv,47.0,exact,,S1_v3_2_2B_extension,single_crystal,sample_form_conditional_median:single_crystal,20.0,0.1,,,,,5000,T_above_Tc
FeTeSe,iron_chalcogenide_11,,elsevier_10.1016_j.physc.2010.05.048_VISION_PASS_LONG,A2,14.0,extraction_csv,47.0,exact,,S1_v3_2_2B_extension,single_crystal,sample_form_conditional_median:single_crystal,20.0,1.0,,,,,5000,T_above_Tc
FeTeSe,iron_chalcogenide_11,,elsevier_10.1016_j.physc.2010.05.048_VISION_PASS_LONG,A2,14.0,extraction_csv,47.0,exact,,S1_v3_2_2B_extension,single_crystal,sample_form_conditional_median:single_crystal,20.0,5.0,,,,,5000,T_above_Tc
FeTeSe,iron_chalcogenide_11,,elsevier_10.1016_j.physc.2010.05.048_VISION_PASS_LONG,A2,14.0,extraction_csv,47.0,exact,,S1_v3_2_2B_extension,single_crystal,sample_form_conditional_median:single_crystal,10.780000000000001,0.1,5.771976623011991,5.677307356309318,5.910916209111701,,5000,
FeTeSe,iron_chalcogenide_11,,elsevier_10.1016_j.physc.2010.05.048_VISION_PASS_LONG,A2,14.0,extraction_csv,47.0,exact,,S1_v3_2_2B_extension,single_crystal,sample_form_conditional_median:single_crystal,10.780000000000001,1.0,5.760713188505706,5.666316683334314,5.899182355974811,,5000,
FeTeSe,iron_chalcogenide_11,,elsevier_10.1016_j.physc.2010.05.048_VISION_PASS_LONG,A2,14.0,extraction_csv,47.0,exact,,S1_v3_2_2B_extension,single_crystal,sample_form_conditional_median:single_crystal,10.780000000000001,5.0,5.706299473954698,5.614570552875601,5.844032220949927,,5000,
FeTeSe,iron_chalcogenide_11,,elsevier_10.1016_j.physc.2010.05.048_VISION_PASS_LONG,A2,14.0,extraction_csv,47.0,exact,,S1_v3_2_2B_extension,single_crystal,sample_form_conditional_median:single_crystal,4.2,0.1,5.996159972950191,5.877146982269887,6.121613313756543,,5000,
FeTeSe,iron_chalcogenide_11,,elsevier_10.1016_j.physc.2010.05.048_VISION_PASS_LONG,A2,14.0,extraction_csv,47.0,exact,,S1_v3_2_2B_extension,single_crystal,sample_form_conditional_median:single_crystal,4.2,1.0,5.9843668429523,5.866258147106364,6.109820183758652,,5000,
FeTeSe,iron_chalcogenide_11,,elsevier_10.1016_j.physc.2010.05.048_VISION_PASS_LONG,A2,14.0,extraction_csv,47.0,exact,,S1_v3_2_2B_extension,single_crystal,sample_form_conditional_median:single_crystal,4.2,5.0,5.9289980072454815,5.815134982576201,6.054451348051834,,5000,
FeTeSe,iron_chalcogenide_11,,elsevier_10.1016_j.physc.2010.05.048_VISION_PASS_LONG,A2,14.0,extraction_csv,47.0,exact,,S1_v3_2_2B_extension,single_crystal,sample_form_conditional_median:single_crystal,20.0,0.1,,,,,5000,T_above_Tc
FeTeSe,iron_chalcogenide_11,,elsevier_10.1016_j.physc.2010.05.048_VISION_PASS_LONG,A2,14.0,extraction_csv,47.0,exact,,S1_v3_2_2B_extension,single_crystal,sample_form_conditional_median:single_crystal,20.0,1.0,,,,,5000,T_above_Tc
FeTeSe,iron_chalcogenide_11,,elsevier_10.1016_j.physc.2010.05.048_VISION_PASS_LONG,A2,14.0,extraction_csv,47.0,exact,,S1_v3_2_2B_extension,single_crystal,sample_form_conditional_median:single_crystal,20.0,5.0,,,,,5000,T_above_Tc
FeTeSe,iron_chalcogenide_11,,elsevier_10.1016_j.physc.2010.05.048_VISION_PASS_LONG,A2,14.0,extraction_csv,47.0,exact,,S1_v3_2_2B_extension,single_crystal,sample_form_conditional_median:single_crystal,10.780000000000001,0.1,5.77078108195762,5.682967935067038,5.903629704162079,,5000,
FeTeSe,iron_chalcogenide_11,,elsevier_10.1016_j.physc.2010.05.048_VISION_PASS_LONG,A2,14.0,extraction_csv,47.0,exact,,S1_v3_2_2B_extension,single_crystal,sample_form_conditional_median:single_crystal,10.780000000000001,1.0,5.760722877240513,5.670973591201107,5.8924941614115545,,5000,
FeTeSe,iron_chalcogenide_11,,elsevier_10.1016_j.physc.2010.05.048_VISION_PASS_LONG,A2,14.0,extraction_csv,47.0,exact,,S1_v3_2_2B_extension,single_crystal,sample_form_conditional_median:single_crystal,10.780000000000001,5.0,5.706299470827613,5.616371939417385,5.840224386104198,,5000,
FeTeSe,iron_chalcogenide_11,,elsevier_10.1016_j.physc.2010.05.048_VISION_PASS_LONG,A2,14.0,extraction_csv,47.0,exact,,S1_v3_2_2B_extension,single_crystal,sample_form_conditional_median:single_crystal,4.2,0.1,5.996159972950191,5.877146982269887,6.121613313756543,,5000,
FeTeSe,iron_chalcogenide_11,,elsevier_10.1016_j.physc.2010.05.048_VISION_PASS_LONG,A2,14.0,extraction_csv,47.0,exact,,S1_v3_2_2B_extension,single_crystal,sample_form_conditional_median:single_crystal,4.2,1.0,5.98441565369311,5.866260897446297,6.109868994499462,,5000,
FeTeSe,iron_chalcogenide_11,,elsevier_10.1016_j.physc.2010.05.048_VISION_PASS_LONG,A2,14.0,extraction_csv,47.0,exact,,S1_v3_2_2B_extension,single_crystal,sample_form_conditional_median:single_crystal,4.2,5.0,5.929148868030789,5.821684389276107,6.05472932559477,,5000,
FeTeSe,iron_chalcogenide_11,,elsevier_10.1016_j.physc.2010.05.048_VISION_PASS_LONG,A2,14.0,extraction_csv,47.0,exact,,S1_v3_2_2B_extension,single_crystal,sample_form_conditional_median:single_crystal,20.0,0.1,,,,,5000,T_above_Tc
FeTeSe,iron_chalcogenide_11,,elsevier_10.1016_j.physc.2010.05.048_VISION_PASS_LONG,A2,14.0,extraction_csv,47.0,exact,,S1_v3_2_2B_extension,single_crystal,sample_form_conditional_median:single_crystal,20.0,1.0,,,,,5000,T_above_Tc
FeTeSe,iron_chalcogenide_11,,elsevier_10.1016_j.physc.2010.05.048_VISION_PASS_LONG,A2,14.0,extraction_csv,47.0,exact,,S1_v3_2_2B_extension,single_crystal,sample_form_conditional_median:single_crystal,20.0,5.0,,,,,5000,T_above_Tc
FeTeSe,iron_chalcogenide_11,,elsevier_10.1016_j.physc.2010.05.048_VISION_PASS_LONG,A2,14.0,extraction_csv,47.0,exact,,S1_v3_2_2B_extension,single_crystal,sample_form_conditional_median:single_crystal,10.780000000000001,0.1,5.7731834589893865,5.679795536286652,5.919257369048178,,5000,
FeTeSe,iron_chalcogenide_11,,elsevier_10.1016_j.physc.2010.05.048_VISION_PASS_LONG,A2,14.0,extraction_csv,47.0,exact,,S1_v3_2_2B_extension,single_crystal,sample_form_conditional_median:single_crystal,10.780000000000001,1.0,5.761857784539998,5.668643553854943,5.9072346082818195,,5000,
FeTeSe,iron_chalcogenide_11,,elsevier_10.1016_j.physc.2010.05.048_VISION_PASS_LONG,A2,14.0,extraction_csv,47.0,exact,,S1_v3_2_2B_extension,single_crystal,sample_form_conditional_median:single_crystal,10.780000000000001,5.0,5.708683656215356,5.616114472919723,5.85106405810324,,5000,
FeTeSe,iron_chalcogenide_11,,elsevier_10.1016_j.physc.2010.05.048_VISION_PASS_LONG,A2,14.0,extraction_csv,47.0,exact,,S1_v3_2_2B_extension,single_crystal,sample_form_conditional_median:single_crystal,4.2,0.1,5.996159972950191,5.877146982269887,6.121613313756543,,5000,
FeTeSe,iron_chalcogenide_11,,elsevier_10.1016_j.physc.2010.05.048_VISION_PASS_LONG,A2,14.0,extraction_csv,47.0,exact,,S1_v3_2_2B_extension,single_crystal,sample_form_conditional_median:single_crystal,4.2,1.0,5.98441565369311,5.8660114395193625,6.109590552990185,,5000,
FeTeSe,iron_chalcogenide_11,,elsevier_10.1016_j.physc.2010.05.048_VISION_PASS_LONG,A2,14.0,extraction_csv,47.0,exact,,S1_v3_2_2B_extension,single_crystal,sample_form_conditional_median:single_crystal,4.2,5.0,5.929148868030789,5.813729980977796,6.0531435990658355,,5000,
FeTeSe,iron_chalcogenide_11,,elsevier_10.1016_j.physc.2010.05.048_VISION_PASS_LONG,A2,14.0,extraction_csv,47.0,exact,,S1_v3_2_2B_extension,single_crystal,sample_form_conditional_median:single_crystal,20.0,0.1,,,,,5000,T_above_Tc
FeTeSe,iron_chalcogenide_11,,elsevier_10.1016_j.physc.2010.05.048_VISION_PASS_LONG,A2,14.0,extraction_csv,47.0,exact,,S1_v3_2_2B_extension,single_crystal,sample_form_conditional_median:single_crystal,20.0,1.0,,,,,5000,T_above_Tc
FeTeSe,iron_chalcogenide_11,,elsevier_10.1016_j.physc.2010.05.048_VISION_PASS_LONG,A2,14.0,extraction_csv,47.0,exact,,S1_v3_2_2B_extension,single_crystal,sample_form_conditional_median:single_crystal,20.0,5.0,,,,,5000,T_above_Tc
FeTeSe,iron_chalcogenide_11,,elsevier_10.1016_j.physc.2010.05.048_VISION_PASS_LONG,A2,14.0,extraction_csv,47.0,exact,,S1_v3_2_2B_extension,single_crystal,sample_form_conditional_median:single_crystal,10.780000000000001,0.1,5.7731834589893865,5.677193417720374,5.910916209111701,,5000,
FeTeSe,iron_chalcogenide_11,,elsevier_10.1016_j.physc.2010.05.048_VISION_PASS_LONG,A2,14.0,extraction_csv,47.0,exact,,S1_v3_2_2B_extension,single_crystal,sample_form_conditional_median:single_crystal,10.780000000000001,1.0,5.76143914285939,5.665984603362211,5.899595287954784,,5000,
FeTeSe,iron_chalcogenide_11,,elsevier_10.1016_j.physc.2010.05.048_VISION_PASS_LONG,A2,14.0,extraction_csv,47.0,exact,,S1_v3_2_2B_extension,single_crystal,sample_form_conditional_median:single_crystal,10.780000000000001,5.0,5.708158217191024,5.612810475037568,5.846436642448504,,5000,
"Ba(Fe,Ru)2As2",iron_pnictide_122,,elsevier_10.1016_j.phpro.2012.03.421_VISION_PASS_LONG,A2,20.0,extraction_csv,60.0,exact,,S1_v3_2_2B_extension,single_crystal,sample_form_conditional_median:single_crystal,4.2,0.1,5.746354490991693,5.617854385081122,5.804297695181981,,5000,
"Ba(Fe,Ru)2As2",iron_pnictide_122,,elsevier_10.1016_j.phpro.2012.03.421_VISION_PASS_LONG,A2,20.0,extraction_csv,60.0,exact,,S1_v3_2_2B_extension,single_crystal,sample_form_conditional_median:single_crystal,4.2,1.0,5.74132809830613,5.614975748734171,5.7995360998333085,,5000,
"Ba(Fe,Ru)2As2",iron_pnictide_122,,elsevier_10.1016_j.phpro.2012.03.421_VISION_PASS_LONG,A2,20.0,extraction_csv,60.0,exact,,S1_v3_2_2B_extension,single_crystal,sample_form_conditional_median:single_crystal,4.2,5.0,5.717323659251041,5.598721892753458,5.784933296204595,,5000,
"Ba(Fe,Ru)2As2",iron_pnictide_122,,elsevier_10.1016_j.phpro.2012.03.421_VISION_PASS_LONG,A2,20.0,extraction_csv,60.0,exact,,S1_v3_2_2B_extension,single_crystal,sample_form_conditional_median:single_crystal,20.0,0.1,,,,,5000,T_above_Tc
"Ba(Fe,Ru)2As2",iron_pnictide_122,,elsevier_10.1016_j.phpro.2012.03.421_VISION_PASS_LONG,A2,20.0,extraction_csv,60.0,exact,,S1_v3_2_2B_extension,single_crystal,sample_form_conditional_median:single_crystal,20.0,1.0,,,,,5000,T_above_Tc
"Ba(Fe,Ru)2As2",iron_pnictide_122,,elsevier_10.1016_j.phpro.2012.03.421_VISION_PASS_LONG,A2,20.0,extraction_csv,60.0,exact,,S1_v3_2_2B_extension,single_crystal,sample_form_conditional_median:single_crystal,20.0,5.0,,,,,5000,T_above_Tc
"Ba(Fe,Ru)2As2",iron_pnictide_122,,elsevier_10.1016_j.phpro.2012.03.421_VISION_PASS_LONG,A2,20.0,extraction_csv,60.0,exact,,S1_v3_2_2B_extension,single_crystal,sample_form_conditional_median:single_crystal,15.4,0.1,4.99178634006088,4.861066239700036,5.10340436691294,,5000,
"Ba(Fe,Ru)2As2",iron_pnictide_122,,elsevier_10.1016_j.phpro.2012.03.421_VISION_PASS_LONG,A2,20.0,extraction_csv,60.0,exact,,S1_v3_2_2B_extension,single_crystal,sample_form_conditional_median:single_crystal,15.4,1.0,4.986967553355539,4.856373912753015,5.099686932416909,,5000,
"Ba(Fe,Ru)2As2",iron_pnictide_122,,elsevier_10.1016_j.phpro.2012.03.421_VISION_PASS_LONG,A2,20.0,extraction_csv,60.0,exact,,S1_v3_2_2B_extension,single_crystal,sample_form_conditional_median:single_crystal,15.4,5.0,4.968670183673427,4.837038979019681,5.081712674938763,,5000,
CaFe2As2,iron_pnictide_122,,elsevier_10.1038_s41598-021-86728-8_PATH_AC_VISION_PASS_LONG,A2,12.0,extraction_csv,50.0,exact,,S1_v3_2_2B_extension,single_crystal,sample_form_conditional_median:single_crystal,4.2,0.1,5.746354490991693,5.616253626881896,5.813389291270404,,5000,
CaFe2As2,iron_pnictide_122,,elsevier_10.1038_s41598-021-86728-8_PATH_AC_VISION_PASS_LONG,A2,12.0,extraction_csv,50.0,exact,,S1_v3_2_2B_extension,single_crystal,sample_form_conditional_median:single_crystal,4.2,1.0,5.741095917472194,5.612866490585002,5.802075578422268,,5000,
CaFe2As2,iron_pnictide_122,,elsevier_10.1038_s41598-021-86728-8_PATH_AC_VISION_PASS_LONG,A2,12.0,extraction_csv,50.0,exact,,S1_v3_2_2B_extension,single_crystal,sample_form_conditional_median:single_crystal,4.2,5.0,5.713718020982862,5.595531429213836,5.783528120845082,,5000,
CaFe2As2,iron_pnictide_122,,elsevier_10.1038_s41598-021-86728-8_PATH_AC_VISION_PASS_LONG,A2,12.0,extraction_csv,50.0,exact,,S1_v3_2_2B_extension,single_crystal,sample_form_conditional_median:single_crystal,20.0,0.1,,,,,5000,T_above_Tc
CaFe2As2,iron_pnictide_122,,elsevier_10.1038_s41598-021-86728-8_PATH_AC_VISION_PASS_LONG,A2,12.0,extraction_csv,50.0,exact,,S1_v3_2_2B_extension,single_crystal,sample_form_conditional_median:single_crystal,20.0,1.0,,,,,5000,T_above_Tc
CaFe2As2,iron_pnictide_122,,elsevier_10.1038_s41598-021-86728-8_PATH_AC_VISION_PASS_LONG,A2,12.0,extraction_csv,50.0,exact,,S1_v3_2_2B_extension,single_crystal,sample_form_conditional_median:single_crystal,20.0,5.0,,,,,5000,T_above_Tc
CaFe2As2,iron_pnictide_122,,elsevier_10.1038_s41598-021-86728-8_PATH_AC_VISION_PASS_LONG,A2,12.0,extraction_csv,50.0,exact,,S1_v3_2_2B_extension,single_crystal,sample_form_conditional_median:single_crystal,9.24,0.1,5.110722797515278,4.983030672761651,5.2087127473348165,,5000,
CaFe2As2,iron_pnictide_122,,elsevier_10.1038_s41598-021-86728-8_PATH_AC_VISION_PASS_LONG,A2,12.0,extraction_csv,50.0,exact,,S1_v3_2_2B_extension,single_crystal,sample_form_conditional_median:single_crystal,9.24,1.0,5.1059979408626575,4.978831325771489,5.20384726457398,,5000,
CaFe2As2,iron_pnictide_122,,elsevier_10.1038_s41598-021-86728-8_PATH_AC_VISION_PASS_LONG,A2,12.0,extraction_csv,50.0,exact,,S1_v3_2_2B_extension,single_crystal,sample_form_conditional_median:single_crystal,9.24,5.0,5.082834315900586,4.952105590605969,5.184898938385634,,5000,
FeSeTe,iron_chalcogenide_11,,elsevier_10.1016_j.cjph.2024.09.042_VISION_PASS_LONG,A2,14.0,extraction_csv,47.0,exact,,S1_v3_2_2B_extension,single_crystal,sample_form_conditional_median:single_crystal,4.2,0.1,5.996159972950191,5.877146982269887,6.121613313756543,,5000,
FeSeTe,iron_chalcogenide_11,,elsevier_10.1016_j.cjph.2024.09.042_VISION_PASS_LONG,A2,14.0,extraction_csv,47.0,exact,,S1_v3_2_2B_extension,single_crystal,sample_form_conditional_median:single_crystal,4.2,1.0,5.98441565369311,5.866011440595365,6.109868994499462,,5000,
FeSeTe,iron_chalcogenide_11,,elsevier_10.1016_j.cjph.2024.09.042_VISION_PASS_LONG,A2,14.0,extraction_csv,47.0,exact,,S1_v3_2_2B_extension,single_crystal,sample_form_conditional_median:single_crystal,4.2,5.0,5.929148868030789,5.813729987105639,6.05472932559477,,5000,
FeSeTe,iron_chalcogenide_11,,elsevier_10.1016_j.cjph.2024.09.042_VISION_PASS_LONG,A2,14.0,extraction_csv,47.0,exact,,S1_v3_2_2B_extension,single_crystal,sample_form_conditional_median:single_crystal,20.0,0.1,,,,,5000,T_above_Tc
FeSeTe,iron_chalcogenide_11,,elsevier_10.1016_j.cjph.2024.09.042_VISION_PASS_LONG,A2,14.0,extraction_csv,47.0,exact,,S1_v3_2_2B_extension,single_crystal,sample_form_conditional_median:single_crystal,20.0,1.0,,,,,5000,T_above_Tc
FeSeTe,iron_chalcogenide_11,,elsevier_10.1016_j.cjph.2024.09.042_VISION_PASS_LONG,A2,14.0,extraction_csv,47.0,exact,,S1_v3_2_2B_extension,single_crystal,sample_form_conditional_median:single_crystal,20.0,5.0,,,,,5000,T_above_Tc
FeSeTe,iron_chalcogenide_11,,elsevier_10.1016_j.cjph.2024.09.042_VISION_PASS_LONG,A2,14.0,extraction_csv,47.0,exact,,S1_v3_2_2B_extension,single_crystal,sample_form_conditional_median:single_crystal,10.780000000000001,0.1,5.7731834589893865,5.679759135587094,5.914037265630857,,5000,
FeSeTe,iron_chalcogenide_11,,elsevier_10.1016_j.cjph.2024.09.042_VISION_PASS_LONG,A2,14.0,extraction_csv,47.0,exact,,S1_v3_2_2B_extension,single_crystal,sample_form_conditional_median:single_crystal,10.780000000000001,1.0,5.761648463699695,5.667632544771887,5.902905210037674,,5000,
FeSeTe,iron_chalcogenide_11,,elsevier_10.1016_j.cjph.2024.09.042_VISION_PASS_LONG,A2,14.0,extraction_csv,47.0,exact,,S1_v3_2_2B_extension,single_crystal,sample_form_conditional_median:single_crystal,10.780000000000001,5.0,5.708683656215356,5.614886482902789,5.850620264491962,,5000,
FeSeTe,iron_chalcogenide_11,,elsevier_10.1016_j.cjph.2024.09.042_VISION_PASS_LONG,A2,14.0,extraction_csv,47.0,exact,,S1_v3_2_2B_extension,single_crystal,sample_form_conditional_median:single_crystal,4.2,0.1,5.996159972950191,5.877146982269887,6.121613313756543,,5000,
FeSeTe,iron_chalcogenide_11,,elsevier_10.1016_j.cjph.2024.09.042_VISION_PASS_LONG,A2,14.0,extraction_csv,47.0,exact,,S1_v3_2_2B_extension,single_crystal,sample_form_conditional_median:single_crystal,4.2,1.0,5.98441565369311,5.866150883848946,6.109820183758652,,5000,
FeSeTe,iron_chalcogenide_11,,elsevier_10.1016_j.cjph.2024.09.042_VISION_PASS_LONG,A2,14.0,extraction_csv,47.0,exact,,S1_v3_2_2B_extension,single_crystal,sample_form_conditional_median:single_crystal,4.2,5.0,5.929148868030789,5.814524117503292,6.054451348051834,,5000,
FeSeTe,iron_chalcogenide_11,,elsevier_10.1016_j.cjph.2024.09.042_VISION_PASS_LONG,A2,14.0,extraction_csv,47.0,exact,,S1_v3_2_2B_extension,single_crystal,sample_form_conditional_median:single_crystal,20.0,0.1,,,,,5000,T_above_Tc
FeSeTe,iron_chalcogenide_11,,elsevier_10.1016_j.cjph.2024.09.042_VISION_PASS_LONG,A2,14.0,extraction_csv,47.0,exact,,S1_v3_2_2B_extension,single_crystal,sample_form_conditional_median:single_crystal,20.0,1.0,,,,,5000,T_above_Tc
FeSeTe,iron_chalcogenide_11,,elsevier_10.1016_j.cjph.2024.09.042_VISION_PASS_LONG,A2,14.0,extraction_csv,47.0,exact,,S1_v3_2_2B_extension,single_crystal,sample_form_conditional_median:single_crystal,20.0,5.0,,,,,5000,T_above_Tc
FeSeTe,iron_chalcogenide_11,,elsevier_10.1016_j.cjph.2024.09.042_VISION_PASS_LONG,A2,14.0,extraction_csv,47.0,exact,,S1_v3_2_2B_extension,single_crystal,sample_form_conditional_median:single_crystal,10.780000000000001,0.1,5.7731834589893865,5.679795536286652,5.910916209111701,,5000,
FeSeTe,iron_chalcogenide_11,,elsevier_10.1016_j.cjph.2024.09.042_VISION_PASS_LONG,A2,14.0,extraction_csv,47.0,exact,,S1_v3_2_2B_extension,single_crystal,sample_form_conditional_median:single_crystal,10.780000000000001,1.0,5.761160698223028,5.668659993536127,5.899123079113809,,5000,
FeSeTe,iron_chalcogenide_11,,elsevier_10.1016_j.cjph.2024.09.042_VISION_PASS_LONG,A2,14.0,extraction_csv,47.0,exact,,S1_v3_2_2B_extension,single_crystal,sample_form_conditional_median:single_crystal,10.780000000000001,5.0,5.707040489372904,5.614570552875601,5.843754243406991,,5000,
FeSeTe,iron_chalcogenide_11,,elsevier_10.1016_j.cjph.2024.09.042_VISION_PASS_LONG,A2,14.0,extraction_csv,47.0,exact,,S1_v3_2_2B_extension,single_crystal,sample_form_conditional_median:single_crystal,4.2,0.1,5.996159972950191,5.877146982269887,6.121613313756543,,5000,
FeSeTe,iron_chalcogenide_11,,elsevier_10.1016_j.cjph.2024.09.042_VISION_PASS_LONG,A2,14.0,extraction_csv,47.0,exact,,S1_v3_2_2B_extension,single_crystal,sample_form_conditional_median:single_crystal,4.2,1.0,5.98441565369311,5.866011440595365,6.109820183758652,,5000,
FeSeTe,iron_chalcogenide_11,,elsevier_10.1016_j.cjph.2024.09.042_VISION_PASS_LONG,A2,14.0,extraction_csv,47.0,exact,,S1_v3_2_2B_extension,single_crystal,sample_form_conditional_median:single_crystal,4.2,5.0,5.929148868030789,5.813729987105639,6.054451348051834,,5000,
FeSeTe,iron_chalcogenide_11,,elsevier_10.1016_j.cjph.2024.09.042_VISION_PASS_LONG,A2,14.0,extraction_csv,47.0,exact,,S1_v3_2_2B_extension,single_crystal,sample_form_conditional_median:single_crystal,20.0,0.1,,,,,5000,T_above_Tc
FeSeTe,iron_chalcogenide_11,,elsevier_10.1016_j.cjph.2024.09.042_VISION_PASS_LONG,A2,14.0,extraction_csv,47.0,exact,,S1_v3_2_2B_extension,single_crystal,sample_form_conditional_median:single_crystal,20.0,1.0,,,,,5000,T_above_Tc
FeSeTe,iron_chalcogenide_11,,elsevier_10.1016_j.cjph.2024.09.042_VISION_PASS_LONG,A2,14.0,extraction_csv,47.0,exact,,S1_v3_2_2B_extension,single_crystal,sample_form_conditional_median:single_crystal,20.0,5.0,,,,,5000,T_above_Tc
FeSeTe,iron_chalcogenide_11,,elsevier_10.1016_j.cjph.2024.09.042_VISION_PASS_LONG,A2,14.0,extraction_csv,47.0,exact,,S1_v3_2_2B_extension,single_crystal,sample_form_conditional_median:single_crystal,10.780000000000001,0.1,5.7731834589893865,5.6771934145932885,5.910916209111701,,5000,
FeSeTe,iron_chalcogenide_11,,elsevier_10.1016_j.cjph.2024.09.042_VISION_PASS_LONG,A2,14.0,extraction_csv,47.0,exact,,S1_v3_2_2B_extension,single_crystal,sample_form_conditional_median:single_crystal,10.780000000000001,1.0,5.761390328991495,5.665400287722482,5.899780667437178,,5000,
FeSeTe,iron_chalcogenide_11,,elsevier_10.1016_j.cjph.2024.09.042_VISION_PASS_LONG,A2,14.0,extraction_csv,47.0,exact,,S1_v3_2_2B_extension,single_crystal,sample_form_conditional_median:single_crystal,10.780000000000001,5.0,5.70736408372945,5.611325821595944,5.845575161770032,,5000,
FeSeTe,iron_chalcogenide_11,,elsevier_10.1016_j.cjph.2024.09.042_VISION_PASS_LONG,A2,14.0,extraction_csv,47.0,exact,,S1_v3_2_2B_extension,single_crystal,sample_form_conditional_median:single_crystal,4.2,0.1,5.996159972950191,5.877146982269887,6.121613313756543,,5000,
FeSeTe,iron_chalcogenide_11,,elsevier_10.1016_j.cjph.2024.09.042_VISION_PASS_LONG,A2,14.0,extraction_csv,47.0,exact,,S1_v3_2_2B_extension,single_crystal,sample_form_conditional_median:single_crystal,4.2,1.0,5.984517703737607,5.866150883848946,6.109820183758652,,5000,
FeSeTe,iron_chalcogenide_11,,elsevier_10.1016_j.cjph.2024.09.042_VISION_PASS_LONG,A2,14.0,extraction_csv,47.0,exact,,S1_v3_2_2B_extension,single_crystal,sample_form_conditional_median:single_crystal,4.2,5.0,5.929148868030789,5.814524117503292,6.054451348051834,,5000,
FeSeTe,iron_chalcogenide_11,,elsevier_10.1016_j.cjph.2024.09.042_VISION_PASS_LONG,A2,14.0,extraction_csv,47.0,exact,,S1_v3_2_2B_extension,single_crystal,sample_form_conditional_median:single_crystal,20.0,0.1,,,,,5000,T_above_Tc
FeSeTe,iron_chalcogenide_11,,elsevier_10.1016_j.cjph.2024.09.042_VISION_PASS_LONG,A2,14.0,extraction_csv,47.0,exact,,S1_v3_2_2B_extension,single_crystal,sample_form_conditional_median:single_crystal,20.0,1.0,,,,,5000,T_above_Tc
FeSeTe,iron_chalcogenide_11,,elsevier_10.1016_j.cjph.2024.09.042_VISION_PASS_LONG,A2,14.0,extraction_csv,47.0,exact,,S1_v3_2_2B_extension,single_crystal,sample_form_conditional_median:single_crystal,20.0,5.0,,,,,5000,T_above_Tc
FeSeTe,iron_chalcogenide_11,,elsevier_10.1016_j.cjph.2024.09.042_VISION_PASS_LONG,A2,14.0,extraction_csv,47.0,exact,,S1_v3_2_2B_extension,single_crystal,sample_form_conditional_median:single_crystal,10.780000000000001,0.1,5.7731834589893865,5.681777420503136,5.910916209111701,,5000,
FeSeTe,iron_chalcogenide_11,,elsevier_10.1016_j.cjph.2024.09.042_VISION_PASS_LONG,A2,14.0,extraction_csv,47.0,exact,,S1_v3_2_2B_extension,single_crystal,sample_form_conditional_median:single_crystal,10.780000000000001,1.0,5.761857784539998,5.669978549736032,5.899780666388076,,5000,
FeSeTe,iron_chalcogenide_11,,elsevier_10.1016_j.cjph.2024.09.042_VISION_PASS_LONG,A2,14.0,extraction_csv,47.0,exact,,S1_v3_2_2B_extension,single_crystal,sample_form_conditional_median:single_crystal,10.780000000000001,5.0,5.708784745470932,5.616371939417385,5.847232678722599,,5000,
FeSeTe,iron_chalcogenide_11,,elsevier_10.1016_j.cjph.2024.09.042_VISION_PASS_LONG,A2,14.0,extraction_csv,47.0,exact,,S1_v3_2_2B_extension,single_crystal,sample_form_conditional_median:single_crystal,4.2,0.1,5.996159972950191,5.877146982269887,6.121613313756543,,5000,
FeSeTe,iron_chalcogenide_11,,elsevier_10.1016_j.cjph.2024.09.042_VISION_PASS_LONG,A2,14.0,extraction_csv,47.0,exact,,S1_v3_2_2B_extension,single_crystal,sample_form_conditional_median:single_crystal,4.2,1.0,5.98441565369311,5.8660114395193625,6.109820183758652,,5000,
FeSeTe,iron_chalcogenide_11,,elsevier_10.1016_j.cjph.2024.09.042_VISION_PASS_LONG,A2,14.0,extraction_csv,47.0,exact,,S1_v3_2_2B_extension,single_crystal,sample_form_conditional_median:single_crystal,4.2,5.0,5.9289980072454815,5.813729980977796,6.054451348051834,,5000,
FeSeTe,iron_chalcogenide_11,,elsevier_10.1016_j.cjph.2024.09.042_VISION_PASS_LONG,A2,14.0,extraction_csv,47.0,exact,,S1_v3_2_2B_extension,single_crystal,sample_form_conditional_median:single_crystal,20.0,0.1,,,,,5000,T_above_Tc
FeSeTe,iron_chalcogenide_11,,elsevier_10.1016_j.cjph.2024.09.042_VISION_PASS_LONG,A2,14.0,extraction_csv,47.0,exact,,S1_v3_2_2B_extension,single_crystal,sample_form_conditional_median:single_crystal,20.0,1.0,,,,,5000,T_above_Tc
FeSeTe,iron_chalcogenide_11,,elsevier_10.1016_j.cjph.2024.09.042_VISION_PASS_LONG,A2,14.0,extraction_csv,47.0,exact,,S1_v3_2_2B_extension,single_crystal,sample_form_conditional_median:single_crystal,20.0,5.0,,,,,5000,T_above_Tc
FeSeTe,iron_chalcogenide_11,,elsevier_10.1016_j.cjph.2024.09.042_VISION_PASS_LONG,A2,14.0,extraction_csv,47.0,exact,,S1_v3_2_2B_extension,single_crystal,sample_form_conditional_median:single_crystal,10.780000000000001,0.1,5.77078108195762,5.677193417720374,5.9130339498401785,,5000,
FeSeTe,iron_chalcogenide_11,,elsevier_10.1016_j.cjph.2024.09.042_VISION_PASS_LONG,A2,14.0,extraction_csv,47.0,exact,,S1_v3_2_2B_extension,single_crystal,sample_form_conditional_median:single_crystal,10.780000000000001,1.0,5.759645540283097,5.666053119677572,5.901016929843032,,5000,
FeSeTe,iron_chalcogenide_11,,elsevier_10.1016_j.cjph.2024.09.042_VISION_PASS_LONG,A2,14.0,extraction_csv,47.0,exact,,S1_v3_2_2B_extension,single_crystal,sample_form_conditional_median:single_crystal,10.780000000000001,5.0,5.706281279183589,5.612693614946343,5.8475171781728035,,5000,
FeSeTe,iron_chalcogenide_11,,elsevier_10.1016_j.cjph.2024.09.042_VISION_PASS_LONG,A2,14.0,extraction_csv,47.0,exact,,S1_v3_2_2B_extension,single_crystal,sample_form_conditional_median:single_crystal,4.2,0.1,5.996159972950191,5.877146982269887,6.121613313756543,,5000,
FeSeTe,iron_chalcogenide_11,,elsevier_10.1016_j.cjph.2024.09.042_VISION_PASS_LONG,A2,14.0,extraction_csv,47.0,exact,,S1_v3_2_2B_extension,single_crystal,sample_form_conditional_median:single_crystal,4.2,1.0,5.984517703737607,5.866150883848946,6.109820183758652,,5000,
FeSeTe,iron_chalcogenide_11,,elsevier_10.1016_j.cjph.2024.09.042_VISION_PASS_LONG,A2,14.0,extraction_csv,47.0,exact,,S1_v3_2_2B_extension,single_crystal,sample_form_conditional_median:single_crystal,4.2,5.0,5.929219623699489,5.814524117503292,6.054451348051834,,5000,
FeSeTe,iron_chalcogenide_11,,elsevier_10.1016_j.cjph.2024.09.042_VISION_PASS_LONG,A2,14.0,extraction_csv,47.0,exact,,S1_v3_2_2B_extension,single_crystal,sample_form_conditional_median:single_crystal,20.0,0.1,,,,,5000,T_above_Tc
FeSeTe,iron_chalcogenide_11,,elsevier_10.1016_j.cjph.2024.09.042_VISION_PASS_LONG,A2,14.0,extraction_csv,47.0,exact,,S1_v3_2_2B_extension,single_crystal,sample_form_conditional_median:single_crystal,20.0,1.0,,,,,5000,T_above_Tc
FeSeTe,iron_chalcogenide_11,,elsevier_10.1016_j.cjph.2024.09.042_VISION_PASS_LONG,A2,14.0,extraction_csv,47.0,exact,,S1_v3_2_2B_extension,single_crystal,sample_form_conditional_median:single_crystal,20.0,5.0,,,,,5000,T_above_Tc
FeSeTe,iron_chalcogenide_11,,elsevier_10.1016_j.cjph.2024.09.042_VISION_PASS_LONG,A2,14.0,extraction_csv,47.0,exact,,S1_v3_2_2B_extension,single_crystal,sample_form_conditional_median:single_crystal,10.780000000000001,0.1,5.7731834589893865,5.679795536286652,5.9130339498401785,,5000,
FeSeTe,iron_chalcogenide_11,,elsevier_10.1016_j.cjph.2024.09.042_VISION_PASS_LONG,A2,14.0,extraction_csv,47.0,exact,,S1_v3_2_2B_extension,single_crystal,sample_form_conditional_median:single_crystal,10.780000000000001,1.0,5.761027059633015,5.668655240243655,5.901242040110807,,5000,
FeSeTe,iron_chalcogenide_11,,elsevier_10.1016_j.cjph.2024.09.042_VISION_PASS_LONG,A2,14.0,extraction_csv,47.0,exact,,S1_v3_2_2B_extension,single_crystal,sample_form_conditional_median:single_crystal,10.780000000000001,5.0,5.707364080665529,5.615295733512621,5.847517704478714,,5000,
"Ba(Fe,Co)2As2",iron_pnictide_122,,elsevier_10.1016_j.mtphys.2022.100783_VISION_PASS_LONG,A2,22.0,extraction_csv,50.0,exact,,S1_v3_2_2B_extension,single_crystal,sample_form_conditional_median:single_crystal,4.2,0.1,5.746354490991693,5.635326719245767,5.802831805312083,,5000,
"Ba(Fe,Co)2As2",iron_pnictide_122,,elsevier_10.1016_j.mtphys.2022.100783_VISION_PASS_LONG,A2,22.0,extraction_csv,50.0,exact,,S1_v3_2_2B_extension,single_crystal,sample_form_conditional_median:single_crystal,4.2,1.0,5.740505160763102,5.630121380059165,5.799118825436625,,5000,
"Ba(Fe,Co)2As2",iron_pnictide_122,,elsevier_10.1016_j.mtphys.2022.100783_VISION_PASS_LONG,A2,22.0,extraction_csv,50.0,exact,,S1_v3_2_2B_extension,single_crystal,sample_form_conditional_median:single_crystal,4.2,5.0,5.712584056964654,5.597342925987049,5.780246732916556,,5000,
"Ba(Fe,Co)2As2",iron_pnictide_122,,elsevier_10.1016_j.mtphys.2022.100783_VISION_PASS_LONG,A2,22.0,extraction_csv,50.0,exact,,S1_v3_2_2B_extension,single_crystal,sample_form_conditional_median:single_crystal,20.0,0.1,4.416841857933326,4.251351005406301,4.5890166936896595,,5000,
"Ba(Fe,Co)2As2",iron_pnictide_122,,elsevier_10.1016_j.mtphys.2022.100783_VISION_PASS_LONG,A2,22.0,extraction_csv,50.0,exact,,S1_v3_2_2B_extension,single_crystal,sample_form_conditional_median:single_crystal,20.0,1.0,4.412615536270917,4.245109049037124,4.58380059904689,,5000,
"Ba(Fe,Co)2As2",iron_pnictide_122,,elsevier_10.1016_j.mtphys.2022.100783_VISION_PASS_LONG,A2,22.0,extraction_csv,50.0,exact,,S1_v3_2_2B_extension,single_crystal,sample_form_conditional_median:single_crystal,20.0,5.0,4.38990154803934,4.221035066857643,4.560695916509312,,5000,
"Ba(Fe,Co)2As2",iron_pnictide_122,,elsevier_10.1016_j.mtphys.2022.100783_VISION_PASS_LONG,A2,22.0,extraction_csv,50.0,exact,,S1_v3_2_2B_extension,single_crystal,sample_form_conditional_median:single_crystal,16.94,0.1,4.978922660184664,4.852371277367772,5.090623674675606,,5000,
"Ba(Fe,Co)2As2",iron_pnictide_122,,elsevier_10.1016_j.mtphys.2022.100783_VISION_PASS_LONG,A2,22.0,extraction_csv,50.0,exact,,S1_v3_2_2B_extension,single_crystal,sample_form_conditional_median:single_crystal,16.94,1.0,4.973615976488082,4.84686956147584,5.086136093032228,,5000,
"Ba(Fe,Co)2As2",iron_pnictide_122,,elsevier_10.1016_j.mtphys.2022.100783_VISION_PASS_LONG,A2,22.0,extraction_csv,50.0,exact,,S1_v3_2_2B_extension,single_crystal,sample_form_conditional_median:single_crystal,16.94,5.0,4.950590208922565,4.822470387117422,5.06424286693637,,5000,
"Ba(Fe,Co)2As2",iron_pnictide_122,,elsevier_10.1016_j.mtphys.2022.100783_VISION_PASS_LONG,A2,22.0,extraction_csv,50.0,exact,,S1_v3_2_2B_extension,single_crystal,sample_form_conditional_median:single_crystal,4.2,0.1,5.746354490991693,5.635326719245767,5.804297695181981,,5000,
"Ba(Fe,Co)2As2",iron_pnictide_122,,elsevier_10.1016_j.mtphys.2022.100783_VISION_PASS_LONG,A2,22.0,extraction_csv,50.0,exact,,S1_v3_2_2B_extension,single_crystal,sample_form_conditional_median:single_crystal,4.2,1.0,5.741201440881547,5.630053376808541,5.798924510560862,,5000,
"Ba(Fe,Co)2As2",iron_pnictide_122,,elsevier_10.1016_j.mtphys.2022.100783_VISION_PASS_LONG,A2,22.0,extraction_csv,50.0,exact,,S1_v3_2_2B_extension,single_crystal,sample_form_conditional_median:single_crystal,4.2,5.0,5.713174741018263,5.5993046070539965,5.7796601859305206,,5000,
"Ba(Fe,Co)2As2",iron_pnictide_122,,elsevier_10.1016_j.mtphys.2022.100783_VISION_PASS_LONG,A2,22.0,extraction_csv,50.0,exact,,S1_v3_2_2B_extension,single_crystal,sample_form_conditional_median:single_crystal,20.0,0.1,4.416251150051661,4.2420408550824185,4.578740138468095,,5000,
"Ba(Fe,Co)2As2",iron_pnictide_122,,elsevier_10.1016_j.mtphys.2022.100783_VISION_PASS_LONG,A2,22.0,extraction_csv,50.0,exact,,S1_v3_2_2B_extension,single_crystal,sample_form_conditional_median:single_crystal,20.0,1.0,4.411713909285986,4.2369637735867,4.573972704462764,,5000,
"Ba(Fe,Co)2As2",iron_pnictide_122,,elsevier_10.1016_j.mtphys.2022.100783_VISION_PASS_LONG,A2,22.0,extraction_csv,50.0,exact,,S1_v3_2_2B_extension,single_crystal,sample_form_conditional_median:single_crystal,20.0,5.0,4.389921598656116,4.211581083227733,4.553612572359997,,5000,
"Ba(Fe,Co)2As2",iron_pnictide_122,,elsevier_10.1016_j.mtphys.2022.100783_VISION_PASS_LONG,A2,22.0,extraction_csv,50.0,exact,,S1_v3_2_2B_extension,single_crystal,sample_form_conditional_median:single_crystal,16.94,0.1,4.978004361022294,4.8440879305673015,5.088029435895638,,5000,
"Ba(Fe,Co)2As2",iron_pnictide_122,,elsevier_10.1016_j.mtphys.2022.100783_VISION_PASS_LONG,A2,22.0,extraction_csv,50.0,exact,,S1_v3_2_2B_extension,single_crystal,sample_form_conditional_median:single_crystal,16.94,1.0,4.972982001579533,4.8381632407843185,5.08310878403028,,5000,
"Ba(Fe,Co)2As2",iron_pnictide_122,,elsevier_10.1016_j.mtphys.2022.100783_VISION_PASS_LONG,A2,22.0,extraction_csv,50.0,exact,,S1_v3_2_2B_extension,single_crystal,sample_form_conditional_median:single_crystal,16.94,5.0,4.950700563657968,4.8139703380990415,5.062094276427239,,5000,
"Ba(Fe,Co)2As2",iron_pnictide_122,,elsevier_10.1016_j.mtphys.2022.100783_VISION_PASS_LONG,A2,22.0,extraction_csv,50.0,exact,,S1_v3_2_2B_extension,single_crystal,sample_form_conditional_median:single_crystal,4.2,0.1,5.746354490991693,5.635326719245767,5.804297695181981,,5000,
"Ba(Fe,Co)2As2",iron_pnictide_122,,elsevier_10.1016_j.mtphys.2022.100783_VISION_PASS_LONG,A2,22.0,extraction_csv,50.0,exact,,S1_v3_2_2B_extension,single_crystal,sample_form_conditional_median:single_crystal,4.2,1.0,5.741686674181285,5.630515395930407,5.800087512806269,,5000,
"Ba(Fe,Co)2As2",iron_pnictide_122,,elsevier_10.1016_j.mtphys.2022.100783_VISION_PASS_LONG,A2,22.0,extraction_csv,50.0,exact,,S1_v3_2_2B_extension,single_crystal,sample_form_conditional_median:single_crystal,4.2,5.0,5.715392733506044,5.599881435767456,5.780706044069672,,5000,
"Ba(Fe,Co)2As2",iron_pnictide_122,,elsevier_10.1016_j.mtphys.2022.100783_VISION_PASS_LONG,A2,22.0,extraction_csv,50.0,exact,,S1_v3_2_2B_extension,single_crystal,sample_form_conditional_median:single_crystal,20.0,0.1,4.417520591447445,4.247393075172905,4.585124392215654,,5000,
"Ba(Fe,Co)2As2",iron_pnictide_122,,elsevier_10.1016_j.mtphys.2022.100783_VISION_PASS_LONG,A2,22.0,extraction_csv,50.0,exact,,S1_v3_2_2B_extension,single_crystal,sample_form_conditional_median:single_crystal,20.0,1.0,4.412358878024757,4.24144050673406,4.580461509011642,,5000,
"Ba(Fe,Co)2As2",iron_pnictide_122,,elsevier_10.1016_j.mtphys.2022.100783_VISION_PASS_LONG,A2,22.0,extraction_csv,50.0,exact,,S1_v3_2_2B_extension,single_crystal,sample_form_conditional_median:single_crystal,20.0,5.0,4.390334165994423,4.217476214254863,4.560825146075055,,5000,
"Ba(Fe,Co)2As2",iron_pnictide_122,,elsevier_10.1016_j.mtphys.2022.100783_VISION_PASS_LONG,A2,22.0,extraction_csv,50.0,exact,,S1_v3_2_2B_extension,single_crystal,sample_form_conditional_median:single_crystal,16.94,0.1,4.9792738964653145,4.848575138593641,5.089949316619034,,5000,
"Ba(Fe,Co)2As2",iron_pnictide_122,,elsevier_10.1016_j.mtphys.2022.100783_VISION_PASS_LONG,A2,22.0,extraction_csv,50.0,exact,,S1_v3_2_2B_extension,single_crystal,sample_form_conditional_median:single_crystal,16.94,1.0,4.974027356724996,4.842709056582559,5.085525306965559,,5000,
"Ba(Fe,Co)2As2",iron_pnictide_122,,elsevier_10.1016_j.mtphys.2022.100783_VISION_PASS_LONG,A2,22.0,extraction_csv,50.0,exact,,S1_v3_2_2B_extension,single_crystal,sample_form_conditional_median:single_crystal,16.94,5.0,4.951927019277652,4.818354240463157,5.065807865070393,,5000,
"Ba(Fe,Co)2As2",iron_pnictide_122,,elsevier_10.1016_j.mtphys.2022.100783_VISION_PASS_LONG,A2,22.0,extraction_csv,50.0,exact,,S1_v3_2_2B_extension,single_crystal,sample_form_conditional_median:single_crystal,4.2,0.1,5.746354490991693,5.636927477444992,5.804297695181981,,5000,
"Ba(Fe,Co)2As2",iron_pnictide_122,,elsevier_10.1016_j.mtphys.2022.100783_VISION_PASS_LONG,A2,22.0,extraction_csv,50.0,exact,,S1_v3_2_2B_extension,single_crystal,sample_form_conditional_median:single_crystal,4.2,1.0,5.741095917472194,5.631937515094479,5.801788821130114,,5000,
"Ba(Fe,Co)2As2",iron_pnictide_122,,elsevier_10.1016_j.mtphys.2022.100783_VISION_PASS_LONG,A2,22.0,extraction_csv,50.0,exact,,S1_v3_2_2B_extension,single_crystal,sample_form_conditional_median:single_crystal,4.2,5.0,5.71325481214431,5.6014963792820485,5.782427533784755,,5000,
"Ba(Fe,Co)2As2",iron_pnictide_122,,elsevier_10.1016_j.mtphys.2022.100783_VISION_PASS_LONG,A2,22.0,extraction_csv,50.0,exact,,S1_v3_2_2B_extension,single_crystal,sample_form_conditional_median:single_crystal,20.0,0.1,4.416251150051661,4.242840215553637,4.58986499488243,,5000,
"Ba(Fe,Co)2As2",iron_pnictide_122,,elsevier_10.1016_j.mtphys.2022.100783_VISION_PASS_LONG,A2,22.0,extraction_csv,50.0,exact,,S1_v3_2_2B_extension,single_crystal,sample_form_conditional_median:single_crystal,20.0,1.0,4.411657643622734,4.237797386471317,4.584080214071197,,5000,
"Ba(Fe,Co)2As2",iron_pnictide_122,,elsevier_10.1016_j.mtphys.2022.100783_VISION_PASS_LONG,A2,22.0,extraction_csv,50.0,exact,,S1_v3_2_2B_extension,single_crystal,sample_form_conditional_median:single_crystal,20.0,5.0,4.389245679591362,4.212518133067327,4.5612935386405296,,5000,
"Ba(Fe,Co)2As2",iron_pnictide_122,,elsevier_10.1016_j.mtphys.2022.100783_VISION_PASS_LONG,A2,22.0,extraction_csv,50.0,exact,,S1_v3_2_2B_extension,single_crystal,sample_form_conditional_median:single_crystal,16.94,0.1,4.978004361022294,4.847788696879306,5.090609004647996,,5000,
"Ba(Fe,Co)2As2",iron_pnictide_122,,elsevier_10.1016_j.mtphys.2022.100783_VISION_PASS_LONG,A2,22.0,extraction_csv,50.0,exact,,S1_v3_2_2B_extension,single_crystal,sample_form_conditional_median:single_crystal,16.94,1.0,4.973325841599575,4.842372277709545,5.086702787194208,,5000,
"Ba(Fe,Co)2As2",iron_pnictide_122,,elsevier_10.1016_j.mtphys.2022.100783_VISION_PASS_LONG,A2,22.0,extraction_csv,50.0,exact,,S1_v3_2_2B_extension,single_crystal,sample_form_conditional_median:single_crystal,16.94,5.0,4.950078290791918,4.815954635484084,5.067098948814092,,5000,
"Ba(Fe,Co)2As2",iron_pnictide_122,,elsevier_10.1016_j.mtphys.2022.100783_VISION_PASS_LONG,A2,22.0,extraction_csv,50.0,exact,,S1_v3_2_2B_extension,single_crystal,sample_form_conditional_median:single_crystal,4.2,0.1,5.746354490991693,5.635326719245767,5.797653148949851,,5000,
"Ba(Fe,Co)2As2",iron_pnictide_122,,elsevier_10.1016_j.mtphys.2022.100783_VISION_PASS_LONG,A2,22.0,extraction_csv,50.0,exact,,S1_v3_2_2B_extension,single_crystal,sample_form_conditional_median:single_crystal,4.2,1.0,5.740902344022302,5.630068145726268,5.794676359686949,,5000,
"Ba(Fe,Co)2As2",iron_pnictide_122,,elsevier_10.1016_j.mtphys.2022.100783_VISION_PASS_LONG,A2,22.0,extraction_csv,50.0,exact,,S1_v3_2_2B_extension,single_crystal,sample_form_conditional_median:single_crystal,4.2,5.0,5.713327717015129,5.598099002649264,5.776374330965213,,5000,
"Ba(Fe,Co)2As2",iron_pnictide_122,,elsevier_10.1016_j.mtphys.2022.100783_VISION_PASS_LONG,A2,22.0,extraction_csv,50.0,exact,,S1_v3_2_2B_extension,single_crystal,sample_form_conditional_median:single_crystal,20.0,0.1,4.419490416852983,4.244172068180354,4.58985962935367,,5000,
"Ba(Fe,Co)2As2",iron_pnictide_122,,elsevier_10.1016_j.mtphys.2022.100783_VISION_PASS_LONG,A2,22.0,extraction_csv,50.0,exact,,S1_v3_2_2B_extension,single_crystal,sample_form_conditional_median:single_crystal,20.0,1.0,4.414499905989585,4.23839691805835,4.584286268500341,,5000,
"Ba(Fe,Co)2As2",iron_pnictide_122,,elsevier_10.1016_j.mtphys.2022.100783_VISION_PASS_LONG,A2,22.0,extraction_csv,50.0,exact,,S1_v3_2_2B_extension,single_crystal,sample_form_conditional_median:single_crystal,20.0,5.0,4.39205618518491,4.214845416281561,4.5620707402591885,,5000,
"Ba(Fe,Co)2As2",iron_pnictide_122,,elsevier_10.1016_j.mtphys.2022.100783_VISION_PASS_LONG,A2,22.0,extraction_csv,50.0,exact,,S1_v3_2_2B_extension,single_crystal,sample_form_conditional_median:single_crystal,16.94,0.1,4.979335862790133,4.845820981341358,5.090609004384152,,5000,
"Ba(Fe,Co)2As2",iron_pnictide_122,,elsevier_10.1016_j.mtphys.2022.100783_VISION_PASS_LONG,A2,22.0,extraction_csv,50.0,exact,,S1_v3_2_2B_extension,single_crystal,sample_form_conditional_median:single_crystal,16.94,1.0,4.974257280343162,4.840745061079266,5.086631948671836,,5000,
"Ba(Fe,Co)2As2",iron_pnictide_122,,elsevier_10.1016_j.mtphys.2022.100783_VISION_PASS_LONG,A2,22.0,extraction_csv,50.0,exact,,S1_v3_2_2B_extension,single_crystal,sample_form_conditional_median:single_crystal,16.94,5.0,4.952282366564086,4.815665374850169,5.066036845116118,,5000,
"Ba(Fe,Co)2As2",iron_pnictide_122,,elsevier_10.1016_j.mtphys.2022.100783_VISION_PASS_LONG,A2,22.0,extraction_csv,50.0,exact,,S1_v3_2_2B_extension,single_crystal,sample_form_conditional_median:single_crystal,4.2,0.1,5.746354490991693,5.635326719245767,5.804297695181981,,5000,
"Ba(Fe,Co)2As2",iron_pnictide_122,,elsevier_10.1016_j.mtphys.2022.100783_VISION_PASS_LONG,A2,22.0,extraction_csv,50.0,exact,,S1_v3_2_2B_extension,single_crystal,sample_form_conditional_median:single_crystal,4.2,1.0,5.740118013863321,5.631031989932777,5.798981986633709,,5000,
"Ba(Fe,Co)2As2",iron_pnictide_122,,elsevier_10.1016_j.mtphys.2022.100783_VISION_PASS_LONG,A2,22.0,extraction_csv,50.0,exact,,S1_v3_2_2B_extension,single_crystal,sample_form_conditional_median:single_crystal,4.2,5.0,5.7130534178200705,5.599395190009494,5.78017200182317,,5000,
"Ba(Fe,Co)2As2",iron_pnictide_122,,elsevier_10.1016_j.mtphys.2022.100783_VISION_PASS_LONG,A2,22.0,extraction_csv,50.0,exact,,S1_v3_2_2B_extension,single_crystal,sample_form_conditional_median:single_crystal,20.0,0.1,4.417132338399536,4.24782157817956,4.583729876423753,,5000,
"Ba(Fe,Co)2As2",iron_pnictide_122,,elsevier_10.1016_j.mtphys.2022.100783_VISION_PASS_LONG,A2,22.0,extraction_csv,50.0,exact,,S1_v3_2_2B_extension,single_crystal,sample_form_conditional_median:single_crystal,20.0,1.0,4.41231102303649,4.242223015697457,4.578484515011647,,5000,
"Ba(Fe,Co)2As2",iron_pnictide_122,,elsevier_10.1016_j.mtphys.2022.100783_VISION_PASS_LONG,A2,22.0,extraction_csv,50.0,exact,,S1_v3_2_2B_extension,single_crystal,sample_form_conditional_median:single_crystal,20.0,5.0,4.390153042420857,4.21544810568443,4.554908599507873,,5000,
"Ba(Fe,Co)2As2",iron_pnictide_122,,elsevier_10.1016_j.mtphys.2022.100783_VISION_PASS_LONG,A2,22.0,extraction_csv,50.0,exact,,S1_v3_2_2B_extension,single_crystal,sample_form_conditional_median:single_crystal,16.94,0.1,4.977381908086478,4.848890313626315,5.08916701368706,,5000,
"Ba(Fe,Co)2As2",iron_pnictide_122,,elsevier_10.1016_j.mtphys.2022.100783_VISION_PASS_LONG,A2,22.0,extraction_csv,50.0,exact,,S1_v3_2_2B_extension,single_crystal,sample_form_conditional_median:single_crystal,16.94,1.0,4.972997403262244,4.843254691117249,5.083908657807867,,5000,
"Ba(Fe,Co)2As2",iron_pnictide_122,,elsevier_10.1016_j.mtphys.2022.100783_VISION_PASS_LONG,A2,22.0,extraction_csv,50.0,exact,,S1_v3_2_2B_extension,single_crystal,sample_form_conditional_median:single_crystal,16.94,5.0,4.950551564321766,4.818761158215836,5.060636254311585,,5000,
"Ba(Fe,Co)2As2",iron_pnictide_122,,elsevier_10.1016_j.mtphys.2022.100783_VISION_PASS_LONG,A2,22.0,extraction_csv,50.0,exact,,S1_v3_2_2B_extension,single_crystal,sample_form_conditional_median:single_crystal,4.2,0.1,5.746354490991693,5.641176469841633,5.804297695181981,,5000,
"Ba(Fe,Co)2As2",iron_pnictide_122,,elsevier_10.1016_j.mtphys.2022.100783_VISION_PASS_LONG,A2,22.0,extraction_csv,50.0,exact,,S1_v3_2_2B_extension,single_crystal,sample_form_conditional_median:single_crystal,4.2,1.0,5.740902344022302,5.635888914148904,5.800297955473545,,5000,
"Ba(Fe,Co)2As2",iron_pnictide_122,,elsevier_10.1016_j.mtphys.2022.100783_VISION_PASS_LONG,A2,22.0,extraction_csv,50.0,exact,,S1_v3_2_2B_extension,single_crystal,sample_form_conditional_median:single_crystal,4.2,5.0,5.713516768051195,5.60773738536897,5.779084822214282,,5000,
"Ba(Fe,Co)2As2",iron_pnictide_122,,elsevier_10.1016_j.mtphys.2022.100783_VISION_PASS_LONG,A2,22.0,extraction_csv,50.0,exact,,S1_v3_2_2B_extension,single_crystal,sample_form_conditional_median:single_crystal,20.0,0.1,4.4156023805333655,4.242067728978578,4.588490327030264,,5000,
"Ba(Fe,Co)2As2",iron_pnictide_122,,elsevier_10.1016_j.mtphys.2022.100783_VISION_PASS_LONG,A2,22.0,extraction_csv,50.0,exact,,S1_v3_2_2B_extension,single_crystal,sample_form_conditional_median:single_crystal,20.0,1.0,4.411463058914344,4.237594041453255,4.58264609149906,,5000,
"Ba(Fe,Co)2As2",iron_pnictide_122,,elsevier_10.1016_j.mtphys.2022.100783_VISION_PASS_LONG,A2,22.0,extraction_csv,50.0,exact,,S1_v3_2_2B_extension,single_crystal,sample_form_conditional_median:single_crystal,20.0,5.0,4.388427595613068,4.212199813031984,4.5584091553396515,,5000,
"Ba(Fe,Co)2As2",iron_pnictide_122,,elsevier_10.1016_j.mtphys.2022.100783_VISION_PASS_LONG,A2,22.0,extraction_csv,50.0,exact,,S1_v3_2_2B_extension,single_crystal,sample_form_conditional_median:single_crystal,16.94,0.1,4.978093269011108,4.846184656862222,5.089951806927398,,5000,
"Ba(Fe,Co)2As2",iron_pnictide_122,,elsevier_10.1016_j.mtphys.2022.100783_VISION_PASS_LONG,A2,22.0,extraction_csv,50.0,exact,,S1_v3_2_2B_extension,single_crystal,sample_form_conditional_median:single_crystal,16.94,1.0,4.973089925292296,4.841666670695573,5.0850762488152945,,5000,
"Ba(Fe,Co)2As2",iron_pnictide_122,,elsevier_10.1016_j.mtphys.2022.100783_VISION_PASS_LONG,A2,22.0,extraction_csv,50.0,exact,,S1_v3_2_2B_extension,single_crystal,sample_form_conditional_median:single_crystal,16.94,5.0,4.951277876426117,4.819370867019571,5.064852877710691,,5000,
"Ba(Fe,Co)2As2",iron_pnictide_122,,elsevier_10.1016_j.mtphys.2022.100783_VISION_PASS_LONG,A2,22.0,extraction_csv,50.0,exact,,S1_v3_2_2B_extension,single_crystal,sample_form_conditional_median:single_crystal,4.2,0.1,5.746354490991693,5.616253626881896,5.802165025000917,,5000,
"Ba(Fe,Co)2As2",iron_pnictide_122,,elsevier_10.1016_j.mtphys.2022.100783_VISION_PASS_LONG,A2,22.0,extraction_csv,50.0,exact,,S1_v3_2_2B_extension,single_crystal,sample_form_conditional_median:single_crystal,4.2,1.0,5.741407797978954,5.612866490585002,5.796320564410369,,5000,
"Ba(Fe,Co)2As2",iron_pnictide_122,,elsevier_10.1016_j.mtphys.2022.100783_VISION_PASS_LONG,A2,22.0,extraction_csv,50.0,exact,,S1_v3_2_2B_extension,single_crystal,sample_form_conditional_median:single_crystal,4.2,5.0,5.714390547645239,5.59533607932161,5.7784491022739495,,5000,
"Ba(Fe,Co)2As2",iron_pnictide_122,,elsevier_10.1016_j.mtphys.2022.100783_VISION_PASS_LONG,A2,22.0,extraction_csv,50.0,exact,,S1_v3_2_2B_extension,single_crystal,sample_form_conditional_median:single_crystal,20.0,0.1,4.416289451335926,4.2362482336235825,4.590333203838293,,5000,
"Ba(Fe,Co)2As2",iron_pnictide_122,,elsevier_10.1016_j.mtphys.2022.100783_VISION_PASS_LONG,A2,22.0,extraction_csv,50.0,exact,,S1_v3_2_2B_extension,single_crystal,sample_form_conditional_median:single_crystal,20.0,1.0,4.411843941798258,4.231343274089645,4.5851993737866295,,5000,
"Ba(Fe,Co)2As2",iron_pnictide_122,,elsevier_10.1016_j.mtphys.2022.100783_VISION_PASS_LONG,A2,22.0,extraction_csv,50.0,exact,,S1_v3_2_2B_extension,single_crystal,sample_form_conditional_median:single_crystal,20.0,5.0,4.389075342729763,4.207245120821635,4.564186171817194,,5000,
"Ba(Fe,Co)2As2",iron_pnictide_122,,elsevier_10.1016_j.mtphys.2022.100783_VISION_PASS_LONG,A2,22.0,extraction_csv,50.0,exact,,S1_v3_2_2B_extension,single_crystal,sample_form_conditional_median:single_crystal,16.94,0.1,4.979335862868695,4.83947689749991,5.091746146438149,,5000,
"Ba(Fe,Co)2As2",iron_pnictide_122,,elsevier_10.1016_j.mtphys.2022.100783_VISION_PASS_LONG,A2,22.0,extraction_csv,50.0,exact,,S1_v3_2_2B_extension,single_crystal,sample_form_conditional_median:single_crystal,16.94,1.0,4.97433716236004,4.834757377043417,5.0878348923913945,,5000,
"Ba(Fe,Co)2As2",iron_pnictide_122,,elsevier_10.1016_j.mtphys.2022.100783_VISION_PASS_LONG,A2,22.0,extraction_csv,50.0,exact,,S1_v3_2_2B_extension,single_crystal,sample_form_conditional_median:single_crystal,16.94,5.0,4.951329538701095,4.809455566054831,5.066706702080183,,5000,
"Ba(Fe,Co)2As2",iron_pnictide_122,,elsevier_10.1016_j.mtphys.2022.100783_VISION_PASS_LONG,A2,22.0,extraction_csv,50.0,exact,,S1_v3_2_2B_extension,single_crystal,sample_form_conditional_median:single_crystal,4.2,0.1,5.746354490991693,5.635326719245767,5.797653148949851,,5000,
"Ba(Fe,Co)2As2",iron_pnictide_122,,elsevier_10.1016_j.mtphys.2022.100783_VISION_PASS_LONG,A2,22.0,extraction_csv,50.0,exact,,S1_v3_2_2B_extension,single_crystal,sample_form_conditional_median:single_crystal,4.2,1.0,5.741095917472194,5.628518072528142,5.794469736106454,,5000,
"Ba(Fe,Co)2As2",iron_pnictide_122,,elsevier_10.1016_j.mtphys.2022.100783_VISION_PASS_LONG,A2,22.0,extraction_csv,50.0,exact,,S1_v3_2_2B_extension,single_crystal,sample_form_conditional_median:single_crystal,4.2,5.0,5.714367536506731,5.596495720496412,5.777252769864918,,5000,
"Ba(Fe,Co)2As2",iron_pnictide_122,,elsevier_10.1016_j.mtphys.2022.100783_VISION_PASS_LONG,A2,22.0,extraction_csv,50.0,exact,,S1_v3_2_2B_extension,single_crystal,sample_form_conditional_median:single_crystal,20.0,0.1,4.416841851234026,4.240269840869269,4.583769822593497,,5000,
"Ba(Fe,Co)2As2",iron_pnictide_122,,elsevier_10.1016_j.mtphys.2022.100783_VISION_PASS_LONG,A2,22.0,extraction_csv,50.0,exact,,S1_v3_2_2B_extension,single_crystal,sample_form_conditional_median:single_crystal,20.0,1.0,4.4123686582677095,4.235468404887371,4.579322558777751,,5000,
"Ba(Fe,Co)2As2",iron_pnictide_122,,elsevier_10.1016_j.mtphys.2022.100783_VISION_PASS_LONG,A2,22.0,extraction_csv,50.0,exact,,S1_v3_2_2B_extension,single_crystal,sample_form_conditional_median:single_crystal,20.0,5.0,4.390325012510179,4.211629883730521,4.557557403608495,,5000,
"Ba(Fe,Co)2As2",iron_pnictide_122,,elsevier_10.1016_j.mtphys.2022.100783_VISION_PASS_LONG,A2,22.0,extraction_csv,50.0,exact,,S1_v3_2_2B_extension,single_crystal,sample_form_conditional_median:single_crystal,16.94,0.1,4.977307056743406,4.844758570555116,5.089342492856861,,5000,
"Ba(Fe,Co)2As2",iron_pnictide_122,,elsevier_10.1016_j.mtphys.2022.100783_VISION_PASS_LONG,A2,22.0,extraction_csv,50.0,exact,,S1_v3_2_2B_extension,single_crystal,sample_form_conditional_median:single_crystal,16.94,1.0,4.972550259554165,4.840048187335033,5.084908902123415,,5000,
"Ba(Fe,Co)2As2",iron_pnictide_122,,elsevier_10.1016_j.mtphys.2022.100783_VISION_PASS_LONG,A2,22.0,extraction_csv,50.0,exact,,S1_v3_2_2B_extension,single_crystal,sample_form_conditional_median:single_crystal,16.94,5.0,4.95008066561225,4.815043796995185,5.0659438855770444,,5000,
"Ba(Fe,Co)2As2",iron_pnictide_122,,elsevier_10.1016_j.mtphys.2022.100783_VISION_PASS_LONG,A2,22.0,extraction_csv,50.0,exact,,S1_v3_2_2B_extension,single_crystal,sample_form_conditional_median:single_crystal,4.2,0.1,5.746354490991693,5.616211855142307,5.804297695181981,,5000,
"Ba(Fe,Co)2As2",iron_pnictide_122,,elsevier_10.1016_j.mtphys.2022.100783_VISION_PASS_LONG,A2,22.0,extraction_csv,50.0,exact,,S1_v3_2_2B_extension,single_crystal,sample_form_conditional_median:single_crystal,4.2,1.0,5.741045500628167,5.6121576968218685,5.8008501867378115,,5000,
"Ba(Fe,Co)2As2",iron_pnictide_122,,elsevier_10.1016_j.mtphys.2022.100783_VISION_PASS_LONG,A2,22.0,extraction_csv,50.0,exact,,S1_v3_2_2B_extension,single_crystal,sample_form_conditional_median:single_crystal,4.2,5.0,5.713137201544459,5.594995522604227,5.780847057684328,,5000,
"Ba(Fe,Co)2As2",iron_pnictide_122,,elsevier_10.1016_j.mtphys.2022.100783_VISION_PASS_LONG,A2,22.0,extraction_csv,50.0,exact,,S1_v3_2_2B_extension,single_crystal,sample_form_conditional_median:single_crystal,20.0,0.1,4.415468686461401,4.2446803991851745,4.5890166936896595,,5000,
"Ba(Fe,Co)2As2",iron_pnictide_122,,elsevier_10.1016_j.mtphys.2022.100783_VISION_PASS_LONG,A2,22.0,extraction_csv,50.0,exact,,S1_v3_2_2B_extension,single_crystal,sample_form_conditional_median:single_crystal,20.0,1.0,4.410798950550079,4.2398411503967175,4.584401635009302,,5000,
"Ba(Fe,Co)2As2",iron_pnictide_122,,elsevier_10.1016_j.mtphys.2022.100783_VISION_PASS_LONG,A2,22.0,extraction_csv,50.0,exact,,S1_v3_2_2B_extension,single_crystal,sample_form_conditional_median:single_crystal,20.0,5.0,4.38777087306889,4.2173461203667015,4.562069349271817,,5000,
"Ba(Fe,Co)2As2",iron_pnictide_122,,elsevier_10.1016_j.mtphys.2022.100783_VISION_PASS_LONG,A2,22.0,extraction_csv,50.0,exact,,S1_v3_2_2B_extension,single_crystal,sample_form_conditional_median:single_crystal,16.94,0.1,4.977222803347574,4.8404606194760476,5.090609004647996,,5000,
"Ba(Fe,Co)2As2",iron_pnictide_122,,elsevier_10.1016_j.mtphys.2022.100783_VISION_PASS_LONG,A2,22.0,extraction_csv,50.0,exact,,S1_v3_2_2B_extension,single_crystal,sample_form_conditional_median:single_crystal,16.94,1.0,4.972135733836083,4.836434483148452,5.086620471323222,,5000,
"Ba(Fe,Co)2As2",iron_pnictide_122,,elsevier_10.1016_j.mtphys.2022.100783_VISION_PASS_LONG,A2,22.0,extraction_csv,50.0,exact,,S1_v3_2_2B_extension,single_crystal,sample_form_conditional_median:single_crystal,16.94,5.0,4.949690701076724,4.811951913892253,5.066096885141287,,5000,
"Ba(Fe,Co)2As2",iron_pnictide_122,,elsevier_10.1016_j.mtphys.2022.100783_VISION_PASS_LONG,A2,22.0,extraction_csv,50.0,exact,,S1_v3_2_2B_extension,single_crystal,sample_form_conditional_median:single_crystal,4.2,0.1,5.746354490991693,5.616211855142307,5.804964475493147,,5000,
"Ba(Fe,Co)2As2",iron_pnictide_122,,elsevier_10.1016_j.mtphys.2022.100783_VISION_PASS_LONG,A2,22.0,extraction_csv,50.0,exact,,S1_v3_2_2B_extension,single_crystal,sample_form_conditional_median:single_crystal,4.2,1.0,5.740311587313212,5.612349461556964,5.801582221721596,,5000,
"Ba(Fe,Co)2As2",iron_pnictide_122,,elsevier_10.1016_j.mtphys.2022.100783_VISION_PASS_LONG,A2,22.0,extraction_csv,50.0,exact,,S1_v3_2_2B_extension,single_crystal,sample_form_conditional_median:single_crystal,4.2,5.0,5.7130534178200705,5.595047332029611,5.783587415253628,,5000,
"Ba(Fe,Co)2As2",iron_pnictide_122,,elsevier_10.1016_j.mtphys.2022.100783_VISION_PASS_LONG,A2,22.0,extraction_csv,50.0,exact,,S1_v3_2_2B_extension,single_crystal,sample_form_conditional_median:single_crystal,20.0,0.1,4.416289451335926,4.244680642123804,4.588485743969339,,5000,
"Ba(Fe,Co)2As2",iron_pnictide_122,,elsevier_10.1016_j.mtphys.2022.100783_VISION_PASS_LONG,A2,22.0,extraction_csv,50.0,exact,,S1_v3_2_2B_extension,single_crystal,sample_form_conditional_median:single_crystal,20.0,1.0,4.411762116846196,4.240517074342789,4.583845479338992,,5000,
"Ba(Fe,Co)2As2",iron_pnictide_122,,elsevier_10.1016_j.mtphys.2022.100783_VISION_PASS_LONG,A2,22.0,extraction_csv,50.0,exact,,S1_v3_2_2B_extension,single_crystal,sample_form_conditional_median:single_crystal,20.0,5.0,4.390014223000013,4.214611822577785,4.562646064514868,,5000,
"Ba(Fe,Co)2As2",iron_pnictide_122,,elsevier_10.1016_j.mtphys.2022.100783_VISION_PASS_LONG,A2,22.0,extraction_csv,50.0,exact,,S1_v3_2_2B_extension,single_crystal,sample_form_conditional_median:single_crystal,16.94,0.1,4.978584274380031,4.84479367743654,5.090948935877341,,5000,
"Ba(Fe,Co)2As2",iron_pnictide_122,,elsevier_10.1016_j.mtphys.2022.100783_VISION_PASS_LONG,A2,22.0,extraction_csv,50.0,exact,,S1_v3_2_2B_extension,single_crystal,sample_form_conditional_median:single_crystal,16.94,1.0,4.973307856168207,4.840214196526209,5.086697750086745,,5000,
"Ba(Fe,Co)2As2",iron_pnictide_122,,elsevier_10.1016_j.mtphys.2022.100783_VISION_PASS_LONG,A2,22.0,extraction_csv,50.0,exact,,S1_v3_2_2B_extension,single_crystal,sample_form_conditional_median:single_crystal,16.94,5.0,4.950710291427855,4.816149253344113,5.06587017269152,,5000,
"Ba(Fe,Co)2As2",iron_pnictide_122,,elsevier_10.1016_j.mtphys.2022.100783_VISION_PASS_LONG,A2,22.0,extraction_csv,50.0,exact,,S1_v3_2_2B_extension,single_crystal,sample_form_conditional_median:single_crystal,4.2,0.1,5.746354490991693,5.635326719245767,5.804297695181981,,5000,
"Ba(Fe,Co)2As2",iron_pnictide_122,,elsevier_10.1016_j.mtphys.2022.100783_VISION_PASS_LONG,A2,22.0,extraction_csv,50.0,exact,,S1_v3_2_2B_extension,single_crystal,sample_form_conditional_median:single_crystal,4.2,1.0,5.741095917472194,5.629582778912302,5.799881749469871,,5000,
"Ba(Fe,Co)2As2",iron_pnictide_122,,elsevier_10.1016_j.mtphys.2022.100783_VISION_PASS_LONG,A2,22.0,extraction_csv,50.0,exact,,S1_v3_2_2B_extension,single_crystal,sample_form_conditional_median:single_crystal,4.2,5.0,5.713762063599074,5.596479256105287,5.783381562376443,,5000,
"Ba(Fe,Co)2As2",iron_pnictide_122,,elsevier_10.1016_j.mtphys.2022.100783_VISION_PASS_LONG,A2,22.0,extraction_csv,50.0,exact,,S1_v3_2_2B_extension,single_crystal,sample_form_conditional_median:single_crystal,20.0,0.1,4.416759239191866,4.24272643878331,4.581308777010776,,5000,
"Ba(Fe,Co)2As2",iron_pnictide_122,,elsevier_10.1016_j.mtphys.2022.100783_VISION_PASS_LONG,A2,22.0,extraction_csv,50.0,exact,,S1_v3_2_2B_extension,single_crystal,sample_form_conditional_median:single_crystal,20.0,1.0,4.411706551257604,4.238539877935515,4.5762247562654474,,5000,
"Ba(Fe,Co)2As2",iron_pnictide_122,,elsevier_10.1016_j.mtphys.2022.100783_VISION_PASS_LONG,A2,22.0,extraction_csv,50.0,exact,,S1_v3_2_2B_extension,single_crystal,sample_form_conditional_median:single_crystal,20.0,5.0,4.389552266327799,4.210791513997267,4.555230314627722,,5000,
"Ba(Fe,Co)2As2",iron_pnictide_122,,elsevier_10.1016_j.mtphys.2022.100783_VISION_PASS_LONG,A2,22.0,extraction_csv,50.0,exact,,S1_v3_2_2B_extension,single_crystal,sample_form_conditional_median:single_crystal,16.94,0.1,4.97924583496825,4.846580172741948,5.088383911345208,,5000,
"Ba(Fe,Co)2As2",iron_pnictide_122,,elsevier_10.1016_j.mtphys.2022.100783_VISION_PASS_LONG,A2,22.0,extraction_csv,50.0,exact,,S1_v3_2_2B_extension,single_crystal,sample_form_conditional_median:single_crystal,16.94,1.0,4.973757062183838,4.842334057380563,5.084641759671546,,5000,
"Ba(Fe,Co)2As2",iron_pnictide_122,,elsevier_10.1016_j.mtphys.2022.100783_VISION_PASS_LONG,A2,22.0,extraction_csv,50.0,exact,,S1_v3_2_2B_extension,single_crystal,sample_form_conditional_median:single_crystal,16.94,5.0,4.950997411011571,4.815286735104363,5.062328984193839,,5000,
FeTe0.61Se0.39,iron_chalcogenide_11,,elsevier_10.1016_j.physc.2010.03.003_VISION_PASS_LONG,A2,14.0,extraction_csv,47.0,exact,,S1_v3_2_2B_extension,single_crystal,sample_form_conditional_median:single_crystal,4.2,0.1,5.996159972950191,5.877146982269887,6.121613313756543,,5000,
FeTe0.61Se0.39,iron_chalcogenide_11,,elsevier_10.1016_j.physc.2010.03.003_VISION_PASS_LONG,A2,14.0,extraction_csv,47.0,exact,,S1_v3_2_2B_extension,single_crystal,sample_form_conditional_median:single_crystal,4.2,1.0,5.984517703737607,5.866011440595365,6.109820183758652,,5000,
FeTe0.61Se0.39,iron_chalcogenide_11,,elsevier_10.1016_j.physc.2010.03.003_VISION_PASS_LONG,A2,14.0,extraction_csv,47.0,exact,,S1_v3_2_2B_extension,single_crystal,sample_form_conditional_median:single_crystal,4.2,5.0,5.929219623699489,5.813729987105639,6.054451348051834,,5000,
FeTe0.61Se0.39,iron_chalcogenide_11,,elsevier_10.1016_j.physc.2010.03.003_VISION_PASS_LONG,A2,14.0,extraction_csv,47.0,exact,,S1_v3_2_2B_extension,single_crystal,sample_form_conditional_median:single_crystal,20.0,0.1,,,,,5000,T_above_Tc
FeTe0.61Se0.39,iron_chalcogenide_11,,elsevier_10.1016_j.physc.2010.03.003_VISION_PASS_LONG,A2,14.0,extraction_csv,47.0,exact,,S1_v3_2_2B_extension,single_crystal,sample_form_conditional_median:single_crystal,20.0,1.0,,,,,5000,T_above_Tc
FeTe0.61Se0.39,iron_chalcogenide_11,,elsevier_10.1016_j.physc.2010.03.003_VISION_PASS_LONG,A2,14.0,extraction_csv,47.0,exact,,S1_v3_2_2B_extension,single_crystal,sample_form_conditional_median:single_crystal,20.0,5.0,,,,,5000,T_above_Tc
FeTe0.61Se0.39,iron_chalcogenide_11,,elsevier_10.1016_j.physc.2010.03.003_VISION_PASS_LONG,A2,14.0,extraction_csv,47.0,exact,,S1_v3_2_2B_extension,single_crystal,sample_form_conditional_median:single_crystal,10.780000000000001,0.1,5.773183462116472,5.681777420503136,5.9130339498401785,,5000,
FeTe0.61Se0.39,iron_chalcogenide_11,,elsevier_10.1016_j.physc.2010.03.003_VISION_PASS_LONG,A2,14.0,extraction_csv,47.0,exact,,S1_v3_2_2B_extension,single_crystal,sample_form_conditional_median:single_crystal,10.780000000000001,1.0,5.761857787667084,5.670441279933555,5.902037851419237,,5000,
FeTe0.61Se0.39,iron_chalcogenide_11,,elsevier_10.1016_j.physc.2010.03.003_VISION_PASS_LONG,A2,14.0,extraction_csv,47.0,exact,,S1_v3_2_2B_extension,single_crystal,sample_form_conditional_median:single_crystal,10.780000000000001,5.0,5.708683659342441,5.61528567598334,5.849539450152304,,5000,
FeTe0.61Se0.39,iron_chalcogenide_11,,elsevier_10.1016_j.physc.2010.03.003_VISION_PASS_LONG,A2,14.0,extraction_csv,47.0,exact,,S1_v3_2_2B_extension,single_crystal,sample_form_conditional_median:single_crystal,4.2,0.1,5.996159972950191,5.877146982269887,6.121613313756543,,5000,
FeTe0.61Se0.39,iron_chalcogenide_11,,elsevier_10.1016_j.physc.2010.03.003_VISION_PASS_LONG,A2,14.0,extraction_csv,47.0,exact,,S1_v3_2_2B_extension,single_crystal,sample_form_conditional_median:single_crystal,4.2,1.0,5.98441565369311,5.866011440595365,6.109868994499462,,5000,
FeTe0.61Se0.39,iron_chalcogenide_11,,elsevier_10.1016_j.physc.2010.03.003_VISION_PASS_LONG,A2,14.0,extraction_csv,47.0,exact,,S1_v3_2_2B_extension,single_crystal,sample_form_conditional_median:single_crystal,4.2,5.0,5.929148868030789,5.813729987105639,6.05472932559477,,5000,
FeTe0.61Se0.39,iron_chalcogenide_11,,elsevier_10.1016_j.physc.2010.03.003_VISION_PASS_LONG,A2,14.0,extraction_csv,47.0,exact,,S1_v3_2_2B_extension,single_crystal,sample_form_conditional_median:single_crystal,20.0,0.1,,,,,5000,T_above_Tc
FeTe0.61Se0.39,iron_chalcogenide_11,,elsevier_10.1016_j.physc.2010.03.003_VISION_PASS_LONG,A2,14.0,extraction_csv,47.0,exact,,S1_v3_2_2B_extension,single_crystal,sample_form_conditional_median:single_crystal,20.0,1.0,,,,,5000,T_above_Tc
FeTe0.61Se0.39,iron_chalcogenide_11,,elsevier_10.1016_j.physc.2010.03.003_VISION_PASS_LONG,A2,14.0,extraction_csv,47.0,exact,,S1_v3_2_2B_extension,single_crystal,sample_form_conditional_median:single_crystal,20.0,5.0,,,,,5000,T_above_Tc
FeTe0.61Se0.39,iron_chalcogenide_11,,elsevier_10.1016_j.physc.2010.03.003_VISION_PASS_LONG,A2,14.0,extraction_csv,47.0,exact,,S1_v3_2_2B_extension,single_crystal,sample_form_conditional_median:single_crystal,10.780000000000001,0.1,5.7731834589893865,5.6771934145932885,5.9130339498401785,,5000,
FeTe0.61Se0.39,iron_chalcogenide_11,,elsevier_10.1016_j.physc.2010.03.003_VISION_PASS_LONG,A2,14.0,extraction_csv,47.0,exact,,S1_v3_2_2B_extension,single_crystal,sample_form_conditional_median:single_crystal,10.780000000000001,1.0,5.761439139732305,5.6658677401439,5.90170827539079,,5000,
FeTe0.61Se0.39,iron_chalcogenide_11,,elsevier_10.1016_j.physc.2010.03.003_VISION_PASS_LONG,A2,14.0,extraction_csv,47.0,exact,,S1_v3_2_2B_extension,single_crystal,sample_form_conditional_median:single_crystal,10.780000000000001,5.0,5.707364086793372,5.612792173843444,5.848534147066148,,5000,
FeTe0.61Se0.39,iron_chalcogenide_11,,elsevier_10.1016_j.physc.2010.03.003_VISION_PASS_LONG,A2,14.0,extraction_csv,47.0,exact,,S1_v3_2_2B_extension,single_crystal,sample_form_conditional_median:single_crystal,4.2,0.1,5.996159972950191,5.877146982269887,6.121613313756543,,5000,
FeTe0.61Se0.39,iron_chalcogenide_11,,elsevier_10.1016_j.physc.2010.03.003_VISION_PASS_LONG,A2,14.0,extraction_csv,47.0,exact,,S1_v3_2_2B_extension,single_crystal,sample_form_conditional_median:single_crystal,4.2,1.0,5.98441565369311,5.866150883848946,6.109868994499462,,5000,
FeTe0.61Se0.39,iron_chalcogenide_11,,elsevier_10.1016_j.physc.2010.03.003_VISION_PASS_LONG,A2,14.0,extraction_csv,47.0,exact,,S1_v3_2_2B_extension,single_crystal,sample_form_conditional_median:single_crystal,4.2,5.0,5.929148868030789,5.814524117503292,6.05472932559477,,5000,
FeTe0.61Se0.39,iron_chalcogenide_11,,elsevier_10.1016_j.physc.2010.03.003_VISION_PASS_LONG,A2,14.0,extraction_csv,47.0,exact,,S1_v3_2_2B_extension,single_crystal,sample_form_conditional_median:single_crystal,20.0,0.1,,,,,5000,T_above_Tc
FeTe0.61Se0.39,iron_chalcogenide_11,,elsevier_10.1016_j.physc.2010.03.003_VISION_PASS_LONG,A2,14.0,extraction_csv,47.0,exact,,S1_v3_2_2B_extension,single_crystal,sample_form_conditional_median:single_crystal,20.0,1.0,,,,,5000,T_above_Tc
FeTe0.61Se0.39,iron_chalcogenide_11,,elsevier_10.1016_j.physc.2010.03.003_VISION_PASS_LONG,A2,14.0,extraction_csv,47.0,exact,,S1_v3_2_2B_extension,single_crystal,sample_form_conditional_median:single_crystal,20.0,5.0,,,,,5000,T_above_Tc
FeTe0.61Se0.39,iron_chalcogenide_11,,elsevier_10.1016_j.physc.2010.03.003_VISION_PASS_LONG,A2,14.0,extraction_csv,47.0,exact,,S1_v3_2_2B_extension,single_crystal,sample_form_conditional_median:single_crystal,10.780000000000001,0.1,5.7731834589893865,5.6866216219295405,5.914037265630857,,5000,
FeTe0.61Se0.39,iron_chalcogenide_11,,elsevier_10.1016_j.physc.2010.03.003_VISION_PASS_LONG,A2,14.0,extraction_csv,47.0,exact,,S1_v3_2_2B_extension,single_crystal,sample_form_conditional_median:single_crystal,10.780000000000001,1.0,5.76139033211858,5.674848417721073,5.902292946373776,,5000,
FeTe0.61Se0.39,iron_chalcogenide_11,,elsevier_10.1016_j.physc.2010.03.003_VISION_PASS_LONG,A2,14.0,extraction_csv,47.0,exact,,S1_v3_2_2B_extension,single_crystal,sample_form_conditional_median:single_crystal,10.780000000000001,5.0,5.707364086793372,5.620375596316807,5.84962799940653,,5000,
FeTe0.61Se0.39,iron_chalcogenide_11,,elsevier_10.1016_j.physc.2010.03.003_VISION_PASS_LONG,A2,14.0,extraction_csv,47.0,exact,,S1_v3_2_2B_extension,single_crystal,sample_form_conditional_median:single_crystal,4.2,0.1,5.996159972950191,5.877146982269887,6.121613313756543,,5000,
FeTe0.61Se0.39,iron_chalcogenide_11,,elsevier_10.1016_j.physc.2010.03.003_VISION_PASS_LONG,A2,14.0,extraction_csv,47.0,exact,,S1_v3_2_2B_extension,single_crystal,sample_form_conditional_median:single_crystal,4.2,1.0,5.98441565369311,5.866011440568465,6.109868994499462,,5000,
FeTe0.61Se0.39,iron_chalcogenide_11,,elsevier_10.1016_j.physc.2010.03.003_VISION_PASS_LONG,A2,14.0,extraction_csv,47.0,exact,,S1_v3_2_2B_extension,single_crystal,sample_form_conditional_median:single_crystal,4.2,5.0,5.929148868030789,5.813729986952444,6.05472932559477,,5000,
FeTe0.61Se0.39,iron_chalcogenide_11,,elsevier_10.1016_j.physc.2010.03.003_VISION_PASS_LONG,A2,14.0,extraction_csv,47.0,exact,,S1_v3_2_2B_extension,single_crystal,sample_form_conditional_median:single_crystal,20.0,0.1,,,,,5000,T_above_Tc
FeTe0.61Se0.39,iron_chalcogenide_11,,elsevier_10.1016_j.physc.2010.03.003_VISION_PASS_LONG,A2,14.0,extraction_csv,47.0,exact,,S1_v3_2_2B_extension,single_crystal,sample_form_conditional_median:single_crystal,20.0,1.0,,,,,5000,T_above_Tc
FeTe0.61Se0.39,iron_chalcogenide_11,,elsevier_10.1016_j.physc.2010.03.003_VISION_PASS_LONG,A2,14.0,extraction_csv,47.0,exact,,S1_v3_2_2B_extension,single_crystal,sample_form_conditional_median:single_crystal,20.0,5.0,,,,,5000,T_above_Tc
FeTe0.61Se0.39,iron_chalcogenide_11,,elsevier_10.1016_j.physc.2010.03.003_VISION_PASS_LONG,A2,14.0,extraction_csv,47.0,exact,,S1_v3_2_2B_extension,single_crystal,sample_form_conditional_median:single_crystal,10.780000000000001,0.1,5.7731834589893865,5.677193417720374,5.9173351786522215,,5000,
FeTe0.61Se0.39,iron_chalcogenide_11,,elsevier_10.1016_j.physc.2010.03.003_VISION_PASS_LONG,A2,14.0,extraction_csv,47.0,exact,,S1_v3_2_2B_extension,single_crystal,sample_form_conditional_median:single_crystal,10.780000000000001,1.0,5.761439139732305,5.666057876045851,5.9056060788078035,,5000,
FeTe0.61Se0.39,iron_chalcogenide_11,,elsevier_10.1016_j.physc.2010.03.003_VISION_PASS_LONG,A2,14.0,extraction_csv,47.0,exact,,S1_v3_2_2B_extension,single_crystal,sample_form_conditional_median:single_crystal,10.780000000000001,5.0,5.708683656215356,5.613776419354021,5.851431425926242,,5000,
FeTe0.61Se0.39,iron_chalcogenide_11,,elsevier_10.1016_j.physc.2010.03.003_VISION_PASS_LONG,A2,14.0,extraction_csv,47.0,exact,,S1_v3_2_2B_extension,single_crystal,sample_form_conditional_median:single_crystal,4.2,0.1,5.996159972950191,5.877146982269887,6.121613313756543,,5000,
FeTe0.61Se0.39,iron_chalcogenide_11,,elsevier_10.1016_j.physc.2010.03.003_VISION_PASS_LONG,A2,14.0,extraction_csv,47.0,exact,,S1_v3_2_2B_extension,single_crystal,sample_form_conditional_median:single_crystal,4.2,1.0,5.98441565369311,5.8660114395193625,6.109465761639897,,5000,
FeTe0.61Se0.39,iron_chalcogenide_11,,elsevier_10.1016_j.physc.2010.03.003_VISION_PASS_LONG,A2,14.0,extraction_csv,47.0,exact,,S1_v3_2_2B_extension,single_crystal,sample_form_conditional_median:single_crystal,4.2,5.0,5.929148868030789,5.813729980977796,6.052432911369711,,5000,
FeTe0.61Se0.39,iron_chalcogenide_11,,elsevier_10.1016_j.physc.2010.03.003_VISION_PASS_LONG,A2,14.0,extraction_csv,47.0,exact,,S1_v3_2_2B_extension,single_crystal,sample_form_conditional_median:single_crystal,20.0,0.1,,,,,5000,T_above_Tc
FeTe0.61Se0.39,iron_chalcogenide_11,,elsevier_10.1016_j.physc.2010.03.003_VISION_PASS_LONG,A2,14.0,extraction_csv,47.0,exact,,S1_v3_2_2B_extension,single_crystal,sample_form_conditional_median:single_crystal,20.0,1.0,,,,,5000,T_above_Tc
FeTe0.61Se0.39,iron_chalcogenide_11,,elsevier_10.1016_j.physc.2010.03.003_VISION_PASS_LONG,A2,14.0,extraction_csv,47.0,exact,,S1_v3_2_2B_extension,single_crystal,sample_form_conditional_median:single_crystal,20.0,5.0,,,,,5000,T_above_Tc
FeTe0.61Se0.39,iron_chalcogenide_11,,elsevier_10.1016_j.physc.2010.03.003_VISION_PASS_LONG,A2,14.0,extraction_csv,47.0,exact,,S1_v3_2_2B_extension,single_crystal,sample_form_conditional_median:single_crystal,10.780000000000001,0.1,5.7731834589893865,5.6771934145932885,5.910642845935279,,5000,
FeTe0.61Se0.39,iron_chalcogenide_11,,elsevier_10.1016_j.physc.2010.03.003_VISION_PASS_LONG,A2,14.0,extraction_csv,47.0,exact,,S1_v3_2_2B_extension,single_crystal,sample_form_conditional_median:single_crystal,10.780000000000001,1.0,5.76143914285939,5.665867743192808,5.8984571248465,,5000,
FeTe0.61Se0.39,iron_chalcogenide_11,,elsevier_10.1016_j.physc.2010.03.003_VISION_PASS_LONG,A2,14.0,extraction_csv,47.0,exact,,S1_v3_2_2B_extension,single_crystal,sample_form_conditional_median:single_crystal,10.780000000000001,5.0,5.708595090813115,5.612693614868165,5.842449144433057,,5000,
FeSe1-xSx,iron_chalcogenide_11,,elsevier_10.1016_j.physc.2016.05.023_VISION_PASS_LONG,A2,9.0,extraction_csv,30.0,exact,,S1_v3_2_2B_extension,single_crystal,sample_form_conditional_median:single_crystal,4.2,0.1,5.996159972950191,5.877146982269887,6.121613313756543,,5000,
FeSe1-xSx,iron_chalcogenide_11,,elsevier_10.1016_j.physc.2016.05.023_VISION_PASS_LONG,A2,9.0,extraction_csv,30.0,exact,,S1_v3_2_2B_extension,single_crystal,sample_form_conditional_median:single_crystal,4.2,1.0,5.977635388098662,5.859582636299553,6.10301173860102,,5000,
FeSe1-xSx,iron_chalcogenide_11,,elsevier_10.1016_j.physc.2016.05.023_VISION_PASS_LONG,A2,9.0,extraction_csv,30.0,exact,,S1_v3_2_2B_extension,single_crystal,sample_form_conditional_median:single_crystal,4.2,5.0,5.88722441684934,5.774285704134635,6.0131286324611795,,5000,
FeSe1-xSx,iron_chalcogenide_11,,elsevier_10.1016_j.physc.2016.05.023_VISION_PASS_LONG,A2,9.0,extraction_csv,30.0,exact,,S1_v3_2_2B_extension,single_crystal,sample_form_conditional_median:single_crystal,20.0,0.1,,,,,5000,T_above_Tc
FeSe1-xSx,iron_chalcogenide_11,,elsevier_10.1016_j.physc.2016.05.023_VISION_PASS_LONG,A2,9.0,extraction_csv,30.0,exact,,S1_v3_2_2B_extension,single_crystal,sample_form_conditional_median:single_crystal,20.0,1.0,,,,,5000,T_above_Tc
FeSe1-xSx,iron_chalcogenide_11,,elsevier_10.1016_j.physc.2016.05.023_VISION_PASS_LONG,A2,9.0,extraction_csv,30.0,exact,,S1_v3_2_2B_extension,single_crystal,sample_form_conditional_median:single_crystal,20.0,5.0,,,,,5000,T_above_Tc
FeSe1-xSx,iron_chalcogenide_11,,elsevier_10.1016_j.physc.2016.05.023_VISION_PASS_LONG,A2,9.0,extraction_csv,30.0,exact,,S1_v3_2_2B_extension,single_crystal,sample_form_conditional_median:single_crystal,6.93,0.1,5.822037067662191,5.734416147987513,5.962394729942399,,5000,
FeSe1-xSx,iron_chalcogenide_11,,elsevier_10.1016_j.physc.2016.05.023_VISION_PASS_LONG,A2,9.0,extraction_csv,30.0,exact,,S1_v3_2_2B_extension,single_crystal,sample_form_conditional_median:single_crystal,6.93,1.0,5.803729051995326,5.716523466585222,5.944830382274861,,5000,
FeSe1-xSx,iron_chalcogenide_11,,elsevier_10.1016_j.physc.2016.05.023_VISION_PASS_LONG,A2,9.0,extraction_csv,30.0,exact,,S1_v3_2_2B_extension,single_crystal,sample_form_conditional_median:single_crystal,6.93,5.0,5.718190821968006,5.627630270729565,5.85393243035444,,5000,
FeSe1-xSx,iron_chalcogenide_11,,elsevier_10.1016_j.physc.2016.05.023_VISION_PASS_LONG,A2,9.0,extraction_csv,30.0,exact,,S1_v3_2_2B_extension,single_crystal,sample_form_conditional_median:single_crystal,4.2,0.1,5.996159972950191,5.877146982269887,6.121613313756543,,5000,
FeSe1-xSx,iron_chalcogenide_11,,elsevier_10.1016_j.physc.2016.05.023_VISION_PASS_LONG,A2,9.0,extraction_csv,30.0,exact,,S1_v3_2_2B_extension,single_crystal,sample_form_conditional_median:single_crystal,4.2,1.0,5.977635388098662,5.859582636257123,6.103105237357085,,5000,
FeSe1-xSx,iron_chalcogenide_11,,elsevier_10.1016_j.physc.2016.05.023_VISION_PASS_LONG,A2,9.0,extraction_csv,30.0,exact,,S1_v3_2_2B_extension,single_crystal,sample_form_conditional_median:single_crystal,4.2,5.0,5.88722441684934,5.774285704134635,6.01699574025554,,5000,
FeSe1-xSx,iron_chalcogenide_11,,elsevier_10.1016_j.physc.2016.05.023_VISION_PASS_LONG,A2,9.0,extraction_csv,30.0,exact,,S1_v3_2_2B_extension,single_crystal,sample_form_conditional_median:single_crystal,20.0,0.1,,,,,5000,T_above_Tc
FeSe1-xSx,iron_chalcogenide_11,,elsevier_10.1016_j.physc.2016.05.023_VISION_PASS_LONG,A2,9.0,extraction_csv,30.0,exact,,S1_v3_2_2B_extension,single_crystal,sample_form_conditional_median:single_crystal,20.0,1.0,,,,,5000,T_above_Tc
FeSe1-xSx,iron_chalcogenide_11,,elsevier_10.1016_j.physc.2016.05.023_VISION_PASS_LONG,A2,9.0,extraction_csv,30.0,exact,,S1_v3_2_2B_extension,single_crystal,sample_form_conditional_median:single_crystal,20.0,5.0,,,,,5000,T_above_Tc
FeSe1-xSx,iron_chalcogenide_11,,elsevier_10.1016_j.physc.2016.05.023_VISION_PASS_LONG,A2,9.0,extraction_csv,30.0,exact,,S1_v3_2_2B_extension,single_crystal,sample_form_conditional_median:single_crystal,6.93,0.1,5.821675129213769,5.726047025570078,5.9650583557533015,,5000,
FeSe1-xSx,iron_chalcogenide_11,,elsevier_10.1016_j.physc.2016.05.023_VISION_PASS_LONG,A2,9.0,extraction_csv,30.0,exact,,S1_v3_2_2B_extension,single_crystal,sample_form_conditional_median:single_crystal,6.93,1.0,5.803512482810662,5.708182778801413,5.947170022364559,,5000,
FeSe1-xSx,iron_chalcogenide_11,,elsevier_10.1016_j.physc.2016.05.023_VISION_PASS_LONG,A2,9.0,extraction_csv,30.0,exact,,S1_v3_2_2B_extension,single_crystal,sample_form_conditional_median:single_crystal,6.93,5.0,5.717419494161188,5.622658394186079,5.860429021658508,,5000,
FeSe1-xSx,iron_chalcogenide_11,,elsevier_10.1016_j.physc.2016.05.023_VISION_PASS_LONG,A2,9.0,extraction_csv,30.0,exact,,S1_v3_2_2B_extension,single_crystal,sample_form_conditional_median:single_crystal,4.2,0.1,5.996159972950191,5.877146982269887,6.121613313756543,,5000,
FeSe1-xSx,iron_chalcogenide_11,,elsevier_10.1016_j.physc.2016.05.023_VISION_PASS_LONG,A2,9.0,extraction_csv,30.0,exact,,S1_v3_2_2B_extension,single_crystal,sample_form_conditional_median:single_crystal,4.2,1.0,5.977635388098662,5.85958263460235,6.103088728905014,,5000,
FeSe1-xSx,iron_chalcogenide_11,,elsevier_10.1016_j.physc.2016.05.023_VISION_PASS_LONG,A2,9.0,extraction_csv,30.0,exact,,S1_v3_2_2B_extension,single_crystal,sample_form_conditional_median:single_crystal,4.2,5.0,5.88722441684934,5.774285694195378,6.0131286324611795,,5000,
FeSe1-xSx,iron_chalcogenide_11,,elsevier_10.1016_j.physc.2016.05.023_VISION_PASS_LONG,A2,9.0,extraction_csv,30.0,exact,,S1_v3_2_2B_extension,single_crystal,sample_form_conditional_median:single_crystal,20.0,0.1,,,,,5000,T_above_Tc
FeSe1-xSx,iron_chalcogenide_11,,elsevier_10.1016_j.physc.2016.05.023_VISION_PASS_LONG,A2,9.0,extraction_csv,30.0,exact,,S1_v3_2_2B_extension,single_crystal,sample_form_conditional_median:single_crystal,20.0,1.0,,,,,5000,T_above_Tc
FeSe1-xSx,iron_chalcogenide_11,,elsevier_10.1016_j.physc.2016.05.023_VISION_PASS_LONG,A2,9.0,extraction_csv,30.0,exact,,S1_v3_2_2B_extension,single_crystal,sample_form_conditional_median:single_crystal,20.0,5.0,,,,,5000,T_above_Tc
FeSe1-xSx,iron_chalcogenide_11,,elsevier_10.1016_j.physc.2016.05.023_VISION_PASS_LONG,A2,9.0,extraction_csv,30.0,exact,,S1_v3_2_2B_extension,single_crystal,sample_form_conditional_median:single_crystal,6.93,0.1,5.822037067662191,5.726047025570078,5.964734368334893,,5000,
FeSe1-xSx,iron_chalcogenide_11,,elsevier_10.1016_j.physc.2016.05.023_VISION_PASS_LONG,A2,9.0,extraction_csv,30.0,exact,,S1_v3_2_2B_extension,single_crystal,sample_form_conditional_median:single_crystal,6.93,1.0,5.803729053692529,5.708482677253329,5.945770591287386,,5000,
FeSe1-xSx,iron_chalcogenide_11,,elsevier_10.1016_j.physc.2016.05.023_VISION_PASS_LONG,A2,9.0,extraction_csv,30.0,exact,,S1_v3_2_2B_extension,single_crystal,sample_form_conditional_median:single_crystal,6.93,5.0,5.718190821968006,5.623185737495569,5.857777156441395,,5000,
FeSe1-xSx,iron_chalcogenide_11,,elsevier_10.1016_j.physc.2016.05.023_VISION_PASS_LONG,A2,9.0,extraction_csv,30.0,exact,,S1_v3_2_2B_extension,single_crystal,sample_form_conditional_median:single_crystal,4.2,0.1,5.996159972950191,5.877146982269887,6.121613313756543,,5000,
FeSe1-xSx,iron_chalcogenide_11,,elsevier_10.1016_j.physc.2016.05.023_VISION_PASS_LONG,A2,9.0,extraction_csv,30.0,exact,,S1_v3_2_2B_extension,single_crystal,sample_form_conditional_median:single_crystal,4.2,1.0,5.977635388098662,5.85958263460235,6.103749066987878,,5000,
FeSe1-xSx,iron_chalcogenide_11,,elsevier_10.1016_j.physc.2016.05.023_VISION_PASS_LONG,A2,9.0,extraction_csv,30.0,exact,,S1_v3_2_2B_extension,single_crystal,sample_form_conditional_median:single_crystal,4.2,5.0,5.88722441684934,5.774285694195378,6.01699574025554,,5000,
FeSe1-xSx,iron_chalcogenide_11,,elsevier_10.1016_j.physc.2016.05.023_VISION_PASS_LONG,A2,9.0,extraction_csv,30.0,exact,,S1_v3_2_2B_extension,single_crystal,sample_form_conditional_median:single_crystal,20.0,0.1,,,,,5000,T_above_Tc
FeSe1-xSx,iron_chalcogenide_11,,elsevier_10.1016_j.physc.2016.05.023_VISION_PASS_LONG,A2,9.0,extraction_csv,30.0,exact,,S1_v3_2_2B_extension,single_crystal,sample_form_conditional_median:single_crystal,20.0,1.0,,,,,5000,T_above_Tc
FeSe1-xSx,iron_chalcogenide_11,,elsevier_10.1016_j.physc.2016.05.023_VISION_PASS_LONG,A2,9.0,extraction_csv,30.0,exact,,S1_v3_2_2B_extension,single_crystal,sample_form_conditional_median:single_crystal,20.0,5.0,,,,,5000,T_above_Tc
FeSe1-xSx,iron_chalcogenide_11,,elsevier_10.1016_j.physc.2016.05.023_VISION_PASS_LONG,A2,9.0,extraction_csv,30.0,exact,,S1_v3_2_2B_extension,single_crystal,sample_form_conditional_median:single_crystal,6.93,0.1,5.821675129213769,5.726047025629154,5.964734368334893,,5000,
FeSe1-xSx,iron_chalcogenide_11,,elsevier_10.1016_j.physc.2016.05.023_VISION_PASS_LONG,A2,9.0,extraction_csv,30.0,exact,,S1_v3_2_2B_extension,single_crystal,sample_form_conditional_median:single_crystal,6.93,1.0,5.803512482810662,5.708697125729257,5.946877619043756,,5000,
FeSe1-xSx,iron_chalcogenide_11,,elsevier_10.1016_j.physc.2016.05.023_VISION_PASS_LONG,A2,9.0,extraction_csv,30.0,exact,,S1_v3_2_2B_extension,single_crystal,sample_form_conditional_median:single_crystal,6.93,5.0,5.717419494161188,5.6231857474348255,5.859533442116371,,5000,
FeSe1-xSx,iron_chalcogenide_11,,elsevier_10.1016_j.physc.2016.05.023_VISION_PASS_LONG,A2,9.0,extraction_csv,30.0,exact,,S1_v3_2_2B_extension,single_crystal,sample_form_conditional_median:single_crystal,4.2,0.1,5.996159972950191,5.877146982269887,6.121613313756543,,5000,
FeSe1-xSx,iron_chalcogenide_11,,elsevier_10.1016_j.physc.2016.05.023_VISION_PASS_LONG,A2,9.0,extraction_csv,30.0,exact,,S1_v3_2_2B_extension,single_crystal,sample_form_conditional_median:single_crystal,4.2,1.0,5.977635388098662,5.85958263460235,6.103088728905014,,5000,
FeSe1-xSx,iron_chalcogenide_11,,elsevier_10.1016_j.physc.2016.05.023_VISION_PASS_LONG,A2,9.0,extraction_csv,30.0,exact,,S1_v3_2_2B_extension,single_crystal,sample_form_conditional_median:single_crystal,4.2,5.0,5.88722441684934,5.774285694195378,6.0131286324611795,,5000,
FeSe1-xSx,iron_chalcogenide_11,,elsevier_10.1016_j.physc.2016.05.023_VISION_PASS_LONG,A2,9.0,extraction_csv,30.0,exact,,S1_v3_2_2B_extension,single_crystal,sample_form_conditional_median:single_crystal,20.0,0.1,,,,,5000,T_above_Tc
FeSe1-xSx,iron_chalcogenide_11,,elsevier_10.1016_j.physc.2016.05.023_VISION_PASS_LONG,A2,9.0,extraction_csv,30.0,exact,,S1_v3_2_2B_extension,single_crystal,sample_form_conditional_median:single_crystal,20.0,1.0,,,,,5000,T_above_Tc
FeSe1-xSx,iron_chalcogenide_11,,elsevier_10.1016_j.physc.2016.05.023_VISION_PASS_LONG,A2,9.0,extraction_csv,30.0,exact,,S1_v3_2_2B_extension,single_crystal,sample_form_conditional_median:single_crystal,20.0,5.0,,,,,5000,T_above_Tc
FeSe1-xSx,iron_chalcogenide_11,,elsevier_10.1016_j.physc.2016.05.023_VISION_PASS_LONG,A2,9.0,extraction_csv,30.0,exact,,S1_v3_2_2B_extension,single_crystal,sample_form_conditional_median:single_crystal,6.93,0.1,5.822037067662191,5.726047025629154,5.964734368334893,,5000,
FeSe1-xSx,iron_chalcogenide_11,,elsevier_10.1016_j.physc.2016.05.023_VISION_PASS_LONG,A2,9.0,extraction_csv,30.0,exact,,S1_v3_2_2B_extension,single_crystal,sample_form_conditional_median:single_crystal,6.93,1.0,5.803512485173723,5.70848267965882,5.947170022364559,,5000,
FeSe1-xSx,iron_chalcogenide_11,,elsevier_10.1016_j.physc.2016.05.023_VISION_PASS_LONG,A2,9.0,extraction_csv,30.0,exact,,S1_v3_2_2B_extension,single_crystal,sample_form_conditional_median:single_crystal,6.93,5.0,5.717419494161188,5.6231857474348255,5.859456652233159,,5000,
MgB2,conventional_AlB2,,elsevier_10.1016_j.matpr.2019.05.078_VISION_PASS_LONG,A2,39.0,extraction_csv,15.5,exact,,S1_v3_2_2B_extension,,substructure_aggregate_median,4.2,0.1,5.324105348641889,5.171003190830169,5.549941092791016,,5000,
MgB2,conventional_AlB2,,elsevier_10.1016_j.matpr.2019.05.078_VISION_PASS_LONG,A2,39.0,extraction_csv,15.5,exact,,S1_v3_2_2B_extension,,substructure_aggregate_median,4.2,1.0,5.269431390263902,5.120424236045683,5.492050108669313,,5000,
MgB2,conventional_AlB2,,elsevier_10.1016_j.matpr.2019.05.078_VISION_PASS_LONG,A2,39.0,extraction_csv,15.5,exact,,S1_v3_2_2B_extension,,substructure_aggregate_median,4.2,5.0,4.981543337214,4.802802680640668,5.197672786083292,,5000,
MgB2,conventional_AlB2,,elsevier_10.1016_j.matpr.2019.05.078_VISION_PASS_LONG,A2,39.0,extraction_csv,15.5,exact,,S1_v3_2_2B_extension,,substructure_aggregate_median,20.0,0.1,5.038093060585345,4.785102982134019,5.338809396582968,,5000,
MgB2,conventional_AlB2,,elsevier_10.1016_j.matpr.2019.05.078_VISION_PASS_LONG,A2,39.0,extraction_csv,15.5,exact,,S1_v3_2_2B_extension,,substructure_aggregate_median,20.0,1.0,4.9798879586706795,4.729325014020632,5.281672260941361,,5000,
MgB2,conventional_AlB2,,elsevier_10.1016_j.matpr.2019.05.078_VISION_PASS_LONG,A2,39.0,extraction_csv,15.5,exact,,S1_v3_2_2B_extension,,substructure_aggregate_median,20.0,5.0,4.682324600178827,4.40990053583562,4.988200306574173,,5000,
MgB2,conventional_AlB2,,elsevier_10.1016_j.matpr.2019.05.078_VISION_PASS_LONG,A2,39.0,extraction_csv,15.5,exact,,S1_v3_2_2B_extension,,substructure_aggregate_median,30.03,0.1,4.65311892419406,4.230130770442007,5.15788764388075,,5000,
MgB2,conventional_AlB2,,elsevier_10.1016_j.matpr.2019.05.078_VISION_PASS_LONG,A2,39.0,extraction_csv,15.5,exact,,S1_v3_2_2B_extension,,substructure_aggregate_median,30.03,1.0,4.592010914328641,4.1832818336896045,5.104715704949575,,5000,
MgB2,conventional_AlB2,,elsevier_10.1016_j.matpr.2019.05.078_VISION_PASS_LONG,A2,39.0,extraction_csv,15.5,exact,,S1_v3_2_2B_extension,,substructure_aggregate_median,30.03,5.0,4.286223364054467,3.853627244631777,4.821598132207009,,5000,
MgB2,conventional_AlB2,,elsevier_10.1016_j.matpr.2019.05.078_VISION_PASS_LONG,A2,39.0,extraction_csv,15.5,exact,,S1_v3_2_2B_extension,,substructure_aggregate_median,4.2,0.1,5.324105348641889,5.171003190830169,5.559330705252185,,5000,
MgB2,conventional_AlB2,,elsevier_10.1016_j.matpr.2019.05.078_VISION_PASS_LONG,A2,39.0,extraction_csv,15.5,exact,,S1_v3_2_2B_extension,,substructure_aggregate_median,4.2,1.0,5.271536162912187,5.118442248460498,5.495339282587556,,5000,
MgB2,conventional_AlB2,,elsevier_10.1016_j.matpr.2019.05.078_VISION_PASS_LONG,A2,39.0,extraction_csv,15.5,exact,,S1_v3_2_2B_extension,,substructure_aggregate_median,4.2,5.0,4.980622895715926,4.802244940409238,5.196442049538501,,5000,
MgB2,conventional_AlB2,,elsevier_10.1016_j.matpr.2019.05.078_VISION_PASS_LONG,A2,39.0,extraction_csv,15.5,exact,,S1_v3_2_2B_extension,,substructure_aggregate_median,20.0,0.1,5.037661166864107,4.778071151294755,5.348199009044136,,5000,
MgB2,conventional_AlB2,,elsevier_10.1016_j.matpr.2019.05.078_VISION_PASS_LONG,A2,39.0,extraction_csv,15.5,exact,,S1_v3_2_2B_extension,,substructure_aggregate_median,20.0,1.0,4.97879189240862,4.7201576481504315,5.291846740217736,,5000,
MgB2,conventional_AlB2,,elsevier_10.1016_j.matpr.2019.05.078_VISION_PASS_LONG,A2,39.0,extraction_csv,15.5,exact,,S1_v3_2_2B_extension,,substructure_aggregate_median,20.0,5.0,4.680143004003336,4.400576797181746,4.9994397684697915,,5000,
MgB2,conventional_AlB2,,elsevier_10.1016_j.matpr.2019.05.078_VISION_PASS_LONG,A2,39.0,extraction_csv,15.5,exact,,S1_v3_2_2B_extension,,substructure_aggregate_median,30.03,0.1,4.65311892419406,4.14044858291133,5.187264211488694,,5000,
MgB2,conventional_AlB2,,elsevier_10.1016_j.matpr.2019.05.078_VISION_PASS_LONG,A2,39.0,extraction_csv,15.5,exact,,S1_v3_2_2B_extension,,substructure_aggregate_median,30.03,1.0,4.598444965816073,4.082743675233636,5.127732334022279,,5000,
MgB2,conventional_AlB2,,elsevier_10.1016_j.matpr.2019.05.078_VISION_PASS_LONG,A2,39.0,extraction_csv,15.5,exact,,S1_v3_2_2B_extension,,substructure_aggregate_median,30.03,5.0,4.294744783542939,3.7917743597234104,4.833303921184637,,5000,
Ba(Fe1-xCox)2As2,iron_pnictide_122,,elsevier_10.1016_j.physc.2009.03.028_VISION_PASS_LONG,A2,22.8,extraction_csv,50.0,exact,,S1_v3_2_2B_extension,single_crystal,sample_form_conditional_median:single_crystal,4.2,0.1,5.746354490991693,5.614582757298319,5.804297695181981,,5000,
Ba(Fe1-xCox)2As2,iron_pnictide_122,,elsevier_10.1016_j.physc.2009.03.028_VISION_PASS_LONG,A2,22.8,extraction_csv,50.0,exact,,S1_v3_2_2B_extension,single_crystal,sample_form_conditional_median:single_crystal,4.2,1.0,5.741741332730754,5.611680084444697,5.799039121662482,,5000,
Ba(Fe1-xCox)2As2,iron_pnictide_122,,elsevier_10.1016_j.physc.2009.03.028_VISION_PASS_LONG,A2,22.8,extraction_csv,50.0,exact,,S1_v3_2_2B_extension,single_crystal,sample_form_conditional_median:single_crystal,4.2,5.0,5.716439387381069,5.5938646011605915,5.779575122626036,,5000,
Ba(Fe1-xCox)2As2,iron_pnictide_122,,elsevier_10.1016_j.physc.2009.03.028_VISION_PASS_LONG,A2,22.8,extraction_csv,50.0,exact,,S1_v3_2_2B_extension,single_crystal,sample_form_conditional_median:single_crystal,20.0,0.1,4.594605391563832,4.435184938036688,4.745504051089478,,5000,
Ba(Fe1-xCox)2As2,iron_pnictide_122,,elsevier_10.1016_j.physc.2009.03.028_VISION_PASS_LONG,A2,22.8,extraction_csv,50.0,exact,,S1_v3_2_2B_extension,single_crystal,sample_form_conditional_median:single_crystal,20.0,1.0,4.589860843942482,4.430085612050174,4.7406090837498,,5000,
Ba(Fe1-xCox)2As2,iron_pnictide_122,,elsevier_10.1016_j.physc.2009.03.028_VISION_PASS_LONG,A2,22.8,extraction_csv,50.0,exact,,S1_v3_2_2B_extension,single_crystal,sample_form_conditional_median:single_crystal,20.0,5.0,4.5672718555376015,4.405197251138947,4.720288969308254,,5000,
Ba(Fe1-xCox)2As2,iron_pnictide_122,,elsevier_10.1016_j.physc.2009.03.028_VISION_PASS_LONG,A2,22.8,extraction_csv,50.0,exact,,S1_v3_2_2B_extension,single_crystal,sample_form_conditional_median:single_crystal,17.556,0.1,4.974118973256945,4.838378789778943,5.085646613168999,,5000,
Ba(Fe1-xCox)2As2,iron_pnictide_122,,elsevier_10.1016_j.physc.2009.03.028_VISION_PASS_LONG,A2,22.8,extraction_csv,50.0,exact,,S1_v3_2_2B_extension,single_crystal,sample_form_conditional_median:single_crystal,17.556,1.0,4.969071750413592,4.832556062990051,5.0813720530819655,,5000,
Ba(Fe1-xCox)2As2,iron_pnictide_122,,elsevier_10.1016_j.physc.2009.03.028_VISION_PASS_LONG,A2,22.8,extraction_csv,50.0,exact,,S1_v3_2_2B_extension,single_crystal,sample_form_conditional_median:single_crystal,17.556,5.0,4.946027977695779,4.809202198077686,5.059614191142846,,5000,
Ba(Fe1-xCox)2As2,iron_pnictide_122,,elsevier_10.1016_j.physc.2009.03.028_VISION_PASS_LONG,A2,22.8,extraction_csv,50.0,exact,,S1_v3_2_2B_extension,single_crystal,sample_form_conditional_median:single_crystal,4.2,0.1,5.746354490991693,5.635326719245767,5.802165025000917,,5000,
Ba(Fe1-xCox)2As2,iron_pnictide_122,,elsevier_10.1016_j.physc.2009.03.028_VISION_PASS_LONG,A2,22.8,extraction_csv,50.0,exact,,S1_v3_2_2B_extension,single_crystal,sample_form_conditional_median:single_crystal,4.2,1.0,5.740505160763102,5.631409631675387,5.7961318302967255,,5000,
Ba(Fe1-xCox)2As2,iron_pnictide_122,,elsevier_10.1016_j.physc.2009.03.028_VISION_PASS_LONG,A2,22.8,extraction_csv,50.0,exact,,S1_v3_2_2B_extension,single_crystal,sample_form_conditional_median:single_crystal,4.2,5.0,5.712584056964654,5.599869341406594,5.778075371428925,,5000,
Ba(Fe1-xCox)2As2,iron_pnictide_122,,elsevier_10.1016_j.physc.2009.03.028_VISION_PASS_LONG,A2,22.8,extraction_csv,50.0,exact,,S1_v3_2_2B_extension,single_crystal,sample_form_conditional_median:single_crystal,20.0,0.1,4.592433412753724,4.4364239402611565,4.742685941173177,,5000,
Ba(Fe1-xCox)2As2,iron_pnictide_122,,elsevier_10.1016_j.physc.2009.03.028_VISION_PASS_LONG,A2,22.8,extraction_csv,50.0,exact,,S1_v3_2_2B_extension,single_crystal,sample_form_conditional_median:single_crystal,20.0,1.0,4.588068518836984,4.432101567748119,4.738164422268209,,5000,
Ba(Fe1-xCox)2As2,iron_pnictide_122,,elsevier_10.1016_j.physc.2009.03.028_VISION_PASS_LONG,A2,22.8,extraction_csv,50.0,exact,,S1_v3_2_2B_extension,single_crystal,sample_form_conditional_median:single_crystal,20.0,5.0,4.565219362822763,4.406904027205552,4.715313451789918,,5000,
Ba(Fe1-xCox)2As2,iron_pnictide_122,,elsevier_10.1016_j.physc.2009.03.028_VISION_PASS_LONG,A2,22.8,extraction_csv,50.0,exact,,S1_v3_2_2B_extension,single_crystal,sample_form_conditional_median:single_crystal,17.556,0.1,4.971585885579554,4.841175823102572,5.085203722514677,,5000,
Ba(Fe1-xCox)2As2,iron_pnictide_122,,elsevier_10.1016_j.physc.2009.03.028_VISION_PASS_LONG,A2,22.8,extraction_csv,50.0,exact,,S1_v3_2_2B_extension,single_crystal,sample_form_conditional_median:single_crystal,17.556,1.0,4.966526059249118,4.836286701419066,5.079957481376967,,5000,
Ba(Fe1-xCox)2As2,iron_pnictide_122,,elsevier_10.1016_j.physc.2009.03.028_VISION_PASS_LONG,A2,22.8,extraction_csv,50.0,exact,,S1_v3_2_2B_extension,single_crystal,sample_form_conditional_median:single_crystal,17.556,5.0,4.943893257401152,4.81184280219529,5.058696934503218,,5000,
Ba(Fe1-xCox)2As2,iron_pnictide_122,,elsevier_10.1016_j.physc.2009.03.028_VISION_PASS_LONG,A2,22.8,extraction_csv,50.0,exact,,S1_v3_2_2B_extension,single_crystal,sample_form_conditional_median:single_crystal,4.2,0.1,5.746354490991693,5.636927477444992,5.802831805312083,,5000,
Ba(Fe1-xCox)2As2,iron_pnictide_122,,elsevier_10.1016_j.physc.2009.03.028_VISION_PASS_LONG,A2,22.8,extraction_csv,50.0,exact,,S1_v3_2_2B_extension,single_crystal,sample_form_conditional_median:single_crystal,4.2,1.0,5.740902344022302,5.632342453686706,5.796802387270125,,5000,
Ba(Fe1-xCox)2As2,iron_pnictide_122,,elsevier_10.1016_j.physc.2009.03.028_VISION_PASS_LONG,A2,22.8,extraction_csv,50.0,exact,,S1_v3_2_2B_extension,single_crystal,sample_form_conditional_median:single_crystal,4.2,5.0,5.713137201544459,5.601891966606043,5.7770057172823455,,5000,
Ba(Fe1-xCox)2As2,iron_pnictide_122,,elsevier_10.1016_j.physc.2009.03.028_VISION_PASS_LONG,A2,22.8,extraction_csv,50.0,exact,,S1_v3_2_2B_extension,single_crystal,sample_form_conditional_median:single_crystal,20.0,0.1,4.594605393293062,4.430270532616448,4.737394235753682,,5000,
Ba(Fe1-xCox)2As2,iron_pnictide_122,,elsevier_10.1016_j.physc.2009.03.028_VISION_PASS_LONG,A2,22.8,extraction_csv,50.0,exact,,S1_v3_2_2B_extension,single_crystal,sample_form_conditional_median:single_crystal,20.0,1.0,4.589861555878356,4.4230839879396875,4.732158486348138,,5000,
Ba(Fe1-xCox)2As2,iron_pnictide_122,,elsevier_10.1016_j.physc.2009.03.028_VISION_PASS_LONG,A2,22.8,extraction_csv,50.0,exact,,S1_v3_2_2B_extension,single_crystal,sample_form_conditional_median:single_crystal,20.0,5.0,4.566419291884309,4.401197602851506,4.712888361218463,,5000,
Ba(Fe1-xCox)2As2,iron_pnictide_122,,elsevier_10.1016_j.physc.2009.03.028_VISION_PASS_LONG,A2,22.8,extraction_csv,50.0,exact,,S1_v3_2_2B_extension,single_crystal,sample_form_conditional_median:single_crystal,17.556,0.1,4.974671816918892,4.835601601424821,5.0806433737858345,,5000,
Ba(Fe1-xCox)2As2,iron_pnictide_122,,elsevier_10.1016_j.physc.2009.03.028_VISION_PASS_LONG,A2,22.8,extraction_csv,50.0,exact,,S1_v3_2_2B_extension,single_crystal,sample_form_conditional_median:single_crystal,17.556,1.0,4.969506442020448,4.830613353048408,5.075853597274223,,5000,
Ba(Fe1-xCox)2As2,iron_pnictide_122,,elsevier_10.1016_j.physc.2009.03.028_VISION_PASS_LONG,A2,22.8,extraction_csv,50.0,exact,,S1_v3_2_2B_extension,single_crystal,sample_form_conditional_median:single_crystal,17.556,5.0,4.9473299692616415,4.8110897132357975,5.05563970046884,,5000,
Ba(Fe1-xCox)2As2,iron_pnictide_122,,elsevier_10.1016_j.physc.2009.03.028_VISION_PASS_LONG,A2,22.8,extraction_csv,50.0,exact,,S1_v3_2_2B_extension,single_crystal,sample_form_conditional_median:single_crystal,4.2,0.1,5.746354490991693,5.635326719245767,5.804297695181981,,5000,
Ba(Fe1-xCox)2As2,iron_pnictide_122,,elsevier_10.1016_j.physc.2009.03.028_VISION_PASS_LONG,A2,22.8,extraction_csv,50.0,exact,,S1_v3_2_2B_extension,single_crystal,sample_form_conditional_median:single_crystal,4.2,1.0,5.741109793906934,5.63043075210416,5.799658262043565,,5000,
Ba(Fe1-xCox)2As2,iron_pnictide_122,,elsevier_10.1016_j.physc.2009.03.028_VISION_PASS_LONG,A2,22.8,extraction_csv,50.0,exact,,S1_v3_2_2B_extension,single_crystal,sample_form_conditional_median:single_crystal,4.2,5.0,5.71376293339522,5.5992299240929,5.7803676135656685,,5000,
Ba(Fe1-xCox)2As2,iron_pnictide_122,,elsevier_10.1016_j.physc.2009.03.028_VISION_PASS_LONG,A2,22.8,extraction_csv,50.0,exact,,S1_v3_2_2B_extension,single_crystal,sample_form_conditional_median:single_crystal,20.0,0.1,4.594164007907304,4.426263259190456,4.745304958233497,,5000,
Ba(Fe1-xCox)2As2,iron_pnictide_122,,elsevier_10.1016_j.physc.2009.03.028_VISION_PASS_LONG,A2,22.8,extraction_csv,50.0,exact,,S1_v3_2_2B_extension,single_crystal,sample_form_conditional_median:single_crystal,20.0,1.0,4.58891593560282,4.420452888439067,4.740860146474546,,5000,
Ba(Fe1-xCox)2As2,iron_pnictide_122,,elsevier_10.1016_j.physc.2009.03.028_VISION_PASS_LONG,A2,22.8,extraction_csv,50.0,exact,,S1_v3_2_2B_extension,single_crystal,sample_form_conditional_median:single_crystal,20.0,5.0,4.566032689432624,4.397942789464952,4.717931271302332,,5000,
Ba(Fe1-xCox)2As2,iron_pnictide_122,,elsevier_10.1016_j.physc.2009.03.028_VISION_PASS_LONG,A2,22.8,extraction_csv,50.0,exact,,S1_v3_2_2B_extension,single_crystal,sample_form_conditional_median:single_crystal,17.556,0.1,4.974136874826732,4.834265165801466,5.086190845256401,,5000,
Ba(Fe1-xCox)2As2,iron_pnictide_122,,elsevier_10.1016_j.physc.2009.03.028_VISION_PASS_LONG,A2,22.8,extraction_csv,50.0,exact,,S1_v3_2_2B_extension,single_crystal,sample_form_conditional_median:single_crystal,17.556,1.0,4.968651226674448,4.829141439425458,5.08177828304763,,5000,
Ba(Fe1-xCox)2As2,iron_pnictide_122,,elsevier_10.1016_j.physc.2009.03.028_VISION_PASS_LONG,A2,22.8,extraction_csv,50.0,exact,,S1_v3_2_2B_extension,single_crystal,sample_form_conditional_median:single_crystal,17.556,5.0,4.945574600417709,4.80294475029375,5.060895929498674,,5000,
Ba(Fe1-xCox)2As2,iron_pnictide_122,,elsevier_10.1016_j.physc.2009.03.028_VISION_PASS_LONG,A2,22.8,extraction_csv,50.0,exact,,S1_v3_2_2B_extension,single_crystal,sample_form_conditional_median:single_crystal,4.2,0.1,5.746354490991693,5.635326719245767,5.804964475493147,,5000,
Ba(Fe1-xCox)2As2,iron_pnictide_122,,elsevier_10.1016_j.physc.2009.03.028_VISION_PASS_LONG,A2,22.8,extraction_csv,50.0,exact,,S1_v3_2_2B_extension,single_crystal,sample_form_conditional_median:single_crystal,4.2,1.0,5.74127921142142,5.628803252827239,5.800390257193364,,5000,
Ba(Fe1-xCox)2As2,iron_pnictide_122,,elsevier_10.1016_j.physc.2009.03.028_VISION_PASS_LONG,A2,22.8,extraction_csv,50.0,exact,,S1_v3_2_2B_extension,single_crystal,sample_form_conditional_median:single_crystal,4.2,5.0,5.714390547645239,5.59829616963159,5.78144686886319,,5000,
Ba(Fe1-xCox)2As2,iron_pnictide_122,,elsevier_10.1016_j.physc.2009.03.028_VISION_PASS_LONG,A2,22.8,extraction_csv,50.0,exact,,S1_v3_2_2B_extension,single_crystal,sample_form_conditional_median:single_crystal,20.0,0.1,4.595389528477157,4.432559202650756,4.745863776009717,,5000,
Ba(Fe1-xCox)2As2,iron_pnictide_122,,elsevier_10.1016_j.physc.2009.03.028_VISION_PASS_LONG,A2,22.8,extraction_csv,50.0,exact,,S1_v3_2_2B_extension,single_crystal,sample_form_conditional_median:single_crystal,20.0,1.0,4.5907744482001895,4.427372836457305,4.7411830479046415,,5000,
Ba(Fe1-xCox)2As2,iron_pnictide_122,,elsevier_10.1016_j.physc.2009.03.028_VISION_PASS_LONG,A2,22.8,extraction_csv,50.0,exact,,S1_v3_2_2B_extension,single_crystal,sample_form_conditional_median:single_crystal,20.0,5.0,4.569546795598436,4.402658119449191,4.720099082522456,,5000,
Ba(Fe1-xCox)2As2,iron_pnictide_122,,elsevier_10.1016_j.physc.2009.03.028_VISION_PASS_LONG,A2,22.8,extraction_csv,50.0,exact,,S1_v3_2_2B_extension,single_crystal,sample_form_conditional_median:single_crystal,17.556,0.1,4.974320329998145,4.838380008473112,5.086045657117743,,5000,
Ba(Fe1-xCox)2As2,iron_pnictide_122,,elsevier_10.1016_j.physc.2009.03.028_VISION_PASS_LONG,A2,22.8,extraction_csv,50.0,exact,,S1_v3_2_2B_extension,single_crystal,sample_form_conditional_median:single_crystal,17.556,1.0,4.969493566532623,4.834087406933016,5.081183862191726,,5000,
Ba(Fe1-xCox)2As2,iron_pnictide_122,,elsevier_10.1016_j.physc.2009.03.028_VISION_PASS_LONG,A2,22.8,extraction_csv,50.0,exact,,S1_v3_2_2B_extension,single_crystal,sample_form_conditional_median:single_crystal,17.556,5.0,4.947657079792892,4.8129591043037685,5.061717065280928,,5000,
Ba(Fe1-xCox)2As2,iron_pnictide_122,,elsevier_10.1016_j.physc.2009.03.028_VISION_PASS_LONG,A2,22.8,extraction_csv,50.0,exact,,S1_v3_2_2B_extension,single_crystal,sample_form_conditional_median:single_crystal,4.2,0.1,5.746354490991693,5.636927477444992,5.813389291270404,,5000,
Ba(Fe1-xCox)2As2,iron_pnictide_122,,elsevier_10.1016_j.physc.2009.03.028_VISION_PASS_LONG,A2,22.8,extraction_csv,50.0,exact,,S1_v3_2_2B_extension,single_crystal,sample_form_conditional_median:single_crystal,4.2,1.0,5.741472784871311,5.632256751778779,5.803915302305488,,5000,
Ba(Fe1-xCox)2As2,iron_pnictide_122,,elsevier_10.1016_j.physc.2009.03.028_VISION_PASS_LONG,A2,22.8,extraction_csv,50.0,exact,,S1_v3_2_2B_extension,single_crystal,sample_form_conditional_median:single_crystal,4.2,5.0,5.714426985660092,5.606744830148727,5.783587415253628,,5000,
Ba(Fe1-xCox)2As2,iron_pnictide_122,,elsevier_10.1016_j.physc.2009.03.028_VISION_PASS_LONG,A2,22.8,extraction_csv,50.0,exact,,S1_v3_2_2B_extension,single_crystal,sample_form_conditional_median:single_crystal,20.0,0.1,4.594578734464027,4.436176788899751,4.745742282032558,,5000,
Ba(Fe1-xCox)2As2,iron_pnictide_122,,elsevier_10.1016_j.physc.2009.03.028_VISION_PASS_LONG,A2,22.8,extraction_csv,50.0,exact,,S1_v3_2_2B_extension,single_crystal,sample_form_conditional_median:single_crystal,20.0,1.0,4.589623111784053,4.430951726172771,4.741642268146651,,5000,
Ba(Fe1-xCox)2As2,iron_pnictide_122,,elsevier_10.1016_j.physc.2009.03.028_VISION_PASS_LONG,A2,22.8,extraction_csv,50.0,exact,,S1_v3_2_2B_extension,single_crystal,sample_form_conditional_median:single_crystal,20.0,5.0,4.567257676514327,4.407254928189809,4.718446506911608,,5000,
Ba(Fe1-xCox)2As2,iron_pnictide_122,,elsevier_10.1016_j.physc.2009.03.028_VISION_PASS_LONG,A2,22.8,extraction_csv,50.0,exact,,S1_v3_2_2B_extension,single_crystal,sample_form_conditional_median:single_crystal,17.556,0.1,4.97421215345618,4.8436771518141235,5.088031481250142,,5000,
Ba(Fe1-xCox)2As2,iron_pnictide_122,,elsevier_10.1016_j.physc.2009.03.028_VISION_PASS_LONG,A2,22.8,extraction_csv,50.0,exact,,S1_v3_2_2B_extension,single_crystal,sample_form_conditional_median:single_crystal,17.556,1.0,4.968887095977257,4.840030178421262,5.084013681942526,,5000,
Ba(Fe1-xCox)2As2,iron_pnictide_122,,elsevier_10.1016_j.physc.2009.03.028_VISION_PASS_LONG,A2,22.8,extraction_csv,50.0,exact,,S1_v3_2_2B_extension,single_crystal,sample_form_conditional_median:single_crystal,17.556,5.0,4.946032638563464,4.817903095749873,5.06462288126263,,5000,
Ba(Fe1-xCox)2As2,iron_pnictide_122,,elsevier_10.1016_j.physc.2009.03.028_VISION_PASS_LONG,A2,22.8,extraction_csv,50.0,exact,,S1_v3_2_2B_extension,single_crystal,sample_form_conditional_median:single_crystal,4.2,0.1,5.746354490991693,5.635326719245767,5.813389291270404,,5000,
Ba(Fe1-xCox)2As2,iron_pnictide_122,,elsevier_10.1016_j.physc.2009.03.028_VISION_PASS_LONG,A2,22.8,extraction_csv,50.0,exact,,S1_v3_2_2B_extension,single_crystal,sample_form_conditional_median:single_crystal,4.2,1.0,5.741472784871311,5.624159877897084,5.802552678479633,,5000,
Ba(Fe1-xCox)2As2,iron_pnictide_122,,elsevier_10.1016_j.physc.2009.03.028_VISION_PASS_LONG,A2,22.8,extraction_csv,50.0,exact,,S1_v3_2_2B_extension,single_crystal,sample_form_conditional_median:single_crystal,4.2,5.0,5.713516768051195,5.595373809530867,5.7816081497672345,,5000,
Ba(Fe1-xCox)2As2,iron_pnictide_122,,elsevier_10.1016_j.physc.2009.03.028_VISION_PASS_LONG,A2,22.8,extraction_csv,50.0,exact,,S1_v3_2_2B_extension,single_crystal,sample_form_conditional_median:single_crystal,20.0,0.1,4.593267500266155,4.430497912804317,4.747379986765087,,5000,
Ba(Fe1-xCox)2As2,iron_pnictide_122,,elsevier_10.1016_j.physc.2009.03.028_VISION_PASS_LONG,A2,22.8,extraction_csv,50.0,exact,,S1_v3_2_2B_extension,single_crystal,sample_form_conditional_median:single_crystal,20.0,1.0,4.588287677121702,4.425426005417872,4.741661344922385,,5000,
Ba(Fe1-xCox)2As2,iron_pnictide_122,,elsevier_10.1016_j.physc.2009.03.028_VISION_PASS_LONG,A2,22.8,extraction_csv,50.0,exact,,S1_v3_2_2B_extension,single_crystal,sample_form_conditional_median:single_crystal,20.0,5.0,4.5664349134882505,4.397107675794731,4.717749302736668,,5000,
Ba(Fe1-xCox)2As2,iron_pnictide_122,,elsevier_10.1016_j.physc.2009.03.028_VISION_PASS_LONG,A2,22.8,extraction_csv,50.0,exact,,S1_v3_2_2B_extension,single_crystal,sample_form_conditional_median:single_crystal,17.556,0.1,4.9746954514906045,4.837065722529612,5.089575786776866,,5000,
Ba(Fe1-xCox)2As2,iron_pnictide_122,,elsevier_10.1016_j.physc.2009.03.028_VISION_PASS_LONG,A2,22.8,extraction_csv,50.0,exact,,S1_v3_2_2B_extension,single_crystal,sample_form_conditional_median:single_crystal,17.556,1.0,4.970005828715422,4.830838749804315,5.084085413843515,,5000,
Ba(Fe1-xCox)2As2,iron_pnictide_122,,elsevier_10.1016_j.physc.2009.03.028_VISION_PASS_LONG,A2,22.8,extraction_csv,50.0,exact,,S1_v3_2_2B_extension,single_crystal,sample_form_conditional_median:single_crystal,17.556,5.0,4.9473133493258885,4.806496237587668,5.062247718650679,,5000,
FeTe1-xSex,iron_chalcogenide_11,,elsevier_10.1016_j.physc.2011.05.018_VISION_PASS_LONG,A2,14.0,extraction_csv,47.0,exact,,S1_v3_2_2B_extension,single_crystal,sample_form_conditional_median:single_crystal,4.2,0.1,5.996159972950191,5.877146982269887,6.121613313756543,,5000,
FeTe1-xSex,iron_chalcogenide_11,,elsevier_10.1016_j.physc.2011.05.018_VISION_PASS_LONG,A2,14.0,extraction_csv,47.0,exact,,S1_v3_2_2B_extension,single_crystal,sample_form_conditional_median:single_crystal,4.2,1.0,5.98441565369311,5.8660114395193625,6.109868994499462,,5000,
FeTe1-xSex,iron_chalcogenide_11,,elsevier_10.1016_j.physc.2011.05.018_VISION_PASS_LONG,A2,14.0,extraction_csv,47.0,exact,,S1_v3_2_2B_extension,single_crystal,sample_form_conditional_median:single_crystal,4.2,5.0,5.929148868030789,5.813729980977796,6.05472932559477,,5000,
FeTe1-xSex,iron_chalcogenide_11,,elsevier_10.1016_j.physc.2011.05.018_VISION_PASS_LONG,A2,14.0,extraction_csv,47.0,exact,,S1_v3_2_2B_extension,single_crystal,sample_form_conditional_median:single_crystal,20.0,0.1,,,,,5000,T_above_Tc
FeTe1-xSex,iron_chalcogenide_11,,elsevier_10.1016_j.physc.2011.05.018_VISION_PASS_LONG,A2,14.0,extraction_csv,47.0,exact,,S1_v3_2_2B_extension,single_crystal,sample_form_conditional_median:single_crystal,20.0,1.0,,,,,5000,T_above_Tc
FeTe1-xSex,iron_chalcogenide_11,,elsevier_10.1016_j.physc.2011.05.018_VISION_PASS_LONG,A2,14.0,extraction_csv,47.0,exact,,S1_v3_2_2B_extension,single_crystal,sample_form_conditional_median:single_crystal,20.0,5.0,,,,,5000,T_above_Tc
FeTe1-xSex,iron_chalcogenide_11,,elsevier_10.1016_j.physc.2011.05.018_VISION_PASS_LONG,A2,14.0,extraction_csv,47.0,exact,,S1_v3_2_2B_extension,single_crystal,sample_form_conditional_median:single_crystal,10.780000000000001,0.1,5.77078108195762,5.6771934145932885,5.910916209111701,,5000,
FeTe1-xSex,iron_chalcogenide_11,,elsevier_10.1016_j.physc.2011.05.018_VISION_PASS_LONG,A2,14.0,extraction_csv,47.0,exact,,S1_v3_2_2B_extension,single_crystal,sample_form_conditional_median:single_crystal,10.780000000000001,1.0,5.7597498252193216,5.665449098463292,5.899780666361176,,5000,
FeTe1-xSex,iron_chalcogenide_11,,elsevier_10.1016_j.physc.2011.05.018_VISION_PASS_LONG,A2,14.0,extraction_csv,47.0,exact,,S1_v3_2_2B_extension,single_crystal,sample_form_conditional_median:single_crystal,10.780000000000001,5.0,5.706281279183589,5.611374036269431,5.844856863244025,,5000,
FeTe1-xSex,iron_chalcogenide_11,,elsevier_10.1016_j.physc.2011.05.018_VISION_PASS_LONG,A2,14.0,extraction_csv,47.0,exact,,S1_v3_2_2B_extension,single_crystal,sample_form_conditional_median:single_crystal,4.2,0.1,5.996159972950191,5.877146982269887,6.121613313756543,,5000,
FeTe1-xSex,iron_chalcogenide_11,,elsevier_10.1016_j.physc.2011.05.018_VISION_PASS_LONG,A2,14.0,extraction_csv,47.0,exact,,S1_v3_2_2B_extension,single_crystal,sample_form_conditional_median:single_crystal,4.2,1.0,5.98441565369311,5.8660114395193625,6.109820183758652,,5000,
FeTe1-xSex,iron_chalcogenide_11,,elsevier_10.1016_j.physc.2011.05.018_VISION_PASS_LONG,A2,14.0,extraction_csv,47.0,exact,,S1_v3_2_2B_extension,single_crystal,sample_form_conditional_median:single_crystal,4.2,5.0,5.9289980072454815,5.813729980977796,6.054451348051834,,5000,
FeTe1-xSex,iron_chalcogenide_11,,elsevier_10.1016_j.physc.2011.05.018_VISION_PASS_LONG,A2,14.0,extraction_csv,47.0,exact,,S1_v3_2_2B_extension,single_crystal,sample_form_conditional_median:single_crystal,20.0,0.1,,,,,5000,T_above_Tc
FeTe1-xSex,iron_chalcogenide_11,,elsevier_10.1016_j.physc.2011.05.018_VISION_PASS_LONG,A2,14.0,extraction_csv,47.0,exact,,S1_v3_2_2B_extension,single_crystal,sample_form_conditional_median:single_crystal,20.0,1.0,,,,,5000,T_above_Tc
FeTe1-xSex,iron_chalcogenide_11,,elsevier_10.1016_j.physc.2011.05.018_VISION_PASS_LONG,A2,14.0,extraction_csv,47.0,exact,,S1_v3_2_2B_extension,single_crystal,sample_form_conditional_median:single_crystal,20.0,5.0,,,,,5000,T_above_Tc
FeTe1-xSex,iron_chalcogenide_11,,elsevier_10.1016_j.physc.2011.05.018_VISION_PASS_LONG,A2,14.0,extraction_csv,47.0,exact,,S1_v3_2_2B_extension,single_crystal,sample_form_conditional_median:single_crystal,10.780000000000001,0.1,5.7731834589893865,5.677193417720374,5.9130339498401785,,5000,
FeTe1-xSex,iron_chalcogenide_11,,elsevier_10.1016_j.physc.2011.05.018_VISION_PASS_LONG,A2,14.0,extraction_csv,47.0,exact,,S1_v3_2_2B_extension,single_crystal,sample_form_conditional_median:single_crystal,10.780000000000001,1.0,5.761857787667084,5.665867743270986,5.901898408165656,,5000,
FeTe1-xSex,iron_chalcogenide_11,,elsevier_10.1016_j.physc.2011.05.018_VISION_PASS_LONG,A2,14.0,extraction_csv,47.0,exact,,S1_v3_2_2B_extension,single_crystal,sample_form_conditional_median:single_crystal,10.780000000000001,5.0,5.708683659342441,5.612693614946343,5.848561217103196,,5000,
BaFe2As2,iron_pnictide_122,,elsevier_10.1016_j.phpro.2015.06.160_VISION_PASS_LONG,A2,20.0,extraction_csv,60.0,exact,,S1_v3_2_2B_extension,single_crystal,sample_form_conditional_median:single_crystal,4.2,0.1,5.746354490991693,5.635326719245767,5.804297695181981,,5000,
BaFe2As2,iron_pnictide_122,,elsevier_10.1016_j.phpro.2015.06.160_VISION_PASS_LONG,A2,20.0,extraction_csv,60.0,exact,,S1_v3_2_2B_extension,single_crystal,sample_form_conditional_median:single_crystal,4.2,1.0,5.742471874037705,5.631502249518412,5.799444412884155,,5000,
BaFe2As2,iron_pnictide_122,,elsevier_10.1016_j.phpro.2015.06.160_VISION_PASS_LONG,A2,20.0,extraction_csv,60.0,exact,,S1_v3_2_2B_extension,single_crystal,sample_form_conditional_median:single_crystal,4.2,5.0,5.720311430546791,5.607899140450289,5.783729784290985,,5000,
BaFe2As2,iron_pnictide_122,,elsevier_10.1016_j.phpro.2015.06.160_VISION_PASS_LONG,A2,20.0,extraction_csv,60.0,exact,,S1_v3_2_2B_extension,single_crystal,sample_form_conditional_median:single_crystal,20.0,0.1,,,,,5000,T_above_Tc
BaFe2As2,iron_pnictide_122,,elsevier_10.1016_j.phpro.2015.06.160_VISION_PASS_LONG,A2,20.0,extraction_csv,60.0,exact,,S1_v3_2_2B_extension,single_crystal,sample_form_conditional_median:single_crystal,20.0,1.0,,,,,5000,T_above_Tc
BaFe2As2,iron_pnictide_122,,elsevier_10.1016_j.phpro.2015.06.160_VISION_PASS_LONG,A2,20.0,extraction_csv,60.0,exact,,S1_v3_2_2B_extension,single_crystal,sample_form_conditional_median:single_crystal,20.0,5.0,,,,,5000,T_above_Tc
BaFe2As2,iron_pnictide_122,,elsevier_10.1016_j.phpro.2015.06.160_VISION_PASS_LONG,A2,20.0,extraction_csv,60.0,exact,,S1_v3_2_2B_extension,single_crystal,sample_form_conditional_median:single_crystal,15.4,0.1,4.993227584619333,4.860835386532075,5.10306461985974,,5000,
BaFe2As2,iron_pnictide_122,,elsevier_10.1016_j.phpro.2015.06.160_VISION_PASS_LONG,A2,20.0,extraction_csv,60.0,exact,,S1_v3_2_2B_extension,single_crystal,sample_form_conditional_median:single_crystal,15.4,1.0,4.988844505826725,4.856648073482689,5.099484628306484,,5000,
BaFe2As2,iron_pnictide_122,,elsevier_10.1016_j.phpro.2015.06.160_VISION_PASS_LONG,A2,20.0,extraction_csv,60.0,exact,,S1_v3_2_2B_extension,single_crystal,sample_form_conditional_median:single_crystal,15.4,5.0,4.9701227543526105,4.835145950239752,5.081994270124895,,5000,
BaFe2As2,iron_pnictide_122,,elsevier_10.1016_j.phpro.2015.06.160_VISION_PASS_LONG,A2,20.0,extraction_csv,60.0,exact,,S1_v3_2_2B_extension,single_crystal,sample_form_conditional_median:single_crystal,4.2,0.1,5.746354490991693,5.614582757298319,5.804297695181981,,5000,
BaFe2As2,iron_pnictide_122,,elsevier_10.1016_j.phpro.2015.06.160_VISION_PASS_LONG,A2,20.0,extraction_csv,60.0,exact,,S1_v3_2_2B_extension,single_crystal,sample_form_conditional_median:single_crystal,4.2,1.0,5.740930754019642,5.612334007050142,5.800297472953986,,5000,
BaFe2As2,iron_pnictide_122,,elsevier_10.1016_j.phpro.2015.06.160_VISION_PASS_LONG,A2,20.0,extraction_csv,60.0,exact,,S1_v3_2_2B_extension,single_crystal,sample_form_conditional_median:single_crystal,4.2,5.0,5.717060248955132,5.597475736544347,5.78417738251604,,5000,
BaFe2As2,iron_pnictide_122,,elsevier_10.1016_j.phpro.2015.06.160_VISION_PASS_LONG,A2,20.0,extraction_csv,60.0,exact,,S1_v3_2_2B_extension,single_crystal,sample_form_conditional_median:single_crystal,20.0,0.1,,,,,5000,T_above_Tc
BaFe2As2,iron_pnictide_122,,elsevier_10.1016_j.phpro.2015.06.160_VISION_PASS_LONG,A2,20.0,extraction_csv,60.0,exact,,S1_v3_2_2B_extension,single_crystal,sample_form_conditional_median:single_crystal,20.0,1.0,,,,,5000,T_above_Tc
BaFe2As2,iron_pnictide_122,,elsevier_10.1016_j.phpro.2015.06.160_VISION_PASS_LONG,A2,20.0,extraction_csv,60.0,exact,,S1_v3_2_2B_extension,single_crystal,sample_form_conditional_median:single_crystal,20.0,5.0,,,,,5000,T_above_Tc
BaFe2As2,iron_pnictide_122,,elsevier_10.1016_j.phpro.2015.06.160_VISION_PASS_LONG,A2,20.0,extraction_csv,60.0,exact,,S1_v3_2_2B_extension,single_crystal,sample_form_conditional_median:single_crystal,15.4,0.1,4.993227584619333,4.858071264496816,5.10090160883266,,5000,
BaFe2As2,iron_pnictide_122,,elsevier_10.1016_j.phpro.2015.06.160_VISION_PASS_LONG,A2,20.0,extraction_csv,60.0,exact,,S1_v3_2_2B_extension,single_crystal,sample_form_conditional_median:single_crystal,15.4,1.0,4.989108348406729,4.853201060107369,5.097422324701356,,5000,
BaFe2As2,iron_pnictide_122,,elsevier_10.1016_j.phpro.2015.06.160_VISION_PASS_LONG,A2,20.0,extraction_csv,60.0,exact,,S1_v3_2_2B_extension,single_crystal,sample_form_conditional_median:single_crystal,15.4,5.0,4.969741478243009,4.832651329994495,5.080366511932399,,5000,
BaFe2As2,iron_pnictide_122,,elsevier_10.1016_j.phpro.2015.06.160_VISION_PASS_LONG,A2,20.0,extraction_csv,60.0,exact,,S1_v3_2_2B_extension,single_crystal,sample_form_conditional_median:single_crystal,4.2,0.1,5.746354490991693,5.635326719245767,5.804297695181981,,5000,
BaFe2As2,iron_pnictide_122,,elsevier_10.1016_j.phpro.2015.06.160_VISION_PASS_LONG,A2,20.0,extraction_csv,60.0,exact,,S1_v3_2_2B_extension,single_crystal,sample_form_conditional_median:single_crystal,4.2,1.0,5.74132809830613,5.631502249518412,5.801082693426093,,5000,
BaFe2As2,iron_pnictide_122,,elsevier_10.1016_j.phpro.2015.06.160_VISION_PASS_LONG,A2,20.0,extraction_csv,60.0,exact,,S1_v3_2_2B_extension,single_crystal,sample_form_conditional_median:single_crystal,4.2,5.0,5.718019243994539,5.605698311583724,5.784817234610688,,5000,
BaFe2As2,iron_pnictide_122,,elsevier_10.1016_j.phpro.2015.06.160_VISION_PASS_LONG,A2,20.0,extraction_csv,60.0,exact,,S1_v3_2_2B_extension,single_crystal,sample_form_conditional_median:single_crystal,20.0,0.1,,,,,5000,T_above_Tc
BaFe2As2,iron_pnictide_122,,elsevier_10.1016_j.phpro.2015.06.160_VISION_PASS_LONG,A2,20.0,extraction_csv,60.0,exact,,S1_v3_2_2B_extension,single_crystal,sample_form_conditional_median:single_crystal,20.0,1.0,,,,,5000,T_above_Tc
BaFe2As2,iron_pnictide_122,,elsevier_10.1016_j.phpro.2015.06.160_VISION_PASS_LONG,A2,20.0,extraction_csv,60.0,exact,,S1_v3_2_2B_extension,single_crystal,sample_form_conditional_median:single_crystal,20.0,5.0,,,,,5000,T_above_Tc
BaFe2As2,iron_pnictide_122,,elsevier_10.1016_j.phpro.2015.06.160_VISION_PASS_LONG,A2,20.0,extraction_csv,60.0,exact,,S1_v3_2_2B_extension,single_crystal,sample_form_conditional_median:single_crystal,15.4,0.1,4.990880874577853,4.858074115246697,5.098453673497526,,5000,
BaFe2As2,iron_pnictide_122,,elsevier_10.1016_j.phpro.2015.06.160_VISION_PASS_LONG,A2,20.0,extraction_csv,60.0,exact,,S1_v3_2_2B_extension,single_crystal,sample_form_conditional_median:single_crystal,15.4,1.0,4.98703916413381,4.853839981127738,5.094573678454996,,5000,
BaFe2As2,iron_pnictide_122,,elsevier_10.1016_j.phpro.2015.06.160_VISION_PASS_LONG,A2,20.0,extraction_csv,60.0,exact,,S1_v3_2_2B_extension,single_crystal,sample_form_conditional_median:single_crystal,15.4,5.0,4.9685215185275995,4.836323222264523,5.075325383802136,,5000,
BaFe2As2,iron_pnictide_122,,elsevier_10.1016_j.phpro.2015.06.160_VISION_PASS_LONG,A2,20.0,extraction_csv,60.0,exact,,S1_v3_2_2B_extension,single_crystal,sample_form_conditional_median:single_crystal,4.2,0.1,5.746354490991693,5.635326719245767,5.804297695181981,,5000,
BaFe2As2,iron_pnictide_122,,elsevier_10.1016_j.phpro.2015.06.160_VISION_PASS_LONG,A2,20.0,extraction_csv,60.0,exact,,S1_v3_2_2B_extension,single_crystal,sample_form_conditional_median:single_crystal,4.2,1.0,5.742471874037705,5.631443186310285,5.801489751335736,,5000,
BaFe2As2,iron_pnictide_122,,elsevier_10.1016_j.phpro.2015.06.160_VISION_PASS_LONG,A2,20.0,extraction_csv,60.0,exact,,S1_v3_2_2B_extension,single_crystal,sample_form_conditional_median:single_crystal,4.2,5.0,5.721098557374594,5.605674641948804,5.78552289315222,,5000,
BaFe2As2,iron_pnictide_122,,elsevier_10.1016_j.phpro.2015.06.160_VISION_PASS_LONG,A2,20.0,extraction_csv,60.0,exact,,S1_v3_2_2B_extension,single_crystal,sample_form_conditional_median:single_crystal,20.0,0.1,,,,,5000,T_above_Tc
BaFe2As2,iron_pnictide_122,,elsevier_10.1016_j.phpro.2015.06.160_VISION_PASS_LONG,A2,20.0,extraction_csv,60.0,exact,,S1_v3_2_2B_extension,single_crystal,sample_form_conditional_median:single_crystal,20.0,1.0,,,,,5000,T_above_Tc
BaFe2As2,iron_pnictide_122,,elsevier_10.1016_j.phpro.2015.06.160_VISION_PASS_LONG,A2,20.0,extraction_csv,60.0,exact,,S1_v3_2_2B_extension,single_crystal,sample_form_conditional_median:single_crystal,20.0,5.0,,,,,5000,T_above_Tc
BaFe2As2,iron_pnictide_122,,elsevier_10.1016_j.phpro.2015.06.160_VISION_PASS_LONG,A2,20.0,extraction_csv,60.0,exact,,S1_v3_2_2B_extension,single_crystal,sample_form_conditional_median:single_crystal,15.4,0.1,4.994117038860677,4.861339968414854,5.104481112344346,,5000,
BaFe2As2,iron_pnictide_122,,elsevier_10.1016_j.phpro.2015.06.160_VISION_PASS_LONG,A2,20.0,extraction_csv,60.0,exact,,S1_v3_2_2B_extension,single_crystal,sample_form_conditional_median:single_crystal,15.4,1.0,4.989850172695595,4.856985173539196,5.101362090610198,,5000,
BaFe2As2,iron_pnictide_122,,elsevier_10.1016_j.phpro.2015.06.160_VISION_PASS_LONG,A2,20.0,extraction_csv,60.0,exact,,S1_v3_2_2B_extension,single_crystal,sample_form_conditional_median:single_crystal,15.4,5.0,4.971615338596476,4.839445332363508,5.083220356924254,,5000,
BaFe2As2,iron_pnictide_122,,elsevier_10.1016_j.phpro.2015.06.160_VISION_PASS_LONG,A2,20.0,extraction_csv,60.0,exact,,S1_v3_2_2B_extension,single_crystal,sample_form_conditional_median:single_crystal,4.2,0.1,5.746354490991693,5.635326719245767,5.804964475493147,,5000,
BaFe2As2,iron_pnictide_122,,elsevier_10.1016_j.phpro.2015.06.160_VISION_PASS_LONG,A2,20.0,extraction_csv,60.0,exact,,S1_v3_2_2B_extension,single_crystal,sample_form_conditional_median:single_crystal,4.2,1.0,5.74198049185465,5.631431817737203,5.80193283628204,,5000,
BaFe2As2,iron_pnictide_122,,elsevier_10.1016_j.phpro.2015.06.160_VISION_PASS_LONG,A2,20.0,extraction_csv,60.0,exact,,S1_v3_2_2B_extension,single_crystal,sample_form_conditional_median:single_crystal,4.2,5.0,5.718926912196215,5.606935473597071,5.787182391033127,,5000,
BaFe2As2,iron_pnictide_122,,elsevier_10.1016_j.phpro.2015.06.160_VISION_PASS_LONG,A2,20.0,extraction_csv,60.0,exact,,S1_v3_2_2B_extension,single_crystal,sample_form_conditional_median:single_crystal,20.0,0.1,,,,,5000,T_above_Tc
BaFe2As2,iron_pnictide_122,,elsevier_10.1016_j.phpro.2015.06.160_VISION_PASS_LONG,A2,20.0,extraction_csv,60.0,exact,,S1_v3_2_2B_extension,single_crystal,sample_form_conditional_median:single_crystal,20.0,1.0,,,,,5000,T_above_Tc
BaFe2As2,iron_pnictide_122,,elsevier_10.1016_j.phpro.2015.06.160_VISION_PASS_LONG,A2,20.0,extraction_csv,60.0,exact,,S1_v3_2_2B_extension,single_crystal,sample_form_conditional_median:single_crystal,20.0,5.0,,,,,5000,T_above_Tc
BaFe2As2,iron_pnictide_122,,elsevier_10.1016_j.phpro.2015.06.160_VISION_PASS_LONG,A2,20.0,extraction_csv,60.0,exact,,S1_v3_2_2B_extension,single_crystal,sample_form_conditional_median:single_crystal,15.4,0.1,4.9905495904352115,4.860638960145242,5.106045955224336,,5000,
BaFe2As2,iron_pnictide_122,,elsevier_10.1016_j.phpro.2015.06.160_VISION_PASS_LONG,A2,20.0,extraction_csv,60.0,exact,,S1_v3_2_2B_extension,single_crystal,sample_form_conditional_median:single_crystal,15.4,1.0,4.9867682228523105,4.8560742542174715,5.102065960429056,,5000,
BaFe2As2,iron_pnictide_122,,elsevier_10.1016_j.phpro.2015.06.160_VISION_PASS_LONG,A2,20.0,extraction_csv,60.0,exact,,S1_v3_2_2B_extension,single_crystal,sample_form_conditional_median:single_crystal,15.4,5.0,4.969201097437153,4.83646587289385,5.086399799651918,,5000,
BaFe2As2,iron_pnictide_122,,elsevier_10.1016_j.phpro.2015.06.160_VISION_PASS_LONG,A2,20.0,extraction_csv,60.0,exact,,S1_v3_2_2B_extension,single_crystal,sample_form_conditional_median:single_crystal,4.2,0.1,5.746354490991693,5.635326719245767,5.804297695181981,,5000,
BaFe2As2,iron_pnictide_122,,elsevier_10.1016_j.phpro.2015.06.160_VISION_PASS_LONG,A2,20.0,extraction_csv,60.0,exact,,S1_v3_2_2B_extension,single_crystal,sample_form_conditional_median:single_crystal,4.2,1.0,5.741489109671595,5.631392519327543,5.800006853350123,,5000,
BaFe2As2,iron_pnictide_122,,elsevier_10.1016_j.phpro.2015.06.160_VISION_PASS_LONG,A2,20.0,extraction_csv,60.0,exact,,S1_v3_2_2B_extension,single_crystal,sample_form_conditional_median:single_crystal,4.2,5.0,5.718019243994539,5.6050195491573165,5.7850540442732505,,5000,
BaFe2As2,iron_pnictide_122,,elsevier_10.1016_j.phpro.2015.06.160_VISION_PASS_LONG,A2,20.0,extraction_csv,60.0,exact,,S1_v3_2_2B_extension,single_crystal,sample_form_conditional_median:single_crystal,20.0,0.1,,,,,5000,T_above_Tc
BaFe2As2,iron_pnictide_122,,elsevier_10.1016_j.phpro.2015.06.160_VISION_PASS_LONG,A2,20.0,extraction_csv,60.0,exact,,S1_v3_2_2B_extension,single_crystal,sample_form_conditional_median:single_crystal,20.0,1.0,,,,,5000,T_above_Tc
BaFe2As2,iron_pnictide_122,,elsevier_10.1016_j.phpro.2015.06.160_VISION_PASS_LONG,A2,20.0,extraction_csv,60.0,exact,,S1_v3_2_2B_extension,single_crystal,sample_form_conditional_median:single_crystal,20.0,5.0,,,,,5000,T_above_Tc
BaFe2As2,iron_pnictide_122,,elsevier_10.1016_j.phpro.2015.06.160_VISION_PASS_LONG,A2,20.0,extraction_csv,60.0,exact,,S1_v3_2_2B_extension,single_crystal,sample_form_conditional_median:single_crystal,15.4,0.1,4.992848954497736,4.8588084854000275,5.106035995652079,,5000,
BaFe2As2,iron_pnictide_122,,elsevier_10.1016_j.phpro.2015.06.160_VISION_PASS_LONG,A2,20.0,extraction_csv,60.0,exact,,S1_v3_2_2B_extension,single_crystal,sample_form_conditional_median:single_crystal,15.4,1.0,4.988879213187543,4.855547374285343,5.10249538506946,,5000,
BaFe2As2,iron_pnictide_122,,elsevier_10.1016_j.phpro.2015.06.160_VISION_PASS_LONG,A2,20.0,extraction_csv,60.0,exact,,S1_v3_2_2B_extension,single_crystal,sample_form_conditional_median:single_crystal,15.4,5.0,4.96984319389097,4.834630504571607,5.0863925079440255,,5000,
Ba(Fe0.93Co0.07)2As2,iron_pnictide_122,,elsevier_10.1016_j.physc.2009.11.051_VISION_PASS_LONG,A2,22.0,extraction_csv,50.0,exact,,S1_v3_2_2B_extension,single_crystal,sample_form_conditional_median:single_crystal,4.2,0.1,5.746354490991693,5.635326719245767,5.804297695181981,,5000,
Ba(Fe0.93Co0.07)2As2,iron_pnictide_122,,elsevier_10.1016_j.physc.2009.11.051_VISION_PASS_LONG,A2,22.0,extraction_csv,50.0,exact,,S1_v3_2_2B_extension,single_crystal,sample_form_conditional_median:single_crystal,4.2,1.0,5.740902344022302,5.631847852882247,5.798984950485196,,5000,
Ba(Fe0.93Co0.07)2As2,iron_pnictide_122,,elsevier_10.1016_j.physc.2009.11.051_VISION_PASS_LONG,A2,22.0,extraction_csv,50.0,exact,,S1_v3_2_2B_extension,single_crystal,sample_form_conditional_median:single_crystal,4.2,5.0,5.7131007635296065,5.599898036486911,5.779558891903913,,5000,
Ba(Fe0.93Co0.07)2As2,iron_pnictide_122,,elsevier_10.1016_j.physc.2009.11.051_VISION_PASS_LONG,A2,22.0,extraction_csv,50.0,exact,,S1_v3_2_2B_extension,single_crystal,sample_form_conditional_median:single_crystal,20.0,0.1,4.418881454698534,4.24471342227902,4.590637071652218,,5000,
Ba(Fe0.93Co0.07)2As2,iron_pnictide_122,,elsevier_10.1016_j.physc.2009.11.051_VISION_PASS_LONG,A2,22.0,extraction_csv,50.0,exact,,S1_v3_2_2B_extension,single_crystal,sample_form_conditional_median:single_crystal,20.0,1.0,4.413910873872538,4.2386824116835005,4.585397892180084,,5000,
Ba(Fe0.93Co0.07)2As2,iron_pnictide_122,,elsevier_10.1016_j.physc.2009.11.051_VISION_PASS_LONG,A2,22.0,extraction_csv,50.0,exact,,S1_v3_2_2B_extension,single_crystal,sample_form_conditional_median:single_crystal,20.0,5.0,4.391023906436939,4.214162395506036,4.562512313083631,,5000,
Ba(Fe0.93Co0.07)2As2,iron_pnictide_122,,elsevier_10.1016_j.physc.2009.11.051_VISION_PASS_LONG,A2,22.0,extraction_csv,50.0,exact,,S1_v3_2_2B_extension,single_crystal,sample_form_conditional_median:single_crystal,16.94,0.1,4.979579381402671,4.847947254213138,5.091239101109148,,5000,
Ba(Fe0.93Co0.07)2As2,iron_pnictide_122,,elsevier_10.1016_j.physc.2009.11.051_VISION_PASS_LONG,A2,22.0,extraction_csv,50.0,exact,,S1_v3_2_2B_extension,single_crystal,sample_form_conditional_median:single_crystal,16.94,1.0,4.974577731969333,4.8429981273778795,5.086623992601591,,5000,
Ba(Fe0.93Co0.07)2As2,iron_pnictide_122,,elsevier_10.1016_j.physc.2009.11.051_VISION_PASS_LONG,A2,22.0,extraction_csv,50.0,exact,,S1_v3_2_2B_extension,single_crystal,sample_form_conditional_median:single_crystal,16.94,5.0,4.9506571020341195,4.819857143467837,5.064332574256165,,5000,
Ba(Fe0.93Co0.07)2As2,iron_pnictide_122,,elsevier_10.1016_j.physc.2009.11.051_VISION_PASS_LONG,A2,22.0,extraction_csv,50.0,exact,,S1_v3_2_2B_extension,single_crystal,sample_form_conditional_median:single_crystal,4.2,0.1,5.746354490991693,5.634996135701567,5.804297695181981,,5000,
Ba(Fe0.93Co0.07)2As2,iron_pnictide_122,,elsevier_10.1016_j.physc.2009.11.051_VISION_PASS_LONG,A2,22.0,extraction_csv,50.0,exact,,S1_v3_2_2B_extension,single_crystal,sample_form_conditional_median:single_crystal,4.2,1.0,5.74127921142142,5.628843003680064,5.798986590839629,,5000,
Ba(Fe0.93Co0.07)2As2,iron_pnictide_122,,elsevier_10.1016_j.physc.2009.11.051_VISION_PASS_LONG,A2,22.0,extraction_csv,50.0,exact,,S1_v3_2_2B_extension,single_crystal,sample_form_conditional_median:single_crystal,4.2,5.0,5.7140500127388165,5.597035221941278,5.779943519026171,,5000,
Ba(Fe0.93Co0.07)2As2,iron_pnictide_122,,elsevier_10.1016_j.physc.2009.11.051_VISION_PASS_LONG,A2,22.0,extraction_csv,50.0,exact,,S1_v3_2_2B_extension,single_crystal,sample_form_conditional_median:single_crystal,20.0,0.1,4.417340269951092,4.236783225023387,4.585112883781825,,5000,
Ba(Fe0.93Co0.07)2As2,iron_pnictide_122,,elsevier_10.1016_j.physc.2009.11.051_VISION_PASS_LONG,A2,22.0,extraction_csv,50.0,exact,,S1_v3_2_2B_extension,single_crystal,sample_form_conditional_median:single_crystal,20.0,1.0,4.412466171768839,4.232699175235553,4.579465648647413,,5000,
Ba(Fe0.93Co0.07)2As2,iron_pnictide_122,,elsevier_10.1016_j.physc.2009.11.051_VISION_PASS_LONG,A2,22.0,extraction_csv,50.0,exact,,S1_v3_2_2B_extension,single_crystal,sample_form_conditional_median:single_crystal,20.0,5.0,4.390010617327086,4.208761960991911,4.557993809930712,,5000,
Ba(Fe0.93Co0.07)2As2,iron_pnictide_122,,elsevier_10.1016_j.physc.2009.11.051_VISION_PASS_LONG,A2,22.0,extraction_csv,50.0,exact,,S1_v3_2_2B_extension,single_crystal,sample_form_conditional_median:single_crystal,16.94,0.1,4.977960842436996,4.841141287391208,5.089148407294945,,5000,
Ba(Fe0.93Co0.07)2As2,iron_pnictide_122,,elsevier_10.1016_j.physc.2009.11.051_VISION_PASS_LONG,A2,22.0,extraction_csv,50.0,exact,,S1_v3_2_2B_extension,single_crystal,sample_form_conditional_median:single_crystal,16.94,1.0,4.973126784333694,4.835865503025993,5.08365108936765,,5000,
Ba(Fe0.93Co0.07)2As2,iron_pnictide_122,,elsevier_10.1016_j.physc.2009.11.051_VISION_PASS_LONG,A2,22.0,extraction_csv,50.0,exact,,S1_v3_2_2B_extension,single_crystal,sample_form_conditional_median:single_crystal,16.94,5.0,4.951108814521222,4.8112758024580735,5.062902070900567,,5000,
Ba(Fe0.93Co0.07)2As2,iron_pnictide_122,,elsevier_10.1016_j.physc.2009.11.051_VISION_PASS_LONG,A2,22.0,extraction_csv,50.0,exact,,S1_v3_2_2B_extension,single_crystal,sample_form_conditional_median:single_crystal,4.2,0.1,5.746354490991693,5.635326719245767,5.804297695181981,,5000,
Ba(Fe0.93Co0.07)2As2,iron_pnictide_122,,elsevier_10.1016_j.physc.2009.11.051_VISION_PASS_LONG,A2,22.0,extraction_csv,50.0,exact,,S1_v3_2_2B_extension,single_crystal,sample_form_conditional_median:single_crystal,4.2,1.0,5.741601371428844,5.629090242117395,5.799917278587123,,5000,
Ba(Fe0.93Co0.07)2As2,iron_pnictide_122,,elsevier_10.1016_j.physc.2009.11.051_VISION_PASS_LONG,A2,22.0,extraction_csv,50.0,exact,,S1_v3_2_2B_extension,single_crystal,sample_form_conditional_median:single_crystal,4.2,5.0,5.714534317360622,5.59939248345205,5.780706044069672,,5000,
Ba(Fe0.93Co0.07)2As2,iron_pnictide_122,,elsevier_10.1016_j.physc.2009.11.051_VISION_PASS_LONG,A2,22.0,extraction_csv,50.0,exact,,S1_v3_2_2B_extension,single_crystal,sample_form_conditional_median:single_crystal,20.0,0.1,4.417353926429788,4.241835785989397,4.59090181349319,,5000,
Ba(Fe0.93Co0.07)2As2,iron_pnictide_122,,elsevier_10.1016_j.physc.2009.11.051_VISION_PASS_LONG,A2,22.0,extraction_csv,50.0,exact,,S1_v3_2_2B_extension,single_crystal,sample_form_conditional_median:single_crystal,20.0,1.0,4.412498277461028,4.2362380080167,4.587654288165104,,5000,
Ba(Fe0.93Co0.07)2As2,iron_pnictide_122,,elsevier_10.1016_j.physc.2009.11.051_VISION_PASS_LONG,A2,22.0,extraction_csv,50.0,exact,,S1_v3_2_2B_extension,single_crystal,sample_form_conditional_median:single_crystal,20.0,5.0,4.389273874131666,4.213765238880002,4.566708952119358,,5000,
Ba(Fe0.93Co0.07)2As2,iron_pnictide_122,,elsevier_10.1016_j.physc.2009.11.051_VISION_PASS_LONG,A2,22.0,extraction_csv,50.0,exact,,S1_v3_2_2B_extension,single_crystal,sample_form_conditional_median:single_crystal,16.94,0.1,4.97817509917789,4.8453217041496615,5.09267445281957,,5000,
Ba(Fe0.93Co0.07)2As2,iron_pnictide_122,,elsevier_10.1016_j.physc.2009.11.051_VISION_PASS_LONG,A2,22.0,extraction_csv,50.0,exact,,S1_v3_2_2B_extension,single_crystal,sample_form_conditional_median:single_crystal,16.94,1.0,4.973437160248596,4.8409936135429215,5.087948200945611,,5000,
Ba(Fe0.93Co0.07)2As2,iron_pnictide_122,,elsevier_10.1016_j.physc.2009.11.051_VISION_PASS_LONG,A2,22.0,extraction_csv,50.0,exact,,S1_v3_2_2B_extension,single_crystal,sample_form_conditional_median:single_crystal,16.94,5.0,4.9509217808775645,4.816974319151207,5.067726831136684,,5000,
Ba(Fe0.93Co0.07)2As2,iron_pnictide_122,,elsevier_10.1016_j.physc.2009.11.051_VISION_PASS_LONG,A2,22.0,extraction_csv,50.0,exact,,S1_v3_2_2B_extension,single_crystal,sample_form_conditional_median:single_crystal,4.2,0.1,5.746354490991693,5.635326719245767,5.804297695181981,,5000,
Ba(Fe0.93Co0.07)2As2,iron_pnictide_122,,elsevier_10.1016_j.physc.2009.11.051_VISION_PASS_LONG,A2,22.0,extraction_csv,50.0,exact,,S1_v3_2_2B_extension,single_crystal,sample_form_conditional_median:single_crystal,4.2,1.0,5.740505160763102,5.632256751778779,5.799049681106711,,5000,
Ba(Fe0.93Co0.07)2As2,iron_pnictide_122,,elsevier_10.1016_j.physc.2009.11.051_VISION_PASS_LONG,A2,22.0,extraction_csv,50.0,exact,,S1_v3_2_2B_extension,single_crystal,sample_form_conditional_median:single_crystal,4.2,5.0,5.713137201544459,5.602497840824703,5.779575122626036,,5000,
Ba(Fe0.93Co0.07)2As2,iron_pnictide_122,,elsevier_10.1016_j.physc.2009.11.051_VISION_PASS_LONG,A2,22.0,extraction_csv,50.0,exact,,S1_v3_2_2B_extension,single_crystal,sample_form_conditional_median:single_crystal,20.0,0.1,4.415024466428212,4.243028767823904,4.587727452413057,,5000,
Ba(Fe0.93Co0.07)2As2,iron_pnictide_122,,elsevier_10.1016_j.physc.2009.11.051_VISION_PASS_LONG,A2,22.0,extraction_csv,50.0,exact,,S1_v3_2_2B_extension,single_crystal,sample_form_conditional_median:single_crystal,20.0,1.0,4.4104694598602885,4.238271965326098,4.583759150107913,,5000,
Ba(Fe0.93Co0.07)2As2,iron_pnictide_122,,elsevier_10.1016_j.physc.2009.11.051_VISION_PASS_LONG,A2,22.0,extraction_csv,50.0,exact,,S1_v3_2_2B_extension,single_crystal,sample_form_conditional_median:single_crystal,20.0,5.0,4.387287887485713,4.2111043944498014,4.558720683177996,,5000,
Ba(Fe0.93Co0.07)2As2,iron_pnictide_122,,elsevier_10.1016_j.physc.2009.11.051_VISION_PASS_LONG,A2,22.0,extraction_csv,50.0,exact,,S1_v3_2_2B_extension,single_crystal,sample_form_conditional_median:single_crystal,16.94,0.1,4.977307056169064,4.846009518137907,5.090609004384152,,5000,
Ba(Fe0.93Co0.07)2As2,iron_pnictide_122,,elsevier_10.1016_j.physc.2009.11.051_VISION_PASS_LONG,A2,22.0,extraction_csv,50.0,exact,,S1_v3_2_2B_extension,single_crystal,sample_form_conditional_median:single_crystal,16.94,1.0,4.9718647085317755,4.841040452712591,5.086150241490729,,5000,
Ba(Fe0.93Co0.07)2As2,iron_pnictide_122,,elsevier_10.1016_j.physc.2009.11.051_VISION_PASS_LONG,A2,22.0,extraction_csv,50.0,exact,,S1_v3_2_2B_extension,single_crystal,sample_form_conditional_median:single_crystal,16.94,5.0,4.949491384146943,4.816905804745749,5.064953420109849,,5000,
MgB2,conventional_AlB2,,elsevier_10.1016_j.matchemphys.2023.128348_VISION_PASS_LONG,A2,39.0,extraction_csv,15.5,exact,,S1_v3_2_2B_extension,,substructure_aggregate_median,4.2,0.1,5.324105348641889,5.171003190830169,5.559330705252185,,5000,
MgB2,conventional_AlB2,,elsevier_10.1016_j.matchemphys.2023.128348_VISION_PASS_LONG,A2,39.0,extraction_csv,15.5,exact,,S1_v3_2_2B_extension,,substructure_aggregate_median,4.2,1.0,5.26911416701377,5.118802210525354,5.499493166429662,,5000,
MgB2,conventional_AlB2,,elsevier_10.1016_j.matchemphys.2023.128348_VISION_PASS_LONG,A2,39.0,extraction_csv,15.5,exact,,S1_v3_2_2B_extension,,substructure_aggregate_median,4.2,5.0,4.978240786087785,4.797724668278873,5.20225580250418,,5000,
MgB2,conventional_AlB2,,elsevier_10.1016_j.matchemphys.2023.128348_VISION_PASS_LONG,A2,39.0,extraction_csv,15.5,exact,,S1_v3_2_2B_extension,,substructure_aggregate_median,20.0,0.1,5.037661166864107,4.782757465289224,5.34094158238879,,5000,
MgB2,conventional_AlB2,,elsevier_10.1016_j.matchemphys.2023.128348_VISION_PASS_LONG,A2,39.0,extraction_csv,15.5,exact,,S1_v3_2_2B_extension,,substructure_aggregate_median,20.0,1.0,4.977738083395595,4.72484713608798,5.284723233855838,,5000,
MgB2,conventional_AlB2,,elsevier_10.1016_j.matchemphys.2023.128348_VISION_PASS_LONG,A2,39.0,extraction_csv,15.5,exact,,S1_v3_2_2B_extension,,substructure_aggregate_median,20.0,5.0,4.675808019663427,4.399893469807365,4.992673514498774,,5000,
MgB2,conventional_AlB2,,elsevier_10.1016_j.matchemphys.2023.128348_VISION_PASS_LONG,A2,39.0,extraction_csv,15.5,exact,,S1_v3_2_2B_extension,,substructure_aggregate_median,30.03,0.1,4.65311892419406,4.186833280774829,5.176078077539165,,5000,
MgB2,conventional_AlB2,,elsevier_10.1016_j.matchemphys.2023.128348_VISION_PASS_LONG,A2,39.0,extraction_csv,15.5,exact,,S1_v3_2_2B_extension,,substructure_aggregate_median,30.03,1.0,4.598444965816073,4.13215100152049,5.116264037044381,,5000,
MgB2,conventional_AlB2,,elsevier_10.1016_j.matchemphys.2023.128348_VISION_PASS_LONG,A2,39.0,extraction_csv,15.5,exact,,S1_v3_2_2B_extension,,substructure_aggregate_median,30.03,5.0,4.291563796542481,3.8127288034265554,4.827047321068514,,5000,
