pdf,n_chars,families,cap_field_vs_T,cap_jc_vs_H,both,unreadable
option_A_loo_residuals.pdf,640,,0,0,0,0
The critical current density of Tl-1212 and 1223-based superconductors.pdf,26872,cuprate,0,0,0,0
option_A_kernel_introspection.pdf,561,,0,0,0,0
1-s2.0-092145349492144X-main.pdf,5896,cuprate,0,0,0,0
2601.21044v1.pdf,47496,MgB2_class;cuprate,0,0,0,0
41467_2015_BFncomms8820_MOESM529_ESM.pdf,36170,iron_chalcogenide_11;iron_pnictide_122;MgB2_class;cuprate,0,0,0,0
10.1186_s40580-023-00405-2.pdf,50547,iron_chalcogenide_11;iron_pnictide_122;cuprate;iron_pnictide_1111,0,0,0,0
kappa_vs_tc_scatter.pdf,527,iron_chalcogenide_11;iron_pnictide_122;MgB2_class;cuprate;iron_pnictide_1111,0,0,0,0
kappa_jc_extended_correlation.pdf,330,cuprate,0,0,0,0
cross_class_kappa_jc0.pdf,656,iron_chalcogenide_11;iron_pnictide_122;cuprate,0,0,0,0
bulk_correlation_plot.pdf,419,cuprate,0,0,0,0
figure_1_contribution_inkscape_v2.pdf,1008,,0,0,0,0
figure_1_contribution.pdf,1012,MgB2_class,0,0,0,0
1-s2.0-S0254058423010568-main.pdf,45430,MgB2_class,1,1,1,0
figure_1_workflow.pdf,1596,cuprate,0,0,0,0
figure_1_workflow_grayscale.pdf,1609,cuprate,0,0,0,0
11_6K.pdf,40911,iron_chalcogenide_11;iron_pnictide_122;cuprate,1,1,1,0
Ni122_4_2K.pdf,19710,iron_pnictide_122;cuprate,0,0,0,0
P122_4_2K.pdf,29222,iron_chalcogenide_11;iron_pnictide_122;MgB2_class;cuprate;iron_pnictide_1111,0,0,0,0
La1111_4_2K.pdf,22867,MgB2_class;cuprate;iron_pnictide_1111,1,0,0,0
Sm1111_4_2K.pdf,31120,iron_chalcogenide_11;iron_pnictide_122;cuprate;iron_pnictide_1111,0,1,0,0
Co122_4_2K_zero.pdf,39318,iron_chalcogenide_11;iron_pnictide_122;cuprate;iron_pnictide_1111,0,1,0,0
Nd1111_10K.pdf,40172,iron_chalcogenide_11;iron_pnictide_122;MgB2_class;cuprate;iron_pnictide_1111,1,1,1,0
2212.09333v9.pdf,67215,cuprate,0,0,0,0
2108.13455v1.pdf,66594,cuprate,0,0,0,0
1706.08696v1.pdf,40125,iron_chalcogenide_11;iron_pnictide_122;cuprate;iron_pnictide_1111,1,0,0,0
0806.2352v1.pdf,20631,cuprate,0,0,0,0
0809.3974v1.pdf,14884,cuprate,0,0,0,0
1211.4681v2.pdf,31636,cuprate,1,1,1,0
1208.4057v1.pdf,8108,cuprate,0,0,0,0
2006.02321v1.pdf,47392,,1,0,0,0
0909.1628v3.pdf,13606,cuprate,0,1,0,0
2102.02003v1.pdf,31530,iron_chalcogenide_11,1,0,0,0
0807.3449v1.pdf,24499,,0,0,0,0
1107.5961v2.pdf,38405,cuprate,0,0,0,0
1808.02864v3.pdf,36884,iron_pnictide_122;cuprate;iron_pnictide_1111,0,0,0,0
2010.14259v2.pdf,35051,cuprate,0,0,0,0
1108.4793v1.pdf,12841,cuprate,0,0,0,0
2403.18022v1.pdf,30250,MgB2_class;cuprate,0,0,0,0
0910.1104v1.pdf,16142,cuprate,1,0,0,0
1707.02891v1.pdf,50651,cuprate,0,0,0,0
0704.0352v1.pdf,22276,,0,0,0,0
1205.3868v3.pdf,19422,MgB2_class;cuprate,1,0,0,0
1202.1665v1.pdf,52756,cuprate,0,0,0,0
2501.02425v2.pdf,59449,cuprate,0,0,0,0
0909.2711v1.pdf,21496,,0,0,0,0
2209.05754v1.pdf,32340,,0,1,0,0
1204.0616v2.pdf,25971,,0,1,0,0
1207.5382v1.pdf,27370,iron_chalcogenide_11;iron_pnictide_122;iron_pnictide_1111,0,0,0,0
1305.1269v1.pdf,30487,iron_chalcogenide_11;cuprate,0,0,0,0
2306.14481v1.pdf,43111,cuprate,0,0,0,0
0909.0665v1.pdf,13388,cuprate,0,0,0,0
YBa2Cu3O7__0107343.pdf,17431,cuprate,0,0,0,0
YBa2Cu3O7__1303_1276.pdf,47463,cuprate,0,0,0,0
Nb3Sn__0306013.pdf,23872,MgB2_class,0,1,0,0
YBa2Cu3O7__0404523.pdf,31340,cuprate,0,0,0,0
Nb3Sn__1203_1848.pdf,39897,cuprate,0,0,0,0
Nb3Sn__1411_5397.pdf,20549,,0,0,0,0
Nb3Sn__2505_04159.pdf,33595,,0,1,0,0
YBa2Cu3O7__0501461.pdf,38951,cuprate,0,1,0,0
YBa2Cu3O7__9801244.pdf,58662,cuprate,0,0,0,0
YBa2Cu3O7__1710_08600.pdf,25099,cuprate,0,0,0,0
YBa2Cu3O7__0302250.pdf,6687,cuprate,0,0,0,0
YBa2Cu3O7__0201375.pdf,47885,cuprate,0,1,0,0
Nb3Sn__2004_10921.pdf,20295,iron_chalcogenide_11,0,0,0,0
Nb3Sn__0403755.pdf,13115,MgB2_class;cuprate,0,0,0,0
Nb3Sn__2301_00756.pdf,40045,,0,0,0,0
YBa2Cu3O7__0406620.pdf,44172,cuprate,0,0,0,0
YBa2Cu3O7__0206254.pdf,76119,cuprate,0,0,0,0
Nb3Sn__1310_6729.pdf,92195,iron_chalcogenide_11;MgB2_class,1,0,0,0
Nb3Sn__2204_02536.pdf,85837,MgB2_class,0,0,0,0
YBa2Cu3O7__0103205.pdf,26160,cuprate,0,0,0,0
YBa2Cu3O7__1602_04564.pdf,34055,MgB2_class;cuprate,0,0,0,0
YBa2Cu3O7__2305_04491.pdf,36558,cuprate,0,0,0,0
Nb3Sn__1808_02864.pdf,36884,iron_pnictide_122;cuprate;iron_pnictide_1111,0,0,0,0
Nb3Sn__0103425.pdf,20827,MgB2_class,1,0,0,0
Nb3Sn__0910_4316.pdf,8354,MgB2_class;cuprate,0,0,0,0
YBa2Cu3O7__1210_8289.pdf,22713,cuprate,0,0,0,0
Nb3Sn__1909_05695.pdf,48566,iron_chalcogenide_11,0,0,0,0
Nb3Sn__2412_09514.pdf,66620,iron_chalcogenide_11,1,0,0,0
YBa2Cu3O7__1104_3569.pdf,24450,cuprate,0,0,0,0
YBa2Cu3O7__0102081.pdf,14888,cuprate,0,0,0,0
YBa2Cu3O7__1004_3909.pdf,20524,cuprate,0,0,0,0
Nb3Sn__0608404.pdf,95924,,1,1,1,0
Nb3Sn__1305_1269.pdf,30487,iron_chalcogenide_11;cuprate,0,0,0,0
YBa2Cu3O7__1207_5691.pdf,15438,cuprate,0,0,0,0
Nb3Sn__0512196.pdf,16223,,0,0,0,0
Nb3Sn__0604176.pdf,28072,MgB2_class;cuprate,1,0,0,0
Nb3Sn__0910_0259.pdf,24792,,0,0,0,0
YBa2Cu3O7__2212_13339.pdf,25698,cuprate,0,0,0,0
Nb3Sn__0305474.pdf,41337,MgB2_class;cuprate,1,0,0,0
YBa2Cu3O7__1911_05237.pdf,37724,cuprate,0,0,0,0
YBa2Cu3O7__9601051.pdf,62457,cuprate,0,0,0,0
YBa2Cu3O7__9811303.pdf,81575,cuprate,0,0,0,0
YBa2Cu3O7__0506059.pdf,14549,cuprate,0,0,0,0
10.1007_978-3-030-16118-7_16.pdf,39050,MgB2_class;cuprate,0,0,0,0
10.1038_srep26394.pdf,46333,iron_chalcogenide_11;iron_pnictide_122;iron_pnictide_1111,0,0,0,0
10.1186_s12877-026-07367-0.pdf,38275,,0,0,0,0
10.1038_s41598-025-00643-w.pdf,38697,cuprate,0,0,0,0
10.1007_s42461-026-01559-3.pdf,170708,cuprate,0,0,0,0
10.1038_s41467-026-70254-0.pdf,50864,cuprate,1,0,0,0
10.1038_ncomms15814.pdf,33991,,0,0,0,0
10.1038_s41598-022-20625-6.pdf,45498,MgB2_class;cuprate,0,0,0,0
10.1038_ncomms10575.pdf,38062,,0,0,0,0
10.1038_s41524-026-01962-w.pdf,83857,MgB2_class,0,0,0,0
10.1038_s44220-026-00623-7.pdf,92343,,0,0,0,0
10.1038_s41535-025-00813-z.pdf,30110,cuprate,0,0,0,0
10.1038_s41467-020-20150-y.pdf,33842,iron_chalcogenide_11;iron_pnictide_122;cuprate;iron_pnictide_1111,0,0,0,0
10.1007_s11051-020-05076-2.pdf,33468,cuprate,0,0,0,0
10.1038_s41467-025-67500-2.pdf,44634,cuprate,0,0,0,0
10.1038_s41598-021-86728-8.pdf,42460,iron_chalcogenide_11;iron_pnictide_122;cuprate;iron_pnictide_1111,0,1,0,0
10.1038_srep22278.pdf,42005,iron_chalcogenide_11;iron_pnictide_122;MgB2_class;cuprate;iron_pnictide_1111,1,1,1,0
10.1038_ncomms8927.pdf,30519,cuprate,0,0,0,0
10.1007_978-3-030-16118-7_8.pdf,60624,,0,0,0,0
10.1038_s41427-022-00457-6.pdf,31361,iron_pnictide_122;MgB2_class;cuprate,0,0,0,0
10.1007_s10948-023-06515-6.pdf,38081,iron_chalcogenide_11;MgB2_class;cuprate,0,0,0,0
10.1007_s10948-025-06918-7.pdf,97523,iron_chalcogenide_11;MgB2_class;cuprate,0,0,0,0
10.1038_s41598-020-74156-z.pdf,43214,iron_chalcogenide_11;iron_pnictide_122;cuprate,0,1,0,0
10.1038_s41467-025-60071-2.pdf,50386,iron_chalcogenide_11;iron_pnictide_122,0,0,0,0
10.1038_s41598-021-87639-4.pdf,53449,iron_pnictide_122;cuprate,1,1,1,0
10.1038_s41598-025-17434-y.pdf,52257,cuprate,0,0,0,0
10.1038_s41598-021-82046-1.pdf,27664,cuprate,1,0,0,0
10.1007_s10832-026-00459-8.pdf,66145,cuprate,0,0,0,0
10.1038_s42005-025-02118-w.pdf,37081,iron_chalcogenide_11,0,0,0,0
10.1038_s41467-024-50590-9.pdf,51072,iron_chalcogenide_11;cuprate,0,0,0,0
10.1007_s10854-024-13016-2.pdf,57457,cuprate,0,0,0,0
10.1038_s43246-025-01054-0.pdf,59293,iron_chalcogenide_11;iron_pnictide_122;cuprate,0,1,0,0
10.1038_srep13466.pdf,41820,,0,0,0,0
10.1038_s41535-021-00385-8.pdf,43929,iron_chalcogenide_11;iron_pnictide_122;cuprate;iron_pnictide_1111,0,0,0,0
10.1038_s42005-025-02345-1.pdf,47772,iron_chalcogenide_11,0,0,0,0
10.1038_s41598-025-24806-x.pdf,56291,iron_chalcogenide_11;iron_pnictide_122;cuprate;iron_pnictide_1111,1,1,1,0
10.1038_s41586-023-06977-7.pdf,45279,,0,0,0,0
10.1038_s41524-023-01084-7.pdf,54906,iron_chalcogenide_11;MgB2_class,0,0,0,0
10.1038_s41598-020-65224-5.pdf,49588,iron_chalcogenide_11;iron_pnictide_122;cuprate,0,0,0,0
10.1038_s41467-026-69635-2.pdf,38209,iron_chalcogenide_11,0,0,0,0
10.1007_s10948-025-06933-8.pdf,29264,MgB2_class;cuprate,0,0,0,0
10.1038_s41467-020-18041-3.pdf,48676,iron_pnictide_122;cuprate,0,0,0,0
10.1038_s41467-025-67886-z.pdf,53779,,0,0,0,0
10.1007_s10854-026-16870-4.pdf,58130,iron_chalcogenide_11;MgB2_class,0,0,0,0
10.1007_s40820-026-02139-2.pdf,141177,,0,0,0,0
10.1038_srep36047.pdf,38325,iron_chalcogenide_11;iron_pnictide_122;MgB2_class;cuprate;iron_pnictide_1111,0,1,0,0
10.1038_s41467-025-62624-x.pdf,50920,iron_chalcogenide_11;cuprate,0,0,0,0
10.1038_s41427-024-00579-z.pdf,62180,MgB2_class;cuprate,0,1,0,0
10.1007_s10948-026-07138-3.pdf,48982,MgB2_class;cuprate,0,0,0,0
10.1038_ncomms13036.pdf,43635,iron_chalcogenide_11;iron_pnictide_122;cuprate;iron_pnictide_1111,1,1,1,0
10.1038_srep19462.pdf,40631,cuprate,0,0,0,0
10.1007_s00339-023-07245-1.pdf,35690,cuprate,0,0,0,0
10.1186_s40580-026-00536-2.pdf,163612,iron_chalcogenide_11;iron_pnictide_122;cuprate,0,0,0,0
10.1186_s11671-026-04479-9.pdf,136563,MgB2_class;cuprate,0,0,0,0
10.1038_s41597-025-06222-y.pdf,46908,cuprate,0,0,0,0
10.1038_srep16419.pdf,32921,cuprate,0,0,0,0
10.1007_s11432-024-4033-8.pdf,178840,cuprate,0,0,0,0
10.1007_978-3-030-57031-6_2.pdf,84552,,0,0,0,0
10.1038_s41598-022-24012-z.pdf,51237,iron_chalcogenide_11;iron_pnictide_122;cuprate;iron_pnictide_1111,1,1,1,0
10.1038_ncomms10064.pdf,38057,cuprate,0,0,0,0
10.1007_s43939-026-00637-z.pdf,30406,cuprate,0,0,0,0
10.1140_epjc_s10052-025-14295-7.pdf,115724,cuprate,0,0,0,0
10.1038_s41598-025-28578-2.pdf,37758,cuprate,0,0,0,0
10.1038_s41563-024-01952-7.pdf,53843,iron_chalcogenide_11;iron_pnictide_122;cuprate;iron_pnictide_1111,0,1,0,0
10.1038_s41598-022-24044-5.pdf,47304,iron_chalcogenide_11;cuprate,0,1,0,0
10.1038_s41467-025-58300-9.pdf,67786,iron_chalcogenide_11,0,0,0,0
10.1038_s41598-023-44751-x.pdf,36876,cuprate,0,0,0,0
10.1038_s41378-026-01226-z.pdf,66785,,0,0,0,0
10.1038_s41598-026-39303-y.pdf,50372,cuprate,0,0,0,0
10.1134_S0021364024600514.pdf,23131,cuprate,0,0,0,0
10.1038_srep32378.pdf,37158,cuprate,0,0,0,0
10.1038_s41427-024-00530-2.pdf,41452,cuprate,0,0,0,0
10.1038_s41699-024-00480-x.pdf,47896,iron_chalcogenide_11,0,0,0,0
10.1007_s43939-025-00305-8.pdf,127573,MgB2_class;cuprate,0,0,0,0
10.1038_s42005-023-01286-x.pdf,30045,iron_chalcogenide_11,0,0,0,0
10.1038_s41586-026-10441-7.pdf,35174,cuprate,0,0,0,0
10.1038_s41699-026-00670-9.pdf,63009,iron_chalcogenide_11,0,0,0,0
10.1038_s41535-022-00493-z.pdf,47264,iron_chalcogenide_11;iron_pnictide_122;cuprate;iron_pnictide_1111,0,0,0,0
10.1038_s41535-023-00556-9.pdf,62580,iron_chalcogenide_11;iron_pnictide_122;cuprate;iron_pnictide_1111,0,0,0,0
10.1038_s41467-025-68068-7.pdf,51418,iron_chalcogenide_11;cuprate,0,0,0,0
10.1038_srep26671.pdf,28795,iron_chalcogenide_11;iron_pnictide_122;iron_pnictide_1111,0,1,0,0
10.1038_s41586-025-10095-x.pdf,109125,cuprate,0,0,0,0
10.1038_s42005-025-01971-z.pdf,42502,cuprate,0,0,0,0
10.1038_s41598-022-19026-6.pdf,47908,iron_chalcogenide_11,0,0,0,0
10.1007_s10854-026-16845-5.pdf,65980,cuprate,1,1,1,0
10.1007_s00466-022-02185-8.pdf,48609,,0,0,0,0
10.1038_s42005-026-02564-0.pdf,43719,cuprate,0,0,0,0
10.1007_s10439-026-04112-x.pdf,89673,,0,0,0,0
10.1038_s42005-025-02253-4.pdf,66528,MgB2_class;cuprate,0,0,0,0
10.1007_s10854-025-14598-1.pdf,52088,MgB2_class,0,0,0,0
10.1038_srep23044.pdf,26326,iron_chalcogenide_11;iron_pnictide_122;MgB2_class;cuprate;iron_pnictide_1111,0,1,0,0
10.1038_s43246-026-01081-5.pdf,42068,iron_chalcogenide_11,0,0,0,0
10.1007_s10971-026-07150-y.pdf,103086,,0,0,0,0
10.1007_s10948-026-07159-y.pdf,45011,cuprate,0,0,0,0
10.1038_s41467-025-67503-z.pdf,58215,cuprate,0,0,0,0
10.1038_s41524-023-01131-3.pdf,46657,iron_pnictide_122;MgB2_class;cuprate,0,0,0,0
10.1038_s41598-021-86563-x.pdf,64018,,0,0,0,0
10.1134_S0021364024604597.pdf,23223,iron_chalcogenide_11;iron_pnictide_122,1,0,0,0
10.1038_s41598-025-33641-z.pdf,55640,cuprate,0,0,0,0
10.1007_s10909-025-03350-y.pdf,102060,cuprate,0,0,0,0
10.1038_s41467-020-20529-x.pdf,44466,iron_chalcogenide_11,0,0,0,0
10.1038_s41467-025-64492-x.pdf,42287,cuprate,0,0,0,0
10.1038_s41378-026-01171-x.pdf,172645,,0,0,0,0
10.1038_s44172-025-00554-8.pdf,87190,MgB2_class;cuprate,0,0,0,0
10.1038_srep08213.pdf,29121,iron_chalcogenide_11;iron_pnictide_122;MgB2_class;cuprate;iron_pnictide_1111,1,1,1,0
10.1007_s10854-025-14655-9.pdf,50881,MgB2_class;cuprate,0,0,0,0
10.1007_s40145-016-0189-x.pdf,42962,MgB2_class;cuprate,0,0,0,0
10.1038_srep15849.pdf,24839,cuprate,0,0,0,0
10.1007_s10948-025-07115-2.pdf,48693,iron_chalcogenide_11;iron_pnictide_122;MgB2_class;iron_pnictide_1111,0,1,0,0
10.1007_s43939-025-00411-7.pdf,31429,iron_chalcogenide_11;iron_pnictide_122;MgB2_class;cuprate;iron_pnictide_1111,1,0,0,0
10.1038_s41535-026-00863-x.pdf,92590,MgB2_class;cuprate,0,0,0,0
10.1038_s42003-025-09444-3.pdf,57305,,0,0,0,0
10.1007_s10909-026-03384-w.pdf,50529,iron_chalcogenide_11;cuprate,0,0,0,0
10.1038_s41598-021-82325-x.pdf,45002,iron_chalcogenide_11;iron_pnictide_122;cuprate;iron_pnictide_1111,0,0,0,0
10.1038_s41598-025-95932-9.pdf,54310,cuprate,0,1,0,0
10.1038_s41567-026-03216-4.pdf,63743,iron_chalcogenide_11;cuprate,0,0,0,0
10.1007_s44214-022-00005-x.pdf,29484,iron_chalcogenide_11;cuprate,0,0,0,0
10.1038_srep35797.pdf,29593,iron_chalcogenide_11;iron_pnictide_122;cuprate;iron_pnictide_1111,0,0,0,0
10.1038_srep25962.pdf,34369,iron_chalcogenide_11;iron_pnictide_122;cuprate;iron_pnictide_1111,0,0,0,0
10.1038_s41535-024-00688-6.pdf,36732,cuprate,0,0,0,0
10.1038_srep15268.pdf,39222,cuprate,0,0,0,0
10.1038_s41598-024-59829-3.pdf,46564,cuprate,0,1,0,0
10.1007_s13369-024-08720-4.pdf,24527,cuprate,0,0,0,0
10.1038_s42005-023-01250-9.pdf,61687,cuprate,0,0,0,0
10.1007_s43673-025-00152-y.pdf,47171,iron_chalcogenide_11;cuprate,0,0,0,0
10.1038_ncomms13074.pdf,47247,iron_pnictide_122;cuprate,0,0,0,0
10.1186_s43088-024-00550-5.pdf,46005,iron_pnictide_122;cuprate,0,0,0,0
10.1007_s40766-025-00071-6.pdf,115475,iron_chalcogenide_11;iron_pnictide_122;MgB2_class;cuprate;iron_pnictide_1111,0,0,0,0
10.1038_s42005-025-02278-9.pdf,43032,cuprate,0,0,0,0
10.3758_s13423-025-02758-7.pdf,67356,iron_chalcogenide_11,0,0,0,0
10.1038_s41557-026-02114-9.pdf,72395,,0,0,0,0
10.1134_S0021364026600667.pdf,44667,,0,0,0,0
10.1038_s41467-025-59517-4.pdf,36438,iron_chalcogenide_11,0,0,0,0
10.1007_978-3-030-16118-7_1.pdf,55923,,0,0,0,0
10.1007_s44214-025-00090-8.pdf,31674,iron_chalcogenide_11;cuprate;iron_pnictide_1111,0,0,0,0
10.1007_s10854-026-16566-9.pdf,60813,iron_chalcogenide_11;iron_pnictide_122;MgB2_class;cuprate;iron_pnictide_1111,1,1,1,0
10.1038_s43246-025-00788-1.pdf,43745,,0,0,0,0
10.1038_s41467-021-23487-0.pdf,40077,cuprate,0,0,0,0
10.1038_s42005-025-02442-1.pdf,54112,iron_chalcogenide_11,0,0,0,0
10.1007_s44214-025-00098-0.pdf,86272,iron_chalcogenide_11,0,0,0,0
10.1007_s40145-015-0177-6.pdf,33138,cuprate,0,1,0,0
10.1007_s10971-025-07063-2.pdf,101304,cuprate,0,0,0,0
10.1007_s10853-026-12546-w.pdf,73358,MgB2_class;cuprate,0,0,0,0
10.1007_978-3-030-16118-7_5.pdf,59943,,0,0,0,0
10.1007_s42114-025-01454-3.pdf,151476,MgB2_class;cuprate,0,0,0,0
10.1038_s41598-023-43424-z.pdf,60904,iron_chalcogenide_11;iron_pnictide_122;MgB2_class;cuprate,0,1,0,0
10.1038_s41427-022-00396-2.pdf,37545,iron_chalcogenide_11;MgB2_class;cuprate,0,0,0,0
10.1186_s43094-025-00789-4.pdf,119680,MgB2_class,0,0,0,0
10.1038_s41598-026-50969-2.pdf,91561,,0,0,0,0
10.1038_s42005-021-00789-9.pdf,71869,iron_chalcogenide_11;iron_pnictide_122;cuprate,0,0,0,0
10.1038_s41535-021-00401-x.pdf,58739,iron_chalcogenide_11;cuprate,0,0,0,0
10.1186_s42252-025-00073-x.pdf,102559,iron_chalcogenide_11,0,0,0,0
10.1557_s43578-026-01830-9.pdf,71340,iron_chalcogenide_11,0,0,0,0
10.1038_srep35694.pdf,61523,iron_pnictide_122,0,1,0,0
10.1038_s41427-021-00336-6.pdf,41256,iron_chalcogenide_11;iron_pnictide_122;iron_pnictide_1111,0,0,0,0
10.1038_s41598-025-97195-w.pdf,39860,MgB2_class;cuprate,0,0,0,0
10.1038_s41598-021-87475-6.pdf,58292,iron_chalcogenide_11;MgB2_class;cuprate,0,0,0,0
10.1007_978-3-030-16118-7_7.pdf,69421,,0,0,0,0
10.1007_s10291-026-02030-y.pdf,117191,cuprate,0,0,0,0
10.1038_srep05420.pdf,25920,cuprate,0,0,0,0
10.1140_epjs_s11734-025-01967-4.pdf,157785,,0,0,0,0
10.1038_s41467-025-55880-4.pdf,40167,cuprate,0,0,0,0
10.1038_s41524-025-01610-9.pdf,78293,MgB2_class,0,0,0,0
11_4_2K.pdf,22550,iron_chalcogenide_11;cuprate,0,1,0,0
Co122_4_2K.pdf,27376,iron_pnictide_122;cuprate,0,0,0,0
Nd1111_4_2K.pdf,18673,iron_pnictide_1111,0,0,0,0
10.1016_j.jallcom.2007.03.072.pdf,4342,MgB2_class;cuprate,0,0,0,0
10.1016_j.optcom.2025.131548.pdf,5474,cuprate,0,0,0,0
10.1016_j.vacuum.2021.110661.pdf,5075,iron_chalcogenide_11,0,0,0,0
10.1016_j.physc.2016.05.017.pdf,5020,iron_chalcogenide_11,0,0,0,0
10.1016_j.ijhydene.2021.05.170.pdf,2411,cuprate,0,0,0,0
10.1016_j.physleta.2012.10.028.pdf,5030,iron_chalcogenide_11;cuprate,0,0,0,0
10.1016_0921-4534(93)90778-O.pdf,3925,cuprate,0,0,0,0
10.1016_S0038-1098(96)00511-X.pdf,3861,,0,0,0,0
10.1016_j.phpro.2014.10.045.pdf,17243,iron_chalcogenide_11;iron_pnictide_122;iron_pnictide_1111,0,0,0,0
10.1016_j.physc.2018.10.003.pdf,5022,iron_pnictide_122;iron_pnictide_1111,0,0,0,0
10.1016_j.ssc.2016.07.030.pdf,4478,iron_chalcogenide_11;cuprate,0,0,0,0
10.1016_j.solidstatesciences.2024.107801.pdf,5187,iron_chalcogenide_11,0,0,0,0
10.1016_j.jallcom.2025.181077.pdf,4765,,0,0,0,0
10.1016_j.ceramint.2016.02.046.pdf,5030,cuprate,0,0,0,0
10.1016_j.physc.2009.08.013.pdf,4774,cuprate,0,0,0,0
10.1016_j.physb.2004.01.102.pdf,3074,,0,0,0,0
10.1016_j.mtcomm.2022.103433.pdf,39789,iron_chalcogenide_11;cuprate,1,1,1,0
10.1016_0964-1807(95)00079-8.pdf,3830,,0,0,0,0
10.1016_j.jssc.2014.02.024.pdf,5233,iron_chalcogenide_11;iron_pnictide_122;cuprate,0,0,0,0
10.1016_j.physc.2010.09.012.pdf,25239,cuprate;iron_pnictide_1111,0,0,0,0
10.1016_j.physc.2014.12.009.pdf,4600,MgB2_class,0,0,0,0
10.1016_S2666-0873(24)00196-0.pdf,190490,,0,0,0,0
10.1016_j.physc.2006.05.079.pdf,3678,,0,0,0,0
10.1016_S0921-4534(97)01428-7.pdf,4166,,0,0,0,0
10.1016_0925-8388(93)90762-C.pdf,3953,cuprate,0,0,0,0
10.1016_j.matlet.2018.07.055.pdf,4773,cuprate,0,0,0,0
10.1016_j.physb.2026.418403.pdf,4647,cuprate,0,0,0,0
10.1016_S0368-2048(96)90789-6.pdf,3246,,0,0,0,0
10.1016_S0921-4534(97)00554-6.pdf,3104,,0,0,0,0
10.1016_j.jiec.2019.05.037.pdf,4983,cuprate,0,0,0,0
10.1016_S0009-2614(99)01268-3.pdf,25463,,0,0,0,0
10.1016_j.physb.2008.11.192.pdf,4876,cuprate,0,0,0,0
10.1016_j.cryogenics.2025.104129.pdf,4508,cuprate,0,0,0,0
10.1016_S0022-3697(01)00249-9.pdf,3941,cuprate,0,0,0,0
10.1016_j.physc.2008.05.115.pdf,4960,,0,0,0,0
10.1016_0921-4534(94)91683-7.pdf,3483,,0,0,0,0
10.1016_j.physc.2013.09.009.pdf,5182,MgB2_class,0,0,0,0
10.1016_j.physc.2009.03.048.pdf,59623,iron_chalcogenide_11;iron_pnictide_122;MgB2_class;cuprate;iron_pnictide_1111,1,0,0,0
10.1016_S0921-4534(01)00316-1.pdf,2908,cuprate,0,0,0,0
10.1016_j.physc.2015.08.013.pdf,5356,cuprate,0,0,0,0
10.1016_j.ceramint.2017.08.114.pdf,4980,cuprate,0,0,0,0
10.1016_S0921-4534(03)00835-9.pdf,2765,cuprate,0,0,0,0
10.1016_j.ijhydene.2018.12.048.pdf,3361,cuprate,0,0,0,0
10.1016_j.jallcom.2013.04.183.pdf,20022,cuprate,0,0,0,0
10.1016_j.inoche.2018.03.006.pdf,5782,iron_chalcogenide_11,0,0,0,0
10.1016_j.phpro.2016.04.012.pdf,12717,cuprate,0,1,0,0
10.1016_S0921-4534(00)00816-9.pdf,3743,cuprate,0,0,0,0
10.1016_j.matpr.2022.06.232.pdf,4594,iron_chalcogenide_11,0,0,0,0
10.1016_j.apsusc.2014.02.124.pdf,4538,iron_chalcogenide_11,0,0,0,0
10.1016_S0921-4534(02)02476-0.pdf,3232,cuprate,0,0,0,0
10.1016_0921-4534(94)92065-6.pdf,4637,cuprate,0,0,0,0
10.1016_B978-0-12-409509-0.00011-1.pdf,1997,,0,0,0,0
10.1016_j.isci.2021.102922.pdf,40276,iron_chalcogenide_11;iron_pnictide_122;MgB2_class;cuprate,0,0,0,0
10.1016_0921-4534(94)90584-3.pdf,3258,,0,0,0,0
10.1016_0921-4534(94)91884-8.pdf,3964,cuprate,0,0,0,0
10.1016_S0040-6090(98)01620-4.pdf,4103,cuprate,0,0,0,0
10.1016_j.supcon.2023.100081.pdf,25583,cuprate,0,0,0,0
10.1016_j.physc.2026.1354831.pdf,5040,MgB2_class;cuprate,0,0,0,0
10.1016_j.cryogenics.2025.104261.pdf,4830,cuprate,0,0,0,0
10.1016_0964-1807(95)00091-7.pdf,3946,cuprate,0,0,0,0
10.1016_j.ijhydene.2024.10.184.pdf,5234,,0,0,0,0
10.1016_j.progsolidstchem.2016.02.001.pdf,7249,cuprate,0,0,0,0
10.1016_S0921-4534(98)00514-0.pdf,3176,cuprate,0,0,0,0
10.1016_j.physc.2016.04.005.pdf,4858,,0,0,0,0
10.1016_S0921-4534(03)01158-4.pdf,2782,cuprate,0,0,0,0
10.1016_S0921-4534(03)01049-9.pdf,2832,MgB2_class,0,0,0,0
10.1016_j.isci.2024.111032.pdf,48419,iron_chalcogenide_11;cuprate,0,1,0,0
10.1016_0921-4534(92)90528-K.pdf,3587,cuprate,0,0,0,0
10.1016_j.apcata.2013.03.022.pdf,5292,cuprate,0,0,0,0
10.1016_S0921-4534(97)00461-9.pdf,3838,cuprate,0,0,0,0
10.1016_j.physc.2014.02.022.pdf,4713,iron_chalcogenide_11,0,0,0,0
10.1016_S2452-302X(25)00261-X.pdf,160187,,0,0,0,0
10.1016_j.ssc.2010.06.001.pdf,5516,cuprate,0,0,0,0
10.1016_0921-4534(94)90287-9.pdf,3388,cuprate,0,0,0,0
10.1016_j.ceramint.2017.05.280.pdf,4950,iron_chalcogenide_11,0,0,0,0
10.1016_j.taap.2017.04.002.pdf,58079,,0,0,0,0
10.1016_j.supcon.2022.100007.pdf,37030,cuprate,0,0,0,0
10.1016_j.jallcom.2015.12.119.pdf,4447,iron_chalcogenide_11;iron_pnictide_122;iron_pnictide_1111,0,0,0,0
10.1016_j.physc.2023.1354410.pdf,4944,cuprate,0,0,0,0
10.1016_S0921-4534(99)00397-4.pdf,2816,,0,0,0,0
10.1016_j.ceramint.2025.02.401.pdf,5217,iron_chalcogenide_11,0,0,0,0
10.1016_S0921-4534(99)00351-2.pdf,3003,,0,0,0,0
10.1016_j.physb.2024.416704.pdf,4791,cuprate,0,0,0,0
10.1016_0921-4534(94)91647-0.pdf,3100,cuprate,0,0,0,0
10.1016_j.physc.2003.11.076.pdf,2648,cuprate,0,0,0,0
10.1016_0038-1098(85)90962-7.pdf,4171,,0,0,0,0
10.1016_S0735-1097(26)06140-1.pdf,853,,0,0,0,0
10.1016_j.mssp.2026.110407.pdf,5091,cuprate,0,0,0,0
10.1016_j.tsf.2010.03.129.pdf,12773,iron_pnictide_1111,0,0,0,0
10.1016_0011-2275(85)90005-0.pdf,4831,,0,0,0,0
10.1016_j.physc.2015.08.004.pdf,4960,cuprate,0,0,0,0
10.1016_j.physc.2024.1354568.pdf,5279,cuprate,0,0,0,0
10.1016_0921-4534(96)00011-1.pdf,3010,,0,0,0,0
10.1016_j.jpcs.2008.06.094.pdf,4859,cuprate,0,0,0,0
10.1016_j.ssc.2011.01.010.pdf,4874,iron_chalcogenide_11,0,0,0,0
10.1016_j.physc.2010.05.156.pdf,5167,,0,0,0,0
10.1016_0921-4534(94)90717-X.pdf,3013,cuprate,0,0,0,0
10.1016_0167-577X(94)90030-2.pdf,3017,,0,0,0,0
10.1016_j.ssc.2010.03.025.pdf,4608,iron_chalcogenide_11,0,0,0,0
10.1016_S0368-2048(96)90529-0.pdf,3248,,0,0,0,0
10.1016_j.jmmm.2012.04.057.pdf,4957,iron_chalcogenide_11,0,0,0,0
10.1016_0921-4534(92)90688-9.pdf,3520,,0,0,0,0
10.1016_j.physc.2009.11.002.pdf,5048,iron_chalcogenide_11,0,0,0,0
10.1016_j.ssc.2014.05.025.pdf,5145,iron_chalcogenide_11;iron_pnictide_122;iron_pnictide_1111,0,0,0,0
10.1016_j.physc.2014.06.013.pdf,4921,cuprate,0,0,0,0
10.1016_S0921-4534(01)00543-3.pdf,2956,cuprate,0,0,0,0
10.1016_j.physc.2007.03.095.pdf,3712,cuprate,0,0,0,0
10.1016_j.jmb.2004.05.012.pdf,3771,,0,0,0,0
10.1016_j.scriptamat.2019.09.010.pdf,5202,iron_chalcogenide_11,0,0,0,0
10.1016_j.physc.2026.1354834.pdf,4863,iron_pnictide_122;cuprate,0,0,0,0
10.1016_j.tsf.2022.139420.pdf,5220,,0,0,0,0
10.1016_0921-4534(92)90013-3.pdf,3604,,0,0,0,0
10.1016_j.physc.2012.04.041.pdf,5360,iron_chalcogenide_11;iron_pnictide_122;cuprate,0,0,0,0
10.1016_j.nimb.2011.02.077.pdf,5287,cuprate,0,0,0,0
10.1016_S0921-4534(99)00504-3.pdf,3067,cuprate,0,0,0,0
10.1016_0921-4534(91)91296-G.pdf,3984,,0,0,0,0
10.1016_S0921-4534(02)02139-1.pdf,2896,cuprate,0,0,0,0
10.1016_0921-4534(94)90046-9.pdf,3406,cuprate,0,0,0,0
10.1016_0167-4838(93)90295-3.pdf,4270,,0,0,0,0
10.1016_j.scib.2018.12.024.pdf,5089,iron_chalcogenide_11;iron_pnictide_1111,0,0,0,0
10.1016_j.physrep.2024.05.001.pdf,171373,iron_chalcogenide_11;cuprate,1,0,0,0
10.1016_j.physc.2009.08.001.pdf,4794,cuprate,0,0,0,0
10.1016_j.isci.2025.113260.pdf,149535,MgB2_class;cuprate,1,0,0,0
10.1016_j.physc.2003.11.066.pdf,2735,cuprate,0,0,0,0
10.1016_j.jssc.2013.05.005.pdf,4973,cuprate,0,0,0,0
10.1016_j.physc.2009.08.015.pdf,4873,cuprate,0,0,0,0
10.1016_j.supcon.2026.100254.pdf,62693,cuprate,0,0,0,0
10.1016_j.cryogenics.2022.103626.pdf,39207,cuprate,0,0,0,0
10.1016_S0921-4534(97)00104-4.pdf,2966,,0,0,0,0
10.1016_S0921-4526(99)02358-3.pdf,3837,cuprate,0,0,0,0
10.1016_j.matlet.2023.135662.pdf,4896,iron_chalcogenide_11,0,0,0,0
10.1016_S0921-4534(03)01203-6.pdf,2793,cuprate,0,0,0,0
10.1016_j.physb.2026.418363.pdf,4856,cuprate,0,0,0,0
10.1016_S0921-4526(02)02397-9.pdf,3598,,0,0,0,0
10.1016_S0921-4534(02)02143-3.pdf,2908,cuprate,0,0,0,0
10.1016_j.physc.2025.1354729.pdf,4993,iron_chalcogenide_11;MgB2_class;cuprate;iron_pnictide_1111,0,0,0,0
10.1016_j.phpro.2012.03.439.pdf,16211,MgB2_class;cuprate,0,1,0,0
10.1016_0921-4534(94)91014-6.pdf,3808,cuprate,0,0,0,0
10.1016_S0921-4534(02)01586-1.pdf,2660,cuprate,0,0,0,0
10.1016_S0024-3205(02)02352-4.pdf,2291,,0,0,0,0
10.1016_0921-4534(94)92589-5.pdf,3000,cuprate,0,0,0,0
10.1016_0011-2275(89)90166-5.pdf,4623,,0,0,0,0
10.1016_j.supcon.2026.100255.pdf,44915,cuprate,0,0,0,0
10.1016_j.jssc.2013.05.010.pdf,5101,iron_pnictide_122;iron_pnictide_1111,0,0,0,0
10.1016_j.physc.2007.03.335.pdf,3529,cuprate,0,0,0,0
10.1016_j.physc.2005.07.015.pdf,2337,,0,0,0,0
10.1016_j.ssc.2011.10.038.pdf,4967,cuprate,0,0,0,0
10.1016_S2666-0849(25)02192-8.pdf,133495,,0,0,0,0
10.1016_j.progsolidstchem.2007.03.002.pdf,2030,cuprate,0,0,0,0
10.1016_0964-1807(95)98436-I.pdf,3930,cuprate,0,0,0,0
10.1016_j.jallcom.2010.03.120.pdf,5004,iron_chalcogenide_11,0,0,0,0
10.1016_S0921-4534(00)00518-9.pdf,3852,cuprate,0,0,0,0
10.1016_S0921-4534(99)00723-6.pdf,3040,cuprate,0,0,0,0
10.1016_j.jelechem.2022.116327.pdf,4515,cuprate,0,0,0,0
10.1016_0921-4534(96)00393-0.pdf,2841,cuprate,0,0,0,0
10.1016_0021-9517(91)90287-E.pdf,25595,,0,0,0,0
10.1016_j.jmr.2012.07.020.pdf,5178,,0,0,0,0
10.1016_S0921-4534(98)00516-4.pdf,3015,,0,0,0,0
10.1016_S0921-4534(02)01836-1.pdf,2909,,0,0,0,0
10.1016_j.physc.2014.06.010.pdf,4414,cuprate,0,0,0,0
10.1016_j.physc.2012.03.002.pdf,4936,iron_chalcogenide_11;iron_pnictide_1111,0,0,0,0
10.1016_S0921-4534(03)00958-4.pdf,2866,cuprate,0,0,0,0
10.1016_j.jallcom.2026.186288.pdf,4749,MgB2_class,0,0,0,0
10.1016_S0921-4534(98)00247-0.pdf,2807,cuprate,0,0,0,0
10.1016_S0020-1693(00)81078-6.pdf,3858,cuprate,0,0,0,0
10.1016_j.physb.2022.413880.pdf,4985,,0,0,0,0
10.1016_j.physc.2005.07.003.pdf,2456,cuprate,0,0,0,0
10.1016_0964-1807(93)90385-F.pdf,2456,cuprate,0,0,0,0
10.1016_0921-4534(94)91866-X.pdf,3427,cuprate,0,0,0,0
10.1016_j.ceramint.2019.07.198.pdf,4983,cuprate,0,0,0,0
10.1016_0921-4534(95)00588-9.pdf,2786,,0,0,0,0
10.1016_j.jallcom.2014.04.057.pdf,5059,MgB2_class;cuprate,0,0,0,0
10.1016_j.actamat.2024.119679.pdf,4740,iron_pnictide_122,0,0,0,0
10.1016_j.physc.2023.1354371.pdf,5125,cuprate,0,0,0,0
10.1016_S0921-4534(98)00367-0.pdf,2944,cuprate,0,0,0,0
10.1016_j.supcon.2022.100014.pdf,29785,iron_chalcogenide_11;iron_pnictide_122;iron_pnictide_1111,0,0,0,0
10.1016_S0921-4534(00)00107-6.pdf,3127,cuprate,0,0,0,0
10.1016_S0921-4534(99)00583-3.pdf,3021,cuprate,0,0,0,0
10.1016_j.jmmm.2025.173400.pdf,4947,cuprate,0,0,0,0
10.1016_j.physc.2009.12.048.pdf,4140,cuprate,0,0,0,0
10.1016_j.physc.2014.03.020.pdf,16641,iron_chalcogenide_11;iron_pnictide_122;iron_pnictide_1111,0,0,0,0
10.1016_j.ceramint.2022.11.004.pdf,4515,cuprate,0,0,0,0
10.1016_S0921-4534(97)00655-2.pdf,3554,cuprate,0,0,0,0
10.1016_j.cryogenics.2026.104308.pdf,4617,cuprate,0,0,0,0
10.1016_S0040-6090(01)00824-0.pdf,3523,cuprate,0,0,0,0
10.1016_j.matdes.2015.10.034.pdf,5411,cuprate,0,0,0,0
10.1016_j.jallcom.2004.11.021.pdf,4074,cuprate,0,0,0,0
10.1016_j.jallcom.2019.151851.pdf,4718,iron_chalcogenide_11;cuprate,0,0,0,0
10.1016_0921-4534(88)90525-4.pdf,4079,,0,0,0,0
10.1016_S0025-5408(01)00659-6.pdf,1990,cuprate,0,0,0,0
10.1016_j.cryogenics.2015.11.002.pdf,5039,,0,0,0,0
10.1016_S0921-4534(97)01286-0.pdf,3652,cuprate,0,0,0,0
10.1016_j.ceramint.2026.03.020.pdf,4635,iron_chalcogenide_11;MgB2_class,0,0,0,0
10.1016_0011-2275(81)90181-8.pdf,5539,,0,0,0,0
10.1016_j.physb.2025.417882.pdf,4794,MgB2_class,0,0,0,0
10.1016_j.actamat.2022.118586.pdf,4657,cuprate,0,0,0,0
10.1016_j.ssc.2012.01.030.pdf,5336,iron_chalcogenide_11,0,0,0,0
10.1016_0921-4534(96)00443-1.pdf,2640,cuprate,0,0,0,0
10.1016_S0921-4534(00)00060-5.pdf,2834,,0,0,0,0
10.1016_S0921-4526(97)00391-8.pdf,3228,cuprate,0,0,0,0
10.1016_S0921-4534(01)00898-X.pdf,2873,,0,0,0,0
10.1016_j.phpro.2012.04.056.pdf,11695,cuprate,0,0,0,0
10.1016_0921-4534(95)80029-8.pdf,3019,cuprate,0,0,0,0
10.1016_S0921-4534(02)02457-7.pdf,3251,cuprate,0,0,0,0
10.1016_B978-012512908-4_50077-1.pdf,4063,cuprate,0,0,0,0
10.1016_S2666-0849(26)01075-2.pdf,138074,iron_chalcogenide_11,0,0,0,0
10.1016_j.jmmm.2015.08.067.pdf,5202,iron_chalcogenide_11;cuprate,0,0,0,0
10.1016_j.jallcom.2023.170384.pdf,60035,iron_chalcogenide_11;iron_pnictide_122;MgB2_class;cuprate;iron_pnictide_1111,1,0,0,0
10.1016_0921-4534(94)02400-6.pdf,3334,cuprate,0,0,0,0
10.1016_j.physc.2017.11.010.pdf,5287,cuprate,0,0,0,0
10.1016_j.physc.2024.1354521.pdf,4449,cuprate,0,0,0,0
10.1016_j.physc.2010.05.137.pdf,5031,cuprate,0,0,0,0
10.1016_j.jacomc.2025.100127.pdf,4860,cuprate,0,0,0,0
10.1016_0370-1573(90)90156-V.pdf,409,,0,0,0,0
10.1016_S0921-4534(98)00664-9.pdf,2481,cuprate,0,0,0,0
10.1016_j.jacomc.2025.100084.pdf,5042,MgB2_class,0,0,0,0
10.1016_j.physc.2009.03.016.pdf,4499,cuprate,0,0,0,0
10.1016_0038-1098(96)00397-3.pdf,4254,cuprate,0,0,0,0
10.1016_S0921-4534(02)02383-3.pdf,2983,cuprate,0,0,0,0
10.1016_S0921-4534(02)00870-5.pdf,2937,cuprate,0,0,0,0
10.1016_j.physc.2013.04.060.pdf,32684,MgB2_class;cuprate,0,1,0,0
10.1016_j.crhy.2011.03.001.pdf,67251,iron_chalcogenide_11;iron_pnictide_122;MgB2_class;cuprate;iron_pnictide_1111,0,0,0,0
PhysRevB.84.014520.pdf,18290,iron_chalcogenide_11,0,0,0,0
10.1016_j.physc.2017.04.008.pdf,4761,cuprate,0,0,0,0
10.1016_j.supcon.2024.100130.pdf,57751,cuprate,0,1,0,0
10.1016_S0921-4534(99)00146-X.pdf,3080,,0,0,0,0
10.1016_0921-4526(94)00739-I.pdf,3191,cuprate,0,0,0,0
10.1016_j.ssc.2017.07.002.pdf,4880,cuprate,0,0,0,0
10.1016_j.physc.2009.11.106.pdf,4456,iron_chalcogenide_11;iron_pnictide_1111,0,0,0,0
10.1016_j.ceramint.2026.01.023.pdf,4622,cuprate,0,0,0,0
10.1016_j.jmmm.2026.174139.pdf,5007,iron_chalcogenide_11,0,0,0,0
10.1016_S0921-4534(99)00540-7.pdf,2932,cuprate,0,0,0,0
10.1016_S0921-4534(00)01181-3.pdf,3373,cuprate,0,0,0,0
10.1016_j.physc.2004.03.174.pdf,3189,cuprate,0,0,0,0
10.1016_S0921-4534(00)00058-7.pdf,3319,cuprate,0,0,0,0
10.1016_0921-4534(95)00476-9.pdf,2920,cuprate,0,0,0,0
10.1016_S0921-4534(99)00503-1.pdf,3153,cuprate,0,0,0,0
10.1016_0921-4534(94)90463-4.pdf,3293,cuprate,0,0,0,0
10.1016_S0921-4534(01)00401-4.pdf,3056,cuprate,0,0,0,0
10.1016_j.solidstatesciences.2011.03.001.pdf,4888,cuprate,0,0,0,0
10.1016_j.physc.2004.03.014.pdf,3516,cuprate,0,0,0,0
10.1016_j.jcrysgro.2005.01.048.pdf,2440,,0,0,0,0
10.1016_S0921-4534(97)00084-1.pdf,2874,,0,0,0,0
10.1016_j.scib.2017.12.009.pdf,4998,cuprate,0,0,0,0
10.1016_j.cryogenics.2017.11.006.pdf,4635,cuprate,0,0,0,0
10.1016_j.phpro.2012.08.002.pdf,15802,iron_chalcogenide_11;cuprate,0,1,0,0
10.1016_j.jallcom.2026.187442.pdf,4800,cuprate,0,0,0,0
10.1016_j.physc.2006.01.013.pdf,3658,cuprate,0,0,0,0
10.1016_j.physc.2024.1354520.pdf,5026,,0,0,0,0
10.1016_j.physc.2006.11.013.pdf,3590,cuprate,0,0,0,0
10.1016_j.jallcom.2014.05.182.pdf,5052,,0,0,0,0
10.1016_S0921-4534(00)00727-9.pdf,3233,cuprate,0,0,0,0
10.1016_0379-0738(95)01844-1.pdf,1789,,0,0,0,0
10.1016_j.cap.2008.11.001.pdf,4891,,0,0,0,0
10.1016_j.jallcom.2018.10.269.pdf,4681,MgB2_class,0,0,0,0
10.1016_j.physc.2022.1354152.pdf,4732,cuprate,0,0,0,0
10.1016_S0959-4388(97)80074-8.pdf,8184,,0,0,0,0
10.1016_j.jmmm.2014.01.037.pdf,4948,iron_chalcogenide_11,0,0,0,0
10.1016_S0254-0584(99)00049-8.pdf,4756,,0,0,0,0
10.1016_0921-4534(95)00642-7.pdf,2858,cuprate,0,0,0,0
10.1016_j.jallcom.2024.178233.pdf,5018,MgB2_class,0,0,0,0
10.1016_j.physc.2015.12.005.pdf,4792,cuprate,0,0,0,0
10.1016_j.physc.2015.02.011.pdf,6482,iron_chalcogenide_11,0,0,0,0
10.1016_j.cryogenics.2025.104028.pdf,4892,iron_chalcogenide_11;iron_pnictide_1111,0,0,0,0
10.1016_j.ceramint.2024.12.433.pdf,4914,cuprate,0,0,0,0
10.1016_S0378-4371(98)00443-9.pdf,2199,cuprate,0,0,0,0
10.1016_j.jallcom.2021.162454.pdf,5290,iron_chalcogenide_11;iron_pnictide_122;iron_pnictide_1111,0,0,0,0
10.1016_j.jpcs.2026.113652.pdf,89020,iron_chalcogenide_11;cuprate,0,0,0,0
10.1016_S0040-6090(01)00882-3.pdf,3336,cuprate,0,0,0,0
10.1016_j.jmmm.2023.171052.pdf,4958,iron_chalcogenide_11,0,0,0,0
10.1016_0921-4534(95)00170-0.pdf,2796,,0,0,0,0
10.1016_j.jallcom.2023.170146.pdf,10188,iron_pnictide_122;cuprate;iron_pnictide_1111,0,1,0,0
10.1016_0921-4534(95)00567-6.pdf,2958,cuprate,0,0,0,0
10.1016_j.jmmm.2003.12.512.pdf,3737,cuprate,0,0,0,0
10.1016_j.jallcom.2022.166358.pdf,4916,iron_chalcogenide_11;iron_pnictide_122;MgB2_class;cuprate,0,0,0,0
10.1016_j.healun.2007.11.060.pdf,6940,,0,0,0,0
10.1016_j.supcon.2026.100232.pdf,29439,,0,0,0,0
10.1016_0022-2860(85)80210-6.pdf,3234,,0,0,0,0
10.1016_j.physc.2009.03.015.pdf,4989,iron_pnictide_122;MgB2_class;cuprate;iron_pnictide_1111,0,0,0,0
10.1016_S0921-4534(97)00012-9.pdf,3032,cuprate,0,0,0,0
10.1016_S0921-4534(97)00940-4.pdf,2791,,0,0,0,0
10.1016_j.physc.2013.03.037.pdf,4770,cuprate,0,0,0,0
10.1016_0011-2275(83)90195-9.pdf,4564,,0,0,0,0
10.1016_j.physb.2024.415904.pdf,5212,cuprate,0,0,0,0
10.1016_B978-008044699-8_50005-X.pdf,2035,,0,0,0,0
10.1016_0921-4534(92)90010-A.pdf,3519,,0,0,0,0
10.1016_j.phpro.2012.06.269.pdf,16203,iron_chalcogenide_11;iron_pnictide_122;cuprate;iron_pnictide_1111,1,1,1,0
10.1016_S0921-4534(96)00543-6.pdf,2877,,0,0,0,0
10.1016_0921-4534(91)90601-T.pdf,3693,cuprate,0,0,0,0
10.1016_j.physc.2005.03.047.pdf,2471,cuprate,0,0,0,0
10.1016_j.supcon.2025.100215.pdf,37162,MgB2_class;cuprate,0,0,0,0
10.1016_0921-4534(94)91609-8.pdf,3399,,0,0,0,0
10.1016_j.supcon.2024.100127.pdf,36137,iron_chalcogenide_11;MgB2_class;cuprate,1,0,0,0
10.1016_0921-4534(96)00337-1.pdf,2647,cuprate,0,0,0,0
10.1016_B978-0-12-803581-8.09525-4.pdf,3752,,0,0,0,0
10.1016_j.physc.2004.01.066.pdf,2931,cuprate,0,0,0,0
10.1016_j.actamat.2025.121517.pdf,4674,cuprate,0,0,0,0
10.1016_S0378-4371(98)00472-5.pdf,2262,cuprate,0,0,0,0
10.1016_j.jssc.2022.123024.pdf,4889,iron_chalcogenide_11,0,0,0,0
10.1016_j.physc.2009.03.028.pdf,26985,iron_pnictide_122;MgB2_class;cuprate;iron_pnictide_1111,0,0,0,0
10.1016_j.physc.2014.04.005.pdf,4665,iron_chalcogenide_11,0,0,0,0
10.1016_S0921-4526(09)80230-5.pdf,4137,cuprate,0,0,0,0
10.1016_j.biomaterials.2020.120155.pdf,4717,,0,0,0,0
10.1016_j.ssc.2009.05.007.pdf,4826,iron_chalcogenide_11,0,0,0,0
10.1016_S0011-2275(99)00052-1.pdf,4060,cuprate,0,0,0,0
10.1016_j.inoche.2019.107605.pdf,2919,iron_chalcogenide_11,0,0,0,0
10.1016_S2772-3747(25)00159-0.pdf,3611,,0,0,0,0
10.1016_j.cryogenics.2012.09.006.pdf,4661,,0,0,0,0
10.1016_S0921-4534(02)02177-9.pdf,2804,MgB2_class,0,0,0,0
10.1016_j.surfcoat.2011.02.018.pdf,5166,cuprate,0,0,0,0
10.1016_S0921-4534(97)01855-8.pdf,2694,cuprate,0,0,0,0
10.1016_j.matchemphys.2005.04.041.pdf,3711,,0,0,0,0
10.1016_j.physc.2011.05.217.pdf,4940,,0,0,0,0
10.1016_j.physc.2004.12.016.pdf,2472,cuprate,0,0,0,0
10.1016_j.matpr.2022.06.256.pdf,5016,iron_chalcogenide_11,0,0,0,0
10.1016_0921-4534(94)90198-8.pdf,3085,cuprate,0,0,0,0
10.1016_0022-3115(77)90167-2.pdf,4078,,0,0,0,0
10.1016_j.physc.2005.01.026.pdf,2293,cuprate,0,0,0,0
10.1016_j.jcou.2013.12.006.pdf,4890,cuprate,0,0,0,0
10.1016_j.physleta.2024.129376.pdf,4949,MgB2_class,0,0,0,0
10.1016_S0921-4534(97)01488-3.pdf,2809,cuprate,0,0,0,0
10.1016_0022-5088(85)90287-5.pdf,2374,,0,0,0,0
10.1016_j.physc.2007.11.044.pdf,3930,cuprate,0,0,0,0
10.1016_j.jallcom.2025.181199.pdf,4855,,0,0,0,0
10.1016_0921-4534(94)00021-2.pdf,22533,cuprate,0,0,0,0
10.1016_S2772-963X(23)00760-3.pdf,149966,,0,0,0,0
10.1016_j.matchemphys.2023.128348.pdf,45430,MgB2_class,1,1,1,0
10.1016_0921-4526(94)91465-6.pdf,3364,cuprate,0,0,0,0
10.1016_0921-4534(95)00152-2.pdf,23441,cuprate,1,0,0,0
10.1016_0921-4534(94)90070-1.pdf,3124,cuprate,0,0,0,0
10.1016_0921-4534(94)92079-6.pdf,3687,cuprate,0,0,0,0
10.1016_j.supcon.2024.100136.pdf,48888,cuprate,0,1,0,0
10.1016_j.physc.2025.1354776.pdf,4984,,0,0,0,0
10.1016_j.etdah.2021.100021.pdf,24693,,0,0,0,0
10.1016_S0921-4534(97)01776-0.pdf,3126,,0,0,0,0
10.1016_0921-4534(93)90329-O.pdf,3448,cuprate,0,0,0,0
10.1016_0921-4534(96)00091-3.pdf,3040,,0,0,0,0
10.1016_j.jmmm.2009.04.084.pdf,5015,iron_pnictide_1111,0,0,0,0
10.1016_j.physc.2006.03.064.pdf,3911,cuprate,0,0,0,0
10.1016_S2405-500X(24)00154-3.pdf,160560,,0,0,0,0
10.1016_S1003-9953(11)60335-6.pdf,4320,,0,0,0,0
10.1016_j.physc.2010.05.130.pdf,5140,MgB2_class,0,0,0,0
10.1016_S0921-4534(02)02536-4.pdf,3611,cuprate,0,0,0,0
10.1016_j.physb.2012.01.063.pdf,4977,cuprate,0,0,0,0
10.1016_j.physc.2011.12.042.pdf,5348,cuprate,0,0,0,0
10.1016_j.physc.2009.11.062.pdf,5328,,0,0,0,0
10.1016_S0921-4534(02)00998-X.pdf,2778,cuprate,0,0,0,0
10.1016_0304-8853(90)90124-9.pdf,3048,,0,0,0,0
10.1016_S2772-963X(23)00815-3.pdf,163908,,0,0,0,0
10.1016_j.jallcom.2015.07.158.pdf,4710,iron_chalcogenide_11;iron_pnictide_1111,0,0,0,0
10.1016_B978-081551483-1.50006-X.pdf,1563,,0,0,0,0
10.1016_j.jallcom.2015.05.049.pdf,5020,cuprate,0,0,0,0
10.1016_j.jcrysgro.2007.09.028.pdf,4060,cuprate,0,0,0,0
10.1016_j.ssc.2013.08.001.pdf,4920,iron_chalcogenide_11,0,0,0,0
10.1016_j.jallcom.2010.11.050.pdf,4912,iron_chalcogenide_11;iron_pnictide_1111,0,0,0,0
10.1016_S0165-022X(03)00152-0.pdf,2205,,0,0,0,0
10.1016_0921-4534(96)00224-9.pdf,3026,cuprate,0,0,0,0
10.1016_j.jallcom.2019.153017.pdf,4811,iron_chalcogenide_11,0,0,0,0
10.1016_j.matlet.2015.05.096.pdf,4670,cuprate,0,0,0,0
10.1016_j.physb.2024.416589.pdf,5287,cuprate,0,0,0,0
10.1016_j.physc.2008.05.166.pdf,4335,cuprate,0,0,0,0
10.1016_S2405-500X(24)00443-2.pdf,155134,,0,0,0,0
10.1016_j.ssc.2011.12.014.pdf,5334,iron_chalcogenide_11;MgB2_class;cuprate;iron_pnictide_1111,0,0,0,0
10.1016_j.physc.2010.03.003.pdf,10325,iron_chalcogenide_11;iron_pnictide_122;cuprate;iron_pnictide_1111,0,0,0,0
10.1016_j.admp.2022.05.004.pdf,2442,,0,0,0,0
10.1016_j.ceramint.2024.01.125.pdf,4828,cuprate,0,0,0,0
10.1016_j.physc.2010.05.047.pdf,4955,iron_pnictide_122;cuprate,0,0,0,0
10.1016_j.jmmm.2018.05.094.pdf,4942,cuprate,0,0,0,0
10.1016_0921-4534(94)90362-X.pdf,2942,cuprate,0,0,0,0
10.1016_j.jallcom.2015.12.183.pdf,4411,,0,0,0,0
10.1016_j.ssc.2017.07.007.pdf,5133,iron_chalcogenide_11;iron_pnictide_122;MgB2_class;cuprate,0,0,0,0
10.1016_0921-4534(91)90043-X.pdf,3535,cuprate,0,0,0,0
10.1016_j.cap.2018.07.013.pdf,5246,,0,0,0,0
10.1016_0921-4534(94)02362-X.pdf,3134,,0,0,0,0
10.1016_0921-4534(93)90039-S.pdf,3871,cuprate,0,0,0,0
10.1016_j.physc.2005.02.044.pdf,2496,MgB2_class,0,0,0,0
10.1016_S0921-4534(01)00687-6.pdf,3003,cuprate,0,0,0,0
10.1016_0038-1098(87)91133-1.pdf,4259,,0,0,0,0
10.1016_j.phpro.2012.10.001.pdf,14299,iron_pnictide_122,1,0,0,0
10.1016_j.physc.2011.08.008.pdf,4915,cuprate,0,0,0,0
10.1016_j.supcon.2025.100171.pdf,43308,cuprate,0,0,0,0
10.1016_j.surfcoat.2012.02.028.pdf,4804,cuprate,0,0,0,0
10.1016_j.rinp.2020.103430.pdf,44120,iron_chalcogenide_11;cuprate;iron_pnictide_1111,0,1,0,0
10.1016_S0921-4534(97)00051-8.pdf,2768,cuprate,0,0,0,0
10.1016_j.ceramint.2024.10.069.pdf,4862,MgB2_class,0,0,0,0
10.1016_S2666-0873(25)00364-3.pdf,203268,,0,0,0,0
10.1016_j.physb.2025.417188.pdf,4965,MgB2_class;cuprate,0,0,0,0
10.1016_S0168-583X(02)01574-4.pdf,2824,cuprate,0,0,0,0
10.1016_j.jallcom.2016.10.103.pdf,4588,iron_pnictide_122,0,0,0,0
10.1016_j.physc.2008.05.013.pdf,4603,cuprate,0,0,0,0
10.1016_0921-4534(92)90758-5.pdf,3641,cuprate,0,0,0,0
10.1016_S0921-4526(99)02201-2.pdf,3398,cuprate,0,0,0,0
10.1016_j.physc.2025.1354803.pdf,4880,cuprate,0,0,0,0
10.1016_S0006-3495(90)82380-8.pdf,38020,,0,0,0,0
10.1016_j.jcrysgro.2015.09.014.pdf,4611,iron_chalcogenide_11,0,0,0,0
10.1016_j.physc.2015.02.027.pdf,5870,cuprate,0,0,0,0
10.1016_S0921-4526(99)02517-X.pdf,3794,cuprate,0,0,0,0
10.1016_j.toxac.2016.03.001.pdf,2256,,0,0,0,0
10.1016_j.jallcom.2025.185509.pdf,5061,MgB2_class;cuprate,0,0,0,0
10.1016_B978-0-12-803581-8.01917-2.pdf,3095,cuprate,0,0,0,0
10.1016_j.mtphys.2024.101551.pdf,5059,cuprate,0,0,0,0
10.1016_B978-1-4832-8382-1.50088-4.pdf,3343,cuprate,0,0,0,0
10.1016_j.eswa.2024.123585.pdf,4723,cuprate,0,0,0,0
10.1016_j.physc.2015.03.022.pdf,18673,iron_pnictide_1111,0,0,0,0
10.1016_j.ceramint.2021.07.155.pdf,4685,cuprate,0,0,0,0
10.1016_j.physc.2012.02.040.pdf,4879,iron_pnictide_122;cuprate,0,0,0,0
10.1016_j.supcon.2025.100154.pdf,47386,cuprate,0,1,0,0
10.1016_S0921-4526(99)02090-6.pdf,3683,cuprate,0,0,0,0
10.1016_j.ceramint.2024.10.058.pdf,41140,iron_chalcogenide_11;cuprate,0,0,0,0
10.1016_0921-5107(94)01182-6.pdf,3883,cuprate,0,0,0,0
10.1016_j.physc.2007.03.358.pdf,3586,cuprate,0,0,0,0
10.1016_S0921-4534(01)01283-7.pdf,2741,cuprate,0,0,0,0
10.1016_S0921-4534(97)01615-8.pdf,2895,cuprate,0,0,0,0
10.1016_j.supcon.2026.100238.pdf,29144,MgB2_class,0,0,0,0
10.1016_j.elspec.2023.147286.pdf,5266,,0,0,0,0
10.1016_j.etdah.2022.100035.pdf,1544,,0,0,0,0
10.1016_S0921-4534(99)00509-2.pdf,2796,cuprate,0,0,0,0
10.1016_j.physc.2009.11.126.pdf,4780,iron_chalcogenide_11,0,0,0,0
10.1016_j.physc.2010.05.076.pdf,5099,MgB2_class,0,0,0,0
10.1016_S0921-4526(99)02413-8.pdf,5903,cuprate,0,0,0,0
10.1016_S0257-8972(01)01498-0.pdf,3944,cuprate,0,0,0,0
10.1016_S2452-302X(24)00086-X.pdf,135835,,0,0,0,0
10.1016_0921-4534(94)90609-2.pdf,3341,,0,0,0,0
10.1016_j.solidstatesciences.2013.04.016.pdf,4512,iron_pnictide_122;iron_pnictide_1111,0,0,0,0
10.1016_0921-4534(94)91362-5.pdf,3365,,0,0,0,0
10.1016_S0921-4534(99)00281-6.pdf,2863,cuprate,0,0,0,0
10.1016_S0921-4534(02)01447-8.pdf,2617,cuprate,0,0,0,0
10.1016_j.physc.2009.05.098.pdf,4963,iron_chalcogenide_11;iron_pnictide_1111,0,0,0,0
10.1016_j.jallcom.2024.173999.pdf,48411,iron_chalcogenide_11;iron_pnictide_122;cuprate;iron_pnictide_1111,1,1,1,0
10.1016_j.physb.2025.417755.pdf,56214,iron_chalcogenide_11;iron_pnictide_122;cuprate;iron_pnictide_1111,0,1,0,0
10.1016_j.supcon.2026.100239.pdf,64471,iron_chalcogenide_11;cuprate,0,0,0,0
10.1016_S0065-3055(08)60662-0.pdf,2453,,0,0,0,0
10.1016_j.physc.2009.10.136.pdf,3531,,0,0,0,0
10.1016_j.physc.2009.05.067.pdf,4943,cuprate,0,0,0,0
10.1016_j.matlet.2022.133372.pdf,4655,MgB2_class,0,0,0,0
10.1016_S0921-4534(97)01425-1.pdf,3929,cuprate,0,0,0,0
10.1016_j.jallcom.2014.02.134.pdf,5211,iron_chalcogenide_11;iron_pnictide_1111,0,0,0,0
10.1016_j.cjph.2020.06.025.pdf,3715,cuprate,0,0,0,0
10.1016_B978-0-7506-7313-6.50016-7.pdf,2737,,0,0,0,0
10.1016_j.mtphys.2025.101892.pdf,4816,iron_chalcogenide_11;cuprate,0,0,0,0
10.1016_0921-4534(91)90011-M.pdf,3614,cuprate,0,0,0,0
10.1016_0379-0738(81)90157-2.pdf,2339,,0,0,0,0
10.1016_0921-4534(95)00181-6.pdf,2518,cuprate,0,0,0,0
10.1016_S0921-4534(00)01400-3.pdf,4125,cuprate,0,0,0,0
10.1016_0921-4534(91)90716-C.pdf,3415,cuprate,0,0,0,0
10.1016_j.physb.2013.05.034.pdf,5194,cuprate,0,0,0,0
10.1016_S0921-4534(97)01770-X.pdf,2816,,0,0,0,0
10.1016_S0921-4534(97)00296-7.pdf,3969,cuprate,0,0,0,0
10.1016_j.ceramint.2023.06.047.pdf,4603,cuprate,0,0,0,0
10.1016_j.physc.2009.11.051.pdf,10188,iron_pnictide_122;cuprate;iron_pnictide_1111,0,1,0,0
10.1378_chest.97.3.736.pdf,4264,,0,0,0,0
10.1016_j.physc.2022.1354171.pdf,5072,iron_pnictide_122;MgB2_class;cuprate,0,0,0,0
10.1016_S1936-878X(25)00430-9.pdf,3975,,0,0,0,0
10.1016_bs.hmm.2018.08.001.pdf,1703,iron_chalcogenide_11,0,0,0,0
10.1016_S0921-4534(97)01599-2.pdf,2781,cuprate,0,0,0,0
10.1016_S0921-4534(99)00414-1.pdf,2851,cuprate,0,0,0,0
10.1016_S0921-4534(14)00254-8.pdf,4208,iron_chalcogenide_11;iron_pnictide_122;cuprate,0,0,0,0
10.1016_j.matlet.2018.01.086.pdf,4823,cuprate,0,0,0,0
10.1016_j.rineng.2026.109819.pdf,51738,iron_chalcogenide_11;cuprate,0,0,0,0
10.1016_j.physc.2004.01.046.pdf,2839,MgB2_class;cuprate,0,0,0,0
10.1016_S1359-0286(96)80009-X.pdf,5048,cuprate,0,0,0,0
10.1016_j.jallcom.2026.187273.pdf,4417,cuprate,0,0,0,0
10.1016_S0921-4534(01)00125-3.pdf,2968,cuprate,0,0,0,0
10.1016_j.physc.2010.05.048.pdf,10394,iron_chalcogenide_11;iron_pnictide_122;cuprate;iron_pnictide_1111,0,0,0,0
10.1016_0254-0584(92)90253-5.pdf,3522,cuprate,0,0,0,0
10.1016_j.jallcom.2018.04.055.pdf,4509,,0,0,0,0
10.1016_j.rinp.2025.108553.pdf,60927,iron_chalcogenide_11;iron_pnictide_122;MgB2_class;cuprate,0,0,0,0
10.1016_j.jpcs.2020.109423.pdf,4730,iron_chalcogenide_11;cuprate;iron_pnictide_1111,0,0,0,0
10.1016_0921-4534(95)00449-1.pdf,3156,cuprate,0,0,0,0
10.1016_j.matpr.2019.05.042.pdf,2469,iron_chalcogenide_11,0,0,0,0
10.1016_S1463-0176(99)00014-9.pdf,4570,cuprate,0,0,0,0
10.1016_j.physc.2007.11.049.pdf,3443,,0,0,0,0
10.1016_j.jpcs.2025.112628.pdf,4825,iron_chalcogenide_11,0,0,0,0
10.1016_j.ceramint.2020.09.226.pdf,4820,cuprate,0,0,0,0
10.1016_j.jcrysgro.2010.11.149.pdf,5407,iron_pnictide_122;MgB2_class,0,0,0,0
10.1016_j.physc.2006.03.068.pdf,3808,cuprate,0,0,0,0
10.1016_j.physc.2014.04.018.pdf,4981,iron_chalcogenide_11,0,0,0,0
10.1016_S0921-4534(97)00211-6.pdf,4192,cuprate,0,0,0,0
10.1016_j.materresbull.2025.113448.pdf,88788,MgB2_class;cuprate,0,0,0,0
10.1016_j.physc.2006.10.008.pdf,3852,cuprate,0,0,0,0
10.1016_j.physc.2015.03.008.pdf,4604,cuprate,0,0,0,0
10.1016_j.physc.2009.10.096.pdf,5066,iron_chalcogenide_11;cuprate,0,0,0,0
10.1016_j.physc.2011.05.018.pdf,12417,iron_chalcogenide_11;iron_pnictide_122;MgB2_class;cuprate;iron_pnictide_1111,0,1,0,0
10.1016_j.physc.2005.11.017.pdf,3805,cuprate,0,0,0,0
10.1016_j.nxmate.2026.101688.pdf,33709,cuprate,0,0,0,0
10.1016_j.ceramint.2021.05.244.pdf,4910,cuprate,0,0,0,0
10.1016_j.physc.2009.10.041.pdf,4822,iron_chalcogenide_11;iron_pnictide_1111,0,0,0,0
10.1016_S0921-4534(02)01126-7.pdf,2719,cuprate,0,0,0,0
10.1016_j.proeng.2011.12.420.pdf,19074,iron_chalcogenide_11;iron_pnictide_122;MgB2_class;cuprate;iron_pnictide_1111,0,0,0,0
10.1016_j.physc.2025.1354815.pdf,4779,cuprate,0,0,0,0
10.1016_j.physc.2006.01.009.pdf,2778,cuprate,0,0,0,0
10.1016_j.jmmm.2017.10.024.pdf,5092,iron_pnictide_122;MgB2_class;cuprate;iron_pnictide_1111,0,0,0,0
10.1016_j.phpro.2015.06.160.pdf,21050,iron_pnictide_122;cuprate;iron_pnictide_1111,1,1,1,0
10.1016_j.jssc.2015.12.030.pdf,4740,iron_chalcogenide_11,0,0,0,0
10.1016_j.physc.2004.03.218.pdf,3881,cuprate,0,0,0,0
10.1016_0038-1098(92)90574-S.pdf,3627,,0,0,0,0
10.1016_B978-1-78242-029-3.18001-X.pdf,2103,cuprate,0,0,0,0
10.1016_0038-1098(93)90564-4.pdf,3658,cuprate,0,0,0,0
10.1016_j.supcon.2025.100185.pdf,43127,cuprate,0,0,0,0
10.1016_0921-4534(94)02411-1.pdf,3314,cuprate,0,0,0,0
10.1016_0921-4534(91)91569-P.pdf,3872,cuprate,0,0,0,0
10.1016_j.mseb.2010.01.030.pdf,5194,cuprate,0,0,0,0
10.1016_S0010-8545(98)00093-9.pdf,3642,,0,0,0,0
10.1097_00000441-200112000-00007.pdf,4624,,0,0,0,0
10.1016_B978-0-12-398374-9.00001-2.pdf,1537,,0,0,0,0
10.1016_j.apsusc.2014.05.082.pdf,4533,iron_pnictide_122,0,0,0,0
10.1016_S0921-4534(02)01314-X.pdf,2664,MgB2_class;cuprate,0,0,0,0
10.1016_S0921-4534(98)00699-6.pdf,2792,cuprate,0,0,0,0
10.1016_S0921-4534(01)01036-X.pdf,3001,cuprate,0,0,0,0
10.1016_j.jpcs.2010.10.028.pdf,4674,iron_pnictide_1111,0,0,0,0
10.1016_j.matpr.2018.11.022.pdf,1985,,0,0,0,0
10.1016_S0921-4534(97)01311-7.pdf,4309,cuprate,0,0,0,0
10.1016_j.ceramint.2026.04.140.pdf,5038,cuprate,0,0,0,0
10.1016_j.phpro.2012.06.271.pdf,17406,iron_chalcogenide_11;iron_pnictide_122;cuprate;iron_pnictide_1111,0,1,0,0
10.1016_j.physc.2024.1354466.pdf,5070,iron_chalcogenide_11;cuprate,0,0,0,0
10.1016_j.physc.2009.12.021.pdf,4906,cuprate,0,0,0,0
10.1016_j.cryogenics.2025.104151.pdf,4729,cuprate,0,0,0,0
10.1016_S0921-4534(00)01092-3.pdf,3304,cuprate,0,0,0,0
10.1016_S0921-4534(97)01372-5.pdf,3250,cuprate,0,0,0,0
10.1016_j.cryogenics.2026.104361.pdf,4942,cuprate,0,0,0,0
10.1016_0921-4526(94)91522-9.pdf,2882,,0,0,0,0
10.1016_j.compstruct.2025.119021.pdf,4924,,0,0,0,0
10.1016_j.physc.2009.03.030.pdf,5217,iron_chalcogenide_11;iron_pnictide_122;cuprate,0,0,0,0
10.1016_j.physc.2006.03.092.pdf,3619,cuprate,0,0,0,0
10.1016_j.physc.2009.03.024.pdf,5306,iron_pnictide_122;MgB2_class;cuprate;iron_pnictide_1111,0,0,0,0
10.1016_j.physc.2011.05.141.pdf,5035,MgB2_class,0,0,0,0
10.1016_j.jflm.2012.04.031.pdf,4922,,0,0,0,0
10.1016_j.phpro.2015.12.196.pdf,15052,iron_chalcogenide_11;iron_pnictide_1111,0,0,0,0
10.1016_j.matpr.2020.04.503.pdf,5101,cuprate,0,0,0,0
10.1016_j.fusengdes.2020.111947.pdf,4814,cuprate,0,0,0,0
10.1016_0921-4534(94)91900-3.pdf,4282,cuprate,0,0,0,0
10.1016_j.jmst.2026.01.024.pdf,59381,cuprate,0,0,0,0
10.1016_j.ssc.2011.06.003.pdf,4970,iron_chalcogenide_11,0,0,0,0
10.1016_0921-4534(92)90527-J.pdf,4268,cuprate,0,0,0,0
10.1016_j.cap.2016.06.005.pdf,4824,MgB2_class;cuprate,0,0,0,0
10.1016_j.supcon.2025.100184.pdf,37265,cuprate,0,1,0,0
10.1016_j.physc.2026.1354863.pdf,5032,cuprate,0,0,0,0
10.1016_B978-0-12-803581-8.11778-3.pdf,4112,,0,0,0,0
10.1016_j.physc.2014.01.010.pdf,4874,iron_pnictide_122;cuprate;iron_pnictide_1111,0,0,0,0
10.1016_j.physc.2010.05.105.pdf,4745,cuprate,0,0,0,0
10.1016_S0921-4534(97)00066-X.pdf,3048,cuprate,0,0,0,0
10.1016_j.jallcom.2013.12.141.pdf,5051,cuprate,0,0,0,0
10.1016_j.physc.2015.02.020.pdf,6525,,0,0,0,0
10.1016_j.physleta.2024.129626.pdf,49328,iron_chalcogenide_11;iron_pnictide_122;cuprate;iron_pnictide_1111,1,1,1,0
10.1016_j.jcrysgro.2024.127981.pdf,4878,iron_chalcogenide_11;MgB2_class;iron_pnictide_1111,0,0,0,0
10.1016_0921-4534(96)00352-8.pdf,3153,,0,0,0,0
10.1016_S0921-4534(01)01241-2.pdf,2976,cuprate,0,0,0,0
10.1016_j.ceramint.2026.04.023.pdf,4840,cuprate,0,0,0,0
10.1016_j.phpro.2012.06.312.pdf,16529,iron_chalcogenide_11;cuprate,0,0,0,0
10.1016_j.cryogenics.2022.103511.pdf,4805,cuprate,0,0,0,0
10.1016_j.jcrysgro.2013.11.008.pdf,5024,iron_chalcogenide_11,0,0,0,0
10.1016_j.jcrysgro.2009.11.016.pdf,5269,cuprate,0,0,0,0
10.1016_0921-4534(94)91849-X.pdf,3494,cuprate,0,0,0,0
10.1016_j.jmmm.2021.168426.pdf,4709,iron_chalcogenide_11,0,0,0,0
10.1016_j.physc.2009.05.103.pdf,4451,cuprate,0,0,0,0
10.1016_S0921-4534(98)00570-X.pdf,2897,,0,0,0,0
10.1016_j.jallcom.2024.175526.pdf,4857,,0,0,0,0
10.1016_j.cattod.2020.03.012.pdf,4834,,0,0,0,0
10.1016_S0921-4534(00)01357-5.pdf,3899,cuprate,0,0,0,0
10.1016_j.mser.2003.12.002.pdf,3069,cuprate,0,0,0,0
10.1016_j.jpcs.2019.109207.pdf,4754,iron_chalcogenide_11;cuprate,0,0,0,0
10.1016_j.fusengdes.2024.114707.pdf,4871,cuprate,0,0,0,0
10.1016_j.jallcom.2025.183223.pdf,5131,cuprate,0,0,0,0
10.1016_0921-4534(93)90111-3.pdf,3548,cuprate,0,0,0,0
10.1016_0011-2275(89)90037-4.pdf,4484,,0,0,0,0
10.1016_j.pnsc.2026.02.002.pdf,5378,iron_chalcogenide_11,0,0,0,0
10.1016_j.intermet.2023.107938.pdf,4720,,0,0,0,0
10.1016_0921-4534(96)00182-7.pdf,2974,cuprate,0,0,0,0
10.1016_j.jallcom.2021.163396.pdf,5131,iron_chalcogenide_11,0,0,0,0
10.1016_S0921-4534(98)00415-8.pdf,3087,cuprate,0,0,0,0
10.1016_0921-4534(95)00570-6.pdf,3003,cuprate,0,0,0,0
10.1016_j.physc.2004.07.010.pdf,2508,cuprate,0,0,0,0
10.1016_S0921-4534(97)01245-8.pdf,4093,cuprate,0,0,0,0
10.1016_S0921-4534(00)00640-7.pdf,3342,cuprate,0,0,0,0
10.1016_j.matpr.2019.05.078.pdf,11039,MgB2_class,0,1,0,0
10.1016_j.apsusc.2025.162930.pdf,69287,,1,0,0,0
10.1016_j.jallcom.2018.06.142.pdf,4710,cuprate,0,0,0,0
10.1016_j.physc.2014.09.015.pdf,34263,iron_chalcogenide_11;iron_pnictide_122;MgB2_class;cuprate;iron_pnictide_1111,1,0,0,0
10.1016_S1936-878X(20)30988-8.pdf,167943,,0,0,0,0
10.1016_0375-9601(94)90122-8.pdf,2919,cuprate,0,0,0,0
10.1016_j.cryogenics.2016.03.003.pdf,4712,,0,0,0,0
10.1016_j.mattod.2017.09.006.pdf,110729,iron_chalcogenide_11;iron_pnictide_122;MgB2_class;cuprate;iron_pnictide_1111,1,1,1,0
10.1016_j.tsf.2018.01.046.pdf,5148,cuprate,0,0,0,0
10.1016_j.physb.2017.12.024.pdf,4793,iron_chalcogenide_11,0,0,0,0
10.1016_j.physc.2026.1354848.pdf,4945,cuprate,0,0,0,0
10.1016_0379-0738(87)90135-6.pdf,282,,0,0,0,0
10.1016_j.fusengdes.2006.07.062.pdf,3133,,0,0,0,0
10.1016_j.physc.2004.03.226.pdf,2494,cuprate,0,0,0,0
10.1016_B978-0-08-097774-4.00205-9.pdf,3986,,0,0,0,0
10.1016_S0378-4347(00)81075-0.pdf,2227,,0,0,0,0
10.1016_0022-2860(93)85034-R.pdf,3396,,0,0,0,0
10.1016_j.physrep.2014.10.003.pdf,4507,,0,0,0,0
10.1016_0921-4534(94)02318-2.pdf,3112,cuprate,0,0,0,0
10.1016_S0006-8993(99)01832-6.pdf,4015,,0,0,0,0
10.1016_j.physc.2007.03.059.pdf,3568,cuprate,0,0,0,0
10.1016_j.physb.2012.01.032.pdf,4806,iron_chalcogenide_11;cuprate;iron_pnictide_1111,0,0,0,0
10.1016_S0006-3495(88)82987-4.pdf,26330,,0,0,0,0
10.1016_0011-2275(82)90118-7.pdf,5524,,0,0,0,0
10.1016_S0921-4534(03)01076-1.pdf,2441,cuprate,0,0,0,0
10.1016_j.physc.2012.03.032.pdf,5139,iron_chalcogenide_11,0,0,0,0
10.1016_S2213-1779(25)00714-0.pdf,4675,,0,0,0,0
10.1016_j.jallcom.2017.01.064.pdf,4833,iron_chalcogenide_11;iron_pnictide_122;iron_pnictide_1111,0,0,0,0
10.1016_j.physc.2008.05.082.pdf,4995,cuprate,0,0,0,0
10.1016_j.jssc.2015.05.015.pdf,4905,,0,0,0,0
10.1016_j.jics.2025.101913.pdf,4952,cuprate,0,0,0,0
10.1016_j.supcon.2023.100060.pdf,29384,cuprate,0,0,0,0
10.1016_j.proeng.2013.11.047.pdf,23931,cuprate,0,0,0,0
10.1016_S2405-500X(23)00891-5.pdf,169389,,0,0,0,0
10.1016_j.mseb.2023.116388.pdf,5046,cuprate,0,0,0,0
10.1016_j.jcrysgro.2012.01.016.pdf,4733,iron_chalcogenide_11;MgB2_class,0,0,0,0
10.1016_j.cryogenics.2024.104011.pdf,20688,cuprate,0,1,0,0
10.1016_S0921-4534(97)01472-X.pdf,3050,,0,0,0,0
10.1016_j.scriptamat.2023.115466.pdf,5208,cuprate,0,0,0,0
10.1016_j.physc.2025.1354733.pdf,4789,iron_pnictide_122,0,0,0,0
10.1016_j.physc.2025.1354726.pdf,5092,cuprate,0,0,0,0
10.1016_j.phpro.2012.03.422.pdf,9826,iron_chalcogenide_11,0,0,0,0
10.1016_j.supcon.2022.100025.pdf,32555,cuprate,0,0,0,0
10.1016_S0921-4534(96)00628-4.pdf,2690,,0,0,0,0
10.1016_j.physc.2014.03.004.pdf,4893,cuprate,0,0,0,0
10.1016_j.jallcom.2023.170258.pdf,6479,,0,0,0,0
10.1016_j.yjmcc.2013.10.011.pdf,4866,,0,0,0,0
10.1016_j.actamat.2024.119648.pdf,38249,iron_chalcogenide_11;iron_pnictide_122;MgB2_class;cuprate;iron_pnictide_1111,0,0,0,0
10.1016_0011-2275(89)90204-X.pdf,4498,,0,0,0,0
10.1016_S2666-0849(25)03176-6.pdf,124424,iron_chalcogenide_11,0,0,0,0
10.1016_j.ssc.2013.06.010.pdf,5154,MgB2_class,0,0,0,0
10.1016_j.jallcom.2014.09.045.pdf,4887,iron_chalcogenide_11,0,0,0,0
10.1016_j.physc.2007.03.448.pdf,3688,,0,0,0,0
10.1016_j.coelec.2020.08.012.pdf,4652,,0,0,0,0
10.1016_j.scriptamat.2025.117051.pdf,5374,cuprate,0,0,0,0
10.1016_j.physc.2016.05.023.pdf,15077,iron_chalcogenide_11;cuprate,0,0,0,0
10.1016_j.physc.2019.03.013.pdf,5074,,0,0,0,0
10.1016_j.physc.2011.02.004.pdf,5350,iron_pnictide_122;cuprate;iron_pnictide_1111,0,0,0,0
10.1016_j.ceramint.2025.04.289.pdf,4709,cuprate,0,0,0,0
10.1016_j.scriptamat.2019.05.012.pdf,5472,iron_chalcogenide_11;MgB2_class,0,0,0,0
10.1016_j.spmi.2014.07.005.pdf,2503,iron_chalcogenide_11,0,0,0,0
10.1016_S0921-4534(98)00619-4.pdf,2743,cuprate,0,0,0,0
10.1016_S0921-4534(98)00055-0.pdf,3062,cuprate,0,0,0,0
10.1016_j.ssc.2020.113963.pdf,4716,iron_pnictide_122,0,0,0,0
10.1016_j.jssc.2013.10.010.pdf,5165,iron_chalcogenide_11,0,0,0,0
10.1016_j.physc.2007.03.270.pdf,3265,cuprate,0,0,0,0
10.1016_0921-4526(90)90069-7.pdf,3845,,0,0,0,0
10.1016_S0921-4534(99)00476-1.pdf,2876,cuprate,0,0,0,0
10.1016_0921-4534(94)91672-1.pdf,3517,cuprate,0,0,0,0
10.1016_S0921-4534(00)01747-0.pdf,2714,,0,0,0,0
10.1016_j.taml.2025.100627.pdf,40236,cuprate,0,0,0,0
10.1016_j.mtphys.2023.101146.pdf,5366,iron_pnictide_122;MgB2_class,0,0,0,0
10.1016_j.mtphys.2021.100414.pdf,173909,iron_chalcogenide_11;iron_pnictide_122;MgB2_class;cuprate;iron_pnictide_1111,1,1,1,0
10.1016_S0375-9601(99)00664-7.pdf,2681,cuprate,0,0,0,0
10.1016_0921-4534(94)90107-4.pdf,3428,cuprate,0,0,0,0
10.1016_j.mseb.2026.119334.pdf,5296,,0,0,0,0
10.1016_S0925-8388(09)02025-8.pdf,4201,,0,0,0,0
10.1016_j.jpcs.2008.06.117.pdf,5314,cuprate,0,0,0,0
10.1016_j.physc.2004.01.019.pdf,2934,cuprate,0,0,0,0
10.1016_j.physc.2013.09.016.pdf,5157,iron_chalcogenide_11;iron_pnictide_1111,0,0,0,0
10.1016_S0921-4534(01)00314-8.pdf,2869,cuprate,0,0,0,0
10.1016_S0921-4534(97)00463-2.pdf,3715,cuprate,0,0,0,0
10.1016_j.esmorw.2025.100500.pdf,10529,,0,0,0,0
10.1016_j.cap.2025.12.017.pdf,2965,cuprate,0,0,0,0
10.1016_S0921-4534(97)01426-3.pdf,3633,cuprate,0,0,0,0
10.1016_j.phpro.2012.03.421.pdf,12946,iron_chalcogenide_11;iron_pnictide_122;cuprate;iron_pnictide_1111,1,1,1,0
10.1016_j.physc.2010.05.017.pdf,5232,iron_pnictide_1111,0,0,0,0
10.1016_S0921-4534(99)00535-3.pdf,3122,cuprate,0,0,0,0
10.1016_S0921-4534(00)00233-1.pdf,2976,cuprate,0,0,0,0
10.1016_j.physb.2005.11.011.pdf,3649,cuprate,0,0,0,0
10.1016_j.cjph.2024.09.042.pdf,44828,iron_chalcogenide_11;iron_pnictide_122;MgB2_class;cuprate,1,1,1,0
10.1016_S0011-2275(97)00151-3.pdf,24156,,0,0,0,0
10.1016_j.conbuildmat.2017.12.073.pdf,4042,cuprate,0,0,0,0
10.1016_j.physc.2016.11.014.pdf,5083,iron_pnictide_122,0,0,0,0
10.1016_0921-4526(94)91438-9.pdf,3766,cuprate,0,1,0,0
10.1016_j.physc.2013.08.006.pdf,5289,cuprate,0,0,0,0
10.1016_j.pmatsci.2025.101492.pdf,202030,iron_chalcogenide_11;iron_pnictide_122;MgB2_class;cuprate;iron_pnictide_1111,0,0,0,0
10.1016_S0921-4534(00)00600-6.pdf,3950,cuprate,0,0,0,0
10.1016_j.jssc.2016.04.008.pdf,4917,iron_chalcogenide_11;cuprate,0,0,0,0
10.1016_B978-0-444-82245-1.50128-X.pdf,3303,,0,0,0,0
10.1016_S0921-4534(97)00565-0.pdf,3706,cuprate,0,0,0,0
10.1016_j.physc.2003.12.037.pdf,2603,cuprate,0,0,0,0
10.1016_S0038-1098(00)00500-7.pdf,3729,cuprate,0,0,0,0
10.1016_j.radphyschem.2005.07.019.pdf,2879,cuprate,0,0,0,0
10.1016_j.physc.2015.05.006.pdf,5983,iron_chalcogenide_11;iron_pnictide_1111,0,0,0,0
10.1016_j.jssc.2010.10.023.pdf,4682,iron_chalcogenide_11,0,0,0,0
10.1016_0921-4534(94)90125-2.pdf,3305,cuprate,0,0,0,0
10.1016_j.physc.2008.05.094.pdf,4679,MgB2_class,0,0,0,0
10.1016_0921-4534(91)91252-Y.pdf,6737,cuprate,0,0,0,0
10.1016_j.ccr.2023.215591.pdf,4539,iron_chalcogenide_11,0,0,0,0
10.1016_j.jhydrol.2023.130596.pdf,4996,cuprate,0,0,0,0
10.1016_0921-4526(95)00700-8.pdf,3534,cuprate,0,0,0,0
10.1016_S0921-4534(02)01880-4.pdf,2934,cuprate,0,0,0,0
10.1074_jbc.M110.176271.pdf,85790,,0,0,0,0
10.1016_j.jallcom.2015.05.034.pdf,5060,iron_chalcogenide_11;iron_pnictide_122;iron_pnictide_1111,0,0,0,0
10.1016_j.physc.2007.03.249.pdf,3670,cuprate,0,0,0,0
10.1016_j.physb.2024.416682.pdf,4965,iron_chalcogenide_11,0,0,0,0
10.1016_0921-4534(96)00225-0.pdf,19084,cuprate,0,1,0,0
10.1016_j.jallcom.2023.171592.pdf,5067,iron_pnictide_122;cuprate,0,0,0,0
10.1016_S0921-4534(97)01876-5.pdf,3478,cuprate,0,0,0,0
10.1016_S2666-0873(23)00041-8.pdf,200027,,0,0,0,0
10.1016_S2772-963X(24)00798-1.pdf,183229,,0,0,0,0
10.1016_j.fusengdes.2023.113523.pdf,4836,cuprate,0,0,0,0
10.1016_S0921-4534(00)01322-8.pdf,2999,cuprate,0,0,0,0
10.1016_0921-4534(95)00281-2.pdf,3174,cuprate,0,0,0,0
10.1016_S0921-4526(97)80677-1.pdf,2476,cuprate,0,0,0,0
10.1016_j.jpcs.2005.10.008.pdf,4530,cuprate,0,0,0,0
10.1016_S0921-5107(01)00519-0.pdf,3869,cuprate,0,0,0,0
10.1016_j.ab.2007.01.035.pdf,3837,,0,0,0,0
10.1016_S0033-3182(95)71696-6.pdf,3297,,0,0,0,0
10.1016_0921-4534(94)91571-7.pdf,3682,cuprate,0,0,0,0
10.1016_j.physc.2025.1354734.pdf,5128,cuprate,0,0,0,0
10.1016_j.phpro.2012.06.213.pdf,18940,cuprate,0,1,0,0
10.1016_j.physc.2009.05.200.pdf,4291,,0,0,0,0
10.1016_j.susmat.2025.e01816.pdf,5318,,0,0,0,0
10.1016_S0925-8388(97)00123-0.pdf,2226,,0,0,0,0
10.1016_0921-4534(96)00141-4.pdf,2904,cuprate,0,0,0,0
10.1016_0022-5088(90)90259-M.pdf,1898,,0,0,0,0
10.1016_0921-4526(94)91488-5.pdf,3433,cuprate,0,0,0,0
10.1016_j.jallcom.2025.179715.pdf,4937,,0,0,0,0
10.1016_j.mtphys.2022.100783.pdf,51428,iron_chalcogenide_11;iron_pnictide_122;MgB2_class;cuprate;iron_pnictide_1111,0,1,0,0
10.1016_S0921-4534(98)00249-4.pdf,2449,cuprate,0,0,0,0
10.1016_j.physc.2011.05.056.pdf,4371,iron_pnictide_122;MgB2_class;cuprate;iron_pnictide_1111,0,0,0,0
10.1016_j.mssp.2013.05.005.pdf,3734,cuprate,0,0,0,0
10.1016_j.jallcom.2014.11.079.pdf,4871,iron_chalcogenide_11,0,0,0,0
10.1016_j.physc.2015.08.008.pdf,5191,cuprate,0,0,0,0
10.1016_S0921-4534(02)01016-X.pdf,2961,,0,0,0,0
10.1016_S0921-4534(96)00577-1.pdf,2996,cuprate,0,0,0,0
10.1016_j.scriptamat.2009.07.009.pdf,4274,MgB2_class,0,0,0,0
10.1016_j.physb.2012.01.021.pdf,5262,,0,0,0,0
10.1016_j.ceramint.2019.05.082.pdf,5094,,0,0,0,0
10.1016_0375-9601(89)90845-1.pdf,3638,cuprate,0,0,0,0
10.1016_0168-583X(92)95100-6.pdf,59,,0,0,0,0
10.1016_0921-4534(95)00656-7.pdf,2834,cuprate,0,0,0,0
10.1016_0011-2275(93)90056-T.pdf,4583,cuprate,0,0,0,0
10.1016_j.physc.2016.08.004.pdf,5130,iron_chalcogenide_11;cuprate;iron_pnictide_1111,0,0,0,0
10.1016_0921-4534(95)00186-7.pdf,2955,,0,0,0,0
10.1016_j.ssc.2017.08.002.pdf,5119,iron_chalcogenide_11,0,0,0,0
10.1016_S0921-4534(97)01699-7.pdf,2945,cuprate,0,0,0,0
10.1016_j.mtphys.2025.101956.pdf,5080,MgB2_class,0,0,0,0
10.1016_0921-4534(94)02365-4.pdf,3183,cuprate,0,0,0,0
10.1016_j.physc.2009.03.051.pdf,4355,cuprate;iron_pnictide_1111,0,0,0,0
10.1016_j.molcata.2013.06.019.pdf,5380,cuprate,0,0,0,0
10.1016_0360-3016(92)90845-9.pdf,4421,,0,0,0,0
10.1016_j.physc.2004.03.126.pdf,3717,cuprate,0,0,0,0
10.1016_S2213-1779(26)00001-6.pdf,4675,,0,0,0,0
10.1016_S0921-4534(00)00296-3.pdf,2818,cuprate,0,0,0,0
10.1016_j.materresbull.2025.113982.pdf,79587,iron_chalcogenide_11;MgB2_class,1,1,1,0
10.1016_S0921-4534(02)00840-7.pdf,2811,cuprate,0,0,0,0
10.1016_j.jallcom.2026.187202.pdf,5314,,0,0,0,0
10.1016_0964-1807(94)90060-4.pdf,3933,cuprate,0,0,0,0
10.1016_0921-4534(95)00719-9.pdf,3091,cuprate,0,0,0,0
10.1016_j.physc.2018.02.043.pdf,4935,iron_pnictide_122;cuprate,0,0,0,0
10.1016_0375-9601(89)90508-2.pdf,3688,,0,0,0,0
10.1016_S0166-6010(06)80008-1.pdf,2550,cuprate,0,0,0,0
10.1016_0921-4534(94)91591-1.pdf,4195,,0,0,0,0
10.1016_j.physc.2007.03.129.pdf,3488,cuprate,0,0,0,0
10.1016_S1567-2719(03)15003-2.pdf,409,,0,0,0,0
10.1016_0921-4534(94)90444-8.pdf,2885,,0,0,0,0
10.1016_j.jallcom.2017.05.083.pdf,4566,MgB2_class;cuprate,0,0,0,0
10.1016_j.mtphys.2021.100567.pdf,4895,cuprate,0,0,0,0
10.1016_0921-4534(95)00095-X.pdf,2890,cuprate,0,0,0,0
10.1016_j.fusengdes.2021.112675.pdf,5031,cuprate,0,0,0,0
10.1016_j.physc.2004.05.002.pdf,2897,cuprate,0,0,0,0
10.1016_j.chemphys.2012.12.030.pdf,5169,,0,0,0,0
10.1016_S0921-4534(97)01246-X.pdf,3901,cuprate,0,0,0,0
10.1016_S0921-4534(99)00695-4.pdf,2757,cuprate,0,0,0,0
10.1016_j.physc.2006.04.105.pdf,3114,,0,0,0,0
10.1016_S0921-4526(09)80151-8.pdf,3208,cuprate,0,0,0,0
10.1016_j.jallcom.2022.165358.pdf,36332,iron_chalcogenide_11;cuprate,1,1,1,0
10.1016_S2666-0873(21)00384-7.pdf,193087,,0,0,0,0
10.1016_0011-2275(92)90003-S.pdf,4840,,0,0,0,0
10.1016_S0022-0248(02)01082-5.pdf,2636,,0,0,0,0
10.1016_j.solidstatesciences.2018.07.018.pdf,4911,,0,0,0,0
10.1016_S1567-2719(18)30020-9.pdf,2162,,0,0,0,0
10.1016_0921-4534(92)90517-G.pdf,3513,,0,0,0,0
MgB2__1412_2265.pdf,55657,MgB2_class;cuprate,0,1,0,0
MgB2__0203337.pdf,19438,MgB2_class;cuprate,0,0,0,0
MgB2__0507519.pdf,14967,MgB2_class,0,0,0,0
MgB2__0203322.pdf,14926,MgB2_class,1,0,0,0
MgB2__1006_3169.pdf,18286,MgB2_class,0,1,0,0
MgB2__0104156.pdf,13289,MgB2_class,0,0,0,0
MgB2__0710_1407.pdf,20093,MgB2_class,0,1,0,0
YBa2Cu3O7__0410093.pdf,37870,cuprate,0,0,0,0
MgB2__0705_4229.pdf,18789,MgB2_class,0,0,0,0
MgB2__0204362.pdf,14832,MgB2_class,0,0,0,0
MgB2__1001_1030.pdf,49610,MgB2_class;cuprate,1,1,1,0
MgB2__1101_2596.pdf,28575,MgB2_class,0,1,0,0
MgB2__0601359.pdf,21705,MgB2_class;cuprate,0,0,0,0
YBa2Cu3O7__0701047.pdf,12631,cuprate,0,0,0,0
MgB2__0305255.pdf,20697,MgB2_class,1,0,0,0
YBa2Cu3O7__2306_14481.pdf,43111,cuprate,0,0,0,0
YBa2Cu3O7__1207_5995.pdf,41186,cuprate,0,0,0,0
YBa2Cu3O7__1511_08347.pdf,18716,cuprate,0,0,0,0
MgB2__1302_3696.pdf,33690,iron_pnictide_122;MgB2_class;cuprate,1,0,0,0
MgB2__0610286.pdf,15492,MgB2_class,0,0,0,0
MgB2__0204004.pdf,16729,MgB2_class,1,1,1,0
YBa2Cu3O7__0912_4899.pdf,34196,MgB2_class;cuprate,0,1,0,0
MgB2__0105152.pdf,15753,MgB2_class;cuprate,0,1,0,0
MgB2__0104266.pdf,8830,MgB2_class;cuprate,0,0,0,0
MgB2__0104114.pdf,9637,MgB2_class;cuprate,0,0,0,0
MgB2__1405_4124.pdf,27604,MgB2_class,0,1,0,0
YBa2Cu3O7__1901_07983.pdf,27689,cuprate,0,0,0,0
MgB2__1112_1908.pdf,22631,MgB2_class;cuprate,0,1,0,0
MgB2__1209_4689.pdf,31512,MgB2_class,1,1,1,0
YBa2Cu3O7__0706_4040.pdf,32727,cuprate,0,0,0,0
YBa2Cu3O7__0209122.pdf,14619,cuprate,0,0,0,0
YBa2Cu3O7__2009_03366.pdf,52104,cuprate,0,1,0,0
MgB2__0206442.pdf,13585,MgB2_class;cuprate,0,0,0,0
MgB2__0103179.pdf,8630,MgB2_class;cuprate,0,0,0,0
MgB2__0203114.pdf,19224,MgB2_class,0,0,0,0
MgB2__0512046.pdf,57825,MgB2_class,1,1,1,0
MgB2__0208133.pdf,18280,MgB2_class,0,1,0,0
YBa2Cu3O7__0110357.pdf,65361,cuprate,0,0,0,0
YBa2Cu3O7__0204364.pdf,12681,cuprate,0,1,0,0
YBa2Cu3O7__1301_4436.pdf,38374,cuprate,0,0,0,0
MgB2__0203113.pdf,15730,MgB2_class;cuprate,1,0,0,0
2102.11460v2.pdf,35596,cuprate,0,1,0,0
1311.2682v1.pdf,23347,,0,0,0,0
0807.1077v1.pdf,18760,iron_pnictide_122;iron_pnictide_1111,0,0,0,0
0905.4002v1.pdf,40750,iron_pnictide_122,1,0,0,0
1311.2680v1.pdf,16740,cuprate,0,0,0,0
1911.01080v1.pdf,28829,iron_pnictide_122;MgB2_class;cuprate,1,0,0,0
2309.11055v1.pdf,28820,MgB2_class;cuprate,0,0,0,0
1512.01930v1.pdf,34667,cuprate,0,1,0,0
2006.03435v1.pdf,15263,,0,0,0,0
1302.3148v1.pdf,23245,MgB2_class;cuprate,0,1,0,0
2103.06305v1.pdf,31652,,0,0,0,0
0903.3193v3.pdf,20729,iron_pnictide_122;cuprate,0,0,0,0
1409.8358v3.pdf,19059,cuprate,0,0,0,0
1904.03561v1.pdf,29857,iron_chalcogenide_11;iron_pnictide_122;cuprate;iron_pnictide_1111,0,0,0,0
1311.3420v1.pdf,34189,MgB2_class,1,0,0,0
1310.3281v1.pdf,17338,MgB2_class;cuprate;iron_pnictide_1111,0,0,0,0
0707.2389v2.pdf,84572,,0,0,0,0
1102.5476v1.pdf,25082,iron_pnictide_122;cuprate;iron_pnictide_1111,0,0,0,0
1310.6071v1.pdf,32022,iron_pnictide_122;cuprate;iron_pnictide_1111,0,0,0,0
2106.01905v1.pdf,35389,cuprate,0,0,0,0
0302250v1.pdf,6687,cuprate,0,0,0,0
0807.4283v2.pdf,23511,cuprate;iron_pnictide_1111,0,0,0,0
0803.1384v2.pdf,16698,MgB2_class;cuprate,0,0,0,0
2008.06757v1.pdf,39823,,0,0,0,0
1608.01813v2.pdf,8516,,0,0,0,0
2210.13828v1.pdf,36430,,0,0,0,0
2009.05339v1.pdf,21811,iron_chalcogenide_11;iron_pnictide_122;iron_pnictide_1111,0,0,0,0
2601.01115v1.pdf,35958,,0,0,0,0
1204.1335v2.pdf,18964,,0,0,0,0
0610286v1.pdf,15492,MgB2_class,0,0,0,0
0404738v1.pdf,18586,,0,0,0,0
9805378v1.pdf,23625,cuprate,0,1,0,0
0412424v2.pdf,32892,cuprate,0,0,0,0
0512493v1.pdf,38030,cuprate,1,1,1,0
1004.3581v2.pdf,21045,iron_pnictide_122;iron_pnictide_1111,0,0,0,0
1011.1108v2.pdf,20081,iron_chalcogenide_11;iron_pnictide_122,0,0,0,0
2003.09146v1.pdf,66010,iron_chalcogenide_11;iron_pnictide_122;MgB2_class;cuprate;iron_pnictide_1111,0,0,0,0
0811.2554v2.pdf,19695,iron_pnictide_122;cuprate,0,0,0,0
1605.04642v1.pdf,16744,iron_pnictide_1111,0,0,0,0
1107.3902v2.pdf,19354,,0,0,0,0
0907.4141v1.pdf,19773,iron_chalcogenide_11;iron_pnictide_122;cuprate;iron_pnictide_1111,0,0,0,0
0605016v2.pdf,14796,,0,0,0,0
2507.21793v1.pdf,34986,cuprate;iron_pnictide_1111,0,0,0,0
0509244v1.pdf,19378,MgB2_class,0,0,0,0
2604.27822v1.pdf,44116,,0,0,0,0
2302.06753v1.pdf,19308,cuprate,0,0,0,0
0011277v1.pdf,11882,cuprate,0,0,0,0
1401.6291v3.pdf,21260,iron_pnictide_122;iron_pnictide_1111,0,0,0,0
0107044v1.pdf,7361,cuprate,0,0,0,0
0002246v1.pdf,11982,cuprate,0,1,0,0
1408.1100v1.pdf,19879,,0,0,0,0
1510.06101v1.pdf,17169,,0,0,0,0
0805.4633v1.pdf,10092,cuprate,0,0,0,0
1808.07407v1.pdf,42245,,0,0,0,0
1507.02320v2.pdf,43003,,0,0,0,0
2412.20896v1.pdf,39856,MgB2_class;cuprate,0,1,0,0
1008.1297v1.pdf,10360,iron_pnictide_1111,0,0,0,0
0701721v1.pdf,6523,cuprate,0,0,0,0
1308.0537v1.pdf,37507,iron_pnictide_122;cuprate,1,0,0,0
1512.02774v1.pdf,36636,iron_pnictide_122;cuprate;iron_pnictide_1111,0,0,0,0
1002.1114v2.pdf,22710,cuprate;iron_pnictide_1111,0,0,0,0
1105.4264v1.pdf,15699,iron_pnictide_122;MgB2_class,1,0,0,0
1810.09976v1.pdf,36310,MgB2_class,1,0,0,0
1605.01535v1.pdf,13473,iron_pnictide_122,0,0,0,0
1110.6357v2.pdf,57263,iron_chalcogenide_11;MgB2_class;cuprate;iron_pnictide_1111,1,0,0,0
1506.05735v1.pdf,26746,iron_pnictide_122;cuprate,0,0,0,0
0312059v1.pdf,12985,,0,0,0,0
1402.7054v2.pdf,52758,iron_pnictide_122;cuprate,1,0,0,0
0307271v1.pdf,16252,cuprate,0,0,0,0
1511.07161v1.pdf,66424,,0,0,0,0
0110523v1.pdf,23077,cuprate,0,0,0,0
0303161v1.pdf,16019,cuprate,0,0,0,0
0708.4323v2.pdf,12615,,0,0,0,0
1210.3659v1.pdf,24212,iron_pnictide_122;cuprate,0,0,0,0
0807.0800v1.pdf,10838,iron_pnictide_122,1,0,0,0
1304.0595v2.pdf,28911,iron_pnictide_122,0,0,0,0
0002377v1.pdf,17678,cuprate,0,0,0,0
0105262v1.pdf,20179,,0,0,0,0
0701513v1.pdf,24388,,0,0,0,0
2503.18655v1.pdf,30218,,0,0,0,0
1412.3425v1.pdf,24751,,0,1,0,0
1208.6030v1.pdf,24674,,0,0,0,0
0812.4715v4.pdf,23859,cuprate,1,0,0,0
2406.08871v1.pdf,64510,,0,0,0,0
1009.0643v1.pdf,27449,,0,0,0,0
1211.1561v1.pdf,18635,,0,0,0,0
1107.4170v1.pdf,17012,iron_pnictide_122;MgB2_class;cuprate;iron_pnictide_1111,0,0,0,0
1707.07395v1.pdf,22477,cuprate,0,0,0,0
2401.10277v1.pdf,69184,,0,0,0,0
1205.4103v1.pdf,50400,iron_chalcogenide_11;iron_pnictide_122;MgB2_class;cuprate;iron_pnictide_1111,0,0,0,0
1409.5547v1.pdf,27440,cuprate,0,0,0,0
2410.09197v2.pdf,38263,iron_chalcogenide_11;iron_pnictide_122;cuprate,0,0,0,0
1712.03362v1.pdf,30326,MgB2_class,0,0,0,0
0908.4131v1.pdf,6971,cuprate,0,0,0,0
2502.02706v2.pdf,54020,cuprate,0,1,0,0
1010.5039v4.pdf,35468,,0,0,0,0
0910.1071v2.pdf,14279,iron_chalcogenide_11;iron_pnictide_122;cuprate;iron_pnictide_1111,0,0,0,0
1311.2691v1.pdf,23483,,0,0,0,0
1410.8743v1.pdf,17956,iron_chalcogenide_11;iron_pnictide_122;cuprate;iron_pnictide_1111,0,0,0,0
0611349v3.pdf,27101,cuprate,0,0,0,0
0503758v1.pdf,16158,MgB2_class,0,0,0,0
2411.11561v3.pdf,35790,cuprate;iron_pnictide_1111,0,0,0,0
1705.10822v1.pdf,61183,cuprate,0,0,0,0
1106.4430v2.pdf,28654,iron_pnictide_122,0,0,0,0
2309.13131v2.pdf,67939,iron_chalcogenide_11;iron_pnictide_122;MgB2_class;cuprate,0,1,0,0
1807.03405v1.pdf,18647,,0,0,0,0
2110.09064v1.pdf,31502,cuprate,0,0,0,0
1405.1315v1.pdf,35478,,0,0,0,0
1403.1776v1.pdf,17256,,1,0,0,0
1303.6822v2.pdf,35086,iron_pnictide_122;MgB2_class,1,0,0,0
1503.05688v1.pdf,14029,cuprate,0,0,0,0
2304.10766v1.pdf,28291,MgB2_class,0,0,0,0
1508.03030v1.pdf,32364,,0,0,0,0
1301.3401v1.pdf,27859,MgB2_class;cuprate,0,0,0,0
2111.11612v1.pdf,25006,,0,0,0,0
1204.3252v1.pdf,23371,MgB2_class;cuprate,0,0,0,0
1505.06393v1.pdf,51685,MgB2_class;cuprate,1,0,0,0
2302.08979v1.pdf,21535,cuprate,0,0,0,0
1908.08614v2.pdf,35582,cuprate,0,0,0,0
NbN__1608_06083.pdf,36247,,0,0,0,0
NbN__2408_14655.pdf,58087,,0,0,0,0
NbN__1010_6108.pdf,16365,,0,0,0,0
NbN__1905_06091.pdf,28684,,0,0,0,0
lay_tkaczyk_1994_apl_supercond.pdf,19851,cuprate,0,0,0,0
wahl_1994_cryogenics.pdf,22052,cuprate,0,1,0,0
senoussi_1997_physica_c.pdf,16199,cuprate,0,1,0,0
fabrega_1992_sust.pdf,7586,,0,0,0,0
noetzel_1996_czech_j_phys.pdf,6458,,0,1,0,0
galluzzi_2019_jmmm.pdf,30852,iron_chalcogenide_11;MgB2_class;cuprate;iron_pnictide_1111,1,1,1,0
okada_1991_jjap.pdf,785,,0,0,0,0
hu_1997_physica_c.pdf,19909,,0,0,0,0
1808.02864.pdf,36884,iron_pnictide_122;cuprate;iron_pnictide_1111,0,0,0,0
1409.2053.pdf,29635,cuprate,0,0,0,0
1012.0894.pdf,14955,iron_pnictide_122;cuprate;iron_pnictide_1111,0,0,0,0
1211.5895.pdf,10271,cuprate,0,0,0,0
1007.4906.pdf,24305,iron_pnictide_122;MgB2_class;cuprate;iron_pnictide_1111,0,0,0,0
cond-mat_0201509.pdf,35904,cuprate,0,0,0,0
1008.3251.pdf,20374,iron_pnictide_122;MgB2_class,0,0,0,0
2412.07887.pdf,35380,iron_chalcogenide_11;iron_pnictide_122,0,0,0,0
cond-mat_0410267.pdf,17308,MgB2_class;cuprate,0,0,0,0
cond-mat_0403755.pdf,13115,MgB2_class;cuprate,0,0,0,0
0810.1153.pdf,16149,iron_pnictide_1111,0,0,0,0
1212.1308.pdf,21789,cuprate,0,0,0,0
1407.1418.pdf,24805,iron_chalcogenide_11;iron_pnictide_122,0,0,0,0
2009.06623.pdf,50174,iron_chalcogenide_11,0,0,0,0
1902.09133.pdf,18552,iron_chalcogenide_11,0,0,0,0
1709.05104.pdf,31223,iron_chalcogenide_11;iron_pnictide_122;MgB2_class;cuprate;iron_pnictide_1111,0,0,0,0
cond-mat_0305208.pdf,19639,,0,1,0,0
cond-mat_0405286.pdf,21519,cuprate,1,0,0,0
cond-mat_0205036.pdf,17119,MgB2_class,1,0,0,0
2011.01510.pdf,34545,iron_chalcogenide_11;iron_pnictide_122;cuprate,0,0,0,0
1603.01347.pdf,40734,iron_chalcogenide_11;cuprate;iron_pnictide_1111,0,0,0,0
1602.06311.pdf,36830,cuprate,1,0,0,0
1104.2209.pdf,20568,MgB2_class;cuprate,1,0,0,0
1908.01069.pdf,26717,iron_pnictide_122;cuprate,0,0,0,0
1901.00126.pdf,30858,iron_chalcogenide_11;cuprate,0,0,0,0
0908.3284.pdf,24765,iron_pnictide_122,0,1,0,0
cond-mat_0204059.pdf,21850,,1,0,0,0
cond-mat_0110094.pdf,26185,cuprate,0,0,0,0
1102.0727.pdf,21279,cuprate,0,0,0,0
0805.2186.pdf,18384,cuprate,0,0,0,0
0905.0138.pdf,30752,cuprate;iron_pnictide_1111,0,0,0,0
1202.6370.pdf,23408,cuprate,1,0,0,0
2309.13919.pdf,29706,cuprate,0,0,0,0
0910.0353.pdf,22042,,0,0,0,0
1811.11599.pdf,46694,iron_chalcogenide_11;iron_pnictide_122;cuprate;iron_pnictide_1111,0,0,0,0
2303.11601.pdf,32496,iron_chalcogenide_11;cuprate;iron_pnictide_1111,0,0,0,0
1011.4440.pdf,25186,cuprate,0,0,0,0
1305.5467.pdf,31749,iron_pnictide_122;cuprate;iron_pnictide_1111,1,0,0,0
0801.3481.pdf,17342,cuprate,0,0,0,0
0810.3186.pdf,25077,iron_pnictide_122;MgB2_class;cuprate;iron_pnictide_1111,0,0,0,0
1103.1809.pdf,25914,iron_chalcogenide_11;MgB2_class;cuprate;iron_pnictide_1111,1,1,1,0
1004.0854.pdf,26532,cuprate,0,0,0,0
1107.4505.pdf,20724,iron_pnictide_122;iron_pnictide_1111,0,0,0,0
1210.5571.pdf,58488,cuprate,0,0,0,0
cond-mat_0103529.pdf,18728,cuprate,0,0,0,0
1310.4158.pdf,12378,cuprate,0,0,0,0
1703.06393.pdf,27073,iron_chalcogenide_11;iron_pnictide_122;cuprate,0,1,0,0
1006.0295.pdf,19731,cuprate,0,0,0,0
1810.02480.pdf,31268,iron_chalcogenide_11,0,0,0,0
1604.02921.pdf,16052,iron_chalcogenide_11;iron_pnictide_122,0,0,0,0
1205.3949.pdf,51785,iron_chalcogenide_11;cuprate;iron_pnictide_1111,1,1,1,0
1801.10316.pdf,30092,iron_chalcogenide_11,0,0,0,0
1212.6564.pdf,25699,MgB2_class;cuprate,0,0,0,0
cond-mat_0207521.pdf,7680,MgB2_class,0,0,0,0
0812.1215.pdf,21762,,0,0,0,0
1205.1741.pdf,54327,iron_pnictide_122;MgB2_class;cuprate;iron_pnictide_1111,1,0,0,0
0804.2732.pdf,35792,cuprate,0,0,0,0
0902.1804.pdf,19972,iron_pnictide_122;MgB2_class;cuprate;iron_pnictide_1111,0,0,0,0
1003.2528.pdf,29809,iron_chalcogenide_11;cuprate;iron_pnictide_1111,0,0,0,0
1110.5545.pdf,14116,cuprate,0,0,0,0
2102.02500.pdf,15117,cuprate,0,0,0,0
0806.1443.pdf,18788,cuprate;iron_pnictide_1111,1,0,0,0
1407.7621.pdf,47965,cuprate,0,0,0,0
0812.3605.pdf,19877,iron_pnictide_122;cuprate;iron_pnictide_1111,0,0,0,0
1001.3311.pdf,19646,iron_pnictide_122;iron_pnictide_1111,1,0,0,0
cond-mat_0007013.pdf,17863,cuprate,0,0,0,0
cond-mat_0211018.pdf,33540,MgB2_class,1,1,1,0
0902.0288.pdf,36678,iron_chalcogenide_11;MgB2_class;cuprate;iron_pnictide_1111,0,0,0,0
1609.01021.pdf,30787,cuprate,0,0,0,0
0903.2886.pdf,15801,cuprate,0,0,0,0
0807.4315.pdf,10370,iron_chalcogenide_11;MgB2_class;cuprate;iron_pnictide_1111,1,0,0,0
1012.1523.pdf,21347,iron_pnictide_122;MgB2_class;cuprate;iron_pnictide_1111,1,0,0,0
1502.05345.pdf,23785,iron_pnictide_122;cuprate,1,1,1,0
1305.0755.pdf,17915,cuprate,0,0,0,0
0902.3379.pdf,6072,,0,0,0,0
0706.2882.pdf,44589,cuprate,1,0,0,0
1601.02686.pdf,32422,iron_chalcogenide_11;cuprate;iron_pnictide_1111,0,0,0,0
1206.4122.pdf,19041,,1,0,0,0
cond-mat_0608583.pdf,18070,cuprate,0,0,0,0
1012.1252.pdf,23090,cuprate;iron_pnictide_1111,0,0,0,0
1408.0353.pdf,58526,cuprate,1,1,1,0
1511.08766.pdf,27485,iron_chalcogenide_11;cuprate,1,0,0,0
1405.1407.pdf,39502,cuprate,0,0,0,0
1905.13426.pdf,29523,iron_chalcogenide_11;iron_pnictide_122;iron_pnictide_1111,0,0,0,0
2004.10423.pdf,43359,iron_chalcogenide_11;iron_pnictide_122;MgB2_class;cuprate;iron_pnictide_1111,0,1,0,0
1911.07651.pdf,43833,iron_chalcogenide_11;iron_pnictide_122;MgB2_class;cuprate;iron_pnictide_1111,0,0,0,0
1004.0812.pdf,50031,iron_chalcogenide_11;MgB2_class;cuprate;iron_pnictide_1111,1,0,0,0
0905.4133.pdf,18443,cuprate,0,0,0,0
0803.0638.pdf,28464,cuprate,0,0,0,0
0912.2752.pdf,24622,,0,0,0,0
1204.1549.pdf,23280,iron_chalcogenide_11;iron_pnictide_122;MgB2_class;iron_pnictide_1111,1,0,0,0
1101.3159.pdf,20142,iron_chalcogenide_11;iron_pnictide_122;cuprate;iron_pnictide_1111,1,0,0,0
cond-mat_0103521.pdf,19158,MgB2_class,0,1,0,0
cond-mat_0610289.pdf,42110,cuprate,0,0,0,0
1910.07589.pdf,50468,cuprate;iron_pnictide_1111,0,0,0,0
1303.4163.pdf,29549,iron_chalcogenide_11;iron_pnictide_1111,1,1,1,0
1901.01478.pdf,20860,iron_chalcogenide_11;iron_pnictide_122,0,0,0,0
1504.04045.pdf,52623,iron_chalcogenide_11;iron_pnictide_122;cuprate;iron_pnictide_1111,0,0,0,0
0909.5328.pdf,17528,iron_chalcogenide_11;iron_pnictide_122;cuprate,1,0,0,0
1204.4426.pdf,25444,iron_chalcogenide_11;iron_pnictide_122;MgB2_class;cuprate;iron_pnictide_1111,1,0,0,0
1503.03410.pdf,20644,,0,0,0,0
1206.2776.pdf,25556,cuprate,1,0,0,0
2107.06017.pdf,25029,iron_chalcogenide_11,1,0,0,0
1701.01933.pdf,19710,iron_pnictide_122;cuprate,0,0,0,0
0812.4991.pdf,49427,iron_pnictide_122;cuprate;iron_pnictide_1111,1,0,0,0
cond-mat_0406691.pdf,15879,iron_chalcogenide_11;cuprate,0,0,0,0
1509.02813.pdf,23468,cuprate,0,0,0,0
0707.0523.pdf,20329,cuprate,1,0,0,0
1108.0407.pdf,19708,iron_chalcogenide_11,0,0,0,0
1402.0617.pdf,26270,,1,0,0,0
0801.4580.pdf,23992,cuprate,0,0,0,0
cond-mat_0003254.pdf,5340,cuprate,0,0,0,0
1901.10404.pdf,31046,iron_chalcogenide_11;iron_pnictide_122;cuprate,0,0,0,0
2007.08858.pdf,59722,iron_pnictide_122;iron_pnictide_1111,0,0,0,0
1409.0614.pdf,38064,iron_chalcogenide_11;iron_pnictide_122;MgB2_class;cuprate;iron_pnictide_1111,0,0,0,0
cond-mat_0205299.pdf,19066,cuprate,0,0,0,0
2311.00602.pdf,35667,cuprate,0,0,0,0
1911.01572.pdf,16250,,1,0,0,0
cond-mat_0603781.pdf,18337,cuprate,1,0,0,0
2011.07322.pdf,16853,cuprate,1,0,0,0
1002.2095.pdf,24098,iron_pnictide_122;MgB2_class;cuprate;iron_pnictide_1111,1,0,0,0
1810.08981.pdf,15063,cuprate,0,0,0,0
1108.5583.pdf,24748,MgB2_class,0,0,0,0
1011.5721.pdf,33902,iron_pnictide_122;cuprate;iron_pnictide_1111,0,0,0,0
1111.3923.pdf,17775,iron_chalcogenide_11,0,0,0,0
1406.0031.pdf,26575,MgB2_class;cuprate,1,0,0,0
0811.1857.pdf,17338,cuprate,0,0,0,0
1701.08681.pdf,25920,iron_chalcogenide_11,0,0,0,0
1803.07235.pdf,15562,iron_chalcogenide_11;iron_pnictide_122;iron_pnictide_1111,0,0,0,0
0806.3908.pdf,17011,MgB2_class;cuprate;iron_pnictide_1111,0,0,0,0
2308.05325.pdf,36254,iron_chalcogenide_11;iron_pnictide_122;cuprate,0,0,0,0
cond-mat_0701457.pdf,16984,cuprate,0,0,0,0
1005.1777.pdf,25946,cuprate,0,0,0,0
cond-mat_0201112.pdf,16921,MgB2_class,1,0,0,0
1511.04938.pdf,32533,iron_chalcogenide_11;iron_pnictide_122;MgB2_class;cuprate,0,0,0,0
0902.1066.pdf,31010,MgB2_class;cuprate;iron_pnictide_1111,0,0,0,0
cond-mat_0209176.pdf,18901,cuprate,0,0,0,0
1701.04154.pdf,47826,iron_chalcogenide_11;iron_pnictide_122;MgB2_class;cuprate,1,1,1,0
1106.4430.pdf,28654,iron_pnictide_122,0,0,0,0
1507.01750.pdf,29515,iron_pnictide_1111,0,0,0,0
0908.1267.pdf,38380,cuprate;iron_pnictide_1111,1,0,0,0
1906.04894.pdf,17949,iron_chalcogenide_11,0,0,0,0
cond-mat_0403198.pdf,26385,MgB2_class,0,0,0,0
1012.1996.pdf,12675,iron_chalcogenide_11;cuprate;iron_pnictide_1111,0,0,0,0
0902.0806.pdf,28265,iron_chalcogenide_11;cuprate,0,0,0,0
0807.4569.pdf,16308,cuprate,0,0,0,0
1004.1589.pdf,22834,cuprate;iron_pnictide_1111,0,0,0,0
2010.05308.pdf,32804,iron_chalcogenide_11;cuprate;iron_pnictide_1111,1,0,0,0
1405.6248.pdf,70851,cuprate,1,0,0,0
1007.4115.pdf,31564,iron_chalcogenide_11;cuprate,0,0,0,0
2308.02128.pdf,42995,iron_chalcogenide_11;MgB2_class;cuprate;iron_pnictide_1111,0,0,0,0
1609.09198.pdf,33887,iron_pnictide_122;MgB2_class;cuprate;iron_pnictide_1111,0,1,0,0
1502.03548.pdf,24130,iron_chalcogenide_11;iron_pnictide_1111,0,0,0,0
1103.3582.pdf,44683,iron_chalcogenide_11;iron_pnictide_122;MgB2_class;iron_pnictide_1111,1,0,0,0
1403.0844.pdf,18679,iron_chalcogenide_11,1,0,0,0
0902.1100.pdf,20947,cuprate;iron_pnictide_1111,0,0,0,0
0805.0405.pdf,21242,cuprate,0,0,0,0
1203.2057.pdf,21690,cuprate,0,0,0,0
1511.02750.pdf,29383,cuprate,0,0,0,0
1010.5597.pdf,32853,iron_chalcogenide_11,1,1,1,0
1410.8743.pdf,17956,iron_chalcogenide_11;iron_pnictide_122;cuprate;iron_pnictide_1111,0,0,0,0
1808.02317.pdf,28323,cuprate,0,0,0,0
cond-mat_0103181.pdf,52856,MgB2_class;cuprate,0,0,0,0
1307.6121.pdf,39120,iron_chalcogenide_11;iron_pnictide_122;cuprate;iron_pnictide_1111,1,0,0,0
cond-mat_0302024.pdf,17757,MgB2_class;cuprate,0,0,0,0
1106.1361.pdf,22010,cuprate;iron_pnictide_1111,0,0,0,0
BM3_Dinger_1987.pdf,18878,,0,1,0,0
TF2_Mannhart_1988.pdf,16038,cuprate,0,0,0,0
BM6_Nagashima_1998.pdf,32893,,0,0,0,0
TF1_Foltyn_2007.pdf,85919,cuprate,0,1,0,0
BM7_Chou_1993.pdf,39595,cuprate,0,0,0,0
TF4_Gray_1983.pdf,73626,,0,0,0,0
roberts_1976_critical_fields_compilation.pdf,40,,0,0,0,0
filesave.pdf,1,,0,0,0,0
zoom_to_rect.pdf,1,,0,0,0,0
move.pdf,1,,0,0,0,0
matplotlib.pdf,1,,0,0,0,0
hand.pdf,1,,0,0,0,0
subplots.pdf,1,,0,0,0,0
home.pdf,1,,0,0,0,0
forward.pdf,1,,0,0,0,0
help.pdf,1,,0,0,0,0
qt4_editor_options.pdf,1,,0,0,0,0
back.pdf,1,,0,0,0,0
1701.04458v1.pdf,34913,,0,0,0,0
1309.7505v1.pdf,41332,,0,0,0,0
0910.3989v3.pdf,134892,,0,0,0,0
2406.12387v1.pdf,26918,,0,0,0,0
1408.1633v1.pdf,36694,iron_chalcogenide_11;MgB2_class;cuprate;iron_pnictide_1111,0,0,0,0
1808.00525v2.pdf,49447,,0,0,0,0
2509.10339v2.pdf,76884,cuprate;iron_pnictide_1111,0,0,0,0
1510.01805v1.pdf,63634,iron_chalcogenide_11;iron_pnictide_122;MgB2_class;cuprate;iron_pnictide_1111,0,0,0,0
1605.04647v1.pdf,31141,iron_chalcogenide_11;iron_pnictide_122;cuprate,0,0,0,0
2112.12634v2.pdf,55211,iron_chalcogenide_11;cuprate,0,0,0,0
1407.4832v1.pdf,28247,,0,0,0,0
2512.18003v2.pdf,86739,,0,0,0,0
0911.4066v1.pdf,58534,cuprate,0,0,0,0
2307.12173v1.pdf,94047,,0,0,0,0
1404.4455v1.pdf,38029,MgB2_class;cuprate,0,0,0,0
2406.13102v1.pdf,34818,MgB2_class,0,1,0,0
1005.1928v2.pdf,20997,cuprate,0,0,0,0
2011.10044v2.pdf,77121,cuprate,0,0,0,0
1105.1956v2.pdf,23980,,0,0,0,0
2004.03155v1.pdf,32228,,0,0,0,0
2102.00946v3.pdf,51658,iron_chalcogenide_11;iron_pnictide_122;MgB2_class;cuprate,1,0,0,0
2101.05502v1.pdf,19881,iron_pnictide_122,0,0,0,0
2002.12859v2.pdf,62509,cuprate,1,0,0,0
1208.1870v3.pdf,11867,cuprate,0,0,0,0
0210160v1.pdf,41545,,0,0,0,0
1003.2696v1.pdf,39187,iron_chalcogenide_11;iron_pnictide_122;MgB2_class;iron_pnictide_1111,1,0,0,0
1106.2378v1.pdf,47699,,0,0,0,0
1401.3937v1.pdf,35031,cuprate,0,1,0,0
1206.1399v2.pdf,38570,iron_chalcogenide_11;iron_pnictide_122;MgB2_class;iron_pnictide_1111,0,0,0,0
1405.3086v1.pdf,27602,iron_chalcogenide_11;cuprate;iron_pnictide_1111,0,0,0,0
1604.08686v1.pdf,23185,cuprate,1,0,0,0
0809.3079v3.pdf,24120,,0,0,0,0
2007.10049v3.pdf,35446,cuprate,0,0,0,0
1505.06744v3.pdf,21733,,0,0,0,0
2010.10434v3.pdf,27830,cuprate,1,0,0,0
0912.1815v1.pdf,20008,,0,0,0,0
2307.16402v2.pdf,15052,cuprate,0,0,0,0
0605612v1.pdf,93343,MgB2_class;cuprate,0,0,0,0
1901.10149v1.pdf,16317,MgB2_class,0,0,0,0
2105.12246v1.pdf,43889,,0,0,0,0
1810.12657v1.pdf,37594,,0,0,0,0
Bi2Sr2CaCu2O8_2101.02292.pdf,46178,cuprate,0,1,0,0
Bi2Sr2CaCu2O8_1302.3148.pdf,23245,MgB2_class;cuprate,0,1,0,0
NbTi_2302.07827.pdf,21800,,0,0,0,0
YBa2Cu3O7_2103.00447.pdf,32151,cuprate,0,1,0,0
Bi2Sr2CaCu2O8_2102.1146.pdf,38352,,0,0,0,0
Bi2Sr2CaCu2O8_1409.8216.pdf,45177,cuprate,0,0,0,0
NbTi_2106.12371.pdf,30348,MgB2_class;cuprate;iron_pnictide_1111,0,0,0,0
Bi2Sr2CaCu2O8_1301.3401.pdf,27859,MgB2_class;cuprate,0,0,0,0
NbTi_2509.01447.pdf,27623,,0,0,0,0
Bi2Sr2CaCu2O8_1707.02891.pdf,50651,cuprate,0,0,0,0
Nb3Sn_2603.10472.pdf,27578,,0,0,0,0
Nb3Sn_1402.3001.pdf,14636,,0,0,0,0
Nb3Sn_1903.08121.pdf,27145,,0,0,0,0
Bi2Sr2CaCu2O8_0910.1104.pdf,16142,cuprate,1,0,0,0
YBa2Cu3O7_1212.0452.pdf,24529,cuprate,0,1,0,0
BaFeAs2_1005.2023.pdf,18580,iron_pnictide_122;iron_pnictide_1111,0,0,0,0
YBa2Cu3O7_1210.8289.pdf,22713,cuprate,0,0,0,0
SrLaCuO4_1112.6104.pdf,8085,cuprate,0,0,0,0
LiFeAs_0807.2643.pdf,26581,iron_pnictide_122;iron_pnictide_1111,0,0,0,0
YBa2Cu3O7_1311.3373.pdf,18143,cuprate,0,0,0,0
SrLaCuO4_1706.04696.pdf,23250,cuprate,0,0,0,0
MgB2_1102.5625.pdf,16149,MgB2_class,0,0,0,0
Nb3Sn_1711.09421.pdf,21438,cuprate,0,0,0,0
YBa2Cu3O7_2011.07322.pdf,16853,cuprate,1,0,0,0
BaFeAs2_1412.1580.pdf,24267,iron_pnictide_122;MgB2_class,0,0,0,0
LiFeAs_1101.3159.pdf,20142,iron_chalcogenide_11;iron_pnictide_122;cuprate;iron_pnictide_1111,1,0,0,0
YBa2Cu3O7_0808.3409.pdf,20299,cuprate,0,0,0,0
Nb3Sn_1701.08681.pdf,25920,iron_chalcogenide_11,0,0,0,0
Bi2Sr2CaCu2O8_1302.3370.pdf,47732,cuprate,0,0,0,0
Bi2Sr2CaCu2O8_1403.4478.pdf,28444,MgB2_class;cuprate,0,1,0,0
MgB2_1206.3550.pdf,32183,MgB2_class,0,1,0,0
SrLaCuO4_1202.5359.pdf,23307,cuprate,0,0,0,0
BaFeAs2_1606.01477.pdf,42957,iron_chalcogenide_11;iron_pnictide_122;cuprate;iron_pnictide_1111,0,1,0,0
Nb3Sn_1504.05366.pdf,27423,,0,0,0,0
BaFeAs2_2101.05502.pdf,19881,iron_pnictide_122,0,0,0,0
SrLaCuO4_1309.5910.pdf,56791,cuprate,0,0,0,0
Nb3Sn_1706.10253.pdf,63029,,1,0,0,0
MgB2_1112.1911.pdf,56687,MgB2_class;cuprate,0,1,0,0
LiFeAs_1108.5583.pdf,24748,MgB2_class,0,0,0,0
Nb3Sn_1411.5397.pdf,20549,,0,0,0,0
Bi2Sr2CaCu2O8_1807.11366.pdf,44939,cuprate,0,0,0,0
SrLaCuO4_condmat_9806341.pdf,19688,cuprate,0,0,0,0
YBa2Cu3O7_condmat_0110357.pdf,65361,cuprate,0,0,0,0
SrLaCuO4_1404.7474.pdf,40421,cuprate,0,0,0,0
SrLaCuO4_condmat_0603076.pdf,20661,cuprate,0,0,0,0
YBa2Cu3O7_1612.08553.pdf,15854,cuprate,0,0,0,0
LiFeAs_0812.1215.pdf,21762,,0,0,0,0
SrLaCuO4_condmat_0501627.pdf,28325,cuprate,0,0,0,0
BaFeAs2_2001.10151.pdf,26748,iron_chalcogenide_11;iron_pnictide_122,0,0,0,0
BaFeAs2_0910.1071.pdf,14279,iron_chalcogenide_11;iron_pnictide_122;cuprate;iron_pnictide_1111,0,0,0,0
SrLaCuO4_1908.03086.pdf,64850,cuprate,0,0,0,0
YBa2Cu3O7_condmat_0602422.pdf,12132,cuprate,0,0,0,0
MgB2_condmat_0108265.pdf,131308,MgB2_class;cuprate,1,0,0,0
MgB2_1108.5775.pdf,40134,MgB2_class,1,0,0,0
YBa2Cu3O7_condmat_0410300.pdf,67156,MgB2_class;cuprate,0,0,0,0
LiFeAs_2210.02252.pdf,46330,iron_chalcogenide_11;cuprate,0,0,0,0
BaFeAs2_1106.6065.pdf,36876,iron_pnictide_122,0,0,0,0
MgB2_1102.5573.pdf,28928,MgB2_class,0,0,0,0
MgB2_condmat_0612472.pdf,14023,MgB2_class,0,1,0,0
1108.0407v1.pdf,19708,iron_chalcogenide_11,0,0,0,0
2308.02128v1.pdf,42995,iron_chalcogenide_11;MgB2_class;cuprate;iron_pnictide_1111,0,0,0,0
1903.09083v2.pdf,125619,cuprate,0,0,0,0
0602484v1.pdf,20660,MgB2_class,0,1,0,0
0104249v3.pdf,21493,MgB2_class;cuprate,1,1,1,0
0404296v1.pdf,12000,cuprate,0,0,0,0
1712.02558v1.pdf,35780,iron_chalcogenide_11;iron_pnictide_122;cuprate,1,1,1,0
1711.05718v2.pdf,30913,iron_chalcogenide_11;cuprate,0,0,0,0
1311.3373v1.pdf,18143,cuprate,0,0,0,0
2012.13723v3.pdf,34643,iron_chalcogenide_11;iron_pnictide_122;iron_pnictide_1111,0,1,0,0
1710.08574v1.pdf,89155,iron_chalcogenide_11;iron_pnictide_122;MgB2_class;cuprate;iron_pnictide_1111,0,1,0,0
1003.0946v2.pdf,25095,cuprate;iron_pnictide_1111,1,0,0,0
1307.1259v2.pdf,38750,MgB2_class;cuprate;iron_pnictide_1111,1,1,1,0
1307.1282v1.pdf,34190,iron_chalcogenide_11;iron_pnictide_122;cuprate;iron_pnictide_1111,0,1,0,0
1201.3713v3.pdf,25845,cuprate,1,0,0,0
2601.04363v1.pdf,49270,,0,0,0,0
0806.1318v1.pdf,14594,MgB2_class;cuprate;iron_pnictide_1111,0,1,0,0
0608700v1.pdf,22100,MgB2_class,0,0,0,0
1103.1398v1.pdf,20387,cuprate,0,0,0,0
1911.05237v1.pdf,37724,cuprate,0,0,0,0
1808.06072v1.pdf,52431,iron_chalcogenide_11;iron_pnictide_122;MgB2_class;cuprate;iron_pnictide_1111,1,1,1,0
1611.08455v1.pdf,33412,iron_chalcogenide_11;cuprate,1,1,1,0
1111.0401v1.pdf,22007,,0,0,0,0
0710.0111v1.pdf,23732,MgB2_class,1,0,0,0
0603566v1.pdf,28694,MgB2_class,1,1,1,0
2601.01328v1.pdf,47420,iron_chalcogenide_11;iron_pnictide_122;MgB2_class;iron_pnictide_1111,0,1,0,0
2110.02053v1.pdf,84301,,0,0,0,0
1207.5682v1.pdf,13646,cuprate,0,0,0,0
2106.10612v1.pdf,44438,iron_pnictide_122;MgB2_class;cuprate,0,1,0,0
2210.01305v1.pdf,42354,iron_pnictide_122;MgB2_class;cuprate;iron_pnictide_1111,0,1,0,0
0305170v2.pdf,15200,,0,0,0,0
1110.5784v2.pdf,17902,iron_pnictide_122;cuprate;iron_pnictide_1111,0,0,0,0
0510093v2.pdf,22839,cuprate,0,0,0,0
2111.11255v1.pdf,27273,cuprate,0,1,0,0
1109.3658v1.pdf,56493,,0,0,0,0
0708.1222v1.pdf,21459,cuprate,0,0,0,0
0105586v1.pdf,17681,,0,0,0,0
1901.06797v3.pdf,11883,cuprate,0,0,0,0
0103176v1.pdf,9918,MgB2_class;cuprate,1,0,0,0
1207.6982v3.pdf,24338,MgB2_class;cuprate,0,0,0,0
1305.6820v1.pdf,25295,iron_pnictide_122;iron_pnictide_1111,0,1,0,0
0811.4279v1.pdf,26579,cuprate,0,1,0,0
1903.04066v1.pdf,35092,iron_pnictide_122;cuprate;iron_pnictide_1111,1,1,1,0
1302.4583v1.pdf,19811,iron_chalcogenide_11;iron_pnictide_122;MgB2_class;cuprate;iron_pnictide_1111,0,1,0,0
0608213v1.pdf,16423,,0,1,0,0
0001131v1.pdf,23437,,0,0,0,0
1104.5372v2.pdf,12829,iron_pnictide_122;cuprate;iron_pnictide_1111,0,0,0,0
0206444v1.pdf,18231,MgB2_class,0,1,0,0
1211.1141v1.pdf,20240,cuprate;iron_pnictide_1111,0,0,0,0
2210.11712v1.pdf,21010,iron_chalcogenide_11;cuprate,0,0,0,0
1803.07025v1.pdf,35892,iron_chalcogenide_11;MgB2_class,0,0,0,0
1908.04640v2.pdf,48522,cuprate,0,1,0,0
1912.04507v2.pdf,16578,MgB2_class,0,1,0,0
2012.00222v1.pdf,26165,iron_pnictide_122;cuprate,0,0,0,0
1706.10253v1.pdf,63029,,1,0,0,0
1202.1473v2.pdf,29345,iron_pnictide_122;MgB2_class;cuprate;iron_pnictide_1111,1,0,0,0
1206.6929v2.pdf,20220,cuprate;iron_pnictide_1111,0,0,0,0
2102.05944v3.pdf,64960,cuprate,0,0,0,0
2511.19058v1.pdf,37079,iron_chalcogenide_11;iron_pnictide_122;cuprate;iron_pnictide_1111,0,1,0,0
2403.02320v1.pdf,48548,,0,0,0,0
2111.09825v1.pdf,65184,MgB2_class;cuprate,0,0,0,0
0807.0135v1.pdf,25504,MgB2_class,1,0,0,0
2403.19981v1.pdf,29297,iron_chalcogenide_11;iron_pnictide_122;MgB2_class;iron_pnictide_1111,0,1,0,0
0404257v1.pdf,10650,MgB2_class;cuprate,1,1,1,0
1903.08121v4.pdf,27145,,0,0,0,0
1109.5479v1.pdf,12045,iron_chalcogenide_11;iron_pnictide_122,0,1,0,0
1512.02027v1.pdf,19481,iron_chalcogenide_11,0,0,0,0
0306083v1.pdf,38421,MgB2_class;cuprate,0,1,0,0
2412.08113v2.pdf,27383,cuprate,0,1,0,0
2012.01387v2.pdf,51827,cuprate,0,0,0,0
2509.25797v1.pdf,31581,iron_chalcogenide_11,0,0,0,0
2512.16274v1.pdf,45595,iron_chalcogenide_11;MgB2_class;cuprate,0,0,0,0
2008.11823v1.pdf,44437,iron_chalcogenide_11;iron_pnictide_122;MgB2_class;cuprate;iron_pnictide_1111,0,1,0,0
2410.22195v1.pdf,17798,cuprate,0,0,0,0
1104.0477v2.pdf,18440,iron_chalcogenide_11;MgB2_class,0,0,0,0
0106243v2.pdf,63533,cuprate,0,0,0,0
1301.6054v2.pdf,32283,MgB2_class,1,1,1,0
0405567v1.pdf,18819,MgB2_class,0,0,0,0
2409.16758v2.pdf,15510,cuprate,0,0,0,0
0810.5035v1.pdf,15649,MgB2_class,0,1,0,0
0405506v1.pdf,14098,,0,0,0,0
1107.1116v1.pdf,17457,cuprate,0,0,0,0
1703.06393v1.pdf,27073,iron_chalcogenide_11;iron_pnictide_122;cuprate,0,1,0,0
0104236v1.pdf,21557,MgB2_class;cuprate,0,1,0,0
2203.07551v3.pdf,53046,iron_pnictide_122;MgB2_class;cuprate;iron_pnictide_1111,0,0,0,0
0103425v1.pdf,20827,MgB2_class,1,0,0,0
0104156v2.pdf,13289,MgB2_class,0,0,0,0
0206254v1.pdf,76119,cuprate,0,0,0,0
0207093v2.pdf,31798,MgB2_class,0,1,0,0
0608404v1.pdf,95924,,1,1,1,0
1706.03303v1.pdf,23963,iron_chalcogenide_11;MgB2_class;iron_pnictide_1111,0,1,0,0
9812222v1.pdf,16534,cuprate,0,0,0,0
2508.17707v2.pdf,14924,,0,0,0,0
2311.09177v2.pdf,39738,cuprate,0,0,0,0
2202.06329v3.pdf,64759,MgB2_class;cuprate,0,0,0,0
1511.04938v1.pdf,32533,iron_chalcogenide_11;iron_pnictide_122;MgB2_class;cuprate,0,0,0,0
0401033v1.pdf,21084,cuprate,0,0,0,0
0507083v1.pdf,21687,MgB2_class;cuprate,0,0,0,0
0605613v1.pdf,52742,cuprate,1,1,1,0
1409.8216v1.pdf,45177,cuprate,0,0,0,0
1110.0706v3.pdf,116869,iron_chalcogenide_11;iron_pnictide_122;MgB2_class;cuprate;iron_pnictide_1111,1,0,0,0
1403.1947v2.pdf,29222,iron_chalcogenide_11;iron_pnictide_122;MgB2_class;cuprate;iron_pnictide_1111,0,0,0,0
2511.19050v1.pdf,35235,iron_chalcogenide_11;iron_pnictide_122;cuprate,0,1,0,0
0901.2101v2.pdf,21697,,0,1,0,0
1308.3557v3.pdf,21755,iron_chalcogenide_11;cuprate;iron_pnictide_1111,1,0,0,0
2601.10838v1.pdf,30328,,0,0,0,0
0003253v2.pdf,6371,cuprate,0,1,0,0
9811303v2.pdf,81575,cuprate,0,0,0,0
0602651v1.pdf,26246,cuprate,0,0,0,0
0107109v1.pdf,24261,cuprate,1,0,0,0
1011.5721v2.pdf,33902,iron_pnictide_122;cuprate;iron_pnictide_1111,0,0,0,0
1907.00427v1.pdf,52121,iron_chalcogenide_11;iron_pnictide_122;MgB2_class;cuprate,1,0,0,0
2004.10423v1.pdf,43359,iron_chalcogenide_11;iron_pnictide_122;MgB2_class;cuprate;iron_pnictide_1111,0,1,0,0
2107.02623v1.pdf,15172,iron_chalcogenide_11;cuprate,0,0,0,0
9907071v1.pdf,28400,,0,0,0,0
1101.0442v3.pdf,19245,,0,0,0,0
1508.05781v1.pdf,29365,iron_pnictide_122;MgB2_class;cuprate,0,1,0,0
2104.05908v2.pdf,39818,iron_chalcogenide_11;cuprate,0,1,0,0
2205.06500v1.pdf,51956,iron_chalcogenide_11;MgB2_class;cuprate,0,0,0,0
1201.1886v1.pdf,20579,cuprate,0,0,0,0
1801.04972v1.pdf,39391,cuprate,0,1,0,0
0701147v1.pdf,23761,MgB2_class;cuprate,1,0,0,0
1001.5099v1.pdf,18111,MgB2_class,1,1,1,0
2312.13475v1.pdf,44135,,0,0,0,0
0907.0147v2.pdf,21187,iron_chalcogenide_11;iron_pnictide_122;MgB2_class;cuprate;iron_pnictide_1111,1,1,1,0
0911.5582v1.pdf,10520,iron_pnictide_122;MgB2_class;cuprate,0,0,0,0
1110.4532v2.pdf,25892,iron_chalcogenide_11;cuprate;iron_pnictide_1111,0,1,0,0
1105.4190v2.pdf,34111,,0,0,0,0
1307.3576v1.pdf,28784,iron_chalcogenide_11;iron_pnictide_122;cuprate;iron_pnictide_1111,0,1,0,0
0906.0444v1.pdf,20269,iron_pnictide_122;cuprate;iron_pnictide_1111,0,1,0,0
1108.5583v3.pdf,24748,MgB2_class,0,0,0,0
2511.19054v1.pdf,25665,iron_chalcogenide_11;cuprate,0,1,0,0
2407.05493v1.pdf,40074,iron_pnictide_122;MgB2_class;cuprate,1,0,0,0
0806.2839v1.pdf,15334,MgB2_class;cuprate;iron_pnictide_1111,1,1,1,0
1111.7079v1.pdf,28028,cuprate,0,1,0,0
0312652v3.pdf,34859,,0,0,0,0
0910.1297v1.pdf,48374,iron_chalcogenide_11;iron_pnictide_122;MgB2_class;cuprate;iron_pnictide_1111,1,1,1,0
1606.05434v1.pdf,25723,cuprate,0,0,0,0
1507.06247v3.pdf,21135,iron_chalcogenide_11;cuprate;iron_pnictide_1111,1,1,1,0
1812.10632v1.pdf,31702,cuprate,0,1,0,0
1406.3109v1.pdf,21858,iron_chalcogenide_11;iron_pnictide_122;MgB2_class;cuprate,1,1,1,0
0310196v1.pdf,15486,MgB2_class,0,1,0,0
2407.16848v1.pdf,44716,iron_pnictide_122;cuprate,0,0,0,0
9806122v1.pdf,57792,cuprate,0,0,0,0
1101.5206v2.pdf,37393,MgB2_class,1,1,1,0
1204.0339v2.pdf,28536,iron_chalcogenide_11;iron_pnictide_122;MgB2_class;cuprate,1,1,1,0
2111.11670v1.pdf,38614,,1,1,1,0
0212108v1.pdf,19649,MgB2_class;cuprate,0,0,0,0
1310.4623v1.pdf,18063,iron_pnictide_122;cuprate;iron_pnictide_1111,0,1,0,0
1902.08302v1.pdf,48840,,0,0,0,0
1004.4185v1.pdf,22867,MgB2_class;cuprate;iron_pnictide_1111,1,0,0,0
1506.05183v1.pdf,29523,iron_chalcogenide_11;iron_pnictide_122;MgB2_class;cuprate;iron_pnictide_1111,1,1,1,0
1605.09791v2.pdf,22724,iron_chalcogenide_11;cuprate,0,1,0,0
1605.09610v3.pdf,63923,MgB2_class;cuprate;iron_pnictide_1111,0,0,0,0
2406.03013v1.pdf,32028,cuprate,0,0,0,0
0612472v1.pdf,14023,MgB2_class,0,1,0,0
1912.08414v1.pdf,23658,iron_chalcogenide_11;iron_pnictide_122;cuprate,1,1,1,0
1003.0153v1.pdf,16122,iron_chalcogenide_11;cuprate;iron_pnictide_1111,0,0,0,0
1609.06397v1.pdf,50774,iron_chalcogenide_11;iron_pnictide_122;MgB2_class;cuprate,0,0,0,0
2507.22238v2.pdf,35691,cuprate,0,0,0,0
1205.1741v3.pdf,54327,iron_pnictide_122;MgB2_class;cuprate;iron_pnictide_1111,1,0,0,0
1903.00866v2.pdf,37077,iron_chalcogenide_11;iron_pnictide_122;cuprate,1,1,1,0
0211636v1.pdf,14909,cuprate,0,0,0,0
0903.3142v2.pdf,27223,cuprate,0,0,0,0
2103.12261v1.pdf,25769,cuprate,0,0,0,0
0507652v1.pdf,19589,MgB2_class,0,1,0,0
2504.06454v1.pdf,88763,MgB2_class;cuprate,1,1,1,0
1104.0137v1.pdf,28065,cuprate;iron_pnictide_1111,1,1,1,0
2311.00195v1.pdf,41833,MgB2_class;cuprate,0,1,0,0
2510.09921v2.pdf,43619,iron_chalcogenide_11,0,0,0,0
0506003v1.pdf,18843,,0,0,0,0
0003389v1.pdf,31193,,0,0,0,0
1901.10049v1.pdf,51430,iron_chalcogenide_11;iron_pnictide_122;MgB2_class;cuprate;iron_pnictide_1111,1,1,1,0
2508.19584v1.pdf,50766,iron_chalcogenide_11;MgB2_class,1,1,1,0
0607350v1.pdf,18046,MgB2_class,1,1,1,0
0111316v2.pdf,45974,cuprate,0,0,0,0
0407330v2.pdf,23844,,0,0,0,0
0908.3372v1.pdf,13667,MgB2_class;cuprate,1,0,0,0
0009254v1.pdf,19279,,0,0,0,0
0311157v2.pdf,26704,MgB2_class,0,0,0,0
0305201v1.pdf,16341,MgB2_class;cuprate,0,1,0,0
0501225v1.pdf,20057,cuprate,0,0,0,0
2502.17063v1.pdf,50002,iron_chalcogenide_11;iron_pnictide_122;MgB2_class;cuprate;iron_pnictide_1111,0,0,0,0
C012_oa_10.1088_1361-6668_ab4e7c.pdf,23658,iron_chalcogenide_11;iron_pnictide_122;cuprate,1,1,1,0
C005_oa_10.1038_srep08213.pdf,29121,iron_chalcogenide_11;iron_pnictide_122;MgB2_class;cuprate;iron_pnictide_1111,1,1,1,0
Fe2TeSe_0906.3221.pdf,14884,iron_chalcogenide_11;iron_pnictide_1111,0,0,0,0
MgB2_0701391.pdf,18347,MgB2_class,1,0,0,0
BaFeAs2_1111.3918.pdf,20113,iron_chalcogenide_11;iron_pnictide_122;iron_pnictide_1111,0,0,0,0
Fe2TeSe_1002.2669.pdf,19167,iron_chalcogenide_11;cuprate,0,0,0,0
BaFeAs2_1108.4307.pdf,19699,iron_pnictide_122;iron_pnictide_1111,0,0,0,0
BaFeAs2_1003.0132.pdf,14488,iron_pnictide_122;iron_pnictide_1111,0,1,0,0
Nb3Sn_2601.09945.pdf,33370,,0,0,0,0
MgB2_0509475.pdf,11275,MgB2_class,0,1,0,0
Nb3Sn_2109.07066.pdf,33947,,0,0,0,0
Fe2TeSe_1012.1996.pdf,12675,iron_chalcogenide_11;cuprate;iron_pnictide_1111,0,0,0,0
BaFeAs2_0810.1944.pdf,22496,iron_pnictide_122;MgB2_class;cuprate;iron_pnictide_1111,1,0,0,0
Nb3Sn_1401.2843.pdf,48209,,0,0,0,0
Fe2TeSe_1505.03730.pdf,40038,iron_chalcogenide_11;iron_pnictide_1111,0,0,0,0
Fe2TeSe_0912.0876.pdf,17856,iron_chalcogenide_11;iron_pnictide_122;MgB2_class,0,0,0,0
Nb3Sn_1210.3705.pdf,29132,,0,0,0,0
Nb3Sn_2205.12864.pdf,39497,MgB2_class,0,0,0,0
MgB2_0602402.pdf,15591,MgB2_class;cuprate,0,0,0,0
Nb3Sn_2307.08757.pdf,18755,MgB2_class,0,0,0,0
Nb3Sn_1301.5797.pdf,17835,,0,0,0,0
Fe2TeSe_1108.4399.pdf,19632,iron_chalcogenide_11;cuprate,0,0,0,0
MgB2_0708.3883.pdf,22915,MgB2_class,1,1,1,0
BaFeAs2_0902.1085.pdf,36131,iron_pnictide_122;cuprate;iron_pnictide_1111,0,0,0,0
MgB2_0311055.pdf,17200,MgB2_class,0,0,0,0
BaFeAs2_2208.13577.pdf,43412,cuprate,0,0,0,0
MgB2_0204472.pdf,17342,MgB2_class;cuprate,0,1,0,0
Nb3Sn_0211349.pdf,13107,MgB2_class;cuprate,0,0,0,0
Nb3Sn_2302.02054.pdf,68013,,0,0,0,0
BaFeAs2_1311.5235.pdf,21670,,0,0,0,0
Nb3Sn_2511.15116.pdf,44452,cuprate,0,0,0,0
BaFeAs2_1207.3567.pdf,27509,iron_pnictide_122;cuprate,0,0,0,0
MgB2_0104086.pdf,15221,MgB2_class,0,0,0,0
MgB2_0409408.pdf,21247,MgB2_class;cuprate,0,1,0,0
MgB2_0603566.pdf,28694,MgB2_class,1,1,1,0
BaFeAs2_0910.0268.pdf,27469,iron_pnictide_122;MgB2_class;cuprate;iron_pnictide_1111,0,1,0,0
Nb3Sn_2307.08844.pdf,9353,,0,0,0,0
BaFeAs2_1401.7518.pdf,13695,cuprate,0,0,0,0
Nb3Sn_0606303.pdf,67079,,1,1,1,0
Nb3Sn_0812.4463.pdf,21608,,0,0,0,0
Fe2TeSe_1504.00435.pdf,19632,iron_chalcogenide_11;MgB2_class,1,1,1,0
KFeAs2_1009.4002.pdf,22680,iron_chalcogenide_11;iron_pnictide_122;cuprate;iron_pnictide_1111,0,0,0,0
KFeAs2_0805.4630.pdf,17271,iron_pnictide_122;iron_pnictide_1111,0,0,0,0
KFeAs2_1503.03838.pdf,25155,iron_pnictide_122;iron_pnictide_1111,0,0,0,0
KBaFeAs4_1808.06072.pdf,52431,iron_chalcogenide_11;iron_pnictide_122;MgB2_class;cuprate;iron_pnictide_1111,1,1,1,0
KBaFeAs4_2003.02888.pdf,52809,iron_chalcogenide_11;iron_pnictide_122;MgB2_class,1,0,0,0
SrFeAs2_0808.1985.pdf,17877,iron_pnictide_122;iron_pnictide_1111,0,0,0,0
SrFeAs2_1205.4103.pdf,50400,iron_chalcogenide_11;iron_pnictide_122;MgB2_class;cuprate;iron_pnictide_1111,0,0,0,0
SrFeAs2_1303.4182.pdf,27235,iron_pnictide_122,0,0,0,0
SrFeAs2_0806.4726.pdf,21437,iron_pnictide_122;cuprate,0,0,0,0
SrFeAs2_0905.0859.pdf,46005,iron_pnictide_1111,0,0,0,0
SrFeAs2_1302.4855.pdf,20319,iron_pnictide_122;MgB2_class;cuprate,1,1,1,0
SrFeAs2_0810.2120.pdf,18879,iron_pnictide_1111,0,0,0,0
MgB2_1205.6237.pdf,10715,MgB2_class,0,0,0,0
MgB2_0302242.pdf,26277,MgB2_class,0,0,0,0
MgB2_0211617.pdf,16030,MgB2_class,0,0,0,0
MgB2_0209270.pdf,45906,MgB2_class,0,0,0,0
MgB2_0108458.pdf,9232,MgB2_class,0,0,0,0
MgB2_0807.3259.pdf,18165,MgB2_class,0,0,0,0
MgB2_0910.5681.pdf,17350,MgB2_class,0,0,0,0
MgB2_0106002.pdf,11153,MgB2_class,0,1,0,0
MgB2_0204068.pdf,17001,MgB2_class,0,1,0,0
MgB2_1811.07574.pdf,29199,MgB2_class;cuprate,0,0,0,0
MgB2_0612403.pdf,17533,MgB2_class,1,1,1,0
MgB2_0110267.pdf,43066,MgB2_class;cuprate,0,0,0,0
MgB2_0210591.pdf,17519,MgB2_class,0,0,0,0
MgB2_1503.07069.pdf,37786,MgB2_class;cuprate,0,0,0,0
MgB2_0106148.pdf,17452,MgB2_class,1,1,1,0
MgB2_1207.6982.pdf,24338,MgB2_class;cuprate,0,0,0,0
MgB2_0201261.pdf,18737,MgB2_class,0,1,0,0
MgB2_0709.1691.pdf,22714,MgB2_class,0,0,0,0
MgB2_0102507.pdf,14043,MgB2_class;cuprate,0,0,0,0
MgB2_0712.2273.pdf,14279,MgB2_class,0,1,0,0
MgB2_0102498.pdf,10711,MgB2_class;cuprate,0,0,0,0
MgB2_0109283.pdf,12143,MgB2_class,0,1,0,0
MgB2_0512118.pdf,21138,MgB2_class,0,0,0,0
MgB2_1101.5206.pdf,37393,MgB2_class,1,1,1,0
MgB2_0106562.pdf,14497,MgB2_class;cuprate,0,0,0,0
MgB2_0807.0135.pdf,25504,MgB2_class,1,0,0,0
MgB2_0104350.pdf,13230,,0,0,0,0
MgB2_0301051.pdf,19294,MgB2_class,0,0,0,0
MgB2_0106341.pdf,13524,MgB2_class,0,1,0,0
MgB2_0104230.pdf,13690,MgB2_class,0,0,0,0
MgB2_0103563.pdf,13078,MgB2_class;cuprate,0,0,0,0
MgB2_0204510.pdf,26841,MgB2_class,0,0,0,0
MgB2_0608650.pdf,18995,MgB2_class,0,1,0,0
MgB2_0901.4546.pdf,30417,MgB2_class,0,1,0,0
MgB2_0207033.pdf,26614,MgB2_class;cuprate,1,0,0,0
MgB2_0903.3858.pdf,22749,MgB2_class;cuprate,1,1,1,0
MgB2_0102290.pdf,16082,MgB2_class,0,0,0,0
MgB2_0109114.pdf,17024,MgB2_class;cuprate,0,0,0,0
MgB2_0305027.pdf,17259,MgB2_class,0,0,0,0
MgB2_0104395.pdf,27299,MgB2_class,1,1,1,0
MgB2_0409651.pdf,12757,MgB2_class,1,1,1,0
MgB2_0106226.pdf,25544,MgB2_class;cuprate,1,1,1,0
MgB2_1602.03211.pdf,22027,MgB2_class;cuprate,0,0,0,0
MgB2_0306013.pdf,23872,MgB2_class,0,1,0,0
MgB2_0204599.pdf,37868,MgB2_class,0,1,0,0
MgB2_0110231.pdf,11994,MgB2_class,0,1,0,0
MgB2_0203551.pdf,26607,MgB2_class,1,1,1,0
MgB2_1408.1277.pdf,22265,MgB2_class;cuprate,0,0,0,0
MgB2_0304004.pdf,14709,MgB2_class,0,1,0,0
MgB2_0207727.pdf,17247,MgB2_class,0,1,0,0
MgB2_0211018.pdf,33540,MgB2_class,1,1,1,0
MgB2_0811.0986.pdf,32655,MgB2_class,0,0,0,0
MgB2_0109216.pdf,26209,,0,0,0,0
MgB2_0909.5526.pdf,27697,MgB2_class,0,0,0,0
V3Si_2301.00756.pdf,0,,0,0,0,1
V3Si_0509244.pdf,19378,MgB2_class,0,0,0,0
V3Si_2304.10766.pdf,28291,MgB2_class,0,0,0,0
V3Si_1311.3420.pdf,34189,MgB2_class,1,0,0,0
V3Si_0907.3639.pdf,21292,MgB2_class,0,0,0,0
V3Si_2309.11055.pdf,28820,MgB2_class;cuprate,0,0,0,0
V3Si_2204.03729.pdf,30737,cuprate,0,0,0,0
V3Si_0309494.pdf,21192,cuprate,0,1,0,0
V3Si_9704251.pdf,19261,,0,0,0,0
V3Si_0812.4715.pdf,23859,cuprate,1,0,0,0
V3Si_1409.8358.pdf,19059,cuprate,0,0,0,0
V3Si_2408.12160.pdf,59140,,0,0,0,0
NbN_1207.2014.pdf,42092,MgB2_class,0,0,0,0
NbN_2207.06457.pdf,38192,,0,0,0,0
NbN_1401.2292.pdf,15147,,0,0,0,0
NbN_0903.4224.pdf,16386,,0,0,0,0
NbN_1510.01256.pdf,16763,,0,0,0,0
NbN_0712.3295.pdf,17122,,0,0,0,0
NbN_1603.09635.pdf,20898,,0,0,0,0
NbN_2104.09331.pdf,29946,,0,0,0,0
NbN_2408.05621.pdf,37625,,0,0,0,0
NbN_1609.09694.pdf,27011,,0,0,0,0
NbN_2311.17000.pdf,48427,,0,0,0,0
NbN_1907.08443.pdf,22519,,0,0,0,0
NbN_1907.03514.pdf,13877,,0,0,0,0
NbN_1908.07146.pdf,16813,,0,0,0,0
NbN_2301.00400.pdf,20427,,0,0,0,0
NbN_1607.03088.pdf,24143,,0,0,0,0
NbN_2408.17256.pdf,32215,,0,0,0,0
NbN_1907.03410.pdf,19502,,0,0,0,0
NbN_1808.05073.pdf,57602,,0,0,0,0
NbN_0804.2945.pdf,34679,,1,0,0,0
NbN_1012.5503.pdf,29935,,0,0,0,0
NbN_1211.3787.pdf,18782,MgB2_class,0,0,0,0
NbN_2410.22704.pdf,47875,cuprate,0,0,0,0
NbN_1005.1628.pdf,14377,,1,0,0,0
NbN_2604.15981.pdf,54944,iron_chalcogenide_11;cuprate,0,0,0,0
NbN_1612.02840.pdf,43931,,0,0,0,0
NbN_1705.01519.pdf,25158,cuprate,1,0,0,0
NbN_1312.3776.pdf,37020,,1,0,0,0
NbN_1706.01289.pdf,37922,,0,0,0,0
NbN_1110.0934.pdf,14625,cuprate,0,0,0,0
NbN_2404.17827.pdf,21376,,0,0,0,0
NbN_2106.15680.pdf,27842,,0,0,0,0
NbN_1910.07010.pdf,26744,,0,0,0,0
NbN_2305.17999.pdf,53634,,0,0,0,0
NbN_1710.10833.pdf,37072,iron_chalcogenide_11,0,0,0,0
NbN_1409.2975.pdf,25771,cuprate,0,0,0,0
NbN_2302.06830.pdf,63518,,0,0,0,0
NbN_2512.01826.pdf,31305,,0,0,0,0
NbN_1811.09779.pdf,31107,,0,0,0,0
NbN_1401.2276.pdf,17432,,0,0,0,0
NbN_1901.05753.pdf,43884,,0,0,0,0
NbN_2512.13367.pdf,32307,,0,0,0,0
NbN_1705.05097.pdf,28261,,0,0,0,0
NbN_1812.05559.pdf,25743,,0,0,0,0
NbN_1803.02417.pdf,29900,,1,0,0,0
NbN_1305.6692.pdf,32643,,0,0,0,0
NbN_1303.1614.pdf,16863,cuprate,1,0,0,0
NdFeAsO_1709.05104.pdf,31223,iron_chalcogenide_11;iron_pnictide_122;MgB2_class;cuprate;iron_pnictide_1111,0,0,0,0
NdFeAsO_0809.1474.pdf,15354,cuprate;iron_pnictide_1111,0,0,0,0
NdFeAsO_0901.3698.pdf,44311,iron_pnictide_122;MgB2_class;cuprate;iron_pnictide_1111,0,0,0,0
NdFeAsO_0805.3992.pdf,15434,cuprate;iron_pnictide_1111,0,0,0,0
NdFeAsO_1509.03519.pdf,38579,iron_pnictide_1111,0,0,0,0
NdFeAsO_0807.0662.pdf,21991,cuprate,0,0,0,0
NdFeAsO_1110.2301.pdf,19919,cuprate;iron_pnictide_1111,0,0,0,0
NdFeAsO_0907.3108.pdf,13512,iron_pnictide_1111,0,0,0,0
NdFeAsO_1311.3476.pdf,25260,iron_chalcogenide_11;cuprate;iron_pnictide_1111,0,1,0,0
NdFeAsO_0807.4196.pdf,17449,MgB2_class;cuprate;iron_pnictide_1111,1,0,0,0
NdFeAsO_0807.0815.pdf,17889,iron_pnictide_122;cuprate;iron_pnictide_1111,0,0,0,0
Nb3Ge_1505.06393.pdf,51685,MgB2_class;cuprate,1,0,0,0
SrLaCuO4_2205.14242.pdf,31598,cuprate,0,0,0,0
SrLaCuO4_0611079.pdf,26773,cuprate,0,0,0,0
SrLaCuO4_1007.5454.pdf,14757,iron_chalcogenide_11;cuprate,0,0,0,0
SrLaCuO4_0312393.pdf,17643,cuprate,0,0,0,0
SrLaCuO4_2203.12887.pdf,35998,cuprate,0,0,0,0
SrLaCuO4_2505.12150.pdf,16693,cuprate,0,0,0,0
SrLaCuO4_0504071.pdf,28694,cuprate,0,0,0,0
Fe2TeSe_0909.0480.pdf,25322,iron_chalcogenide_11;iron_pnictide_122;iron_pnictide_1111,0,0,0,0
Fe2TeSe_1412.3961.pdf,29287,iron_chalcogenide_11,0,0,0,0
Fe2TeSe_1011.2930.pdf,37401,iron_chalcogenide_11;iron_pnictide_122;cuprate,0,0,0,0
Fe2TeSe_1606.01012.pdf,72434,iron_chalcogenide_11;iron_pnictide_1111,0,1,0,0
Fe2TeSe_1309.1044.pdf,19098,iron_chalcogenide_11;iron_pnictide_122;cuprate,0,1,0,0
Fe2TeSe_2507.17656.pdf,26144,iron_chalcogenide_11,0,0,0,0
Fe2TeSe_1709.05089.pdf,48167,iron_chalcogenide_11;iron_pnictide_122;cuprate,0,1,0,0
Fe2TeSe_1304.3590.pdf,15062,iron_chalcogenide_11,0,0,0,0
Fe2TeSe_1703.05180.pdf,18521,iron_chalcogenide_11,0,0,0,0
Fe2TeSe_1610.00437.pdf,42392,iron_chalcogenide_11;cuprate;iron_pnictide_1111,0,0,0,0
Fe2TeSe_1606.04411.pdf,74617,iron_chalcogenide_11;iron_pnictide_122;iron_pnictide_1111,0,0,0,0
Fe2TeSe_2505.07807.pdf,39887,iron_chalcogenide_11;iron_pnictide_122,0,0,0,0
Fe2TeSe_2208.14025.pdf,24554,iron_chalcogenide_11,0,0,0,0
Fe2TeSe_1506.01630.pdf,40630,iron_chalcogenide_11;MgB2_class;cuprate;iron_pnictide_1111,0,0,0,0
Fe2TeSe_2008.08809.pdf,33354,iron_chalcogenide_11,0,0,0,0
Fe2TeSe_1111.3523.pdf,15146,iron_chalcogenide_11,0,0,0,0
Fe2TeSe_0902.0265.pdf,27282,iron_chalcogenide_11;cuprate;iron_pnictide_1111,0,0,0,0
Fe2TeSe_1110.2600.pdf,20096,iron_chalcogenide_11;iron_pnictide_122;iron_pnictide_1111,0,0,0,0
Fe2TeSe_1812.02380.pdf,40911,iron_chalcogenide_11;iron_pnictide_122;cuprate,1,1,1,0
Fe2TeSe_2003.05732.pdf,36910,iron_chalcogenide_11,0,0,0,0
Fe2TeSe_1603.05980.pdf,18731,iron_chalcogenide_11;MgB2_class;cuprate,0,0,0,0
BaFeAs2_0912.3014.pdf,42081,iron_pnictide_122;cuprate;iron_pnictide_1111,0,0,0,0
BaFeAs2_0907.3875.pdf,20507,iron_pnictide_122;cuprate;iron_pnictide_1111,0,0,0,0
BaFeAs2_1001.2505.pdf,19498,iron_chalcogenide_11;iron_pnictide_122;MgB2_class;cuprate;iron_pnictide_1111,0,0,0,0
BaFeAs2_1307.3883.pdf,36564,MgB2_class;cuprate;iron_pnictide_1111,0,0,0,0
BaFeAs2_1410.8743.pdf,17956,iron_chalcogenide_11;iron_pnictide_122;cuprate;iron_pnictide_1111,0,0,0,0
BaFeAs2_1312.2107.pdf,32894,iron_chalcogenide_11;iron_pnictide_122;cuprate,0,0,0,0
BaFeAs2_1304.3039.pdf,31737,iron_pnictide_122;iron_pnictide_1111,0,0,0,0
BaFeAs2_1206.2938.pdf,31885,iron_pnictide_122;cuprate,0,0,0,0
BaFeAs2_1302.6480.pdf,13956,cuprate,0,0,0,0
BaFeAs2_0808.0718.pdf,10358,cuprate;iron_pnictide_1111,0,0,0,0
BaFeAs2_1001.3615.pdf,17811,iron_chalcogenide_11;iron_pnictide_122;cuprate;iron_pnictide_1111,0,1,0,0
BaFeAs2_1210.3659.pdf,24212,iron_pnictide_122;cuprate,0,0,0,0
BaFeAs2_1701.04154.pdf,47826,iron_chalcogenide_11;iron_pnictide_122;MgB2_class;cuprate,1,1,1,0
BaFeAs2_1706.00543.pdf,28888,iron_pnictide_122,1,0,0,0
BaFeAs2_1211.3879.pdf,18092,iron_pnictide_122;cuprate,0,1,0,0
BaFeAs2_1012.1523.pdf,21347,iron_pnictide_122;MgB2_class;cuprate;iron_pnictide_1111,1,0,0,0
Nb3Sn_2204.11944.pdf,27639,,0,0,0,0
Nb3Sn_1110.3208.pdf,17740,,0,0,0,0
Nb3Sn_1401.3939.pdf,26300,,0,0,0,0
Nb3Sn_2305.06775.pdf,11438,,0,0,0,0
Nb3Sn_2305.02467.pdf,65353,,0,0,0,0
Nb3Sn_2008.00599.pdf,52008,,0,0,0,0
Nb3Sn_2512.02183.pdf,14519,,0,0,0,0
Nb3Sn_1711.07022.pdf,24639,,0,0,0,0
Nb3Sn_2508.02894.pdf,64750,iron_chalcogenide_11,0,0,0,0
Nb3Sn_0402206.pdf,44211,,0,1,0,0
Nb3Sn_1401.3958.pdf,37547,,0,0,0,0
Nb3Sn_2405.18530.pdf,22952,,0,0,0,0
Nb3Sn_1401.3967.pdf,17202,cuprate,0,0,0,0
Nb3Sn_2307.10268.pdf,16263,,0,0,0,0
Nb3Sn_1212.2879.pdf,22708,,0,0,0,0
Nb3Sn_2304.13155.pdf,18869,cuprate,0,0,0,0
Nb3Sn_1401.3961.pdf,12959,cuprate,0,0,0,0
Nb3Sn_1401.3950.pdf,15510,,0,0,0,0
Nb3Sn_2203.09718.pdf,51728,,0,0,0,0
Nb3Sn_0605718.pdf,23840,iron_chalcogenide_11;MgB2_class;cuprate,0,0,0,0
Nb3Sn_1401.3955.pdf,19291,,0,0,0,0
Nb3Sn_1501.07164.pdf,90550,,0,0,0,0
Nb3Sn_2211.09684.pdf,38842,,0,0,0,0
Nb3Sn_1108.1625.pdf,30396,cuprate,0,0,0,0
Nb3Sn_2404.09187.pdf,32213,MgB2_class;cuprate,0,0,0,0
Nb3Sn_1806.02845.pdf,51388,MgB2_class,0,0,0,0
Nb3Sn_2302.07825.pdf,15169,,0,0,0,0
LiFeAs_1001.1147.pdf,23397,MgB2_class;cuprate,0,0,0,0
LiFeAs_1009.3104.pdf,20645,cuprate,0,0,0,0
LiFeAs_1111.0126.pdf,21621,cuprate,0,0,0,0
LiFeAs_1112.5597.pdf,21813,,1,0,0,0
LiFeAs_2010.04735.pdf,50928,iron_chalcogenide_11,0,0,0,0
LiFeAs_1603.04453.pdf,29746,iron_chalcogenide_11;iron_pnictide_122;cuprate,0,0,0,0
LiFeAs_1108.6187.pdf,20793,iron_chalcogenide_11;iron_pnictide_122,0,0,0,0
LiFeAs_1206.2278.pdf,32708,iron_pnictide_122;MgB2_class;cuprate,1,0,0,0
LiFeAs_1209.0714.pdf,25192,iron_chalcogenide_11;iron_pnictide_122;cuprate;iron_pnictide_1111,0,0,0,0
LiFeAs_1110.6575.pdf,22531,iron_chalcogenide_11;MgB2_class;cuprate;iron_pnictide_1111,0,0,0,0
NaFeAs_0810.3214.pdf,20196,iron_chalcogenide_11;cuprate;iron_pnictide_1111,0,0,0,0
NaFeAs_2101.03776.pdf,40378,cuprate,0,0,0,0
NaFeAs_0908.0902.pdf,35514,MgB2_class;iron_pnictide_1111,0,0,0,0
NaFeAs_1207.5382.pdf,27370,iron_chalcogenide_11;iron_pnictide_122;iron_pnictide_1111,0,0,0,0
NaFeAs_2103.13161.pdf,37435,iron_chalcogenide_11;cuprate;iron_pnictide_1111,0,0,0,0
NaFeAs_1203.3123.pdf,38307,iron_chalcogenide_11;iron_pnictide_122;iron_pnictide_1111,0,0,0,0
NaFeAs_1307.3526.pdf,55717,iron_chalcogenide_11;iron_pnictide_122;cuprate;iron_pnictide_1111,0,0,0,0
NaFeAs_1004.3581.pdf,21045,iron_pnictide_122;iron_pnictide_1111,0,0,0,0
NaFeAs_2008.02314.pdf,53947,iron_chalcogenide_11;iron_pnictide_122;cuprate,0,0,0,0
SmFeAsO_0806.2839.pdf,15334,MgB2_class;cuprate;iron_pnictide_1111,1,1,1,0
SmFeAsO_2211.10256.pdf,43077,iron_chalcogenide_11;iron_pnictide_122;MgB2_class;cuprate;iron_pnictide_1111,0,0,0,0
SmFeAsO_1012.4682.pdf,31385,MgB2_class;cuprate;iron_pnictide_1111,0,0,0,0
SmFeAsO_1303.4163.pdf,29549,iron_chalcogenide_11;iron_pnictide_1111,1,1,1,0
SmFeAsO_0807.4876.pdf,31128,cuprate;iron_pnictide_1111,0,0,0,0
SmFeAsO_1405.6835.pdf,21407,iron_chalcogenide_11;iron_pnictide_1111,0,1,0,0
SmFeAsO_1105.3342.pdf,13505,iron_pnictide_1111,0,0,0,0
SmFeAsO_0902.1214.pdf,19464,iron_pnictide_1111,0,1,0,0
SmFeAsO_0909.3004.pdf,13451,cuprate;iron_pnictide_1111,0,0,0,0
SmFeAsO_0805.2389.pdf,28963,MgB2_class;cuprate;iron_pnictide_1111,1,0,0,0
SmFeAsO_1303.3725.pdf,16360,iron_pnictide_1111,0,0,0,0
SmFeAsO_1401.5611.pdf,13748,iron_pnictide_1111,1,0,0,0
SmFeAsO_0904.3173.pdf,34856,iron_pnictide_1111,0,0,0,0
SmFeAsO_0902.1066.pdf,31010,MgB2_class;cuprate;iron_pnictide_1111,0,0,0,0
SmFeAsO_0806.2451.pdf,15710,MgB2_class;cuprate;iron_pnictide_1111,0,1,0,0
SmFeAsO_1303.1309.pdf,19906,iron_pnictide_1111,0,0,0,0
SmFeAsO_0810.2694.pdf,25136,iron_pnictide_122;MgB2_class;cuprate;iron_pnictide_1111,0,0,0,0
SmFeAsO_1405.3086.pdf,27602,iron_chalcogenide_11;cuprate;iron_pnictide_1111,0,0,0,0
SmFeAsO_0803.3603.pdf,8002,MgB2_class;iron_pnictide_1111,0,0,0,0
SmFeAsO_1201.6522.pdf,17484,cuprate;iron_pnictide_1111,0,0,0,0
SmFeAsO_0806.4011.pdf,17640,cuprate;iron_pnictide_1111,0,0,0,0
SmFeAsO_1210.6959.pdf,159102,iron_chalcogenide_11;cuprate;iron_pnictide_1111,0,0,0,0
SmFeAsO_0906.3114.pdf,26814,iron_pnictide_122;MgB2_class;cuprate;iron_pnictide_1111,1,1,1,0
SmFeAsO_0904.3625.pdf,21801,MgB2_class;cuprate;iron_pnictide_1111,0,0,0,0
SmFeAsO_1210.5714.pdf,18852,MgB2_class;iron_pnictide_1111,0,1,0,0
SmFeAsO_0806.3962.pdf,18126,cuprate;iron_pnictide_1111,0,0,0,0
SmFeAsO_1008.1735.pdf,19285,iron_chalcogenide_11;iron_pnictide_122;cuprate;iron_pnictide_1111,0,1,0,0
SmFeAsO_1102.5571.pdf,15158,iron_chalcogenide_11;cuprate;iron_pnictide_1111,0,0,0,0
SmFeAsO_0806.2205.pdf,26972,cuprate;iron_pnictide_1111,1,0,0,0
SmFeAsO_0808.3666.pdf,20626,iron_pnictide_1111,0,0,0,0
NbSe2_0706.2047.pdf,38074,,0,1,0,0
NbSe2_2601.15554.pdf,33286,iron_chalcogenide_11;cuprate,0,0,0,0
NbSe2_1307.2282.pdf,33848,cuprate,0,0,0,0
NbSe2_2402.16264.pdf,28256,cuprate,0,0,0,0
NbSe2_0302061.pdf,12140,MgB2_class;cuprate,0,0,0,0
NbSe2_2601.16475.pdf,35131,,0,0,0,0
NbSe2_1812.11350.pdf,28893,,0,0,0,0
NbSe2_0404638.pdf,16651,MgB2_class,0,0,0,0
NbSe2_2306.06659.pdf,43162,,0,0,0,0
NbSe2_1903.02528.pdf,19708,,0,0,0,0
NbSe2_1808.07219.pdf,25629,iron_chalcogenide_11;MgB2_class;cuprate,1,0,0,0
NbSe2_0110300.pdf,26476,,1,1,1,0
NbSe2_1607.07731.pdf,31059,,0,0,0,0
NbSe2_0711.2161.pdf,43204,MgB2_class,0,0,0,0
NbSe2_9709066.pdf,20758,,0,0,0,0
NbSe2_1803.04920.pdf,53675,iron_chalcogenide_11,0,0,0,0
NbSe2_2008.07131.pdf,27685,,0,0,0,0
NbSe2_1904.03672.pdf,44424,,0,0,0,0
NbSe2_2202.06082.pdf,21579,,0,0,0,0
NbSe2_1005.5641.pdf,37393,,1,1,1,0
NbSe2_0607451.pdf,29299,cuprate,0,0,0,0
NbSe2_1404.0938.pdf,20930,,0,0,0,0
NbSe2_0709.2641.pdf,16968,MgB2_class;cuprate,0,0,0,0
NbSe2_1502.06395.pdf,58145,cuprate,0,0,0,0
NbSe2_2205.08327.pdf,39913,,0,0,0,0
NbSe2_9801247.pdf,19827,cuprate,0,0,0,0
NbSe2_1401.1025.pdf,23152,,0,0,0,0
NbSe2_2312.03215.pdf,48264,iron_chalcogenide_11;iron_pnictide_122;cuprate,1,0,0,0
NbSe2_2309.14665.pdf,47164,iron_pnictide_122;cuprate,1,1,1,0
NbSe2_1806.02521.pdf,24599,,0,0,0,0
NbSe2_0503059.pdf,22789,,0,0,0,0
NbSe2_2304.05030.pdf,34596,cuprate,0,0,0,0
NbSe2_0602672.pdf,35367,cuprate,0,0,0,0
NbSe2_1807.07216.pdf,31297,,0,0,0,0
CeIn5Co_0805.0505.pdf,28868,,0,0,0,0
CeIn5Co_0409559.pdf,20483,,1,0,0,0
La2FeAs2O_0805.4584.pdf,13998,cuprate;iron_pnictide_1111,0,0,0,0
CeIn5Co_1103.0564.pdf,38950,cuprate,1,0,0,0
CeIn5Co_0502632.pdf,5054,,0,0,0,0
CeIn5Co_1303.4416.pdf,45857,,0,0,0,0
SrFeAs2_0806.2711.pdf,18068,iron_pnictide_122;iron_pnictide_1111,0,0,0,0
La2FeAs2O_0806.1732.pdf,20759,cuprate;iron_pnictide_1111,0,0,0,0
SrLaCuO4_0308227.pdf,52740,cuprate,0,0,0,0
LiFeAs_1008.5199.pdf,21407,iron_pnictide_122;cuprate;iron_pnictide_1111,0,0,0,0
KFeAs2_1412.0945.pdf,29219,iron_pnictide_122;cuprate,0,0,0,0
CeIn5Co_0605641.pdf,19613,cuprate,0,0,0,0
La2FeAs2O_1006.4812.pdf,20720,iron_chalcogenide_11;iron_pnictide_122;cuprate;iron_pnictide_1111,0,0,0,0
La2FeAs2O_0905.2005.pdf,25792,iron_chalcogenide_11;iron_pnictide_1111,0,0,0,0
SrLaCuO4_1805.00701.pdf,36227,cuprate,0,0,0,0
KFeAs2_1403.6993.pdf,37937,iron_chalcogenide_11;iron_pnictide_1111,0,0,0,0
La2FeAs2O_1702.03774.pdf,32838,iron_chalcogenide_11;iron_pnictide_122;iron_pnictide_1111,0,0,0,0
SrFeAs2_1004.0659.pdf,31739,iron_pnictide_122;cuprate,0,0,0,0
CeIn5Co_1406.0031.pdf,26575,MgB2_class;cuprate,1,0,0,0
SrFeAs2_1310.6071.pdf,32022,iron_pnictide_122;cuprate;iron_pnictide_1111,0,0,0,0
CeIn5Co_1911.01572.pdf,16250,,1,0,0,0
La2FeAs2O_1104.0257.pdf,48635,cuprate;iron_pnictide_1111,0,0,0,0
LiFeAs_0807.1010.pdf,10269,iron_pnictide_122,0,0,0,0
La2FeAs2O_1802.09980.pdf,21352,iron_chalcogenide_11;iron_pnictide_1111,0,0,0,0
KFeAs2_1302.1696.pdf,24426,iron_pnictide_122;MgB2_class,0,0,0,0
KFeAs2_1604.02534.pdf,16833,iron_pnictide_122,0,0,0,0
La2FeAs2O_1609.05380.pdf,20099,cuprate;iron_pnictide_1111,0,0,0,0
LiFeAs_1011.1334.pdf,21814,iron_chalcogenide_11;iron_pnictide_122;cuprate;iron_pnictide_1111,1,0,0,0
LiFeAs_2202.00077.pdf,22790,iron_chalcogenide_11;iron_pnictide_122,0,0,0,0
La2FeAs2O_1303.4033.pdf,22404,cuprate;iron_pnictide_1111,0,0,0,0
KFeAs2_1110.6357.pdf,57263,iron_chalcogenide_11;MgB2_class;cuprate;iron_pnictide_1111,1,0,0,0
KFeAs2_1708.05526.pdf,25996,iron_chalcogenide_11;iron_pnictide_122,0,0,0,0
KFeAs2_1402.7054.pdf,52758,iron_pnictide_122;cuprate,1,0,0,0
CeIn5Co_1104.2649.pdf,18670,,0,0,0,0
SrFeAs2_1008.1297.pdf,10360,iron_pnictide_1111,0,0,0,0
La2FeAs2O_1009.1408.pdf,34505,iron_pnictide_122;cuprate;iron_pnictide_1111,0,0,0,0
SrFeAs2_0807.3422.pdf,20425,iron_pnictide_122;MgB2_class;cuprate;iron_pnictide_1111,0,0,0,0
CeIn5Co_0602089.pdf,19952,,0,0,0,0
SrLaCuO4_0805.0405.pdf,21242,cuprate,0,0,0,0
LiFeAs_1103.3582.pdf,44683,iron_chalcogenide_11;iron_pnictide_122;MgB2_class;iron_pnictide_1111,1,0,0,0
KFeAs2_1401.6291.pdf,21260,iron_pnictide_122;iron_pnictide_1111,0,0,0,0
SrLaCuO4_0808.3750.pdf,17338,cuprate,0,0,0,0
KFeAs2_1105.4264.pdf,15699,iron_pnictide_122;MgB2_class,1,0,0,0
La2FeAs2O_1604.03860.pdf,34991,iron_chalcogenide_11;iron_pnictide_1111,0,0,0,0
KFeAs2_1305.5130.pdf,41242,iron_chalcogenide_11;iron_pnictide_122;MgB2_class;cuprate,0,0,0,0
CeIn5Co_1802.02711.pdf,55033,cuprate,0,0,0,0
LiFeAs_2604.23401.pdf,84513,iron_chalcogenide_11;MgB2_class;cuprate,0,0,0,0
La2FeAs2O_1406.3450.pdf,47520,cuprate;iron_pnictide_1111,0,0,0,0
KFeAs2_1303.6822.pdf,35086,iron_pnictide_122;MgB2_class,1,0,0,0
CeIn5Co_0602602.pdf,21533,,0,0,0,0
La2FeAs2O_2305.10034.pdf,58379,iron_chalcogenide_11;iron_pnictide_122;MgB2_class;cuprate;iron_pnictide_1111,1,0,0,0
La2FeAs2O_1905.06606.pdf,20063,iron_chalcogenide_11;iron_pnictide_1111,0,0,0,0
CeIn5Co_0103168.pdf,18523,cuprate,0,0,0,0
La2FeAs2O_1006.4640.pdf,16942,iron_chalcogenide_11;iron_pnictide_122;iron_pnictide_1111,0,0,0,0
LiFeAs_1008.2050.pdf,28305,iron_chalcogenide_11;iron_pnictide_122;iron_pnictide_1111,1,0,0,0
CeIn5Co_1206.2315.pdf,24706,,0,0,0,0
La2FeAs2O_0808.1956.pdf,19723,iron_pnictide_1111,0,0,0,0
SrLaCuO4_9908217.pdf,28679,cuprate,0,0,0,0
KFeAs2_1408.1509.pdf,46055,cuprate,0,0,0,0
La2FeAs2O_1009.4273.pdf,22767,iron_pnictide_1111,0,0,0,0
CeIn5Co_0206069.pdf,21618,cuprate,0,0,0,0
SrFeAs2_0807.0984.pdf,12761,iron_pnictide_122;MgB2_class;cuprate,0,0,0,0
LiFeAs_1109.1537.pdf,29773,iron_pnictide_122,0,0,0,0
KFeAs2_1309.5654.pdf,35019,MgB2_class;cuprate,1,0,0,0
SrFeAs2_0903.3193.pdf,20729,iron_pnictide_122;cuprate,0,0,0,0
La2FeAs2O_0810.1153.pdf,16149,iron_pnictide_1111,0,0,0,0
La2FeAs2O_0810.4605.pdf,23714,iron_pnictide_1111,0,0,0,0
CeIn5Co_1610.06724.pdf,51066,cuprate,0,0,0,0
SrFeAs2_1011.3831.pdf,29607,iron_pnictide_122;cuprate,0,0,0,0
La2FeAs2O_1808.07201.pdf,19592,iron_pnictide_1111,0,0,0,0
La2FeAs2O_0904.4348.pdf,35113,cuprate;iron_pnictide_1111,0,0,0,0
SrFeAs2_1001.3658.pdf,18057,iron_pnictide_122;cuprate;iron_pnictide_1111,0,0,0,0
SrLaCuO4_0801.4580.pdf,23992,cuprate,0,0,0,0
SrLaCuO4_1404.3192.pdf,26156,cuprate,0,0,0,0
La2FeAs2O_2604.18582.pdf,36812,iron_chalcogenide_11;cuprate;iron_pnictide_1111,0,0,0,0
La2FeAs2O_0809.4816.pdf,21541,iron_pnictide_1111,0,0,0,0
LiFeAs_1104.1609.pdf,19298,iron_pnictide_122,0,0,0,0
LiFeAs_1011.5126.pdf,19922,iron_chalcogenide_11;iron_pnictide_122;MgB2_class;cuprate;iron_pnictide_1111,1,0,0,0
SrFeAs2_0907.4141.pdf,19773,iron_chalcogenide_11;iron_pnictide_122;cuprate;iron_pnictide_1111,0,0,0,0
La2FeAs2O_2003.00733.pdf,61363,cuprate;iron_pnictide_1111,0,0,0,0
CeIn5Co_0202211.pdf,12497,,0,0,0,0
LiFeAs_0905.3126.pdf,10493,iron_pnictide_122;MgB2_class;cuprate;iron_pnictide_1111,0,0,0,0
KFeAs2_1410.1322.pdf,12673,iron_pnictide_122,0,0,0,0
LiFeAs_1107.4505.pdf,20724,iron_pnictide_122;iron_pnictide_1111,0,0,0,0
La2FeAs2O_0807.3370.pdf,17463,cuprate;iron_pnictide_1111,0,0,0,0
LiFeAs_0901.4468.pdf,13403,cuprate,0,0,0,0
SrFeAs2_0811.3270.pdf,20615,iron_pnictide_122;cuprate;iron_pnictide_1111,0,0,0,0
La2FeAs2O_0808.0328.pdf,27618,cuprate;iron_pnictide_1111,0,0,0,0
La2FeAs2O_0806.3238.pdf,19351,iron_pnictide_1111,0,0,0,0
La2FeAs2O_1612.00610.pdf,46586,cuprate;iron_pnictide_1111,0,0,0,0
La2FeAs2O_1004.1589.pdf,22834,cuprate;iron_pnictide_1111,0,0,0,0
CeIn5Co_0204059.pdf,21850,,1,0,0,0
La2FeAs2O_0804.3725.pdf,9264,cuprate;iron_pnictide_1111,0,0,0,0
LiFeAs_1009.4628.pdf,20784,cuprate;iron_pnictide_1111,0,0,0,0
SrFeAs2_0807.4283.pdf,23511,cuprate;iron_pnictide_1111,0,0,0,0
La2FeAs2O_0909.3510.pdf,20615,cuprate;iron_pnictide_1111,0,0,0,0
SrLaCuO4_0603076.pdf,20661,cuprate,0,0,0,0
SrLaCuO4_9611179.pdf,19474,cuprate,0,0,0,0
SrLaCuO4_0712.2181.pdf,19026,cuprate,0,0,0,0
KFeAs2_1412.6196.pdf,36345,iron_pnictide_122,1,0,0,0
CeIn5Co_1304.2325.pdf,24725,cuprate,0,0,0,0
SrLaCuO4_0501627.pdf,28325,cuprate,0,0,0,0
KFeAs2_1503.08298.pdf,25837,cuprate,0,0,0,0
SrLaCuO4_0808.3671.pdf,10602,cuprate,0,0,0,0
SrFeAs2_0807.1077.pdf,18760,iron_pnictide_122;iron_pnictide_1111,0,0,0,0
LiFeAs_1503.03216.pdf,26045,iron_chalcogenide_11,0,0,0,0
KFeAs2_1201.3376.pdf,21441,iron_pnictide_122;cuprate,0,0,0,0
SrLaCuO4_0508198.pdf,71523,cuprate,0,0,0,0
CeIn5Co_1510.00274.pdf,29940,cuprate,0,0,0,0
SrLaCuO4_9806341.pdf,19688,cuprate,0,0,0,0
SrFeAs2_0807.1896.pdf,12818,iron_pnictide_122;cuprate;iron_pnictide_1111,0,0,0,0
SrLaCuO4_0403386.pdf,21750,cuprate,0,0,0,0
KFeAs2_1212.1034.pdf,21539,iron_chalcogenide_11;iron_pnictide_122;iron_pnictide_1111,0,0,0,0
CeIn5Co_0104179.pdf,18904,,1,0,0,0
LiFeAs_1002.2249.pdf,15190,iron_chalcogenide_11;iron_pnictide_122;cuprate;iron_pnictide_1111,1,0,0,0
CeIn5Co_0305208.pdf,19639,,0,1,0,0
SrLaCuO4_9809311.pdf,23944,cuprate,0,0,0,0
LiFeAs_1007.4906.pdf,24305,iron_pnictide_122;MgB2_class;cuprate;iron_pnictide_1111,0,0,0,0
CeIn5Co_0702481.pdf,89335,cuprate,1,0,0,0
La2FeAs2O_1112.3169.pdf,42432,MgB2_class;cuprate;iron_pnictide_1111,0,0,0,0
LiFeAs_1208.0909.pdf,21200,iron_pnictide_1111,0,0,0,0
CeIn5Co_2604.02481.pdf,56390,cuprate,0,0,0,0
SrFeAs2_0810.1377.pdf,10556,iron_pnictide_122;cuprate;iron_pnictide_1111,0,0,0,0
LiFeAs_1103.1398.pdf,20387,cuprate,0,0,0,0
La2FeAs2O_0809.4702.pdf,12381,iron_pnictide_1111,0,0,0,0
La2FeAs2O_1604.07940.pdf,29731,cuprate;iron_pnictide_1111,0,0,0,0
La2FeAs2O_0806.3878.pdf,43828,iron_pnictide_1111,0,0,0,0
La2FeAs2O_0806.3304.pdf,19252,cuprate;iron_pnictide_1111,0,0,0,0
LiFeAs_1004.1387.pdf,24323,iron_pnictide_122;cuprate,0,0,0,0
SrFeAs2_0903.3710.pdf,21608,iron_chalcogenide_11;iron_pnictide_122;iron_pnictide_1111,0,0,0,0
SrFeAs2_0811.3994.pdf,19196,MgB2_class;cuprate;iron_pnictide_1111,1,0,0,0
CeIn5Co_1210.5571.pdf,58488,cuprate,0,0,0,0
LiFeAs_1009.4896.pdf,22637,iron_chalcogenide_11;iron_pnictide_122;cuprate;iron_pnictide_1111,0,1,0,0
CeIn5Co_1307.3787.pdf,43240,cuprate,0,0,0,0
CeIn5Co_0212502.pdf,20382,,1,0,0,0
La2FeAs2O_0809.1133.pdf,23129,MgB2_class;cuprate;iron_pnictide_1111,1,0,0,0
La2FeAs2O_2011.13641.pdf,31176,iron_chalcogenide_11;iron_pnictide_122;cuprate;iron_pnictide_1111,0,0,0,0
SrLaCuO4_0302062.pdf,27019,cuprate,0,0,0,0
LiFeAs_1111.1620.pdf,29911,iron_pnictide_1111,0,0,0,0
SrFeAs2_1203.6592.pdf,31268,iron_chalcogenide_11;cuprate;iron_pnictide_1111,0,0,0,0
CeIn5Co_1204.4375.pdf,26889,cuprate,0,0,0,0
LiFeAs_1004.0854.pdf,26532,cuprate,0,0,0,0
CeIn5Co_1010.3175.pdf,18928,,1,0,0,0
SrLaCuO4_0412570.pdf,15810,cuprate,0,0,0,0
SrFeAs2_0806.4782.pdf,22135,iron_pnictide_122;cuprate;iron_pnictide_1111,0,0,0,0
CeIn5Co_1405.5883.pdf,59102,cuprate,0,0,0,0
LiFeAs_1008.5234.pdf,20638,iron_chalcogenide_11,0,0,0,0
LiFeAs_0807.2274.pdf,18250,cuprate,0,0,0,0
1506.01630v1.pdf,40630,iron_chalcogenide_11;MgB2_class;cuprate;iron_pnictide_1111,0,0,0,0
1302.3370v1.pdf,47732,cuprate,0,0,0,0
cond-mat_0212143v1.pdf,14011,cuprate,0,0,0,0
cond-mat_0109088v1.pdf,22119,,0,0,0,0
cond-mat_0305208v1.pdf,19639,,0,1,0,0
cond-mat_9903134v1.pdf,15847,cuprate,0,0,0,0
1504.05366v1.pdf,27423,,0,0,0,0
1205.3949v1.pdf,51785,iron_chalcogenide_11;cuprate;iron_pnictide_1111,1,1,1,0
cond-mat_0501664v1.pdf,20357,cuprate,0,0,0,0
cond-mat_0204343v1.pdf,12020,cuprate,0,0,0,0
1303.4163v1.pdf,29549,iron_chalcogenide_11;iron_pnictide_1111,1,1,1,0
1411.5397v1.pdf,20549,,0,0,0,0
cond-mat_0304526v1.pdf,24272,,1,0,0,0
0904.2442v1.pdf,20277,MgB2_class;cuprate;iron_pnictide_1111,0,0,0,0
1301.5341v2.pdf,54303,cuprate,0,0,0,0
1403.4478v1.pdf,28444,MgB2_class;cuprate,0,1,0,0
cond-mat_0005393v1.pdf,19487,cuprate,0,1,0,0
1303.2586v1.pdf,30980,iron_chalcogenide_11;MgB2_class;cuprate,1,0,0,0
1807.11366v1.pdf,44939,cuprate,0,0,0,0
cond-mat_0602672v1.pdf,35367,cuprate,0,0,0,0
1209.0241v4.pdf,29655,cuprate;iron_pnictide_1111,1,0,0,0
1201.1880v1.pdf,21465,,0,0,0,0
1301.7146v1.pdf,22974,,1,1,1,0
1103.1809v1.pdf,25914,iron_chalcogenide_11;MgB2_class;cuprate;iron_pnictide_1111,1,1,1,0
cond-mat_9811303v2.pdf,81575,cuprate,0,0,0,0
cond-mat_0402206v1.pdf,44211,,0,1,0,0
1712.05966v2.pdf,17186,iron_chalcogenide_11;cuprate;iron_pnictide_1111,0,0,0,0
2412.09514v1.pdf,66620,iron_chalcogenide_11,1,0,0,0
0808.0061v2.pdf,48765,,0,0,0,0
2412.20837v1.pdf,80011,iron_chalcogenide_11;iron_pnictide_1111,0,0,0,0
1502.05345v1.pdf,23785,iron_pnictide_122;cuprate,1,1,1,0
2102.10829v1.pdf,38361,iron_pnictide_122;MgB2_class;cuprate,1,0,0,0
2511.20266v1.pdf,39813,,0,0,0,0
2308.10492v1.pdf,18681,iron_pnictide_122,1,0,0,0
2405.14138v1.pdf,60699,,0,0,0,0
1708.04721v1.pdf,57440,cuprate,0,0,0,0
1408.5829v2.pdf,65109,,0,0,0,0
1311.5370v1.pdf,22991,iron_chalcogenide_11,0,0,0,0
0107087v1.pdf,3808,cuprate,0,0,0,0
0903.0004v2.pdf,33458,MgB2_class;cuprate;iron_pnictide_1111,1,0,0,0
1109.2747v1.pdf,56509,cuprate,0,1,0,0
1612.02839v1.pdf,49461,iron_pnictide_122;cuprate,0,0,0,0
9812019v1.pdf,51094,cuprate,0,0,0,0
2409.12847v1.pdf,41901,iron_chalcogenide_11;iron_pnictide_122;cuprate,0,0,0,0
2305.10034v1.pdf,58379,iron_chalcogenide_11;iron_pnictide_122;MgB2_class;cuprate;iron_pnictide_1111,1,0,0,0
1403.6704v2.pdf,25272,iron_pnictide_122;MgB2_class;cuprate,0,1,0,0
2012.12405v2.pdf,33078,,0,0,0,0
1008.3341v1.pdf,74542,,0,0,0,0
1011.1465v1.pdf,32912,cuprate,0,1,0,0
2012.04787v1.pdf,71326,cuprate,0,0,0,0
1604.05059v3.pdf,181434,cuprate,1,0,0,0
0109088v1.pdf,22119,,0,0,0,0
2311.15132v1.pdf,27033,iron_chalcogenide_11;iron_pnictide_122;MgB2_class;iron_pnictide_1111,0,1,0,0
0701150v2.pdf,56110,cuprate,0,0,0,0
1111.3923v1.pdf,17775,iron_chalcogenide_11,0,0,0,0
2402.17731v1.pdf,55042,iron_chalcogenide_11;iron_pnictide_122;MgB2_class;iron_pnictide_1111,0,0,0,0
0910.4316v1.pdf,8354,MgB2_class;cuprate,0,0,0,0
1412.2265v1.pdf,55657,MgB2_class;cuprate,0,1,0,0
1703.05529v3.pdf,32284,MgB2_class;cuprate,0,0,0,0
0505568v1.pdf,29389,cuprate,0,1,0,0
1610.08486v1.pdf,37854,iron_chalcogenide_11;iron_pnictide_122;MgB2_class;cuprate;iron_pnictide_1111,0,1,0,0
2309.00105v2.pdf,33318,cuprate,1,0,0,0
1001.3452v1.pdf,18576,iron_pnictide_122;MgB2_class;cuprate;iron_pnictide_1111,0,0,0,0
1501.07346v1.pdf,65267,iron_chalcogenide_11;iron_pnictide_122;MgB2_class;cuprate;iron_pnictide_1111,1,1,1,0
2101.02292v1.pdf,46178,cuprate,0,1,0,0
0701693v2.pdf,23259,,0,1,0,0
0612164v2.pdf,31336,,0,1,0,0
2011.13819v1.pdf,27839,iron_chalcogenide_11;cuprate,0,0,0,0
2006.06789v1.pdf,42479,iron_pnictide_122;iron_pnictide_1111,0,1,0,0
2412.09384v1.pdf,60303,cuprate,0,0,0,0
2301.02571v2.pdf,29637,,0,0,0,0
2512.05177v1.pdf,63520,iron_chalcogenide_11;iron_pnictide_1111,1,1,1,0
2309.06839v1.pdf,18352,cuprate,0,0,0,0
1911.00727v2.pdf,37925,iron_chalcogenide_11;iron_pnictide_122;cuprate;iron_pnictide_1111,0,0,0,0
2505.12062v4.pdf,61437,,0,0,0,0
2303.06339v2.pdf,108455,iron_pnictide_122;cuprate;iron_pnictide_1111,0,0,0,0
1603.02675v1.pdf,28554,,0,0,0,0
2110.05513v2.pdf,24069,cuprate,0,0,0,0
1802.06160v1.pdf,40172,iron_chalcogenide_11;iron_pnictide_122;MgB2_class;cuprate;iron_pnictide_1111,1,1,1,0
2408.02610v1.pdf,64794,cuprate,0,0,0,0
9908242v1.pdf,22214,cuprate,0,0,0,0
2512.01826v1.pdf,31305,,0,0,0,0
0105363v2.pdf,15165,MgB2_class;cuprate,0,0,0,0
1701.01578v1.pdf,90175,iron_chalcogenide_11;iron_pnictide_122;MgB2_class;cuprate;iron_pnictide_1111,1,1,1,0
1802.09868v1.pdf,44686,iron_pnictide_122;cuprate,0,1,0,0
0111585v1.pdf,15529,MgB2_class,1,1,1,0
1010.5449v1.pdf,38812,,0,0,0,0
2410.06159v2.pdf,71855,iron_chalcogenide_11;MgB2_class;cuprate;iron_pnictide_1111,0,1,0,0
2306.13071v3.pdf,53338,MgB2_class;cuprate,0,0,0,0
0803.0445v2.pdf,34496,,0,1,0,0
0912.4906v1.pdf,102341,MgB2_class;cuprate,1,1,1,0
1405.3549v1.pdf,45303,MgB2_class;cuprate,0,0,0,0
0009088v1.pdf,62176,cuprate,0,1,0,0
0911.1524v1.pdf,24308,cuprate,0,0,0,0
1505.01717v1.pdf,38770,iron_pnictide_122;MgB2_class;cuprate;iron_pnictide_1111,1,0,0,0
1303.3382v1.pdf,50796,iron_pnictide_122,0,1,0,0
2403.03729v2.pdf,118201,iron_chalcogenide_11;cuprate,0,0,0,0
0203104v1.pdf,18672,cuprate,0,0,0,0
1006.5109v2.pdf,19195,cuprate,0,1,0,0
1810.10477v3.pdf,47748,cuprate,0,0,0,0
1706.00543v1.pdf,28888,iron_pnictide_122,1,0,0,0
0803.0307v1.pdf,19129,cuprate,0,0,0,0
1709.10291v1.pdf,19070,iron_chalcogenide_11;MgB2_class;cuprate,0,0,0,0
1907.04718v1.pdf,53672,iron_pnictide_122;cuprate,0,1,0,0
2206.14108v2.pdf,51064,iron_pnictide_122;MgB2_class;cuprate,0,0,0,0
0108458v1.pdf,9232,MgB2_class,0,0,0,0
1405.7791v3.pdf,20058,MgB2_class,0,0,0,0
1201.5201v1.pdf,18109,iron_pnictide_122;MgB2_class,0,1,0,0
0603582v1.pdf,31994,cuprate,0,1,0,0
1912.06099v2.pdf,21000,cuprate,1,0,0,0
0104114v1.pdf,9637,MgB2_class;cuprate,0,0,0,0
2308.06000v1.pdf,18091,,0,0,0,0
0105215v1.pdf,9136,MgB2_class,0,1,0,0
1902.02830v1.pdf,36678,,0,0,0,0
0909.0597v1.pdf,39231,,0,0,0,0
0409402v1.pdf,61551,MgB2_class;cuprate,0,0,0,0
1009.2215v1.pdf,22224,cuprate,0,0,0,0
1009.4896v1.pdf,22637,iron_chalcogenide_11;iron_pnictide_122;cuprate;iron_pnictide_1111,0,1,0,0
0907.0217v1.pdf,25198,iron_pnictide_122;MgB2_class;cuprate;iron_pnictide_1111,0,0,0,0
0108172v1.pdf,20254,MgB2_class;cuprate,1,0,0,0
0909.0923v3.pdf,25281,iron_pnictide_122;cuprate,0,0,0,0
1406.2141v1.pdf,10906,MgB2_class,0,1,0,0
1004.3910v1.pdf,35760,iron_pnictide_122;cuprate,0,1,0,0
0607754v1.pdf,34246,,1,0,0,0
1711.07637v1.pdf,25477,iron_chalcogenide_11;MgB2_class;cuprate,0,0,0,0
2001.01844v1.pdf,24430,cuprate,0,1,0,0
0411531v1.pdf,24224,MgB2_class,0,0,0,0
1102.1404v1.pdf,28733,cuprate;iron_pnictide_1111,0,0,0,0
0001096v1.pdf,6839,,0,0,0,0
0104350v1.pdf,13230,,0,0,0,0
2408.02094v2.pdf,27515,cuprate,1,1,1,0
0410301v1.pdf,18833,MgB2_class,0,1,0,0
2311.02336v1.pdf,53869,iron_chalcogenide_11;MgB2_class;cuprate,0,0,0,0
1412.1421v1.pdf,39618,iron_chalcogenide_11;iron_pnictide_122;cuprate;iron_pnictide_1111,1,1,1,0
0205361v2.pdf,22218,MgB2_class;cuprate,0,0,0,0
0401086v1.pdf,18554,,0,0,0,0
0103288v1.pdf,12836,cuprate,0,0,0,0
9804161v1.pdf,15344,cuprate,0,1,0,0
2504.13796v2.pdf,49988,MgB2_class;cuprate;iron_pnictide_1111,0,0,0,0
1608.08378v1.pdf,38176,cuprate,0,0,0,0
2303.11598v1.pdf,42023,iron_chalcogenide_11;iron_pnictide_122;cuprate;iron_pnictide_1111,0,1,0,0
0410238v3.pdf,18275,cuprate,0,0,0,0
1002.0248v1.pdf,12517,iron_chalcogenide_11;cuprate;iron_pnictide_1111,1,1,1,0
0207526v1.pdf,14714,cuprate,0,0,0,0
0104112v1.pdf,18873,MgB2_class;cuprate,0,0,0,0
1003.3216v1.pdf,21133,cuprate,0,1,0,0
1705.06348v1.pdf,20215,cuprate,0,0,0,0
0211310v1.pdf,16764,MgB2_class;cuprate,0,0,0,0
1712.01529v2.pdf,24590,iron_chalcogenide_11;MgB2_class;cuprate,0,0,0,0
1705.09788v1.pdf,26349,MgB2_class;cuprate,1,1,1,0
2407.03587v1.pdf,29740,iron_pnictide_122,0,0,0,0
0201375v1.pdf,47885,cuprate,0,1,0,0
1601.04903v1.pdf,23128,iron_chalcogenide_11;iron_pnictide_1111,0,0,0,0
1002.0208v2.pdf,36782,iron_pnictide_122;MgB2_class;cuprate;iron_pnictide_1111,1,1,1,0
2009.05731v1.pdf,55125,iron_chalcogenide_11;iron_pnictide_122;cuprate;iron_pnictide_1111,0,1,0,0
1606.01477v2.pdf,42957,iron_chalcogenide_11;iron_pnictide_122;cuprate;iron_pnictide_1111,0,1,0,0
0311515v1.pdf,16386,cuprate,0,0,0,0
0601245v3.pdf,18048,MgB2_class,0,1,0,0
0502537v1.pdf,20140,,0,0,0,0
1008.1447v3.pdf,19478,iron_chalcogenide_11;iron_pnictide_122;cuprate,1,0,0,0
1109.4877v1.pdf,36020,cuprate,0,0,0,0
0612403v1.pdf,17533,MgB2_class,1,1,1,0
0808.1136v1.pdf,32951,MgB2_class;cuprate,1,0,0,0
2210.11688v1.pdf,52581,iron_chalcogenide_11;MgB2_class;cuprate,1,1,1,0
0907.1744v1.pdf,19276,MgB2_class;cuprate,0,1,0,0
0202243v2.pdf,48342,cuprate,0,1,0,0
0808.3408v1.pdf,29503,cuprate,0,1,0,0
1101.5427v1.pdf,15391,iron_pnictide_122;MgB2_class;cuprate,0,1,0,0
1604.05838v1.pdf,32616,iron_pnictide_122;MgB2_class;cuprate;iron_pnictide_1111,1,1,1,0
0604097v3.pdf,16923,,0,1,0,0
1502.04284v1.pdf,33487,iron_chalcogenide_11;iron_pnictide_122;cuprate,0,1,0,0
0106121v1.pdf,14520,cuprate,0,0,0,0
2510.10264v1.pdf,43028,iron_chalcogenide_11;iron_pnictide_122;MgB2_class;cuprate;iron_pnictide_1111,0,0,0,0
0003452v1.pdf,30101,cuprate,0,1,0,0
0907.4227v1.pdf,17144,iron_pnictide_122;iron_pnictide_1111,1,1,1,0
1512.06256v2.pdf,72533,,0,0,0,0
1103.3602v3.pdf,14290,iron_chalcogenide_11;iron_pnictide_1111,0,1,0,0
1107.5796v2.pdf,14958,cuprate,1,0,0,0
0102114v1.pdf,11323,,1,1,1,0
0105332v2.pdf,17781,MgB2_class,0,0,0,0
0901.1321v1.pdf,55735,,0,0,0,0
0103521v1.pdf,19158,MgB2_class,0,1,0,0
1703.07759v1.pdf,23600,iron_pnictide_122,1,1,1,0
0005140v1.pdf,17344,cuprate,0,0,0,0
1812.02380v3.pdf,40911,iron_chalcogenide_11;iron_pnictide_122;cuprate,1,1,1,0
1610.09040v2.pdf,45843,cuprate,0,0,0,0
1012.1996v1.pdf,12675,iron_chalcogenide_11;cuprate;iron_pnictide_1111,0,0,0,0
0807.1203v2.pdf,55823,MgB2_class;cuprate,1,1,1,0
2306.12684v2.pdf,56840,,0,0,0,0
2211.15855v1.pdf,51315,iron_chalcogenide_11;iron_pnictide_122;cuprate;iron_pnictide_1111,1,1,1,0
9910048v1.pdf,11276,,0,0,0,0
0808.1790v1.pdf,39456,MgB2_class;cuprate,0,0,0,0
9904147v2.pdf,63889,,0,0,0,0
0011227v1.pdf,11078,,0,0,0,0
1802.09212v2.pdf,42911,,0,0,0,0
1801.05074v1.pdf,36818,iron_pnictide_122;cuprate,0,1,0,0
1303.6184v1.pdf,42203,cuprate;iron_pnictide_1111,0,0,0,0
2501.06516v1.pdf,40556,iron_chalcogenide_11;iron_pnictide_122;iron_pnictide_1111,0,0,0,0
0102320v2.pdf,12393,MgB2_class;cuprate,0,1,0,0
0112284v1.pdf,48883,cuprate,0,0,0,0
1111.6365v2.pdf,31819,MgB2_class;cuprate,0,0,0,0
1205.3884v4.pdf,9847,,0,0,0,0
2001.08365v1.pdf,18875,cuprate,0,1,0,0
1103.1393v1.pdf,43589,cuprate,0,0,0,0
1410.0772v3.pdf,90687,MgB2_class;cuprate,0,1,0,0
1210.2309v1.pdf,28781,iron_pnictide_122;cuprate,1,0,0,0
2211.01609v1.pdf,23493,MgB2_class;cuprate,0,0,0,0
2512.01146v1.pdf,65481,cuprate,0,0,0,0
0009069v1.pdf,10213,,0,0,0,0
1008.1797v2.pdf,19980,MgB2_class;cuprate,0,0,0,0
2007.13536v1.pdf,37910,iron_pnictide_122;cuprate,0,1,0,0
2211.02564v2.pdf,44319,cuprate,0,0,0,0
2412.19493v1.pdf,38889,,0,0,0,0
1309.3388v2.pdf,19960,cuprate,0,0,0,0
0205664v1.pdf,75291,cuprate,0,0,0,0
0907.2129v2.pdf,29381,MgB2_class;cuprate,1,1,1,0
2405.07630v2.pdf,70533,,0,0,0,0
1703.08707v1.pdf,23891,cuprate,0,0,0,0
2207.06629v1.pdf,23094,iron_pnictide_122;cuprate;iron_pnictide_1111,0,1,0,0
1012.0894v1.pdf,14955,iron_pnictide_122;cuprate;iron_pnictide_1111,0,0,0,0
0205229v1.pdf,21617,cuprate,0,0,0,0
0109283v1.pdf,12143,MgB2_class,0,1,0,0
9212017v1.pdf,46696,cuprate,0,0,0,0
0410396v2.pdf,23119,cuprate,0,0,0,0
1107.1079v1.pdf,24254,cuprate,0,0,0,0
2401.03471v1.pdf,41328,cuprate;iron_pnictide_1111,0,0,0,0
2301.11425v1.pdf,28419,MgB2_class,0,0,0,0
2602.04973v1.pdf,49066,MgB2_class;cuprate,0,0,0,0
0105535v1.pdf,14594,MgB2_class;cuprate,0,0,0,0
0802.3971v1.pdf,23106,MgB2_class,1,1,1,0
0601191v1.pdf,16243,MgB2_class,0,1,0,0
1310.1613v1.pdf,22197,,1,1,1,0
2006.04478v1.pdf,40017,iron_chalcogenide_11;iron_pnictide_122;cuprate,1,1,1,0
0208253v1.pdf,11558,cuprate,0,0,0,0
0405595v2.pdf,30183,cuprate,0,0,0,0
0207223v1.pdf,15483,MgB2_class;cuprate,0,1,0,0
1209.3586v2.pdf,54039,iron_pnictide_122;cuprate;iron_pnictide_1111,1,0,0,0
0207435v2.pdf,19487,,0,0,0,0
0510772v1.pdf,54822,cuprate,0,0,0,0
1906.04783v1.pdf,58987,cuprate,0,0,0,0
9911393v1.pdf,8986,cuprate,0,0,0,0
0504069v2.pdf,42646,cuprate,0,0,0,0
0302365v1.pdf,15962,MgB2_class,0,1,0,0
2510.10720v1.pdf,46831,MgB2_class;cuprate,1,0,0,0
0912.2654v1.pdf,16465,cuprate,0,0,0,0
2106.01934v1.pdf,29582,,0,0,0,0
2510.14322v1.pdf,18693,MgB2_class;cuprate,0,0,0,0
0311425v1.pdf,17698,MgB2_class;cuprate,1,0,0,0
1009.1074v1.pdf,9323,MgB2_class;cuprate,0,0,0,0
0403454v1.pdf,40543,MgB2_class;cuprate,0,0,0,0
0302202v1.pdf,17530,MgB2_class,1,1,1,0
1801.05093v1.pdf,50530,MgB2_class,0,1,0,0
0007436v1.pdf,37589,cuprate,0,1,0,0
1812.06823v1.pdf,49824,iron_chalcogenide_11;iron_pnictide_122;cuprate;iron_pnictide_1111,0,0,0,0
0912.0598v1.pdf,15864,iron_pnictide_122;cuprate;iron_pnictide_1111,0,0,0,0
1212.5873v1.pdf,21515,iron_chalcogenide_11;iron_pnictide_122;MgB2_class;cuprate,0,1,0,0
2412.16170v1.pdf,39894,iron_chalcogenide_11;cuprate,0,0,0,0
2207.12811v1.pdf,24194,MgB2_class,0,0,0,0
1710.07550v1.pdf,37898,iron_chalcogenide_11;cuprate,1,1,1,0
9905125v1.pdf,25690,,0,0,0,0
2510.22424v1.pdf,39452,cuprate,0,0,0,0
0708.3883v2.pdf,22915,MgB2_class,1,1,1,0
0108449v3.pdf,18883,cuprate,0,0,0,0
2509.01154v1.pdf,47751,MgB2_class;cuprate,0,0,0,0
0910.5907v1.pdf,40487,cuprate,0,0,0,0
2404.11115v1.pdf,54839,MgB2_class;cuprate;iron_pnictide_1111,1,0,0,0
0005288v1.pdf,27119,cuprate,0,0,0,0
1207.1970v2.pdf,27502,cuprate,1,1,1,0
0107336v1.pdf,21262,,0,0,0,0
1807.09988v1.pdf,30247,,1,0,0,0
2110.15577v1.pdf,39386,iron_chalcogenide_11;iron_pnictide_122;MgB2_class;cuprate;iron_pnictide_1111,1,1,1,0
0803.0373v1.pdf,19583,MgB2_class,1,1,1,0
1010.3086v1.pdf,21675,MgB2_class;cuprate,1,1,1,0
1506.07231v1.pdf,22839,cuprate,0,0,0,0
0711.2221v1.pdf,14264,,0,0,0,0
0711.0136v1.pdf,37991,cuprate,0,0,0,0
0102167v1.pdf,11839,MgB2_class;cuprate,0,0,0,0
1003.0171v1.pdf,20320,MgB2_class,0,1,0,0
0911.4831v1.pdf,57065,cuprate,0,0,0,0
1311.3476v1.pdf,25260,iron_chalcogenide_11;cuprate;iron_pnictide_1111,0,1,0,0
0408415v1.pdf,19138,MgB2_class;cuprate,0,0,0,0
0103408v2.pdf,15893,MgB2_class;cuprate,1,1,1,0
9911216v1.pdf,14065,,0,0,0,0
2308.01116v1.pdf,77251,iron_chalcogenide_11;MgB2_class;cuprate;iron_pnictide_1111,0,1,0,0
BaFeAs2_1406.2033.pdf,43912,iron_pnictide_122,0,0,0,0
BaFeAs2_1103.5815.pdf,19545,iron_pnictide_122;cuprate,0,1,0,0
Nb3Sn_0410463.pdf,66465,iron_chalcogenide_11,0,0,0,0
Fe2TeSe_2308.01116.pdf,77251,iron_chalcogenide_11;MgB2_class;cuprate;iron_pnictide_1111,0,1,0,0
Nb3Sn_2007.07103.pdf,42250,iron_chalcogenide_11,0,0,0,0
Fe2TeSe_0910.2301.pdf,20375,iron_chalcogenide_11;cuprate;iron_pnictide_1111,0,0,0,0
BaFeAs2_0907.4429.pdf,15145,iron_pnictide_122;iron_pnictide_1111,0,0,0,0
KBaFeAs4_2311.15132.pdf,27033,iron_chalcogenide_11;iron_pnictide_122;MgB2_class;iron_pnictide_1111,0,1,0,0
Nb3Sn_2306.10866.pdf,69340,,0,0,0,0
Nb3Sn_1907.00476.pdf,66575,cuprate,0,0,0,0
KBaFeAs4_1606.05643.pdf,25285,iron_chalcogenide_11;iron_pnictide_122,0,0,0,0
MgB2_0103082.pdf,11417,MgB2_class,0,0,0,0
BaFeAs2_1701.01578.pdf,90175,iron_chalcogenide_11;iron_pnictide_122;MgB2_class;cuprate;iron_pnictide_1111,1,1,1,0
Pr2FeAs2O_1111.3143.pdf,16916,iron_chalcogenide_11;iron_pnictide_122;MgB2_class;cuprate;iron_pnictide_1111,0,0,0,0
MgB2_0310196.pdf,15486,MgB2_class,0,1,0,0
Nb3Sn_1408.0353.pdf,58526,cuprate,1,1,1,0
KBaFeAs4_1704.07578.pdf,20566,iron_pnictide_122;MgB2_class;cuprate,0,0,0,0
KBaFeAs4_1809.03768.pdf,27473,iron_pnictide_122;iron_pnictide_1111,0,1,0,0
Fe2TeSe_1504.04004.pdf,22573,iron_chalcogenide_11;cuprate,0,1,0,0
Nb3Sn_1503.03410.pdf,20644,,0,0,0,0
Nb3Sn_2203.06752.pdf,36219,,0,0,0,0
KBaFeAs4_1903.00866.pdf,37077,iron_chalcogenide_11;iron_pnictide_122;cuprate,1,1,1,0
Fe2TeSe_2308.01367.pdf,58017,iron_chalcogenide_11;MgB2_class;cuprate;iron_pnictide_1111,0,1,0,0
Pr2FeAs2O_0810.5623.pdf,20123,cuprate;iron_pnictide_1111,0,0,0,0
BaFeAs2_1404.5375.pdf,29337,iron_chalcogenide_11;iron_pnictide_122;iron_pnictide_1111,0,0,0,0
Pr2FeAs2O_0807.4872.pdf,17180,iron_pnictide_1111,0,0,0,0
KBaFeAs4_1710.01868.pdf,43999,iron_pnictide_122,0,0,0,0
KBaFeAs4_1907.04718.pdf,53672,iron_pnictide_122;cuprate,0,1,0,0
Fe2TeSe_1308.2949.pdf,21076,iron_chalcogenide_11,0,0,0,0
Nb3Sn_2305.10226.pdf,24646,,0,0,0,0
KBaFeAs4_2402.17731.pdf,0,,0,0,0,1
MgB2_0103176.pdf,9918,MgB2_class;cuprate,1,0,0,0
Pr2FeAs2O_1207.7186.pdf,36904,iron_pnictide_1111,0,0,0,0
Nb3Sn_2405.00211.pdf,14086,,0,0,0,0
KBaFeAs4_2512.11343.pdf,47006,iron_chalcogenide_11;iron_pnictide_122;MgB2_class;iron_pnictide_1111,0,1,0,0
Fe2TeSe_2308.02128.pdf,42995,iron_chalcogenide_11;MgB2_class;cuprate;iron_pnictide_1111,0,0,0,0
Nb3Sn_2412.09514.pdf,66620,iron_chalcogenide_11,1,0,0,0
Fe2TeSe_1609.06179.pdf,26920,iron_chalcogenide_11,0,0,0,0
BaFeAs2_0805.4021.pdf,17886,cuprate;iron_pnictide_1111,0,0,0,0
Nb3Sn_2305.05114.pdf,25731,,0,0,0,0
Nb3Sn_1102.5118.pdf,17827,,1,0,0,0
MgB2_0102353.pdf,13606,MgB2_class;cuprate,0,1,0,0
Nb3Sn_2302.06718.pdf,19240,,0,0,0,0
Nb3Sn_0511560.pdf,15118,MgB2_class,1,0,0,0
KBaFeAs4_2503.03473.pdf,33190,iron_pnictide_122;cuprate,0,0,0,0
Pr2FeAs2O_0807.3833.pdf,20057,iron_pnictide_1111,0,0,0,0
Nb3Sn_1311.6901.pdf,33530,,1,0,0,0
Nb3Sn_1807.03898.pdf,58945,,0,0,0,0
BaFeAs2_1004.5557.pdf,13404,iron_pnictide_122,0,0,0,0
BaFeAs2_1905.05372.pdf,21521,iron_pnictide_122;MgB2_class;cuprate;iron_pnictide_1111,0,0,0,0
Pr2FeAs2O_0907.1308.pdf,24375,cuprate;iron_pnictide_1111,0,0,0,0
Nb3Sn_1810.10569.pdf,26417,,0,0,0,0
MgB2_0210701.pdf,38157,MgB2_class;cuprate,1,0,0,0
Pr2FeAs2O_1104.2177.pdf,14753,iron_pnictide_1111,0,0,0,0
BaFeAs2_1209.3281.pdf,23682,iron_pnictide_122;cuprate;iron_pnictide_1111,0,1,0,0
YBa2Cu3O7_0508754.pdf,18019,cuprate,0,0,0,0
FeSe_2303.11601.pdf,32496,iron_chalcogenide_11;cuprate;iron_pnictide_1111,0,0,0,0
YBa2Cu3O7_2105.14321.pdf,38886,cuprate,0,0,0,0
Bi2Sr2CaCu2O8_0903.3536.pdf,18481,cuprate,0,0,0,0
YBa2Cu3O7_0606306.pdf,17309,cuprate,0,0,0,0
Bi2Sr2CaCu2O8_1510.03344.pdf,18346,cuprate,0,0,0,0
Sr2RuO4_0304510.pdf,20670,,1,0,0,0
Nd2-xCexCuO4_1810.06511.pdf,21591,cuprate,0,0,0,0
FeSe1-xTex_1412.2454.pdf,25646,iron_chalcogenide_11;cuprate,0,0,0,0
Sr2RuO4_1606.04936.pdf,44460,iron_pnictide_122;MgB2_class;cuprate,1,0,0,0
FeSe1-xTex_1205.3949.pdf,51785,iron_chalcogenide_11;cuprate;iron_pnictide_1111,1,1,1,0
FeSe1-xTex_0906.1951.pdf,16896,iron_chalcogenide_11;iron_pnictide_122;cuprate;iron_pnictide_1111,0,1,0,0
FeSe_0807.4315.pdf,10370,iron_chalcogenide_11;MgB2_class;cuprate;iron_pnictide_1111,1,0,0,0
Bi2Sr2CaCu2O8_1808.02864.pdf,36884,iron_pnictide_122;cuprate;iron_pnictide_1111,0,0,0,0
YBa2Cu3O7_1603.08330.pdf,21603,iron_chalcogenide_11;MgB2_class;cuprate;iron_pnictide_1111,1,0,0,0
YBa2Cu3O7_0301500.pdf,25440,cuprate,0,0,0,0
Bi2Sr2CaCu2O8_0910.4861.pdf,30134,cuprate,0,0,0,0
URu2Si2_1310.3431.pdf,64907,cuprate,0,0,0,0
YBa2Cu3O7_1206.5635.pdf,38804,cuprate,0,0,0,0
YBa2Cu3O7_0301448.pdf,9997,cuprate,0,0,0,0
YBa2Cu3O7_0302430.pdf,17600,cuprate,0,0,0,0
La1.85Sr0.15CuO4_1202.0049.pdf,99600,MgB2_class;cuprate,0,0,0,0
Sr2RuO4_0102530.pdf,19201,,0,0,0,0
YBa2Cu3O7_0310568.pdf,20831,cuprate,0,0,0,0
Bi2Sr2CaCu2O8_1108.4793.pdf,12841,cuprate,0,0,0,0
Sr2RuO4_1903.08630.pdf,25036,MgB2_class;cuprate,1,0,0,0
YBa2Cu3O7_2304.03591.pdf,42278,cuprate,0,0,0,0
YBa2Cu3O7_0811.4279.pdf,26579,cuprate,0,1,0,0
FeSe1-xTex_2307.05904.pdf,33774,iron_chalcogenide_11;cuprate,0,0,0,0
YBa2Cu3O7_0008001.pdf,20271,cuprate,0,0,0,0
Sr2RuO4_1302.4810.pdf,24225,cuprate,0,0,0,0
FeSe1-xTex_2510.22240.pdf,37358,iron_chalcogenide_11;iron_pnictide_122;MgB2_class;cuprate;iron_pnictide_1111,1,0,0,0
YBa2Cu3O7_1107.1116.pdf,17457,cuprate,0,0,0,0
Sr2RuO4_2001.01844.pdf,24430,cuprate,0,1,0,0
FeSe1-xTex_1008.1447.pdf,19478,iron_chalcogenide_11;iron_pnictide_122;cuprate,1,0,0,0
FeSe_2511.19058.pdf,37079,iron_chalcogenide_11;iron_pnictide_122;cuprate;iron_pnictide_1111,0,1,0,0
Sr2RuO4_1708.07182.pdf,26663,,0,0,0,0
YBa2Cu3O7_0005350.pdf,15705,cuprate,0,1,0,0
YBa2Cu3O7_0011245.pdf,8907,cuprate,0,1,0,0
Bi2Sr2Ca2Cu3O10_2309.13131.pdf,67939,iron_chalcogenide_11;iron_pnictide_122;MgB2_class;cuprate,0,1,0,0
Bi2Sr2CaCu2O8_1303.4810.pdf,36985,cuprate,0,0,0,0
FeSe_1602.03948.pdf,29483,iron_chalcogenide_11;iron_pnictide_1111,1,0,0,0
YBa2Cu3O7_2004.07287.pdf,28100,cuprate,0,0,0,0
FeSe_0906.3852.pdf,20819,iron_chalcogenide_11;MgB2_class;cuprate,1,0,0,0
Sr2RuO4_1710.10310.pdf,64237,MgB2_class,0,0,0,0
FeSe1-xTex_1808.07072.pdf,69421,iron_chalcogenide_11;cuprate,0,0,0,0
YBa2Cu3O7_1808.03740.pdf,39929,cuprate,0,0,0,0
FeSe_1510.05753.pdf,31209,iron_chalcogenide_11;iron_pnictide_122;cuprate;iron_pnictide_1111,1,0,0,0
YBa2Cu3O7_0310123.pdf,14237,cuprate,0,0,0,0
YBa2Cu3O7_0508537.pdf,18083,cuprate,0,0,0,0
Bi2Sr2CaCu2O8_0412117.pdf,33341,cuprate,0,0,0,0
YBa2Cu3O7_0804.0170.pdf,23455,cuprate,0,0,0,0
Bi2Sr2CaCu2O8_1211.4681.pdf,31636,cuprate,1,1,1,0
YBa2Cu3O7_0306594.pdf,22697,cuprate,0,0,0,0
FeSe1-xTex_1309.7406.pdf,26506,iron_chalcogenide_11;iron_pnictide_122;cuprate,0,1,0,0
FeSe1-xTex_2107.02623.pdf,15172,iron_chalcogenide_11;cuprate,0,0,0,0
Bi2Sr2Ca2Cu3O10_0610295.pdf,17930,MgB2_class;cuprate,0,0,0,0
YBa2Cu3O7_0404296.pdf,12000,cuprate,0,0,0,0
Bi2Sr2Ca2Cu3O10_0607065.pdf,5953,MgB2_class;cuprate,0,0,0,0
URu2Si2_1403.1969.pdf,18091,,1,0,0,0
FeSe_1406.3795.pdf,17079,iron_chalcogenide_11;iron_pnictide_122;iron_pnictide_1111,1,0,0,0
CuxBi2Se3_2303.09108.pdf,26480,,0,0,0,0
Sr2RuO4_0104492.pdf,19524,cuprate,1,0,0,0
YBa2Cu3O7_1511.02750.pdf,29383,cuprate,0,0,0,0
Nd2-xCexCuO4_1507.01668.pdf,42962,iron_chalcogenide_11;cuprate,0,0,0,0
FeSe1-xTex_2501.16189.pdf,46499,iron_chalcogenide_11;MgB2_class;cuprate,1,0,0,0
URu2Si2_0712.1376.pdf,18782,,1,0,0,0
CuxBi2Se3_1801.10343.pdf,64793,,0,0,0,0
Sr2RuO4_0712.0286.pdf,13226,,0,0,0,0
YBa2Cu3O7_0406087.pdf,18737,cuprate,0,0,0,0
YBa2Cu3O7_0607648.pdf,22808,cuprate,0,0,0,0
FeSe1-xTex_2110.10426.pdf,31822,iron_chalcogenide_11;cuprate,0,0,0,0
Nd2-xCexCuO4_1810.04634.pdf,59087,MgB2_class;cuprate;iron_pnictide_1111,1,0,0,0
Sr2RuO4_0305063.pdf,36377,cuprate,1,0,0,0
Bi2Sr2CaCu2O8_2504.12028.pdf,30787,cuprate,0,0,0,0
Bi2Sr2Ca2Cu3O10_0802.2617.pdf,41194,cuprate,0,0,0,0
YBa2Cu3O7_1211.5895.pdf,10271,cuprate,0,0,0,0
La1.85Sr0.15CuO4_1206.2776.pdf,25556,cuprate,1,0,0,0
FeSe1-xTex_1012.1404.pdf,12668,iron_chalcogenide_11,0,1,0,0
YBa2Cu3O7_0401452.pdf,38527,cuprate,0,0,0,0
Bi2Sr2CaCu2O8_2512.10119.pdf,24972,cuprate,0,0,0,0
Bi2Sr2Ca2Cu3O10_0909.1628.pdf,13606,cuprate,0,1,0,0
URu2Si2_1108.4638.pdf,18789,,1,0,0,0
FeSe_1603.06917.pdf,20392,iron_chalcogenide_11;MgB2_class;cuprate,1,0,0,0
FeSe_2310.19241.pdf,35384,iron_chalcogenide_11,1,0,0,0
Bi2Sr2Ca2Cu3O10_2202.03781.pdf,55851,iron_chalcogenide_11;cuprate,0,0,0,0
CuxBi2Se3_1711.03265.pdf,37778,,1,0,0,0
Bi2Sr2CaCu2O8_1305.1269.pdf,30487,iron_chalcogenide_11;cuprate,0,0,0,0
Bi2Sr2Ca2Cu3O10_0308343.pdf,40079,cuprate,0,1,0,0
Sr2RuO4_0510553.pdf,23465,,0,0,0,0
FeSe_1201.0953.pdf,64412,iron_chalcogenide_11;iron_pnictide_122;cuprate;iron_pnictide_1111,1,0,0,0
FeSe_2511.19054.pdf,25665,iron_chalcogenide_11;cuprate,0,1,0,0
Bi2Sr2CaCu2O8_0003143.pdf,20727,cuprate,1,0,0,0
FeSe_1501.07346.pdf,65267,iron_chalcogenide_11;iron_pnictide_122;MgB2_class;cuprate;iron_pnictide_1111,1,1,1,0
Sr2RuO4_0210537.pdf,21901,,1,0,0,0
Bi2Sr2CaCu2O8_0406743.pdf,12703,MgB2_class;cuprate,0,0,0,0
Sr2RuO4_1004.5449.pdf,27515,cuprate,0,0,0,0
CuxBi2Se3_2102.02003.pdf,31530,iron_chalcogenide_11,1,0,0,0
Bi2Sr2CaCu2O8_9805378.pdf,23625,cuprate,0,1,0,0
YBa2Cu3O7_0303296.pdf,24269,cuprate,0,0,0,0
YBa2Cu3O7_1407.4304.pdf,7367,cuprate,0,0,0,0
FeSe_1108.0407.pdf,19708,iron_chalcogenide_11,0,0,0,0
FeSe1-xTex_1502.04284.pdf,33487,iron_chalcogenide_11;iron_pnictide_122;cuprate,0,1,0,0
YBa2Cu3O7_0605613.pdf,52742,cuprate,1,1,1,0
Bi2Sr2CaCu2O8_0501664.pdf,20357,cuprate,0,0,0,0
Bi2Sr2CaCu2O8_0602672.pdf,35367,cuprate,0,0,0,0
CuxBi2Se3_1806.09394.pdf,32448,,0,0,0,0
Bi2Sr2CaCu2O8_0412424.pdf,32892,cuprate,0,0,0,0
Sr2RuO4_0607151.pdf,41515,cuprate,1,0,0,0
Bi2Sr2CaCu2O8_0005393.pdf,19487,cuprate,0,1,0,0
Sr2RuO4_0906.2513.pdf,28630,,1,0,0,0
Bi2Sr2Ca2Cu3O10_1304.2844.pdf,18053,cuprate,0,0,0,0
Bi2Sr2Ca2Cu3O10_0208333.pdf,14845,cuprate,0,0,0,0
FeSe1-xTex_2510.00575.pdf,32501,iron_chalcogenide_11;cuprate,0,0,0,0
YBa2Cu3O7_0305020.pdf,49459,cuprate,0,0,0,0
FeSe_1606.08201.pdf,31663,iron_chalcogenide_11;MgB2_class;cuprate;iron_pnictide_1111,1,0,0,0
Bi2Sr2Ca2Cu3O10_1409.8216.pdf,45177,cuprate,0,0,0,0
YBa2Cu3O7_0802.0595.pdf,13607,cuprate,0,0,0,0
Sr2RuO4_1308.2460.pdf,42022,,0,0,0,0
FeSe_1204.1549.pdf,23280,iron_chalcogenide_11;iron_pnictide_122;MgB2_class;iron_pnictide_1111,1,0,0,0
Bi2Sr2CaCu2O8_9903134.pdf,15847,cuprate,0,0,0,0
Bi2Sr2CaCu2O8_2102.11460.pdf,35596,cuprate,0,1,0,0
FeSe_1411.3664.pdf,14349,iron_chalcogenide_11,1,0,0,0
Sr2RuO4_1002.4793.pdf,15740,,0,0,0,0
FeSe_2303.00846.pdf,60025,iron_chalcogenide_11,0,0,0,0
FeSe_1511.05760.pdf,20352,iron_chalcogenide_11;iron_pnictide_122;cuprate,1,1,1,0
