pdf_name,page,mp_formula,compound_raw,log_Jc,temperature_K,field_T,Tc_K,Hc2_T_lit
0003253v2.pdf,2,KBa2Bi2O7,T = 5 K,5.0,5.0,0.0,31.0,25.0
0003253v2.pdf,2,KBa2Bi2O7,T = 5 K,4.977723605288848,5.0,1.0,31.0,25.0
0003253v2.pdf,2,KBa2Bi2O7,T = 5 K,4.954242509439325,5.0,2.0,31.0,25.0
0003253v2.pdf,2,KBa2Bi2O7,T = 5 K,4.929418925714293,5.0,3.0,31.0,25.0
0003253v2.pdf,2,KBa2Bi2O7,T = 5 K,4.903089986991944,5.0,4.0,31.0,25.0
0003253v2.pdf,2,KBa2Bi2O7,T = 5 K,4.8750612633917,5.0,5.0,31.0,25.0
0003253v2.pdf,2,KBa2Bi2O7,T = 5 K,4.845098040014257,5.0,6.0,31.0,25.0
0003253v2.pdf,2,KBa2Bi2O7,T = 5 K,4.812913356642856,5.0,7.0,31.0,25.0
0003253v2.pdf,2,KBa2Bi2O7,T = 5 K,4.778151250383644,5.0,8.0,31.0,25.0
0003253v2.pdf,2,KBa2Bi2O7,T = 5 K,4.740362689494244,5.0,9.0,31.0,25.0
0003253v2.pdf,2,KBa2Bi2O7,T = 5 K,4.698970004336019,5.0,10.0,31.0,25.0
0003253v2.pdf,2,KBa2Bi2O7,T = 10 K,4.954242509439325,10.0,0.0,31.0,25.0
0003253v2.pdf,2,KBa2Bi2O7,T = 10 K,4.929418925714293,10.0,1.0,31.0,25.0
0003253v2.pdf,2,KBa2Bi2O7,T = 10 K,4.903089986991944,10.0,2.0,31.0,25.0
0003253v2.pdf,2,KBa2Bi2O7,T = 10 K,4.8750612633917,10.0,3.0,31.0,25.0
0003253v2.pdf,2,KBa2Bi2O7,T = 10 K,4.845098040014257,10.0,4.0,31.0,25.0
0003253v2.pdf,2,KBa2Bi2O7,T = 10 K,4.812913356642856,10.0,5.0,31.0,25.0
0003253v2.pdf,2,KBa2Bi2O7,T = 10 K,4.778151250383644,10.0,6.0,31.0,25.0
0003253v2.pdf,2,KBa2Bi2O7,T = 10 K,4.740362689494244,10.0,7.0,31.0,25.0
0003253v2.pdf,2,KBa2Bi2O7,T = 10 K,4.698970004336019,10.0,8.0,31.0,25.0
0003253v2.pdf,2,KBa2Bi2O7,T = 10 K,4.653212513775344,10.0,9.0,31.0,25.0
0003253v2.pdf,2,KBa2Bi2O7,T = 10 K,4.6020599913279625,10.0,10.0,31.0,25.0
0003253v2.pdf,2,KBa2Bi2O7,T = 15 K,4.903089986991944,15.0,0.0,31.0,25.0
0003253v2.pdf,2,KBa2Bi2O7,T = 15 K,4.8750612633917,15.0,1.0,31.0,25.0
0003253v2.pdf,2,KBa2Bi2O7,T = 15 K,4.845098040014257,15.0,2.0,31.0,25.0
0003253v2.pdf,2,KBa2Bi2O7,T = 15 K,4.812913356642856,15.0,3.0,31.0,25.0
0003253v2.pdf,2,KBa2Bi2O7,T = 15 K,4.778151250383644,15.0,4.0,31.0,25.0
0003253v2.pdf,2,KBa2Bi2O7,T = 15 K,4.740362689494244,15.0,5.0,31.0,25.0
0003253v2.pdf,2,KBa2Bi2O7,T = 15 K,4.698970004336019,15.0,6.0,31.0,25.0
0003253v2.pdf,2,KBa2Bi2O7,T = 15 K,4.653212513775344,15.0,7.0,31.0,25.0
0003253v2.pdf,2,KBa2Bi2O7,T = 15 K,4.6020599913279625,15.0,8.0,31.0,25.0
0003253v2.pdf,2,KBa2Bi2O7,T = 15 K,4.544068044350276,15.0,9.0,31.0,25.0
0003253v2.pdf,2,KBa2Bi2O7,T = 15 K,4.477121254719663,15.0,10.0,31.0,25.0
0003253v2.pdf,2,KBa2Bi2O7,T = 20 K,4.845098040014257,20.0,0.0,31.0,25.0
0003253v2.pdf,2,KBa2Bi2O7,T = 20 K,4.812913356642856,20.0,1.0,31.0,25.0
0003253v2.pdf,2,KBa2Bi2O7,T = 20 K,4.778151250383644,20.0,2.0,31.0,25.0
0003253v2.pdf,2,KBa2Bi2O7,T = 20 K,4.740362689494244,20.0,3.0,31.0,25.0
0003253v2.pdf,2,KBa2Bi2O7,T = 20 K,4.698970004336019,20.0,4.0,31.0,25.0
0003253v2.pdf,2,KBa2Bi2O7,T = 20 K,4.653212513775344,20.0,5.0,31.0,25.0
0003253v2.pdf,2,KBa2Bi2O7,T = 20 K,4.6020599913279625,20.0,6.0,31.0,25.0
0003253v2.pdf,2,KBa2Bi2O7,T = 20 K,4.544068044350276,20.0,7.0,31.0,25.0
0003253v2.pdf,2,KBa2Bi2O7,T = 20 K,4.477121254719663,20.0,8.0,31.0,25.0
0003253v2.pdf,2,KBa2Bi2O7,T = 20 K,4.3979400086720375,20.0,9.0,31.0,25.0
0003253v2.pdf,2,KBa2Bi2O7,T = 20 K,4.301029995663981,20.0,10.0,31.0,25.0
0003253v2.pdf,2,KBa2Bi2O7,T = 25 K,4.778151250383644,25.0,0.0,31.0,25.0
0003253v2.pdf,2,KBa2Bi2O7,T = 25 K,4.740362689494244,25.0,1.0,31.0,25.0
0003253v2.pdf,2,KBa2Bi2O7,T = 25 K,4.698970004336019,25.0,2.0,31.0,25.0
0003253v2.pdf,2,KBa2Bi2O7,T = 25 K,4.653212513775344,25.0,3.0,31.0,25.0
0003253v2.pdf,2,KBa2Bi2O7,T = 25 K,4.6020599913279625,25.0,4.0,31.0,25.0
0003253v2.pdf,2,KBa2Bi2O7,T = 25 K,4.544068044350276,25.0,5.0,31.0,25.0
0003253v2.pdf,2,KBa2Bi2O7,T = 25 K,4.477121254719663,25.0,6.0,31.0,25.0
0003253v2.pdf,2,KBa2Bi2O7,T = 25 K,4.3979400086720375,25.0,7.0,31.0,25.0
0003253v2.pdf,2,KBa2Bi2O7,T = 25 K,4.301029995663981,25.0,8.0,31.0,25.0
0003253v2.pdf,2,KBa2Bi2O7,T = 25 K,4.176091259055681,25.0,9.0,31.0,25.0
0003253v2.pdf,2,KBa2Bi2O7,T = 25 K,4.0,25.0,10.0,31.0,25.0
0104236v1.pdf,11,MgB2,MgB2 4.2 K,5.0,4.2,0.0,39.0,16.0
0104236v1.pdf,11,MgB2,MgB2 4.2 K,4.954242509439325,4.2,0.15,39.0,16.0
0104236v1.pdf,11,MgB2,MgB2 4.2 K,4.903089986991944,4.2,0.3,39.0,16.0
0104236v1.pdf,11,MgB2,MgB2 4.2 K,4.845098040014257,4.2,0.45,39.0,16.0
0104236v1.pdf,11,MgB2,MgB2 4.2 K,4.778151250383644,4.2,0.6,39.0,16.0
0104236v1.pdf,11,MgB2,MgB2 4.2 K,4.698970004336019,4.2,0.75,39.0,16.0
0104236v1.pdf,11,MgB2,MgB2 4.2 K,4.6020599913279625,4.2,0.9,39.0,16.0
0104236v1.pdf,11,MgB2,MgB2 4.2 K,4.477121254719663,4.2,1.05,39.0,16.0
0104236v1.pdf,11,MgB2,MgB2 4.2 K,4.301029995663981,4.2,1.2,39.0,16.0
0104236v1.pdf,11,MgB2,MgB2 4.2 K,4.176091259055681,4.2,1.35,39.0,16.0
0104236v1.pdf,11,MgB2,MgB2 4.2 K,4.0,4.2,1.5,39.0,16.0
0104236v1.pdf,11,MgB2,MgB2 20 K,4.698970004336019,20.0,0.0,39.0,16.0
0104236v1.pdf,11,MgB2,MgB2 20 K,4.653212513775344,20.0,0.15,39.0,16.0
0104236v1.pdf,11,MgB2,MgB2 20 K,4.6020599913279625,20.0,0.3,39.0,16.0
0104236v1.pdf,11,MgB2,MgB2 20 K,4.544068044350276,20.0,0.45,39.0,16.0
0104236v1.pdf,11,MgB2,MgB2 20 K,4.477121254719663,20.0,0.6,39.0,16.0
0104236v1.pdf,11,MgB2,MgB2 20 K,4.3979400086720375,20.0,0.75,39.0,16.0
0104236v1.pdf,11,MgB2,MgB2 20 K,4.301029995663981,20.0,0.9,39.0,16.0
0104236v1.pdf,11,MgB2,MgB2 20 K,4.176091259055681,20.0,1.05,39.0,16.0
0104236v1.pdf,11,MgB2,MgB2 20 K,4.079181246047625,20.0,1.2,39.0,16.0
0104236v1.pdf,11,MgB2,MgB2 20 K,4.0,20.0,1.35,39.0,16.0
0104236v1.pdf,11,MgB2,MgB2 20 K,3.903089986991944,20.0,1.5,39.0,16.0
0104249v3.pdf,16,MgB2,2 K,7.204119982655925,2.0,0.01,39.0,16.0
0104249v3.pdf,16,MgB2,2 K,7.176091259055681,2.0,0.02,39.0,16.0
0104249v3.pdf,16,MgB2,2 K,7.146128035678238,2.0,0.03,39.0,16.0
0104249v3.pdf,16,MgB2,2 K,7.113943352306837,2.0,0.04,39.0,16.0
0104249v3.pdf,16,MgB2,2 K,7.079181246047625,2.0,0.05,39.0,16.0
0104249v3.pdf,16,MgB2,2 K,7.041392685158225,2.0,0.06,39.0,16.0
0104249v3.pdf,16,MgB2,2 K,7.0,2.0,0.07,39.0,16.0
0104249v3.pdf,16,MgB2,2 K,6.954242509439325,2.0,0.08,39.0,16.0
0104249v3.pdf,16,MgB2,2 K,6.903089986991944,2.0,0.09,39.0,16.0
0104249v3.pdf,16,MgB2,2 K,6.845098040014257,2.0,0.1,39.0,16.0
0104249v3.pdf,16,MgB2,2 K,6.778151250383644,2.0,0.2,39.0,16.0
0104249v3.pdf,16,MgB2,2 K,6.698970004336019,2.0,0.3,39.0,16.0
0104249v3.pdf,16,MgB2,2 K,6.6020599913279625,2.0,0.4,39.0,16.0
0104249v3.pdf,16,MgB2,2 K,6.477121254719663,2.0,0.5,39.0,16.0
0104249v3.pdf,16,MgB2,2 K,6.301029995663981,2.0,0.6,39.0,16.0
0104249v3.pdf,16,MgB2,2 K,6.0,2.0,0.7,39.0,16.0
0104249v3.pdf,16,MgB2,2 K,5.698970004336019,2.0,0.8,39.0,16.0
0104249v3.pdf,16,MgB2,2 K,5.301029995663981,2.0,0.9,39.0,16.0
0104249v3.pdf,16,MgB2,2 K,5.0,2.0,1.0,39.0,16.0
0104249v3.pdf,16,MgB2,4 K,7.176091259055681,4.0,0.01,39.0,16.0
0104249v3.pdf,16,MgB2,4 K,7.146128035678238,4.0,0.02,39.0,16.0
0104249v3.pdf,16,MgB2,4 K,7.113943352306837,4.0,0.03,39.0,16.0
0104249v3.pdf,16,MgB2,4 K,7.079181246047625,4.0,0.04,39.0,16.0
0104249v3.pdf,16,MgB2,4 K,7.041392685158225,4.0,0.05,39.0,16.0
0104249v3.pdf,16,MgB2,4 K,7.0,4.0,0.06,39.0,16.0
0104249v3.pdf,16,MgB2,4 K,6.954242509439325,4.0,0.07,39.0,16.0
0104249v3.pdf,16,MgB2,4 K,6.903089986991944,4.0,0.08,39.0,16.0
0104249v3.pdf,16,MgB2,4 K,6.845098040014257,4.0,0.09,39.0,16.0
0104249v3.pdf,16,MgB2,4 K,6.778151250383644,4.0,0.1,39.0,16.0
0104249v3.pdf,16,MgB2,4 K,6.698970004336019,4.0,0.2,39.0,16.0
0104249v3.pdf,16,MgB2,4 K,6.6020599913279625,4.0,0.3,39.0,16.0
0104249v3.pdf,16,MgB2,4 K,6.477121254719663,4.0,0.4,39.0,16.0
0104249v3.pdf,16,MgB2,4 K,6.301029995663981,4.0,0.5,39.0,16.0
0104249v3.pdf,16,MgB2,4 K,6.0,4.0,0.6,39.0,16.0
0104249v3.pdf,16,MgB2,4 K,5.698970004336019,4.0,0.7,39.0,16.0
0104249v3.pdf,16,MgB2,4 K,5.301029995663981,4.0,0.8,39.0,16.0
0104249v3.pdf,16,MgB2,4 K,5.0,4.0,0.9,39.0,16.0
0104249v3.pdf,16,MgB2,4 K,4.698970004336019,4.0,1.0,39.0,16.0
0104249v3.pdf,16,MgB2,6 K,7.146128035678238,6.0,0.01,39.0,16.0
0104249v3.pdf,16,MgB2,6 K,7.113943352306837,6.0,0.02,39.0,16.0
0104249v3.pdf,16,MgB2,6 K,7.079181246047625,6.0,0.03,39.0,16.0
0104249v3.pdf,16,MgB2,6 K,7.041392685158225,6.0,0.04,39.0,16.0
0104249v3.pdf,16,MgB2,6 K,7.0,6.0,0.05,39.0,16.0
0104249v3.pdf,16,MgB2,6 K,6.954242509439325,6.0,0.06,39.0,16.0
0104249v3.pdf,16,MgB2,6 K,6.903089986991944,6.0,0.07,39.0,16.0
0104249v3.pdf,16,MgB2,6 K,6.845098040014257,6.0,0.08,39.0,16.0
0104249v3.pdf,16,MgB2,6 K,6.778151250383644,6.0,0.09,39.0,16.0
0104249v3.pdf,16,MgB2,6 K,6.698970004336019,6.0,0.1,39.0,16.0
0104249v3.pdf,16,MgB2,6 K,6.6020599913279625,6.0,0.2,39.0,16.0
0104249v3.pdf,16,MgB2,6 K,6.477121254719663,6.0,0.3,39.0,16.0
0104249v3.pdf,16,MgB2,6 K,6.301029995663981,6.0,0.4,39.0,16.0
0104249v3.pdf,16,MgB2,6 K,6.0,6.0,0.5,39.0,16.0
0104249v3.pdf,16,MgB2,6 K,5.698970004336019,6.0,0.6,39.0,16.0
0104249v3.pdf,16,MgB2,6 K,5.301029995663981,6.0,0.7,39.0,16.0
0104249v3.pdf,16,MgB2,6 K,5.0,6.0,0.8,39.0,16.0
0104249v3.pdf,16,MgB2,6 K,4.698970004336019,6.0,0.9,39.0,16.0
0104249v3.pdf,16,MgB2,6 K,4.301029995663981,6.0,1.0,39.0,16.0
0104249v3.pdf,16,MgB2,8 K,7.113943352306837,8.0,0.01,39.0,16.0
0104249v3.pdf,16,MgB2,8 K,7.079181246047625,8.0,0.02,39.0,16.0
0104249v3.pdf,16,MgB2,8 K,7.041392685158225,8.0,0.03,39.0,16.0
0104249v3.pdf,16,MgB2,8 K,7.0,8.0,0.04,39.0,16.0
0104249v3.pdf,16,MgB2,8 K,6.954242509439325,8.0,0.05,39.0,16.0
0104249v3.pdf,16,MgB2,8 K,6.903089986991944,8.0,0.06,39.0,16.0
0104249v3.pdf,16,MgB2,8 K,6.845098040014257,8.0,0.07,39.0,16.0
0104249v3.pdf,16,MgB2,8 K,6.778151250383644,8.0,0.08,39.0,16.0
0104249v3.pdf,16,MgB2,8 K,6.698970004336019,8.0,0.09,39.0,16.0
0104249v3.pdf,16,MgB2,8 K,6.6020599913279625,8.0,0.1,39.0,16.0
0104249v3.pdf,16,MgB2,8 K,6.477121254719663,8.0,0.2,39.0,16.0
0104249v3.pdf,16,MgB2,8 K,6.301029995663981,8.0,0.3,39.0,16.0
0104249v3.pdf,16,MgB2,8 K,6.0,8.0,0.4,39.0,16.0
0104249v3.pdf,16,MgB2,8 K,5.698970004336019,8.0,0.5,39.0,16.0
0104249v3.pdf,16,MgB2,8 K,5.301029995663981,8.0,0.6,39.0,16.0
0104249v3.pdf,16,MgB2,8 K,5.0,8.0,0.7,39.0,16.0
0104249v3.pdf,16,MgB2,8 K,4.698970004336019,8.0,0.8,39.0,16.0
0104249v3.pdf,16,MgB2,8 K,4.301029995663981,8.0,0.9,39.0,16.0
0104249v3.pdf,16,MgB2,8 K,4.0,8.0,1.0,39.0,16.0
0104249v3.pdf,16,MgB2,10 K,7.079181246047625,10.0,0.01,39.0,16.0
0104249v3.pdf,16,MgB2,10 K,7.041392685158225,10.0,0.02,39.0,16.0
0104249v3.pdf,16,MgB2,10 K,7.0,10.0,0.03,39.0,16.0
0104249v3.pdf,16,MgB2,10 K,6.954242509439325,10.0,0.04,39.0,16.0
0104249v3.pdf,16,MgB2,10 K,6.903089986991944,10.0,0.05,39.0,16.0
0104249v3.pdf,16,MgB2,10 K,6.845098040014257,10.0,0.06,39.0,16.0
0104249v3.pdf,16,MgB2,10 K,6.778151250383644,10.0,0.07,39.0,16.0
0104249v3.pdf,16,MgB2,10 K,6.698970004336019,10.0,0.08,39.0,16.0
0104249v3.pdf,16,MgB2,10 K,6.6020599913279625,10.0,0.09,39.0,16.0
0104249v3.pdf,16,MgB2,10 K,6.477121254719663,10.0,0.1,39.0,16.0
0104249v3.pdf,16,MgB2,10 K,6.301029995663981,10.0,0.2,39.0,16.0
0104249v3.pdf,16,MgB2,10 K,6.0,10.0,0.3,39.0,16.0
0104249v3.pdf,16,MgB2,10 K,5.698970004336019,10.0,0.4,39.0,16.0
0104249v3.pdf,16,MgB2,10 K,5.301029995663981,10.0,0.5,39.0,16.0
0104249v3.pdf,16,MgB2,10 K,5.0,10.0,0.6,39.0,16.0
0104249v3.pdf,16,MgB2,10 K,4.698970004336019,10.0,0.7,39.0,16.0
0104249v3.pdf,16,MgB2,10 K,4.301029995663981,10.0,0.8,39.0,16.0
0104249v3.pdf,16,MgB2,10 K,4.0,10.0,0.9,39.0,16.0
0104249v3.pdf,16,MgB2,10 K,3.6989700043360174,10.0,1.0,39.0,16.0
0104249v3.pdf,16,MgB2,14 K,7.041392685158225,14.0,0.01,39.0,16.0
0104249v3.pdf,16,MgB2,14 K,7.0,14.0,0.02,39.0,16.0
0104249v3.pdf,16,MgB2,14 K,6.954242509439325,14.0,0.03,39.0,16.0
0104249v3.pdf,16,MgB2,14 K,6.903089986991944,14.0,0.04,39.0,16.0
0104249v3.pdf,16,MgB2,14 K,6.845098040014257,14.0,0.05,39.0,16.0
0104249v3.pdf,16,MgB2,14 K,6.778151250383644,14.0,0.06,39.0,16.0
0104249v3.pdf,16,MgB2,14 K,6.698970004336019,14.0,0.07,39.0,16.0
0104249v3.pdf,16,MgB2,14 K,6.6020599913279625,14.0,0.08,39.0,16.0
0104249v3.pdf,16,MgB2,14 K,6.477121254719663,14.0,0.09,39.0,16.0
0104249v3.pdf,16,MgB2,14 K,6.301029995663981,14.0,0.1,39.0,16.0
0104249v3.pdf,16,MgB2,14 K,6.0,14.0,0.2,39.0,16.0
0104249v3.pdf,16,MgB2,14 K,5.698970004336019,14.0,0.3,39.0,16.0
0104249v3.pdf,16,MgB2,14 K,5.301029995663981,14.0,0.4,39.0,16.0
0104249v3.pdf,16,MgB2,14 K,5.0,14.0,0.5,39.0,16.0
0104249v3.pdf,16,MgB2,14 K,4.698970004336019,14.0,0.6,39.0,16.0
0104249v3.pdf,16,MgB2,14 K,4.301029995663981,14.0,0.7,39.0,16.0
0104249v3.pdf,16,MgB2,14 K,4.0,14.0,0.8,39.0,16.0
0104249v3.pdf,16,MgB2,14 K,3.6989700043360174,14.0,0.9,39.0,16.0
0104249v3.pdf,16,MgB2,14 K,3.3010299956639813,14.0,1.0,39.0,16.0
0104249v3.pdf,16,MgB2,18 K,7.0,18.0,0.01,39.0,16.0
0104249v3.pdf,16,MgB2,18 K,6.954242509439325,18.0,0.02,39.0,16.0
0104249v3.pdf,16,MgB2,18 K,6.903089986991944,18.0,0.03,39.0,16.0
0104249v3.pdf,16,MgB2,18 K,6.845098040014257,18.0,0.04,39.0,16.0
0104249v3.pdf,16,MgB2,18 K,6.778151250383644,18.0,0.05,39.0,16.0
0104249v3.pdf,16,MgB2,18 K,6.698970004336019,18.0,0.06,39.0,16.0
0104249v3.pdf,16,MgB2,18 K,6.6020599913279625,18.0,0.07,39.0,16.0
0104249v3.pdf,16,MgB2,18 K,6.477121254719663,18.0,0.08,39.0,16.0
0104249v3.pdf,16,MgB2,18 K,6.301029995663981,18.0,0.09,39.0,16.0
0104249v3.pdf,16,MgB2,18 K,6.0,18.0,0.1,39.0,16.0
0104249v3.pdf,16,MgB2,18 K,5.698970004336019,18.0,0.2,39.0,16.0
0104249v3.pdf,16,MgB2,18 K,5.301029995663981,18.0,0.3,39.0,16.0
0104249v3.pdf,16,MgB2,18 K,5.0,18.0,0.4,39.0,16.0
0104249v3.pdf,16,MgB2,18 K,4.698970004336019,18.0,0.5,39.0,16.0
0104249v3.pdf,16,MgB2,18 K,4.301029995663981,18.0,0.6,39.0,16.0
0104249v3.pdf,16,MgB2,18 K,4.0,18.0,0.7,39.0,16.0
0104249v3.pdf,16,MgB2,18 K,3.6989700043360174,18.0,0.8,39.0,16.0
0104249v3.pdf,16,MgB2,18 K,3.3010299956639813,18.0,0.9,39.0,16.0
0104249v3.pdf,16,MgB2,18 K,3.0,18.0,1.0,39.0,16.0
0104249v3.pdf,16,MgB2,22 K,6.954242509439325,22.0,0.01,39.0,16.0
0104249v3.pdf,16,MgB2,22 K,6.903089986991944,22.0,0.02,39.0,16.0
0104249v3.pdf,16,MgB2,22 K,6.845098040014257,22.0,0.03,39.0,16.0
0104249v3.pdf,16,MgB2,22 K,6.778151250383644,22.0,0.04,39.0,16.0
0104249v3.pdf,16,MgB2,22 K,6.698970004336019,22.0,0.05,39.0,16.0
0104249v3.pdf,16,MgB2,22 K,6.6020599913279625,22.0,0.06,39.0,16.0
0104249v3.pdf,16,MgB2,22 K,6.477121254719663,22.0,0.07,39.0,16.0
0104249v3.pdf,16,MgB2,22 K,6.301029995663981,22.0,0.08,39.0,16.0
0104249v3.pdf,16,MgB2,22 K,6.0,22.0,0.09,39.0,16.0
0104249v3.pdf,16,MgB2,22 K,5.698970004336019,22.0,0.1,39.0,16.0
0104249v3.pdf,16,MgB2,22 K,5.301029995663981,22.0,0.2,39.0,16.0
0104249v3.pdf,16,MgB2,22 K,5.0,22.0,0.3,39.0,16.0
0104249v3.pdf,16,MgB2,22 K,4.698970004336019,22.0,0.4,39.0,16.0
0104249v3.pdf,16,MgB2,22 K,4.301029995663981,22.0,0.5,39.0,16.0
0104249v3.pdf,16,MgB2,22 K,4.0,22.0,0.6,39.0,16.0
0104249v3.pdf,16,MgB2,22 K,3.6989700043360174,22.0,0.7,39.0,16.0
0104249v3.pdf,16,MgB2,22 K,3.3010299956639813,22.0,0.8,39.0,16.0
0104249v3.pdf,16,MgB2,22 K,3.0,22.0,0.9,39.0,16.0
0104249v3.pdf,16,MgB2,22 K,2.6989700043360187,22.0,1.0,39.0,16.0
0107109v1.pdf,9,SrLaCuO4,5 K,6.903089986991944,5.0,1.0,40.0,50.0
0107109v1.pdf,9,SrLaCuO4,5 K,6.8750612633917,5.0,1.2,40.0,50.0
0107109v1.pdf,9,SrLaCuO4,5 K,6.845098040014257,5.0,1.4,40.0,50.0
0107109v1.pdf,9,SrLaCuO4,5 K,6.812913356642856,5.0,1.6,40.0,50.0
0107109v1.pdf,9,SrLaCuO4,5 K,6.778151250383644,5.0,1.8,40.0,50.0
0107109v1.pdf,9,SrLaCuO4,5 K,6.740362689494244,5.0,2.0,40.0,50.0
0107109v1.pdf,9,SrLaCuO4,5 K,6.698970004336019,5.0,2.2,40.0,50.0
0107109v1.pdf,9,SrLaCuO4,5 K,6.653212513775344,5.0,2.4,40.0,50.0
0107109v1.pdf,9,SrLaCuO4,5 K,6.6020599913279625,5.0,2.6,40.0,50.0
0107109v1.pdf,9,SrLaCuO4,5 K,6.544068044350276,5.0,2.8,40.0,50.0
0107109v1.pdf,9,SrLaCuO4,5 K,6.477121254719663,5.0,3.0,40.0,50.0
0107109v1.pdf,9,SrLaCuO4,5 K,6.3979400086720375,5.0,3.2,40.0,50.0
0107109v1.pdf,9,SrLaCuO4,5 K,6.301029995663981,5.0,3.4,40.0,50.0
0107109v1.pdf,9,SrLaCuO4,5 K,6.176091259055681,5.0,3.6,40.0,50.0
0107109v1.pdf,9,SrLaCuO4,5 K,6.0,5.0,3.8,40.0,50.0
0107109v1.pdf,9,SrLaCuO4,5 K,5.903089986991944,5.0,4.0,40.0,50.0
0107109v1.pdf,9,SrLaCuO4,5 K,5.778151250383644,5.0,4.2,40.0,50.0
0107109v1.pdf,9,SrLaCuO4,5 K,5.6020599913279625,5.0,4.4,40.0,50.0
0107109v1.pdf,9,SrLaCuO4,5 K,5.301029995663981,5.0,4.6,40.0,50.0
0107109v1.pdf,9,SrLaCuO4,5 K,5.0,5.0,4.8,40.0,50.0
0107109v1.pdf,9,SrLaCuO4,10 K,6.845098040014257,10.0,1.0,40.0,50.0
0107109v1.pdf,9,SrLaCuO4,10 K,6.812913356642856,10.0,1.2,40.0,50.0
0107109v1.pdf,9,SrLaCuO4,10 K,6.778151250383644,10.0,1.4,40.0,50.0
0107109v1.pdf,9,SrLaCuO4,10 K,6.740362689494244,10.0,1.6,40.0,50.0
0107109v1.pdf,9,SrLaCuO4,10 K,6.698970004336019,10.0,1.8,40.0,50.0
0107109v1.pdf,9,SrLaCuO4,10 K,6.653212513775344,10.0,2.0,40.0,50.0
0107109v1.pdf,9,SrLaCuO4,10 K,6.6020599913279625,10.0,2.2,40.0,50.0
0107109v1.pdf,9,SrLaCuO4,10 K,6.544068044350276,10.0,2.4,40.0,50.0
0107109v1.pdf,9,SrLaCuO4,10 K,6.477121254719663,10.0,2.6,40.0,50.0
0107109v1.pdf,9,SrLaCuO4,10 K,6.3979400086720375,10.0,2.8,40.0,50.0
0107109v1.pdf,9,SrLaCuO4,10 K,6.301029995663981,10.0,3.0,40.0,50.0
0107109v1.pdf,9,SrLaCuO4,10 K,6.176091259055681,10.0,3.2,40.0,50.0
0107109v1.pdf,9,SrLaCuO4,10 K,6.0,10.0,3.4,40.0,50.0
0107109v1.pdf,9,SrLaCuO4,10 K,5.903089986991944,10.0,3.6,40.0,50.0
0107109v1.pdf,9,SrLaCuO4,10 K,5.778151250383644,10.0,3.8,40.0,50.0
0107109v1.pdf,9,SrLaCuO4,10 K,5.6020599913279625,10.0,4.0,40.0,50.0
0107109v1.pdf,9,SrLaCuO4,10 K,5.301029995663981,10.0,4.2,40.0,50.0
0107109v1.pdf,9,SrLaCuO4,10 K,5.0,10.0,4.4,40.0,50.0
0107109v1.pdf,9,SrLaCuO4,10 K,4.903089986991944,10.0,4.6,40.0,50.0
0107109v1.pdf,9,SrLaCuO4,10 K,4.778151250383644,10.0,4.8,40.0,50.0
0107109v1.pdf,9,SrLaCuO4,20 K,6.778151250383644,20.0,1.0,40.0,50.0
0107109v1.pdf,9,SrLaCuO4,20 K,6.740362689494244,20.0,1.2,40.0,50.0
0107109v1.pdf,9,SrLaCuO4,20 K,6.698970004336019,20.0,1.4,40.0,50.0
0107109v1.pdf,9,SrLaCuO4,20 K,6.653212513775344,20.0,1.6,40.0,50.0
0107109v1.pdf,9,SrLaCuO4,20 K,6.6020599913279625,20.0,1.8,40.0,50.0
0107109v1.pdf,9,SrLaCuO4,20 K,6.544068044350276,20.0,2.0,40.0,50.0
0107109v1.pdf,9,SrLaCuO4,20 K,6.477121254719663,20.0,2.2,40.0,50.0
0107109v1.pdf,9,SrLaCuO4,20 K,6.3979400086720375,20.0,2.4,40.0,50.0
0107109v1.pdf,9,SrLaCuO4,20 K,6.301029995663981,20.0,2.6,40.0,50.0
0107109v1.pdf,9,SrLaCuO4,20 K,6.176091259055681,20.0,2.8,40.0,50.0
0107109v1.pdf,9,SrLaCuO4,20 K,6.0,20.0,3.0,40.0,50.0
0107109v1.pdf,9,SrLaCuO4,20 K,5.903089986991944,20.0,3.2,40.0,50.0
0107109v1.pdf,9,SrLaCuO4,20 K,5.778151250383644,20.0,3.4,40.0,50.0
0107109v1.pdf,9,SrLaCuO4,20 K,5.6020599913279625,20.0,3.6,40.0,50.0
0107109v1.pdf,9,SrLaCuO4,20 K,5.301029995663981,20.0,3.8,40.0,50.0
0107109v1.pdf,9,SrLaCuO4,20 K,5.0,20.0,4.0,40.0,50.0
0107109v1.pdf,9,SrLaCuO4,20 K,4.903089986991944,20.0,4.2,40.0,50.0
0107109v1.pdf,9,SrLaCuO4,20 K,4.778151250383644,20.0,4.4,40.0,50.0
0107109v1.pdf,9,SrLaCuO4,20 K,4.6020599913279625,20.0,4.6,40.0,50.0
0107109v1.pdf,9,SrLaCuO4,20 K,4.301029995663981,20.0,4.8,40.0,50.0
0107109v1.pdf,9,SrLaCuO4,30 K,6.698970004336019,30.0,1.0,40.0,50.0
0107109v1.pdf,9,SrLaCuO4,30 K,6.653212513775344,30.0,1.2,40.0,50.0
0107109v1.pdf,9,SrLaCuO4,30 K,6.6020599913279625,30.0,1.4,40.0,50.0
0107109v1.pdf,9,SrLaCuO4,30 K,6.544068044350276,30.0,1.6,40.0,50.0
0107109v1.pdf,9,SrLaCuO4,30 K,6.477121254719663,30.0,1.8,40.0,50.0
0107109v1.pdf,9,SrLaCuO4,30 K,6.3979400086720375,30.0,2.0,40.0,50.0
0107109v1.pdf,9,SrLaCuO4,30 K,6.301029995663981,30.0,2.2,40.0,50.0
0107109v1.pdf,9,SrLaCuO4,30 K,6.176091259055681,30.0,2.4,40.0,50.0
0107109v1.pdf,9,SrLaCuO4,30 K,6.0,30.0,2.6,40.0,50.0
0107109v1.pdf,9,SrLaCuO4,30 K,5.903089986991944,30.0,2.8,40.0,50.0
0107109v1.pdf,9,SrLaCuO4,30 K,5.778151250383644,30.0,3.0,40.0,50.0
0107109v1.pdf,9,SrLaCuO4,30 K,5.6020599913279625,30.0,3.2,40.0,50.0
0107109v1.pdf,9,SrLaCuO4,30 K,5.301029995663981,30.0,3.4,40.0,50.0
0107109v1.pdf,9,SrLaCuO4,30 K,5.0,30.0,3.6,40.0,50.0
0107109v1.pdf,9,SrLaCuO4,30 K,4.903089986991944,30.0,3.8,40.0,50.0
0107109v1.pdf,9,SrLaCuO4,30 K,4.778151250383644,30.0,4.0,40.0,50.0
0107109v1.pdf,9,SrLaCuO4,30 K,4.6020599913279625,30.0,4.2,40.0,50.0
0107109v1.pdf,9,SrLaCuO4,30 K,4.301029995663981,30.0,4.4,40.0,50.0
0107109v1.pdf,9,SrLaCuO4,30 K,4.0,30.0,4.6,40.0,50.0
0107109v1.pdf,9,SrLaCuO4,30 K,3.903089986991944,30.0,4.8,40.0,50.0
0206444v1.pdf,3,MgB2,"Sample 1, 5K",6.0,5.0,0.0,39.0,16.0
0206444v1.pdf,3,MgB2,"Sample 1, 5K",5.903089986991944,5.0,1.0,39.0,16.0
0206444v1.pdf,3,MgB2,"Sample 1, 5K",5.778151250383644,5.0,2.0,39.0,16.0
0206444v1.pdf,3,MgB2,"Sample 1, 5K",5.6020599913279625,5.0,3.0,39.0,16.0
0206444v1.pdf,3,MgB2,"Sample 1, 5K",5.301029995663981,5.0,4.0,39.0,16.0
0206444v1.pdf,3,MgB2,"Sample 1, 5K",5.0,5.0,5.0,39.0,16.0
0206444v1.pdf,3,MgB2,"Sample 1, 5K",4.698970004336019,5.0,6.0,39.0,16.0
0206444v1.pdf,3,MgB2,"Sample 1, 5K",4.301029995663981,5.0,7.0,39.0,16.0
0206444v1.pdf,3,MgB2,"Sample 1, 5K",4.0,5.0,8.0,39.0,16.0
0206444v1.pdf,3,MgB2,"Sample 2, 5K",5.954242509439325,5.0,0.0,39.0,16.0
0206444v1.pdf,3,MgB2,"Sample 2, 5K",5.845098040014257,5.0,1.0,39.0,16.0
0206444v1.pdf,3,MgB2,"Sample 2, 5K",5.698970004336019,5.0,2.0,39.0,16.0
0206444v1.pdf,3,MgB2,"Sample 2, 5K",5.477121254719663,5.0,3.0,39.0,16.0
0206444v1.pdf,3,MgB2,"Sample 2, 5K",5.176091259055681,5.0,4.0,39.0,16.0
0206444v1.pdf,3,MgB2,"Sample 2, 5K",4.903089986991944,5.0,5.0,39.0,16.0
0206444v1.pdf,3,MgB2,"Sample 2, 5K",4.6020599913279625,5.0,6.0,39.0,16.0
0206444v1.pdf,3,MgB2,"Sample 2, 5K",4.301029995663981,5.0,7.0,39.0,16.0
0206444v1.pdf,3,MgB2,"Sample 2, 5K",4.0,5.0,8.0,39.0,16.0
0206444v1.pdf,3,MgB2,"Sample 3, 5K",5.903089986991944,5.0,0.0,39.0,16.0
0206444v1.pdf,3,MgB2,"Sample 3, 5K",5.778151250383644,5.0,1.0,39.0,16.0
0206444v1.pdf,3,MgB2,"Sample 3, 5K",5.6020599913279625,5.0,2.0,39.0,16.0
0206444v1.pdf,3,MgB2,"Sample 3, 5K",5.3979400086720375,5.0,3.0,39.0,16.0
0206444v1.pdf,3,MgB2,"Sample 3, 5K",5.079181246047625,5.0,4.0,39.0,16.0
0206444v1.pdf,3,MgB2,"Sample 3, 5K",4.778151250383644,5.0,5.0,39.0,16.0
0206444v1.pdf,3,MgB2,"Sample 3, 5K",4.477121254719663,5.0,6.0,39.0,16.0
0206444v1.pdf,3,MgB2,"Sample 3, 5K",4.176091259055681,5.0,7.0,39.0,16.0
0206444v1.pdf,3,MgB2,"Sample 3, 5K",3.903089986991944,5.0,8.0,39.0,16.0
0206444v1.pdf,3,MgB2,"Sample 4, 5K",5.845098040014257,5.0,0.0,39.0,16.0
0206444v1.pdf,3,MgB2,"Sample 4, 5K",5.698970004336019,5.0,1.0,39.0,16.0
0206444v1.pdf,3,MgB2,"Sample 4, 5K",5.544068044350276,5.0,2.0,39.0,16.0
0206444v1.pdf,3,MgB2,"Sample 4, 5K",5.301029995663981,5.0,3.0,39.0,16.0
0206444v1.pdf,3,MgB2,"Sample 4, 5K",5.0,5.0,4.0,39.0,16.0
0206444v1.pdf,3,MgB2,"Sample 4, 5K",4.698970004336019,5.0,5.0,39.0,16.0
0206444v1.pdf,3,MgB2,"Sample 4, 5K",4.3979400086720375,5.0,6.0,39.0,16.0
0206444v1.pdf,3,MgB2,"Sample 4, 5K",4.079181246047625,5.0,7.0,39.0,16.0
0206444v1.pdf,3,MgB2,"Sample 4, 5K",3.7781512503836434,5.0,8.0,39.0,16.0
0206444v1.pdf,3,MgB2,"Sample 5, 5K",5.778151250383644,5.0,0.0,39.0,16.0
0206444v1.pdf,3,MgB2,"Sample 5, 5K",5.6020599913279625,5.0,1.0,39.0,16.0
0206444v1.pdf,3,MgB2,"Sample 5, 5K",5.3979400086720375,5.0,2.0,39.0,16.0
0206444v1.pdf,3,MgB2,"Sample 5, 5K",5.176091259055681,5.0,3.0,39.0,16.0
0206444v1.pdf,3,MgB2,"Sample 5, 5K",4.903089986991944,5.0,4.0,39.0,16.0
0206444v1.pdf,3,MgB2,"Sample 5, 5K",4.6020599913279625,5.0,5.0,39.0,16.0
0206444v1.pdf,3,MgB2,"Sample 5, 5K",4.301029995663981,5.0,6.0,39.0,16.0
0206444v1.pdf,3,MgB2,"Sample 5, 5K",4.0,5.0,7.0,39.0,16.0
0206444v1.pdf,3,MgB2,"Sample 5, 5K",3.6989700043360174,5.0,8.0,39.0,16.0
0206444v1.pdf,3,MgB2,"Sample 1, 10K",5.698970004336019,10.0,0.0,39.0,16.0
0206444v1.pdf,3,MgB2,"Sample 1, 10K",5.544068044350276,10.0,1.0,39.0,16.0
0206444v1.pdf,3,MgB2,"Sample 1, 10K",5.301029995663981,10.0,2.0,39.0,16.0
0206444v1.pdf,3,MgB2,"Sample 1, 10K",5.0,10.0,3.0,39.0,16.0
0206444v1.pdf,3,MgB2,"Sample 1, 10K",4.698970004336019,10.0,4.0,39.0,16.0
0206444v1.pdf,3,MgB2,"Sample 1, 10K",4.3979400086720375,10.0,5.0,39.0,16.0
0206444v1.pdf,3,MgB2,"Sample 1, 10K",4.079181246047625,10.0,6.0,39.0,16.0
0206444v1.pdf,3,MgB2,"Sample 1, 10K",3.7781512503836434,10.0,7.0,39.0,16.0
0206444v1.pdf,3,MgB2,"Sample 1, 10K",3.4771212547196626,10.0,8.0,39.0,16.0
0206444v1.pdf,3,MgB2,"Sample 2, 10K",5.653212513775344,10.0,0.0,39.0,16.0
0206444v1.pdf,3,MgB2,"Sample 2, 10K",5.477121254719663,10.0,1.0,39.0,16.0
0206444v1.pdf,3,MgB2,"Sample 2, 10K",5.176091259055681,10.0,2.0,39.0,16.0
0206444v1.pdf,3,MgB2,"Sample 2, 10K",4.903089986991944,10.0,3.0,39.0,16.0
0206444v1.pdf,3,MgB2,"Sample 2, 10K",4.6020599913279625,10.0,4.0,39.0,16.0
0206444v1.pdf,3,MgB2,"Sample 2, 10K",4.301029995663981,10.0,5.0,39.0,16.0
0206444v1.pdf,3,MgB2,"Sample 2, 10K",4.0,10.0,6.0,39.0,16.0
0206444v1.pdf,3,MgB2,"Sample 2, 10K",3.6989700043360174,10.0,7.0,39.0,16.0
0206444v1.pdf,3,MgB2,"Sample 2, 10K",3.397940008672037,10.0,8.0,39.0,16.0
0206444v1.pdf,3,MgB2,"Sample 3, 10K",5.6020599913279625,10.0,0.0,39.0,16.0
0206444v1.pdf,3,MgB2,"Sample 3, 10K",5.3979400086720375,10.0,1.0,39.0,16.0
0206444v1.pdf,3,MgB2,"Sample 3, 10K",5.079181246047625,10.0,2.0,39.0,16.0
0206444v1.pdf,3,MgB2,"Sample 3, 10K",4.778151250383644,10.0,3.0,39.0,16.0
0206444v1.pdf,3,MgB2,"Sample 3, 10K",4.477121254719663,10.0,4.0,39.0,16.0
0206444v1.pdf,3,MgB2,"Sample 3, 10K",4.176091259055681,10.0,5.0,39.0,16.0
0206444v1.pdf,3,MgB2,"Sample 3, 10K",3.903089986991944,10.0,6.0,39.0,16.0
0206444v1.pdf,3,MgB2,"Sample 3, 10K",3.6020599913279625,10.0,7.0,39.0,16.0
0206444v1.pdf,3,MgB2,"Sample 3, 10K",3.3010299956639813,10.0,8.0,39.0,16.0
0206444v1.pdf,3,MgB2,"Sample 4, 10K",5.544068044350276,10.0,0.0,39.0,16.0
0206444v1.pdf,3,MgB2,"Sample 4, 10K",5.301029995663981,10.0,1.0,39.0,16.0
0206444v1.pdf,3,MgB2,"Sample 4, 10K",5.0,10.0,2.0,39.0,16.0
0206444v1.pdf,3,MgB2,"Sample 4, 10K",4.698970004336019,10.0,3.0,39.0,16.0
0206444v1.pdf,3,MgB2,"Sample 4, 10K",4.3979400086720375,10.0,4.0,39.0,16.0
0206444v1.pdf,3,MgB2,"Sample 4, 10K",4.079181246047625,10.0,5.0,39.0,16.0
0206444v1.pdf,3,MgB2,"Sample 4, 10K",3.7781512503836434,10.0,6.0,39.0,16.0
0206444v1.pdf,3,MgB2,"Sample 4, 10K",3.4771212547196626,10.0,7.0,39.0,16.0
0206444v1.pdf,3,MgB2,"Sample 4, 10K",3.1760912590556813,10.0,8.0,39.0,16.0
0206444v1.pdf,3,MgB2,"Sample 5, 10K",5.477121254719663,10.0,0.0,39.0,16.0
0206444v1.pdf,3,MgB2,"Sample 5, 10K",5.176091259055681,10.0,1.0,39.0,16.0
0206444v1.pdf,3,MgB2,"Sample 5, 10K",4.903089986991944,10.0,2.0,39.0,16.0
0206444v1.pdf,3,MgB2,"Sample 5, 10K",4.6020599913279625,10.0,3.0,39.0,16.0
0206444v1.pdf,3,MgB2,"Sample 5, 10K",4.301029995663981,10.0,4.0,39.0,16.0
0206444v1.pdf,3,MgB2,"Sample 5, 10K",4.0,10.0,5.0,39.0,16.0
0206444v1.pdf,3,MgB2,"Sample 5, 10K",3.6989700043360174,10.0,6.0,39.0,16.0
0206444v1.pdf,3,MgB2,"Sample 5, 10K",3.397940008672037,10.0,7.0,39.0,16.0
0206444v1.pdf,3,MgB2,"Sample 5, 10K",3.0791812460476247,10.0,8.0,39.0,16.0
0207093v2.pdf,4,MgB2,5 K,6.0,5.0,0.0,39.0,16.0
0207093v2.pdf,4,MgB2,5 K,5.903089986991944,5.0,1.0,39.0,16.0
0207093v2.pdf,4,MgB2,5 K,5.778151250383644,5.0,2.0,39.0,16.0
0207093v2.pdf,4,MgB2,5 K,5.6020599913279625,5.0,3.0,39.0,16.0
0207093v2.pdf,4,MgB2,5 K,5.477121254719663,5.0,4.0,39.0,16.0
0207093v2.pdf,4,MgB2,5 K,5.301029995663981,5.0,5.0,39.0,16.0
0207093v2.pdf,4,MgB2,5 K,5.176091259055681,5.0,6.0,39.0,16.0
0207093v2.pdf,4,MgB2,5 K,5.079181246047625,5.0,7.0,39.0,16.0
0207093v2.pdf,4,MgB2,5 K,5.0,5.0,8.0,39.0,16.0
0207093v2.pdf,4,MgB2,5 K,4.903089986991944,5.0,9.0,39.0,16.0
0207093v2.pdf,4,MgB2,10 K,5.954242509439325,10.0,0.0,39.0,16.0
0207093v2.pdf,4,MgB2,10 K,5.845098040014257,10.0,1.0,39.0,16.0
0207093v2.pdf,4,MgB2,10 K,5.698970004336019,10.0,2.0,39.0,16.0
0207093v2.pdf,4,MgB2,10 K,5.544068044350276,10.0,3.0,39.0,16.0
0207093v2.pdf,4,MgB2,10 K,5.3979400086720375,10.0,4.0,39.0,16.0
0207093v2.pdf,4,MgB2,10 K,5.2552725051033065,10.0,5.0,39.0,16.0
0207093v2.pdf,4,MgB2,10 K,5.113943352306837,10.0,6.0,39.0,16.0
0207093v2.pdf,4,MgB2,10 K,5.0,10.0,7.0,39.0,16.0
0207093v2.pdf,4,MgB2,10 K,4.903089986991944,10.0,8.0,39.0,16.0
0207093v2.pdf,4,MgB2,10 K,4.778151250383644,10.0,9.0,39.0,16.0
0207093v2.pdf,4,MgB2,20 K,5.903089986991944,20.0,0.0,39.0,16.0
0207093v2.pdf,4,MgB2,20 K,5.778151250383644,20.0,1.0,39.0,16.0
0207093v2.pdf,4,MgB2,20 K,5.6020599913279625,20.0,2.0,39.0,16.0
0207093v2.pdf,4,MgB2,20 K,5.447158031342219,20.0,3.0,39.0,16.0
0207093v2.pdf,4,MgB2,20 K,5.301029995663981,20.0,4.0,39.0,16.0
0207093v2.pdf,4,MgB2,20 K,5.146128035678238,20.0,5.0,39.0,16.0
0207093v2.pdf,4,MgB2,20 K,5.0,20.0,6.0,39.0,16.0
0207093v2.pdf,4,MgB2,20 K,4.903089986991944,20.0,7.0,39.0,16.0
0207093v2.pdf,4,MgB2,20 K,4.778151250383644,20.0,8.0,39.0,16.0
0207093v2.pdf,4,MgB2,20 K,4.698970004336019,20.0,9.0,39.0,16.0
0207093v2.pdf,4,MgB2,30 K,5.845098040014257,30.0,0.0,39.0,16.0
0207093v2.pdf,4,MgB2,30 K,5.698970004336019,30.0,1.0,39.0,16.0
0207093v2.pdf,4,MgB2,30 K,5.544068044350276,30.0,2.0,39.0,16.0
0207093v2.pdf,4,MgB2,30 K,5.3979400086720375,30.0,3.0,39.0,16.0
0207093v2.pdf,4,MgB2,30 K,5.2552725051033065,30.0,4.0,39.0,16.0
0207093v2.pdf,4,MgB2,30 K,5.113943352306837,30.0,5.0,39.0,16.0
0207093v2.pdf,4,MgB2,30 K,4.954242509439325,30.0,6.0,39.0,16.0
0207093v2.pdf,4,MgB2,30 K,4.845098040014257,30.0,7.0,39.0,16.0
0207093v2.pdf,4,MgB2,30 K,4.698970004336019,30.0,8.0,39.0,16.0
0207093v2.pdf,4,MgB2,30 K,4.6020599913279625,30.0,9.0,39.0,16.0
0207093v2.pdf,5,MgB2,7.5 K,6.0,7.5,0.0,39.0,16.0
0207093v2.pdf,5,MgB2,7.5 K,5.903089986991944,7.5,0.5,39.0,16.0
0207093v2.pdf,5,MgB2,7.5 K,5.778151250383644,7.5,1.0,39.0,16.0
0207093v2.pdf,5,MgB2,7.5 K,5.6020599913279625,7.5,1.5,39.0,16.0
0207093v2.pdf,5,MgB2,7.5 K,5.477121254719663,7.5,2.0,39.0,16.0
0207093v2.pdf,5,MgB2,7.5 K,5.301029995663981,7.5,2.5,39.0,16.0
0207093v2.pdf,5,MgB2,7.5 K,5.176091259055681,7.5,3.0,39.0,16.0
0207093v2.pdf,5,MgB2,7.5 K,5.0,7.5,3.5,39.0,16.0
0207093v2.pdf,5,MgB2,7.5 K,4.903089986991944,7.5,4.0,39.0,16.0
0207093v2.pdf,5,MgB2,7.5 K,4.778151250383644,7.5,4.5,39.0,16.0
0207093v2.pdf,5,MgB2,7.5 K,4.6020599913279625,7.5,5.0,39.0,16.0
0207093v2.pdf,5,MgB2,7.5 K,4.477121254719663,7.5,5.5,39.0,16.0
0207093v2.pdf,5,MgB2,7.5 K,4.301029995663981,7.5,6.0,39.0,16.0
0207093v2.pdf,5,MgB2,10 K,5.954242509439325,10.0,0.0,39.0,16.0
0207093v2.pdf,5,MgB2,10 K,5.845098040014257,10.0,0.5,39.0,16.0
0207093v2.pdf,5,MgB2,10 K,5.698970004336019,10.0,1.0,39.0,16.0
0207093v2.pdf,5,MgB2,10 K,5.544068044350276,10.0,1.5,39.0,16.0
0207093v2.pdf,5,MgB2,10 K,5.3979400086720375,10.0,2.0,39.0,16.0
0207093v2.pdf,5,MgB2,10 K,5.2552725051033065,10.0,2.5,39.0,16.0
0207093v2.pdf,5,MgB2,10 K,5.079181246047625,10.0,3.0,39.0,16.0
0207093v2.pdf,5,MgB2,10 K,4.954242509439325,10.0,3.5,39.0,16.0
0207093v2.pdf,5,MgB2,10 K,4.845098040014257,10.0,4.0,39.0,16.0
0207093v2.pdf,5,MgB2,10 K,4.698970004336019,10.0,4.5,39.0,16.0
0207093v2.pdf,5,MgB2,10 K,4.544068044350276,10.0,5.0,39.0,16.0
0207093v2.pdf,5,MgB2,10 K,4.3979400086720375,10.0,5.5,39.0,16.0
0207093v2.pdf,5,MgB2,10 K,4.176091259055681,10.0,6.0,39.0,16.0
0207093v2.pdf,5,MgB2,20 K,5.903089986991944,20.0,0.0,39.0,16.0
0207093v2.pdf,5,MgB2,20 K,5.778151250383644,20.0,0.5,39.0,16.0
0207093v2.pdf,5,MgB2,20 K,5.6020599913279625,20.0,1.0,39.0,16.0
0207093v2.pdf,5,MgB2,20 K,5.477121254719663,20.0,1.5,39.0,16.0
0207093v2.pdf,5,MgB2,20 K,5.301029995663981,20.0,2.0,39.0,16.0
0207093v2.pdf,5,MgB2,20 K,5.176091259055681,20.0,2.5,39.0,16.0
0207093v2.pdf,5,MgB2,20 K,5.0,20.0,3.0,39.0,16.0
0207093v2.pdf,5,MgB2,20 K,4.845098040014257,20.0,3.5,39.0,16.0
0207093v2.pdf,5,MgB2,20 K,4.698970004336019,20.0,4.0,39.0,16.0
0207093v2.pdf,5,MgB2,20 K,4.544068044350276,20.0,4.5,39.0,16.0
0207093v2.pdf,5,MgB2,20 K,4.3979400086720375,20.0,5.0,39.0,16.0
0207093v2.pdf,5,MgB2,20 K,4.2552725051033065,20.0,5.5,39.0,16.0
0207093v2.pdf,5,MgB2,20 K,4.079181246047625,20.0,6.0,39.0,16.0
0207093v2.pdf,5,MgB2,30 K,5.845098040014257,30.0,0.0,39.0,16.0
0207093v2.pdf,5,MgB2,30 K,5.698970004336019,30.0,0.5,39.0,16.0
0207093v2.pdf,5,MgB2,30 K,5.544068044350276,30.0,1.0,39.0,16.0
0207093v2.pdf,5,MgB2,30 K,5.3979400086720375,30.0,1.5,39.0,16.0
0207093v2.pdf,5,MgB2,30 K,5.2552725051033065,30.0,2.0,39.0,16.0
0207093v2.pdf,5,MgB2,30 K,5.079181246047625,30.0,2.5,39.0,16.0
0207093v2.pdf,5,MgB2,30 K,4.903089986991944,30.0,3.0,39.0,16.0
0207093v2.pdf,5,MgB2,30 K,4.778151250383644,30.0,3.5,39.0,16.0
0207093v2.pdf,5,MgB2,30 K,4.6020599913279625,30.0,4.0,39.0,16.0
0207093v2.pdf,5,MgB2,30 K,4.477121254719663,30.0,4.5,39.0,16.0
0207093v2.pdf,5,MgB2,30 K,4.301029995663981,30.0,5.0,39.0,16.0
0207093v2.pdf,5,MgB2,30 K,4.176091259055681,30.0,5.5,39.0,16.0
0207093v2.pdf,5,MgB2,30 K,4.0,30.0,6.0,39.0,16.0
0305201v1.pdf,2,MgB2,5K,6.0,5.0,0.0,39.0,16.0
0305201v1.pdf,2,MgB2,5K,5.903089986991944,5.0,0.5,39.0,16.0
0305201v1.pdf,2,MgB2,5K,5.778151250383644,5.0,1.0,39.0,16.0
0305201v1.pdf,2,MgB2,5K,5.698970004336019,5.0,1.5,39.0,16.0
0305201v1.pdf,2,MgB2,5K,5.6020599913279625,5.0,2.0,39.0,16.0
0305201v1.pdf,2,MgB2,5K,5.477121254719663,5.0,2.5,39.0,16.0
0305201v1.pdf,2,MgB2,5K,5.301029995663981,5.0,3.0,39.0,16.0
0305201v1.pdf,2,MgB2,5K,5.176091259055681,5.0,3.5,39.0,16.0
0305201v1.pdf,2,MgB2,5K,5.0,5.0,4.0,39.0,16.0
0305201v1.pdf,2,MgB2,5K,4.903089986991944,5.0,4.5,39.0,16.0
0305201v1.pdf,2,MgB2,5K,4.778151250383644,5.0,5.0,39.0,16.0
0305201v1.pdf,2,MgB2,5K,4.698970004336019,5.0,5.5,39.0,16.0
0305201v1.pdf,2,MgB2,5K,4.6020599913279625,5.0,6.0,39.0,16.0
0305201v1.pdf,2,MgB2,5K,4.477121254719663,5.0,6.5,39.0,16.0
0305201v1.pdf,2,MgB2,5K,4.301029995663981,5.0,7.0,39.0,16.0
0305201v1.pdf,2,MgB2,5K,4.176091259055681,5.0,7.5,39.0,16.0
0305201v1.pdf,2,MgB2,5K,4.0,5.0,8.0,39.0,16.0
0305201v1.pdf,2,MgB2,5K,3.903089986991944,5.0,8.5,39.0,16.0
0305201v1.pdf,2,MgB2,5K,3.7781512503836434,5.0,9.0,39.0,16.0
0305201v1.pdf,2,MgB2,20K,5.0,20.0,0.0,39.0,16.0
0305201v1.pdf,2,MgB2,20K,4.903089986991944,20.0,0.5,39.0,16.0
0305201v1.pdf,2,MgB2,20K,4.778151250383644,20.0,1.0,39.0,16.0
0305201v1.pdf,2,MgB2,20K,4.698970004336019,20.0,1.5,39.0,16.0
0305201v1.pdf,2,MgB2,20K,4.6020599913279625,20.0,2.0,39.0,16.0
0305201v1.pdf,2,MgB2,20K,4.477121254719663,20.0,2.5,39.0,16.0
0305201v1.pdf,2,MgB2,20K,4.301029995663981,20.0,3.0,39.0,16.0
0305201v1.pdf,2,MgB2,20K,4.176091259055681,20.0,3.5,39.0,16.0
0305201v1.pdf,2,MgB2,20K,4.0,20.0,4.0,39.0,16.0
0305201v1.pdf,2,MgB2,20K,3.903089986991944,20.0,4.5,39.0,16.0
0305201v1.pdf,2,MgB2,20K,3.7781512503836434,20.0,5.0,39.0,16.0
0305201v1.pdf,2,MgB2,20K,3.6989700043360174,20.0,5.5,39.0,16.0
0305201v1.pdf,2,MgB2,20K,3.6020599913279625,20.0,6.0,39.0,16.0
0305201v1.pdf,2,MgB2,20K,3.4771212547196626,20.0,6.5,39.0,16.0
0305201v1.pdf,2,MgB2,20K,3.3010299956639813,20.0,7.0,39.0,16.0
0305201v1.pdf,2,MgB2,20K,3.1760912590556813,20.0,7.5,39.0,16.0
0305201v1.pdf,2,MgB2,20K,3.0,20.0,8.0,39.0,16.0
0305201v1.pdf,2,MgB2,20K,2.903089986991944,20.0,8.5,39.0,16.0
0305201v1.pdf,2,MgB2,20K,2.7781512503836434,20.0,9.0,39.0,16.0
0306083v1.pdf,10,MgB2,T=32K,5.0,32.0,0.0,39.0,16.0
0306083v1.pdf,10,MgB2,T=32K,4.977723605288848,32.0,2e-05,39.0,16.0
0306083v1.pdf,10,MgB2,T=32K,4.954242509439325,32.0,4e-05,39.0,16.0
0306083v1.pdf,10,MgB2,T=32K,4.929418925714293,32.0,6e-05,39.0,16.0
0306083v1.pdf,10,MgB2,T=32K,4.903089986991944,32.0,8e-05,39.0,16.0
0306083v1.pdf,10,MgB2,T=32K,4.8750612633917,32.0,0.0001,39.0,16.0
0306083v1.pdf,10,MgB2,T=32K,4.845098040014257,32.0,0.0001199999999999,39.0,16.0
0306083v1.pdf,10,MgB2,T=32K,4.812913356642856,32.0,0.00014,39.0,16.0
0306083v1.pdf,10,MgB2,T=32K,4.778151250383644,32.0,0.00016,39.0,16.0
0306083v1.pdf,10,MgB2,T=32K,4.740362689494244,32.0,0.00018,39.0,16.0
0306083v1.pdf,10,MgB2,T=32K,4.698970004336019,32.0,0.0002,39.0,16.0
0306083v1.pdf,10,MgB2,T=32K,4.653212513775344,32.0,0.00022,39.0,16.0
0306083v1.pdf,10,MgB2,T=32K,4.6020599913279625,32.0,0.0002399999999999,39.0,16.0
0306083v1.pdf,10,MgB2,T=32K,4.544068044350276,32.0,0.00026,39.0,16.0
0306083v1.pdf,10,MgB2,T=32K,4.477121254719663,32.0,0.00028,39.0,16.0
0306083v1.pdf,10,MgB2,T=32K,4.3979400086720375,32.0,0.0003,39.0,16.0
0306083v1.pdf,10,MgB2,T=30K,5.079181246047625,30.0,0.0,39.0,16.0
0306083v1.pdf,10,MgB2,T=30K,5.060697840353612,30.0,2e-05,39.0,16.0
0306083v1.pdf,10,MgB2,T=30K,5.041392685158225,30.0,4e-05,39.0,16.0
0306083v1.pdf,10,MgB2,T=30K,5.021189299069938,30.0,6e-05,39.0,16.0
0306083v1.pdf,10,MgB2,T=30K,5.0,30.0,8e-05,39.0,16.0
0306083v1.pdf,10,MgB2,T=30K,4.977723605288848,30.0,0.0001,39.0,16.0
0306083v1.pdf,10,MgB2,T=30K,4.954242509439325,30.0,0.0001199999999999,39.0,16.0
0306083v1.pdf,10,MgB2,T=30K,4.929418925714293,30.0,0.00014,39.0,16.0
0306083v1.pdf,10,MgB2,T=30K,4.903089986991944,30.0,0.00016,39.0,16.0
0306083v1.pdf,10,MgB2,T=30K,4.8750612633917,30.0,0.00018,39.0,16.0
0306083v1.pdf,10,MgB2,T=30K,4.845098040014257,30.0,0.0002,39.0,16.0
0306083v1.pdf,10,MgB2,T=30K,4.812913356642856,30.0,0.00022,39.0,16.0
0306083v1.pdf,10,MgB2,T=30K,4.778151250383644,30.0,0.0002399999999999,39.0,16.0
0306083v1.pdf,10,MgB2,T=30K,4.740362689494244,30.0,0.00026,39.0,16.0
0306083v1.pdf,10,MgB2,T=30K,4.698970004336019,30.0,0.00028,39.0,16.0
0306083v1.pdf,10,MgB2,T=30K,4.653212513775344,30.0,0.0003,39.0,16.0
0306083v1.pdf,10,MgB2,T=27K,5.146128035678238,27.0,0.0,39.0,16.0
0306083v1.pdf,10,MgB2,T=27K,5.130333768495007,27.0,2e-05,39.0,16.0
0306083v1.pdf,10,MgB2,T=27K,5.113943352306837,27.0,4e-05,39.0,16.0
0306083v1.pdf,10,MgB2,T=27K,5.096910013008056,27.0,6e-05,39.0,16.0
0306083v1.pdf,10,MgB2,T=27K,5.079181246047625,27.0,8e-05,39.0,16.0
0306083v1.pdf,10,MgB2,T=27K,5.060697840353612,27.0,0.0001,39.0,16.0
0306083v1.pdf,10,MgB2,T=27K,5.041392685158225,27.0,0.0001199999999999,39.0,16.0
0306083v1.pdf,10,MgB2,T=27K,5.021189299069938,27.0,0.00014,39.0,16.0
0306083v1.pdf,10,MgB2,T=27K,5.0,27.0,0.00016,39.0,16.0
0306083v1.pdf,10,MgB2,T=27K,4.977723605288848,27.0,0.00018,39.0,16.0
0306083v1.pdf,10,MgB2,T=27K,4.954242509439325,27.0,0.0002,39.0,16.0
0306083v1.pdf,10,MgB2,T=27K,4.929418925714293,27.0,0.00022,39.0,16.0
0306083v1.pdf,10,MgB2,T=27K,4.903089986991944,27.0,0.0002399999999999,39.0,16.0
0306083v1.pdf,10,MgB2,T=27K,4.8750612633917,27.0,0.00026,39.0,16.0
0306083v1.pdf,10,MgB2,T=27K,4.845098040014257,27.0,0.00028,39.0,16.0
0306083v1.pdf,10,MgB2,T=27K,4.812913356642856,27.0,0.0003,39.0,16.0
0306083v1.pdf,10,MgB2,T=24K,5.176091259055681,24.0,0.0,39.0,16.0
0306083v1.pdf,10,MgB2,T=24K,5.161368002234975,24.0,2e-05,39.0,16.0
0306083v1.pdf,10,MgB2,T=24K,5.146128035678238,24.0,4e-05,39.0,16.0
0306083v1.pdf,10,MgB2,T=24K,5.130333768495007,24.0,6e-05,39.0,16.0
0306083v1.pdf,10,MgB2,T=24K,5.113943352306837,24.0,8e-05,39.0,16.0
0306083v1.pdf,10,MgB2,T=24K,5.096910013008056,24.0,0.0001,39.0,16.0
0306083v1.pdf,10,MgB2,T=24K,5.079181246047625,24.0,0.0001199999999999,39.0,16.0
0306083v1.pdf,10,MgB2,T=24K,5.060697840353612,24.0,0.00014,39.0,16.0
0306083v1.pdf,10,MgB2,T=24K,5.041392685158225,24.0,0.00016,39.0,16.0
0306083v1.pdf,10,MgB2,T=24K,5.021189299069938,24.0,0.00018,39.0,16.0
0306083v1.pdf,10,MgB2,T=24K,5.0,24.0,0.0002,39.0,16.0
0306083v1.pdf,10,MgB2,T=24K,4.977723605288848,24.0,0.00022,39.0,16.0
0306083v1.pdf,10,MgB2,T=24K,4.954242509439325,24.0,0.0002399999999999,39.0,16.0
0306083v1.pdf,10,MgB2,T=24K,4.929418925714293,24.0,0.00026,39.0,16.0
0306083v1.pdf,10,MgB2,T=24K,4.903089986991944,24.0,0.00028,39.0,16.0
0306083v1.pdf,10,MgB2,T=24K,4.8750612633917,24.0,0.0003,39.0,16.0
0306083v1.pdf,10,MgB2,T=22K,5.113943352306837,22.0,0.0,39.0,16.0
0306083v1.pdf,10,MgB2,T=22K,5.096910013008056,22.0,2e-05,39.0,16.0
0306083v1.pdf,10,MgB2,T=22K,5.079181246047625,22.0,4e-05,39.0,16.0
0306083v1.pdf,10,MgB2,T=22K,5.060697840353612,22.0,6e-05,39.0,16.0
0306083v1.pdf,10,MgB2,T=22K,5.041392685158225,22.0,8e-05,39.0,16.0
0306083v1.pdf,10,MgB2,T=22K,5.021189299069938,22.0,0.0001,39.0,16.0
0306083v1.pdf,10,MgB2,T=22K,5.0,22.0,0.0001199999999999,39.0,16.0
0306083v1.pdf,10,MgB2,T=22K,4.977723605288848,22.0,0.00014,39.0,16.0
0306083v1.pdf,10,MgB2,T=22K,4.954242509439325,22.0,0.00016,39.0,16.0
0306083v1.pdf,10,MgB2,T=22K,4.929418925714293,22.0,0.00018,39.0,16.0
0306083v1.pdf,10,MgB2,T=22K,4.903089986991944,22.0,0.0002,39.0,16.0
0306083v1.pdf,10,MgB2,T=22K,4.8750612633917,22.0,0.00022,39.0,16.0
0306083v1.pdf,10,MgB2,T=22K,4.845098040014257,22.0,0.0002399999999999,39.0,16.0
0306083v1.pdf,10,MgB2,T=22K,4.812913356642856,22.0,0.00026,39.0,16.0
0306083v1.pdf,10,MgB2,T=22K,4.778151250383644,22.0,0.00028,39.0,16.0
0306083v1.pdf,10,MgB2,T=22K,4.740362689494244,22.0,0.0003,39.0,16.0
0306083v1.pdf,11,MgB2,T=32K,4.698970004336019,32.0,0.1,39.0,16.0
0306083v1.pdf,11,MgB2,T=32K,4.681241237375588,32.0,0.2,39.0,16.0
0306083v1.pdf,11,MgB2,T=32K,4.662757831681574,32.0,0.3,39.0,16.0
0306083v1.pdf,11,MgB2,T=32K,4.643452676486188,32.0,0.4,39.0,16.0
0306083v1.pdf,11,MgB2,T=32K,4.623249290397901,32.0,0.5,39.0,16.0
0306083v1.pdf,11,MgB2,T=32K,4.6020599913279625,32.0,0.6,39.0,16.0
0306083v1.pdf,11,MgB2,T=32K,4.57978359661681,32.0,0.7,39.0,16.0
0306083v1.pdf,11,MgB2,T=32K,4.556302500767287,32.0,0.8,39.0,16.0
0306083v1.pdf,11,MgB2,T=32K,4.531478917042255,32.0,0.9,39.0,16.0
0306083v1.pdf,11,MgB2,T=32K,4.505149978319906,32.0,1.0,39.0,16.0
0306083v1.pdf,11,MgB2,T=32K,4.477121254719663,32.0,1.1,39.0,16.0
0306083v1.pdf,11,MgB2,T=32K,4.447158031342219,32.0,1.2,39.0,16.0
0306083v1.pdf,11,MgB2,T=32K,4.414973347970818,32.0,1.3,39.0,16.0
0306083v1.pdf,11,MgB2,T=32K,4.380211241711606,32.0,1.4,39.0,16.0
0306083v1.pdf,11,MgB2,T=32K,4.342422680822207,32.0,1.5,39.0,16.0
0306083v1.pdf,11,MgB2,T=32K,4.301029995663981,32.0,1.6,39.0,16.0
0306083v1.pdf,11,MgB2,T=32K,4.2552725051033065,32.0,1.7,39.0,16.0
0306083v1.pdf,11,MgB2,T=32K,4.204119982655925,32.0,1.8,39.0,16.0
0306083v1.pdf,11,MgB2,T=32K,4.146128035678238,32.0,1.9,39.0,16.0
0306083v1.pdf,11,MgB2,T=32K,4.079181246047625,32.0,2.0,39.0,16.0
0306083v1.pdf,11,MgB2,T=30K,4.845098040014257,30.0,0.1,39.0,16.0
0306083v1.pdf,11,MgB2,T=30K,4.832508912706237,30.0,0.2,39.0,16.0
0306083v1.pdf,11,MgB2,T=30K,4.819543935541868,30.0,0.3,39.0,16.0
0306083v1.pdf,11,MgB2,T=30K,4.806179973983888,30.0,0.4,39.0,16.0
0306083v1.pdf,11,MgB2,T=30K,4.792391689498253,30.0,0.5,39.0,16.0
0306083v1.pdf,11,MgB2,T=30K,4.778151250383644,30.0,0.6,39.0,16.0
0306083v1.pdf,11,MgB2,T=30K,4.763427993562937,30.0,0.7,39.0,16.0
0306083v1.pdf,11,MgB2,T=30K,4.748188027006201,30.0,0.8,39.0,16.0
0306083v1.pdf,11,MgB2,T=30K,4.732393759822968,30.0,0.9,39.0,16.0
0306083v1.pdf,11,MgB2,T=30K,4.7160033436348,30.0,1.0,39.0,16.0
0306083v1.pdf,11,MgB2,T=30K,4.698970004336019,30.0,1.1,39.0,16.0
0306083v1.pdf,11,MgB2,T=30K,4.681241237375588,30.0,1.2,39.0,16.0
0306083v1.pdf,11,MgB2,T=30K,4.662757831681574,30.0,1.3,39.0,16.0
0306083v1.pdf,11,MgB2,T=30K,4.643452676486188,30.0,1.4,39.0,16.0
0306083v1.pdf,11,MgB2,T=30K,4.623249290397901,30.0,1.5,39.0,16.0
0306083v1.pdf,11,MgB2,T=30K,4.6020599913279625,30.0,1.6,39.0,16.0
0306083v1.pdf,11,MgB2,T=30K,4.57978359661681,30.0,1.7,39.0,16.0
0306083v1.pdf,11,MgB2,T=30K,4.556302500767287,30.0,1.8,39.0,16.0
0306083v1.pdf,11,MgB2,T=30K,4.531478917042255,30.0,1.9,39.0,16.0
0306083v1.pdf,11,MgB2,T=30K,4.505149978319906,30.0,2.0,39.0,16.0
0306083v1.pdf,11,MgB2,T=27K,5.0,27.0,0.1,39.0,16.0
0306083v1.pdf,11,MgB2,T=27K,4.991226075692495,27.0,0.2,39.0,16.0
0306083v1.pdf,11,MgB2,T=27K,4.982271233039568,27.0,0.3,39.0,16.0
0306083v1.pdf,11,MgB2,T=27K,4.973127853599698,27.0,0.4,39.0,16.0
0306083v1.pdf,11,MgB2,T=27K,4.963787827345556,27.0,0.5,39.0,16.0
0306083v1.pdf,11,MgB2,T=27K,4.954242509439325,27.0,0.6,39.0,16.0
0306083v1.pdf,11,MgB2,T=27K,4.944482672150168,27.0,0.7,39.0,16.0
0306083v1.pdf,11,MgB2,T=27K,4.934498451243568,27.0,0.8,39.0,16.0
0306083v1.pdf,11,MgB2,T=27K,4.924279286061882,27.0,0.9,39.0,16.0
0306083v1.pdf,11,MgB2,T=27K,4.913813852383717,27.0,1.0,39.0,16.0
0306083v1.pdf,11,MgB2,T=27K,4.903089986991944,27.0,1.1,39.0,16.0
0306083v1.pdf,11,MgB2,T=27K,4.892094602690481,27.0,1.2,39.0,16.0
0306083v1.pdf,11,MgB2,T=27K,4.880813592280791,27.0,1.3,39.0,16.0
0306083v1.pdf,11,MgB2,T=27K,4.869231719730976,27.0,1.4,39.0,16.0
0306083v1.pdf,11,MgB2,T=27K,4.857332496431268,27.0,1.5,39.0,16.0
0306083v1.pdf,11,MgB2,T=27K,4.845098040014257,27.0,1.6,39.0,16.0
0306083v1.pdf,11,MgB2,T=27K,4.832508912706237,27.0,1.7,39.0,16.0
0306083v1.pdf,11,MgB2,T=27K,4.819543935541868,27.0,1.8,39.0,16.0
0306083v1.pdf,11,MgB2,T=27K,4.806179973983888,27.0,1.9,39.0,16.0
0306083v1.pdf,11,MgB2,T=27K,4.792391689498253,27.0,2.0,39.0,16.0
0306083v1.pdf,11,MgB2,T=24K,5.146128035678238,24.0,0.1,39.0,16.0
0306083v1.pdf,11,MgB2,T=24K,5.139879086401237,24.0,0.2,39.0,16.0
0306083v1.pdf,11,MgB2,T=24K,5.133538908370218,24.0,0.3,39.0,16.0
0306083v1.pdf,11,MgB2,T=24K,5.127104798364807,24.0,0.4,39.0,16.0
0306083v1.pdf,11,MgB2,T=24K,5.12057393120585,24.0,0.5,39.0,16.0
0306083v1.pdf,11,MgB2,T=24K,5.113943352306837,24.0,0.6,39.0,16.0
0306083v1.pdf,11,MgB2,T=24K,5.107209969647869,24.0,0.7,39.0,16.0
0306083v1.pdf,11,MgB2,T=24K,5.1003705451175625,24.0,0.8,39.0,16.0
0306083v1.pdf,11,MgB2,T=24K,5.093421685162235,24.0,0.9,39.0,16.0
0306083v1.pdf,11,MgB2,T=24K,5.086359830674748,24.0,1.0,39.0,16.0
0306083v1.pdf,11,MgB2,T=24K,5.079181246047625,24.0,1.1,39.0,16.0
0306083v1.pdf,11,MgB2,T=24K,5.071882007306125,24.0,1.2,39.0,16.0
0306083v1.pdf,11,MgB2,T=24K,5.064457989226918,24.0,1.3,39.0,16.0
0306083v1.pdf,11,MgB2,T=24K,5.056904851336473,24.0,1.4,39.0,16.0
0306083v1.pdf,11,MgB2,T=24K,5.049218022670182,24.0,1.5,39.0,16.0
0306083v1.pdf,11,MgB2,T=24K,5.041392685158225,24.0,1.6,39.0,16.0
0306083v1.pdf,11,MgB2,T=24K,5.033423755486949,24.0,1.7,39.0,16.0
0306083v1.pdf,11,MgB2,T=24K,5.02530586526477,24.0,1.8,39.0,16.0
0306083v1.pdf,11,MgB2,T=24K,5.017033339298781,24.0,1.9,39.0,16.0
0306083v1.pdf,11,MgB2,T=24K,5.008600171761918,24.0,2.0,39.0,16.0
0404257v1.pdf,9,Li2BPd3,2K,5.0,2.0,0.0,8.0,4.0
0404257v1.pdf,9,Li2BPd3,2K,4.903089986991944,2.0,0.2,8.0,4.0
0404257v1.pdf,9,Li2BPd3,2K,4.778151250383644,2.0,0.4,8.0,4.0
0404257v1.pdf,9,Li2BPd3,2K,4.6020599913279625,2.0,0.6,8.0,4.0
0404257v1.pdf,9,Li2BPd3,2K,4.477121254719663,2.0,0.8,8.0,4.0
0404257v1.pdf,9,Li2BPd3,2K,4.301029995663981,2.0,1.0,8.0,4.0
0404257v1.pdf,9,Li2BPd3,2K,4.176091259055681,2.0,1.2,8.0,4.0
0404257v1.pdf,9,Li2BPd3,2K,4.0,2.0,1.4,8.0,4.0
0404257v1.pdf,9,Li2BPd3,2K,3.903089986991944,2.0,1.6,8.0,4.0
0404257v1.pdf,9,Li2BPd3,2K,3.7781512503836434,2.0,1.8,8.0,4.0
0404257v1.pdf,9,Li2BPd3,2K,3.6020599913279625,2.0,2.0,8.0,4.0
0404257v1.pdf,9,Li2BPd3,2K,3.4771212547196626,2.0,2.2,8.0,4.0
0404257v1.pdf,9,Li2BPd3,2K,3.3010299956639813,2.0,2.4,8.0,4.0
0404257v1.pdf,9,Li2BPd3,2K,3.1760912590556813,2.0,2.6,8.0,4.0
0404257v1.pdf,9,Li2BPd3,2K,3.0,2.0,2.8,8.0,4.0
0404257v1.pdf,9,Li2BPd3,2K,2.903089986991944,2.0,3.0,8.0,4.0
0404257v1.pdf,9,Li2BPd3,2K,2.7781512503836434,2.0,3.2,8.0,4.0
0404257v1.pdf,9,Li2BPd3,2K,2.6020599913279625,2.0,3.4,8.0,4.0
0404257v1.pdf,9,Li2BPd3,2K,2.4771212547196626,2.0,3.6,8.0,4.0
0404257v1.pdf,9,Li2BPd3,2K,2.3010299956639813,2.0,3.8,8.0,4.0
0404257v1.pdf,9,Li2BPd3,2K,2.0,2.0,4.0,8.0,4.0
0404257v1.pdf,9,Li2BPd3,4K,4.903089986991944,4.0,0.0,8.0,4.0
0404257v1.pdf,9,Li2BPd3,4K,4.778151250383644,4.0,0.2,8.0,4.0
0404257v1.pdf,9,Li2BPd3,4K,4.6020599913279625,4.0,0.4,8.0,4.0
0404257v1.pdf,9,Li2BPd3,4K,4.477121254719663,4.0,0.6,8.0,4.0
0404257v1.pdf,9,Li2BPd3,4K,4.301029995663981,4.0,0.8,8.0,4.0
0404257v1.pdf,9,Li2BPd3,4K,4.176091259055681,4.0,1.0,8.0,4.0
0404257v1.pdf,9,Li2BPd3,4K,4.0,4.0,1.2,8.0,4.0
0404257v1.pdf,9,Li2BPd3,4K,3.903089986991944,4.0,1.4,8.0,4.0
0404257v1.pdf,9,Li2BPd3,4K,3.7781512503836434,4.0,1.6,8.0,4.0
0404257v1.pdf,9,Li2BPd3,4K,3.6020599913279625,4.0,1.8,8.0,4.0
0404257v1.pdf,9,Li2BPd3,4K,3.4771212547196626,4.0,2.0,8.0,4.0
0404257v1.pdf,9,Li2BPd3,4K,3.3010299956639813,4.0,2.2,8.0,4.0
0404257v1.pdf,9,Li2BPd3,4K,3.1760912590556813,4.0,2.4,8.0,4.0
0404257v1.pdf,9,Li2BPd3,4K,3.0,4.0,2.6,8.0,4.0
0404257v1.pdf,9,Li2BPd3,4K,2.903089986991944,4.0,2.8,8.0,4.0
0404257v1.pdf,9,Li2BPd3,4K,2.7781512503836434,4.0,3.0,8.0,4.0
0404257v1.pdf,9,Li2BPd3,4K,2.6020599913279625,4.0,3.2,8.0,4.0
0404257v1.pdf,9,Li2BPd3,4K,2.4771212547196626,4.0,3.4,8.0,4.0
0404257v1.pdf,9,Li2BPd3,4K,2.3010299956639813,4.0,3.6,8.0,4.0
0404257v1.pdf,9,Li2BPd3,4K,2.0,4.0,3.8,8.0,4.0
0404257v1.pdf,9,Li2BPd3,4K,1.6989700043360187,4.0,4.0,8.0,4.0
0404257v1.pdf,9,Li2BPd3,6K,4.778151250383644,6.0,0.0,8.0,4.0
0404257v1.pdf,9,Li2BPd3,6K,4.6020599913279625,6.0,0.2,8.0,4.0
0404257v1.pdf,9,Li2BPd3,6K,4.477121254719663,6.0,0.4,8.0,4.0
0404257v1.pdf,9,Li2BPd3,6K,4.301029995663981,6.0,0.6,8.0,4.0
0404257v1.pdf,9,Li2BPd3,6K,4.176091259055681,6.0,0.8,8.0,4.0
0404257v1.pdf,9,Li2BPd3,6K,4.0,6.0,1.0,8.0,4.0
0404257v1.pdf,9,Li2BPd3,6K,3.903089986991944,6.0,1.2,8.0,4.0
0404257v1.pdf,9,Li2BPd3,6K,3.7781512503836434,6.0,1.4,8.0,4.0
0404257v1.pdf,9,Li2BPd3,6K,3.6020599913279625,6.0,1.6,8.0,4.0
0404257v1.pdf,9,Li2BPd3,6K,3.4771212547196626,6.0,1.8,8.0,4.0
0404257v1.pdf,9,Li2BPd3,6K,3.3010299956639813,6.0,2.0,8.0,4.0
0404257v1.pdf,9,Li2BPd3,6K,3.1760912590556813,6.0,2.2,8.0,4.0
0404257v1.pdf,9,Li2BPd3,6K,3.0,6.0,2.4,8.0,4.0
0404257v1.pdf,9,Li2BPd3,6K,2.903089986991944,6.0,2.6,8.0,4.0
0404257v1.pdf,9,Li2BPd3,6K,2.7781512503836434,6.0,2.8,8.0,4.0
0404257v1.pdf,9,Li2BPd3,6K,2.6020599913279625,6.0,3.0,8.0,4.0
0404257v1.pdf,9,Li2BPd3,6K,2.4771212547196626,6.0,3.2,8.0,4.0
0404257v1.pdf,9,Li2BPd3,6K,2.3010299956639813,6.0,3.4,8.0,4.0
0404257v1.pdf,9,Li2BPd3,6K,2.0,6.0,3.6,8.0,4.0
0404257v1.pdf,9,Li2BPd3,6K,1.6989700043360187,6.0,3.8,8.0,4.0
0404257v1.pdf,9,Li2BPd3,6K,1.3979400086720375,6.0,4.0,8.0,4.0
0404257v1.pdf,9,Li2BPd3,7K,4.6020599913279625,7.0,0.0,8.0,4.0
0404257v1.pdf,9,Li2BPd3,7K,4.477121254719663,7.0,0.2,8.0,4.0
0404257v1.pdf,9,Li2BPd3,7K,4.301029995663981,7.0,0.4,8.0,4.0
0404257v1.pdf,9,Li2BPd3,7K,4.176091259055681,7.0,0.6,8.0,4.0
0404257v1.pdf,9,Li2BPd3,7K,4.0,7.0,0.8,8.0,4.0
0404257v1.pdf,9,Li2BPd3,7K,3.903089986991944,7.0,1.0,8.0,4.0
0404257v1.pdf,9,Li2BPd3,7K,3.7781512503836434,7.0,1.2,8.0,4.0
0404257v1.pdf,9,Li2BPd3,7K,3.6020599913279625,7.0,1.4,8.0,4.0
0404257v1.pdf,9,Li2BPd3,7K,3.4771212547196626,7.0,1.6,8.0,4.0
0404257v1.pdf,9,Li2BPd3,7K,3.3010299956639813,7.0,1.8,8.0,4.0
0404257v1.pdf,9,Li2BPd3,7K,3.1760912590556813,7.0,2.0,8.0,4.0
0404257v1.pdf,9,Li2BPd3,7K,3.0,7.0,2.2,8.0,4.0
0404257v1.pdf,9,Li2BPd3,7K,2.903089986991944,7.0,2.4,8.0,4.0
0404257v1.pdf,9,Li2BPd3,7K,2.7781512503836434,7.0,2.6,8.0,4.0
0404257v1.pdf,9,Li2BPd3,7K,2.6020599913279625,7.0,2.8,8.0,4.0
0404257v1.pdf,9,Li2BPd3,7K,2.4771212547196626,7.0,3.0,8.0,4.0
0404257v1.pdf,9,Li2BPd3,7K,2.3010299956639813,7.0,3.2,8.0,4.0
0404257v1.pdf,9,Li2BPd3,7K,2.0,7.0,3.4,8.0,4.0
0404257v1.pdf,9,Li2BPd3,7K,1.6989700043360187,7.0,3.6,8.0,4.0
0404257v1.pdf,9,Li2BPd3,7K,1.3979400086720375,7.0,3.8,8.0,4.0
0404257v1.pdf,9,Li2BPd3,7K,1.0,7.0,4.0,8.0,4.0
0405567v1.pdf,13,MgB2,Set I T = 20 K 0%,5.6020599913279625,20.0,0.1,39.0,16.0
0405567v1.pdf,13,MgB2,Set I T = 20 K 0%,5.544068044350276,20.0,0.5,39.0,16.0
0405567v1.pdf,13,MgB2,Set I T = 20 K 0%,5.477121254719663,20.0,1.0,39.0,16.0
0405567v1.pdf,13,MgB2,Set I T = 20 K 0%,5.3979400086720375,20.0,1.5,39.0,16.0
0405567v1.pdf,13,MgB2,Set I T = 20 K 0%,5.301029995663981,20.0,2.0,39.0,16.0
0405567v1.pdf,13,MgB2,Set I T = 20 K 0%,5.176091259055681,20.0,2.5,39.0,16.0
0405567v1.pdf,13,MgB2,Set I T = 20 K 0%,5.0,20.0,3.0,39.0,16.0
0405567v1.pdf,13,MgB2,Set I T = 20 K 0%,4.903089986991944,20.0,3.5,39.0,16.0
0405567v1.pdf,13,MgB2,Set I T = 20 K 0%,4.778151250383644,20.0,4.0,39.0,16.0
0405567v1.pdf,13,MgB2,Set I T = 20 K 0%,4.6020599913279625,20.0,4.5,39.0,16.0
0405567v1.pdf,13,MgB2,Set I T = 20 K 0%,4.477121254719663,20.0,5.0,39.0,16.0
0405567v1.pdf,13,MgB2,Set I T = 20 K 0%,4.301029995663981,20.0,5.5,39.0,16.0
0405567v1.pdf,13,MgB2,Set I T = 20 K 0%,4.176091259055681,20.0,6.0,39.0,16.0
0405567v1.pdf,13,MgB2,Set I T = 20 K 0%,4.0,20.0,6.5,39.0,16.0
0405567v1.pdf,13,MgB2,Set I T = 20 K 0%,3.903089986991944,20.0,7.0,39.0,16.0
0405567v1.pdf,13,MgB2,Set I T = 20 K 1%,5.57978359661681,20.0,0.1,39.0,16.0
0405567v1.pdf,13,MgB2,Set I T = 20 K 1%,5.531478917042255,20.0,0.5,39.0,16.0
0405567v1.pdf,13,MgB2,Set I T = 20 K 1%,5.4623979978989565,20.0,1.0,39.0,16.0
0405567v1.pdf,13,MgB2,Set I T = 20 K 1%,5.380211241711606,20.0,1.5,39.0,16.0
0405567v1.pdf,13,MgB2,Set I T = 20 K 1%,5.278753600952829,20.0,2.0,39.0,16.0
0405567v1.pdf,13,MgB2,Set I T = 20 K 1%,5.146128035678238,20.0,2.5,39.0,16.0
0405567v1.pdf,13,MgB2,Set I T = 20 K 1%,4.954242509439325,20.0,3.0,39.0,16.0
0405567v1.pdf,13,MgB2,Set I T = 20 K 1%,4.845098040014257,20.0,3.5,39.0,16.0
0405567v1.pdf,13,MgB2,Set I T = 20 K 1%,4.698970004336019,20.0,4.0,39.0,16.0
0405567v1.pdf,13,MgB2,Set I T = 20 K 1%,4.544068044350276,20.0,4.5,39.0,16.0
0405567v1.pdf,13,MgB2,Set I T = 20 K 1%,4.3979400086720375,20.0,5.0,39.0,16.0
0405567v1.pdf,13,MgB2,Set I T = 20 K 1%,4.2552725051033065,20.0,5.5,39.0,16.0
0405567v1.pdf,13,MgB2,Set I T = 20 K 1%,4.079181246047625,20.0,6.0,39.0,16.0
0405567v1.pdf,13,MgB2,Set I T = 20 K 1%,3.9542425094393248,20.0,6.5,39.0,16.0
0405567v1.pdf,13,MgB2,Set I T = 20 K 1%,3.845098040014257,20.0,7.0,39.0,16.0
0405567v1.pdf,13,MgB2,Set I T = 20 K 2.5%,5.556302500767287,20.0,0.1,39.0,16.0
0405567v1.pdf,13,MgB2,Set I T = 20 K 2.5%,5.518513939877887,20.0,0.5,39.0,16.0
0405567v1.pdf,13,MgB2,Set I T = 20 K 2.5%,5.447158031342219,20.0,1.0,39.0,16.0
0405567v1.pdf,13,MgB2,Set I T = 20 K 2.5%,5.361727836017593,20.0,1.5,39.0,16.0
0405567v1.pdf,13,MgB2,Set I T = 20 K 2.5%,5.2552725051033065,20.0,2.0,39.0,16.0
0405567v1.pdf,13,MgB2,Set I T = 20 K 2.5%,5.113943352306837,20.0,2.5,39.0,16.0
0405567v1.pdf,13,MgB2,Set I T = 20 K 2.5%,4.929418925714293,20.0,3.0,39.0,16.0
0405567v1.pdf,13,MgB2,Set I T = 20 K 2.5%,4.812913356642856,20.0,3.5,39.0,16.0
0405567v1.pdf,13,MgB2,Set I T = 20 K 2.5%,4.653212513775344,20.0,4.0,39.0,16.0
0405567v1.pdf,13,MgB2,Set I T = 20 K 2.5%,4.505149978319906,20.0,4.5,39.0,16.0
0405567v1.pdf,13,MgB2,Set I T = 20 K 2.5%,4.342422680822207,20.0,5.0,39.0,16.0
0405567v1.pdf,13,MgB2,Set I T = 20 K 2.5%,4.204119982655925,20.0,5.5,39.0,16.0
0405567v1.pdf,13,MgB2,Set I T = 20 K 2.5%,4.041392685158225,20.0,6.0,39.0,16.0
0405567v1.pdf,13,MgB2,Set I T = 20 K 2.5%,3.903089986991944,20.0,6.5,39.0,16.0
0405567v1.pdf,13,MgB2,Set I T = 20 K 2.5%,3.7781512503836434,20.0,7.0,39.0,16.0
0405567v1.pdf,13,MgB2,Set I T = 20 K 5%,5.531478917042255,20.0,0.1,39.0,16.0
0405567v1.pdf,13,MgB2,Set I T = 20 K 5%,5.505149978319906,20.0,0.5,39.0,16.0
0405567v1.pdf,13,MgB2,Set I T = 20 K 5%,5.431363764158987,20.0,1.0,39.0,16.0
0405567v1.pdf,13,MgB2,Set I T = 20 K 5%,5.342422680822207,20.0,1.5,39.0,16.0
0405567v1.pdf,13,MgB2,Set I T = 20 K 5%,5.230448921378274,20.0,2.0,39.0,16.0
0405567v1.pdf,13,MgB2,Set I T = 20 K 5%,5.079181246047625,20.0,2.5,39.0,16.0
0405567v1.pdf,13,MgB2,Set I T = 20 K 5%,4.903089986991944,20.0,3.0,39.0,16.0
0405567v1.pdf,13,MgB2,Set I T = 20 K 5%,4.778151250383644,20.0,3.5,39.0,16.0
0405567v1.pdf,13,MgB2,Set I T = 20 K 5%,4.6020599913279625,20.0,4.0,39.0,16.0
0405567v1.pdf,13,MgB2,Set I T = 20 K 5%,4.477121254719663,20.0,4.5,39.0,16.0
0405567v1.pdf,13,MgB2,Set I T = 20 K 5%,4.301029995663981,20.0,5.0,39.0,16.0
0405567v1.pdf,13,MgB2,Set I T = 20 K 5%,4.146128035678238,20.0,5.5,39.0,16.0
0405567v1.pdf,13,MgB2,Set I T = 20 K 5%,4.0,20.0,6.0,39.0,16.0
0405567v1.pdf,13,MgB2,Set I T = 20 K 5%,3.845098040014257,20.0,6.5,39.0,16.0
0405567v1.pdf,13,MgB2,Set I T = 20 K 5%,3.6989700043360174,20.0,7.0,39.0,16.0
0405567v1.pdf,13,MgB2,Set II T = 20 K 0%,5.5910646070265,20.0,0.1,39.0,16.0
0405567v1.pdf,13,MgB2,Set II T = 20 K 0%,5.537819095073274,20.0,0.5,39.0,16.0
0405567v1.pdf,13,MgB2,Set II T = 20 K 0%,5.469822015978163,20.0,1.0,39.0,16.0
0405567v1.pdf,13,MgB2,Set II T = 20 K 0%,5.389166084364533,20.0,1.5,39.0,16.0
0405567v1.pdf,13,MgB2,Set II T = 20 K 0%,5.290034611362518,20.0,2.0,39.0,16.0
0405567v1.pdf,13,MgB2,Set II T = 20 K 0%,5.161368002234975,20.0,2.5,39.0,16.0
0405567v1.pdf,13,MgB2,Set II T = 20 K 0%,4.977723605288848,20.0,3.0,39.0,16.0
0405567v1.pdf,13,MgB2,Set II T = 20 K 0%,4.8750612633917,20.0,3.5,39.0,16.0
0405567v1.pdf,13,MgB2,Set II T = 20 K 0%,4.740362689494244,20.0,4.0,39.0,16.0
0405567v1.pdf,13,MgB2,Set II T = 20 K 0%,4.57978359661681,20.0,4.5,39.0,16.0
0405567v1.pdf,13,MgB2,Set II T = 20 K 0%,4.431363764158987,20.0,5.0,39.0,16.0
0405567v1.pdf,13,MgB2,Set II T = 20 K 0%,4.278753600952829,20.0,5.5,39.0,16.0
0405567v1.pdf,13,MgB2,Set II T = 20 K 0%,4.113943352306837,20.0,6.0,39.0,16.0
0405567v1.pdf,13,MgB2,Set II T = 20 K 0%,3.977723605288848,20.0,6.5,39.0,16.0
0405567v1.pdf,13,MgB2,Set II T = 20 K 0%,3.8750612633917,20.0,7.0,39.0,16.0
0405567v1.pdf,13,MgB2,Set II T = 20 K 1%,5.568201724066995,20.0,0.1,39.0,16.0
0405567v1.pdf,13,MgB2,Set II T = 20 K 1%,5.525044807036846,20.0,0.5,39.0,16.0
0405567v1.pdf,13,MgB2,Set II T = 20 K 1%,5.45484486000851,20.0,1.0,39.0,16.0
0405567v1.pdf,13,MgB2,Set II T = 20 K 1%,5.371067862271736,20.0,1.5,39.0,16.0
0405567v1.pdf,13,MgB2,Set II T = 20 K 1%,5.267171728403014,20.0,2.0,39.0,16.0
0405567v1.pdf,13,MgB2,Set II T = 20 K 1%,5.130333768495007,20.0,2.5,39.0,16.0
0405567v1.pdf,13,MgB2,Set II T = 20 K 1%,4.954242509439325,20.0,3.0,39.0,16.0
0405567v1.pdf,13,MgB2,Set II T = 20 K 1%,4.845098040014257,20.0,3.5,39.0,16.0
0405567v1.pdf,13,MgB2,Set II T = 20 K 1%,4.698970004336019,20.0,4.0,39.0,16.0
0405567v1.pdf,13,MgB2,Set II T = 20 K 1%,4.544068044350276,20.0,4.5,39.0,16.0
0405567v1.pdf,13,MgB2,Set II T = 20 K 1%,4.380211241711606,20.0,5.0,39.0,16.0
0405567v1.pdf,13,MgB2,Set II T = 20 K 1%,4.230448921378274,20.0,5.5,39.0,16.0
0405567v1.pdf,13,MgB2,Set II T = 20 K 1%,4.079181246047625,20.0,6.0,39.0,16.0
0405567v1.pdf,13,MgB2,Set II T = 20 K 1%,3.929418925714293,20.0,6.5,39.0,16.0
0405567v1.pdf,13,MgB2,Set II T = 20 K 1%,3.812913356642856,20.0,7.0,39.0,16.0
0405567v1.pdf,13,MgB2,Set II T = 20 K 2.5%,5.544068044350276,20.0,0.1,39.0,16.0
0405567v1.pdf,13,MgB2,Set II T = 20 K 2.5%,5.511883360978874,20.0,0.5,39.0,16.0
0405567v1.pdf,13,MgB2,Set II T = 20 K 2.5%,5.439332693830263,20.0,1.0,39.0,16.0
0405567v1.pdf,13,MgB2,Set II T = 20 K 2.5%,5.352182518111363,20.0,1.5,39.0,16.0
0405567v1.pdf,13,MgB2,Set II T = 20 K 2.5%,5.243038048686294,20.0,2.0,39.0,16.0
0405567v1.pdf,13,MgB2,Set II T = 20 K 2.5%,5.096910013008056,20.0,2.5,39.0,16.0
0405567v1.pdf,13,MgB2,Set II T = 20 K 2.5%,4.929418925714293,20.0,3.0,39.0,16.0
0405567v1.pdf,13,MgB2,Set II T = 20 K 2.5%,4.812913356642856,20.0,3.5,39.0,16.0
0405567v1.pdf,13,MgB2,Set II T = 20 K 2.5%,4.653212513775344,20.0,4.0,39.0,16.0
0405567v1.pdf,13,MgB2,Set II T = 20 K 2.5%,4.505149978319906,20.0,4.5,39.0,16.0
0405567v1.pdf,13,MgB2,Set II T = 20 K 2.5%,4.342422680822207,20.0,5.0,39.0,16.0
0405567v1.pdf,13,MgB2,Set II T = 20 K 2.5%,4.204119982655925,20.0,5.5,39.0,16.0
0405567v1.pdf,13,MgB2,Set II T = 20 K 2.5%,4.041392685158225,20.0,6.0,39.0,16.0
0405567v1.pdf,13,MgB2,Set II T = 20 K 2.5%,3.903089986991944,20.0,6.5,39.0,16.0
0405567v1.pdf,13,MgB2,Set II T = 20 K 2.5%,3.7781512503836434,20.0,7.0,39.0,16.0
0405567v1.pdf,13,MgB2,Set II T = 20 K 5%,5.518513939877887,20.0,0.1,39.0,16.0
0405567v1.pdf,13,MgB2,Set II T = 20 K 5%,5.498310553789601,20.0,0.5,39.0,16.0
0405567v1.pdf,13,MgB2,Set II T = 20 K 5%,5.423245873936808,20.0,1.0,39.0,16.0
0405567v1.pdf,13,MgB2,Set II T = 20 K 5%,5.332438459915605,20.0,1.5,39.0,16.0
0405567v1.pdf,13,MgB2,Set II T = 20 K 5%,5.217483944213907,20.0,2.0,39.0,16.0
0405567v1.pdf,13,MgB2,Set II T = 20 K 5%,5.060697840353612,20.0,2.5,39.0,16.0
0405567v1.pdf,13,MgB2,Set II T = 20 K 5%,4.8750612633917,20.0,3.0,39.0,16.0
0405567v1.pdf,13,MgB2,Set II T = 20 K 5%,4.740362689494244,20.0,3.5,39.0,16.0
0405567v1.pdf,13,MgB2,Set II T = 20 K 5%,4.544068044350276,20.0,4.0,39.0,16.0
0405567v1.pdf,13,MgB2,Set II T = 20 K 5%,4.3979400086720375,20.0,4.5,39.0,16.0
0405567v1.pdf,13,MgB2,Set II T = 20 K 5%,4.2552725051033065,20.0,5.0,39.0,16.0
0405567v1.pdf,13,MgB2,Set II T = 20 K 5%,4.113943352306837,20.0,5.5,39.0,16.0
0405567v1.pdf,13,MgB2,Set II T = 20 K 5%,3.9542425094393248,20.0,6.0,39.0,16.0
0405567v1.pdf,13,MgB2,Set II T = 20 K 5%,3.812913356642856,20.0,6.5,39.0,16.0
0405567v1.pdf,13,MgB2,Set II T = 20 K 5%,3.653212513775344,20.0,7.0,39.0,16.0
0405567v1.pdf,13,MgB2,Set II T = 5 K 0%,5.778151250383644,5.0,0.1,39.0,16.0
0405567v1.pdf,13,MgB2,Set II T = 5 K 0%,5.740362689494244,5.0,0.5,39.0,16.0
0405567v1.pdf,13,MgB2,Set II T = 5 K 0%,5.698970004336019,5.0,1.0,39.0,16.0
0405567v1.pdf,13,MgB2,Set II T = 5 K 0%,5.653212513775344,5.0,1.5,39.0,16.0
0405567v1.pdf,13,MgB2,Set II T = 5 K 0%,5.6020599913279625,5.0,2.0,39.0,16.0
0405567v1.pdf,13,MgB2,Set II T = 5 K 0%,5.544068044350276,5.0,2.5,39.0,16.0
0405567v1.pdf,13,MgB2,Set II T = 5 K 0%,5.477121254719663,5.0,3.0,39.0,16.0
0405567v1.pdf,13,MgB2,Set II T = 5 K 0%,5.3979400086720375,5.0,3.5,39.0,16.0
0405567v1.pdf,13,MgB2,Set II T = 5 K 0%,5.301029995663981,5.0,4.0,39.0,16.0
0405567v1.pdf,13,MgB2,Set II T = 5 K 0%,5.176091259055681,5.0,4.5,39.0,16.0
0405567v1.pdf,13,MgB2,Set II T = 5 K 0%,5.0,5.0,5.0,39.0,16.0
0405567v1.pdf,13,MgB2,Set II T = 5 K 0%,4.903089986991944,5.0,5.5,39.0,16.0
0405567v1.pdf,13,MgB2,Set II T = 5 K 0%,4.778151250383644,5.0,6.0,39.0,16.0
0405567v1.pdf,13,MgB2,Set II T = 5 K 0%,4.6020599913279625,5.0,6.5,39.0,16.0
0405567v1.pdf,13,MgB2,Set II T = 5 K 0%,4.477121254719663,5.0,7.0,39.0,16.0
0405567v1.pdf,13,MgB2,Set II T = 5 K 1%,5.763427993562937,5.0,0.1,39.0,16.0
0405567v1.pdf,13,MgB2,Set II T = 5 K 1%,5.732393759822968,5.0,0.5,39.0,16.0
0405567v1.pdf,13,MgB2,Set II T = 5 K 1%,5.690196080028514,5.0,1.0,39.0,16.0
0405567v1.pdf,13,MgB2,Set II T = 5 K 1%,5.643452676486188,5.0,1.5,39.0,16.0
0405567v1.pdf,13,MgB2,Set II T = 5 K 1%,5.5910646070265,5.0,2.0,39.0,16.0
0405567v1.pdf,13,MgB2,Set II T = 5 K 1%,5.531478917042255,5.0,2.5,39.0,16.0
0405567v1.pdf,13,MgB2,Set II T = 5 K 1%,5.4623979978989565,5.0,3.0,39.0,16.0
0405567v1.pdf,13,MgB2,Set II T = 5 K 1%,5.380211241711606,5.0,3.5,39.0,16.0
0405567v1.pdf,13,MgB2,Set II T = 5 K 1%,5.278753600952829,5.0,4.0,39.0,16.0
0405567v1.pdf,13,MgB2,Set II T = 5 K 1%,5.146128035678238,5.0,4.5,39.0,16.0
0405567v1.pdf,13,MgB2,Set II T = 5 K 1%,4.954242509439325,5.0,5.0,39.0,16.0
0405567v1.pdf,13,MgB2,Set II T = 5 K 1%,4.845098040014257,5.0,5.5,39.0,16.0
0405567v1.pdf,13,MgB2,Set II T = 5 K 1%,4.698970004336019,5.0,6.0,39.0,16.0
0405567v1.pdf,13,MgB2,Set II T = 5 K 1%,4.544068044350276,5.0,6.5,39.0,16.0
0405567v1.pdf,13,MgB2,Set II T = 5 K 1%,4.3979400086720375,5.0,7.0,39.0,16.0
0405567v1.pdf,13,MgB2,Set II T = 5 K 2.5%,5.748188027006201,5.0,0.1,39.0,16.0
0405567v1.pdf,13,MgB2,Set II T = 5 K 2.5%,5.724275869600789,5.0,0.5,39.0,16.0
0405567v1.pdf,13,MgB2,Set II T = 5 K 2.5%,5.681241237375588,5.0,1.0,39.0,16.0
0405567v1.pdf,13,MgB2,Set II T = 5 K 2.5%,5.633468455579586,5.0,1.5,39.0,16.0
0405567v1.pdf,13,MgB2,Set II T = 5 K 2.5%,5.57978359661681,5.0,2.0,39.0,16.0
0405567v1.pdf,13,MgB2,Set II T = 5 K 2.5%,5.518513939877887,5.0,2.5,39.0,16.0
0405567v1.pdf,13,MgB2,Set II T = 5 K 2.5%,5.447158031342219,5.0,3.0,39.0,16.0
0405567v1.pdf,13,MgB2,Set II T = 5 K 2.5%,5.361727836017593,5.0,3.5,39.0,16.0
0405567v1.pdf,13,MgB2,Set II T = 5 K 2.5%,5.2552725051033065,5.0,4.0,39.0,16.0
0405567v1.pdf,13,MgB2,Set II T = 5 K 2.5%,5.113943352306837,5.0,4.5,39.0,16.0
0405567v1.pdf,13,MgB2,Set II T = 5 K 2.5%,4.929418925714293,5.0,5.0,39.0,16.0
0405567v1.pdf,13,MgB2,Set II T = 5 K 2.5%,4.812913356642856,5.0,5.5,39.0,16.0
0405567v1.pdf,13,MgB2,Set II T = 5 K 2.5%,4.653212513775344,5.0,6.0,39.0,16.0
0405567v1.pdf,13,MgB2,Set II T = 5 K 2.5%,4.477121254719663,5.0,6.5,39.0,16.0
0405567v1.pdf,13,MgB2,Set II T = 5 K 2.5%,4.301029995663981,5.0,7.0,39.0,16.0
0405567v1.pdf,13,MgB2,Set II T = 5 K 5%,5.732393759822968,5.0,0.1,39.0,16.0
0405567v1.pdf,13,MgB2,Set II T = 5 K 5%,5.7160033436348,5.0,0.5,39.0,16.0
0405567v1.pdf,13,MgB2,Set II T = 5 K 5%,5.672097857935717,5.0,1.0,39.0,16.0
0405567v1.pdf,13,MgB2,Set II T = 5 K 5%,5.623249290397901,5.0,1.5,39.0,16.0
0405567v1.pdf,13,MgB2,Set II T = 5 K 5%,5.568201724066995,5.0,2.0,39.0,16.0
0405567v1.pdf,13,MgB2,Set II T = 5 K 5%,5.505149978319906,5.0,2.5,39.0,16.0
0405567v1.pdf,13,MgB2,Set II T = 5 K 5%,5.431363764158987,5.0,3.0,39.0,16.0
0405567v1.pdf,13,MgB2,Set II T = 5 K 5%,5.342422680822207,5.0,3.5,39.0,16.0
0405567v1.pdf,13,MgB2,Set II T = 5 K 5%,5.230448921378274,5.0,4.0,39.0,16.0
0405567v1.pdf,13,MgB2,Set II T = 5 K 5%,5.079181246047625,5.0,4.5,39.0,16.0
0405567v1.pdf,13,MgB2,Set II T = 5 K 5%,4.903089986991944,5.0,5.0,39.0,16.0
0405567v1.pdf,13,MgB2,Set II T = 5 K 5%,4.778151250383644,5.0,5.5,39.0,16.0
0405567v1.pdf,13,MgB2,Set II T = 5 K 5%,4.6020599913279625,5.0,6.0,39.0,16.0
0405567v1.pdf,13,MgB2,Set II T = 5 K 5%,4.3979400086720375,5.0,6.5,39.0,16.0
0405567v1.pdf,13,MgB2,Set II T = 5 K 5%,4.176091259055681,5.0,7.0,39.0,16.0
0507652v1.pdf,17,MgB2,C98 6K,4.903089986991944,6.0,0.1,39.0,16.0
0507652v1.pdf,17,MgB2,C98 6K,4.778151250383644,6.0,0.5,39.0,16.0
0507652v1.pdf,17,MgB2,C98 6K,4.6020599913279625,6.0,1.0,39.0,16.0
0507652v1.pdf,17,MgB2,C98 6K,4.477121254719663,6.0,1.5,39.0,16.0
0507652v1.pdf,17,MgB2,C98 6K,4.301029995663981,6.0,2.0,39.0,16.0
0507652v1.pdf,17,MgB2,C98 6K,4.176091259055681,6.0,2.5,39.0,16.0
0507652v1.pdf,17,MgB2,C98 6K,4.0,6.0,3.0,39.0,16.0
0507652v1.pdf,17,MgB2,C98 6K,3.903089986991944,6.0,3.5,39.0,16.0
0507652v1.pdf,17,MgB2,C98 6K,3.7781512503836434,6.0,4.0,39.0,16.0
0507652v1.pdf,17,MgB2,C98 6K,3.6989700043360174,6.0,4.5,39.0,16.0
0507652v1.pdf,17,MgB2,C98 6K,3.6020599913279625,6.0,5.0,39.0,16.0
0507652v1.pdf,17,MgB2,C99 6K,4.954242509439325,6.0,0.1,39.0,16.0
0507652v1.pdf,17,MgB2,C99 6K,4.845098040014257,6.0,0.5,39.0,16.0
0507652v1.pdf,17,MgB2,C99 6K,4.698970004336019,6.0,1.0,39.0,16.0
0507652v1.pdf,17,MgB2,C99 6K,4.544068044350276,6.0,1.5,39.0,16.0
0507652v1.pdf,17,MgB2,C99 6K,4.3979400086720375,6.0,2.0,39.0,16.0
0507652v1.pdf,17,MgB2,C99 6K,4.2552725051033065,6.0,2.5,39.0,16.0
0507652v1.pdf,17,MgB2,C99 6K,4.079181246047625,6.0,3.0,39.0,16.0
0507652v1.pdf,17,MgB2,C99 6K,3.9542425094393248,6.0,3.5,39.0,16.0
0507652v1.pdf,17,MgB2,C99 6K,3.845098040014257,6.0,4.0,39.0,16.0
0507652v1.pdf,17,MgB2,C99 6K,3.740362689494244,6.0,4.5,39.0,16.0
0507652v1.pdf,17,MgB2,C99 6K,3.653212513775344,6.0,5.0,39.0,16.0
0507652v1.pdf,17,MgB2,A9597 6K,4.977723605288848,6.0,0.1,39.0,16.0
0507652v1.pdf,17,MgB2,A9597 6K,4.8750612633917,6.0,0.5,39.0,16.0
0507652v1.pdf,17,MgB2,A9597 6K,4.740362689494244,6.0,1.0,39.0,16.0
0507652v1.pdf,17,MgB2,A9597 6K,4.6020599913279625,6.0,1.5,39.0,16.0
0507652v1.pdf,17,MgB2,A9597 6K,4.477121254719663,6.0,2.0,39.0,16.0
0507652v1.pdf,17,MgB2,A9597 6K,4.342422680822207,6.0,2.5,39.0,16.0
0507652v1.pdf,17,MgB2,A9597 6K,4.204119982655925,6.0,3.0,39.0,16.0
0507652v1.pdf,17,MgB2,A9597 6K,4.079181246047625,6.0,3.5,39.0,16.0
0507652v1.pdf,17,MgB2,A9597 6K,3.9542425094393248,6.0,4.0,39.0,16.0
0507652v1.pdf,17,MgB2,A9597 6K,3.845098040014257,6.0,4.5,39.0,16.0
0507652v1.pdf,17,MgB2,A9597 6K,3.7781512503836434,6.0,5.0,39.0,16.0
0507652v1.pdf,17,MgB2,A9999 6K,5.0,6.0,0.1,39.0,16.0
0507652v1.pdf,17,MgB2,A9999 6K,4.903089986991944,6.0,0.5,39.0,16.0
0507652v1.pdf,17,MgB2,A9999 6K,4.778151250383644,6.0,1.0,39.0,16.0
0507652v1.pdf,17,MgB2,A9999 6K,4.653212513775344,6.0,1.5,39.0,16.0
0507652v1.pdf,17,MgB2,A9999 6K,4.544068044350276,6.0,2.0,39.0,16.0
0507652v1.pdf,17,MgB2,A9999 6K,4.414973347970818,6.0,2.5,39.0,16.0
0507652v1.pdf,17,MgB2,A9999 6K,4.301029995663981,6.0,3.0,39.0,16.0
0507652v1.pdf,17,MgB2,A9999 6K,4.176091259055681,6.0,3.5,39.0,16.0
0507652v1.pdf,17,MgB2,A9999 6K,4.041392685158225,6.0,4.0,39.0,16.0
0507652v1.pdf,17,MgB2,A9999 6K,3.929418925714293,6.0,4.5,39.0,16.0
0507652v1.pdf,17,MgB2,A9999 6K,3.845098040014257,6.0,5.0,39.0,16.0
0507652v1.pdf,17,MgB2,C98 20K,4.845098040014257,20.0,0.1,39.0,16.0
0507652v1.pdf,17,MgB2,C98 20K,4.698970004336019,20.0,0.5,39.0,16.0
0507652v1.pdf,17,MgB2,C98 20K,4.544068044350276,20.0,1.0,39.0,16.0
0507652v1.pdf,17,MgB2,C98 20K,4.3979400086720375,20.0,1.5,39.0,16.0
0507652v1.pdf,17,MgB2,C98 20K,4.2552725051033065,20.0,2.0,39.0,16.0
0507652v1.pdf,17,MgB2,C98 20K,4.113943352306837,20.0,2.5,39.0,16.0
0507652v1.pdf,17,MgB2,C98 20K,3.9542425094393248,20.0,3.0,39.0,16.0
0507652v1.pdf,17,MgB2,C98 20K,3.845098040014257,20.0,3.5,39.0,16.0
0507652v1.pdf,17,MgB2,C98 20K,3.6989700043360174,20.0,4.0,39.0,16.0
0507652v1.pdf,17,MgB2,C98 20K,3.6020599913279625,20.0,4.5,39.0,16.0
0507652v1.pdf,17,MgB2,C98 20K,3.4771212547196626,20.0,5.0,39.0,16.0
0507652v1.pdf,17,MgB2,C99 20K,4.8750612633917,20.0,0.1,39.0,16.0
0507652v1.pdf,17,MgB2,C99 20K,4.740362689494244,20.0,0.5,39.0,16.0
0507652v1.pdf,17,MgB2,C99 20K,4.6020599913279625,20.0,1.0,39.0,16.0
0507652v1.pdf,17,MgB2,C99 20K,4.447158031342219,20.0,1.5,39.0,16.0
0507652v1.pdf,17,MgB2,C99 20K,4.301029995663981,20.0,2.0,39.0,16.0
0507652v1.pdf,17,MgB2,C99 20K,4.176091259055681,20.0,2.5,39.0,16.0
0507652v1.pdf,17,MgB2,C99 20K,4.041392685158225,20.0,3.0,39.0,16.0
0507652v1.pdf,17,MgB2,C99 20K,3.903089986991944,20.0,3.5,39.0,16.0
0507652v1.pdf,17,MgB2,C99 20K,3.7781512503836434,20.0,4.0,39.0,16.0
0507652v1.pdf,17,MgB2,C99 20K,3.653212513775344,20.0,4.5,39.0,16.0
0507652v1.pdf,17,MgB2,C99 20K,3.544068044350276,20.0,5.0,39.0,16.0
0507652v1.pdf,17,MgB2,A9597 20K,4.903089986991944,20.0,0.1,39.0,16.0
0507652v1.pdf,17,MgB2,A9597 20K,4.778151250383644,20.0,0.5,39.0,16.0
0507652v1.pdf,17,MgB2,A9597 20K,4.653212513775344,20.0,1.0,39.0,16.0
0507652v1.pdf,17,MgB2,A9597 20K,4.505149978319906,20.0,1.5,39.0,16.0
0507652v1.pdf,17,MgB2,A9597 20K,4.361727836017593,20.0,2.0,39.0,16.0
0507652v1.pdf,17,MgB2,A9597 20K,4.230448921378274,20.0,2.5,39.0,16.0
0507652v1.pdf,17,MgB2,A9597 20K,4.079181246047625,20.0,3.0,39.0,16.0
0507652v1.pdf,17,MgB2,A9597 20K,3.9542425094393248,20.0,3.5,39.0,16.0
0507652v1.pdf,17,MgB2,A9597 20K,3.845098040014257,20.0,4.0,39.0,16.0
0507652v1.pdf,17,MgB2,A9597 20K,3.6989700043360174,20.0,4.5,39.0,16.0
0507652v1.pdf,17,MgB2,A9597 20K,3.6020599913279625,20.0,5.0,39.0,16.0
0507652v1.pdf,17,MgB2,A9999 20K,4.929418925714293,20.0,0.1,39.0,16.0
0507652v1.pdf,17,MgB2,A9999 20K,4.812913356642856,20.0,0.5,39.0,16.0
0507652v1.pdf,17,MgB2,A9999 20K,4.698970004336019,20.0,1.0,39.0,16.0
0507652v1.pdf,17,MgB2,A9999 20K,4.544068044350276,20.0,1.5,39.0,16.0
0507652v1.pdf,17,MgB2,A9999 20K,4.3979400086720375,20.0,2.0,39.0,16.0
0507652v1.pdf,17,MgB2,A9999 20K,4.2552725051033065,20.0,2.5,39.0,16.0
0507652v1.pdf,17,MgB2,A9999 20K,4.113943352306837,20.0,3.0,39.0,16.0
0507652v1.pdf,17,MgB2,A9999 20K,4.0,20.0,3.5,39.0,16.0
0507652v1.pdf,17,MgB2,A9999 20K,3.8750612633917,20.0,4.0,39.0,16.0
0507652v1.pdf,17,MgB2,A9999 20K,3.740362689494244,20.0,4.5,39.0,16.0
0507652v1.pdf,17,MgB2,A9999 20K,3.653212513775344,20.0,5.0,39.0,16.0
0602484v1.pdf,3,MgB2,MgB2 5K,6.0,5.0,0.0,39.0,16.0
0602484v1.pdf,3,MgB2,MgB2 5K,5.903089986991944,5.0,5e-05,39.0,16.0
0602484v1.pdf,3,MgB2,MgB2 5K,5.778151250383644,5.0,0.0001,39.0,16.0
0602484v1.pdf,3,MgB2,MgB2 5K,5.6020599913279625,5.0,0.00015,39.0,16.0
0602484v1.pdf,3,MgB2,MgB2 5K,5.477121254719663,5.0,0.0002,39.0,16.0
0602484v1.pdf,3,MgB2,MgB2 5K,5.301029995663981,5.0,0.00025,39.0,16.0
0602484v1.pdf,3,MgB2,MgB2 5K,5.176091259055681,5.0,0.0003,39.0,16.0
0602484v1.pdf,3,MgB2,MgB2 5K,5.0,5.0,0.00035,39.0,16.0
0602484v1.pdf,3,MgB2,MgB2 5K,4.903089986991944,5.0,0.0004,39.0,16.0
0602484v1.pdf,3,MgB2,MgB2 5K,4.778151250383644,5.0,0.00045,39.0,16.0
0602484v1.pdf,3,MgB2,MgB2 5K,4.6020599913279625,5.0,0.0005,39.0,16.0
0602484v1.pdf,3,MgB2,MgB2 5K,4.477121254719663,5.0,0.00055,39.0,16.0
0602484v1.pdf,3,MgB2,MgB2 5K,4.301029995663981,5.0,0.0006,39.0,16.0
0602484v1.pdf,3,MgB2,MgB2 5K,4.176091259055681,5.0,0.00065,39.0,16.0
0602484v1.pdf,3,MgB2,MgB2 5K,4.0,5.0,0.0007,39.0,16.0
0602484v1.pdf,3,MgB2,MgB2 5K,3.903089986991944,5.0,0.00075,39.0,16.0
0602484v1.pdf,3,MgB2,MgB2 5K,3.7781512503836434,5.0,0.0008,39.0,16.0
0602484v1.pdf,3,MgB2,MgB2 20K,5.698970004336019,20.0,0.0,39.0,16.0
0602484v1.pdf,3,MgB2,MgB2 20K,5.6020599913279625,20.0,5e-05,39.0,16.0
0602484v1.pdf,3,MgB2,MgB2 20K,5.477121254719663,20.0,0.0001,39.0,16.0
0602484v1.pdf,3,MgB2,MgB2 20K,5.301029995663981,20.0,0.00015,39.0,16.0
0602484v1.pdf,3,MgB2,MgB2 20K,5.176091259055681,20.0,0.0002,39.0,16.0
0602484v1.pdf,3,MgB2,MgB2 20K,5.0,20.0,0.00025,39.0,16.0
0602484v1.pdf,3,MgB2,MgB2 20K,4.903089986991944,20.0,0.0003,39.0,16.0
0602484v1.pdf,3,MgB2,MgB2 20K,4.778151250383644,20.0,0.00035,39.0,16.0
0602484v1.pdf,3,MgB2,MgB2 20K,4.6020599913279625,20.0,0.0004,39.0,16.0
0602484v1.pdf,3,MgB2,MgB2 20K,4.477121254719663,20.0,0.00045,39.0,16.0
0602484v1.pdf,3,MgB2,MgB2 20K,4.301029995663981,20.0,0.0005,39.0,16.0
0602484v1.pdf,3,MgB2,MgB2 20K,4.176091259055681,20.0,0.00055,39.0,16.0
0602484v1.pdf,3,MgB2,MgB2 20K,4.0,20.0,0.0006,39.0,16.0
0602484v1.pdf,3,MgB2,MgB2 20K,3.903089986991944,20.0,0.00065,39.0,16.0
0602484v1.pdf,3,MgB2,MgB2 20K,3.7781512503836434,20.0,0.0007,39.0,16.0
0602484v1.pdf,3,MgB2,MgB2 20K,3.6020599913279625,20.0,0.00075,39.0,16.0
0602484v1.pdf,3,MgB2,MgB2 20K,3.4771212547196626,20.0,0.0008,39.0,16.0
0602484v1.pdf,3,MgB2,CNT-MgB2 5K,6.0,5.0,0.0,39.0,16.0
0602484v1.pdf,3,MgB2,CNT-MgB2 5K,5.954242509439325,5.0,5e-05,39.0,16.0
0602484v1.pdf,3,MgB2,CNT-MgB2 5K,5.903089986991944,5.0,0.0001,39.0,16.0
0602484v1.pdf,3,MgB2,CNT-MgB2 5K,5.845098040014257,5.0,0.00015,39.0,16.0
0602484v1.pdf,3,MgB2,CNT-MgB2 5K,5.778151250383644,5.0,0.0002,39.0,16.0
0602484v1.pdf,3,MgB2,CNT-MgB2 5K,5.698970004336019,5.0,0.00025,39.0,16.0
0602484v1.pdf,3,MgB2,CNT-MgB2 5K,5.6020599913279625,5.0,0.0003,39.0,16.0
0602484v1.pdf,3,MgB2,CNT-MgB2 5K,5.477121254719663,5.0,0.00035,39.0,16.0
0602484v1.pdf,3,MgB2,CNT-MgB2 5K,5.301029995663981,5.0,0.0004,39.0,16.0
0602484v1.pdf,3,MgB2,CNT-MgB2 5K,5.176091259055681,5.0,0.00045,39.0,16.0
0602484v1.pdf,3,MgB2,CNT-MgB2 5K,5.0,5.0,0.0005,39.0,16.0
0602484v1.pdf,3,MgB2,CNT-MgB2 5K,4.903089986991944,5.0,0.00055,39.0,16.0
0602484v1.pdf,3,MgB2,CNT-MgB2 5K,4.778151250383644,5.0,0.0006,39.0,16.0
0602484v1.pdf,3,MgB2,CNT-MgB2 5K,4.6020599913279625,5.0,0.00065,39.0,16.0
0602484v1.pdf,3,MgB2,CNT-MgB2 5K,4.477121254719663,5.0,0.0007,39.0,16.0
0602484v1.pdf,3,MgB2,CNT-MgB2 5K,4.301029995663981,5.0,0.00075,39.0,16.0
0602484v1.pdf,3,MgB2,CNT-MgB2 5K,4.176091259055681,5.0,0.0008,39.0,16.0
0602484v1.pdf,3,MgB2,CNT-MgB2 20K,5.845098040014257,20.0,0.0,39.0,16.0
0602484v1.pdf,3,MgB2,CNT-MgB2 20K,5.778151250383644,20.0,5e-05,39.0,16.0
0602484v1.pdf,3,MgB2,CNT-MgB2 20K,5.698970004336019,20.0,0.0001,39.0,16.0
0602484v1.pdf,3,MgB2,CNT-MgB2 20K,5.6020599913279625,20.0,0.00015,39.0,16.0
0602484v1.pdf,3,MgB2,CNT-MgB2 20K,5.477121254719663,20.0,0.0002,39.0,16.0
0602484v1.pdf,3,MgB2,CNT-MgB2 20K,5.3979400086720375,20.0,0.00025,39.0,16.0
0602484v1.pdf,3,MgB2,CNT-MgB2 20K,5.301029995663981,20.0,0.0003,39.0,16.0
0602484v1.pdf,3,MgB2,CNT-MgB2 20K,5.176091259055681,20.0,0.00035,39.0,16.0
0602484v1.pdf,3,MgB2,CNT-MgB2 20K,5.0,20.0,0.0004,39.0,16.0
0602484v1.pdf,3,MgB2,CNT-MgB2 20K,4.903089986991944,20.0,0.00045,39.0,16.0
0602484v1.pdf,3,MgB2,CNT-MgB2 20K,4.778151250383644,20.0,0.0005,39.0,16.0
0602484v1.pdf,3,MgB2,CNT-MgB2 20K,4.6020599913279625,20.0,0.00055,39.0,16.0
0602484v1.pdf,3,MgB2,CNT-MgB2 20K,4.477121254719663,20.0,0.0006,39.0,16.0
0602484v1.pdf,3,MgB2,CNT-MgB2 20K,4.301029995663981,20.0,0.00065,39.0,16.0
0602484v1.pdf,3,MgB2,CNT-MgB2 20K,4.176091259055681,20.0,0.0007,39.0,16.0
0602484v1.pdf,3,MgB2,CNT-MgB2 20K,4.0,20.0,0.00075,39.0,16.0
0602484v1.pdf,3,MgB2,CNT-MgB2 20K,3.903089986991944,20.0,0.0008,39.0,16.0
0607350v1.pdf,9,MgB2,Un-doped MgB2 5K,6.0,5.0,0.1,39.0,16.0
0607350v1.pdf,9,MgB2,Un-doped MgB2 5K,5.903089986991944,5.0,0.5,39.0,16.0
0607350v1.pdf,9,MgB2,Un-doped MgB2 5K,5.778151250383644,5.0,1.0,39.0,16.0
0607350v1.pdf,9,MgB2,Un-doped MgB2 5K,5.6020599913279625,5.0,1.5,39.0,16.0
0607350v1.pdf,9,MgB2,Un-doped MgB2 5K,5.477121254719663,5.0,2.0,39.0,16.0
0607350v1.pdf,9,MgB2,Un-doped MgB2 5K,5.301029995663981,5.0,2.5,39.0,16.0
0607350v1.pdf,9,MgB2,Un-doped MgB2 5K,5.176091259055681,5.0,3.0,39.0,16.0
0607350v1.pdf,9,MgB2,Un-doped MgB2 5K,5.0,5.0,3.5,39.0,16.0
0607350v1.pdf,9,MgB2,Un-doped MgB2 5K,4.903089986991944,5.0,4.0,39.0,16.0
0607350v1.pdf,9,MgB2,Un-doped MgB2 5K,4.778151250383644,5.0,4.5,39.0,16.0
0607350v1.pdf,9,MgB2,Un-doped MgB2 5K,4.6020599913279625,5.0,5.0,39.0,16.0
0607350v1.pdf,9,MgB2,Un-doped MgB2 5K,4.477121254719663,5.0,5.5,39.0,16.0
0607350v1.pdf,9,MgB2,Un-doped MgB2 5K,4.301029995663981,5.0,6.0,39.0,16.0
0607350v1.pdf,9,MgB2,Un-doped MgB2 5K,4.176091259055681,5.0,6.5,39.0,16.0
0607350v1.pdf,9,MgB2,Un-doped MgB2 5K,4.0,5.0,7.0,39.0,16.0
0607350v1.pdf,9,MgB2,Un-doped MgB2 5K,3.903089986991944,5.0,7.5,39.0,16.0
0607350v1.pdf,9,MgB2,Un-doped MgB2 5K,3.7781512503836434,5.0,8.0,39.0,16.0
0607350v1.pdf,9,MgB2,MgB2+10wt% malic acid 5K,5.954242509439325,5.0,0.1,39.0,16.0
0607350v1.pdf,9,MgB2,MgB2+10wt% malic acid 5K,5.845098040014257,5.0,0.5,39.0,16.0
0607350v1.pdf,9,MgB2,MgB2+10wt% malic acid 5K,5.698970004336019,5.0,1.0,39.0,16.0
0607350v1.pdf,9,MgB2,MgB2+10wt% malic acid 5K,5.544068044350276,5.0,1.5,39.0,16.0
0607350v1.pdf,9,MgB2,MgB2+10wt% malic acid 5K,5.3979400086720375,5.0,2.0,39.0,16.0
0607350v1.pdf,9,MgB2,MgB2+10wt% malic acid 5K,5.2552725051033065,5.0,2.5,39.0,16.0
0607350v1.pdf,9,MgB2,MgB2+10wt% malic acid 5K,5.079181246047625,5.0,3.0,39.0,16.0
0607350v1.pdf,9,MgB2,MgB2+10wt% malic acid 5K,4.954242509439325,5.0,3.5,39.0,16.0
0607350v1.pdf,9,MgB2,MgB2+10wt% malic acid 5K,4.845098040014257,5.0,4.0,39.0,16.0
0607350v1.pdf,9,MgB2,MgB2+10wt% malic acid 5K,4.698970004336019,5.0,4.5,39.0,16.0
0607350v1.pdf,9,MgB2,MgB2+10wt% malic acid 5K,4.544068044350276,5.0,5.0,39.0,16.0
0607350v1.pdf,9,MgB2,MgB2+10wt% malic acid 5K,4.3979400086720375,5.0,5.5,39.0,16.0
0607350v1.pdf,9,MgB2,MgB2+10wt% malic acid 5K,4.2552725051033065,5.0,6.0,39.0,16.0
0607350v1.pdf,9,MgB2,MgB2+10wt% malic acid 5K,4.079181246047625,5.0,6.5,39.0,16.0
0607350v1.pdf,9,MgB2,MgB2+10wt% malic acid 5K,3.9542425094393248,5.0,7.0,39.0,16.0
0607350v1.pdf,9,MgB2,MgB2+10wt% malic acid 5K,3.845098040014257,5.0,7.5,39.0,16.0
0607350v1.pdf,9,MgB2,MgB2+10wt% malic acid 5K,3.6989700043360174,5.0,8.0,39.0,16.0
0607350v1.pdf,9,MgB2,MgB2+20wt% malic acid 5K,5.977723605288848,5.0,0.1,39.0,16.0
0607350v1.pdf,9,MgB2,MgB2+20wt% malic acid 5K,5.8750612633917,5.0,0.5,39.0,16.0
0607350v1.pdf,9,MgB2,MgB2+20wt% malic acid 5K,5.740362689494244,5.0,1.0,39.0,16.0
0607350v1.pdf,9,MgB2,MgB2+20wt% malic acid 5K,5.6020599913279625,5.0,1.5,39.0,16.0
0607350v1.pdf,9,MgB2,MgB2+20wt% malic acid 5K,5.447158031342219,5.0,2.0,39.0,16.0
0607350v1.pdf,9,MgB2,MgB2+20wt% malic acid 5K,5.301029995663981,5.0,2.5,39.0,16.0
0607350v1.pdf,9,MgB2,MgB2+20wt% malic acid 5K,5.146128035678238,5.0,3.0,39.0,16.0
0607350v1.pdf,9,MgB2,MgB2+20wt% malic acid 5K,5.0,5.0,3.5,39.0,16.0
0607350v1.pdf,9,MgB2,MgB2+20wt% malic acid 5K,4.8750612633917,5.0,4.0,39.0,16.0
0607350v1.pdf,9,MgB2,MgB2+20wt% malic acid 5K,4.740362689494244,5.0,4.5,39.0,16.0
0607350v1.pdf,9,MgB2,MgB2+20wt% malic acid 5K,4.57978359661681,5.0,5.0,39.0,16.0
0607350v1.pdf,9,MgB2,MgB2+20wt% malic acid 5K,4.431363764158987,5.0,5.5,39.0,16.0
0607350v1.pdf,9,MgB2,MgB2+20wt% malic acid 5K,4.278753600952829,5.0,6.0,39.0,16.0
0607350v1.pdf,9,MgB2,MgB2+20wt% malic acid 5K,4.113943352306837,5.0,6.5,39.0,16.0
0607350v1.pdf,9,MgB2,MgB2+20wt% malic acid 5K,3.977723605288848,5.0,7.0,39.0,16.0
0607350v1.pdf,9,MgB2,MgB2+20wt% malic acid 5K,3.8750612633917,5.0,7.5,39.0,16.0
0607350v1.pdf,9,MgB2,MgB2+20wt% malic acid 5K,3.740362689494244,5.0,8.0,39.0,16.0
0607350v1.pdf,9,MgB2,MgB2+30wt% malic acid 5K,5.991226075692495,5.0,0.1,39.0,16.0
0607350v1.pdf,9,MgB2,MgB2+30wt% malic acid 5K,5.892094602690481,5.0,0.5,39.0,16.0
0607350v1.pdf,9,MgB2,MgB2+30wt% malic acid 5K,5.763427993562937,5.0,1.0,39.0,16.0
0607350v1.pdf,9,MgB2,MgB2+30wt% malic acid 5K,5.623249290397901,5.0,1.5,39.0,16.0
0607350v1.pdf,9,MgB2,MgB2+30wt% malic acid 5K,5.477121254719663,5.0,2.0,39.0,16.0
0607350v1.pdf,9,MgB2,MgB2+30wt% malic acid 5K,5.32221929473392,5.0,2.5,39.0,16.0
0607350v1.pdf,9,MgB2,MgB2+30wt% malic acid 5K,5.176091259055681,5.0,3.0,39.0,16.0
0607350v1.pdf,9,MgB2,MgB2+30wt% malic acid 5K,5.041392685158225,5.0,3.5,39.0,16.0
0607350v1.pdf,9,MgB2,MgB2+30wt% malic acid 5K,4.903089986991944,5.0,4.0,39.0,16.0
0607350v1.pdf,9,MgB2,MgB2+30wt% malic acid 5K,4.778151250383644,5.0,4.5,39.0,16.0
0607350v1.pdf,9,MgB2,MgB2+30wt% malic acid 5K,4.623249290397901,5.0,5.0,39.0,16.0
0607350v1.pdf,9,MgB2,MgB2+30wt% malic acid 5K,4.477121254719663,5.0,5.5,39.0,16.0
0607350v1.pdf,9,MgB2,MgB2+30wt% malic acid 5K,4.32221929473392,5.0,6.0,39.0,16.0
0607350v1.pdf,9,MgB2,MgB2+30wt% malic acid 5K,4.176091259055681,5.0,6.5,39.0,16.0
0607350v1.pdf,9,MgB2,MgB2+30wt% malic acid 5K,4.041392685158225,5.0,7.0,39.0,16.0
0607350v1.pdf,9,MgB2,MgB2+30wt% malic acid 5K,3.903089986991944,5.0,7.5,39.0,16.0
0607350v1.pdf,9,MgB2,MgB2+30wt% malic acid 5K,3.7781512503836434,5.0,8.0,39.0,16.0
0608404v1.pdf,23,Nb3Sn,7 K,8.0,7.0,0.0,18.0,24.0
0608404v1.pdf,23,Nb3Sn,7 K,7.698970004336019,7.0,2.0,18.0,24.0
0608404v1.pdf,23,Nb3Sn,7 K,7.301029995663981,7.0,4.0,18.0,24.0
0608404v1.pdf,23,Nb3Sn,7 K,7.0,7.0,6.0,18.0,24.0
0608404v1.pdf,23,Nb3Sn,7 K,6.698970004336019,7.0,8.0,18.0,24.0
0608404v1.pdf,23,Nb3Sn,7 K,6.301029995663981,7.0,10.0,18.0,24.0
0608404v1.pdf,23,Nb3Sn,7 K,6.0,7.0,12.0,18.0,24.0
0608404v1.pdf,23,Nb3Sn,7 K,5.698970004336019,7.0,14.0,18.0,24.0
0608404v1.pdf,23,Nb3Sn,7 K,5.301029995663981,7.0,16.0,18.0,24.0
0608404v1.pdf,23,Nb3Sn,7 K,5.0,7.0,18.0,18.0,24.0
0608404v1.pdf,23,Nb3Sn,7 K,4.698970004336019,7.0,20.0,18.0,24.0
0608404v1.pdf,23,Nb3Sn,7 K,4.301029995663981,7.0,22.0,18.0,24.0
0608404v1.pdf,23,Nb3Sn,7 K,4.0,7.0,24.0,18.0,24.0
0608404v1.pdf,23,Nb3Sn,7 K,3.6989700043360174,7.0,26.0,18.0,24.0
0608404v1.pdf,23,Nb3Sn,7 K,3.3010299956639813,7.0,28.0,18.0,24.0
0608404v1.pdf,23,Nb3Sn,7 K,3.0,7.0,30.0,18.0,24.0
0608404v1.pdf,23,Nb3Sn,4.2 K,8.0,4.2,0.0,18.0,24.0
0608404v1.pdf,23,Nb3Sn,4.2 K,7.845098040014257,4.2,2.0,18.0,24.0
0608404v1.pdf,23,Nb3Sn,4.2 K,7.477121254719663,4.2,4.0,18.0,24.0
0608404v1.pdf,23,Nb3Sn,4.2 K,7.176091259055681,4.2,6.0,18.0,24.0
0608404v1.pdf,23,Nb3Sn,4.2 K,6.845098040014257,4.2,8.0,18.0,24.0
0608404v1.pdf,23,Nb3Sn,4.2 K,6.477121254719663,4.2,10.0,18.0,24.0
0608404v1.pdf,23,Nb3Sn,4.2 K,6.176091259055681,4.2,12.0,18.0,24.0
0608404v1.pdf,23,Nb3Sn,4.2 K,5.845098040014257,4.2,14.0,18.0,24.0
0608404v1.pdf,23,Nb3Sn,4.2 K,5.477121254719663,4.2,16.0,18.0,24.0
0608404v1.pdf,23,Nb3Sn,4.2 K,5.176091259055681,4.2,18.0,18.0,24.0
0608404v1.pdf,23,Nb3Sn,4.2 K,4.845098040014257,4.2,20.0,18.0,24.0
0608404v1.pdf,23,Nb3Sn,4.2 K,4.477121254719663,4.2,22.0,18.0,24.0
0608404v1.pdf,23,Nb3Sn,4.2 K,4.176091259055681,4.2,24.0,18.0,24.0
0608404v1.pdf,23,Nb3Sn,4.2 K,3.845098040014257,4.2,26.0,18.0,24.0
0608404v1.pdf,23,Nb3Sn,4.2 K,3.4771212547196626,4.2,28.0,18.0,24.0
0608404v1.pdf,23,Nb3Sn,4.2 K,3.1760912590556813,4.2,30.0,18.0,24.0
0608404v1.pdf,26,Nb3Sn,4.2 K,0.8750612633917001,4.2,0.0,18.0,24.0
0608404v1.pdf,26,Nb3Sn,4.2 K,0.8325089127062363,4.2,2.0,18.0,24.0
0608404v1.pdf,26,Nb3Sn,4.2 K,0.785329835010767,4.2,4.0,18.0,24.0
0608404v1.pdf,26,Nb3Sn,4.2 K,0.7323937598229685,4.2,6.0,18.0,24.0
0608404v1.pdf,26,Nb3Sn,4.2 K,0.6720978579357175,4.2,8.0,18.0,24.0
0608404v1.pdf,26,Nb3Sn,4.2 K,0.6020599913279624,4.2,10.0,18.0,24.0
0608404v1.pdf,26,Nb3Sn,4.2 K,0.5185139398778874,4.2,12.0,18.0,24.0
0608404v1.pdf,26,Nb3Sn,4.2 K,0.414973347970818,4.2,14.0,18.0,24.0
0608404v1.pdf,26,Nb3Sn,4.2 K,0.3010299956639812,4.2,16.0,18.0,24.0
0608404v1.pdf,26,Nb3Sn,4.2 K,0.1760912590556812,4.2,18.0,18.0,24.0
0608404v1.pdf,26,Nb3Sn,4.2 K,0.0,4.2,20.0,18.0,24.0
0608404v1.pdf,26,Nb3Sn,4.2 K,-0.2218487496163564,4.2,22.0,18.0,24.0
0608404v1.pdf,26,Nb3Sn,4.2 K,-0.5228787452803376,4.2,24.0,18.0,24.0
0608404v1.pdf,26,Nb3Sn,4.2 K,-1.0,4.2,26.0,18.0,24.0
0608404v1.pdf,26,Nb3Sn,4.2 K,-1.3010299956639813,4.2,28.0,18.0,24.0
0608404v1.pdf,26,Nb3Sn,4.2 K,-1.6989700043360187,4.2,30.0,18.0,24.0
0608404v1.pdf,26,Nb3Sn,12 K,0.8129133566428556,12.0,0.0,18.0,24.0
0608404v1.pdf,26,Nb3Sn,12 K,0.7708520116421442,12.0,2.0,18.0,24.0
0608404v1.pdf,26,Nb3Sn,12 K,0.724275869600789,12.0,4.0,18.0,24.0
0608404v1.pdf,26,Nb3Sn,12 K,0.6720978579357175,12.0,6.0,18.0,24.0
0608404v1.pdf,26,Nb3Sn,12 K,0.6127838567197355,12.0,8.0,18.0,24.0
0608404v1.pdf,26,Nb3Sn,12 K,0.5440680443502757,12.0,10.0,18.0,24.0
0608404v1.pdf,26,Nb3Sn,12 K,0.4623979978989561,12.0,12.0,18.0,24.0
0608404v1.pdf,26,Nb3Sn,12 K,0.3617278360175928,12.0,14.0,18.0,24.0
0608404v1.pdf,26,Nb3Sn,12 K,0.255272505103306,12.0,16.0,18.0,24.0
0608404v1.pdf,26,Nb3Sn,12 K,0.1139433523068367,12.0,18.0,18.0,24.0
0608404v1.pdf,26,Nb3Sn,12 K,-0.0457574905606751,12.0,20.0,18.0,24.0
0608404v1.pdf,26,Nb3Sn,12 K,-0.3010299956639812,12.0,22.0,18.0,24.0
0608404v1.pdf,26,Nb3Sn,12 K,-0.5228787452803376,12.0,24.0,18.0,24.0
0608404v1.pdf,26,Nb3Sn,12 K,-0.8239087409443188,12.0,26.0,18.0,24.0
0608404v1.pdf,26,Nb3Sn,12 K,-1.154901959985743,12.0,28.0,18.0,24.0
0608404v1.pdf,26,Nb3Sn,12 K,-1.5228787452803376,12.0,30.0,18.0,24.0
0608700v1.pdf,7,MgB2,5K CNT-0 at.%,6.0,5.0,0.0,39.0,16.0
0608700v1.pdf,7,MgB2,5K CNT-0 at.%,5.903089986991944,5.0,5e-05,39.0,16.0
0608700v1.pdf,7,MgB2,5K CNT-0 at.%,5.778151250383644,5.0,0.0001,39.0,16.0
0608700v1.pdf,7,MgB2,5K CNT-0 at.%,5.6020599913279625,5.0,0.00015,39.0,16.0
0608700v1.pdf,7,MgB2,5K CNT-0 at.%,5.477121254719663,5.0,0.0002,39.0,16.0
0608700v1.pdf,7,MgB2,5K CNT-0 at.%,5.301029995663981,5.0,0.00025,39.0,16.0
0608700v1.pdf,7,MgB2,5K CNT-0 at.%,5.176091259055681,5.0,0.0003,39.0,16.0
0608700v1.pdf,7,MgB2,5K CNT-0 at.%,5.0,5.0,0.00035,39.0,16.0
0608700v1.pdf,7,MgB2,5K CNT-0 at.%,4.903089986991944,5.0,0.0004,39.0,16.0
0608700v1.pdf,7,MgB2,5K CNT-0 at.%,4.778151250383644,5.0,0.00045,39.0,16.0
0608700v1.pdf,7,MgB2,5K CNT-0 at.%,4.6020599913279625,5.0,0.0005,39.0,16.0
0608700v1.pdf,7,MgB2,5K CNT-0 at.%,4.477121254719663,5.0,0.00055,39.0,16.0
0608700v1.pdf,7,MgB2,5K CNT-0 at.%,4.301029995663981,5.0,0.0006,39.0,16.0
0608700v1.pdf,7,MgB2,5K CNT-25 at.%,5.954242509439325,5.0,0.0,39.0,16.0
0608700v1.pdf,7,MgB2,5K CNT-25 at.%,5.845098040014257,5.0,5e-05,39.0,16.0
0608700v1.pdf,7,MgB2,5K CNT-25 at.%,5.698970004336019,5.0,0.0001,39.0,16.0
0608700v1.pdf,7,MgB2,5K CNT-25 at.%,5.544068044350276,5.0,0.00015,39.0,16.0
0608700v1.pdf,7,MgB2,5K CNT-25 at.%,5.3979400086720375,5.0,0.0002,39.0,16.0
0608700v1.pdf,7,MgB2,5K CNT-25 at.%,5.2552725051033065,5.0,0.00025,39.0,16.0
0608700v1.pdf,7,MgB2,5K CNT-25 at.%,5.079181246047625,5.0,0.0003,39.0,16.0
0608700v1.pdf,7,MgB2,5K CNT-25 at.%,4.954242509439325,5.0,0.00035,39.0,16.0
0608700v1.pdf,7,MgB2,5K CNT-25 at.%,4.845098040014257,5.0,0.0004,39.0,16.0
0608700v1.pdf,7,MgB2,5K CNT-25 at.%,4.698970004336019,5.0,0.00045,39.0,16.0
0608700v1.pdf,7,MgB2,5K CNT-25 at.%,4.544068044350276,5.0,0.0005,39.0,16.0
0608700v1.pdf,7,MgB2,5K CNT-25 at.%,4.3979400086720375,5.0,0.00055,39.0,16.0
0608700v1.pdf,7,MgB2,5K CNT-25 at.%,4.176091259055681,5.0,0.0006,39.0,16.0
0608700v1.pdf,7,MgB2,5K CNT-10 at.%,5.977723605288848,5.0,0.0,39.0,16.0
0608700v1.pdf,7,MgB2,5K CNT-10 at.%,5.8750612633917,5.0,5e-05,39.0,16.0
0608700v1.pdf,7,MgB2,5K CNT-10 at.%,5.740362689494244,5.0,0.0001,39.0,16.0
0608700v1.pdf,7,MgB2,5K CNT-10 at.%,5.6020599913279625,5.0,0.00015,39.0,16.0
0608700v1.pdf,7,MgB2,5K CNT-10 at.%,5.477121254719663,5.0,0.0002,39.0,16.0
0608700v1.pdf,7,MgB2,5K CNT-10 at.%,5.342422680822207,5.0,0.00025,39.0,16.0
0608700v1.pdf,7,MgB2,5K CNT-10 at.%,5.204119982655925,5.0,0.0003,39.0,16.0
0608700v1.pdf,7,MgB2,5K CNT-10 at.%,5.041392685158225,5.0,0.00035,39.0,16.0
0608700v1.pdf,7,MgB2,5K CNT-10 at.%,4.929418925714293,5.0,0.0004,39.0,16.0
0608700v1.pdf,7,MgB2,5K CNT-10 at.%,4.778151250383644,5.0,0.00045,39.0,16.0
0608700v1.pdf,7,MgB2,5K CNT-10 at.%,4.653212513775344,5.0,0.0005,39.0,16.0
0608700v1.pdf,7,MgB2,5K CNT-10 at.%,4.505149978319906,5.0,0.00055,39.0,16.0
0608700v1.pdf,7,MgB2,5K CNT-10 at.%,4.342422680822207,5.0,0.0006,39.0,16.0
0608700v1.pdf,7,MgB2,10K CNT-0 at.%,5.903089986991944,10.0,0.0,39.0,16.0
0608700v1.pdf,7,MgB2,10K CNT-0 at.%,5.778151250383644,10.0,5e-05,39.0,16.0
0608700v1.pdf,7,MgB2,10K CNT-0 at.%,5.653212513775344,10.0,0.0001,39.0,16.0
0608700v1.pdf,7,MgB2,10K CNT-0 at.%,5.477121254719663,10.0,0.00015,39.0,16.0
0608700v1.pdf,7,MgB2,10K CNT-0 at.%,5.301029995663981,10.0,0.0002,39.0,16.0
0608700v1.pdf,7,MgB2,10K CNT-0 at.%,5.176091259055681,10.0,0.00025,39.0,16.0
0608700v1.pdf,7,MgB2,10K CNT-0 at.%,5.0,10.0,0.0003,39.0,16.0
0608700v1.pdf,7,MgB2,10K CNT-0 at.%,4.8750612633917,10.0,0.00035,39.0,16.0
0608700v1.pdf,7,MgB2,10K CNT-0 at.%,4.740362689494244,10.0,0.0004,39.0,16.0
0608700v1.pdf,7,MgB2,10K CNT-0 at.%,4.6020599913279625,10.0,0.00045,39.0,16.0
0608700v1.pdf,7,MgB2,10K CNT-0 at.%,4.477121254719663,10.0,0.0005,39.0,16.0
0608700v1.pdf,7,MgB2,10K CNT-0 at.%,4.301029995663981,10.0,0.00055,39.0,16.0
0608700v1.pdf,7,MgB2,10K CNT-0 at.%,4.176091259055681,10.0,0.0006,39.0,16.0
0608700v1.pdf,7,MgB2,10K CNT-25 at.%,5.845098040014257,10.0,0.0,39.0,16.0
0608700v1.pdf,7,MgB2,10K CNT-25 at.%,5.698970004336019,10.0,5e-05,39.0,16.0
0608700v1.pdf,7,MgB2,10K CNT-25 at.%,5.544068044350276,10.0,0.0001,39.0,16.0
0608700v1.pdf,7,MgB2,10K CNT-25 at.%,5.3979400086720375,10.0,0.00015,39.0,16.0
0608700v1.pdf,7,MgB2,10K CNT-25 at.%,5.2552725051033065,10.0,0.0002,39.0,16.0
0608700v1.pdf,7,MgB2,10K CNT-25 at.%,5.113943352306837,10.0,0.00025,39.0,16.0
0608700v1.pdf,7,MgB2,10K CNT-25 at.%,4.954242509439325,10.0,0.0003,39.0,16.0
0608700v1.pdf,7,MgB2,10K CNT-25 at.%,4.812913356642856,10.0,0.00035,39.0,16.0
0608700v1.pdf,7,MgB2,10K CNT-25 at.%,4.653212513775344,10.0,0.0004,39.0,16.0
0608700v1.pdf,7,MgB2,10K CNT-25 at.%,4.505149978319906,10.0,0.00045,39.0,16.0
0608700v1.pdf,7,MgB2,10K CNT-25 at.%,4.361727836017593,10.0,0.0005,39.0,16.0
0608700v1.pdf,7,MgB2,10K CNT-25 at.%,4.204119982655925,10.0,0.00055,39.0,16.0
0608700v1.pdf,7,MgB2,10K CNT-25 at.%,4.079181246047625,10.0,0.0006,39.0,16.0
0608700v1.pdf,7,MgB2,10K CNT-10 at.%,5.8750612633917,10.0,0.0,39.0,16.0
0608700v1.pdf,7,MgB2,10K CNT-10 at.%,5.740362689494244,10.0,5e-05,39.0,16.0
0608700v1.pdf,7,MgB2,10K CNT-10 at.%,5.6020599913279625,10.0,0.0001,39.0,16.0
0608700v1.pdf,7,MgB2,10K CNT-10 at.%,5.447158031342219,10.0,0.00015,39.0,16.0
0608700v1.pdf,7,MgB2,10K CNT-10 at.%,5.301029995663981,10.0,0.0002,39.0,16.0
0608700v1.pdf,7,MgB2,10K CNT-10 at.%,5.146128035678238,10.0,0.00025,39.0,16.0
0608700v1.pdf,7,MgB2,10K CNT-10 at.%,5.0,10.0,0.0003,39.0,16.0
0608700v1.pdf,7,MgB2,10K CNT-10 at.%,4.845098040014257,10.0,0.00035,39.0,16.0
0608700v1.pdf,7,MgB2,10K CNT-10 at.%,4.698970004336019,10.0,0.0004,39.0,16.0
0608700v1.pdf,7,MgB2,10K CNT-10 at.%,4.544068044350276,10.0,0.00045,39.0,16.0
0608700v1.pdf,7,MgB2,10K CNT-10 at.%,4.3979400086720375,10.0,0.0005,39.0,16.0
0608700v1.pdf,7,MgB2,10K CNT-10 at.%,4.2552725051033065,10.0,0.00055,39.0,16.0
0608700v1.pdf,7,MgB2,10K CNT-10 at.%,4.113943352306837,10.0,0.0006,39.0,16.0
0608700v1.pdf,7,MgB2,20K CNT-0 at.%,5.778151250383644,20.0,0.0,39.0,16.0
0608700v1.pdf,7,MgB2,20K CNT-0 at.%,5.653212513775344,20.0,5e-05,39.0,16.0
0608700v1.pdf,7,MgB2,20K CNT-0 at.%,5.477121254719663,20.0,0.0001,39.0,16.0
0608700v1.pdf,7,MgB2,20K CNT-0 at.%,5.301029995663981,20.0,0.00015,39.0,16.0
0608700v1.pdf,7,MgB2,20K CNT-0 at.%,5.146128035678238,20.0,0.0002,39.0,16.0
0608700v1.pdf,7,MgB2,20K CNT-0 at.%,5.0,20.0,0.00025,39.0,16.0
0608700v1.pdf,7,MgB2,20K CNT-0 at.%,4.845098040014257,20.0,0.0003,39.0,16.0
0608700v1.pdf,7,MgB2,20K CNT-0 at.%,4.698970004336019,20.0,0.00035,39.0,16.0
0608700v1.pdf,7,MgB2,20K CNT-0 at.%,4.544068044350276,20.0,0.0004,39.0,16.0
0608700v1.pdf,7,MgB2,20K CNT-0 at.%,4.3979400086720375,20.0,0.00045,39.0,16.0
0608700v1.pdf,7,MgB2,20K CNT-0 at.%,4.2552725051033065,20.0,0.0005,39.0,16.0
0608700v1.pdf,7,MgB2,20K CNT-0 at.%,4.113943352306837,20.0,0.00055,39.0,16.0
0608700v1.pdf,7,MgB2,20K CNT-0 at.%,3.9542425094393248,20.0,0.0006,39.0,16.0
0608700v1.pdf,7,MgB2,20K CNT-25 at.%,5.698970004336019,20.0,0.0,39.0,16.0
0608700v1.pdf,7,MgB2,20K CNT-25 at.%,5.544068044350276,20.0,5e-05,39.0,16.0
0608700v1.pdf,7,MgB2,20K CNT-25 at.%,5.3979400086720375,20.0,0.0001,39.0,16.0
0608700v1.pdf,7,MgB2,20K CNT-25 at.%,5.2552725051033065,20.0,0.00015,39.0,16.0
0608700v1.pdf,7,MgB2,20K CNT-25 at.%,5.079181246047625,20.0,0.0002,39.0,16.0
0608700v1.pdf,7,MgB2,20K CNT-25 at.%,4.929418925714293,20.0,0.00025,39.0,16.0
0608700v1.pdf,7,MgB2,20K CNT-25 at.%,4.778151250383644,20.0,0.0003,39.0,16.0
0608700v1.pdf,7,MgB2,20K CNT-25 at.%,4.623249290397901,20.0,0.00035,39.0,16.0
0608700v1.pdf,7,MgB2,20K CNT-25 at.%,4.477121254719663,20.0,0.0004,39.0,16.0
0608700v1.pdf,7,MgB2,20K CNT-25 at.%,4.32221929473392,20.0,0.00045,39.0,16.0
0608700v1.pdf,7,MgB2,20K CNT-25 at.%,4.176091259055681,20.0,0.0005,39.0,16.0
0608700v1.pdf,7,MgB2,20K CNT-25 at.%,4.041392685158225,20.0,0.00055,39.0,16.0
0608700v1.pdf,7,MgB2,20K CNT-25 at.%,3.903089986991944,20.0,0.0006,39.0,16.0
0608700v1.pdf,7,MgB2,20K CNT-10 at.%,5.740362689494244,20.0,0.0,39.0,16.0
0608700v1.pdf,7,MgB2,20K CNT-10 at.%,5.6020599913279625,20.0,5e-05,39.0,16.0
0608700v1.pdf,7,MgB2,20K CNT-10 at.%,5.447158031342219,20.0,0.0001,39.0,16.0
0608700v1.pdf,7,MgB2,20K CNT-10 at.%,5.301029995663981,20.0,0.00015,39.0,16.0
0608700v1.pdf,7,MgB2,20K CNT-10 at.%,5.146128035678238,20.0,0.0002,39.0,16.0
0608700v1.pdf,7,MgB2,20K CNT-10 at.%,5.0,20.0,0.00025,39.0,16.0
0608700v1.pdf,7,MgB2,20K CNT-10 at.%,4.845098040014257,20.0,0.0003,39.0,16.0
0608700v1.pdf,7,MgB2,20K CNT-10 at.%,4.698970004336019,20.0,0.00035,39.0,16.0
0608700v1.pdf,7,MgB2,20K CNT-10 at.%,4.544068044350276,20.0,0.0004,39.0,16.0
0608700v1.pdf,7,MgB2,20K CNT-10 at.%,4.3979400086720375,20.0,0.00045,39.0,16.0
0608700v1.pdf,7,MgB2,20K CNT-10 at.%,4.2552725051033065,20.0,0.0005,39.0,16.0
0608700v1.pdf,7,MgB2,20K CNT-10 at.%,4.113943352306837,20.0,0.00055,39.0,16.0
0608700v1.pdf,7,MgB2,20K CNT-10 at.%,3.9542425094393248,20.0,0.0006,39.0,16.0
0608700v1.pdf,7,MgB2,30K CNT-0 at.%,5.6020599913279625,30.0,0.0,39.0,16.0
0608700v1.pdf,7,MgB2,30K CNT-0 at.%,5.477121254719663,30.0,5e-05,39.0,16.0
0608700v1.pdf,7,MgB2,30K CNT-0 at.%,5.301029995663981,30.0,0.0001,39.0,16.0
0608700v1.pdf,7,MgB2,30K CNT-0 at.%,5.146128035678238,30.0,0.00015,39.0,16.0
0608700v1.pdf,7,MgB2,30K CNT-0 at.%,5.0,30.0,0.0002,39.0,16.0
0608700v1.pdf,7,MgB2,30K CNT-0 at.%,4.845098040014257,30.0,0.00025,39.0,16.0
0608700v1.pdf,7,MgB2,30K CNT-0 at.%,4.698970004336019,30.0,0.0003,39.0,16.0
0608700v1.pdf,7,MgB2,30K CNT-0 at.%,4.544068044350276,30.0,0.00035,39.0,16.0
0608700v1.pdf,7,MgB2,30K CNT-0 at.%,4.3979400086720375,30.0,0.0004,39.0,16.0
0608700v1.pdf,7,MgB2,30K CNT-0 at.%,4.2552725051033065,30.0,0.00045,39.0,16.0
0608700v1.pdf,7,MgB2,30K CNT-0 at.%,4.113943352306837,30.0,0.0005,39.0,16.0
0608700v1.pdf,7,MgB2,30K CNT-0 at.%,3.9542425094393248,30.0,0.00055,39.0,16.0
0608700v1.pdf,7,MgB2,30K CNT-0 at.%,3.7781512503836434,30.0,0.0006,39.0,16.0
0608700v1.pdf,7,MgB2,30K CNT-25 at.%,5.544068044350276,30.0,0.0,39.0,16.0
0608700v1.pdf,7,MgB2,30K CNT-25 at.%,5.3979400086720375,30.0,5e-05,39.0,16.0
0608700v1.pdf,7,MgB2,30K CNT-25 at.%,5.2552725051033065,30.0,0.0001,39.0,16.0
0608700v1.pdf,7,MgB2,30K CNT-25 at.%,5.079181246047625,30.0,0.00015,39.0,16.0
0608700v1.pdf,7,MgB2,30K CNT-25 at.%,4.929418925714293,30.0,0.0002,39.0,16.0
0608700v1.pdf,7,MgB2,30K CNT-25 at.%,4.778151250383644,30.0,0.00025,39.0,16.0
0608700v1.pdf,7,MgB2,30K CNT-25 at.%,4.623249290397901,30.0,0.0003,39.0,16.0
0608700v1.pdf,7,MgB2,30K CNT-25 at.%,4.477121254719663,30.0,0.00035,39.0,16.0
0608700v1.pdf,7,MgB2,30K CNT-25 at.%,4.32221929473392,30.0,0.0004,39.0,16.0
0608700v1.pdf,7,MgB2,30K CNT-25 at.%,4.176091259055681,30.0,0.00045,39.0,16.0
0608700v1.pdf,7,MgB2,30K CNT-25 at.%,4.041392685158225,30.0,0.0005,39.0,16.0
0608700v1.pdf,7,MgB2,30K CNT-25 at.%,3.903089986991944,30.0,0.00055,39.0,16.0
0608700v1.pdf,7,MgB2,30K CNT-25 at.%,3.6989700043360174,30.0,0.0006,39.0,16.0
0608700v1.pdf,7,MgB2,30K CNT-10 at.%,5.57978359661681,30.0,0.0,39.0,16.0
0608700v1.pdf,7,MgB2,30K CNT-10 at.%,5.431363764158987,30.0,5e-05,39.0,16.0
0608700v1.pdf,7,MgB2,30K CNT-10 at.%,5.278753600952829,30.0,0.0001,39.0,16.0
0608700v1.pdf,7,MgB2,30K CNT-10 at.%,5.113943352306837,30.0,0.00015,39.0,16.0
0608700v1.pdf,7,MgB2,30K CNT-10 at.%,4.954242509439325,30.0,0.0002,39.0,16.0
0608700v1.pdf,7,MgB2,30K CNT-10 at.%,4.812913356642856,30.0,0.00025,39.0,16.0
0608700v1.pdf,7,MgB2,30K CNT-10 at.%,4.653212513775344,30.0,0.0003,39.0,16.0
0608700v1.pdf,7,MgB2,30K CNT-10 at.%,4.505149978319906,30.0,0.00035,39.0,16.0
0608700v1.pdf,7,MgB2,30K CNT-10 at.%,4.361727836017593,30.0,0.0004,39.0,16.0
0608700v1.pdf,7,MgB2,30K CNT-10 at.%,4.204119982655925,30.0,0.00045,39.0,16.0
0608700v1.pdf,7,MgB2,30K CNT-10 at.%,4.079181246047625,30.0,0.0005,39.0,16.0
0608700v1.pdf,7,MgB2,30K CNT-10 at.%,3.929418925714293,30.0,0.00055,39.0,16.0
0608700v1.pdf,7,MgB2,30K CNT-10 at.%,3.7781512503836434,30.0,0.0006,39.0,16.0
0612472v1.pdf,3,MgB2,"Un-doped MgB2, 5 K",6.0,5.0,0.0,39.0,16.0
0612472v1.pdf,3,MgB2,"Un-doped MgB2, 5 K",5.903089986991944,5.0,1.0,39.0,16.0
0612472v1.pdf,3,MgB2,"Un-doped MgB2, 5 K",5.778151250383644,5.0,2.0,39.0,16.0
0612472v1.pdf,3,MgB2,"Un-doped MgB2, 5 K",5.6020599913279625,5.0,3.0,39.0,16.0
0612472v1.pdf,3,MgB2,"Un-doped MgB2, 5 K",5.477121254719663,5.0,4.0,39.0,16.0
0612472v1.pdf,3,MgB2,"Un-doped MgB2, 5 K",5.301029995663981,5.0,5.0,39.0,16.0
0612472v1.pdf,3,MgB2,"Un-doped MgB2, 5 K",5.176091259055681,5.0,6.0,39.0,16.0
0612472v1.pdf,3,MgB2,"Un-doped MgB2, 5 K",5.0,5.0,7.0,39.0,16.0
0612472v1.pdf,3,MgB2,"Un-doped MgB2, 5 K",4.903089986991944,5.0,8.0,39.0,16.0
0612472v1.pdf,3,MgB2,"MgB2 + 10wt% malic acid, 5 K",5.954242509439325,5.0,0.0,39.0,16.0
0612472v1.pdf,3,MgB2,"MgB2 + 10wt% malic acid, 5 K",5.845098040014257,5.0,1.0,39.0,16.0
0612472v1.pdf,3,MgB2,"MgB2 + 10wt% malic acid, 5 K",5.698970004336019,5.0,2.0,39.0,16.0
0612472v1.pdf,3,MgB2,"MgB2 + 10wt% malic acid, 5 K",5.544068044350276,5.0,3.0,39.0,16.0
0612472v1.pdf,3,MgB2,"MgB2 + 10wt% malic acid, 5 K",5.3979400086720375,5.0,4.0,39.0,16.0
0612472v1.pdf,3,MgB2,"MgB2 + 10wt% malic acid, 5 K",5.2552725051033065,5.0,5.0,39.0,16.0
0612472v1.pdf,3,MgB2,"MgB2 + 10wt% malic acid, 5 K",5.079181246047625,5.0,6.0,39.0,16.0
0612472v1.pdf,3,MgB2,"MgB2 + 10wt% malic acid, 5 K",4.954242509439325,5.0,7.0,39.0,16.0
0612472v1.pdf,3,MgB2,"MgB2 + 10wt% malic acid, 5 K",4.845098040014257,5.0,8.0,39.0,16.0
0612472v1.pdf,3,MgB2,"MgB2 + 20wt% malic acid, 5 K",5.903089986991944,5.0,0.0,39.0,16.0
0612472v1.pdf,3,MgB2,"MgB2 + 20wt% malic acid, 5 K",5.778151250383644,5.0,1.0,39.0,16.0
0612472v1.pdf,3,MgB2,"MgB2 + 20wt% malic acid, 5 K",5.653212513775344,5.0,2.0,39.0,16.0
0612472v1.pdf,3,MgB2,"MgB2 + 20wt% malic acid, 5 K",5.477121254719663,5.0,3.0,39.0,16.0
0612472v1.pdf,3,MgB2,"MgB2 + 20wt% malic acid, 5 K",5.301029995663981,5.0,4.0,39.0,16.0
0612472v1.pdf,3,MgB2,"MgB2 + 20wt% malic acid, 5 K",5.176091259055681,5.0,5.0,39.0,16.0
0612472v1.pdf,3,MgB2,"MgB2 + 20wt% malic acid, 5 K",5.0,5.0,6.0,39.0,16.0
0612472v1.pdf,3,MgB2,"MgB2 + 20wt% malic acid, 5 K",4.903089986991944,5.0,7.0,39.0,16.0
0612472v1.pdf,3,MgB2,"MgB2 + 20wt% malic acid, 5 K",4.778151250383644,5.0,8.0,39.0,16.0
0612472v1.pdf,3,MgB2,"MgB2 + 30wt% malic acid, 5 K",5.845098040014257,5.0,0.0,39.0,16.0
0612472v1.pdf,3,MgB2,"MgB2 + 30wt% malic acid, 5 K",5.698970004336019,5.0,1.0,39.0,16.0
0612472v1.pdf,3,MgB2,"MgB2 + 30wt% malic acid, 5 K",5.544068044350276,5.0,2.0,39.0,16.0
0612472v1.pdf,3,MgB2,"MgB2 + 30wt% malic acid, 5 K",5.3979400086720375,5.0,3.0,39.0,16.0
0612472v1.pdf,3,MgB2,"MgB2 + 30wt% malic acid, 5 K",5.2552725051033065,5.0,4.0,39.0,16.0
0612472v1.pdf,3,MgB2,"MgB2 + 30wt% malic acid, 5 K",5.079181246047625,5.0,5.0,39.0,16.0
0612472v1.pdf,3,MgB2,"MgB2 + 30wt% malic acid, 5 K",4.954242509439325,5.0,6.0,39.0,16.0
0612472v1.pdf,3,MgB2,"MgB2 + 30wt% malic acid, 5 K",4.845098040014257,5.0,7.0,39.0,16.0
0612472v1.pdf,3,MgB2,"MgB2 + 30wt% malic acid, 5 K",4.698970004336019,5.0,8.0,39.0,16.0
0612472v1.pdf,3,MgB2,"Un-doped MgB2, 20 K",5.698970004336019,20.0,0.0,39.0,16.0
0612472v1.pdf,3,MgB2,"Un-doped MgB2, 20 K",5.6020599913279625,20.0,1.0,39.0,16.0
0612472v1.pdf,3,MgB2,"Un-doped MgB2, 20 K",5.477121254719663,20.0,2.0,39.0,16.0
0612472v1.pdf,3,MgB2,"Un-doped MgB2, 20 K",5.301029995663981,20.0,3.0,39.0,16.0
0612472v1.pdf,3,MgB2,"Un-doped MgB2, 20 K",5.176091259055681,20.0,4.0,39.0,16.0
0612472v1.pdf,3,MgB2,"Un-doped MgB2, 20 K",5.0,20.0,5.0,39.0,16.0
0612472v1.pdf,3,MgB2,"Un-doped MgB2, 20 K",4.903089986991944,20.0,6.0,39.0,16.0
0612472v1.pdf,3,MgB2,"Un-doped MgB2, 20 K",4.778151250383644,20.0,7.0,39.0,16.0
0612472v1.pdf,3,MgB2,"Un-doped MgB2, 20 K",4.6020599913279625,20.0,8.0,39.0,16.0
0612472v1.pdf,3,MgB2,"MgB2 + 10wt% malic acid, 20 K",5.653212513775344,20.0,0.0,39.0,16.0
0612472v1.pdf,3,MgB2,"MgB2 + 10wt% malic acid, 20 K",5.544068044350276,20.0,1.0,39.0,16.0
0612472v1.pdf,3,MgB2,"MgB2 + 10wt% malic acid, 20 K",5.3979400086720375,20.0,2.0,39.0,16.0
0612472v1.pdf,3,MgB2,"MgB2 + 10wt% malic acid, 20 K",5.2552725051033065,20.0,3.0,39.0,16.0
0612472v1.pdf,3,MgB2,"MgB2 + 10wt% malic acid, 20 K",5.079181246047625,20.0,4.0,39.0,16.0
0612472v1.pdf,3,MgB2,"MgB2 + 10wt% malic acid, 20 K",4.954242509439325,20.0,5.0,39.0,16.0
0612472v1.pdf,3,MgB2,"MgB2 + 10wt% malic acid, 20 K",4.845098040014257,20.0,6.0,39.0,16.0
0612472v1.pdf,3,MgB2,"MgB2 + 10wt% malic acid, 20 K",4.698970004336019,20.0,7.0,39.0,16.0
0612472v1.pdf,3,MgB2,"MgB2 + 10wt% malic acid, 20 K",4.477121254719663,20.0,8.0,39.0,16.0
0612472v1.pdf,3,MgB2,"MgB2 + 20wt% malic acid, 20 K",5.6020599913279625,20.0,0.0,39.0,16.0
0612472v1.pdf,3,MgB2,"MgB2 + 20wt% malic acid, 20 K",5.477121254719663,20.0,1.0,39.0,16.0
0612472v1.pdf,3,MgB2,"MgB2 + 20wt% malic acid, 20 K",5.301029995663981,20.0,2.0,39.0,16.0
0612472v1.pdf,3,MgB2,"MgB2 + 20wt% malic acid, 20 K",5.176091259055681,20.0,3.0,39.0,16.0
0612472v1.pdf,3,MgB2,"MgB2 + 20wt% malic acid, 20 K",5.0,20.0,4.0,39.0,16.0
0612472v1.pdf,3,MgB2,"MgB2 + 20wt% malic acid, 20 K",4.903089986991944,20.0,5.0,39.0,16.0
0612472v1.pdf,3,MgB2,"MgB2 + 20wt% malic acid, 20 K",4.778151250383644,20.0,6.0,39.0,16.0
0612472v1.pdf,3,MgB2,"MgB2 + 20wt% malic acid, 20 K",4.6020599913279625,20.0,7.0,39.0,16.0
0612472v1.pdf,3,MgB2,"MgB2 + 20wt% malic acid, 20 K",4.301029995663981,20.0,8.0,39.0,16.0
0612472v1.pdf,3,MgB2,"MgB2 + 30wt% malic acid, 20 K",5.544068044350276,20.0,0.0,39.0,16.0
0612472v1.pdf,3,MgB2,"MgB2 + 30wt% malic acid, 20 K",5.3979400086720375,20.0,1.0,39.0,16.0
0612472v1.pdf,3,MgB2,"MgB2 + 30wt% malic acid, 20 K",5.2552725051033065,20.0,2.0,39.0,16.0
0612472v1.pdf,3,MgB2,"MgB2 + 30wt% malic acid, 20 K",5.079181246047625,20.0,3.0,39.0,16.0
0612472v1.pdf,3,MgB2,"MgB2 + 30wt% malic acid, 20 K",4.954242509439325,20.0,4.0,39.0,16.0
0612472v1.pdf,3,MgB2,"MgB2 + 30wt% malic acid, 20 K",4.845098040014257,20.0,5.0,39.0,16.0
0612472v1.pdf,3,MgB2,"MgB2 + 30wt% malic acid, 20 K",4.698970004336019,20.0,6.0,39.0,16.0
0612472v1.pdf,3,MgB2,"MgB2 + 30wt% malic acid, 20 K",4.477121254719663,20.0,7.0,39.0,16.0
0612472v1.pdf,3,MgB2,"MgB2 + 30wt% malic acid, 20 K",4.0,20.0,8.0,39.0,16.0
0701147v1.pdf,4,MgB2,5 K,5.954242509439325,5.0,0.0,39.0,16.0
0701147v1.pdf,4,MgB2,5 K,5.845098040014257,5.0,0.0001,39.0,16.0
0701147v1.pdf,4,MgB2,5 K,5.698970004336019,5.0,0.0002,39.0,16.0
0701147v1.pdf,4,MgB2,5 K,5.544068044350276,5.0,0.0003,39.0,16.0
0701147v1.pdf,4,MgB2,5 K,5.3979400086720375,5.0,0.0004,39.0,16.0
0701147v1.pdf,4,MgB2,5 K,5.2552725051033065,5.0,0.0005,39.0,16.0
0701147v1.pdf,4,MgB2,5 K,5.079181246047625,5.0,0.0006,39.0,16.0
0701147v1.pdf,4,MgB2,5 K,4.954242509439325,5.0,0.0007,39.0,16.0
0701147v1.pdf,4,MgB2,5 K,4.845098040014257,5.0,0.0008,39.0,16.0
0701147v1.pdf,4,MgB2,10 K,5.903089986991944,10.0,0.0,39.0,16.0
0701147v1.pdf,4,MgB2,10 K,5.778151250383644,10.0,0.0001,39.0,16.0
0701147v1.pdf,4,MgB2,10 K,5.6020599913279625,10.0,0.0002,39.0,16.0
0701147v1.pdf,4,MgB2,10 K,5.477121254719663,10.0,0.0003,39.0,16.0
0701147v1.pdf,4,MgB2,10 K,5.301029995663981,10.0,0.0004,39.0,16.0
0701147v1.pdf,4,MgB2,10 K,5.176091259055681,10.0,0.0005,39.0,16.0
0701147v1.pdf,4,MgB2,10 K,5.0,10.0,0.0006,39.0,16.0
0701147v1.pdf,4,MgB2,10 K,4.903089986991944,10.0,0.0007,39.0,16.0
0701147v1.pdf,4,MgB2,10 K,4.778151250383644,10.0,0.0008,39.0,16.0
0701147v1.pdf,4,MgB2,20 K,5.845098040014257,20.0,0.0,39.0,16.0
0701147v1.pdf,4,MgB2,20 K,5.698970004336019,20.0,0.0001,39.0,16.0
0701147v1.pdf,4,MgB2,20 K,5.544068044350276,20.0,0.0002,39.0,16.0
0701147v1.pdf,4,MgB2,20 K,5.3979400086720375,20.0,0.0003,39.0,16.0
0701147v1.pdf,4,MgB2,20 K,5.2552725051033065,20.0,0.0004,39.0,16.0
0701147v1.pdf,4,MgB2,20 K,5.113943352306837,20.0,0.0005,39.0,16.0
0701147v1.pdf,4,MgB2,20 K,4.954242509439325,20.0,0.0006,39.0,16.0
0701147v1.pdf,4,MgB2,20 K,4.845098040014257,20.0,0.0007,39.0,16.0
0701147v1.pdf,4,MgB2,20 K,4.698970004336019,20.0,0.0008,39.0,16.0
0701147v1.pdf,4,MgB2,30 K,5.778151250383644,30.0,0.0,39.0,16.0
0701147v1.pdf,4,MgB2,30 K,5.6020599913279625,30.0,0.0001,39.0,16.0
0701147v1.pdf,4,MgB2,30 K,5.477121254719663,30.0,0.0002,39.0,16.0
0701147v1.pdf,4,MgB2,30 K,5.301029995663981,30.0,0.0003,39.0,16.0
0701147v1.pdf,4,MgB2,30 K,5.176091259055681,30.0,0.0004,39.0,16.0
0701147v1.pdf,4,MgB2,30 K,5.0,30.0,0.0005,39.0,16.0
0701147v1.pdf,4,MgB2,30 K,4.845098040014257,30.0,0.0006,39.0,16.0
0701147v1.pdf,4,MgB2,30 K,4.698970004336019,30.0,0.0007,39.0,16.0
0701147v1.pdf,4,MgB2,30 K,4.6020599913279625,30.0,0.0008,39.0,16.0
0710.0111v1.pdf,3,MgB2,"x=0.0, 5K",6.0,5.0,0.1,39.0,16.0
0710.0111v1.pdf,3,MgB2,"x=0.0, 5K",5.903089986991944,5.0,0.2,39.0,16.0
0710.0111v1.pdf,3,MgB2,"x=0.0, 5K",5.778151250383644,5.0,0.3,39.0,16.0
0710.0111v1.pdf,3,MgB2,"x=0.0, 5K",5.6020599913279625,5.0,0.5,39.0,16.0
0710.0111v1.pdf,3,MgB2,"x=0.0, 5K",5.477121254719663,5.0,0.7,39.0,16.0
0710.0111v1.pdf,3,MgB2,"x=0.0, 5K",5.301029995663981,5.0,1.0,39.0,16.0
0710.0111v1.pdf,3,MgB2,"x=0.0, 5K",5.0,5.0,2.0,39.0,16.0
0710.0111v1.pdf,3,MgB2,"x=0.0, 5K",4.698970004336019,5.0,3.0,39.0,16.0
0710.0111v1.pdf,3,MgB2,"x=0.0, 5K",4.477121254719663,5.0,4.0,39.0,16.0
0710.0111v1.pdf,3,MgB2,"x=0.0, 5K",4.301029995663981,5.0,5.0,39.0,16.0
0710.0111v1.pdf,3,MgB2,"x=0.0, 5K",4.176091259055681,5.0,6.0,39.0,16.0
0710.0111v1.pdf,3,MgB2,"x=0.0, 5K",4.0,5.0,7.0,39.0,16.0
0710.0111v1.pdf,3,MgB2,"x=0.0, 5K",3.903089986991944,5.0,8.0,39.0,16.0
0710.0111v1.pdf,3,MgB2,"x=0.1, 10K",5.954242509439325,10.0,0.1,39.0,16.0
0710.0111v1.pdf,3,MgB2,"x=0.1, 10K",5.845098040014257,10.0,0.2,39.0,16.0
0710.0111v1.pdf,3,MgB2,"x=0.1, 10K",5.698970004336019,10.0,0.3,39.0,16.0
0710.0111v1.pdf,3,MgB2,"x=0.1, 10K",5.544068044350276,10.0,0.5,39.0,16.0
0710.0111v1.pdf,3,MgB2,"x=0.1, 10K",5.3979400086720375,10.0,0.7,39.0,16.0
0710.0111v1.pdf,3,MgB2,"x=0.1, 10K",5.176091259055681,10.0,1.0,39.0,16.0
0710.0111v1.pdf,3,MgB2,"x=0.1, 10K",4.903089986991944,10.0,2.0,39.0,16.0
0710.0111v1.pdf,3,MgB2,"x=0.1, 10K",4.6020599913279625,10.0,3.0,39.0,16.0
0710.0111v1.pdf,3,MgB2,"x=0.1, 10K",4.3979400086720375,10.0,4.0,39.0,16.0
0710.0111v1.pdf,3,MgB2,"x=0.1, 10K",4.176091259055681,10.0,5.0,39.0,16.0
0710.0111v1.pdf,3,MgB2,"x=0.1, 10K",4.0,10.0,6.0,39.0,16.0
0710.0111v1.pdf,3,MgB2,"x=0.1, 10K",3.845098040014257,10.0,7.0,39.0,16.0
0710.0111v1.pdf,3,MgB2,"x=0.1, 10K",3.6989700043360174,10.0,8.0,39.0,16.0
0710.0111v1.pdf,3,MgB2,"x=0.2, 20K",5.903089986991944,20.0,0.1,39.0,16.0
0710.0111v1.pdf,3,MgB2,"x=0.2, 20K",5.778151250383644,20.0,0.2,39.0,16.0
0710.0111v1.pdf,3,MgB2,"x=0.2, 20K",5.6020599913279625,20.0,0.3,39.0,16.0
0710.0111v1.pdf,3,MgB2,"x=0.2, 20K",5.477121254719663,20.0,0.5,39.0,16.0
0710.0111v1.pdf,3,MgB2,"x=0.2, 20K",5.301029995663981,20.0,0.7,39.0,16.0
0710.0111v1.pdf,3,MgB2,"x=0.2, 20K",5.079181246047625,20.0,1.0,39.0,16.0
0710.0111v1.pdf,3,MgB2,"x=0.2, 20K",4.778151250383644,20.0,2.0,39.0,16.0
0710.0111v1.pdf,3,MgB2,"x=0.2, 20K",4.477121254719663,20.0,3.0,39.0,16.0
0710.0111v1.pdf,3,MgB2,"x=0.2, 20K",4.2552725051033065,20.0,4.0,39.0,16.0
0710.0111v1.pdf,3,MgB2,"x=0.2, 20K",4.079181246047625,20.0,5.0,39.0,16.0
0710.0111v1.pdf,3,MgB2,"x=0.2, 20K",3.903089986991944,20.0,6.0,39.0,16.0
0710.0111v1.pdf,3,MgB2,"x=0.2, 20K",3.6989700043360174,20.0,7.0,39.0,16.0
0710.0111v1.pdf,3,MgB2,"x=0.2, 20K",3.4771212547196626,20.0,8.0,39.0,16.0
0710.0111v1.pdf,3,MgB2,"x=0.3, 30K",5.845098040014257,30.0,0.1,39.0,16.0
0710.0111v1.pdf,3,MgB2,"x=0.3, 30K",5.698970004336019,30.0,0.2,39.0,16.0
0710.0111v1.pdf,3,MgB2,"x=0.3, 30K",5.544068044350276,30.0,0.3,39.0,16.0
0710.0111v1.pdf,3,MgB2,"x=0.3, 30K",5.3979400086720375,30.0,0.5,39.0,16.0
0710.0111v1.pdf,3,MgB2,"x=0.3, 30K",5.176091259055681,30.0,0.7,39.0,16.0
0710.0111v1.pdf,3,MgB2,"x=0.3, 30K",5.0,30.0,1.0,39.0,16.0
0710.0111v1.pdf,3,MgB2,"x=0.3, 30K",4.698970004336019,30.0,2.0,39.0,16.0
0710.0111v1.pdf,3,MgB2,"x=0.3, 30K",4.3979400086720375,30.0,3.0,39.0,16.0
0710.0111v1.pdf,3,MgB2,"x=0.3, 30K",4.176091259055681,30.0,4.0,39.0,16.0
0710.0111v1.pdf,3,MgB2,"x=0.3, 30K",4.0,30.0,5.0,39.0,16.0
0710.0111v1.pdf,3,MgB2,"x=0.3, 30K",3.845098040014257,30.0,6.0,39.0,16.0
0710.0111v1.pdf,3,MgB2,"x=0.3, 30K",3.6020599913279625,30.0,7.0,39.0,16.0
0710.0111v1.pdf,3,MgB2,"x=0.3, 30K",3.3010299956639813,30.0,8.0,39.0,16.0
0710.0111v1.pdf,4,MgB2,5 K,4.954242509439325,5.0,0.1,39.0,16.0
0710.0111v1.pdf,4,MgB2,5 K,4.903089986991944,5.0,0.5,39.0,16.0
0710.0111v1.pdf,4,MgB2,5 K,4.845098040014257,5.0,1.0,39.0,16.0
0710.0111v1.pdf,4,MgB2,5 K,4.778151250383644,5.0,1.5,39.0,16.0
0710.0111v1.pdf,4,MgB2,5 K,4.698970004336019,5.0,2.0,39.0,16.0
0710.0111v1.pdf,4,MgB2,5 K,4.6020599913279625,5.0,2.5,39.0,16.0
0710.0111v1.pdf,4,MgB2,5 K,4.477121254719663,5.0,3.0,39.0,16.0
0710.0111v1.pdf,4,MgB2,5 K,4.301029995663981,5.0,3.5,39.0,16.0
0710.0111v1.pdf,4,MgB2,5 K,4.176091259055681,5.0,4.0,39.0,16.0
0710.0111v1.pdf,4,MgB2,5 K,4.079181246047625,5.0,4.5,39.0,16.0
0710.0111v1.pdf,4,MgB2,5 K,4.0,5.0,5.0,39.0,16.0
0710.0111v1.pdf,4,MgB2,10 K,4.903089986991944,10.0,0.1,39.0,16.0
0710.0111v1.pdf,4,MgB2,10 K,4.845098040014257,10.0,0.5,39.0,16.0
0710.0111v1.pdf,4,MgB2,10 K,4.778151250383644,10.0,1.0,39.0,16.0
0710.0111v1.pdf,4,MgB2,10 K,4.698970004336019,10.0,1.5,39.0,16.0
0710.0111v1.pdf,4,MgB2,10 K,4.6020599913279625,10.0,2.0,39.0,16.0
0710.0111v1.pdf,4,MgB2,10 K,4.477121254719663,10.0,2.5,39.0,16.0
0710.0111v1.pdf,4,MgB2,10 K,4.3979400086720375,10.0,3.0,39.0,16.0
0710.0111v1.pdf,4,MgB2,10 K,4.301029995663981,10.0,3.5,39.0,16.0
0710.0111v1.pdf,4,MgB2,10 K,4.176091259055681,10.0,4.0,39.0,16.0
0710.0111v1.pdf,4,MgB2,10 K,4.079181246047625,10.0,4.5,39.0,16.0
0710.0111v1.pdf,4,MgB2,10 K,4.0,10.0,5.0,39.0,16.0
0710.0111v1.pdf,4,MgB2,20 K,4.845098040014257,20.0,0.1,39.0,16.0
0710.0111v1.pdf,4,MgB2,20 K,4.778151250383644,20.0,0.5,39.0,16.0
0710.0111v1.pdf,4,MgB2,20 K,4.698970004336019,20.0,1.0,39.0,16.0
0710.0111v1.pdf,4,MgB2,20 K,4.6020599913279625,20.0,1.5,39.0,16.0
0710.0111v1.pdf,4,MgB2,20 K,4.477121254719663,20.0,2.0,39.0,16.0
0710.0111v1.pdf,4,MgB2,20 K,4.3979400086720375,20.0,2.5,39.0,16.0
0710.0111v1.pdf,4,MgB2,20 K,4.301029995663981,20.0,3.0,39.0,16.0
0710.0111v1.pdf,4,MgB2,20 K,4.176091259055681,20.0,3.5,39.0,16.0
0710.0111v1.pdf,4,MgB2,20 K,4.079181246047625,20.0,4.0,39.0,16.0
0710.0111v1.pdf,4,MgB2,20 K,4.0,20.0,4.5,39.0,16.0
0710.0111v1.pdf,4,MgB2,20 K,3.903089986991944,20.0,5.0,39.0,16.0
0710.0111v1.pdf,4,MgB2,30 K,4.778151250383644,30.0,0.1,39.0,16.0
0710.0111v1.pdf,4,MgB2,30 K,4.698970004336019,30.0,0.5,39.0,16.0
0710.0111v1.pdf,4,MgB2,30 K,4.6020599913279625,30.0,1.0,39.0,16.0
0710.0111v1.pdf,4,MgB2,30 K,4.477121254719663,30.0,1.5,39.0,16.0
0710.0111v1.pdf,4,MgB2,30 K,4.3979400086720375,30.0,2.0,39.0,16.0
0710.0111v1.pdf,4,MgB2,30 K,4.301029995663981,30.0,2.5,39.0,16.0
0710.0111v1.pdf,4,MgB2,30 K,4.176091259055681,30.0,3.0,39.0,16.0
0710.0111v1.pdf,4,MgB2,30 K,4.079181246047625,30.0,3.5,39.0,16.0
0710.0111v1.pdf,4,MgB2,30 K,4.0,30.0,4.0,39.0,16.0
0710.0111v1.pdf,4,MgB2,30 K,3.903089986991944,30.0,4.5,39.0,16.0
0710.0111v1.pdf,4,MgB2,30 K,3.7781512503836434,30.0,5.0,39.0,16.0
0806.2839v1.pdf,11,Sm2FeAs2O,Powder 2 K,6.0,2.0,0.0,55.0,70.0
0806.2839v1.pdf,11,Sm2FeAs2O,Powder 2 K,5.954242509439325,2.0,0.5,55.0,70.0
0806.2839v1.pdf,11,Sm2FeAs2O,Powder 2 K,5.903089986991944,2.0,1.0,55.0,70.0
0806.2839v1.pdf,11,Sm2FeAs2O,Powder 2 K,5.845098040014257,2.0,1.5,55.0,70.0
0806.2839v1.pdf,11,Sm2FeAs2O,Powder 2 K,5.778151250383644,2.0,2.0,55.0,70.0
0806.2839v1.pdf,11,Sm2FeAs2O,Powder 2 K,5.698970004336019,2.0,2.5,55.0,70.0
0806.2839v1.pdf,11,Sm2FeAs2O,Powder 2 K,5.6020599913279625,2.0,3.0,55.0,70.0
0806.2839v1.pdf,11,Sm2FeAs2O,Powder 2 K,5.477121254719663,2.0,3.5,55.0,70.0
0806.2839v1.pdf,11,Sm2FeAs2O,Powder 2 K,5.301029995663981,2.0,4.0,55.0,70.0
0806.2839v1.pdf,11,Sm2FeAs2O,Powder 2 K,5.176091259055681,2.0,4.5,55.0,70.0
0806.2839v1.pdf,11,Sm2FeAs2O,Powder 2 K,5.0,2.0,5.0,55.0,70.0
0806.2839v1.pdf,11,Sm2FeAs2O,Powder 5 K,5.698970004336019,5.0,0.0,55.0,70.0
0806.2839v1.pdf,11,Sm2FeAs2O,Powder 5 K,5.653212513775344,5.0,0.5,55.0,70.0
0806.2839v1.pdf,11,Sm2FeAs2O,Powder 5 K,5.6020599913279625,5.0,1.0,55.0,70.0
0806.2839v1.pdf,11,Sm2FeAs2O,Powder 5 K,5.544068044350276,5.0,1.5,55.0,70.0
0806.2839v1.pdf,11,Sm2FeAs2O,Powder 5 K,5.477121254719663,5.0,2.0,55.0,70.0
0806.2839v1.pdf,11,Sm2FeAs2O,Powder 5 K,5.3979400086720375,5.0,2.5,55.0,70.0
0806.2839v1.pdf,11,Sm2FeAs2O,Powder 5 K,5.301029995663981,5.0,3.0,55.0,70.0
0806.2839v1.pdf,11,Sm2FeAs2O,Powder 5 K,5.176091259055681,5.0,3.5,55.0,70.0
0806.2839v1.pdf,11,Sm2FeAs2O,Powder 5 K,5.0,5.0,4.0,55.0,70.0
0806.2839v1.pdf,11,Sm2FeAs2O,Powder 5 K,4.903089986991944,5.0,4.5,55.0,70.0
0806.2839v1.pdf,11,Sm2FeAs2O,Powder 5 K,4.778151250383644,5.0,5.0,55.0,70.0
0806.2839v1.pdf,11,Sm2FeAs2O,Powder 20 K,5.0,20.0,0.0,55.0,70.0
0806.2839v1.pdf,11,Sm2FeAs2O,Powder 20 K,4.954242509439325,20.0,0.5,55.0,70.0
0806.2839v1.pdf,11,Sm2FeAs2O,Powder 20 K,4.903089986991944,20.0,1.0,55.0,70.0
0806.2839v1.pdf,11,Sm2FeAs2O,Powder 20 K,4.845098040014257,20.0,1.5,55.0,70.0
0806.2839v1.pdf,11,Sm2FeAs2O,Powder 20 K,4.778151250383644,20.0,2.0,55.0,70.0
0806.2839v1.pdf,11,Sm2FeAs2O,Powder 20 K,4.698970004336019,20.0,2.5,55.0,70.0
0806.2839v1.pdf,11,Sm2FeAs2O,Powder 20 K,4.6020599913279625,20.0,3.0,55.0,70.0
0806.2839v1.pdf,11,Sm2FeAs2O,Powder 20 K,4.477121254719663,20.0,3.5,55.0,70.0
0806.2839v1.pdf,11,Sm2FeAs2O,Powder 20 K,4.301029995663981,20.0,4.0,55.0,70.0
0806.2839v1.pdf,11,Sm2FeAs2O,Powder 20 K,4.176091259055681,20.0,4.5,55.0,70.0
0806.2839v1.pdf,11,Sm2FeAs2O,Powder 20 K,4.0,20.0,5.0,55.0,70.0
0806.2839v1.pdf,11,Sm2FeAs2O,Bulk 5 K,4.0,5.0,0.0,55.0,70.0
0806.2839v1.pdf,11,Sm2FeAs2O,Bulk 5 K,3.9542425094393248,5.0,0.5,55.0,70.0
0806.2839v1.pdf,11,Sm2FeAs2O,Bulk 5 K,3.903089986991944,5.0,1.0,55.0,70.0
0806.2839v1.pdf,11,Sm2FeAs2O,Bulk 5 K,3.845098040014257,5.0,1.5,55.0,70.0
0806.2839v1.pdf,11,Sm2FeAs2O,Bulk 5 K,3.7781512503836434,5.0,2.0,55.0,70.0
0806.2839v1.pdf,11,Sm2FeAs2O,Bulk 5 K,3.6989700043360174,5.0,2.5,55.0,70.0
0806.2839v1.pdf,11,Sm2FeAs2O,Bulk 5 K,3.6020599913279625,5.0,3.0,55.0,70.0
0806.2839v1.pdf,11,Sm2FeAs2O,Bulk 5 K,3.4771212547196626,5.0,3.5,55.0,70.0
0806.2839v1.pdf,11,Sm2FeAs2O,Bulk 5 K,3.3010299956639813,5.0,4.0,55.0,70.0
0806.2839v1.pdf,11,Sm2FeAs2O,Bulk 5 K,3.1760912590556813,5.0,4.5,55.0,70.0
0806.2839v1.pdf,11,Sm2FeAs2O,Bulk 5 K,3.0,5.0,5.0,55.0,70.0
0906.0444v1.pdf,3,Ba(FeAs)2,2 K,6.0,2.0,0.0,30.0,60.0
0906.0444v1.pdf,3,Ba(FeAs)2,2 K,5.903089986991944,2.0,0.5,30.0,60.0
0906.0444v1.pdf,3,Ba(FeAs)2,2 K,5.778151250383644,2.0,1.0,30.0,60.0
0906.0444v1.pdf,3,Ba(FeAs)2,2 K,5.698970004336019,2.0,1.5,30.0,60.0
0906.0444v1.pdf,3,Ba(FeAs)2,2 K,5.6020599913279625,2.0,2.0,30.0,60.0
0906.0444v1.pdf,3,Ba(FeAs)2,2 K,5.477121254719663,2.0,2.5,30.0,60.0
0906.0444v1.pdf,3,Ba(FeAs)2,2 K,5.301029995663981,2.0,3.0,30.0,60.0
0906.0444v1.pdf,3,Ba(FeAs)2,2 K,5.176091259055681,2.0,3.5,30.0,60.0
0906.0444v1.pdf,3,Ba(FeAs)2,2 K,5.0,2.0,4.0,30.0,60.0
0906.0444v1.pdf,3,Ba(FeAs)2,2 K,4.903089986991944,2.0,4.5,30.0,60.0
0906.0444v1.pdf,3,Ba(FeAs)2,2 K,4.778151250383644,2.0,5.0,30.0,60.0
0906.0444v1.pdf,3,Ba(FeAs)2,5 K,5.954242509439325,5.0,0.0,30.0,60.0
0906.0444v1.pdf,3,Ba(FeAs)2,5 K,5.845098040014257,5.0,0.5,30.0,60.0
0906.0444v1.pdf,3,Ba(FeAs)2,5 K,5.698970004336019,5.0,1.0,30.0,60.0
0906.0444v1.pdf,3,Ba(FeAs)2,5 K,5.6020599913279625,5.0,1.5,30.0,60.0
0906.0444v1.pdf,3,Ba(FeAs)2,5 K,5.477121254719663,5.0,2.0,30.0,60.0
0906.0444v1.pdf,3,Ba(FeAs)2,5 K,5.301029995663981,5.0,2.5,30.0,60.0
0906.0444v1.pdf,3,Ba(FeAs)2,5 K,5.176091259055681,5.0,3.0,30.0,60.0
0906.0444v1.pdf,3,Ba(FeAs)2,5 K,5.0,5.0,3.5,30.0,60.0
0906.0444v1.pdf,3,Ba(FeAs)2,5 K,4.903089986991944,5.0,4.0,30.0,60.0
0906.0444v1.pdf,3,Ba(FeAs)2,5 K,4.778151250383644,5.0,4.5,30.0,60.0
0906.0444v1.pdf,3,Ba(FeAs)2,5 K,4.698970004336019,5.0,5.0,30.0,60.0
0906.0444v1.pdf,3,Ba(FeAs)2,7.5 K,5.903089986991944,7.5,0.0,30.0,60.0
0906.0444v1.pdf,3,Ba(FeAs)2,7.5 K,5.778151250383644,7.5,0.5,30.0,60.0
0906.0444v1.pdf,3,Ba(FeAs)2,7.5 K,5.6020599913279625,7.5,1.0,30.0,60.0
0906.0444v1.pdf,3,Ba(FeAs)2,7.5 K,5.477121254719663,7.5,1.5,30.0,60.0
0906.0444v1.pdf,3,Ba(FeAs)2,7.5 K,5.301029995663981,7.5,2.0,30.0,60.0
0906.0444v1.pdf,3,Ba(FeAs)2,7.5 K,5.176091259055681,7.5,2.5,30.0,60.0
0906.0444v1.pdf,3,Ba(FeAs)2,7.5 K,5.0,7.5,3.0,30.0,60.0
0906.0444v1.pdf,3,Ba(FeAs)2,7.5 K,4.903089986991944,7.5,3.5,30.0,60.0
0906.0444v1.pdf,3,Ba(FeAs)2,7.5 K,4.778151250383644,7.5,4.0,30.0,60.0
0906.0444v1.pdf,3,Ba(FeAs)2,7.5 K,4.698970004336019,7.5,4.5,30.0,60.0
0906.0444v1.pdf,3,Ba(FeAs)2,7.5 K,4.6020599913279625,7.5,5.0,30.0,60.0
0906.0444v1.pdf,3,Ba(FeAs)2,10 K,5.845098040014257,10.0,0.0,30.0,60.0
0906.0444v1.pdf,3,Ba(FeAs)2,10 K,5.698970004336019,10.0,0.5,30.0,60.0
0906.0444v1.pdf,3,Ba(FeAs)2,10 K,5.477121254719663,10.0,1.0,30.0,60.0
0906.0444v1.pdf,3,Ba(FeAs)2,10 K,5.301029995663981,10.0,1.5,30.0,60.0
0906.0444v1.pdf,3,Ba(FeAs)2,10 K,5.176091259055681,10.0,2.0,30.0,60.0
0906.0444v1.pdf,3,Ba(FeAs)2,10 K,5.0,10.0,2.5,30.0,60.0
0906.0444v1.pdf,3,Ba(FeAs)2,10 K,4.903089986991944,10.0,3.0,30.0,60.0
0906.0444v1.pdf,3,Ba(FeAs)2,10 K,4.778151250383644,10.0,3.5,30.0,60.0
0906.0444v1.pdf,3,Ba(FeAs)2,10 K,4.698970004336019,10.0,4.0,30.0,60.0
0906.0444v1.pdf,3,Ba(FeAs)2,10 K,4.6020599913279625,10.0,4.5,30.0,60.0
0906.0444v1.pdf,3,Ba(FeAs)2,10 K,4.477121254719663,10.0,5.0,30.0,60.0
0906.0444v1.pdf,3,Ba(FeAs)2,12.5 K,5.778151250383644,12.5,0.0,30.0,60.0
0906.0444v1.pdf,3,Ba(FeAs)2,12.5 K,5.6020599913279625,12.5,0.5,30.0,60.0
0906.0444v1.pdf,3,Ba(FeAs)2,12.5 K,5.477121254719663,12.5,1.0,30.0,60.0
0906.0444v1.pdf,3,Ba(FeAs)2,12.5 K,5.301029995663981,12.5,1.5,30.0,60.0
0906.0444v1.pdf,3,Ba(FeAs)2,12.5 K,5.176091259055681,12.5,2.0,30.0,60.0
0906.0444v1.pdf,3,Ba(FeAs)2,12.5 K,5.0,12.5,2.5,30.0,60.0
0906.0444v1.pdf,3,Ba(FeAs)2,12.5 K,4.903089986991944,12.5,3.0,30.0,60.0
0906.0444v1.pdf,3,Ba(FeAs)2,12.5 K,4.778151250383644,12.5,3.5,30.0,60.0
0906.0444v1.pdf,3,Ba(FeAs)2,12.5 K,4.698970004336019,12.5,4.0,30.0,60.0
0906.0444v1.pdf,3,Ba(FeAs)2,12.5 K,4.6020599913279625,12.5,4.5,30.0,60.0
0906.0444v1.pdf,3,Ba(FeAs)2,12.5 K,4.477121254719663,12.5,5.0,30.0,60.0
0906.0444v1.pdf,3,Ba(FeAs)2,15 K,5.698970004336019,15.0,0.0,30.0,60.0
0906.0444v1.pdf,3,Ba(FeAs)2,15 K,5.477121254719663,15.0,0.5,30.0,60.0
0906.0444v1.pdf,3,Ba(FeAs)2,15 K,5.301029995663981,15.0,1.0,30.0,60.0
0906.0444v1.pdf,3,Ba(FeAs)2,15 K,5.176091259055681,15.0,1.5,30.0,60.0
0906.0444v1.pdf,3,Ba(FeAs)2,15 K,5.0,15.0,2.0,30.0,60.0
0906.0444v1.pdf,3,Ba(FeAs)2,15 K,4.903089986991944,15.0,2.5,30.0,60.0
0906.0444v1.pdf,3,Ba(FeAs)2,15 K,4.778151250383644,15.0,3.0,30.0,60.0
0906.0444v1.pdf,3,Ba(FeAs)2,15 K,4.698970004336019,15.0,3.5,30.0,60.0
0906.0444v1.pdf,3,Ba(FeAs)2,15 K,4.6020599913279625,15.0,4.0,30.0,60.0
0906.0444v1.pdf,3,Ba(FeAs)2,15 K,4.477121254719663,15.0,4.5,30.0,60.0
0906.0444v1.pdf,3,Ba(FeAs)2,15 K,4.301029995663981,15.0,5.0,30.0,60.0
0906.0444v1.pdf,3,Ba(FeAs)2,17.5 K,5.6020599913279625,17.5,0.0,30.0,60.0
0906.0444v1.pdf,3,Ba(FeAs)2,17.5 K,5.301029995663981,17.5,0.5,30.0,60.0
0906.0444v1.pdf,3,Ba(FeAs)2,17.5 K,5.176091259055681,17.5,1.0,30.0,60.0
0906.0444v1.pdf,3,Ba(FeAs)2,17.5 K,5.0,17.5,1.5,30.0,60.0
0906.0444v1.pdf,3,Ba(FeAs)2,17.5 K,4.903089986991944,17.5,2.0,30.0,60.0
0906.0444v1.pdf,3,Ba(FeAs)2,17.5 K,4.778151250383644,17.5,2.5,30.0,60.0
0906.0444v1.pdf,3,Ba(FeAs)2,17.5 K,4.698970004336019,17.5,3.0,30.0,60.0
0906.0444v1.pdf,3,Ba(FeAs)2,17.5 K,4.6020599913279625,17.5,3.5,30.0,60.0
0906.0444v1.pdf,3,Ba(FeAs)2,17.5 K,4.477121254719663,17.5,4.0,30.0,60.0
0906.0444v1.pdf,3,Ba(FeAs)2,17.5 K,4.301029995663981,17.5,4.5,30.0,60.0
0906.0444v1.pdf,3,Ba(FeAs)2,17.5 K,4.0,17.5,5.0,30.0,60.0
0906.0444v1.pdf,3,Ba(FeAs)2,20 K,5.477121254719663,20.0,0.0,30.0,60.0
0906.0444v1.pdf,3,Ba(FeAs)2,20 K,5.176091259055681,20.0,0.5,30.0,60.0
0906.0444v1.pdf,3,Ba(FeAs)2,20 K,5.0,20.0,1.0,30.0,60.0
0906.0444v1.pdf,3,Ba(FeAs)2,20 K,4.903089986991944,20.0,1.5,30.0,60.0
0906.0444v1.pdf,3,Ba(FeAs)2,20 K,4.778151250383644,20.0,2.0,30.0,60.0
0906.0444v1.pdf,3,Ba(FeAs)2,20 K,4.698970004336019,20.0,2.5,30.0,60.0
0906.0444v1.pdf,3,Ba(FeAs)2,20 K,4.6020599913279625,20.0,3.0,30.0,60.0
0906.0444v1.pdf,3,Ba(FeAs)2,20 K,4.477121254719663,20.0,3.5,30.0,60.0
0906.0444v1.pdf,3,Ba(FeAs)2,20 K,4.301029995663981,20.0,4.0,30.0,60.0
0906.0444v1.pdf,3,Ba(FeAs)2,20 K,4.0,20.0,4.5,30.0,60.0
0906.0444v1.pdf,3,Ba(FeAs)2,20 K,3.6989700043360174,20.0,5.0,30.0,60.0
0907.0147v2.pdf,7,Fe2TeSe,T = 1.8K,6.0,1.8,1e-05,14.0,50.0
0907.0147v2.pdf,7,Fe2TeSe,T = 1.8K,5.903089986991944,1.8,5e-05,14.0,50.0
0907.0147v2.pdf,7,Fe2TeSe,T = 1.8K,5.778151250383644,1.8,0.0001,14.0,50.0
0907.0147v2.pdf,7,Fe2TeSe,T = 1.8K,5.6020599913279625,1.8,0.0002,14.0,50.0
0907.0147v2.pdf,7,Fe2TeSe,T = 1.8K,5.477121254719663,1.8,0.0003,14.0,50.0
0907.0147v2.pdf,7,Fe2TeSe,T = 1.8K,5.301029995663981,1.8,0.0004,14.0,50.0
0907.0147v2.pdf,7,Fe2TeSe,T = 1.8K,5.176091259055681,1.8,0.0005,14.0,50.0
0907.0147v2.pdf,7,Fe2TeSe,T = 1.8K,5.0,1.8,0.0006,14.0,50.0
0907.0147v2.pdf,7,Fe2TeSe,T = 1.8K,4.903089986991944,1.8,0.0007,14.0,50.0
0907.0147v2.pdf,7,Fe2TeSe,T = 1.8K,4.778151250383644,1.8,0.0008,14.0,50.0
0907.0147v2.pdf,7,Fe2TeSe,T = 1.8K,4.6020599913279625,1.8,0.0009,14.0,50.0
0907.0147v2.pdf,7,Fe2TeSe,T = 1.8K,4.477121254719663,1.8,0.001,14.0,50.0
0907.0147v2.pdf,7,Fe2TeSe,T = 1.8K,4.301029995663981,1.8,0.0011,14.0,50.0
0907.0147v2.pdf,7,Fe2TeSe,T = 1.8K,4.0,1.8,0.0012,14.0,50.0
0907.0147v2.pdf,7,Fe2TeSe,T = 3K,5.954242509439325,3.0,1e-05,14.0,50.0
0907.0147v2.pdf,7,Fe2TeSe,T = 3K,5.845098040014257,3.0,5e-05,14.0,50.0
0907.0147v2.pdf,7,Fe2TeSe,T = 3K,5.698970004336019,3.0,0.0001,14.0,50.0
0907.0147v2.pdf,7,Fe2TeSe,T = 3K,5.544068044350276,3.0,0.0002,14.0,50.0
0907.0147v2.pdf,7,Fe2TeSe,T = 3K,5.3979400086720375,3.0,0.0003,14.0,50.0
0907.0147v2.pdf,7,Fe2TeSe,T = 3K,5.2552725051033065,3.0,0.0004,14.0,50.0
0907.0147v2.pdf,7,Fe2TeSe,T = 3K,5.113943352306837,3.0,0.0005,14.0,50.0
0907.0147v2.pdf,7,Fe2TeSe,T = 3K,4.954242509439325,3.0,0.0006,14.0,50.0
0907.0147v2.pdf,7,Fe2TeSe,T = 3K,4.845098040014257,3.0,0.0007,14.0,50.0
0907.0147v2.pdf,7,Fe2TeSe,T = 3K,4.698970004336019,3.0,0.0008,14.0,50.0
0907.0147v2.pdf,7,Fe2TeSe,T = 3K,4.544068044350276,3.0,0.0009,14.0,50.0
0907.0147v2.pdf,7,Fe2TeSe,T = 3K,4.3979400086720375,3.0,0.001,14.0,50.0
0907.0147v2.pdf,7,Fe2TeSe,T = 3K,4.176091259055681,3.0,0.0011,14.0,50.0
0907.0147v2.pdf,7,Fe2TeSe,T = 3K,4.0,3.0,0.0012,14.0,50.0
0907.0147v2.pdf,7,Fe2TeSe,T = 4K,5.903089986991944,4.0,1e-05,14.0,50.0
0907.0147v2.pdf,7,Fe2TeSe,T = 4K,5.778151250383644,4.0,5e-05,14.0,50.0
0907.0147v2.pdf,7,Fe2TeSe,T = 4K,5.653212513775344,4.0,0.0001,14.0,50.0
0907.0147v2.pdf,7,Fe2TeSe,T = 4K,5.477121254719663,4.0,0.0002,14.0,50.0
0907.0147v2.pdf,7,Fe2TeSe,T = 4K,5.301029995663981,4.0,0.0003,14.0,50.0
0907.0147v2.pdf,7,Fe2TeSe,T = 4K,5.176091259055681,4.0,0.0004,14.0,50.0
0907.0147v2.pdf,7,Fe2TeSe,T = 4K,5.0,4.0,0.0005,14.0,50.0
0907.0147v2.pdf,7,Fe2TeSe,T = 4K,4.845098040014257,4.0,0.0006,14.0,50.0
0907.0147v2.pdf,7,Fe2TeSe,T = 4K,4.698970004336019,4.0,0.0007,14.0,50.0
0907.0147v2.pdf,7,Fe2TeSe,T = 4K,4.544068044350276,4.0,0.0008,14.0,50.0
0907.0147v2.pdf,7,Fe2TeSe,T = 4K,4.3979400086720375,4.0,0.0009,14.0,50.0
0907.0147v2.pdf,7,Fe2TeSe,T = 4K,4.176091259055681,4.0,0.001,14.0,50.0
0907.0147v2.pdf,7,Fe2TeSe,T = 4K,4.0,4.0,0.0011,14.0,50.0
0907.0147v2.pdf,7,Fe2TeSe,T = 4K,3.903089986991944,4.0,0.0012,14.0,50.0
0907.0147v2.pdf,7,Fe2TeSe,T = 6K,5.845098040014257,6.0,1e-05,14.0,50.0
0907.0147v2.pdf,7,Fe2TeSe,T = 6K,5.698970004336019,6.0,5e-05,14.0,50.0
0907.0147v2.pdf,7,Fe2TeSe,T = 6K,5.544068044350276,6.0,0.0001,14.0,50.0
0907.0147v2.pdf,7,Fe2TeSe,T = 6K,5.3979400086720375,6.0,0.0002,14.0,50.0
0907.0147v2.pdf,7,Fe2TeSe,T = 6K,5.2552725051033065,6.0,0.0003,14.0,50.0
0907.0147v2.pdf,7,Fe2TeSe,T = 6K,5.079181246047625,6.0,0.0004,14.0,50.0
0907.0147v2.pdf,7,Fe2TeSe,T = 6K,4.903089986991944,6.0,0.0005,14.0,50.0
0907.0147v2.pdf,7,Fe2TeSe,T = 6K,4.778151250383644,6.0,0.0006,14.0,50.0
0907.0147v2.pdf,7,Fe2TeSe,T = 6K,4.6020599913279625,6.0,0.0007,14.0,50.0
0907.0147v2.pdf,7,Fe2TeSe,T = 6K,4.477121254719663,6.0,0.0008,14.0,50.0
0907.0147v2.pdf,7,Fe2TeSe,T = 6K,4.301029995663981,6.0,0.0009,14.0,50.0
0907.0147v2.pdf,7,Fe2TeSe,T = 6K,4.176091259055681,6.0,0.001,14.0,50.0
0907.0147v2.pdf,7,Fe2TeSe,T = 6K,4.0,6.0,0.0011,14.0,50.0
0907.0147v2.pdf,7,Fe2TeSe,T = 6K,3.845098040014257,6.0,0.0012,14.0,50.0
0907.0147v2.pdf,7,Fe2TeSe,T = 8K,5.778151250383644,8.0,1e-05,14.0,50.0
0907.0147v2.pdf,7,Fe2TeSe,T = 8K,5.6020599913279625,8.0,5e-05,14.0,50.0
0907.0147v2.pdf,7,Fe2TeSe,T = 8K,5.477121254719663,8.0,0.0001,14.0,50.0
0907.0147v2.pdf,7,Fe2TeSe,T = 8K,5.301029995663981,8.0,0.0002,14.0,50.0
0907.0147v2.pdf,7,Fe2TeSe,T = 8K,5.176091259055681,8.0,0.0003,14.0,50.0
0907.0147v2.pdf,7,Fe2TeSe,T = 8K,5.0,8.0,0.0004,14.0,50.0
0907.0147v2.pdf,7,Fe2TeSe,T = 8K,4.845098040014257,8.0,0.0005,14.0,50.0
0907.0147v2.pdf,7,Fe2TeSe,T = 8K,4.698970004336019,8.0,0.0006,14.0,50.0
0907.0147v2.pdf,7,Fe2TeSe,T = 8K,4.544068044350276,8.0,0.0007,14.0,50.0
0907.0147v2.pdf,7,Fe2TeSe,T = 8K,4.3979400086720375,8.0,0.0008,14.0,50.0
0907.0147v2.pdf,7,Fe2TeSe,T = 8K,4.176091259055681,8.0,0.0009,14.0,50.0
0907.0147v2.pdf,7,Fe2TeSe,T = 8K,4.0,8.0,0.001,14.0,50.0
0907.0147v2.pdf,7,Fe2TeSe,T = 8K,3.903089986991944,8.0,0.0011,14.0,50.0
0907.0147v2.pdf,7,Fe2TeSe,T = 8K,3.7781512503836434,8.0,0.0012,14.0,50.0
1001.5099v1.pdf,11,MgB2,5K G000,6.0,5.0,0.1,39.0,16.0
1001.5099v1.pdf,11,MgB2,5K G000,5.903089986991944,5.0,0.5,39.0,16.0
1001.5099v1.pdf,11,MgB2,5K G000,5.778151250383644,5.0,1.0,39.0,16.0
1001.5099v1.pdf,11,MgB2,5K G000,5.6020599913279625,5.0,1.5,39.0,16.0
1001.5099v1.pdf,11,MgB2,5K G000,5.477121254719663,5.0,2.0,39.0,16.0
1001.5099v1.pdf,11,MgB2,5K G000,5.301029995663981,5.0,2.5,39.0,16.0
1001.5099v1.pdf,11,MgB2,5K G000,5.176091259055681,5.0,3.0,39.0,16.0
1001.5099v1.pdf,11,MgB2,5K G000,5.0,5.0,3.5,39.0,16.0
1001.5099v1.pdf,11,MgB2,5K G000,4.903089986991944,5.0,4.0,39.0,16.0
1001.5099v1.pdf,11,MgB2,5K G000,4.778151250383644,5.0,4.5,39.0,16.0
1001.5099v1.pdf,11,MgB2,5K G000,4.6020599913279625,5.0,5.0,39.0,16.0
1001.5099v1.pdf,11,MgB2,5K G000,4.477121254719663,5.0,5.5,39.0,16.0
1001.5099v1.pdf,11,MgB2,5K G000,4.301029995663981,5.0,6.0,39.0,16.0
1001.5099v1.pdf,11,MgB2,5K G000,4.0,5.0,7.0,39.0,16.0
1001.5099v1.pdf,11,MgB2,5K G000,3.6989700043360174,5.0,8.0,39.0,16.0
1001.5099v1.pdf,11,MgB2,5K G000,3.3010299956639813,5.0,9.0,39.0,16.0
1001.5099v1.pdf,11,MgB2,5K G000,3.0,5.0,10.0,39.0,16.0
1001.5099v1.pdf,11,MgB2,5K G037,5.954242509439325,5.0,0.1,39.0,16.0
1001.5099v1.pdf,11,MgB2,5K G037,5.845098040014257,5.0,0.5,39.0,16.0
1001.5099v1.pdf,11,MgB2,5K G037,5.698970004336019,5.0,1.0,39.0,16.0
1001.5099v1.pdf,11,MgB2,5K G037,5.544068044350276,5.0,1.5,39.0,16.0
1001.5099v1.pdf,11,MgB2,5K G037,5.3979400086720375,5.0,2.0,39.0,16.0
1001.5099v1.pdf,11,MgB2,5K G037,5.2552725051033065,5.0,2.5,39.0,16.0
1001.5099v1.pdf,11,MgB2,5K G037,5.079181246047625,5.0,3.0,39.0,16.0
1001.5099v1.pdf,11,MgB2,5K G037,4.954242509439325,5.0,3.5,39.0,16.0
1001.5099v1.pdf,11,MgB2,5K G037,4.845098040014257,5.0,4.0,39.0,16.0
1001.5099v1.pdf,11,MgB2,5K G037,4.698970004336019,5.0,4.5,39.0,16.0
1001.5099v1.pdf,11,MgB2,5K G037,4.544068044350276,5.0,5.0,39.0,16.0
1001.5099v1.pdf,11,MgB2,5K G037,4.3979400086720375,5.0,5.5,39.0,16.0
1001.5099v1.pdf,11,MgB2,5K G037,4.176091259055681,5.0,6.0,39.0,16.0
1001.5099v1.pdf,11,MgB2,5K G037,3.903089986991944,5.0,7.0,39.0,16.0
1001.5099v1.pdf,11,MgB2,5K G037,3.6020599913279625,5.0,8.0,39.0,16.0
1001.5099v1.pdf,11,MgB2,5K G037,3.1760912590556813,5.0,9.0,39.0,16.0
1001.5099v1.pdf,11,MgB2,5K G037,2.903089986991944,5.0,10.0,39.0,16.0
1001.5099v1.pdf,11,MgB2,5K G087,5.929418925714293,5.0,0.1,39.0,16.0
1001.5099v1.pdf,11,MgB2,5K G087,5.812913356642856,5.0,0.5,39.0,16.0
1001.5099v1.pdf,11,MgB2,5K G087,5.653212513775344,5.0,1.0,39.0,16.0
1001.5099v1.pdf,11,MgB2,5K G087,5.477121254719663,5.0,1.5,39.0,16.0
1001.5099v1.pdf,11,MgB2,5K G087,5.301029995663981,5.0,2.0,39.0,16.0
1001.5099v1.pdf,11,MgB2,5K G087,5.146128035678238,5.0,2.5,39.0,16.0
1001.5099v1.pdf,11,MgB2,5K G087,5.0,5.0,3.0,39.0,16.0
1001.5099v1.pdf,11,MgB2,5K G087,4.8750612633917,5.0,3.5,39.0,16.0
1001.5099v1.pdf,11,MgB2,5K G087,4.740362689494244,5.0,4.0,39.0,16.0
1001.5099v1.pdf,11,MgB2,5K G087,4.6020599913279625,5.0,4.5,39.0,16.0
1001.5099v1.pdf,11,MgB2,5K G087,4.477121254719663,5.0,5.0,39.0,16.0
1001.5099v1.pdf,11,MgB2,5K G087,4.301029995663981,5.0,5.5,39.0,16.0
1001.5099v1.pdf,11,MgB2,5K G087,4.079181246047625,5.0,6.0,39.0,16.0
1001.5099v1.pdf,11,MgB2,5K G087,3.7781512503836434,5.0,7.0,39.0,16.0
1001.5099v1.pdf,11,MgB2,5K G087,3.4771212547196626,5.0,8.0,39.0,16.0
1001.5099v1.pdf,11,MgB2,5K G087,3.0791812460476247,5.0,9.0,39.0,16.0
1001.5099v1.pdf,11,MgB2,5K G087,2.7781512503836434,5.0,10.0,39.0,16.0
1001.5099v1.pdf,11,MgB2,5K nano-C 5 at.%,5.903089986991944,5.0,0.1,39.0,16.0
1001.5099v1.pdf,11,MgB2,5K nano-C 5 at.%,5.778151250383644,5.0,0.5,39.0,16.0
1001.5099v1.pdf,11,MgB2,5K nano-C 5 at.%,5.6020599913279625,5.0,1.0,39.0,16.0
1001.5099v1.pdf,11,MgB2,5K nano-C 5 at.%,5.447158031342219,5.0,1.5,39.0,16.0
1001.5099v1.pdf,11,MgB2,5K nano-C 5 at.%,5.2552725051033065,5.0,2.0,39.0,16.0
1001.5099v1.pdf,11,MgB2,5K nano-C 5 at.%,5.079181246047625,5.0,2.5,39.0,16.0
1001.5099v1.pdf,11,MgB2,5K nano-C 5 at.%,4.954242509439325,5.0,3.0,39.0,16.0
1001.5099v1.pdf,11,MgB2,5K nano-C 5 at.%,4.812913356642856,5.0,3.5,39.0,16.0
1001.5099v1.pdf,11,MgB2,5K nano-C 5 at.%,4.698970004336019,5.0,4.0,39.0,16.0
1001.5099v1.pdf,11,MgB2,5K nano-C 5 at.%,4.544068044350276,5.0,4.5,39.0,16.0
1001.5099v1.pdf,11,MgB2,5K nano-C 5 at.%,4.3979400086720375,5.0,5.0,39.0,16.0
1001.5099v1.pdf,11,MgB2,5K nano-C 5 at.%,4.2552725051033065,5.0,5.5,39.0,16.0
1001.5099v1.pdf,11,MgB2,5K nano-C 5 at.%,4.0,5.0,6.0,39.0,16.0
1001.5099v1.pdf,11,MgB2,5K nano-C 5 at.%,3.6989700043360174,5.0,7.0,39.0,16.0
1001.5099v1.pdf,11,MgB2,5K nano-C 5 at.%,3.397940008672037,5.0,8.0,39.0,16.0
1001.5099v1.pdf,11,MgB2,5K nano-C 5 at.%,3.0,5.0,9.0,39.0,16.0
1001.5099v1.pdf,11,MgB2,5K nano-C 5 at.%,2.6989700043360187,5.0,10.0,39.0,16.0
1001.5099v1.pdf,11,MgB2,20K G000,5.845098040014257,20.0,0.1,39.0,16.0
1001.5099v1.pdf,11,MgB2,20K G000,5.698970004336019,20.0,0.5,39.0,16.0
1001.5099v1.pdf,11,MgB2,20K G000,5.544068044350276,20.0,1.0,39.0,16.0
1001.5099v1.pdf,11,MgB2,20K G000,5.3979400086720375,20.0,1.5,39.0,16.0
1001.5099v1.pdf,11,MgB2,20K G000,5.2552725051033065,20.0,2.0,39.0,16.0
1001.5099v1.pdf,11,MgB2,20K G000,5.079181246047625,20.0,2.5,39.0,16.0
1001.5099v1.pdf,11,MgB2,20K G000,4.903089986991944,20.0,3.0,39.0,16.0
1001.5099v1.pdf,11,MgB2,20K G000,4.778151250383644,20.0,3.5,39.0,16.0
1001.5099v1.pdf,11,MgB2,20K G000,4.6020599913279625,20.0,4.0,39.0,16.0
1001.5099v1.pdf,11,MgB2,20K G000,4.477121254719663,20.0,4.5,39.0,16.0
1001.5099v1.pdf,11,MgB2,20K G000,4.301029995663981,20.0,5.0,39.0,16.0
1001.5099v1.pdf,11,MgB2,20K G000,4.176091259055681,20.0,5.5,39.0,16.0
1001.5099v1.pdf,11,MgB2,20K G000,3.903089986991944,20.0,6.0,39.0,16.0
1001.5099v1.pdf,11,MgB2,20K G000,3.6020599913279625,20.0,7.0,39.0,16.0
1001.5099v1.pdf,11,MgB2,20K G000,3.3010299956639813,20.0,8.0,39.0,16.0
1001.5099v1.pdf,11,MgB2,20K G000,3.0,20.0,9.0,39.0,16.0
1001.5099v1.pdf,11,MgB2,20K G000,2.6989700043360187,20.0,10.0,39.0,16.0
1001.5099v1.pdf,11,MgB2,20K G037,5.812913356642856,20.0,0.1,39.0,16.0
1001.5099v1.pdf,11,MgB2,20K G037,5.653212513775344,20.0,0.5,39.0,16.0
1001.5099v1.pdf,11,MgB2,20K G037,5.477121254719663,20.0,1.0,39.0,16.0
1001.5099v1.pdf,11,MgB2,20K G037,5.301029995663981,20.0,1.5,39.0,16.0
1001.5099v1.pdf,11,MgB2,20K G037,5.176091259055681,20.0,2.0,39.0,16.0
1001.5099v1.pdf,11,MgB2,20K G037,5.0,20.0,2.5,39.0,16.0
1001.5099v1.pdf,11,MgB2,20K G037,4.845098040014257,20.0,3.0,39.0,16.0
1001.5099v1.pdf,11,MgB2,20K G037,4.698970004336019,20.0,3.5,39.0,16.0
1001.5099v1.pdf,11,MgB2,20K G037,4.544068044350276,20.0,4.0,39.0,16.0
1001.5099v1.pdf,11,MgB2,20K G037,4.3979400086720375,20.0,4.5,39.0,16.0
1001.5099v1.pdf,11,MgB2,20K G037,4.2552725051033065,20.0,5.0,39.0,16.0
1001.5099v1.pdf,11,MgB2,20K G037,4.079181246047625,20.0,5.5,39.0,16.0
1001.5099v1.pdf,11,MgB2,20K G037,3.845098040014257,20.0,6.0,39.0,16.0
1001.5099v1.pdf,11,MgB2,20K G037,3.544068044350276,20.0,7.0,39.0,16.0
1001.5099v1.pdf,11,MgB2,20K G037,3.255272505103306,20.0,8.0,39.0,16.0
1001.5099v1.pdf,11,MgB2,20K G037,2.9542425094393248,20.0,9.0,39.0,16.0
1001.5099v1.pdf,11,MgB2,20K G037,2.6020599913279625,20.0,10.0,39.0,16.0
1001.5099v1.pdf,11,MgB2,20K G087,5.778151250383644,20.0,0.1,39.0,16.0
1001.5099v1.pdf,11,MgB2,20K G087,5.6020599913279625,20.0,0.5,39.0,16.0
1001.5099v1.pdf,11,MgB2,20K G087,5.447158031342219,20.0,1.0,39.0,16.0
1001.5099v1.pdf,11,MgB2,20K G087,5.2552725051033065,20.0,1.5,39.0,16.0
1001.5099v1.pdf,11,MgB2,20K G087,5.079181246047625,20.0,2.0,39.0,16.0
1001.5099v1.pdf,11,MgB2,20K G087,4.903089986991944,20.0,2.5,39.0,16.0
1001.5099v1.pdf,11,MgB2,20K G087,4.778151250383644,20.0,3.0,39.0,16.0
1001.5099v1.pdf,11,MgB2,20K G087,4.6020599913279625,20.0,3.5,39.0,16.0
1001.5099v1.pdf,11,MgB2,20K G087,4.477121254719663,20.0,4.0,39.0,16.0
1001.5099v1.pdf,11,MgB2,20K G087,4.301029995663981,20.0,4.5,39.0,16.0
1001.5099v1.pdf,11,MgB2,20K G087,4.176091259055681,20.0,5.0,39.0,16.0
1001.5099v1.pdf,11,MgB2,20K G087,4.0,20.0,5.5,39.0,16.0
1001.5099v1.pdf,11,MgB2,20K G087,3.7781512503836434,20.0,6.0,39.0,16.0
1001.5099v1.pdf,11,MgB2,20K G087,3.4771212547196626,20.0,7.0,39.0,16.0
1001.5099v1.pdf,11,MgB2,20K G087,3.1760912590556813,20.0,8.0,39.0,16.0
1001.5099v1.pdf,11,MgB2,20K G087,2.845098040014257,20.0,9.0,39.0,16.0
1001.5099v1.pdf,11,MgB2,20K G087,2.4771212547196626,20.0,10.0,39.0,16.0
1001.5099v1.pdf,11,MgB2,20K nano-C 5 at.%,5.740362689494244,20.0,0.1,39.0,16.0
1001.5099v1.pdf,11,MgB2,20K nano-C 5 at.%,5.544068044350276,20.0,0.5,39.0,16.0
1001.5099v1.pdf,11,MgB2,20K nano-C 5 at.%,5.3979400086720375,20.0,1.0,39.0,16.0
1001.5099v1.pdf,11,MgB2,20K nano-C 5 at.%,5.176091259055681,20.0,1.5,39.0,16.0
1001.5099v1.pdf,11,MgB2,20K nano-C 5 at.%,5.0,20.0,2.0,39.0,16.0
1001.5099v1.pdf,11,MgB2,20K nano-C 5 at.%,4.845098040014257,20.0,2.5,39.0,16.0
1001.5099v1.pdf,11,MgB2,20K nano-C 5 at.%,4.698970004336019,20.0,3.0,39.0,16.0
1001.5099v1.pdf,11,MgB2,20K nano-C 5 at.%,4.544068044350276,20.0,3.5,39.0,16.0
1001.5099v1.pdf,11,MgB2,20K nano-C 5 at.%,4.3979400086720375,20.0,4.0,39.0,16.0
1001.5099v1.pdf,11,MgB2,20K nano-C 5 at.%,4.2552725051033065,20.0,4.5,39.0,16.0
1001.5099v1.pdf,11,MgB2,20K nano-C 5 at.%,4.079181246047625,20.0,5.0,39.0,16.0
1001.5099v1.pdf,11,MgB2,20K nano-C 5 at.%,3.903089986991944,20.0,5.5,39.0,16.0
1001.5099v1.pdf,11,MgB2,20K nano-C 5 at.%,3.6989700043360174,20.0,6.0,39.0,16.0
1001.5099v1.pdf,11,MgB2,20K nano-C 5 at.%,3.397940008672037,20.0,7.0,39.0,16.0
1001.5099v1.pdf,11,MgB2,20K nano-C 5 at.%,3.0791812460476247,20.0,8.0,39.0,16.0
1001.5099v1.pdf,11,MgB2,20K nano-C 5 at.%,2.7781512503836434,20.0,9.0,39.0,16.0
1001.5099v1.pdf,11,MgB2,20K nano-C 5 at.%,2.397940008672037,20.0,10.0,39.0,16.0
1003.0153v1.pdf,12,Sm2FeAs2O,4.2 K,3.0,4.2,0.0,55.0,70.0
1003.0153v1.pdf,12,Sm2FeAs2O,4.2 K,2.903089986991944,4.2,0.5,55.0,70.0
1003.0153v1.pdf,12,Sm2FeAs2O,4.2 K,2.7781512503836434,4.2,1.0,55.0,70.0
1003.0153v1.pdf,12,Sm2FeAs2O,4.2 K,2.6020599913279625,4.2,1.5,55.0,70.0
1003.0153v1.pdf,12,Sm2FeAs2O,4.2 K,2.4771212547196626,4.2,2.0,55.0,70.0
1003.0153v1.pdf,12,Sm2FeAs2O,4.2 K,2.3010299956639813,4.2,2.5,55.0,70.0
1003.0153v1.pdf,12,Sm2FeAs2O,4.2 K,2.1760912590556813,4.2,3.0,55.0,70.0
1003.0153v1.pdf,12,Sm2FeAs2O,4.2 K,2.0791812460476247,4.2,3.5,55.0,70.0
1003.0153v1.pdf,12,Sm2FeAs2O,4.2 K,2.0,4.2,4.0,55.0,70.0
1003.0153v1.pdf,12,Sm2FeAs2O,4.2 K,1.954242509439325,4.2,4.5,55.0,70.0
1003.0153v1.pdf,12,Sm2FeAs2O,4.2 K,1.9030899869919435,4.2,5.0,55.0,70.0
1003.0153v1.pdf,12,Sm2FeAs2O,4.2 K,1.845098040014257,4.2,5.5,55.0,70.0
1003.0153v1.pdf,12,Sm2FeAs2O,4.2 K,1.7781512503836436,4.2,6.0,55.0,70.0
1003.0153v1.pdf,12,Sm2FeAs2O,4.2 K,1.740362689494244,4.2,6.5,55.0,70.0
1003.0153v1.pdf,12,Sm2FeAs2O,4.2 K,1.6989700043360187,4.2,7.0,55.0,70.0
1003.0153v1.pdf,12,Sm2FeAs2O,4.2 K,1.6532125137753435,4.2,7.5,55.0,70.0
1003.0153v1.pdf,12,Sm2FeAs2O,4.2 K,1.6020599913279625,4.2,8.0,55.0,70.0
1003.0153v1.pdf,12,Sm2FeAs2O,4.2 K,1.57978359661681,4.2,8.5,55.0,70.0
1003.0153v1.pdf,12,Sm2FeAs2O,4.2 K,1.5563025007672873,4.2,9.0,55.0,70.0
1003.0153v1.pdf,12,Sm2FeAs2O,4.2 K,1.5314789170422551,4.2,9.5,55.0,70.0
1003.0153v1.pdf,12,Sm2FeAs2O,4.2 K,1.505149978319906,4.2,10.0,55.0,70.0
1003.0153v1.pdf,12,Sm2FeAs2O,4.2 K,1.4771212547196624,4.2,10.5,55.0,70.0
1003.0153v1.pdf,12,Sm2FeAs2O,4.2 K,1.4471580313422192,4.2,11.0,55.0,70.0
1003.0153v1.pdf,12,Sm2FeAs2O,4.2 K,1.414973347970818,4.2,11.5,55.0,70.0
1003.0153v1.pdf,12,Sm2FeAs2O,4.2 K,1.380211241711606,4.2,12.0,55.0,70.0
1003.0153v1.pdf,12,Sm2FeAs2O,4.2 K,1.3424226808222062,4.2,12.5,55.0,70.0
1003.0153v1.pdf,12,Sm2FeAs2O,4.2 K,1.3010299956639813,4.2,13.0,55.0,70.0
1003.0153v1.pdf,12,Sm2FeAs2O,4.2 K,1.255272505103306,4.2,13.5,55.0,70.0
1003.0153v1.pdf,12,Sm2FeAs2O,4.2 K,1.2041199826559248,4.2,14.0,55.0,70.0
1003.0946v2.pdf,22,Nd2FeAs2O,HP 5K,4.0,5.0,0.0,50.0,70.0
1003.0946v2.pdf,22,Nd2FeAs2O,HP 5K,3.9542425094393248,5.0,0.1,50.0,70.0
1003.0946v2.pdf,22,Nd2FeAs2O,HP 5K,3.903089986991944,5.0,0.2,50.0,70.0
1003.0946v2.pdf,22,Nd2FeAs2O,HP 5K,3.845098040014257,5.0,0.3,50.0,70.0
1003.0946v2.pdf,22,Nd2FeAs2O,HP 5K,3.7781512503836434,5.0,0.4,50.0,70.0
1003.0946v2.pdf,22,Nd2FeAs2O,HP 5K,3.6989700043360174,5.0,0.5,50.0,70.0
1003.0946v2.pdf,22,Nd2FeAs2O,HP 5K,3.6020599913279625,5.0,0.6,50.0,70.0
1003.0946v2.pdf,22,Nd2FeAs2O,HP 5K,3.4771212547196626,5.0,0.7,50.0,70.0
1003.0946v2.pdf,22,Nd2FeAs2O,HP 5K,3.3010299956639813,5.0,0.8,50.0,70.0
1003.0946v2.pdf,22,Nd2FeAs2O,HP 5K,3.1760912590556813,5.0,0.9,50.0,70.0
1003.0946v2.pdf,22,Nd2FeAs2O,HP 5K,3.0,5.0,1.0,50.0,70.0
1003.0946v2.pdf,22,Nd2FeAs2O,AP 5K,3.9542425094393248,5.0,0.0,50.0,70.0
1003.0946v2.pdf,22,Nd2FeAs2O,AP 5K,3.903089986991944,5.0,0.1,50.0,70.0
1003.0946v2.pdf,22,Nd2FeAs2O,AP 5K,3.845098040014257,5.0,0.2,50.0,70.0
1003.0946v2.pdf,22,Nd2FeAs2O,AP 5K,3.7781512503836434,5.0,0.3,50.0,70.0
1003.0946v2.pdf,22,Nd2FeAs2O,AP 5K,3.6989700043360174,5.0,0.4,50.0,70.0
1003.0946v2.pdf,22,Nd2FeAs2O,AP 5K,3.6020599913279625,5.0,0.5,50.0,70.0
1003.0946v2.pdf,22,Nd2FeAs2O,AP 5K,3.4771212547196626,5.0,0.6,50.0,70.0
1003.0946v2.pdf,22,Nd2FeAs2O,AP 5K,3.3010299956639813,5.0,0.7,50.0,70.0
1003.0946v2.pdf,22,Nd2FeAs2O,AP 5K,3.1760912590556813,5.0,0.8,50.0,70.0
1003.0946v2.pdf,22,Nd2FeAs2O,AP 5K,3.0791812460476247,5.0,0.9,50.0,70.0
1003.0946v2.pdf,22,Nd2FeAs2O,AP 5K,3.0,5.0,1.0,50.0,70.0
1003.0946v2.pdf,22,Nd2FeAs2O,HP 25K,3.6989700043360174,25.0,0.0,50.0,70.0
1003.0946v2.pdf,22,Nd2FeAs2O,HP 25K,3.653212513775344,25.0,0.1,50.0,70.0
1003.0946v2.pdf,22,Nd2FeAs2O,HP 25K,3.6020599913279625,25.0,0.2,50.0,70.0
1003.0946v2.pdf,22,Nd2FeAs2O,HP 25K,3.544068044350276,25.0,0.3,50.0,70.0
1003.0946v2.pdf,22,Nd2FeAs2O,HP 25K,3.4771212547196626,25.0,0.4,50.0,70.0
1003.0946v2.pdf,22,Nd2FeAs2O,HP 25K,3.397940008672037,25.0,0.5,50.0,70.0
1003.0946v2.pdf,22,Nd2FeAs2O,HP 25K,3.3010299956639813,25.0,0.6,50.0,70.0
1003.0946v2.pdf,22,Nd2FeAs2O,HP 25K,3.1760912590556813,25.0,0.7,50.0,70.0
1003.0946v2.pdf,22,Nd2FeAs2O,HP 25K,3.0791812460476247,25.0,0.8,50.0,70.0
1003.0946v2.pdf,22,Nd2FeAs2O,HP 25K,3.0,25.0,0.9,50.0,70.0
1003.0946v2.pdf,22,Nd2FeAs2O,HP 25K,2.903089986991944,25.0,1.0,50.0,70.0
1003.0946v2.pdf,22,Nd2FeAs2O,AP 25K,3.6020599913279625,25.0,0.0,50.0,70.0
1003.0946v2.pdf,22,Nd2FeAs2O,AP 25K,3.544068044350276,25.0,0.1,50.0,70.0
1003.0946v2.pdf,22,Nd2FeAs2O,AP 25K,3.4771212547196626,25.0,0.2,50.0,70.0
1003.0946v2.pdf,22,Nd2FeAs2O,AP 25K,3.397940008672037,25.0,0.3,50.0,70.0
1003.0946v2.pdf,22,Nd2FeAs2O,AP 25K,3.3010299956639813,25.0,0.4,50.0,70.0
1003.0946v2.pdf,22,Nd2FeAs2O,AP 25K,3.1760912590556813,25.0,0.5,50.0,70.0
1003.0946v2.pdf,22,Nd2FeAs2O,AP 25K,3.0791812460476247,25.0,0.6,50.0,70.0
1003.0946v2.pdf,22,Nd2FeAs2O,AP 25K,3.0,25.0,0.7,50.0,70.0
1003.0946v2.pdf,22,Nd2FeAs2O,AP 25K,2.903089986991944,25.0,0.8,50.0,70.0
1003.0946v2.pdf,22,Nd2FeAs2O,AP 25K,2.845098040014257,25.0,0.9,50.0,70.0
1003.0946v2.pdf,22,Nd2FeAs2O,AP 25K,2.7781512503836434,25.0,1.0,50.0,70.0
1003.0946v2.pdf,24,Nd2FeAs2O,HP 5K,1.845098040014257,5.0,0.001,50.0,70.0
1003.0946v2.pdf,24,Nd2FeAs2O,HP 5K,1.8388490907372552,5.0,0.002,50.0,70.0
1003.0946v2.pdf,24,Nd2FeAs2O,HP 5K,1.8325089127062364,5.0,0.005,50.0,70.0
1003.0946v2.pdf,24,Nd2FeAs2O,HP 5K,1.8260748027008264,5.0,0.01,50.0,70.0
1003.0946v2.pdf,24,Nd2FeAs2O,HP 5K,1.8195439355418688,5.0,0.02,50.0,70.0
1003.0946v2.pdf,24,Nd2FeAs2O,HP 5K,1.812913356642856,5.0,0.05,50.0,70.0
1003.0946v2.pdf,24,Nd2FeAs2O,HP 5K,1.806179973983887,5.0,0.1,50.0,70.0
1003.0946v2.pdf,24,Nd2FeAs2O,HP 5K,1.7993405494535817,5.0,0.2,50.0,70.0
1003.0946v2.pdf,24,Nd2FeAs2O,HP 5K,1.792391689498254,5.0,0.5,50.0,70.0
1003.0946v2.pdf,24,Nd2FeAs2O,HP 5K,1.7853298350107671,5.0,1.0,50.0,70.0
1003.0946v2.pdf,24,Nd2FeAs2O,HP 5K,1.7781512503836436,5.0,2.0,50.0,70.0
1003.0946v2.pdf,24,Nd2FeAs2O,HP 5K,1.7708520116421442,5.0,3.0,50.0,70.0
1003.0946v2.pdf,24,Nd2FeAs2O,HP 5K,1.7634279935629371,5.0,4.0,50.0,70.0
1003.0946v2.pdf,24,Nd2FeAs2O,HP 5K,1.7558748556724917,5.0,5.0,50.0,70.0
1003.0946v2.pdf,24,Nd2FeAs2O,HP 5K,1.7481880270062005,5.0,6.0,50.0,70.0
1003.0946v2.pdf,24,Nd2FeAs2O,HP 5K,1.740362689494244,5.0,7.0,50.0,70.0
1003.0946v2.pdf,24,Nd2FeAs2O,HP 5K,1.7323937598229686,5.0,8.0,50.0,70.0
1003.0946v2.pdf,24,Nd2FeAs2O,HP 5K,1.724275869600789,5.0,9.0,50.0,70.0
1003.0946v2.pdf,24,Nd2FeAs2O,HP 5K,1.7160033436347992,5.0,10.0,50.0,70.0
1003.0946v2.pdf,24,Nd2FeAs2O,HP 10K,1.8325089127062364,10.0,0.001,50.0,70.0
1003.0946v2.pdf,24,Nd2FeAs2O,HP 10K,1.8260748027008264,10.0,0.002,50.0,70.0
1003.0946v2.pdf,24,Nd2FeAs2O,HP 10K,1.8195439355418688,10.0,0.005,50.0,70.0
1003.0946v2.pdf,24,Nd2FeAs2O,HP 10K,1.812913356642856,10.0,0.01,50.0,70.0
1003.0946v2.pdf,24,Nd2FeAs2O,HP 10K,1.806179973983887,10.0,0.02,50.0,70.0
1003.0946v2.pdf,24,Nd2FeAs2O,HP 10K,1.7993405494535817,10.0,0.05,50.0,70.0
1003.0946v2.pdf,24,Nd2FeAs2O,HP 10K,1.792391689498254,10.0,0.1,50.0,70.0
1003.0946v2.pdf,24,Nd2FeAs2O,HP 10K,1.7853298350107671,10.0,0.2,50.0,70.0
1003.0946v2.pdf,24,Nd2FeAs2O,HP 10K,1.7781512503836436,10.0,0.5,50.0,70.0
1003.0946v2.pdf,24,Nd2FeAs2O,HP 10K,1.7708520116421442,10.0,1.0,50.0,70.0
1003.0946v2.pdf,24,Nd2FeAs2O,HP 10K,1.7634279935629371,10.0,2.0,50.0,70.0
1003.0946v2.pdf,24,Nd2FeAs2O,HP 10K,1.7558748556724917,10.0,3.0,50.0,70.0
1003.0946v2.pdf,24,Nd2FeAs2O,HP 10K,1.7481880270062005,10.0,4.0,50.0,70.0
1003.0946v2.pdf,24,Nd2FeAs2O,HP 10K,1.740362689494244,10.0,5.0,50.0,70.0
1003.0946v2.pdf,24,Nd2FeAs2O,HP 10K,1.7323937598229686,10.0,6.0,50.0,70.0
1003.0946v2.pdf,24,Nd2FeAs2O,HP 10K,1.724275869600789,10.0,7.0,50.0,70.0
1003.0946v2.pdf,24,Nd2FeAs2O,HP 10K,1.7160033436347992,10.0,8.0,50.0,70.0
1003.0946v2.pdf,24,Nd2FeAs2O,HP 10K,1.7075701760979365,10.0,9.0,50.0,70.0
1003.0946v2.pdf,24,Nd2FeAs2O,HP 10K,1.6989700043360187,10.0,10.0,50.0,70.0
1003.0946v2.pdf,24,Nd2FeAs2O,HP 20K,1.8195439355418688,20.0,0.001,50.0,70.0
1003.0946v2.pdf,24,Nd2FeAs2O,HP 20K,1.812913356642856,20.0,0.002,50.0,70.0
1003.0946v2.pdf,24,Nd2FeAs2O,HP 20K,1.806179973983887,20.0,0.005,50.0,70.0
1003.0946v2.pdf,24,Nd2FeAs2O,HP 20K,1.7993405494535817,20.0,0.01,50.0,70.0
1003.0946v2.pdf,24,Nd2FeAs2O,HP 20K,1.792391689498254,20.0,0.02,50.0,70.0
1003.0946v2.pdf,24,Nd2FeAs2O,HP 20K,1.7853298350107671,20.0,0.05,50.0,70.0
1003.0946v2.pdf,24,Nd2FeAs2O,HP 20K,1.7781512503836436,20.0,0.1,50.0,70.0
1003.0946v2.pdf,24,Nd2FeAs2O,HP 20K,1.7708520116421442,20.0,0.2,50.0,70.0
1003.0946v2.pdf,24,Nd2FeAs2O,HP 20K,1.7634279935629371,20.0,0.5,50.0,70.0
1003.0946v2.pdf,24,Nd2FeAs2O,HP 20K,1.7558748556724917,20.0,1.0,50.0,70.0
1003.0946v2.pdf,24,Nd2FeAs2O,HP 20K,1.7481880270062005,20.0,2.0,50.0,70.0
1003.0946v2.pdf,24,Nd2FeAs2O,HP 20K,1.740362689494244,20.0,3.0,50.0,70.0
1003.0946v2.pdf,24,Nd2FeAs2O,HP 20K,1.7323937598229686,20.0,4.0,50.0,70.0
1003.0946v2.pdf,24,Nd2FeAs2O,HP 20K,1.724275869600789,20.0,5.0,50.0,70.0
1003.0946v2.pdf,24,Nd2FeAs2O,HP 20K,1.7160033436347992,20.0,6.0,50.0,70.0
1003.0946v2.pdf,24,Nd2FeAs2O,HP 20K,1.7075701760979365,20.0,7.0,50.0,70.0
1003.0946v2.pdf,24,Nd2FeAs2O,HP 20K,1.6989700043360187,20.0,8.0,50.0,70.0
1003.0946v2.pdf,24,Nd2FeAs2O,HP 20K,1.6901960800285136,20.0,9.0,50.0,70.0
1003.0946v2.pdf,24,Nd2FeAs2O,HP 20K,1.6812412373755872,20.0,10.0,50.0,70.0
1003.0946v2.pdf,24,Nd2FeAs2O,HP 30K,1.806179973983887,30.0,0.001,50.0,70.0
1003.0946v2.pdf,24,Nd2FeAs2O,HP 30K,1.7993405494535817,30.0,0.002,50.0,70.0
1003.0946v2.pdf,24,Nd2FeAs2O,HP 30K,1.792391689498254,30.0,0.005,50.0,70.0
1003.0946v2.pdf,24,Nd2FeAs2O,HP 30K,1.7853298350107671,30.0,0.01,50.0,70.0
1003.0946v2.pdf,24,Nd2FeAs2O,HP 30K,1.7781512503836436,30.0,0.02,50.0,70.0
1003.0946v2.pdf,24,Nd2FeAs2O,HP 30K,1.7708520116421442,30.0,0.05,50.0,70.0
1003.0946v2.pdf,24,Nd2FeAs2O,HP 30K,1.7634279935629371,30.0,0.1,50.0,70.0
1003.0946v2.pdf,24,Nd2FeAs2O,HP 30K,1.7558748556724917,30.0,0.2,50.0,70.0
1003.0946v2.pdf,24,Nd2FeAs2O,HP 30K,1.7481880270062005,30.0,0.5,50.0,70.0
1003.0946v2.pdf,24,Nd2FeAs2O,HP 30K,1.740362689494244,30.0,1.0,50.0,70.0
1003.0946v2.pdf,24,Nd2FeAs2O,HP 30K,1.7323937598229686,30.0,2.0,50.0,70.0
1003.0946v2.pdf,24,Nd2FeAs2O,HP 30K,1.724275869600789,30.0,3.0,50.0,70.0
1003.0946v2.pdf,24,Nd2FeAs2O,HP 30K,1.7160033436347992,30.0,4.0,50.0,70.0
1003.0946v2.pdf,24,Nd2FeAs2O,HP 30K,1.7075701760979365,30.0,5.0,50.0,70.0
1003.0946v2.pdf,24,Nd2FeAs2O,HP 30K,1.6989700043360187,30.0,6.0,50.0,70.0
1003.0946v2.pdf,24,Nd2FeAs2O,HP 30K,1.6901960800285136,30.0,7.0,50.0,70.0
1003.0946v2.pdf,24,Nd2FeAs2O,HP 30K,1.6812412373755872,30.0,8.0,50.0,70.0
1003.0946v2.pdf,24,Nd2FeAs2O,HP 30K,1.6720978579357175,30.0,9.0,50.0,70.0
1003.0946v2.pdf,24,Nd2FeAs2O,HP 30K,1.662757831681574,30.0,10.0,50.0,70.0
1003.0946v2.pdf,24,Nd2FeAs2O,AP 20K,1.792391689498254,20.0,0.001,50.0,70.0
1003.0946v2.pdf,24,Nd2FeAs2O,AP 20K,1.7853298350107671,20.0,0.002,50.0,70.0
1003.0946v2.pdf,24,Nd2FeAs2O,AP 20K,1.7781512503836436,20.0,0.005,50.0,70.0
1003.0946v2.pdf,24,Nd2FeAs2O,AP 20K,1.7708520116421442,20.0,0.01,50.0,70.0
1003.0946v2.pdf,24,Nd2FeAs2O,AP 20K,1.7634279935629371,20.0,0.02,50.0,70.0
1003.0946v2.pdf,24,Nd2FeAs2O,AP 20K,1.7558748556724917,20.0,0.05,50.0,70.0
1003.0946v2.pdf,24,Nd2FeAs2O,AP 20K,1.7481880270062005,20.0,0.1,50.0,70.0
1003.0946v2.pdf,24,Nd2FeAs2O,AP 20K,1.740362689494244,20.0,0.2,50.0,70.0
1003.0946v2.pdf,24,Nd2FeAs2O,AP 20K,1.7323937598229686,20.0,0.5,50.0,70.0
1003.0946v2.pdf,24,Nd2FeAs2O,AP 20K,1.724275869600789,20.0,1.0,50.0,70.0
1003.0946v2.pdf,24,Nd2FeAs2O,AP 20K,1.7160033436347992,20.0,2.0,50.0,70.0
1003.0946v2.pdf,24,Nd2FeAs2O,AP 20K,1.7075701760979365,20.0,3.0,50.0,70.0
1003.0946v2.pdf,24,Nd2FeAs2O,AP 20K,1.6989700043360187,20.0,4.0,50.0,70.0
1003.0946v2.pdf,24,Nd2FeAs2O,AP 20K,1.6901960800285136,20.0,5.0,50.0,70.0
1003.0946v2.pdf,24,Nd2FeAs2O,AP 20K,1.6812412373755872,20.0,6.0,50.0,70.0
1003.0946v2.pdf,24,Nd2FeAs2O,AP 20K,1.6720978579357175,20.0,7.0,50.0,70.0
1003.0946v2.pdf,24,Nd2FeAs2O,AP 20K,1.662757831681574,20.0,8.0,50.0,70.0
1003.0946v2.pdf,24,Nd2FeAs2O,AP 20K,1.6532125137753435,20.0,9.0,50.0,70.0
1003.0946v2.pdf,24,Nd2FeAs2O,AP 20K,1.6434526764861874,20.0,10.0,50.0,70.0
1003.0946v2.pdf,24,Nd2FeAs2O,AP 30K,1.7781512503836436,30.0,0.001,50.0,70.0
1003.0946v2.pdf,24,Nd2FeAs2O,AP 30K,1.7708520116421442,30.0,0.002,50.0,70.0
1003.0946v2.pdf,24,Nd2FeAs2O,AP 30K,1.7634279935629371,30.0,0.005,50.0,70.0
1003.0946v2.pdf,24,Nd2FeAs2O,AP 30K,1.7558748556724917,30.0,0.01,50.0,70.0
1003.0946v2.pdf,24,Nd2FeAs2O,AP 30K,1.7481880270062005,30.0,0.02,50.0,70.0
1003.0946v2.pdf,24,Nd2FeAs2O,AP 30K,1.740362689494244,30.0,0.05,50.0,70.0
1003.0946v2.pdf,24,Nd2FeAs2O,AP 30K,1.7323937598229686,30.0,0.1,50.0,70.0
1003.0946v2.pdf,24,Nd2FeAs2O,AP 30K,1.724275869600789,30.0,0.2,50.0,70.0
1003.0946v2.pdf,24,Nd2FeAs2O,AP 30K,1.7160033436347992,30.0,0.5,50.0,70.0
1003.0946v2.pdf,24,Nd2FeAs2O,AP 30K,1.7075701760979365,30.0,1.0,50.0,70.0
1003.0946v2.pdf,24,Nd2FeAs2O,AP 30K,1.6989700043360187,30.0,2.0,50.0,70.0
1003.0946v2.pdf,24,Nd2FeAs2O,AP 30K,1.6901960800285136,30.0,3.0,50.0,70.0
1003.0946v2.pdf,24,Nd2FeAs2O,AP 30K,1.6812412373755872,30.0,4.0,50.0,70.0
1003.0946v2.pdf,24,Nd2FeAs2O,AP 30K,1.6720978579357175,30.0,5.0,50.0,70.0
1003.0946v2.pdf,24,Nd2FeAs2O,AP 30K,1.662757831681574,30.0,6.0,50.0,70.0
1003.0946v2.pdf,24,Nd2FeAs2O,AP 30K,1.6532125137753435,30.0,7.0,50.0,70.0
1003.0946v2.pdf,24,Nd2FeAs2O,AP 30K,1.6434526764861874,30.0,8.0,50.0,70.0
1003.0946v2.pdf,24,Nd2FeAs2O,AP 30K,1.6334684555795864,30.0,9.0,50.0,70.0
1003.0946v2.pdf,24,Nd2FeAs2O,AP 30K,1.6232492903979006,30.0,10.0,50.0,70.0
1104.0477v2.pdf,9,Fe2TeSe,2.0 K,6.0,2.0,0.0,14.0,50.0
1104.0477v2.pdf,9,Fe2TeSe,2.0 K,5.954242509439325,2.0,1.0,14.0,50.0
1104.0477v2.pdf,9,Fe2TeSe,2.0 K,5.903089986991944,2.0,2.0,14.0,50.0
1104.0477v2.pdf,9,Fe2TeSe,2.0 K,5.845098040014257,2.0,3.0,14.0,50.0
1104.0477v2.pdf,9,Fe2TeSe,2.0 K,5.778151250383644,2.0,4.0,14.0,50.0
1104.0477v2.pdf,9,Fe2TeSe,2.0 K,5.698970004336019,2.0,5.0,14.0,50.0
1104.0477v2.pdf,9,Fe2TeSe,2.0 K,5.6020599913279625,2.0,6.0,14.0,50.0
1104.0477v2.pdf,9,Fe2TeSe,2.0 K,5.477121254719663,2.0,7.0,14.0,50.0
1104.0477v2.pdf,9,Fe2TeSe,2.0 K,5.301029995663981,2.0,8.0,14.0,50.0
1104.0477v2.pdf,9,Fe2TeSe,2.0 K,5.176091259055681,2.0,9.0,14.0,50.0
1104.0477v2.pdf,9,Fe2TeSe,2.0 K,5.079181246047625,2.0,10.0,14.0,50.0
1104.0477v2.pdf,9,Fe2TeSe,2.0 K,5.0,2.0,11.0,14.0,50.0
1104.0477v2.pdf,9,Fe2TeSe,2.0 K,4.903089986991944,2.0,12.0,14.0,50.0
1104.0477v2.pdf,9,Fe2TeSe,2.0 K,4.778151250383644,2.0,13.0,14.0,50.0
1104.0477v2.pdf,9,Fe2TeSe,2.0 K,4.698970004336019,2.0,14.0,14.0,50.0
1104.0477v2.pdf,9,Fe2TeSe,2.0 K,4.6020599913279625,2.0,15.0,14.0,50.0
1104.0477v2.pdf,9,Fe2TeSe,2.0 K,4.477121254719663,2.0,16.0,14.0,50.0
1104.0477v2.pdf,9,Fe2TeSe,2.0 K,4.301029995663981,2.0,17.0,14.0,50.0
1104.0477v2.pdf,9,Fe2TeSe,2.0 K,4.0,2.0,18.0,14.0,50.0
1104.0477v2.pdf,9,Fe2TeSe,4.5 K,5.903089986991944,4.5,0.0,14.0,50.0
1104.0477v2.pdf,9,Fe2TeSe,4.5 K,5.845098040014257,4.5,1.0,14.0,50.0
1104.0477v2.pdf,9,Fe2TeSe,4.5 K,5.778151250383644,4.5,2.0,14.0,50.0
1104.0477v2.pdf,9,Fe2TeSe,4.5 K,5.698970004336019,4.5,3.0,14.0,50.0
1104.0477v2.pdf,9,Fe2TeSe,4.5 K,5.6020599913279625,4.5,4.0,14.0,50.0
1104.0477v2.pdf,9,Fe2TeSe,4.5 K,5.544068044350276,4.5,5.0,14.0,50.0
1104.0477v2.pdf,9,Fe2TeSe,4.5 K,5.477121254719663,4.5,6.0,14.0,50.0
1104.0477v2.pdf,9,Fe2TeSe,4.5 K,5.3979400086720375,4.5,7.0,14.0,50.0
1104.0477v2.pdf,9,Fe2TeSe,4.5 K,5.301029995663981,4.5,8.0,14.0,50.0
1104.0477v2.pdf,9,Fe2TeSe,4.5 K,5.176091259055681,4.5,9.0,14.0,50.0
1104.0477v2.pdf,9,Fe2TeSe,4.5 K,5.079181246047625,4.5,10.0,14.0,50.0
1104.0477v2.pdf,9,Fe2TeSe,4.5 K,5.0,4.5,11.0,14.0,50.0
1104.0477v2.pdf,9,Fe2TeSe,4.5 K,4.903089986991944,4.5,12.0,14.0,50.0
1104.0477v2.pdf,9,Fe2TeSe,4.5 K,4.778151250383644,4.5,13.0,14.0,50.0
1104.0477v2.pdf,9,Fe2TeSe,4.5 K,4.698970004336019,4.5,14.0,14.0,50.0
1104.0477v2.pdf,9,Fe2TeSe,4.5 K,4.6020599913279625,4.5,15.0,14.0,50.0
1104.0477v2.pdf,9,Fe2TeSe,4.5 K,4.477121254719663,4.5,16.0,14.0,50.0
1104.0477v2.pdf,9,Fe2TeSe,4.5 K,4.301029995663981,4.5,17.0,14.0,50.0
1104.0477v2.pdf,9,Fe2TeSe,4.5 K,4.0,4.5,18.0,14.0,50.0
1104.0477v2.pdf,9,Fe2TeSe,7.5 K,5.778151250383644,7.5,0.0,14.0,50.0
1104.0477v2.pdf,9,Fe2TeSe,7.5 K,5.698970004336019,7.5,1.0,14.0,50.0
1104.0477v2.pdf,9,Fe2TeSe,7.5 K,5.6020599913279625,7.5,2.0,14.0,50.0
1104.0477v2.pdf,9,Fe2TeSe,7.5 K,5.544068044350276,7.5,3.0,14.0,50.0
1104.0477v2.pdf,9,Fe2TeSe,7.5 K,5.477121254719663,7.5,4.0,14.0,50.0
1104.0477v2.pdf,9,Fe2TeSe,7.5 K,5.3979400086720375,7.5,5.0,14.0,50.0
1104.0477v2.pdf,9,Fe2TeSe,7.5 K,5.301029995663981,7.5,6.0,14.0,50.0
1104.0477v2.pdf,9,Fe2TeSe,7.5 K,5.176091259055681,7.5,7.0,14.0,50.0
1104.0477v2.pdf,9,Fe2TeSe,7.5 K,5.079181246047625,7.5,8.0,14.0,50.0
1104.0477v2.pdf,9,Fe2TeSe,7.5 K,5.0,7.5,9.0,14.0,50.0
1104.0477v2.pdf,9,Fe2TeSe,7.5 K,4.903089986991944,7.5,10.0,14.0,50.0
1104.0477v2.pdf,9,Fe2TeSe,7.5 K,4.778151250383644,7.5,11.0,14.0,50.0
1104.0477v2.pdf,9,Fe2TeSe,7.5 K,4.698970004336019,7.5,12.0,14.0,50.0
1104.0477v2.pdf,9,Fe2TeSe,7.5 K,4.6020599913279625,7.5,13.0,14.0,50.0
1104.0477v2.pdf,9,Fe2TeSe,7.5 K,4.477121254719663,7.5,14.0,14.0,50.0
1104.0477v2.pdf,9,Fe2TeSe,7.5 K,4.301029995663981,7.5,15.0,14.0,50.0
1104.0477v2.pdf,9,Fe2TeSe,7.5 K,4.176091259055681,7.5,16.0,14.0,50.0
1104.0477v2.pdf,9,Fe2TeSe,7.5 K,4.0,7.5,17.0,14.0,50.0
1104.0477v2.pdf,9,Fe2TeSe,7.5 K,3.903089986991944,7.5,18.0,14.0,50.0
1104.0477v2.pdf,9,Fe2TeSe,10.0 K,5.6020599913279625,10.0,0.0,14.0,50.0
1104.0477v2.pdf,9,Fe2TeSe,10.0 K,5.544068044350276,10.0,1.0,14.0,50.0
1104.0477v2.pdf,9,Fe2TeSe,10.0 K,5.477121254719663,10.0,2.0,14.0,50.0
1104.0477v2.pdf,9,Fe2TeSe,10.0 K,5.3979400086720375,10.0,3.0,14.0,50.0
1104.0477v2.pdf,9,Fe2TeSe,10.0 K,5.301029995663981,10.0,4.0,14.0,50.0
1104.0477v2.pdf,9,Fe2TeSe,10.0 K,5.176091259055681,10.0,5.0,14.0,50.0
1104.0477v2.pdf,9,Fe2TeSe,10.0 K,5.079181246047625,10.0,6.0,14.0,50.0
1104.0477v2.pdf,9,Fe2TeSe,10.0 K,5.0,10.0,7.0,14.0,50.0
1104.0477v2.pdf,9,Fe2TeSe,10.0 K,4.903089986991944,10.0,8.0,14.0,50.0
1104.0477v2.pdf,9,Fe2TeSe,10.0 K,4.778151250383644,10.0,9.0,14.0,50.0
1104.0477v2.pdf,9,Fe2TeSe,10.0 K,4.698970004336019,10.0,10.0,14.0,50.0
1104.0477v2.pdf,9,Fe2TeSe,10.0 K,4.6020599913279625,10.0,11.0,14.0,50.0
1104.0477v2.pdf,9,Fe2TeSe,10.0 K,4.477121254719663,10.0,12.0,14.0,50.0
1104.0477v2.pdf,9,Fe2TeSe,10.0 K,4.301029995663981,10.0,13.0,14.0,50.0
1104.0477v2.pdf,9,Fe2TeSe,10.0 K,4.176091259055681,10.0,14.0,14.0,50.0
1104.0477v2.pdf,9,Fe2TeSe,10.0 K,4.0,10.0,15.0,14.0,50.0
1104.0477v2.pdf,9,Fe2TeSe,10.0 K,3.903089986991944,10.0,16.0,14.0,50.0
1104.0477v2.pdf,9,Fe2TeSe,10.0 K,3.7781512503836434,10.0,17.0,14.0,50.0
1104.0477v2.pdf,9,Fe2TeSe,10.0 K,3.6989700043360174,10.0,18.0,14.0,50.0
1104.0477v2.pdf,9,Fe2TeSe,12.0 K,5.301029995663981,12.0,0.0,14.0,50.0
1104.0477v2.pdf,9,Fe2TeSe,12.0 K,5.176091259055681,12.0,1.0,14.0,50.0
1104.0477v2.pdf,9,Fe2TeSe,12.0 K,5.079181246047625,12.0,2.0,14.0,50.0
1104.0477v2.pdf,9,Fe2TeSe,12.0 K,5.0,12.0,3.0,14.0,50.0
1104.0477v2.pdf,9,Fe2TeSe,12.0 K,4.903089986991944,12.0,4.0,14.0,50.0
1104.0477v2.pdf,9,Fe2TeSe,12.0 K,4.778151250383644,12.0,5.0,14.0,50.0
1104.0477v2.pdf,9,Fe2TeSe,12.0 K,4.698970004336019,12.0,6.0,14.0,50.0
1104.0477v2.pdf,9,Fe2TeSe,12.0 K,4.6020599913279625,12.0,7.0,14.0,50.0
1104.0477v2.pdf,9,Fe2TeSe,12.0 K,4.477121254719663,12.0,8.0,14.0,50.0
1104.0477v2.pdf,9,Fe2TeSe,12.0 K,4.301029995663981,12.0,9.0,14.0,50.0
1104.0477v2.pdf,9,Fe2TeSe,12.0 K,4.176091259055681,12.0,10.0,14.0,50.0
1104.0477v2.pdf,9,Fe2TeSe,12.0 K,4.0,12.0,11.0,14.0,50.0
1104.0477v2.pdf,9,Fe2TeSe,12.0 K,3.903089986991944,12.0,12.0,14.0,50.0
1104.0477v2.pdf,9,Fe2TeSe,12.0 K,3.7781512503836434,12.0,13.0,14.0,50.0
1104.0477v2.pdf,9,Fe2TeSe,12.0 K,3.6989700043360174,12.0,14.0,14.0,50.0
1104.0477v2.pdf,9,Fe2TeSe,12.0 K,3.6020599913279625,12.0,15.0,14.0,50.0
1104.0477v2.pdf,9,Fe2TeSe,12.0 K,3.4771212547196626,12.0,16.0,14.0,50.0
1104.0477v2.pdf,9,Fe2TeSe,12.0 K,3.3010299956639813,12.0,17.0,14.0,50.0
1104.0477v2.pdf,9,Fe2TeSe,12.0 K,3.0,12.0,18.0,14.0,50.0
1108.0407v1.pdf,4,Fe9Se8,1.8K,5.0,1.8,0.0,4.5,8.0
1108.0407v1.pdf,4,Fe9Se8,1.8K,4.954242509439325,1.8,0.0005,4.5,8.0
1108.0407v1.pdf,4,Fe9Se8,1.8K,4.903089986991944,1.8,0.001,4.5,8.0
1108.0407v1.pdf,4,Fe9Se8,1.8K,4.845098040014257,1.8,0.0015,4.5,8.0
1108.0407v1.pdf,4,Fe9Se8,1.8K,4.778151250383644,1.8,0.002,4.5,8.0
1108.0407v1.pdf,4,Fe9Se8,1.8K,4.698970004336019,1.8,0.0025,4.5,8.0
1108.0407v1.pdf,4,Fe9Se8,1.8K,4.6020599913279625,1.8,0.003,4.5,8.0
1108.0407v1.pdf,4,Fe9Se8,1.8K,4.477121254719663,1.8,0.0035,4.5,8.0
1108.0407v1.pdf,4,Fe9Se8,1.8K,4.301029995663981,1.8,0.004,4.5,8.0
1108.0407v1.pdf,4,Fe9Se8,1.8K,4.176091259055681,1.8,0.0045,4.5,8.0
1108.0407v1.pdf,4,Fe9Se8,1.8K,4.0,1.8,0.005,4.5,8.0
1108.0407v1.pdf,4,Fe9Se8,2K,4.977723605288848,2.0,0.0,4.5,8.0
1108.0407v1.pdf,4,Fe9Se8,2K,4.929418925714293,2.0,0.0005,4.5,8.0
1108.0407v1.pdf,4,Fe9Se8,2K,4.8750612633917,2.0,0.001,4.5,8.0
1108.0407v1.pdf,4,Fe9Se8,2K,4.812913356642856,2.0,0.0015,4.5,8.0
1108.0407v1.pdf,4,Fe9Se8,2K,4.740362689494244,2.0,0.002,4.5,8.0
1108.0407v1.pdf,4,Fe9Se8,2K,4.653212513775344,2.0,0.0025,4.5,8.0
1108.0407v1.pdf,4,Fe9Se8,2K,4.544068044350276,2.0,0.003,4.5,8.0
1108.0407v1.pdf,4,Fe9Se8,2K,4.3979400086720375,2.0,0.0035,4.5,8.0
1108.0407v1.pdf,4,Fe9Se8,2K,4.301029995663981,2.0,0.004,4.5,8.0
1108.0407v1.pdf,4,Fe9Se8,2K,4.176091259055681,2.0,0.0045,4.5,8.0
1108.0407v1.pdf,4,Fe9Se8,2K,4.0,2.0,0.005,4.5,8.0
1108.0407v1.pdf,4,Fe9Se8,2.5K,4.954242509439325,2.5,0.0,4.5,8.0
1108.0407v1.pdf,4,Fe9Se8,2.5K,4.903089986991944,2.5,0.0005,4.5,8.0
1108.0407v1.pdf,4,Fe9Se8,2.5K,4.845098040014257,2.5,0.001,4.5,8.0
1108.0407v1.pdf,4,Fe9Se8,2.5K,4.778151250383644,2.5,0.0015,4.5,8.0
1108.0407v1.pdf,4,Fe9Se8,2.5K,4.698970004336019,2.5,0.002,4.5,8.0
1108.0407v1.pdf,4,Fe9Se8,2.5K,4.6020599913279625,2.5,0.0025,4.5,8.0
1108.0407v1.pdf,4,Fe9Se8,2.5K,4.477121254719663,2.5,0.003,4.5,8.0
1108.0407v1.pdf,4,Fe9Se8,2.5K,4.3979400086720375,2.5,0.0035,4.5,8.0
1108.0407v1.pdf,4,Fe9Se8,2.5K,4.301029995663981,2.5,0.004,4.5,8.0
1108.0407v1.pdf,4,Fe9Se8,2.5K,4.176091259055681,2.5,0.0045,4.5,8.0
1108.0407v1.pdf,4,Fe9Se8,2.5K,4.0,2.5,0.005,4.5,8.0
1108.0407v1.pdf,4,Fe9Se8,3K,4.929418925714293,3.0,0.0,4.5,8.0
1108.0407v1.pdf,4,Fe9Se8,3K,4.8750612633917,3.0,0.0005,4.5,8.0
1108.0407v1.pdf,4,Fe9Se8,3K,4.812913356642856,3.0,0.001,4.5,8.0
1108.0407v1.pdf,4,Fe9Se8,3K,4.740362689494244,3.0,0.0015,4.5,8.0
1108.0407v1.pdf,4,Fe9Se8,3K,4.653212513775344,3.0,0.002,4.5,8.0
1108.0407v1.pdf,4,Fe9Se8,3K,4.544068044350276,3.0,0.0025,4.5,8.0
1108.0407v1.pdf,4,Fe9Se8,3K,4.477121254719663,3.0,0.003,4.5,8.0
1108.0407v1.pdf,4,Fe9Se8,3K,4.3979400086720375,3.0,0.0035,4.5,8.0
1108.0407v1.pdf,4,Fe9Se8,3K,4.301029995663981,3.0,0.004,4.5,8.0
1108.0407v1.pdf,4,Fe9Se8,3K,4.176091259055681,3.0,0.0045,4.5,8.0
1108.0407v1.pdf,4,Fe9Se8,3K,4.0,3.0,0.005,4.5,8.0
1108.0407v1.pdf,4,Fe9Se8,4K,4.903089986991944,4.0,0.0,4.5,8.0
1108.0407v1.pdf,4,Fe9Se8,4K,4.845098040014257,4.0,0.0005,4.5,8.0
1108.0407v1.pdf,4,Fe9Se8,4K,4.778151250383644,4.0,0.001,4.5,8.0
1108.0407v1.pdf,4,Fe9Se8,4K,4.698970004336019,4.0,0.0015,4.5,8.0
1108.0407v1.pdf,4,Fe9Se8,4K,4.6020599913279625,4.0,0.002,4.5,8.0
1108.0407v1.pdf,4,Fe9Se8,4K,4.544068044350276,4.0,0.0025,4.5,8.0
1108.0407v1.pdf,4,Fe9Se8,4K,4.477121254719663,4.0,0.003,4.5,8.0
1108.0407v1.pdf,4,Fe9Se8,4K,4.3979400086720375,4.0,0.0035,4.5,8.0
1108.0407v1.pdf,4,Fe9Se8,4K,4.301029995663981,4.0,0.004,4.5,8.0
1108.0407v1.pdf,4,Fe9Se8,4K,4.176091259055681,4.0,0.0045,4.5,8.0
1108.0407v1.pdf,4,Fe9Se8,4K,4.0,4.0,0.005,4.5,8.0
1108.0407v1.pdf,4,Fe9Se8,5K,4.8750612633917,5.0,0.0,4.5,8.0
1108.0407v1.pdf,4,Fe9Se8,5K,4.812913356642856,5.0,0.0005,4.5,8.0
1108.0407v1.pdf,4,Fe9Se8,5K,4.740362689494244,5.0,0.001,4.5,8.0
1108.0407v1.pdf,4,Fe9Se8,5K,4.653212513775344,5.0,0.0015,4.5,8.0
1108.0407v1.pdf,4,Fe9Se8,5K,4.544068044350276,5.0,0.002,4.5,8.0
1108.0407v1.pdf,4,Fe9Se8,5K,4.477121254719663,5.0,0.0025,4.5,8.0
1108.0407v1.pdf,4,Fe9Se8,5K,4.3979400086720375,5.0,0.003,4.5,8.0
1108.0407v1.pdf,4,Fe9Se8,5K,4.301029995663981,5.0,0.0035,4.5,8.0
1108.0407v1.pdf,4,Fe9Se8,5K,4.176091259055681,5.0,0.004,4.5,8.0
1108.0407v1.pdf,4,Fe9Se8,5K,4.0,5.0,0.0045,4.5,8.0
1108.0407v1.pdf,4,Fe9Se8,5K,3.903089986991944,5.0,0.005,4.5,8.0
1108.0407v1.pdf,4,Fe9Se8,6K,4.845098040014257,6.0,0.0,4.5,8.0
1108.0407v1.pdf,4,Fe9Se8,6K,4.778151250383644,6.0,0.0005,4.5,8.0
1108.0407v1.pdf,4,Fe9Se8,6K,4.698970004336019,6.0,0.001,4.5,8.0
1108.0407v1.pdf,4,Fe9Se8,6K,4.6020599913279625,6.0,0.0015,4.5,8.0
1108.0407v1.pdf,4,Fe9Se8,6K,4.477121254719663,6.0,0.002,4.5,8.0
1108.0407v1.pdf,4,Fe9Se8,6K,4.3979400086720375,6.0,0.0025,4.5,8.0
1108.0407v1.pdf,4,Fe9Se8,6K,4.301029995663981,6.0,0.003,4.5,8.0
1108.0407v1.pdf,4,Fe9Se8,6K,4.176091259055681,6.0,0.0035,4.5,8.0
1108.0407v1.pdf,4,Fe9Se8,6K,4.0,6.0,0.004,4.5,8.0
1108.0407v1.pdf,4,Fe9Se8,6K,3.903089986991944,6.0,0.0045,4.5,8.0
1108.0407v1.pdf,4,Fe9Se8,6K,3.7781512503836434,6.0,0.005,4.5,8.0
1108.0407v1.pdf,4,Fe9Se8,7K,4.812913356642856,7.0,0.0,4.5,8.0
1108.0407v1.pdf,4,Fe9Se8,7K,4.740362689494244,7.0,0.0005,4.5,8.0
1108.0407v1.pdf,4,Fe9Se8,7K,4.653212513775344,7.0,0.001,4.5,8.0
1108.0407v1.pdf,4,Fe9Se8,7K,4.544068044350276,7.0,0.0015,4.5,8.0
1108.0407v1.pdf,4,Fe9Se8,7K,4.477121254719663,7.0,0.002,4.5,8.0
1108.0407v1.pdf,4,Fe9Se8,7K,4.3979400086720375,7.0,0.0025,4.5,8.0
1108.0407v1.pdf,4,Fe9Se8,7K,4.301029995663981,7.0,0.003,4.5,8.0
1108.0407v1.pdf,4,Fe9Se8,7K,4.176091259055681,7.0,0.0035,4.5,8.0
1108.0407v1.pdf,4,Fe9Se8,7K,4.0,7.0,0.004,4.5,8.0
1108.0407v1.pdf,4,Fe9Se8,7K,3.903089986991944,7.0,0.0045,4.5,8.0
1108.0407v1.pdf,4,Fe9Se8,7K,3.7781512503836434,7.0,0.005,4.5,8.0
1108.5583v3.pdf,2,LiFeAs,4.2 K,2.6989700043360187,4.2,0.0,18.0,17.0
1108.5583v3.pdf,2,LiFeAs,4.2 K,2.6532125137753435,4.2,0.2,18.0,17.0
1108.5583v3.pdf,2,LiFeAs,4.2 K,2.6020599913279625,4.2,0.4,18.0,17.0
1108.5583v3.pdf,2,LiFeAs,4.2 K,2.544068044350276,4.2,0.6,18.0,17.0
1108.5583v3.pdf,2,LiFeAs,4.2 K,2.4771212547196626,4.2,0.8,18.0,17.0
1108.5583v3.pdf,2,LiFeAs,4.2 K,2.397940008672037,4.2,1.0,18.0,17.0
1108.5583v3.pdf,2,LiFeAs,4.2 K,2.3010299956639813,4.2,1.2,18.0,17.0
1108.5583v3.pdf,2,LiFeAs,4.2 K,2.1760912590556813,4.2,1.4,18.0,17.0
1108.5583v3.pdf,2,LiFeAs,4.2 K,2.0,4.2,1.6,18.0,17.0
1108.5583v3.pdf,2,LiFeAs,4.2 K,1.6989700043360187,4.2,1.8,18.0,17.0
1108.5583v3.pdf,2,LiFeAs,8 K,2.6020599913279625,8.0,0.0,18.0,17.0
1108.5583v3.pdf,2,LiFeAs,8 K,2.556302500767288,8.0,0.2,18.0,17.0
1108.5583v3.pdf,2,LiFeAs,8 K,2.505149978319906,8.0,0.4,18.0,17.0
1108.5583v3.pdf,2,LiFeAs,8 K,2.4471580313422194,8.0,0.6,18.0,17.0
1108.5583v3.pdf,2,LiFeAs,8 K,2.380211241711606,8.0,0.8,18.0,17.0
1108.5583v3.pdf,2,LiFeAs,8 K,2.3010299956639813,8.0,1.0,18.0,17.0
1108.5583v3.pdf,2,LiFeAs,8 K,2.204119982655925,8.0,1.2,18.0,17.0
1108.5583v3.pdf,2,LiFeAs,8 K,2.0791812460476247,8.0,1.4,18.0,17.0
1108.5583v3.pdf,2,LiFeAs,8 K,1.9030899869919435,8.0,1.6,18.0,17.0
1108.5583v3.pdf,2,LiFeAs,8 K,1.6020599913279625,8.0,1.8,18.0,17.0
1108.5583v3.pdf,2,LiFeAs,12 K,2.4771212547196626,12.0,0.0,18.0,17.0
1108.5583v3.pdf,2,LiFeAs,12 K,2.431363764158988,12.0,0.2,18.0,17.0
1108.5583v3.pdf,2,LiFeAs,12 K,2.380211241711606,12.0,0.4,18.0,17.0
1108.5583v3.pdf,2,LiFeAs,12 K,2.322219294733919,12.0,0.6,18.0,17.0
1108.5583v3.pdf,2,LiFeAs,12 K,2.255272505103306,12.0,0.8,18.0,17.0
1108.5583v3.pdf,2,LiFeAs,12 K,2.1760912590556813,12.0,1.0,18.0,17.0
1108.5583v3.pdf,2,LiFeAs,12 K,2.0791812460476247,12.0,1.2,18.0,17.0
1108.5583v3.pdf,2,LiFeAs,12 K,1.954242509439325,12.0,1.4,18.0,17.0
1108.5583v3.pdf,2,LiFeAs,12 K,1.7781512503836436,12.0,1.6,18.0,17.0
1108.5583v3.pdf,2,LiFeAs,12 K,1.4771212547196624,12.0,1.8,18.0,17.0
1109.5479v1.pdf,3,Ba(FeAs)2,5 K,8.954242509439325,5.0,0.01,30.0,60.0
1109.5479v1.pdf,3,Ba(FeAs)2,5 K,8.929418925714293,5.0,0.02,30.0,60.0
1109.5479v1.pdf,3,Ba(FeAs)2,5 K,8.903089986991944,5.0,0.03,30.0,60.0
1109.5479v1.pdf,3,Ba(FeAs)2,5 K,8.8750612633917,5.0,0.04,30.0,60.0
1109.5479v1.pdf,3,Ba(FeAs)2,5 K,8.845098040014257,5.0,0.05,30.0,60.0
1109.5479v1.pdf,3,Ba(FeAs)2,5 K,8.812913356642856,5.0,0.06,30.0,60.0
1109.5479v1.pdf,3,Ba(FeAs)2,5 K,8.778151250383644,5.0,0.07,30.0,60.0
1109.5479v1.pdf,3,Ba(FeAs)2,5 K,8.740362689494244,5.0,0.08,30.0,60.0
1109.5479v1.pdf,3,Ba(FeAs)2,5 K,8.698970004336019,5.0,0.09,30.0,60.0
1109.5479v1.pdf,3,Ba(FeAs)2,5 K,8.653212513775344,5.0,0.1,30.0,60.0
1109.5479v1.pdf,3,Ba(FeAs)2,5 K,8.602059991327963,5.0,0.2,30.0,60.0
1109.5479v1.pdf,3,Ba(FeAs)2,5 K,8.544068044350276,5.0,0.3,30.0,60.0
1109.5479v1.pdf,3,Ba(FeAs)2,5 K,8.477121254719663,5.0,0.4,30.0,60.0
1109.5479v1.pdf,3,Ba(FeAs)2,5 K,8.397940008672037,5.0,0.5,30.0,60.0
1109.5479v1.pdf,3,Ba(FeAs)2,5 K,8.301029995663981,5.0,0.6,30.0,60.0
1109.5479v1.pdf,3,Ba(FeAs)2,5 K,8.176091259055681,5.0,0.7,30.0,60.0
1109.5479v1.pdf,3,Ba(FeAs)2,5 K,8.0,5.0,0.8,30.0,60.0
1109.5479v1.pdf,3,Ba(FeAs)2,5 K,7.954242509439325,5.0,0.9,30.0,60.0
1109.5479v1.pdf,3,Ba(FeAs)2,5 K,7.903089986991944,5.0,1.0,30.0,60.0
1109.5479v1.pdf,3,Ba(FeAs)2,11 K,8.903089986991944,11.0,0.01,30.0,60.0
1109.5479v1.pdf,3,Ba(FeAs)2,11 K,8.8750612633917,11.0,0.02,30.0,60.0
1109.5479v1.pdf,3,Ba(FeAs)2,11 K,8.845098040014257,11.0,0.03,30.0,60.0
1109.5479v1.pdf,3,Ba(FeAs)2,11 K,8.812913356642856,11.0,0.04,30.0,60.0
1109.5479v1.pdf,3,Ba(FeAs)2,11 K,8.778151250383644,11.0,0.05,30.0,60.0
1109.5479v1.pdf,3,Ba(FeAs)2,11 K,8.740362689494244,11.0,0.06,30.0,60.0
1109.5479v1.pdf,3,Ba(FeAs)2,11 K,8.698970004336019,11.0,0.07,30.0,60.0
1109.5479v1.pdf,3,Ba(FeAs)2,11 K,8.653212513775344,11.0,0.08,30.0,60.0
1109.5479v1.pdf,3,Ba(FeAs)2,11 K,8.602059991327963,11.0,0.09,30.0,60.0
1109.5479v1.pdf,3,Ba(FeAs)2,11 K,8.544068044350276,11.0,0.1,30.0,60.0
1109.5479v1.pdf,3,Ba(FeAs)2,11 K,8.477121254719663,11.0,0.2,30.0,60.0
1109.5479v1.pdf,3,Ba(FeAs)2,11 K,8.397940008672037,11.0,0.3,30.0,60.0
1109.5479v1.pdf,3,Ba(FeAs)2,11 K,8.301029995663981,11.0,0.4,30.0,60.0
1109.5479v1.pdf,3,Ba(FeAs)2,11 K,8.176091259055681,11.0,0.5,30.0,60.0
1109.5479v1.pdf,3,Ba(FeAs)2,11 K,8.0,11.0,0.6,30.0,60.0
1109.5479v1.pdf,3,Ba(FeAs)2,11 K,7.954242509439325,11.0,0.7,30.0,60.0
1109.5479v1.pdf,3,Ba(FeAs)2,11 K,7.903089986991944,11.0,0.8,30.0,60.0
1109.5479v1.pdf,3,Ba(FeAs)2,11 K,7.845098040014257,11.0,0.9,30.0,60.0
1109.5479v1.pdf,3,Ba(FeAs)2,11 K,7.778151250383644,11.0,1.0,30.0,60.0
1109.5479v1.pdf,3,Ba(FeAs)2,17.5 K,8.845098040014257,17.5,0.01,30.0,60.0
1109.5479v1.pdf,3,Ba(FeAs)2,17.5 K,8.812913356642856,17.5,0.02,30.0,60.0
1109.5479v1.pdf,3,Ba(FeAs)2,17.5 K,8.778151250383644,17.5,0.03,30.0,60.0
1109.5479v1.pdf,3,Ba(FeAs)2,17.5 K,8.740362689494244,17.5,0.04,30.0,60.0
1109.5479v1.pdf,3,Ba(FeAs)2,17.5 K,8.698970004336019,17.5,0.05,30.0,60.0
1109.5479v1.pdf,3,Ba(FeAs)2,17.5 K,8.653212513775344,17.5,0.06,30.0,60.0
1109.5479v1.pdf,3,Ba(FeAs)2,17.5 K,8.602059991327963,17.5,0.07,30.0,60.0
1109.5479v1.pdf,3,Ba(FeAs)2,17.5 K,8.544068044350276,17.5,0.08,30.0,60.0
1109.5479v1.pdf,3,Ba(FeAs)2,17.5 K,8.477121254719663,17.5,0.09,30.0,60.0
1109.5479v1.pdf,3,Ba(FeAs)2,17.5 K,8.397940008672037,17.5,0.1,30.0,60.0
1109.5479v1.pdf,3,Ba(FeAs)2,17.5 K,8.301029995663981,17.5,0.2,30.0,60.0
1109.5479v1.pdf,3,Ba(FeAs)2,17.5 K,8.176091259055681,17.5,0.3,30.0,60.0
1109.5479v1.pdf,3,Ba(FeAs)2,17.5 K,8.0,17.5,0.4,30.0,60.0
1109.5479v1.pdf,3,Ba(FeAs)2,17.5 K,7.954242509439325,17.5,0.5,30.0,60.0
1109.5479v1.pdf,3,Ba(FeAs)2,17.5 K,7.903089986991944,17.5,0.6,30.0,60.0
1109.5479v1.pdf,3,Ba(FeAs)2,17.5 K,7.845098040014257,17.5,0.7,30.0,60.0
1109.5479v1.pdf,3,Ba(FeAs)2,17.5 K,7.778151250383644,17.5,0.8,30.0,60.0
1109.5479v1.pdf,3,Ba(FeAs)2,17.5 K,7.698970004336019,17.5,0.9,30.0,60.0
1109.5479v1.pdf,3,Ba(FeAs)2,17.5 K,7.602059991327962,17.5,1.0,30.0,60.0
1204.0339v2.pdf,17,BaFeAs2Ru,4K H||c,5.0,4.0,0.0,18.0,30.0
1204.0339v2.pdf,17,BaFeAs2Ru,4K H||c,4.954242509439325,4.0,1.0,18.0,30.0
1204.0339v2.pdf,17,BaFeAs2Ru,4K H||c,4.929418925714293,4.0,2.0,18.0,30.0
1204.0339v2.pdf,17,BaFeAs2Ru,4K H||c,4.903089986991944,4.0,3.0,18.0,30.0
1204.0339v2.pdf,17,BaFeAs2Ru,4K H||c,4.8750612633917,4.0,4.0,18.0,30.0
1204.0339v2.pdf,17,BaFeAs2Ru,4K H||c,4.845098040014257,4.0,5.0,18.0,30.0
1204.0339v2.pdf,17,BaFeAs2Ru,4K H||c,4.812913356642856,4.0,6.0,18.0,30.0
1204.0339v2.pdf,17,BaFeAs2Ru,4K H||c,4.778151250383644,4.0,7.0,18.0,30.0
1204.0339v2.pdf,17,BaFeAs2Ru,4K H||c,4.740362689494244,4.0,8.0,18.0,30.0
1204.0339v2.pdf,17,BaFeAs2Ru,4K H||c,4.698970004336019,4.0,9.0,18.0,30.0
1204.0339v2.pdf,17,BaFeAs2Ru,4K H||c,4.653212513775344,4.0,10.0,18.0,30.0
1204.0339v2.pdf,17,BaFeAs2Ru,4K H||c,4.6020599913279625,4.0,11.0,18.0,30.0
1204.0339v2.pdf,17,BaFeAs2Ru,4K H||c,4.544068044350276,4.0,12.0,18.0,30.0
1204.0339v2.pdf,17,BaFeAs2Ru,4K H||c,4.477121254719663,4.0,13.0,18.0,30.0
1204.0339v2.pdf,17,BaFeAs2Ru,4K H||c,4.3979400086720375,4.0,14.0,18.0,30.0
1204.0339v2.pdf,17,BaFeAs2Ru,4K H||c,4.301029995663981,4.0,15.0,18.0,30.0
1204.0339v2.pdf,17,BaFeAs2Ru,4K H||c,4.176091259055681,4.0,16.0,18.0,30.0
1204.0339v2.pdf,17,BaFeAs2Ru,7K H||c,4.954242509439325,7.0,0.0,18.0,30.0
1204.0339v2.pdf,17,BaFeAs2Ru,7K H||c,4.929418925714293,7.0,1.0,18.0,30.0
1204.0339v2.pdf,17,BaFeAs2Ru,7K H||c,4.903089986991944,7.0,2.0,18.0,30.0
1204.0339v2.pdf,17,BaFeAs2Ru,7K H||c,4.8750612633917,7.0,3.0,18.0,30.0
1204.0339v2.pdf,17,BaFeAs2Ru,7K H||c,4.845098040014257,7.0,4.0,18.0,30.0
1204.0339v2.pdf,17,BaFeAs2Ru,7K H||c,4.812913356642856,7.0,5.0,18.0,30.0
1204.0339v2.pdf,17,BaFeAs2Ru,7K H||c,4.778151250383644,7.0,6.0,18.0,30.0
1204.0339v2.pdf,17,BaFeAs2Ru,7K H||c,4.740362689494244,7.0,7.0,18.0,30.0
1204.0339v2.pdf,17,BaFeAs2Ru,7K H||c,4.698970004336019,7.0,8.0,18.0,30.0
1204.0339v2.pdf,17,BaFeAs2Ru,7K H||c,4.653212513775344,7.0,9.0,18.0,30.0
1204.0339v2.pdf,17,BaFeAs2Ru,7K H||c,4.6020599913279625,7.0,10.0,18.0,30.0
1204.0339v2.pdf,17,BaFeAs2Ru,7K H||c,4.544068044350276,7.0,11.0,18.0,30.0
1204.0339v2.pdf,17,BaFeAs2Ru,7K H||c,4.477121254719663,7.0,12.0,18.0,30.0
1204.0339v2.pdf,17,BaFeAs2Ru,7K H||c,4.3979400086720375,7.0,13.0,18.0,30.0
1204.0339v2.pdf,17,BaFeAs2Ru,7K H||c,4.301029995663981,7.0,14.0,18.0,30.0
1204.0339v2.pdf,17,BaFeAs2Ru,7K H||c,4.176091259055681,7.0,15.0,18.0,30.0
1204.0339v2.pdf,17,BaFeAs2Ru,7K H||c,4.0,7.0,16.0,18.0,30.0
1204.0339v2.pdf,17,BaFeAs2Ru,10K H||c,4.903089986991944,10.0,0.0,18.0,30.0
1204.0339v2.pdf,17,BaFeAs2Ru,10K H||c,4.8750612633917,10.0,1.0,18.0,30.0
1204.0339v2.pdf,17,BaFeAs2Ru,10K H||c,4.845098040014257,10.0,2.0,18.0,30.0
1204.0339v2.pdf,17,BaFeAs2Ru,10K H||c,4.812913356642856,10.0,3.0,18.0,30.0
1204.0339v2.pdf,17,BaFeAs2Ru,10K H||c,4.778151250383644,10.0,4.0,18.0,30.0
1204.0339v2.pdf,17,BaFeAs2Ru,10K H||c,4.740362689494244,10.0,5.0,18.0,30.0
1204.0339v2.pdf,17,BaFeAs2Ru,10K H||c,4.698970004336019,10.0,6.0,18.0,30.0
1204.0339v2.pdf,17,BaFeAs2Ru,10K H||c,4.653212513775344,10.0,7.0,18.0,30.0
1204.0339v2.pdf,17,BaFeAs2Ru,10K H||c,4.6020599913279625,10.0,8.0,18.0,30.0
1204.0339v2.pdf,17,BaFeAs2Ru,10K H||c,4.544068044350276,10.0,9.0,18.0,30.0
1204.0339v2.pdf,17,BaFeAs2Ru,10K H||c,4.477121254719663,10.0,10.0,18.0,30.0
1204.0339v2.pdf,17,BaFeAs2Ru,10K H||c,4.3979400086720375,10.0,11.0,18.0,30.0
1204.0339v2.pdf,17,BaFeAs2Ru,10K H||c,4.301029995663981,10.0,12.0,18.0,30.0
1204.0339v2.pdf,17,BaFeAs2Ru,10K H||c,4.176091259055681,10.0,13.0,18.0,30.0
1204.0339v2.pdf,17,BaFeAs2Ru,10K H||c,4.0,10.0,14.0,18.0,30.0
1204.0339v2.pdf,17,BaFeAs2Ru,10K H||c,3.9542425094393248,10.0,15.0,18.0,30.0
1204.0339v2.pdf,17,BaFeAs2Ru,10K H||c,3.903089986991944,10.0,16.0,18.0,30.0
1204.0339v2.pdf,17,BaFeAs2Ru,12K H||c,4.845098040014257,12.0,0.0,18.0,30.0
1204.0339v2.pdf,17,BaFeAs2Ru,12K H||c,4.812913356642856,12.0,1.0,18.0,30.0
1204.0339v2.pdf,17,BaFeAs2Ru,12K H||c,4.778151250383644,12.0,2.0,18.0,30.0
1204.0339v2.pdf,17,BaFeAs2Ru,12K H||c,4.740362689494244,12.0,3.0,18.0,30.0
1204.0339v2.pdf,17,BaFeAs2Ru,12K H||c,4.698970004336019,12.0,4.0,18.0,30.0
1204.0339v2.pdf,17,BaFeAs2Ru,12K H||c,4.653212513775344,12.0,5.0,18.0,30.0
1204.0339v2.pdf,17,BaFeAs2Ru,12K H||c,4.6020599913279625,12.0,6.0,18.0,30.0
1204.0339v2.pdf,17,BaFeAs2Ru,12K H||c,4.544068044350276,12.0,7.0,18.0,30.0
1204.0339v2.pdf,17,BaFeAs2Ru,12K H||c,4.477121254719663,12.0,8.0,18.0,30.0
1204.0339v2.pdf,17,BaFeAs2Ru,12K H||c,4.3979400086720375,12.0,9.0,18.0,30.0
1204.0339v2.pdf,17,BaFeAs2Ru,12K H||c,4.301029995663981,12.0,10.0,18.0,30.0
1204.0339v2.pdf,17,BaFeAs2Ru,12K H||c,4.176091259055681,12.0,11.0,18.0,30.0
1204.0339v2.pdf,17,BaFeAs2Ru,12K H||c,4.0,12.0,12.0,18.0,30.0
1204.0339v2.pdf,17,BaFeAs2Ru,12K H||c,3.9542425094393248,12.0,13.0,18.0,30.0
1204.0339v2.pdf,17,BaFeAs2Ru,12K H||c,3.903089986991944,12.0,14.0,18.0,30.0
1204.0339v2.pdf,17,BaFeAs2Ru,12K H||c,3.845098040014257,12.0,15.0,18.0,30.0
1204.0339v2.pdf,17,BaFeAs2Ru,12K H||c,3.7781512503836434,12.0,16.0,18.0,30.0
1204.0339v2.pdf,17,BaFeAs2Ru,15K H||c,4.778151250383644,15.0,0.0,18.0,30.0
1204.0339v2.pdf,17,BaFeAs2Ru,15K H||c,4.740362689494244,15.0,1.0,18.0,30.0
1204.0339v2.pdf,17,BaFeAs2Ru,15K H||c,4.698970004336019,15.0,2.0,18.0,30.0
1204.0339v2.pdf,17,BaFeAs2Ru,15K H||c,4.653212513775344,15.0,3.0,18.0,30.0
1204.0339v2.pdf,17,BaFeAs2Ru,15K H||c,4.6020599913279625,15.0,4.0,18.0,30.0
1204.0339v2.pdf,17,BaFeAs2Ru,15K H||c,4.544068044350276,15.0,5.0,18.0,30.0
1204.0339v2.pdf,17,BaFeAs2Ru,15K H||c,4.477121254719663,15.0,6.0,18.0,30.0
1204.0339v2.pdf,17,BaFeAs2Ru,15K H||c,4.3979400086720375,15.0,7.0,18.0,30.0
1204.0339v2.pdf,17,BaFeAs2Ru,15K H||c,4.301029995663981,15.0,8.0,18.0,30.0
1204.0339v2.pdf,17,BaFeAs2Ru,15K H||c,4.176091259055681,15.0,9.0,18.0,30.0
1204.0339v2.pdf,17,BaFeAs2Ru,15K H||c,4.0,15.0,10.0,18.0,30.0
1204.0339v2.pdf,17,BaFeAs2Ru,15K H||c,3.9542425094393248,15.0,11.0,18.0,30.0
1204.0339v2.pdf,17,BaFeAs2Ru,15K H||c,3.903089986991944,15.0,12.0,18.0,30.0
1204.0339v2.pdf,17,BaFeAs2Ru,15K H||c,3.845098040014257,15.0,13.0,18.0,30.0
1204.0339v2.pdf,17,BaFeAs2Ru,15K H||c,3.7781512503836434,15.0,14.0,18.0,30.0
1204.0339v2.pdf,17,BaFeAs2Ru,15K H||c,3.6989700043360174,15.0,15.0,18.0,30.0
1204.0339v2.pdf,17,BaFeAs2Ru,15K H||c,3.6020599913279625,15.0,16.0,18.0,30.0
1204.0339v2.pdf,17,BaFeAs2Ru,4K H||ab,5.0,4.0,0.0,18.0,30.0
1204.0339v2.pdf,17,BaFeAs2Ru,4K H||ab,4.977723605288848,4.0,1.0,18.0,30.0
1204.0339v2.pdf,17,BaFeAs2Ru,4K H||ab,4.954242509439325,4.0,2.0,18.0,30.0
1204.0339v2.pdf,17,BaFeAs2Ru,4K H||ab,4.929418925714293,4.0,3.0,18.0,30.0
1204.0339v2.pdf,17,BaFeAs2Ru,4K H||ab,4.903089986991944,4.0,4.0,18.0,30.0
1204.0339v2.pdf,17,BaFeAs2Ru,4K H||ab,4.8750612633917,4.0,5.0,18.0,30.0
1204.0339v2.pdf,17,BaFeAs2Ru,4K H||ab,4.845098040014257,4.0,6.0,18.0,30.0
1204.0339v2.pdf,17,BaFeAs2Ru,4K H||ab,4.812913356642856,4.0,7.0,18.0,30.0
1204.0339v2.pdf,17,BaFeAs2Ru,4K H||ab,4.778151250383644,4.0,8.0,18.0,30.0
1204.0339v2.pdf,17,BaFeAs2Ru,4K H||ab,4.740362689494244,4.0,9.0,18.0,30.0
1204.0339v2.pdf,17,BaFeAs2Ru,4K H||ab,4.698970004336019,4.0,10.0,18.0,30.0
1204.0339v2.pdf,17,BaFeAs2Ru,4K H||ab,4.653212513775344,4.0,11.0,18.0,30.0
1204.0339v2.pdf,17,BaFeAs2Ru,4K H||ab,4.6020599913279625,4.0,12.0,18.0,30.0
1204.0339v2.pdf,17,BaFeAs2Ru,4K H||ab,4.544068044350276,4.0,13.0,18.0,30.0
1204.0339v2.pdf,17,BaFeAs2Ru,4K H||ab,4.477121254719663,4.0,14.0,18.0,30.0
1204.0339v2.pdf,17,BaFeAs2Ru,4K H||ab,4.3979400086720375,4.0,15.0,18.0,30.0
1204.0339v2.pdf,17,BaFeAs2Ru,4K H||ab,4.301029995663981,4.0,16.0,18.0,30.0
1204.0339v2.pdf,17,BaFeAs2Ru,7K H||ab,4.977723605288848,7.0,0.0,18.0,30.0
1204.0339v2.pdf,17,BaFeAs2Ru,7K H||ab,4.954242509439325,7.0,1.0,18.0,30.0
1204.0339v2.pdf,17,BaFeAs2Ru,7K H||ab,4.929418925714293,7.0,2.0,18.0,30.0
1204.0339v2.pdf,17,BaFeAs2Ru,7K H||ab,4.903089986991944,7.0,3.0,18.0,30.0
1204.0339v2.pdf,17,BaFeAs2Ru,7K H||ab,4.8750612633917,7.0,4.0,18.0,30.0
1204.0339v2.pdf,17,BaFeAs2Ru,7K H||ab,4.845098040014257,7.0,5.0,18.0,30.0
1204.0339v2.pdf,17,BaFeAs2Ru,7K H||ab,4.812913356642856,7.0,6.0,18.0,30.0
1204.0339v2.pdf,17,BaFeAs2Ru,7K H||ab,4.778151250383644,7.0,7.0,18.0,30.0
1204.0339v2.pdf,17,BaFeAs2Ru,7K H||ab,4.740362689494244,7.0,8.0,18.0,30.0
1204.0339v2.pdf,17,BaFeAs2Ru,7K H||ab,4.698970004336019,7.0,9.0,18.0,30.0
1204.0339v2.pdf,17,BaFeAs2Ru,7K H||ab,4.653212513775344,7.0,10.0,18.0,30.0
1204.0339v2.pdf,17,BaFeAs2Ru,7K H||ab,4.6020599913279625,7.0,11.0,18.0,30.0
1204.0339v2.pdf,17,BaFeAs2Ru,7K H||ab,4.544068044350276,7.0,12.0,18.0,30.0
1204.0339v2.pdf,17,BaFeAs2Ru,7K H||ab,4.477121254719663,7.0,13.0,18.0,30.0
1204.0339v2.pdf,17,BaFeAs2Ru,7K H||ab,4.3979400086720375,7.0,14.0,18.0,30.0
1204.0339v2.pdf,17,BaFeAs2Ru,7K H||ab,4.301029995663981,7.0,15.0,18.0,30.0
1204.0339v2.pdf,17,BaFeAs2Ru,7K H||ab,4.176091259055681,7.0,16.0,18.0,30.0
1204.0339v2.pdf,17,BaFeAs2Ru,10K H||ab,4.954242509439325,10.0,0.0,18.0,30.0
1204.0339v2.pdf,17,BaFeAs2Ru,10K H||ab,4.929418925714293,10.0,1.0,18.0,30.0
1204.0339v2.pdf,17,BaFeAs2Ru,10K H||ab,4.903089986991944,10.0,2.0,18.0,30.0
1204.0339v2.pdf,17,BaFeAs2Ru,10K H||ab,4.8750612633917,10.0,3.0,18.0,30.0
1204.0339v2.pdf,17,BaFeAs2Ru,10K H||ab,4.845098040014257,10.0,4.0,18.0,30.0
1204.0339v2.pdf,17,BaFeAs2Ru,10K H||ab,4.812913356642856,10.0,5.0,18.0,30.0
1204.0339v2.pdf,17,BaFeAs2Ru,10K H||ab,4.778151250383644,10.0,6.0,18.0,30.0
1204.0339v2.pdf,17,BaFeAs2Ru,10K H||ab,4.740362689494244,10.0,7.0,18.0,30.0
1204.0339v2.pdf,17,BaFeAs2Ru,10K H||ab,4.698970004336019,10.0,8.0,18.0,30.0
1204.0339v2.pdf,17,BaFeAs2Ru,10K H||ab,4.653212513775344,10.0,9.0,18.0,30.0
1204.0339v2.pdf,17,BaFeAs2Ru,10K H||ab,4.6020599913279625,10.0,10.0,18.0,30.0
1204.0339v2.pdf,17,BaFeAs2Ru,10K H||ab,4.544068044350276,10.0,11.0,18.0,30.0
1204.0339v2.pdf,17,BaFeAs2Ru,10K H||ab,4.477121254719663,10.0,12.0,18.0,30.0
1204.0339v2.pdf,17,BaFeAs2Ru,10K H||ab,4.3979400086720375,10.0,13.0,18.0,30.0
1204.0339v2.pdf,17,BaFeAs2Ru,10K H||ab,4.301029995663981,10.0,14.0,18.0,30.0
1204.0339v2.pdf,17,BaFeAs2Ru,10K H||ab,4.176091259055681,10.0,15.0,18.0,30.0
1204.0339v2.pdf,17,BaFeAs2Ru,10K H||ab,4.0,10.0,16.0,18.0,30.0
1204.0339v2.pdf,17,BaFeAs2Ru,12K H||ab,4.929418925714293,12.0,0.0,18.0,30.0
1204.0339v2.pdf,17,BaFeAs2Ru,12K H||ab,4.903089986991944,12.0,1.0,18.0,30.0
1204.0339v2.pdf,17,BaFeAs2Ru,12K H||ab,4.8750612633917,12.0,2.0,18.0,30.0
1204.0339v2.pdf,17,BaFeAs2Ru,12K H||ab,4.845098040014257,12.0,3.0,18.0,30.0
1204.0339v2.pdf,17,BaFeAs2Ru,12K H||ab,4.812913356642856,12.0,4.0,18.0,30.0
1204.0339v2.pdf,17,BaFeAs2Ru,12K H||ab,4.778151250383644,12.0,5.0,18.0,30.0
1204.0339v2.pdf,17,BaFeAs2Ru,12K H||ab,4.740362689494244,12.0,6.0,18.0,30.0
1204.0339v2.pdf,17,BaFeAs2Ru,12K H||ab,4.698970004336019,12.0,7.0,18.0,30.0
1204.0339v2.pdf,17,BaFeAs2Ru,12K H||ab,4.653212513775344,12.0,8.0,18.0,30.0
1204.0339v2.pdf,17,BaFeAs2Ru,12K H||ab,4.6020599913279625,12.0,9.0,18.0,30.0
1204.0339v2.pdf,17,BaFeAs2Ru,12K H||ab,4.544068044350276,12.0,10.0,18.0,30.0
1204.0339v2.pdf,17,BaFeAs2Ru,12K H||ab,4.477121254719663,12.0,11.0,18.0,30.0
1204.0339v2.pdf,17,BaFeAs2Ru,12K H||ab,4.3979400086720375,12.0,12.0,18.0,30.0
1204.0339v2.pdf,17,BaFeAs2Ru,12K H||ab,4.301029995663981,12.0,13.0,18.0,30.0
1204.0339v2.pdf,17,BaFeAs2Ru,12K H||ab,4.176091259055681,12.0,14.0,18.0,30.0
1204.0339v2.pdf,17,BaFeAs2Ru,12K H||ab,4.0,12.0,15.0,18.0,30.0
1204.0339v2.pdf,17,BaFeAs2Ru,12K H||ab,3.9542425094393248,12.0,16.0,18.0,30.0
1204.0339v2.pdf,17,BaFeAs2Ru,15K H||ab,4.903089986991944,15.0,0.0,18.0,30.0
1204.0339v2.pdf,17,BaFeAs2Ru,15K H||ab,4.8750612633917,15.0,1.0,18.0,30.0
1204.0339v2.pdf,17,BaFeAs2Ru,15K H||ab,4.845098040014257,15.0,2.0,18.0,30.0
1204.0339v2.pdf,17,BaFeAs2Ru,15K H||ab,4.812913356642856,15.0,3.0,18.0,30.0
1204.0339v2.pdf,17,BaFeAs2Ru,15K H||ab,4.778151250383644,15.0,4.0,18.0,30.0
1204.0339v2.pdf,17,BaFeAs2Ru,15K H||ab,4.740362689494244,15.0,5.0,18.0,30.0
1204.0339v2.pdf,17,BaFeAs2Ru,15K H||ab,4.698970004336019,15.0,6.0,18.0,30.0
1204.0339v2.pdf,17,BaFeAs2Ru,15K H||ab,4.653212513775344,15.0,7.0,18.0,30.0
1204.0339v2.pdf,17,BaFeAs2Ru,15K H||ab,4.6020599913279625,15.0,8.0,18.0,30.0
1204.0339v2.pdf,17,BaFeAs2Ru,15K H||ab,4.544068044350276,15.0,9.0,18.0,30.0
1204.0339v2.pdf,17,BaFeAs2Ru,15K H||ab,4.477121254719663,15.0,10.0,18.0,30.0
1204.0339v2.pdf,17,BaFeAs2Ru,15K H||ab,4.3979400086720375,15.0,11.0,18.0,30.0
1204.0339v2.pdf,17,BaFeAs2Ru,15K H||ab,4.301029995663981,15.0,12.0,18.0,30.0
1204.0339v2.pdf,17,BaFeAs2Ru,15K H||ab,4.176091259055681,15.0,13.0,18.0,30.0
1204.0339v2.pdf,17,BaFeAs2Ru,15K H||ab,4.0,15.0,14.0,18.0,30.0
1204.0339v2.pdf,17,BaFeAs2Ru,15K H||ab,3.9542425094393248,15.0,15.0,18.0,30.0
1204.0339v2.pdf,17,BaFeAs2Ru,15K H||ab,3.903089986991944,15.0,16.0,18.0,30.0
1403.1947v2.pdf,19,Ba(FeAs)2,"BaFe2As2:P (this work, 4K)",7.0,4.0,0.0,30.0,60.0
1403.1947v2.pdf,19,Ba(FeAs)2,"BaFe2As2:P (this work, 4K)",6.903089986991944,4.0,1.0,30.0,60.0
1403.1947v2.pdf,19,Ba(FeAs)2,"BaFe2As2:P (this work, 4K)",6.778151250383644,4.0,2.0,30.0,60.0
1403.1947v2.pdf,19,Ba(FeAs)2,"BaFe2As2:P (this work, 4K)",6.698970004336019,4.0,3.0,30.0,60.0
1403.1947v2.pdf,19,Ba(FeAs)2,"BaFe2As2:P (this work, 4K)",6.6020599913279625,4.0,4.0,30.0,60.0
1403.1947v2.pdf,19,Ba(FeAs)2,"BaFe2As2:P (this work, 4K)",6.477121254719663,4.0,5.0,30.0,60.0
1403.1947v2.pdf,19,Ba(FeAs)2,"BaFe2As2:P (this work, 4K)",6.301029995663981,4.0,6.0,30.0,60.0
1403.1947v2.pdf,19,Ba(FeAs)2,"BaFe2As2:P (this work, 4K)",6.176091259055681,4.0,7.0,30.0,60.0
1403.1947v2.pdf,19,Ba(FeAs)2,"BaFe2As2:P (this work, 4K)",6.079181246047625,4.0,8.0,30.0,60.0
1403.1947v2.pdf,19,Ba(FeAs)2,"BaFe2As2:P (this work, 4K)",6.0,4.0,9.0,30.0,60.0
1403.1947v2.pdf,19,Ba(FeAs)2,"BaFe2As2:P (this work, 4K)",5.903089986991944,4.0,10.0,30.0,60.0
1403.1947v2.pdf,19,Ba(FeAs)2,"BaFe2As2:P + BZO (5K, ref.26)",6.954242509439325,5.0,0.0,30.0,60.0
1403.1947v2.pdf,19,Ba(FeAs)2,"BaFe2As2:P + BZO (5K, ref.26)",6.845098040014257,5.0,1.0,30.0,60.0
1403.1947v2.pdf,19,Ba(FeAs)2,"BaFe2As2:P + BZO (5K, ref.26)",6.698970004336019,5.0,2.0,30.0,60.0
1403.1947v2.pdf,19,Ba(FeAs)2,"BaFe2As2:P + BZO (5K, ref.26)",6.6020599913279625,5.0,3.0,30.0,60.0
1403.1947v2.pdf,19,Ba(FeAs)2,"BaFe2As2:P + BZO (5K, ref.26)",6.477121254719663,5.0,4.0,30.0,60.0
1403.1947v2.pdf,19,Ba(FeAs)2,"BaFe2As2:P + BZO (5K, ref.26)",6.3979400086720375,5.0,5.0,30.0,60.0
1403.1947v2.pdf,19,Ba(FeAs)2,"BaFe2As2:P + BZO (5K, ref.26)",6.301029995663981,5.0,6.0,30.0,60.0
1403.1947v2.pdf,19,Ba(FeAs)2,"BaFe2As2:P + BZO (5K, ref.26)",6.176091259055681,5.0,7.0,30.0,60.0
1403.1947v2.pdf,19,Ba(FeAs)2,"BaFe2As2:P + BZO (5K, ref.26)",6.079181246047625,5.0,8.0,30.0,60.0
1403.1947v2.pdf,19,Ba(FeAs)2,"BaFe2As2:P + BZO (5K, ref.26)",6.0,5.0,9.0,30.0,60.0
1403.1947v2.pdf,19,Ba(FeAs)2,"BaFe2As2:P + BZO (5K, ref.26)",5.954242509439325,5.0,10.0,30.0,60.0
1403.1947v2.pdf,19,Ba(FeAs)2,"SmFeAsO1-xFx (4K, ref.27)",6.903089986991944,4.0,0.0,30.0,60.0
1403.1947v2.pdf,19,Ba(FeAs)2,"SmFeAsO1-xFx (4K, ref.27)",6.778151250383644,4.0,1.0,30.0,60.0
1403.1947v2.pdf,19,Ba(FeAs)2,"SmFeAsO1-xFx (4K, ref.27)",6.698970004336019,4.0,2.0,30.0,60.0
1403.1947v2.pdf,19,Ba(FeAs)2,"SmFeAsO1-xFx (4K, ref.27)",6.6020599913279625,4.0,3.0,30.0,60.0
1403.1947v2.pdf,19,Ba(FeAs)2,"SmFeAsO1-xFx (4K, ref.27)",6.477121254719663,4.0,4.0,30.0,60.0
1403.1947v2.pdf,19,Ba(FeAs)2,"SmFeAsO1-xFx (4K, ref.27)",6.3979400086720375,4.0,5.0,30.0,60.0
1403.1947v2.pdf,19,Ba(FeAs)2,"SmFeAsO1-xFx (4K, ref.27)",6.301029995663981,4.0,6.0,30.0,60.0
1403.1947v2.pdf,19,Ba(FeAs)2,"SmFeAsO1-xFx (4K, ref.27)",6.176091259055681,4.0,7.0,30.0,60.0
1403.1947v2.pdf,19,Ba(FeAs)2,"SmFeAsO1-xFx (4K, ref.27)",6.079181246047625,4.0,8.0,30.0,60.0
1403.1947v2.pdf,19,Ba(FeAs)2,"SmFeAsO1-xFx (4K, ref.27)",6.0,4.0,9.0,30.0,60.0
1403.1947v2.pdf,19,Ba(FeAs)2,"SmFeAsO1-xFx (4K, ref.27)",5.903089986991944,4.0,10.0,30.0,60.0
1403.1947v2.pdf,19,Ba(FeAs)2,"O-rich BaFe2As2/BaFe2As2:Co SL (4K, ref.28)",6.845098040014257,4.0,0.0,30.0,60.0
1403.1947v2.pdf,19,Ba(FeAs)2,"O-rich BaFe2As2/BaFe2As2:Co SL (4K, ref.28)",6.698970004336019,4.0,1.0,30.0,60.0
1403.1947v2.pdf,19,Ba(FeAs)2,"O-rich BaFe2As2/BaFe2As2:Co SL (4K, ref.28)",6.6020599913279625,4.0,2.0,30.0,60.0
1403.1947v2.pdf,19,Ba(FeAs)2,"O-rich BaFe2As2/BaFe2As2:Co SL (4K, ref.28)",6.477121254719663,4.0,3.0,30.0,60.0
1403.1947v2.pdf,19,Ba(FeAs)2,"O-rich BaFe2As2/BaFe2As2:Co SL (4K, ref.28)",6.3979400086720375,4.0,4.0,30.0,60.0
1403.1947v2.pdf,19,Ba(FeAs)2,"O-rich BaFe2As2/BaFe2As2:Co SL (4K, ref.28)",6.301029995663981,4.0,5.0,30.0,60.0
1403.1947v2.pdf,19,Ba(FeAs)2,"O-rich BaFe2As2/BaFe2As2:Co SL (4K, ref.28)",6.176091259055681,4.0,6.0,30.0,60.0
1403.1947v2.pdf,19,Ba(FeAs)2,"O-rich BaFe2As2/BaFe2As2:Co SL (4K, ref.28)",6.079181246047625,4.0,7.0,30.0,60.0
1403.1947v2.pdf,19,Ba(FeAs)2,"O-rich BaFe2As2/BaFe2As2:Co SL (4K, ref.28)",6.0,4.0,8.0,30.0,60.0
1403.1947v2.pdf,19,Ba(FeAs)2,"O-rich BaFe2As2/BaFe2As2:Co SL (4K, ref.28)",5.954242509439325,4.0,9.0,30.0,60.0
1403.1947v2.pdf,19,Ba(FeAs)2,"O-rich BaFe2As2/BaFe2As2:Co SL (4K, ref.28)",5.903089986991944,4.0,10.0,30.0,60.0
1406.3109v1.pdf,3,Sr2VFeAsO3,"3K, 0GPa",6.0,3.0,0.1,37.0,50.0
1406.3109v1.pdf,3,Sr2VFeAsO3,"3K, 0GPa",5.903089986991944,3.0,0.2,37.0,50.0
1406.3109v1.pdf,3,Sr2VFeAsO3,"3K, 0GPa",5.778151250383644,3.0,0.3,37.0,50.0
1406.3109v1.pdf,3,Sr2VFeAsO3,"3K, 0GPa",5.698970004336019,3.0,0.4,37.0,50.0
1406.3109v1.pdf,3,Sr2VFeAsO3,"3K, 0GPa",5.6020599913279625,3.0,0.5,37.0,50.0
1406.3109v1.pdf,3,Sr2VFeAsO3,"3K, 0GPa",5.544068044350276,3.0,0.6,37.0,50.0
1406.3109v1.pdf,3,Sr2VFeAsO3,"3K, 0GPa",5.477121254719663,3.0,0.7,37.0,50.0
1406.3109v1.pdf,3,Sr2VFeAsO3,"3K, 0GPa",5.3979400086720375,3.0,0.8,37.0,50.0
1406.3109v1.pdf,3,Sr2VFeAsO3,"3K, 0GPa",5.301029995663981,3.0,0.9,37.0,50.0
1406.3109v1.pdf,3,Sr2VFeAsO3,"3K, 0GPa",5.2552725051033065,3.0,1.0,37.0,50.0
1406.3109v1.pdf,3,Sr2VFeAsO3,"3K, 0GPa",5.176091259055681,3.0,2.0,37.0,50.0
1406.3109v1.pdf,3,Sr2VFeAsO3,"3K, 0GPa",5.079181246047625,3.0,3.0,37.0,50.0
1406.3109v1.pdf,3,Sr2VFeAsO3,"3K, 0GPa",5.0,3.0,4.0,37.0,50.0
1406.3109v1.pdf,3,Sr2VFeAsO3,"3K, 0GPa",4.954242509439325,3.0,5.0,37.0,50.0
1406.3109v1.pdf,3,Sr2VFeAsO3,"3K, 0GPa",4.903089986991944,3.0,6.0,37.0,50.0
1406.3109v1.pdf,3,Sr2VFeAsO3,"3K, 0GPa",4.845098040014257,3.0,7.0,37.0,50.0
1406.3109v1.pdf,3,Sr2VFeAsO3,"3K, 0GPa",4.778151250383644,3.0,8.0,37.0,50.0
1406.3109v1.pdf,3,Sr2VFeAsO3,"3K, 0GPa",4.698970004336019,3.0,9.0,37.0,50.0
1406.3109v1.pdf,3,Sr2VFeAsO3,"3K, 0GPa",4.6020599913279625,3.0,10.0,37.0,50.0
1406.3109v1.pdf,3,Sr2VFeAsO3,"3K, 0.25GPa",5.954242509439325,3.0,0.1,37.0,50.0
1406.3109v1.pdf,3,Sr2VFeAsO3,"3K, 0.25GPa",5.845098040014257,3.0,0.2,37.0,50.0
1406.3109v1.pdf,3,Sr2VFeAsO3,"3K, 0.25GPa",5.740362689494244,3.0,0.3,37.0,50.0
1406.3109v1.pdf,3,Sr2VFeAsO3,"3K, 0.25GPa",5.653212513775344,3.0,0.4,37.0,50.0
1406.3109v1.pdf,3,Sr2VFeAsO3,"3K, 0.25GPa",5.57978359661681,3.0,0.5,37.0,50.0
1406.3109v1.pdf,3,Sr2VFeAsO3,"3K, 0.25GPa",5.505149978319906,3.0,0.6,37.0,50.0
1406.3109v1.pdf,3,Sr2VFeAsO3,"3K, 0.25GPa",5.431363764158987,3.0,0.7,37.0,50.0
1406.3109v1.pdf,3,Sr2VFeAsO3,"3K, 0.25GPa",5.361727836017593,3.0,0.8,37.0,50.0
1406.3109v1.pdf,3,Sr2VFeAsO3,"3K, 0.25GPa",5.278753600952829,3.0,0.9,37.0,50.0
1406.3109v1.pdf,3,Sr2VFeAsO3,"3K, 0.25GPa",5.230448921378274,3.0,1.0,37.0,50.0
1406.3109v1.pdf,3,Sr2VFeAsO3,"3K, 0.25GPa",5.146128035678238,3.0,2.0,37.0,50.0
1406.3109v1.pdf,3,Sr2VFeAsO3,"3K, 0.25GPa",5.041392685158225,3.0,3.0,37.0,50.0
1406.3109v1.pdf,3,Sr2VFeAsO3,"3K, 0.25GPa",4.954242509439325,3.0,4.0,37.0,50.0
1406.3109v1.pdf,3,Sr2VFeAsO3,"3K, 0.25GPa",4.903089986991944,3.0,5.0,37.0,50.0
1406.3109v1.pdf,3,Sr2VFeAsO3,"3K, 0.25GPa",4.845098040014257,3.0,6.0,37.0,50.0
1406.3109v1.pdf,3,Sr2VFeAsO3,"3K, 0.25GPa",4.778151250383644,3.0,7.0,37.0,50.0
1406.3109v1.pdf,3,Sr2VFeAsO3,"3K, 0.25GPa",4.698970004336019,3.0,8.0,37.0,50.0
1406.3109v1.pdf,3,Sr2VFeAsO3,"3K, 0.25GPa",4.653212513775344,3.0,9.0,37.0,50.0
1406.3109v1.pdf,3,Sr2VFeAsO3,"3K, 0.25GPa",4.6020599913279625,3.0,10.0,37.0,50.0
1406.3109v1.pdf,3,Sr2VFeAsO3,"3K, 0.75GPa",5.903089986991944,3.0,0.1,37.0,50.0
1406.3109v1.pdf,3,Sr2VFeAsO3,"3K, 0.75GPa",5.812913356642856,3.0,0.2,37.0,50.0
1406.3109v1.pdf,3,Sr2VFeAsO3,"3K, 0.75GPa",5.698970004336019,3.0,0.3,37.0,50.0
1406.3109v1.pdf,3,Sr2VFeAsO3,"3K, 0.75GPa",5.6020599913279625,3.0,0.4,37.0,50.0
1406.3109v1.pdf,3,Sr2VFeAsO3,"3K, 0.75GPa",5.544068044350276,3.0,0.5,37.0,50.0
1406.3109v1.pdf,3,Sr2VFeAsO3,"3K, 0.75GPa",5.477121254719663,3.0,0.6,37.0,50.0
1406.3109v1.pdf,3,Sr2VFeAsO3,"3K, 0.75GPa",5.3979400086720375,3.0,0.7,37.0,50.0
1406.3109v1.pdf,3,Sr2VFeAsO3,"3K, 0.75GPa",5.32221929473392,3.0,0.8,37.0,50.0
1406.3109v1.pdf,3,Sr2VFeAsO3,"3K, 0.75GPa",5.2552725051033065,3.0,0.9,37.0,50.0
1406.3109v1.pdf,3,Sr2VFeAsO3,"3K, 0.75GPa",5.204119982655925,3.0,1.0,37.0,50.0
1406.3109v1.pdf,3,Sr2VFeAsO3,"3K, 0.75GPa",5.113943352306837,3.0,2.0,37.0,50.0
1406.3109v1.pdf,3,Sr2VFeAsO3,"3K, 0.75GPa",5.0,3.0,3.0,37.0,50.0
1406.3109v1.pdf,3,Sr2VFeAsO3,"3K, 0.75GPa",4.929418925714293,3.0,4.0,37.0,50.0
1406.3109v1.pdf,3,Sr2VFeAsO3,"3K, 0.75GPa",4.8750612633917,3.0,5.0,37.0,50.0
1406.3109v1.pdf,3,Sr2VFeAsO3,"3K, 0.75GPa",4.812913356642856,3.0,6.0,37.0,50.0
1406.3109v1.pdf,3,Sr2VFeAsO3,"3K, 0.75GPa",4.740362689494244,3.0,7.0,37.0,50.0
1406.3109v1.pdf,3,Sr2VFeAsO3,"3K, 0.75GPa",4.653212513775344,3.0,8.0,37.0,50.0
1406.3109v1.pdf,3,Sr2VFeAsO3,"3K, 0.75GPa",4.6020599913279625,3.0,9.0,37.0,50.0
1406.3109v1.pdf,3,Sr2VFeAsO3,"3K, 0.75GPa",4.544068044350276,3.0,10.0,37.0,50.0
1406.3109v1.pdf,3,Sr2VFeAsO3,"3K, 1.2GPa",5.845098040014257,3.0,0.1,37.0,50.0
1406.3109v1.pdf,3,Sr2VFeAsO3,"3K, 1.2GPa",5.778151250383644,3.0,0.2,37.0,50.0
1406.3109v1.pdf,3,Sr2VFeAsO3,"3K, 1.2GPa",5.653212513775344,3.0,0.3,37.0,50.0
1406.3109v1.pdf,3,Sr2VFeAsO3,"3K, 1.2GPa",5.544068044350276,3.0,0.4,37.0,50.0
1406.3109v1.pdf,3,Sr2VFeAsO3,"3K, 1.2GPa",5.477121254719663,3.0,0.5,37.0,50.0
1406.3109v1.pdf,3,Sr2VFeAsO3,"3K, 1.2GPa",5.3979400086720375,3.0,0.6,37.0,50.0
1406.3109v1.pdf,3,Sr2VFeAsO3,"3K, 1.2GPa",5.301029995663981,3.0,0.7,37.0,50.0
1406.3109v1.pdf,3,Sr2VFeAsO3,"3K, 1.2GPa",5.230448921378274,3.0,0.8,37.0,50.0
1406.3109v1.pdf,3,Sr2VFeAsO3,"3K, 1.2GPa",5.176091259055681,3.0,0.9,37.0,50.0
1406.3109v1.pdf,3,Sr2VFeAsO3,"3K, 1.2GPa",5.146128035678238,3.0,1.0,37.0,50.0
1406.3109v1.pdf,3,Sr2VFeAsO3,"3K, 1.2GPa",5.079181246047625,3.0,2.0,37.0,50.0
1406.3109v1.pdf,3,Sr2VFeAsO3,"3K, 1.2GPa",4.954242509439325,3.0,3.0,37.0,50.0
1406.3109v1.pdf,3,Sr2VFeAsO3,"3K, 1.2GPa",4.8750612633917,3.0,4.0,37.0,50.0
1406.3109v1.pdf,3,Sr2VFeAsO3,"3K, 1.2GPa",4.812913356642856,3.0,5.0,37.0,50.0
1406.3109v1.pdf,3,Sr2VFeAsO3,"3K, 1.2GPa",4.740362689494244,3.0,6.0,37.0,50.0
1406.3109v1.pdf,3,Sr2VFeAsO3,"3K, 1.2GPa",4.653212513775344,3.0,7.0,37.0,50.0
1406.3109v1.pdf,3,Sr2VFeAsO3,"3K, 1.2GPa",4.6020599913279625,3.0,8.0,37.0,50.0
1406.3109v1.pdf,3,Sr2VFeAsO3,"3K, 1.2GPa",4.544068044350276,3.0,9.0,37.0,50.0
1406.3109v1.pdf,3,Sr2VFeAsO3,"3K, 1.2GPa",4.477121254719663,3.0,10.0,37.0,50.0
1511.04938v1.pdf,22,FeSe,"0.00 GPa, 2 K",2.7781512503836434,2.0,0.0,8.5,17.5
1511.04938v1.pdf,22,FeSe,"0.00 GPa, 2 K",2.740362689494244,2.0,0.0001,8.5,17.5
1511.04938v1.pdf,22,FeSe,"0.00 GPa, 2 K",2.6989700043360187,2.0,0.0002,8.5,17.5
1511.04938v1.pdf,22,FeSe,"0.00 GPa, 2 K",2.6532125137753435,2.0,0.0003,8.5,17.5
1511.04938v1.pdf,22,FeSe,"0.00 GPa, 2 K",2.6020599913279625,2.0,0.0004,8.5,17.5
1511.04938v1.pdf,22,FeSe,"0.00 GPa, 2 K",2.544068044350276,2.0,0.0005,8.5,17.5
1511.04938v1.pdf,22,FeSe,"0.00 GPa, 2 K",2.4771212547196626,2.0,0.0006,8.5,17.5
1511.04938v1.pdf,22,FeSe,"0.00 GPa, 2 K",2.397940008672037,2.0,0.0007,8.5,17.5
1511.04938v1.pdf,22,FeSe,"0.00 GPa, 4 K",2.6989700043360187,4.0,0.0,8.5,17.5
1511.04938v1.pdf,22,FeSe,"0.00 GPa, 4 K",2.6532125137753435,4.0,0.0001,8.5,17.5
1511.04938v1.pdf,22,FeSe,"0.00 GPa, 4 K",2.6020599913279625,4.0,0.0002,8.5,17.5
1511.04938v1.pdf,22,FeSe,"0.00 GPa, 4 K",2.544068044350276,4.0,0.0003,8.5,17.5
1511.04938v1.pdf,22,FeSe,"0.00 GPa, 4 K",2.4771212547196626,4.0,0.0004,8.5,17.5
1511.04938v1.pdf,22,FeSe,"0.00 GPa, 4 K",2.397940008672037,4.0,0.0005,8.5,17.5
1511.04938v1.pdf,22,FeSe,"0.00 GPa, 4 K",2.3010299956639813,4.0,0.0006,8.5,17.5
1511.04938v1.pdf,22,FeSe,"0.00 GPa, 4 K",2.1760912590556813,4.0,0.0007,8.5,17.5
1511.04938v1.pdf,22,FeSe,"0.00 GPa, 7 K",2.6020599913279625,7.0,0.0,8.5,17.5
1511.04938v1.pdf,22,FeSe,"0.00 GPa, 7 K",2.544068044350276,7.0,0.0001,8.5,17.5
1511.04938v1.pdf,22,FeSe,"0.00 GPa, 7 K",2.4771212547196626,7.0,0.0002,8.5,17.5
1511.04938v1.pdf,22,FeSe,"0.00 GPa, 7 K",2.397940008672037,7.0,0.0003,8.5,17.5
1511.04938v1.pdf,22,FeSe,"0.00 GPa, 7 K",2.3010299956639813,7.0,0.0004,8.5,17.5
1511.04938v1.pdf,22,FeSe,"0.00 GPa, 7 K",2.1760912590556813,7.0,0.0005,8.5,17.5
1511.04938v1.pdf,22,FeSe,"0.00 GPa, 7 K",2.0,7.0,0.0006,8.5,17.5
1511.04938v1.pdf,22,FeSe,"0.00 GPa, 7 K",1.6989700043360187,7.0,0.0007,8.5,17.5
1511.04938v1.pdf,22,FeSe,"1.22 GPa, 2 K",3.0,2.0,0.0,8.5,17.5
1511.04938v1.pdf,22,FeSe,"1.22 GPa, 2 K",2.9542425094393248,2.0,0.0001,8.5,17.5
1511.04938v1.pdf,22,FeSe,"1.22 GPa, 2 K",2.903089986991944,2.0,0.0002,8.5,17.5
1511.04938v1.pdf,22,FeSe,"1.22 GPa, 2 K",2.845098040014257,2.0,0.0003,8.5,17.5
1511.04938v1.pdf,22,FeSe,"1.22 GPa, 2 K",2.7781512503836434,2.0,0.0004,8.5,17.5
1511.04938v1.pdf,22,FeSe,"1.22 GPa, 2 K",2.6989700043360187,2.0,0.0005,8.5,17.5
1511.04938v1.pdf,22,FeSe,"1.22 GPa, 2 K",2.6020599913279625,2.0,0.0006,8.5,17.5
1511.04938v1.pdf,22,FeSe,"1.22 GPa, 2 K",2.4771212547196626,2.0,0.0007,8.5,17.5
1511.04938v1.pdf,22,FeSe,"1.22 GPa, 2 K",2.3010299956639813,2.0,0.0008,8.5,17.5
1511.04938v1.pdf,22,FeSe,"1.22 GPa, 2 K",2.0,2.0,0.0009,8.5,17.5
1511.04938v1.pdf,22,FeSe,"1.22 GPa, 4 K",2.9542425094393248,4.0,0.0,8.5,17.5
1511.04938v1.pdf,22,FeSe,"1.22 GPa, 4 K",2.903089986991944,4.0,0.0001,8.5,17.5
1511.04938v1.pdf,22,FeSe,"1.22 GPa, 4 K",2.845098040014257,4.0,0.0002,8.5,17.5
1511.04938v1.pdf,22,FeSe,"1.22 GPa, 4 K",2.7781512503836434,4.0,0.0003,8.5,17.5
1511.04938v1.pdf,22,FeSe,"1.22 GPa, 4 K",2.6989700043360187,4.0,0.0004,8.5,17.5
1511.04938v1.pdf,22,FeSe,"1.22 GPa, 4 K",2.6020599913279625,4.0,0.0005,8.5,17.5
1511.04938v1.pdf,22,FeSe,"1.22 GPa, 4 K",2.4771212547196626,4.0,0.0006,8.5,17.5
1511.04938v1.pdf,22,FeSe,"1.22 GPa, 4 K",2.3010299956639813,4.0,0.0007,8.5,17.5
1511.04938v1.pdf,22,FeSe,"1.22 GPa, 4 K",2.0,4.0,0.0008,8.5,17.5
1511.04938v1.pdf,22,FeSe,"1.22 GPa, 4 K",1.6989700043360187,4.0,0.0009,8.5,17.5
1511.04938v1.pdf,22,FeSe,"1.22 GPa, 7 K",2.903089986991944,7.0,0.0,8.5,17.5
1511.04938v1.pdf,22,FeSe,"1.22 GPa, 7 K",2.845098040014257,7.0,0.0001,8.5,17.5
1511.04938v1.pdf,22,FeSe,"1.22 GPa, 7 K",2.7781512503836434,7.0,0.0002,8.5,17.5
1511.04938v1.pdf,22,FeSe,"1.22 GPa, 7 K",2.6989700043360187,7.0,0.0003,8.5,17.5
1511.04938v1.pdf,22,FeSe,"1.22 GPa, 7 K",2.6020599913279625,7.0,0.0004,8.5,17.5
1511.04938v1.pdf,22,FeSe,"1.22 GPa, 7 K",2.4771212547196626,7.0,0.0005,8.5,17.5
1511.04938v1.pdf,22,FeSe,"1.22 GPa, 7 K",2.3010299956639813,7.0,0.0006,8.5,17.5
1511.04938v1.pdf,22,FeSe,"1.22 GPa, 7 K",2.0,7.0,0.0007,8.5,17.5
1511.04938v1.pdf,22,FeSe,"1.22 GPa, 7 K",1.6989700043360187,7.0,0.0008,8.5,17.5
1511.04938v1.pdf,22,FeSe,"1.22 GPa, 7 K",1.3979400086720375,7.0,0.0009,8.5,17.5
1511.04938v1.pdf,22,FeSe,"1.22 GPa, 9 K",2.845098040014257,9.0,0.0,8.5,17.5
1511.04938v1.pdf,22,FeSe,"1.22 GPa, 9 K",2.7781512503836434,9.0,0.0001,8.5,17.5
1511.04938v1.pdf,22,FeSe,"1.22 GPa, 9 K",2.6989700043360187,9.0,0.0002,8.5,17.5
1511.04938v1.pdf,22,FeSe,"1.22 GPa, 9 K",2.6020599913279625,9.0,0.0003,8.5,17.5
1511.04938v1.pdf,22,FeSe,"1.22 GPa, 9 K",2.4771212547196626,9.0,0.0004,8.5,17.5
1511.04938v1.pdf,22,FeSe,"1.22 GPa, 9 K",2.3010299956639813,9.0,0.0005,8.5,17.5
1511.04938v1.pdf,22,FeSe,"1.22 GPa, 9 K",2.0,9.0,0.0006,8.5,17.5
1511.04938v1.pdf,22,FeSe,"1.22 GPa, 9 K",1.6989700043360187,9.0,0.0007,8.5,17.5
1511.04938v1.pdf,22,FeSe,"1.22 GPa, 9 K",1.3979400086720375,9.0,0.0008,8.5,17.5
1511.04938v1.pdf,22,FeSe,"1.22 GPa, 9 K",1.0,9.0,0.0009,8.5,17.5
1511.04938v1.pdf,22,FeSe,"2.00 GPa, 2 K",3.3010299956639813,2.0,0.0,8.5,17.5
1511.04938v1.pdf,22,FeSe,"2.00 GPa, 2 K",3.255272505103306,2.0,0.0001,8.5,17.5
1511.04938v1.pdf,22,FeSe,"2.00 GPa, 2 K",3.204119982655925,2.0,0.0002,8.5,17.5
1511.04938v1.pdf,22,FeSe,"2.00 GPa, 2 K",3.146128035678238,2.0,0.0003,8.5,17.5
1511.04938v1.pdf,22,FeSe,"2.00 GPa, 2 K",3.0791812460476247,2.0,0.0004,8.5,17.5
1511.04938v1.pdf,22,FeSe,"2.00 GPa, 2 K",3.0,2.0,0.0005,8.5,17.5
1511.04938v1.pdf,22,FeSe,"2.00 GPa, 2 K",2.903089986991944,2.0,0.0006,8.5,17.5
1511.04938v1.pdf,22,FeSe,"2.00 GPa, 2 K",2.7781512503836434,2.0,0.0007,8.5,17.5
1511.04938v1.pdf,22,FeSe,"2.00 GPa, 2 K",2.6020599913279625,2.0,0.0008,8.5,17.5
1511.04938v1.pdf,22,FeSe,"2.00 GPa, 2 K",2.3010299956639813,2.0,0.0009,8.5,17.5
1511.04938v1.pdf,22,FeSe,"2.00 GPa, 4 K",3.255272505103306,4.0,0.0,8.5,17.5
1511.04938v1.pdf,22,FeSe,"2.00 GPa, 4 K",3.204119982655925,4.0,0.0001,8.5,17.5
1511.04938v1.pdf,22,FeSe,"2.00 GPa, 4 K",3.146128035678238,4.0,0.0002,8.5,17.5
1511.04938v1.pdf,22,FeSe,"2.00 GPa, 4 K",3.0791812460476247,4.0,0.0003,8.5,17.5
1511.04938v1.pdf,22,FeSe,"2.00 GPa, 4 K",3.0,4.0,0.0004,8.5,17.5
1511.04938v1.pdf,22,FeSe,"2.00 GPa, 4 K",2.903089986991944,4.0,0.0005,8.5,17.5
1511.04938v1.pdf,22,FeSe,"2.00 GPa, 4 K",2.7781512503836434,4.0,0.0006,8.5,17.5
1511.04938v1.pdf,22,FeSe,"2.00 GPa, 4 K",2.6020599913279625,4.0,0.0007,8.5,17.5
1511.04938v1.pdf,22,FeSe,"2.00 GPa, 4 K",2.3010299956639813,4.0,0.0008,8.5,17.5
1511.04938v1.pdf,22,FeSe,"2.00 GPa, 4 K",2.0,4.0,0.0009,8.5,17.5
1511.04938v1.pdf,22,FeSe,"2.00 GPa, 7 K",3.204119982655925,7.0,0.0,8.5,17.5
1511.04938v1.pdf,22,FeSe,"2.00 GPa, 7 K",3.146128035678238,7.0,0.0001,8.5,17.5
1511.04938v1.pdf,22,FeSe,"2.00 GPa, 7 K",3.0791812460476247,7.0,0.0002,8.5,17.5
1511.04938v1.pdf,22,FeSe,"2.00 GPa, 7 K",3.0,7.0,0.0003,8.5,17.5
1511.04938v1.pdf,22,FeSe,"2.00 GPa, 7 K",2.903089986991944,7.0,0.0004,8.5,17.5
1511.04938v1.pdf,22,FeSe,"2.00 GPa, 7 K",2.7781512503836434,7.0,0.0005,8.5,17.5
1511.04938v1.pdf,22,FeSe,"2.00 GPa, 7 K",2.6020599913279625,7.0,0.0006,8.5,17.5
1511.04938v1.pdf,22,FeSe,"2.00 GPa, 7 K",2.3010299956639813,7.0,0.0007,8.5,17.5
1511.04938v1.pdf,22,FeSe,"2.00 GPa, 7 K",2.0,7.0,0.0008,8.5,17.5
1511.04938v1.pdf,22,FeSe,"2.00 GPa, 7 K",1.6989700043360187,7.0,0.0009,8.5,17.5
1511.04938v1.pdf,22,FeSe,"2.00 GPa, 9 K",3.146128035678238,9.0,0.0,8.5,17.5
1511.04938v1.pdf,22,FeSe,"2.00 GPa, 9 K",3.0791812460476247,9.0,0.0001,8.5,17.5
1511.04938v1.pdf,22,FeSe,"2.00 GPa, 9 K",3.0,9.0,0.0002,8.5,17.5
1511.04938v1.pdf,22,FeSe,"2.00 GPa, 9 K",2.903089986991944,9.0,0.0003,8.5,17.5
1511.04938v1.pdf,22,FeSe,"2.00 GPa, 9 K",2.7781512503836434,9.0,0.0004,8.5,17.5
1511.04938v1.pdf,22,FeSe,"2.00 GPa, 9 K",2.6020599913279625,9.0,0.0005,8.5,17.5
1511.04938v1.pdf,22,FeSe,"2.00 GPa, 9 K",2.3010299956639813,9.0,0.0006,8.5,17.5
1511.04938v1.pdf,22,FeSe,"2.00 GPa, 9 K",2.0,9.0,0.0007,8.5,17.5
1511.04938v1.pdf,22,FeSe,"2.00 GPa, 9 K",1.6989700043360187,9.0,0.0008,8.5,17.5
1511.04938v1.pdf,22,FeSe,"2.00 GPa, 9 K",1.3979400086720375,9.0,0.0009,8.5,17.5
1511.04938v1.pdf,22,FeSe,"2.00 GPa, 12 K",3.0791812460476247,12.0,0.0,8.5,17.5
1511.04938v1.pdf,22,FeSe,"2.00 GPa, 12 K",3.0,12.0,0.0001,8.5,17.5
1511.04938v1.pdf,22,FeSe,"2.00 GPa, 12 K",2.903089986991944,12.0,0.0002,8.5,17.5
1511.04938v1.pdf,22,FeSe,"2.00 GPa, 12 K",2.7781512503836434,12.0,0.0003,8.5,17.5
1511.04938v1.pdf,22,FeSe,"2.00 GPa, 12 K",2.6020599913279625,12.0,0.0004,8.5,17.5
1511.04938v1.pdf,22,FeSe,"2.00 GPa, 12 K",2.3010299956639813,12.0,0.0005,8.5,17.5
1511.04938v1.pdf,22,FeSe,"2.00 GPa, 12 K",2.0,12.0,0.0006,8.5,17.5
1511.04938v1.pdf,22,FeSe,"2.00 GPa, 12 K",1.6989700043360187,12.0,0.0007,8.5,17.5
1511.04938v1.pdf,22,FeSe,"2.00 GPa, 12 K",1.3979400086720375,12.0,0.0008,8.5,17.5
1511.04938v1.pdf,22,FeSe,"2.00 GPa, 12 K",1.0,12.0,0.0009,8.5,17.5
1511.04938v1.pdf,22,FeSe,"2.00 GPa, 14 K",3.0,14.0,0.0,8.5,17.5
1511.04938v1.pdf,22,FeSe,"2.00 GPa, 14 K",2.903089986991944,14.0,0.0001,8.5,17.5
1511.04938v1.pdf,22,FeSe,"2.00 GPa, 14 K",2.7781512503836434,14.0,0.0002,8.5,17.5
1511.04938v1.pdf,22,FeSe,"2.00 GPa, 14 K",2.6020599913279625,14.0,0.0003,8.5,17.5
1511.04938v1.pdf,22,FeSe,"2.00 GPa, 14 K",2.3010299956639813,14.0,0.0004,8.5,17.5
1511.04938v1.pdf,22,FeSe,"2.00 GPa, 14 K",2.0,14.0,0.0005,8.5,17.5
1511.04938v1.pdf,22,FeSe,"2.00 GPa, 14 K",1.6989700043360187,14.0,0.0006,8.5,17.5
1511.04938v1.pdf,22,FeSe,"2.00 GPa, 14 K",1.3979400086720375,14.0,0.0007,8.5,17.5
1511.04938v1.pdf,22,FeSe,"2.00 GPa, 14 K",1.0,14.0,0.0008,8.5,17.5
1511.04938v1.pdf,22,FeSe,"2.00 GPa, 14 K",0.6989700043360189,14.0,0.0009,8.5,17.5
1511.04938v1.pdf,22,FeSe,"2.43 GPa, 2 K",3.4771212547196626,2.0,0.0,8.5,17.5
1511.04938v1.pdf,22,FeSe,"2.43 GPa, 2 K",3.431363764158988,2.0,0.0001,8.5,17.5
1511.04938v1.pdf,22,FeSe,"2.43 GPa, 2 K",3.380211241711606,2.0,0.0002,8.5,17.5
1511.04938v1.pdf,22,FeSe,"2.43 GPa, 2 K",3.322219294733919,2.0,0.0003,8.5,17.5
1511.04938v1.pdf,22,FeSe,"2.43 GPa, 2 K",3.255272505103306,2.0,0.0004,8.5,17.5
1511.04938v1.pdf,22,FeSe,"2.43 GPa, 2 K",3.1760912590556813,2.0,0.0005,8.5,17.5
1511.04938v1.pdf,22,FeSe,"2.43 GPa, 2 K",3.0791812460476247,2.0,0.0006,8.5,17.5
1511.04938v1.pdf,22,FeSe,"2.43 GPa, 2 K",2.9542425094393248,2.0,0.0007,8.5,17.5
1511.04938v1.pdf,22,FeSe,"2.43 GPa, 2 K",2.7781512503836434,2.0,0.0008,8.5,17.5
1511.04938v1.pdf,22,FeSe,"2.43 GPa, 2 K",2.4771212547196626,2.0,0.0009,8.5,17.5
1511.04938v1.pdf,22,FeSe,"2.43 GPa, 4 K",3.431363764158988,4.0,0.0,8.5,17.5
1511.04938v1.pdf,22,FeSe,"2.43 GPa, 4 K",3.380211241711606,4.0,0.0001,8.5,17.5
1511.04938v1.pdf,22,FeSe,"2.43 GPa, 4 K",3.322219294733919,4.0,0.0002,8.5,17.5
1511.04938v1.pdf,22,FeSe,"2.43 GPa, 4 K",3.255272505103306,4.0,0.0003,8.5,17.5
1511.04938v1.pdf,22,FeSe,"2.43 GPa, 4 K",3.1760912590556813,4.0,0.0004,8.5,17.5
1511.04938v1.pdf,22,FeSe,"2.43 GPa, 4 K",3.0791812460476247,4.0,0.0005,8.5,17.5
1511.04938v1.pdf,22,FeSe,"2.43 GPa, 4 K",2.9542425094393248,4.0,0.0006,8.5,17.5
1511.04938v1.pdf,22,FeSe,"2.43 GPa, 4 K",2.7781512503836434,4.0,0.0007,8.5,17.5
1511.04938v1.pdf,22,FeSe,"2.43 GPa, 4 K",2.4771212547196626,4.0,0.0008,8.5,17.5
1511.04938v1.pdf,22,FeSe,"2.43 GPa, 4 K",2.1760912590556813,4.0,0.0009,8.5,17.5
1511.04938v1.pdf,22,FeSe,"2.43 GPa, 7 K",3.380211241711606,7.0,0.0,8.5,17.5
1511.04938v1.pdf,22,FeSe,"2.43 GPa, 7 K",3.322219294733919,7.0,0.0001,8.5,17.5
1511.04938v1.pdf,22,FeSe,"2.43 GPa, 7 K",3.255272505103306,7.0,0.0002,8.5,17.5
1511.04938v1.pdf,22,FeSe,"2.43 GPa, 7 K",3.1760912590556813,7.0,0.0003,8.5,17.5
1511.04938v1.pdf,22,FeSe,"2.43 GPa, 7 K",3.0791812460476247,7.0,0.0004,8.5,17.5
1511.04938v1.pdf,22,FeSe,"2.43 GPa, 7 K",2.9542425094393248,7.0,0.0005,8.5,17.5
1511.04938v1.pdf,22,FeSe,"2.43 GPa, 7 K",2.7781512503836434,7.0,0.0006,8.5,17.5
1511.04938v1.pdf,22,FeSe,"2.43 GPa, 7 K",2.4771212547196626,7.0,0.0007,8.5,17.5
1511.04938v1.pdf,22,FeSe,"2.43 GPa, 7 K",2.1760912590556813,7.0,0.0008,8.5,17.5
1511.04938v1.pdf,22,FeSe,"2.43 GPa, 7 K",1.8750612633917,7.0,0.0009,8.5,17.5
1511.04938v1.pdf,22,FeSe,"2.43 GPa, 9 K",3.322219294733919,9.0,0.0,8.5,17.5
1511.04938v1.pdf,22,FeSe,"2.43 GPa, 9 K",3.255272505103306,9.0,0.0001,8.5,17.5
1511.04938v1.pdf,22,FeSe,"2.43 GPa, 9 K",3.1760912590556813,9.0,0.0002,8.5,17.5
1511.04938v1.pdf,22,FeSe,"2.43 GPa, 9 K",3.0791812460476247,9.0,0.0003,8.5,17.5
1511.04938v1.pdf,22,FeSe,"2.43 GPa, 9 K",2.9542425094393248,9.0,0.0004,8.5,17.5
1511.04938v1.pdf,22,FeSe,"2.43 GPa, 9 K",2.7781512503836434,9.0,0.0005,8.5,17.5
1511.04938v1.pdf,22,FeSe,"2.43 GPa, 9 K",2.4771212547196626,9.0,0.0006,8.5,17.5
1511.04938v1.pdf,22,FeSe,"2.43 GPa, 9 K",2.1760912590556813,9.0,0.0007,8.5,17.5
1511.04938v1.pdf,22,FeSe,"2.43 GPa, 9 K",1.8750612633917,9.0,0.0008,8.5,17.5
1511.04938v1.pdf,22,FeSe,"2.43 GPa, 9 K",1.4771212547196624,9.0,0.0009,8.5,17.5
1511.04938v1.pdf,22,FeSe,"2.43 GPa, 12 K",3.255272505103306,12.0,0.0,8.5,17.5
1511.04938v1.pdf,22,FeSe,"2.43 GPa, 12 K",3.1760912590556813,12.0,0.0001,8.5,17.5
1511.04938v1.pdf,22,FeSe,"2.43 GPa, 12 K",3.0791812460476247,12.0,0.0002,8.5,17.5
1511.04938v1.pdf,22,FeSe,"2.43 GPa, 12 K",2.9542425094393248,12.0,0.0003,8.5,17.5
1511.04938v1.pdf,22,FeSe,"2.43 GPa, 12 K",2.7781512503836434,12.0,0.0004,8.5,17.5
1511.04938v1.pdf,22,FeSe,"2.43 GPa, 12 K",2.4771212547196626,12.0,0.0005,8.5,17.5
1511.04938v1.pdf,22,FeSe,"2.43 GPa, 12 K",2.1760912590556813,12.0,0.0006,8.5,17.5
1511.04938v1.pdf,22,FeSe,"2.43 GPa, 12 K",1.8750612633917,12.0,0.0007,8.5,17.5
1511.04938v1.pdf,22,FeSe,"2.43 GPa, 12 K",1.4771212547196624,12.0,0.0008,8.5,17.5
1511.04938v1.pdf,22,FeSe,"2.43 GPa, 12 K",1.1760912590556811,12.0,0.0009,8.5,17.5
1511.04938v1.pdf,22,FeSe,"2.43 GPa, 14 K",3.1760912590556813,14.0,0.0,8.5,17.5
1511.04938v1.pdf,22,FeSe,"2.43 GPa, 14 K",3.0791812460476247,14.0,0.0001,8.5,17.5
1511.04938v1.pdf,22,FeSe,"2.43 GPa, 14 K",2.9542425094393248,14.0,0.0002,8.5,17.5
1511.04938v1.pdf,22,FeSe,"2.43 GPa, 14 K",2.7781512503836434,14.0,0.0003,8.5,17.5
1511.04938v1.pdf,22,FeSe,"2.43 GPa, 14 K",2.4771212547196626,14.0,0.0004,8.5,17.5
1511.04938v1.pdf,22,FeSe,"2.43 GPa, 14 K",2.1760912590556813,14.0,0.0005,8.5,17.5
1511.04938v1.pdf,22,FeSe,"2.43 GPa, 14 K",1.8750612633917,14.0,0.0006,8.5,17.5
1511.04938v1.pdf,22,FeSe,"2.43 GPa, 14 K",1.4771212547196624,14.0,0.0007,8.5,17.5
1511.04938v1.pdf,22,FeSe,"2.43 GPa, 14 K",1.1760912590556811,14.0,0.0008,8.5,17.5
1511.04938v1.pdf,22,FeSe,"2.43 GPa, 14 K",0.8450980400142568,14.0,0.0009,8.5,17.5
1611.08455v1.pdf,20,Fe2TeSe,7 K,4.0,7.0,0.0,14.0,50.0
1611.08455v1.pdf,20,Fe2TeSe,7 K,3.903089986991944,7.0,0.5,14.0,50.0
1611.08455v1.pdf,20,Fe2TeSe,7 K,3.7781512503836434,7.0,1.0,14.0,50.0
1611.08455v1.pdf,20,Fe2TeSe,7 K,3.6020599913279625,7.0,1.5,14.0,50.0
1611.08455v1.pdf,20,Fe2TeSe,7 K,3.4771212547196626,7.0,2.0,14.0,50.0
1611.08455v1.pdf,20,Fe2TeSe,7 K,3.3010299956639813,7.0,2.5,14.0,50.0
1611.08455v1.pdf,20,Fe2TeSe,7 K,3.1760912590556813,7.0,3.0,14.0,50.0
1611.08455v1.pdf,20,Fe2TeSe,7 K,3.0,7.0,3.5,14.0,50.0
1611.08455v1.pdf,20,Fe2TeSe,7 K,2.903089986991944,7.0,4.0,14.0,50.0
1611.08455v1.pdf,20,Fe2TeSe,7 K,2.7781512503836434,7.0,4.5,14.0,50.0
1611.08455v1.pdf,20,Fe2TeSe,7 K,2.6020599913279625,7.0,5.0,14.0,50.0
1611.08455v1.pdf,20,Fe2TeSe,7 K,2.4771212547196626,7.0,5.5,14.0,50.0
1611.08455v1.pdf,20,Fe2TeSe,7 K,2.3010299956639813,7.0,6.0,14.0,50.0
1611.08455v1.pdf,20,Fe2TeSe,7 K,2.0,7.0,6.5,14.0,50.0
1611.08455v1.pdf,20,Fe2TeSe,7 K,1.6989700043360187,7.0,7.0,14.0,50.0
1611.08455v1.pdf,20,Fe2TeSe,8 K,3.9542425094393248,8.0,0.0,14.0,50.0
1611.08455v1.pdf,20,Fe2TeSe,8 K,3.845098040014257,8.0,0.5,14.0,50.0
1611.08455v1.pdf,20,Fe2TeSe,8 K,3.6989700043360174,8.0,1.0,14.0,50.0
1611.08455v1.pdf,20,Fe2TeSe,8 K,3.544068044350276,8.0,1.5,14.0,50.0
1611.08455v1.pdf,20,Fe2TeSe,8 K,3.397940008672037,8.0,2.0,14.0,50.0
1611.08455v1.pdf,20,Fe2TeSe,8 K,3.255272505103306,8.0,2.5,14.0,50.0
1611.08455v1.pdf,20,Fe2TeSe,8 K,3.0791812460476247,8.0,3.0,14.0,50.0
1611.08455v1.pdf,20,Fe2TeSe,8 K,2.9542425094393248,8.0,3.5,14.0,50.0
1611.08455v1.pdf,20,Fe2TeSe,8 K,2.845098040014257,8.0,4.0,14.0,50.0
1611.08455v1.pdf,20,Fe2TeSe,8 K,2.6989700043360187,8.0,4.5,14.0,50.0
1611.08455v1.pdf,20,Fe2TeSe,8 K,2.544068044350276,8.0,5.0,14.0,50.0
1611.08455v1.pdf,20,Fe2TeSe,8 K,2.397940008672037,8.0,5.5,14.0,50.0
1611.08455v1.pdf,20,Fe2TeSe,8 K,2.1760912590556813,8.0,6.0,14.0,50.0
1611.08455v1.pdf,20,Fe2TeSe,8 K,1.9030899869919435,8.0,6.5,14.0,50.0
1611.08455v1.pdf,20,Fe2TeSe,8 K,1.6020599913279625,8.0,7.0,14.0,50.0
1611.08455v1.pdf,20,Fe2TeSe,9 K,3.903089986991944,9.0,0.0,14.0,50.0
1611.08455v1.pdf,20,Fe2TeSe,9 K,3.7781512503836434,9.0,0.5,14.0,50.0
1611.08455v1.pdf,20,Fe2TeSe,9 K,3.6020599913279625,9.0,1.0,14.0,50.0
1611.08455v1.pdf,20,Fe2TeSe,9 K,3.4771212547196626,9.0,1.5,14.0,50.0
1611.08455v1.pdf,20,Fe2TeSe,9 K,3.3010299956639813,9.0,2.0,14.0,50.0
1611.08455v1.pdf,20,Fe2TeSe,9 K,3.1760912590556813,9.0,2.5,14.0,50.0
1611.08455v1.pdf,20,Fe2TeSe,9 K,3.0,9.0,3.0,14.0,50.0
1611.08455v1.pdf,20,Fe2TeSe,9 K,2.903089986991944,9.0,3.5,14.0,50.0
1611.08455v1.pdf,20,Fe2TeSe,9 K,2.7781512503836434,9.0,4.0,14.0,50.0
1611.08455v1.pdf,20,Fe2TeSe,9 K,2.6020599913279625,9.0,4.5,14.0,50.0
1611.08455v1.pdf,20,Fe2TeSe,9 K,2.4771212547196626,9.0,5.0,14.0,50.0
1611.08455v1.pdf,20,Fe2TeSe,9 K,2.3010299956639813,9.0,5.5,14.0,50.0
1611.08455v1.pdf,20,Fe2TeSe,9 K,2.0,9.0,6.0,14.0,50.0
1611.08455v1.pdf,20,Fe2TeSe,9 K,1.6989700043360187,9.0,6.5,14.0,50.0
1611.08455v1.pdf,20,Fe2TeSe,9 K,1.4771212547196624,9.0,7.0,14.0,50.0
1611.08455v1.pdf,20,Fe2TeSe,10 K,3.845098040014257,10.0,0.0,14.0,50.0
1611.08455v1.pdf,20,Fe2TeSe,10 K,3.6989700043360174,10.0,0.5,14.0,50.0
1611.08455v1.pdf,20,Fe2TeSe,10 K,3.544068044350276,10.0,1.0,14.0,50.0
1611.08455v1.pdf,20,Fe2TeSe,10 K,3.397940008672037,10.0,1.5,14.0,50.0
1611.08455v1.pdf,20,Fe2TeSe,10 K,3.255272505103306,10.0,2.0,14.0,50.0
1611.08455v1.pdf,20,Fe2TeSe,10 K,3.0791812460476247,10.0,2.5,14.0,50.0
1611.08455v1.pdf,20,Fe2TeSe,10 K,2.9542425094393248,10.0,3.0,14.0,50.0
1611.08455v1.pdf,20,Fe2TeSe,10 K,2.845098040014257,10.0,3.5,14.0,50.0
1611.08455v1.pdf,20,Fe2TeSe,10 K,2.6989700043360187,10.0,4.0,14.0,50.0
1611.08455v1.pdf,20,Fe2TeSe,10 K,2.544068044350276,10.0,4.5,14.0,50.0
1611.08455v1.pdf,20,Fe2TeSe,10 K,2.397940008672037,10.0,5.0,14.0,50.0
1611.08455v1.pdf,20,Fe2TeSe,10 K,2.1760912590556813,10.0,5.5,14.0,50.0
1611.08455v1.pdf,20,Fe2TeSe,10 K,1.9030899869919435,10.0,6.0,14.0,50.0
1611.08455v1.pdf,20,Fe2TeSe,10 K,1.6020599913279625,10.0,6.5,14.0,50.0
1611.08455v1.pdf,20,Fe2TeSe,10 K,1.3010299956639813,10.0,7.0,14.0,50.0
1611.08455v1.pdf,20,Fe2TeSe,11 K,3.7781512503836434,11.0,0.0,14.0,50.0
1611.08455v1.pdf,20,Fe2TeSe,11 K,3.6020599913279625,11.0,0.5,14.0,50.0
1611.08455v1.pdf,20,Fe2TeSe,11 K,3.4771212547196626,11.0,1.0,14.0,50.0
1611.08455v1.pdf,20,Fe2TeSe,11 K,3.3010299956639813,11.0,1.5,14.0,50.0
1611.08455v1.pdf,20,Fe2TeSe,11 K,3.1760912590556813,11.0,2.0,14.0,50.0
1611.08455v1.pdf,20,Fe2TeSe,11 K,3.0,11.0,2.5,14.0,50.0
1611.08455v1.pdf,20,Fe2TeSe,11 K,2.845098040014257,11.0,3.0,14.0,50.0
1611.08455v1.pdf,20,Fe2TeSe,11 K,2.6989700043360187,11.0,3.5,14.0,50.0
1611.08455v1.pdf,20,Fe2TeSe,11 K,2.544068044350276,11.0,4.0,14.0,50.0
1611.08455v1.pdf,20,Fe2TeSe,11 K,2.397940008672037,11.0,4.5,14.0,50.0
1611.08455v1.pdf,20,Fe2TeSe,11 K,2.1760912590556813,11.0,5.0,14.0,50.0
1611.08455v1.pdf,20,Fe2TeSe,11 K,2.0,11.0,5.5,14.0,50.0
1611.08455v1.pdf,20,Fe2TeSe,11 K,1.6989700043360187,11.0,6.0,14.0,50.0
1611.08455v1.pdf,20,Fe2TeSe,11 K,1.4771212547196624,11.0,6.5,14.0,50.0
1611.08455v1.pdf,20,Fe2TeSe,11 K,1.0,11.0,7.0,14.0,50.0
1712.02558v1.pdf,8,Fe2TeSe,T=4.2 K,6.0,4.2,0.0,14.0,50.0
1712.02558v1.pdf,8,Fe2TeSe,T=4.2 K,5.903089986991944,4.2,1.0,14.0,50.0
1712.02558v1.pdf,8,Fe2TeSe,T=4.2 K,5.778151250383644,4.2,2.0,14.0,50.0
1712.02558v1.pdf,8,Fe2TeSe,T=4.2 K,5.698970004336019,4.2,3.0,14.0,50.0
1712.02558v1.pdf,8,Fe2TeSe,T=4.2 K,5.6020599913279625,4.2,4.0,14.0,50.0
1712.02558v1.pdf,8,Fe2TeSe,T=4.2 K,5.544068044350276,4.2,5.0,14.0,50.0
1712.02558v1.pdf,8,Fe2TeSe,T=4.2 K,5.477121254719663,4.2,6.0,14.0,50.0
1712.02558v1.pdf,8,Fe2TeSe,T=4.2 K,5.3979400086720375,4.2,7.0,14.0,50.0
1712.02558v1.pdf,8,Fe2TeSe,T=4.2 K,5.301029995663981,4.2,8.0,14.0,50.0
1712.02558v1.pdf,8,Fe2TeSe,T=4.2 K,5.2552725051033065,4.2,9.0,14.0,50.0
1712.02558v1.pdf,8,Fe2TeSe,T=4.2 K,5.204119982655925,4.2,10.0,14.0,50.0
1712.02558v1.pdf,8,Fe2TeSe,T=4.2 K,5.146128035678238,4.2,11.0,14.0,50.0
1712.02558v1.pdf,8,Fe2TeSe,T=4.2 K,5.113943352306837,4.2,12.0,14.0,50.0
1712.02558v1.pdf,8,Fe2TeSe,T=4.2 K,5.079181246047625,4.2,13.0,14.0,50.0
1712.02558v1.pdf,8,Fe2TeSe,T=4.2 K,5.041392685158225,4.2,14.0,14.0,50.0
1712.02558v1.pdf,8,Fe2TeSe,T=4.2 K,5.0,4.2,15.0,14.0,50.0
1712.02558v1.pdf,8,Fe2TeSe,T=4.2 K,4.954242509439325,4.2,16.0,14.0,50.0
1712.02558v1.pdf,8,Fe2TeSe,T=8 K,5.903089986991944,8.0,0.0,14.0,50.0
1712.02558v1.pdf,8,Fe2TeSe,T=8 K,5.845098040014257,8.0,1.0,14.0,50.0
1712.02558v1.pdf,8,Fe2TeSe,T=8 K,5.778151250383644,8.0,2.0,14.0,50.0
1712.02558v1.pdf,8,Fe2TeSe,T=8 K,5.698970004336019,8.0,3.0,14.0,50.0
1712.02558v1.pdf,8,Fe2TeSe,T=8 K,5.6020599913279625,8.0,4.0,14.0,50.0
1712.02558v1.pdf,8,Fe2TeSe,T=8 K,5.544068044350276,8.0,5.0,14.0,50.0
1712.02558v1.pdf,8,Fe2TeSe,T=8 K,5.477121254719663,8.0,6.0,14.0,50.0
1712.02558v1.pdf,8,Fe2TeSe,T=8 K,5.3979400086720375,8.0,7.0,14.0,50.0
1712.02558v1.pdf,8,Fe2TeSe,T=8 K,5.301029995663981,8.0,8.0,14.0,50.0
1712.02558v1.pdf,8,Fe2TeSe,T=8 K,5.2552725051033065,8.0,9.0,14.0,50.0
1712.02558v1.pdf,8,Fe2TeSe,T=8 K,5.204119982655925,8.0,10.0,14.0,50.0
1712.02558v1.pdf,8,Fe2TeSe,T=8 K,5.176091259055681,8.0,11.0,14.0,50.0
1712.02558v1.pdf,8,Fe2TeSe,T=8 K,5.146128035678238,8.0,12.0,14.0,50.0
1712.02558v1.pdf,8,Fe2TeSe,T=8 K,5.113943352306837,8.0,13.0,14.0,50.0
1712.02558v1.pdf,8,Fe2TeSe,T=8 K,5.079181246047625,8.0,14.0,14.0,50.0
1712.02558v1.pdf,8,Fe2TeSe,T=8 K,5.041392685158225,8.0,15.0,14.0,50.0
1712.02558v1.pdf,8,Fe2TeSe,T=8 K,5.0,8.0,16.0,14.0,50.0
1712.02558v1.pdf,8,Fe2TeSe,T=12 K,5.778151250383644,12.0,0.0,14.0,50.0
1712.02558v1.pdf,8,Fe2TeSe,T=12 K,5.698970004336019,12.0,1.0,14.0,50.0
1712.02558v1.pdf,8,Fe2TeSe,T=12 K,5.6020599913279625,12.0,2.0,14.0,50.0
1712.02558v1.pdf,8,Fe2TeSe,T=12 K,5.544068044350276,12.0,3.0,14.0,50.0
1712.02558v1.pdf,8,Fe2TeSe,T=12 K,5.477121254719663,12.0,4.0,14.0,50.0
1712.02558v1.pdf,8,Fe2TeSe,T=12 K,5.3979400086720375,12.0,5.0,14.0,50.0
1712.02558v1.pdf,8,Fe2TeSe,T=12 K,5.301029995663981,12.0,6.0,14.0,50.0
1712.02558v1.pdf,8,Fe2TeSe,T=12 K,5.2552725051033065,12.0,7.0,14.0,50.0
1712.02558v1.pdf,8,Fe2TeSe,T=12 K,5.204119982655925,12.0,8.0,14.0,50.0
1712.02558v1.pdf,8,Fe2TeSe,T=12 K,5.176091259055681,12.0,9.0,14.0,50.0
1712.02558v1.pdf,8,Fe2TeSe,T=12 K,5.146128035678238,12.0,10.0,14.0,50.0
1712.02558v1.pdf,8,Fe2TeSe,T=12 K,5.113943352306837,12.0,11.0,14.0,50.0
1712.02558v1.pdf,8,Fe2TeSe,T=12 K,5.079181246047625,12.0,12.0,14.0,50.0
1712.02558v1.pdf,8,Fe2TeSe,T=12 K,5.041392685158225,12.0,13.0,14.0,50.0
1712.02558v1.pdf,8,Fe2TeSe,T=12 K,5.0,12.0,14.0,14.0,50.0
1712.02558v1.pdf,8,Fe2TeSe,T=12 K,4.954242509439325,12.0,15.0,14.0,50.0
1712.02558v1.pdf,8,Fe2TeSe,T=12 K,4.903089986991944,12.0,16.0,14.0,50.0
1801.04972v1.pdf,6,Ba(FeAs)2,10 K,6.845098040014257,10.0,1e-05,30.0,60.0
1801.04972v1.pdf,6,Ba(FeAs)2,10 K,6.778151250383644,10.0,5e-05,30.0,60.0
1801.04972v1.pdf,6,Ba(FeAs)2,10 K,6.698970004336019,10.0,0.0001,30.0,60.0
1801.04972v1.pdf,6,Ba(FeAs)2,10 K,6.6020599913279625,10.0,0.00015,30.0,60.0
1801.04972v1.pdf,6,Ba(FeAs)2,10 K,6.544068044350276,10.0,0.0002,30.0,60.0
1801.04972v1.pdf,6,Ba(FeAs)2,10 K,6.477121254719663,10.0,0.00025,30.0,60.0
1801.04972v1.pdf,6,Ba(FeAs)2,10 K,6.3979400086720375,10.0,0.0003,30.0,60.0
1801.04972v1.pdf,6,Ba(FeAs)2,10 K,6.301029995663981,10.0,0.00035,30.0,60.0
1801.04972v1.pdf,6,Ba(FeAs)2,10 K,6.2552725051033065,10.0,0.0004,30.0,60.0
1801.04972v1.pdf,6,Ba(FeAs)2,10 K,6.204119982655925,10.0,0.00045,30.0,60.0
1801.04972v1.pdf,6,Ba(FeAs)2,10 K,6.176091259055681,10.0,0.0005,30.0,60.0
1801.04972v1.pdf,6,Ba(FeAs)2,10 K,6.146128035678238,10.0,0.00055,30.0,60.0
1801.04972v1.pdf,6,Ba(FeAs)2,10 K,6.113943352306837,10.0,0.0006,30.0,60.0
1801.04972v1.pdf,6,Ba(FeAs)2,10 K,6.079181246047625,10.0,0.00065,30.0,60.0
1801.04972v1.pdf,6,Ba(FeAs)2,10 K,6.041392685158225,10.0,0.0007,30.0,60.0
1801.04972v1.pdf,6,Ba(FeAs)2,10 K,6.021189299069938,10.0,0.00075,30.0,60.0
1801.04972v1.pdf,6,Ba(FeAs)2,10 K,6.008600171761918,10.0,0.0008,30.0,60.0
1801.04972v1.pdf,6,Ba(FeAs)2,10 K,6.004321373782642,10.0,0.00085,30.0,60.0
1801.04972v1.pdf,6,Ba(FeAs)2,10 K,6.0,10.0,0.0009,30.0,60.0
1801.04972v1.pdf,6,Ba(FeAs)2,16 K,6.698970004336019,16.0,1e-05,30.0,60.0
1801.04972v1.pdf,6,Ba(FeAs)2,16 K,6.653212513775344,16.0,5e-05,30.0,60.0
1801.04972v1.pdf,6,Ba(FeAs)2,16 K,6.6020599913279625,16.0,0.0001,30.0,60.0
1801.04972v1.pdf,6,Ba(FeAs)2,16 K,6.544068044350276,16.0,0.00015,30.0,60.0
1801.04972v1.pdf,6,Ba(FeAs)2,16 K,6.477121254719663,16.0,0.0002,30.0,60.0
1801.04972v1.pdf,6,Ba(FeAs)2,16 K,6.3979400086720375,16.0,0.00025,30.0,60.0
1801.04972v1.pdf,6,Ba(FeAs)2,16 K,6.301029995663981,16.0,0.0003,30.0,60.0
1801.04972v1.pdf,6,Ba(FeAs)2,16 K,6.2552725051033065,16.0,0.00035,30.0,60.0
1801.04972v1.pdf,6,Ba(FeAs)2,16 K,6.204119982655925,16.0,0.0004,30.0,60.0
1801.04972v1.pdf,6,Ba(FeAs)2,16 K,6.176091259055681,16.0,0.00045,30.0,60.0
1801.04972v1.pdf,6,Ba(FeAs)2,16 K,6.146128035678238,16.0,0.0005,30.0,60.0
1801.04972v1.pdf,6,Ba(FeAs)2,16 K,6.113943352306837,16.0,0.00055,30.0,60.0
1801.04972v1.pdf,6,Ba(FeAs)2,16 K,6.079181246047625,16.0,0.0006,30.0,60.0
1801.04972v1.pdf,6,Ba(FeAs)2,16 K,6.060697840353612,16.0,0.00065,30.0,60.0
1801.04972v1.pdf,6,Ba(FeAs)2,16 K,6.041392685158225,16.0,0.0007,30.0,60.0
1801.04972v1.pdf,6,Ba(FeAs)2,16 K,6.033423755486949,16.0,0.00075,30.0,60.0
1801.04972v1.pdf,6,Ba(FeAs)2,16 K,6.021189299069938,16.0,0.0008,30.0,60.0
1801.04972v1.pdf,6,Ba(FeAs)2,16 K,6.008600171761918,16.0,0.00085,30.0,60.0
1801.04972v1.pdf,6,Ba(FeAs)2,16 K,6.0,16.0,0.0009,30.0,60.0
1903.00866v2.pdf,15,K(FeAs)2,2 K,6.0,2.0,0.0,32.0,10.0
1903.00866v2.pdf,15,K(FeAs)2,2 K,5.903089986991944,2.0,0.0005,32.0,10.0
1903.00866v2.pdf,15,K(FeAs)2,2 K,5.778151250383644,2.0,0.001,32.0,10.0
1903.00866v2.pdf,15,K(FeAs)2,2 K,5.698970004336019,2.0,0.0015,32.0,10.0
1903.00866v2.pdf,15,K(FeAs)2,2 K,5.6020599913279625,2.0,0.002,32.0,10.0
1903.00866v2.pdf,15,K(FeAs)2,2 K,5.544068044350276,2.0,0.0025,32.0,10.0
1903.00866v2.pdf,15,K(FeAs)2,2 K,5.477121254719663,2.0,0.003,32.0,10.0
1903.00866v2.pdf,15,K(FeAs)2,2 K,5.3979400086720375,2.0,0.0035,32.0,10.0
1903.00866v2.pdf,15,K(FeAs)2,2 K,5.301029995663981,2.0,0.004,32.0,10.0
1903.00866v2.pdf,15,K(FeAs)2,2 K,5.176091259055681,2.0,0.0045,32.0,10.0
1903.00866v2.pdf,15,K(FeAs)2,2 K,5.0,2.0,0.005,32.0,10.0
1903.00866v2.pdf,15,K(FeAs)2,5 K,5.903089986991944,5.0,0.0,32.0,10.0
1903.00866v2.pdf,15,K(FeAs)2,5 K,5.778151250383644,5.0,0.0005,32.0,10.0
1903.00866v2.pdf,15,K(FeAs)2,5 K,5.698970004336019,5.0,0.001,32.0,10.0
1903.00866v2.pdf,15,K(FeAs)2,5 K,5.6020599913279625,5.0,0.0015,32.0,10.0
1903.00866v2.pdf,15,K(FeAs)2,5 K,5.544068044350276,5.0,0.002,32.0,10.0
1903.00866v2.pdf,15,K(FeAs)2,5 K,5.477121254719663,5.0,0.0025,32.0,10.0
1903.00866v2.pdf,15,K(FeAs)2,5 K,5.3979400086720375,5.0,0.003,32.0,10.0
1903.00866v2.pdf,15,K(FeAs)2,5 K,5.301029995663981,5.0,0.0035,32.0,10.0
1903.00866v2.pdf,15,K(FeAs)2,5 K,5.176091259055681,5.0,0.004,32.0,10.0
1903.00866v2.pdf,15,K(FeAs)2,5 K,5.079181246047625,5.0,0.0045,32.0,10.0
1903.00866v2.pdf,15,K(FeAs)2,5 K,5.0,5.0,0.005,32.0,10.0
1903.00866v2.pdf,15,K(FeAs)2,10 K,5.778151250383644,10.0,0.0,32.0,10.0
1903.00866v2.pdf,15,K(FeAs)2,10 K,5.698970004336019,10.0,0.0005,32.0,10.0
1903.00866v2.pdf,15,K(FeAs)2,10 K,5.6020599913279625,10.0,0.001,32.0,10.0
1903.00866v2.pdf,15,K(FeAs)2,10 K,5.544068044350276,10.0,0.0015,32.0,10.0
1903.00866v2.pdf,15,K(FeAs)2,10 K,5.477121254719663,10.0,0.002,32.0,10.0
1903.00866v2.pdf,15,K(FeAs)2,10 K,5.3979400086720375,10.0,0.0025,32.0,10.0
1903.00866v2.pdf,15,K(FeAs)2,10 K,5.301029995663981,10.0,0.003,32.0,10.0
1903.00866v2.pdf,15,K(FeAs)2,10 K,5.176091259055681,10.0,0.0035,32.0,10.0
1903.00866v2.pdf,15,K(FeAs)2,10 K,5.079181246047625,10.0,0.004,32.0,10.0
1903.00866v2.pdf,15,K(FeAs)2,10 K,5.0,10.0,0.0045,32.0,10.0
1903.00866v2.pdf,15,K(FeAs)2,10 K,4.903089986991944,10.0,0.005,32.0,10.0
1903.00866v2.pdf,15,K(FeAs)2,15 K,5.698970004336019,15.0,0.0,32.0,10.0
1903.00866v2.pdf,15,K(FeAs)2,15 K,5.6020599913279625,15.0,0.0005,32.0,10.0
1903.00866v2.pdf,15,K(FeAs)2,15 K,5.544068044350276,15.0,0.001,32.0,10.0
1903.00866v2.pdf,15,K(FeAs)2,15 K,5.477121254719663,15.0,0.0015,32.0,10.0
1903.00866v2.pdf,15,K(FeAs)2,15 K,5.3979400086720375,15.0,0.002,32.0,10.0
1903.00866v2.pdf,15,K(FeAs)2,15 K,5.301029995663981,15.0,0.0025,32.0,10.0
1903.00866v2.pdf,15,K(FeAs)2,15 K,5.176091259055681,15.0,0.003,32.0,10.0
1903.00866v2.pdf,15,K(FeAs)2,15 K,5.079181246047625,15.0,0.0035,32.0,10.0
1903.00866v2.pdf,15,K(FeAs)2,15 K,5.0,15.0,0.004,32.0,10.0
1903.00866v2.pdf,15,K(FeAs)2,15 K,4.903089986991944,15.0,0.0045,32.0,10.0
1903.00866v2.pdf,15,K(FeAs)2,15 K,4.778151250383644,15.0,0.005,32.0,10.0
1903.00866v2.pdf,15,K(FeAs)2,20 K,5.6020599913279625,20.0,0.0,32.0,10.0
1903.00866v2.pdf,15,K(FeAs)2,20 K,5.544068044350276,20.0,0.0005,32.0,10.0
1903.00866v2.pdf,15,K(FeAs)2,20 K,5.477121254719663,20.0,0.001,32.0,10.0
1903.00866v2.pdf,15,K(FeAs)2,20 K,5.3979400086720375,20.0,0.0015,32.0,10.0
1903.00866v2.pdf,15,K(FeAs)2,20 K,5.301029995663981,20.0,0.002,32.0,10.0
1903.00866v2.pdf,15,K(FeAs)2,20 K,5.176091259055681,20.0,0.0025,32.0,10.0
1903.00866v2.pdf,15,K(FeAs)2,20 K,5.079181246047625,20.0,0.003,32.0,10.0
1903.00866v2.pdf,15,K(FeAs)2,20 K,5.0,20.0,0.0035,32.0,10.0
1903.00866v2.pdf,15,K(FeAs)2,20 K,4.903089986991944,20.0,0.004,32.0,10.0
1903.00866v2.pdf,15,K(FeAs)2,20 K,4.778151250383644,20.0,0.0045,32.0,10.0
1903.00866v2.pdf,15,K(FeAs)2,20 K,4.698970004336019,20.0,0.005,32.0,10.0
1903.00866v2.pdf,15,K(FeAs)2,25 K,5.477121254719663,25.0,0.0,32.0,10.0
1903.00866v2.pdf,15,K(FeAs)2,25 K,5.3979400086720375,25.0,0.0005,32.0,10.0
1903.00866v2.pdf,15,K(FeAs)2,25 K,5.301029995663981,25.0,0.001,32.0,10.0
1903.00866v2.pdf,15,K(FeAs)2,25 K,5.176091259055681,25.0,0.0015,32.0,10.0
1903.00866v2.pdf,15,K(FeAs)2,25 K,5.079181246047625,25.0,0.002,32.0,10.0
1903.00866v2.pdf,15,K(FeAs)2,25 K,5.0,25.0,0.0025,32.0,10.0
1903.00866v2.pdf,15,K(FeAs)2,25 K,4.903089986991944,25.0,0.003,32.0,10.0
1903.00866v2.pdf,15,K(FeAs)2,25 K,4.778151250383644,25.0,0.0035,32.0,10.0
1903.00866v2.pdf,15,K(FeAs)2,25 K,4.698970004336019,25.0,0.004,32.0,10.0
1903.00866v2.pdf,15,K(FeAs)2,25 K,4.6020599913279625,25.0,0.0045,32.0,10.0
1903.00866v2.pdf,15,K(FeAs)2,25 K,4.477121254719663,25.0,0.005,32.0,10.0
1903.00866v2.pdf,15,K(FeAs)2,30 K,5.301029995663981,30.0,0.0,32.0,10.0
1903.00866v2.pdf,15,K(FeAs)2,30 K,5.176091259055681,30.0,0.0005,32.0,10.0
1903.00866v2.pdf,15,K(FeAs)2,30 K,5.079181246047625,30.0,0.001,32.0,10.0
1903.00866v2.pdf,15,K(FeAs)2,30 K,5.0,30.0,0.0015,32.0,10.0
1903.00866v2.pdf,15,K(FeAs)2,30 K,4.903089986991944,30.0,0.002,32.0,10.0
1903.00866v2.pdf,15,K(FeAs)2,30 K,4.778151250383644,30.0,0.0025,32.0,10.0
1903.00866v2.pdf,15,K(FeAs)2,30 K,4.698970004336019,30.0,0.003,32.0,10.0
1903.00866v2.pdf,15,K(FeAs)2,30 K,4.6020599913279625,30.0,0.0035,32.0,10.0
1903.00866v2.pdf,15,K(FeAs)2,30 K,4.477121254719663,30.0,0.004,32.0,10.0
1903.00866v2.pdf,15,K(FeAs)2,30 K,4.3979400086720375,30.0,0.0045,32.0,10.0
1903.00866v2.pdf,15,K(FeAs)2,30 K,4.301029995663981,30.0,0.005,32.0,10.0
1903.00866v2.pdf,16,K(FeAs)2,2 K,6.0,2.0,0.0,32.0,10.0
1903.00866v2.pdf,16,K(FeAs)2,2 K,5.977723605288848,2.0,0.5,32.0,10.0
1903.00866v2.pdf,16,K(FeAs)2,2 K,5.954242509439325,2.0,1.0,32.0,10.0
1903.00866v2.pdf,16,K(FeAs)2,2 K,5.929418925714293,2.0,1.5,32.0,10.0
1903.00866v2.pdf,16,K(FeAs)2,2 K,5.903089986991944,2.0,2.0,32.0,10.0
1903.00866v2.pdf,16,K(FeAs)2,2 K,5.8750612633917,2.0,2.5,32.0,10.0
1903.00866v2.pdf,16,K(FeAs)2,2 K,5.845098040014257,2.0,3.0,32.0,10.0
1903.00866v2.pdf,16,K(FeAs)2,2 K,5.812913356642856,2.0,3.5,32.0,10.0
1903.00866v2.pdf,16,K(FeAs)2,2 K,5.778151250383644,2.0,4.0,32.0,10.0
1903.00866v2.pdf,16,K(FeAs)2,2 K,5.740362689494244,2.0,4.5,32.0,10.0
1903.00866v2.pdf,16,K(FeAs)2,2 K,5.698970004336019,2.0,5.0,32.0,10.0
1903.00866v2.pdf,16,K(FeAs)2,5 K,5.954242509439325,5.0,0.0,32.0,10.0
1903.00866v2.pdf,16,K(FeAs)2,5 K,5.929418925714293,5.0,0.5,32.0,10.0
1903.00866v2.pdf,16,K(FeAs)2,5 K,5.903089986991944,5.0,1.0,32.0,10.0
1903.00866v2.pdf,16,K(FeAs)2,5 K,5.8750612633917,5.0,1.5,32.0,10.0
1903.00866v2.pdf,16,K(FeAs)2,5 K,5.845098040014257,5.0,2.0,32.0,10.0
1903.00866v2.pdf,16,K(FeAs)2,5 K,5.812913356642856,5.0,2.5,32.0,10.0
1903.00866v2.pdf,16,K(FeAs)2,5 K,5.778151250383644,5.0,3.0,32.0,10.0
1903.00866v2.pdf,16,K(FeAs)2,5 K,5.740362689494244,5.0,3.5,32.0,10.0
1903.00866v2.pdf,16,K(FeAs)2,5 K,5.698970004336019,5.0,4.0,32.0,10.0
1903.00866v2.pdf,16,K(FeAs)2,5 K,5.653212513775344,5.0,4.5,32.0,10.0
1903.00866v2.pdf,16,K(FeAs)2,5 K,5.6020599913279625,5.0,5.0,32.0,10.0
1903.00866v2.pdf,16,K(FeAs)2,10 K,5.903089986991944,10.0,0.0,32.0,10.0
1903.00866v2.pdf,16,K(FeAs)2,10 K,5.8750612633917,10.0,0.5,32.0,10.0
1903.00866v2.pdf,16,K(FeAs)2,10 K,5.845098040014257,10.0,1.0,32.0,10.0
1903.00866v2.pdf,16,K(FeAs)2,10 K,5.812913356642856,10.0,1.5,32.0,10.0
1903.00866v2.pdf,16,K(FeAs)2,10 K,5.778151250383644,10.0,2.0,32.0,10.0
1903.00866v2.pdf,16,K(FeAs)2,10 K,5.740362689494244,10.0,2.5,32.0,10.0
1903.00866v2.pdf,16,K(FeAs)2,10 K,5.698970004336019,10.0,3.0,32.0,10.0
1903.00866v2.pdf,16,K(FeAs)2,10 K,5.653212513775344,10.0,3.5,32.0,10.0
1903.00866v2.pdf,16,K(FeAs)2,10 K,5.6020599913279625,10.0,4.0,32.0,10.0
1903.00866v2.pdf,16,K(FeAs)2,10 K,5.544068044350276,10.0,4.5,32.0,10.0
1903.00866v2.pdf,16,K(FeAs)2,10 K,5.477121254719663,10.0,5.0,32.0,10.0
1903.00866v2.pdf,16,K(FeAs)2,15 K,5.845098040014257,15.0,0.0,32.0,10.0
1903.00866v2.pdf,16,K(FeAs)2,15 K,5.812913356642856,15.0,0.5,32.0,10.0
1903.00866v2.pdf,16,K(FeAs)2,15 K,5.778151250383644,15.0,1.0,32.0,10.0
1903.00866v2.pdf,16,K(FeAs)2,15 K,5.740362689494244,15.0,1.5,32.0,10.0
1903.00866v2.pdf,16,K(FeAs)2,15 K,5.698970004336019,15.0,2.0,32.0,10.0
1903.00866v2.pdf,16,K(FeAs)2,15 K,5.653212513775344,15.0,2.5,32.0,10.0
1903.00866v2.pdf,16,K(FeAs)2,15 K,5.6020599913279625,15.0,3.0,32.0,10.0
1903.00866v2.pdf,16,K(FeAs)2,15 K,5.544068044350276,15.0,3.5,32.0,10.0
1903.00866v2.pdf,16,K(FeAs)2,15 K,5.477121254719663,15.0,4.0,32.0,10.0
1903.00866v2.pdf,16,K(FeAs)2,15 K,5.3979400086720375,15.0,4.5,32.0,10.0
1903.00866v2.pdf,16,K(FeAs)2,15 K,5.301029995663981,15.0,5.0,32.0,10.0
1903.00866v2.pdf,16,K(FeAs)2,20 K,5.778151250383644,20.0,0.0,32.0,10.0
1903.00866v2.pdf,16,K(FeAs)2,20 K,5.740362689494244,20.0,0.5,32.0,10.0
1903.00866v2.pdf,16,K(FeAs)2,20 K,5.698970004336019,20.0,1.0,32.0,10.0
1903.00866v2.pdf,16,K(FeAs)2,20 K,5.653212513775344,20.0,1.5,32.0,10.0
1903.00866v2.pdf,16,K(FeAs)2,20 K,5.6020599913279625,20.0,2.0,32.0,10.0
1903.00866v2.pdf,16,K(FeAs)2,20 K,5.544068044350276,20.0,2.5,32.0,10.0
1903.00866v2.pdf,16,K(FeAs)2,20 K,5.477121254719663,20.0,3.0,32.0,10.0
1903.00866v2.pdf,16,K(FeAs)2,20 K,5.3979400086720375,20.0,3.5,32.0,10.0
1903.00866v2.pdf,16,K(FeAs)2,20 K,5.301029995663981,20.0,4.0,32.0,10.0
1903.00866v2.pdf,16,K(FeAs)2,20 K,5.176091259055681,20.0,4.5,32.0,10.0
1903.00866v2.pdf,16,K(FeAs)2,20 K,5.0,20.0,5.0,32.0,10.0
1903.00866v2.pdf,16,K(FeAs)2,25 K,5.698970004336019,25.0,0.0,32.0,10.0
1903.00866v2.pdf,16,K(FeAs)2,25 K,5.653212513775344,25.0,0.5,32.0,10.0
1903.00866v2.pdf,16,K(FeAs)2,25 K,5.6020599913279625,25.0,1.0,32.0,10.0
1903.00866v2.pdf,16,K(FeAs)2,25 K,5.544068044350276,25.0,1.5,32.0,10.0
1903.00866v2.pdf,16,K(FeAs)2,25 K,5.477121254719663,25.0,2.0,32.0,10.0
1903.00866v2.pdf,16,K(FeAs)2,25 K,5.3979400086720375,25.0,2.5,32.0,10.0
1903.00866v2.pdf,16,K(FeAs)2,25 K,5.301029995663981,25.0,3.0,32.0,10.0
1903.00866v2.pdf,16,K(FeAs)2,25 K,5.176091259055681,25.0,3.5,32.0,10.0
1903.00866v2.pdf,16,K(FeAs)2,25 K,5.0,25.0,4.0,32.0,10.0
1903.00866v2.pdf,16,K(FeAs)2,25 K,4.698970004336019,25.0,4.5,32.0,10.0
1903.00866v2.pdf,16,K(FeAs)2,25 K,4.0,25.0,5.0,32.0,10.0
1903.00866v2.pdf,16,K(FeAs)2,30 K,5.6020599913279625,30.0,0.0,32.0,10.0
1903.00866v2.pdf,16,K(FeAs)2,30 K,5.544068044350276,30.0,0.5,32.0,10.0
1903.00866v2.pdf,16,K(FeAs)2,30 K,5.477121254719663,30.0,1.0,32.0,10.0
1903.00866v2.pdf,16,K(FeAs)2,30 K,5.3979400086720375,30.0,1.5,32.0,10.0
1903.00866v2.pdf,16,K(FeAs)2,30 K,5.301029995663981,30.0,2.0,32.0,10.0
1903.00866v2.pdf,16,K(FeAs)2,30 K,5.176091259055681,30.0,2.5,32.0,10.0
1903.00866v2.pdf,16,K(FeAs)2,30 K,5.0,30.0,3.0,32.0,10.0
1903.00866v2.pdf,16,K(FeAs)2,30 K,4.698970004336019,30.0,3.5,32.0,10.0
1903.00866v2.pdf,16,K(FeAs)2,30 K,4.0,30.0,4.0,32.0,10.0
1903.00866v2.pdf,16,K(FeAs)2,30 K,3.6989700043360174,30.0,4.5,32.0,10.0
1903.00866v2.pdf,16,K(FeAs)2,30 K,3.0,30.0,5.0,32.0,10.0
1903.00866v2.pdf,25,K(FeAs)2,2 K,6.903089986991944,2.0,0.0,32.0,10.0
1903.00866v2.pdf,25,K(FeAs)2,2 K,6.892094602690481,2.0,0.0005,32.0,10.0
1903.00866v2.pdf,25,K(FeAs)2,2 K,6.880813592280791,2.0,0.001,32.0,10.0
1903.00866v2.pdf,25,K(FeAs)2,2 K,6.869231719730976,2.0,0.0015,32.0,10.0
1903.00866v2.pdf,25,K(FeAs)2,2 K,6.857332496431268,2.0,0.002,32.0,10.0
1903.00866v2.pdf,25,K(FeAs)2,2 K,6.845098040014257,2.0,0.0025,32.0,10.0
1903.00866v2.pdf,25,K(FeAs)2,2 K,6.832508912706237,2.0,0.003,32.0,10.0
1903.00866v2.pdf,25,K(FeAs)2,2 K,6.819543935541868,2.0,0.0035,32.0,10.0
1903.00866v2.pdf,25,K(FeAs)2,2 K,6.806179973983888,2.0,0.004,32.0,10.0
1903.00866v2.pdf,25,K(FeAs)2,2 K,6.792391689498253,2.0,0.0045,32.0,10.0
1903.00866v2.pdf,25,K(FeAs)2,2 K,6.778151250383644,2.0,0.005,32.0,10.0
1903.00866v2.pdf,25,K(FeAs)2,5 K,6.845098040014257,5.0,0.0,32.0,10.0
1903.00866v2.pdf,25,K(FeAs)2,5 K,6.832508912706237,5.0,0.0005,32.0,10.0
1903.00866v2.pdf,25,K(FeAs)2,5 K,6.819543935541868,5.0,0.001,32.0,10.0
1903.00866v2.pdf,25,K(FeAs)2,5 K,6.806179973983888,5.0,0.0015,32.0,10.0
1903.00866v2.pdf,25,K(FeAs)2,5 K,6.792391689498253,5.0,0.002,32.0,10.0
1903.00866v2.pdf,25,K(FeAs)2,5 K,6.778151250383644,5.0,0.0025,32.0,10.0
1903.00866v2.pdf,25,K(FeAs)2,5 K,6.763427993562937,5.0,0.003,32.0,10.0
1903.00866v2.pdf,25,K(FeAs)2,5 K,6.748188027006201,5.0,0.0035,32.0,10.0
1903.00866v2.pdf,25,K(FeAs)2,5 K,6.732393759822968,5.0,0.004,32.0,10.0
1903.00866v2.pdf,25,K(FeAs)2,5 K,6.7160033436348,5.0,0.0045,32.0,10.0
1903.00866v2.pdf,25,K(FeAs)2,5 K,6.698970004336019,5.0,0.005,32.0,10.0
1903.00866v2.pdf,25,K(FeAs)2,10 K,6.778151250383644,10.0,0.0,32.0,10.0
1903.00866v2.pdf,25,K(FeAs)2,10 K,6.763427993562937,10.0,0.0005,32.0,10.0
1903.00866v2.pdf,25,K(FeAs)2,10 K,6.748188027006201,10.0,0.001,32.0,10.0
1903.00866v2.pdf,25,K(FeAs)2,10 K,6.732393759822968,10.0,0.0015,32.0,10.0
1903.00866v2.pdf,25,K(FeAs)2,10 K,6.7160033436348,10.0,0.002,32.0,10.0
1903.00866v2.pdf,25,K(FeAs)2,10 K,6.698970004336019,10.0,0.0025,32.0,10.0
1903.00866v2.pdf,25,K(FeAs)2,10 K,6.681241237375588,10.0,0.003,32.0,10.0
1903.00866v2.pdf,25,K(FeAs)2,10 K,6.662757831681574,10.0,0.0035,32.0,10.0
1903.00866v2.pdf,25,K(FeAs)2,10 K,6.643452676486188,10.0,0.004,32.0,10.0
1903.00866v2.pdf,25,K(FeAs)2,10 K,6.623249290397901,10.0,0.0045,32.0,10.0
1903.00866v2.pdf,25,K(FeAs)2,10 K,6.6020599913279625,10.0,0.005,32.0,10.0
1903.00866v2.pdf,25,K(FeAs)2,15 K,6.698970004336019,15.0,0.0,32.0,10.0
1903.00866v2.pdf,25,K(FeAs)2,15 K,6.681241237375588,15.0,0.0005,32.0,10.0
1903.00866v2.pdf,25,K(FeAs)2,15 K,6.662757831681574,15.0,0.001,32.0,10.0
1903.00866v2.pdf,25,K(FeAs)2,15 K,6.643452676486188,15.0,0.0015,32.0,10.0
1903.00866v2.pdf,25,K(FeAs)2,15 K,6.623249290397901,15.0,0.002,32.0,10.0
1903.00866v2.pdf,25,K(FeAs)2,15 K,6.6020599913279625,15.0,0.0025,32.0,10.0
1903.00866v2.pdf,25,K(FeAs)2,15 K,6.57978359661681,15.0,0.003,32.0,10.0
1903.00866v2.pdf,25,K(FeAs)2,15 K,6.556302500767287,15.0,0.0035,32.0,10.0
1903.00866v2.pdf,25,K(FeAs)2,15 K,6.531478917042255,15.0,0.004,32.0,10.0
1903.00866v2.pdf,25,K(FeAs)2,15 K,6.505149978319906,15.0,0.0045,32.0,10.0
1903.00866v2.pdf,25,K(FeAs)2,15 K,6.477121254719663,15.0,0.005,32.0,10.0
1903.00866v2.pdf,25,K(FeAs)2,20 K,6.6020599913279625,20.0,0.0,32.0,10.0
1903.00866v2.pdf,25,K(FeAs)2,20 K,6.57978359661681,20.0,0.0005,32.0,10.0
1903.00866v2.pdf,25,K(FeAs)2,20 K,6.556302500767287,20.0,0.001,32.0,10.0
1903.00866v2.pdf,25,K(FeAs)2,20 K,6.531478917042255,20.0,0.0015,32.0,10.0
1903.00866v2.pdf,25,K(FeAs)2,20 K,6.505149978319906,20.0,0.002,32.0,10.0
1903.00866v2.pdf,25,K(FeAs)2,20 K,6.477121254719663,20.0,0.0025,32.0,10.0
1903.00866v2.pdf,25,K(FeAs)2,20 K,6.447158031342219,20.0,0.003,32.0,10.0
1903.00866v2.pdf,25,K(FeAs)2,20 K,6.414973347970818,20.0,0.0035,32.0,10.0
1903.00866v2.pdf,25,K(FeAs)2,20 K,6.380211241711606,20.0,0.004,32.0,10.0
1903.00866v2.pdf,25,K(FeAs)2,20 K,6.342422680822207,20.0,0.0045,32.0,10.0
1903.00866v2.pdf,25,K(FeAs)2,20 K,6.301029995663981,20.0,0.005,32.0,10.0
1903.00866v2.pdf,25,K(FeAs)2,25 K,6.477121254719663,25.0,0.0,32.0,10.0
1903.00866v2.pdf,25,K(FeAs)2,25 K,6.447158031342219,25.0,0.0005,32.0,10.0
1903.00866v2.pdf,25,K(FeAs)2,25 K,6.414973347970818,25.0,0.001,32.0,10.0
1903.00866v2.pdf,25,K(FeAs)2,25 K,6.380211241711606,25.0,0.0015,32.0,10.0
1903.00866v2.pdf,25,K(FeAs)2,25 K,6.342422680822207,25.0,0.002,32.0,10.0
1903.00866v2.pdf,25,K(FeAs)2,25 K,6.301029995663981,25.0,0.0025,32.0,10.0
1903.00866v2.pdf,25,K(FeAs)2,25 K,6.2552725051033065,25.0,0.003,32.0,10.0
1903.00866v2.pdf,25,K(FeAs)2,25 K,6.204119982655925,25.0,0.0035,32.0,10.0
1903.00866v2.pdf,25,K(FeAs)2,25 K,6.146128035678238,25.0,0.004,32.0,10.0
1903.00866v2.pdf,25,K(FeAs)2,25 K,6.079181246047625,25.0,0.0045,32.0,10.0
1903.00866v2.pdf,25,K(FeAs)2,25 K,6.0,25.0,0.005,32.0,10.0
1903.00866v2.pdf,25,K(FeAs)2,30 K,6.301029995663981,30.0,0.0,32.0,10.0
1903.00866v2.pdf,25,K(FeAs)2,30 K,6.2552725051033065,30.0,0.0005,32.0,10.0
1903.00866v2.pdf,25,K(FeAs)2,30 K,6.204119982655925,30.0,0.001,32.0,10.0
1903.00866v2.pdf,25,K(FeAs)2,30 K,6.146128035678238,30.0,0.0015,32.0,10.0
1903.00866v2.pdf,25,K(FeAs)2,30 K,6.079181246047625,30.0,0.002,32.0,10.0
1903.00866v2.pdf,25,K(FeAs)2,30 K,6.0,30.0,0.0025,32.0,10.0
1903.00866v2.pdf,25,K(FeAs)2,30 K,5.903089986991944,30.0,0.003,32.0,10.0
1903.00866v2.pdf,25,K(FeAs)2,30 K,5.778151250383644,30.0,0.0035,32.0,10.0
1903.00866v2.pdf,25,K(FeAs)2,30 K,5.6020599913279625,30.0,0.004,32.0,10.0
1903.00866v2.pdf,25,K(FeAs)2,30 K,5.301029995663981,30.0,0.0045,32.0,10.0
1903.00866v2.pdf,25,K(FeAs)2,30 K,5.0,30.0,0.005,32.0,10.0
2012.13723v3.pdf,4,Ba(FeAs)2,4 K,6.0,4.0,0.0,30.0,60.0
2012.13723v3.pdf,4,Ba(FeAs)2,4 K,5.903089986991944,4.0,1.0,30.0,60.0
2012.13723v3.pdf,4,Ba(FeAs)2,4 K,5.778151250383644,4.0,2.0,30.0,60.0
2012.13723v3.pdf,4,Ba(FeAs)2,4 K,5.698970004336019,4.0,3.0,30.0,60.0
2012.13723v3.pdf,4,Ba(FeAs)2,4 K,5.6020599913279625,4.0,4.0,30.0,60.0
2012.13723v3.pdf,4,Ba(FeAs)2,4 K,5.477121254719663,4.0,5.0,30.0,60.0
2012.13723v3.pdf,4,Ba(FeAs)2,4 K,5.301029995663981,4.0,6.0,30.0,60.0
2012.13723v3.pdf,4,Ba(FeAs)2,4 K,5.176091259055681,4.0,7.0,30.0,60.0
2012.13723v3.pdf,4,Ba(FeAs)2,8 K,5.954242509439325,8.0,0.0,30.0,60.0
2012.13723v3.pdf,4,Ba(FeAs)2,8 K,5.845098040014257,8.0,1.0,30.0,60.0
2012.13723v3.pdf,4,Ba(FeAs)2,8 K,5.698970004336019,8.0,2.0,30.0,60.0
2012.13723v3.pdf,4,Ba(FeAs)2,8 K,5.6020599913279625,8.0,3.0,30.0,60.0
2012.13723v3.pdf,4,Ba(FeAs)2,8 K,5.477121254719663,8.0,4.0,30.0,60.0
2012.13723v3.pdf,4,Ba(FeAs)2,8 K,5.3979400086720375,8.0,5.0,30.0,60.0
2012.13723v3.pdf,4,Ba(FeAs)2,8 K,5.2552725051033065,8.0,6.0,30.0,60.0
2012.13723v3.pdf,4,Ba(FeAs)2,8 K,5.113943352306837,8.0,7.0,30.0,60.0
2012.13723v3.pdf,4,Ba(FeAs)2,12 K,5.903089986991944,12.0,0.0,30.0,60.0
2012.13723v3.pdf,4,Ba(FeAs)2,12 K,5.778151250383644,12.0,1.0,30.0,60.0
2012.13723v3.pdf,4,Ba(FeAs)2,12 K,5.653212513775344,12.0,2.0,30.0,60.0
2012.13723v3.pdf,4,Ba(FeAs)2,12 K,5.544068044350276,12.0,3.0,30.0,60.0
2012.13723v3.pdf,4,Ba(FeAs)2,12 K,5.3979400086720375,12.0,4.0,30.0,60.0
2012.13723v3.pdf,4,Ba(FeAs)2,12 K,5.301029995663981,12.0,5.0,30.0,60.0
2012.13723v3.pdf,4,Ba(FeAs)2,12 K,5.176091259055681,12.0,6.0,30.0,60.0
2012.13723v3.pdf,4,Ba(FeAs)2,12 K,5.0,12.0,7.0,30.0,60.0
2012.13723v3.pdf,4,Ba(FeAs)2,16 K,5.845098040014257,16.0,0.0,30.0,60.0
2012.13723v3.pdf,4,Ba(FeAs)2,16 K,5.698970004336019,16.0,1.0,30.0,60.0
2012.13723v3.pdf,4,Ba(FeAs)2,16 K,5.544068044350276,16.0,2.0,30.0,60.0
2012.13723v3.pdf,4,Ba(FeAs)2,16 K,5.3979400086720375,16.0,3.0,30.0,60.0
2012.13723v3.pdf,4,Ba(FeAs)2,16 K,5.301029995663981,16.0,4.0,30.0,60.0
2012.13723v3.pdf,4,Ba(FeAs)2,16 K,5.176091259055681,16.0,5.0,30.0,60.0
2012.13723v3.pdf,4,Ba(FeAs)2,16 K,5.079181246047625,16.0,6.0,30.0,60.0
2012.13723v3.pdf,4,Ba(FeAs)2,16 K,4.954242509439325,16.0,7.0,30.0,60.0
2012.13723v3.pdf,4,Ba(FeAs)2,20 K,5.778151250383644,20.0,0.0,30.0,60.0
2012.13723v3.pdf,4,Ba(FeAs)2,20 K,5.6020599913279625,20.0,1.0,30.0,60.0
2012.13723v3.pdf,4,Ba(FeAs)2,20 K,5.477121254719663,20.0,2.0,30.0,60.0
2012.13723v3.pdf,4,Ba(FeAs)2,20 K,5.301029995663981,20.0,3.0,30.0,60.0
2012.13723v3.pdf,4,Ba(FeAs)2,20 K,5.176091259055681,20.0,4.0,30.0,60.0
2012.13723v3.pdf,4,Ba(FeAs)2,20 K,5.079181246047625,20.0,5.0,30.0,60.0
2012.13723v3.pdf,4,Ba(FeAs)2,20 K,5.0,20.0,6.0,30.0,60.0
2012.13723v3.pdf,4,Ba(FeAs)2,20 K,4.903089986991944,20.0,7.0,30.0,60.0
2012.13723v3.pdf,4,Ba(FeAs)2,24 K,5.698970004336019,24.0,0.0,30.0,60.0
2012.13723v3.pdf,4,Ba(FeAs)2,24 K,5.544068044350276,24.0,1.0,30.0,60.0
2012.13723v3.pdf,4,Ba(FeAs)2,24 K,5.3979400086720375,24.0,2.0,30.0,60.0
2012.13723v3.pdf,4,Ba(FeAs)2,24 K,5.2552725051033065,24.0,3.0,30.0,60.0
2012.13723v3.pdf,4,Ba(FeAs)2,24 K,5.146128035678238,24.0,4.0,30.0,60.0
2012.13723v3.pdf,4,Ba(FeAs)2,24 K,5.041392685158225,24.0,5.0,30.0,60.0
2012.13723v3.pdf,4,Ba(FeAs)2,24 K,4.954242509439325,24.0,6.0,30.0,60.0
2012.13723v3.pdf,4,Ba(FeAs)2,24 K,4.845098040014257,24.0,7.0,30.0,60.0
2012.13723v3.pdf,4,Ba(FeAs)2,28 K,5.6020599913279625,28.0,0.0,30.0,60.0
2012.13723v3.pdf,4,Ba(FeAs)2,28 K,5.477121254719663,28.0,1.0,30.0,60.0
2012.13723v3.pdf,4,Ba(FeAs)2,28 K,5.301029995663981,28.0,2.0,30.0,60.0
2012.13723v3.pdf,4,Ba(FeAs)2,28 K,5.176091259055681,28.0,3.0,30.0,60.0
2012.13723v3.pdf,4,Ba(FeAs)2,28 K,5.079181246047625,28.0,4.0,30.0,60.0
2012.13723v3.pdf,4,Ba(FeAs)2,28 K,5.0,28.0,5.0,30.0,60.0
2012.13723v3.pdf,4,Ba(FeAs)2,28 K,4.903089986991944,28.0,6.0,30.0,60.0
2012.13723v3.pdf,4,Ba(FeAs)2,28 K,4.778151250383644,28.0,7.0,30.0,60.0
2111.11255v1.pdf,8,BaCa2Cu3O5,10 K,7.0,10.0,0.0,110.0,100.0
2111.11255v1.pdf,8,BaCa2Cu3O5,10 K,6.954242509439325,10.0,0.5,110.0,100.0
2111.11255v1.pdf,8,BaCa2Cu3O5,10 K,6.903089986991944,10.0,1.0,110.0,100.0
2111.11255v1.pdf,8,BaCa2Cu3O5,10 K,6.845098040014257,10.0,1.5,110.0,100.0
2111.11255v1.pdf,8,BaCa2Cu3O5,10 K,6.778151250383644,10.0,2.0,110.0,100.0
2111.11255v1.pdf,8,BaCa2Cu3O5,10 K,6.698970004336019,10.0,2.5,110.0,100.0
2111.11255v1.pdf,8,BaCa2Cu3O5,10 K,6.6020599913279625,10.0,3.0,110.0,100.0
2111.11255v1.pdf,8,BaCa2Cu3O5,10 K,6.477121254719663,10.0,3.5,110.0,100.0
2111.11255v1.pdf,8,BaCa2Cu3O5,10 K,6.301029995663981,10.0,4.0,110.0,100.0
2111.11255v1.pdf,8,BaCa2Cu3O5,10 K,6.176091259055681,10.0,4.5,110.0,100.0
2111.11255v1.pdf,8,BaCa2Cu3O5,10 K,6.0,10.0,5.0,110.0,100.0
2111.11255v1.pdf,8,BaCa2Cu3O5,10 K,5.903089986991944,10.0,5.5,110.0,100.0
2111.11255v1.pdf,8,BaCa2Cu3O5,10 K,5.778151250383644,10.0,6.0,110.0,100.0
2111.11255v1.pdf,8,BaCa2Cu3O5,10 K,5.6020599913279625,10.0,6.5,110.0,100.0
2111.11255v1.pdf,8,BaCa2Cu3O5,10 K,5.301029995663981,10.0,7.0,110.0,100.0
2111.11255v1.pdf,8,BaCa2Cu3O5,20 K,6.954242509439325,20.0,0.0,110.0,100.0
2111.11255v1.pdf,8,BaCa2Cu3O5,20 K,6.903089986991944,20.0,0.5,110.0,100.0
2111.11255v1.pdf,8,BaCa2Cu3O5,20 K,6.845098040014257,20.0,1.0,110.0,100.0
2111.11255v1.pdf,8,BaCa2Cu3O5,20 K,6.778151250383644,20.0,1.5,110.0,100.0
2111.11255v1.pdf,8,BaCa2Cu3O5,20 K,6.698970004336019,20.0,2.0,110.0,100.0
2111.11255v1.pdf,8,BaCa2Cu3O5,20 K,6.6020599913279625,20.0,2.5,110.0,100.0
2111.11255v1.pdf,8,BaCa2Cu3O5,20 K,6.477121254719663,20.0,3.0,110.0,100.0
2111.11255v1.pdf,8,BaCa2Cu3O5,20 K,6.3979400086720375,20.0,3.5,110.0,100.0
2111.11255v1.pdf,8,BaCa2Cu3O5,20 K,6.301029995663981,20.0,4.0,110.0,100.0
2111.11255v1.pdf,8,BaCa2Cu3O5,20 K,6.176091259055681,20.0,4.5,110.0,100.0
2111.11255v1.pdf,8,BaCa2Cu3O5,20 K,6.0,20.0,5.0,110.0,100.0
2111.11255v1.pdf,8,BaCa2Cu3O5,20 K,5.845098040014257,20.0,5.5,110.0,100.0
2111.11255v1.pdf,8,BaCa2Cu3O5,20 K,5.698970004336019,20.0,6.0,110.0,100.0
2111.11255v1.pdf,8,BaCa2Cu3O5,20 K,5.477121254719663,20.0,6.5,110.0,100.0
2111.11255v1.pdf,8,BaCa2Cu3O5,20 K,5.0,20.0,7.0,110.0,100.0
2111.11255v1.pdf,8,BaCa2Cu3O5,40 K,6.903089986991944,40.0,0.0,110.0,100.0
2111.11255v1.pdf,8,BaCa2Cu3O5,40 K,6.845098040014257,40.0,0.5,110.0,100.0
2111.11255v1.pdf,8,BaCa2Cu3O5,40 K,6.778151250383644,40.0,1.0,110.0,100.0
2111.11255v1.pdf,8,BaCa2Cu3O5,40 K,6.698970004336019,40.0,1.5,110.0,100.0
2111.11255v1.pdf,8,BaCa2Cu3O5,40 K,6.6020599913279625,40.0,2.0,110.0,100.0
2111.11255v1.pdf,8,BaCa2Cu3O5,40 K,6.477121254719663,40.0,2.5,110.0,100.0
2111.11255v1.pdf,8,BaCa2Cu3O5,40 K,6.3979400086720375,40.0,3.0,110.0,100.0
2111.11255v1.pdf,8,BaCa2Cu3O5,40 K,6.301029995663981,40.0,3.5,110.0,100.0
2111.11255v1.pdf,8,BaCa2Cu3O5,40 K,6.176091259055681,40.0,4.0,110.0,100.0
2111.11255v1.pdf,8,BaCa2Cu3O5,40 K,6.0,40.0,4.5,110.0,100.0
2111.11255v1.pdf,8,BaCa2Cu3O5,40 K,5.903089986991944,40.0,5.0,110.0,100.0
2111.11255v1.pdf,8,BaCa2Cu3O5,40 K,5.778151250383644,40.0,5.5,110.0,100.0
2111.11255v1.pdf,8,BaCa2Cu3O5,40 K,5.6020599913279625,40.0,6.0,110.0,100.0
2111.11255v1.pdf,8,BaCa2Cu3O5,40 K,5.301029995663981,40.0,6.5,110.0,100.0
2111.11255v1.pdf,8,BaCa2Cu3O5,40 K,5.0,40.0,7.0,110.0,100.0
2111.11255v1.pdf,8,BaCa2Cu3O5,50 K,6.845098040014257,50.0,0.0,110.0,100.0
2111.11255v1.pdf,8,BaCa2Cu3O5,50 K,6.778151250383644,50.0,0.5,110.0,100.0
2111.11255v1.pdf,8,BaCa2Cu3O5,50 K,6.698970004336019,50.0,1.0,110.0,100.0
2111.11255v1.pdf,8,BaCa2Cu3O5,50 K,6.6020599913279625,50.0,1.5,110.0,100.0
2111.11255v1.pdf,8,BaCa2Cu3O5,50 K,6.477121254719663,50.0,2.0,110.0,100.0
2111.11255v1.pdf,8,BaCa2Cu3O5,50 K,6.3979400086720375,50.0,2.5,110.0,100.0
2111.11255v1.pdf,8,BaCa2Cu3O5,50 K,6.301029995663981,50.0,3.0,110.0,100.0
2111.11255v1.pdf,8,BaCa2Cu3O5,50 K,6.176091259055681,50.0,3.5,110.0,100.0
2111.11255v1.pdf,8,BaCa2Cu3O5,50 K,6.0,50.0,4.0,110.0,100.0
2111.11255v1.pdf,8,BaCa2Cu3O5,50 K,5.903089986991944,50.0,4.5,110.0,100.0
2111.11255v1.pdf,8,BaCa2Cu3O5,50 K,5.778151250383644,50.0,5.0,110.0,100.0
2111.11255v1.pdf,8,BaCa2Cu3O5,50 K,5.6020599913279625,50.0,5.5,110.0,100.0
2111.11255v1.pdf,8,BaCa2Cu3O5,50 K,5.477121254719663,50.0,6.0,110.0,100.0
2111.11255v1.pdf,8,BaCa2Cu3O5,50 K,5.301029995663981,50.0,6.5,110.0,100.0
2111.11255v1.pdf,8,BaCa2Cu3O5,50 K,5.0,50.0,7.0,110.0,100.0
2111.11255v1.pdf,8,BaCa2Cu3O5,60 K,6.778151250383644,60.0,0.0,110.0,100.0
2111.11255v1.pdf,8,BaCa2Cu3O5,60 K,6.698970004336019,60.0,0.5,110.0,100.0
2111.11255v1.pdf,8,BaCa2Cu3O5,60 K,6.6020599913279625,60.0,1.0,110.0,100.0
2111.11255v1.pdf,8,BaCa2Cu3O5,60 K,6.477121254719663,60.0,1.5,110.0,100.0
2111.11255v1.pdf,8,BaCa2Cu3O5,60 K,6.3979400086720375,60.0,2.0,110.0,100.0
2111.11255v1.pdf,8,BaCa2Cu3O5,60 K,6.301029995663981,60.0,2.5,110.0,100.0
2111.11255v1.pdf,8,BaCa2Cu3O5,60 K,6.176091259055681,60.0,3.0,110.0,100.0
2111.11255v1.pdf,8,BaCa2Cu3O5,60 K,6.0,60.0,3.5,110.0,100.0
2111.11255v1.pdf,8,BaCa2Cu3O5,60 K,5.903089986991944,60.0,4.0,110.0,100.0
2111.11255v1.pdf,8,BaCa2Cu3O5,60 K,5.778151250383644,60.0,4.5,110.0,100.0
2111.11255v1.pdf,8,BaCa2Cu3O5,60 K,5.6020599913279625,60.0,5.0,110.0,100.0
2111.11255v1.pdf,8,BaCa2Cu3O5,60 K,5.477121254719663,60.0,5.5,110.0,100.0
2111.11255v1.pdf,8,BaCa2Cu3O5,60 K,5.301029995663981,60.0,6.0,110.0,100.0
2111.11255v1.pdf,8,BaCa2Cu3O5,60 K,5.176091259055681,60.0,6.5,110.0,100.0
2111.11255v1.pdf,8,BaCa2Cu3O5,60 K,5.0,60.0,7.0,110.0,100.0
2111.11255v1.pdf,8,BaCa2Cu3O5,70 K,6.698970004336019,70.0,0.0,110.0,100.0
2111.11255v1.pdf,8,BaCa2Cu3O5,70 K,6.6020599913279625,70.0,0.5,110.0,100.0
2111.11255v1.pdf,8,BaCa2Cu3O5,70 K,6.477121254719663,70.0,1.0,110.0,100.0
2111.11255v1.pdf,8,BaCa2Cu3O5,70 K,6.3979400086720375,70.0,1.5,110.0,100.0
2111.11255v1.pdf,8,BaCa2Cu3O5,70 K,6.301029995663981,70.0,2.0,110.0,100.0
2111.11255v1.pdf,8,BaCa2Cu3O5,70 K,6.176091259055681,70.0,2.5,110.0,100.0
2111.11255v1.pdf,8,BaCa2Cu3O5,70 K,6.0,70.0,3.0,110.0,100.0
2111.11255v1.pdf,8,BaCa2Cu3O5,70 K,5.903089986991944,70.0,3.5,110.0,100.0
2111.11255v1.pdf,8,BaCa2Cu3O5,70 K,5.778151250383644,70.0,4.0,110.0,100.0
2111.11255v1.pdf,8,BaCa2Cu3O5,70 K,5.6020599913279625,70.0,4.5,110.0,100.0
2111.11255v1.pdf,8,BaCa2Cu3O5,70 K,5.477121254719663,70.0,5.0,110.0,100.0
2111.11255v1.pdf,8,BaCa2Cu3O5,70 K,5.301029995663981,70.0,5.5,110.0,100.0
2111.11255v1.pdf,8,BaCa2Cu3O5,70 K,5.176091259055681,70.0,6.0,110.0,100.0
2111.11255v1.pdf,8,BaCa2Cu3O5,70 K,5.0,70.0,6.5,110.0,100.0
2111.11255v1.pdf,8,BaCa2Cu3O5,70 K,4.903089986991944,70.0,7.0,110.0,100.0
2111.11255v1.pdf,8,BaCa2Cu3O5,77 K,6.6020599913279625,77.0,0.0,110.0,100.0
2111.11255v1.pdf,8,BaCa2Cu3O5,77 K,6.477121254719663,77.0,0.5,110.0,100.0
2111.11255v1.pdf,8,BaCa2Cu3O5,77 K,6.3979400086720375,77.0,1.0,110.0,100.0
2111.11255v1.pdf,8,BaCa2Cu3O5,77 K,6.301029995663981,77.0,1.5,110.0,100.0
2111.11255v1.pdf,8,BaCa2Cu3O5,77 K,6.176091259055681,77.0,2.0,110.0,100.0
2111.11255v1.pdf,8,BaCa2Cu3O5,77 K,6.0,77.0,2.5,110.0,100.0
2111.11255v1.pdf,8,BaCa2Cu3O5,77 K,5.903089986991944,77.0,3.0,110.0,100.0
2111.11255v1.pdf,8,BaCa2Cu3O5,77 K,5.778151250383644,77.0,3.5,110.0,100.0
2111.11255v1.pdf,8,BaCa2Cu3O5,77 K,5.6020599913279625,77.0,4.0,110.0,100.0
2111.11255v1.pdf,8,BaCa2Cu3O5,77 K,5.477121254719663,77.0,4.5,110.0,100.0
2111.11255v1.pdf,8,BaCa2Cu3O5,77 K,5.301029995663981,77.0,5.0,110.0,100.0
2111.11255v1.pdf,8,BaCa2Cu3O5,77 K,5.176091259055681,77.0,5.5,110.0,100.0
2111.11255v1.pdf,8,BaCa2Cu3O5,77 K,5.0,77.0,6.0,110.0,100.0
2111.11255v1.pdf,8,BaCa2Cu3O5,77 K,4.903089986991944,77.0,6.5,110.0,100.0
2111.11255v1.pdf,8,BaCa2Cu3O5,77 K,4.778151250383644,77.0,7.0,110.0,100.0
2111.11255v1.pdf,8,BaCa2Cu3O5,80 K,6.477121254719663,80.0,0.0,110.0,100.0
2111.11255v1.pdf,8,BaCa2Cu3O5,80 K,6.3979400086720375,80.0,0.5,110.0,100.0
2111.11255v1.pdf,8,BaCa2Cu3O5,80 K,6.301029995663981,80.0,1.0,110.0,100.0
2111.11255v1.pdf,8,BaCa2Cu3O5,80 K,6.176091259055681,80.0,1.5,110.0,100.0
2111.11255v1.pdf,8,BaCa2Cu3O5,80 K,6.0,80.0,2.0,110.0,100.0
2111.11255v1.pdf,8,BaCa2Cu3O5,80 K,5.903089986991944,80.0,2.5,110.0,100.0
2111.11255v1.pdf,8,BaCa2Cu3O5,80 K,5.778151250383644,80.0,3.0,110.0,100.0
2111.11255v1.pdf,8,BaCa2Cu3O5,80 K,5.6020599913279625,80.0,3.5,110.0,100.0
2111.11255v1.pdf,8,BaCa2Cu3O5,80 K,5.477121254719663,80.0,4.0,110.0,100.0
2111.11255v1.pdf,8,BaCa2Cu3O5,80 K,5.301029995663981,80.0,4.5,110.0,100.0
2111.11255v1.pdf,8,BaCa2Cu3O5,80 K,5.176091259055681,80.0,5.0,110.0,100.0
2111.11255v1.pdf,8,BaCa2Cu3O5,80 K,5.0,80.0,5.5,110.0,100.0
2111.11255v1.pdf,8,BaCa2Cu3O5,80 K,4.903089986991944,80.0,6.0,110.0,100.0
2111.11255v1.pdf,8,BaCa2Cu3O5,80 K,4.778151250383644,80.0,6.5,110.0,100.0
2111.11255v1.pdf,8,BaCa2Cu3O5,80 K,4.6020599913279625,80.0,7.0,110.0,100.0
2111.11255v1.pdf,8,BaCa2Cu3O5,85 K,6.3979400086720375,85.0,0.0,110.0,100.0
2111.11255v1.pdf,8,BaCa2Cu3O5,85 K,6.301029995663981,85.0,0.5,110.0,100.0
2111.11255v1.pdf,8,BaCa2Cu3O5,85 K,6.176091259055681,85.0,1.0,110.0,100.0
2111.11255v1.pdf,8,BaCa2Cu3O5,85 K,6.0,85.0,1.5,110.0,100.0
2111.11255v1.pdf,8,BaCa2Cu3O5,85 K,5.903089986991944,85.0,2.0,110.0,100.0
2111.11255v1.pdf,8,BaCa2Cu3O5,85 K,5.778151250383644,85.0,2.5,110.0,100.0
2111.11255v1.pdf,8,BaCa2Cu3O5,85 K,5.6020599913279625,85.0,3.0,110.0,100.0
2111.11255v1.pdf,8,BaCa2Cu3O5,85 K,5.477121254719663,85.0,3.5,110.0,100.0
2111.11255v1.pdf,8,BaCa2Cu3O5,85 K,5.301029995663981,85.0,4.0,110.0,100.0
2111.11255v1.pdf,8,BaCa2Cu3O5,85 K,5.176091259055681,85.0,4.5,110.0,100.0
2111.11255v1.pdf,8,BaCa2Cu3O5,85 K,5.0,85.0,5.0,110.0,100.0
2111.11255v1.pdf,8,BaCa2Cu3O5,85 K,4.903089986991944,85.0,5.5,110.0,100.0
2111.11255v1.pdf,8,BaCa2Cu3O5,85 K,4.778151250383644,85.0,6.0,110.0,100.0
2111.11255v1.pdf,8,BaCa2Cu3O5,85 K,4.6020599913279625,85.0,6.5,110.0,100.0
2111.11255v1.pdf,8,BaCa2Cu3O5,85 K,4.477121254719663,85.0,7.0,110.0,100.0
2111.11255v1.pdf,8,BaCa2Cu3O5,90 K,6.301029995663981,90.0,0.0,110.0,100.0
2111.11255v1.pdf,8,BaCa2Cu3O5,90 K,6.176091259055681,90.0,0.5,110.0,100.0
2111.11255v1.pdf,8,BaCa2Cu3O5,90 K,6.0,90.0,1.0,110.0,100.0
2111.11255v1.pdf,8,BaCa2Cu3O5,90 K,5.903089986991944,90.0,1.5,110.0,100.0
2111.11255v1.pdf,8,BaCa2Cu3O5,90 K,5.778151250383644,90.0,2.0,110.0,100.0
2111.11255v1.pdf,8,BaCa2Cu3O5,90 K,5.6020599913279625,90.0,2.5,110.0,100.0
2111.11255v1.pdf,8,BaCa2Cu3O5,90 K,5.477121254719663,90.0,3.0,110.0,100.0
2111.11255v1.pdf,8,BaCa2Cu3O5,90 K,5.301029995663981,90.0,3.5,110.0,100.0
2111.11255v1.pdf,8,BaCa2Cu3O5,90 K,5.176091259055681,90.0,4.0,110.0,100.0
2111.11255v1.pdf,8,BaCa2Cu3O5,90 K,5.0,90.0,4.5,110.0,100.0
2111.11255v1.pdf,8,BaCa2Cu3O5,90 K,4.903089986991944,90.0,5.0,110.0,100.0
2111.11255v1.pdf,8,BaCa2Cu3O5,90 K,4.778151250383644,90.0,5.5,110.0,100.0
2111.11255v1.pdf,8,BaCa2Cu3O5,90 K,4.6020599913279625,90.0,6.0,110.0,100.0
2111.11255v1.pdf,8,BaCa2Cu3O5,90 K,4.477121254719663,90.0,6.5,110.0,100.0
2111.11255v1.pdf,8,BaCa2Cu3O5,90 K,4.301029995663981,90.0,7.0,110.0,100.0
2111.11255v1.pdf,8,BaCa2Cu3O5,95 K,6.176091259055681,95.0,0.0,110.0,100.0
2111.11255v1.pdf,8,BaCa2Cu3O5,95 K,6.0,95.0,0.5,110.0,100.0
2111.11255v1.pdf,8,BaCa2Cu3O5,95 K,5.903089986991944,95.0,1.0,110.0,100.0
2111.11255v1.pdf,8,BaCa2Cu3O5,95 K,5.778151250383644,95.0,1.5,110.0,100.0
2111.11255v1.pdf,8,BaCa2Cu3O5,95 K,5.6020599913279625,95.0,2.0,110.0,100.0
2111.11255v1.pdf,8,BaCa2Cu3O5,95 K,5.477121254719663,95.0,2.5,110.0,100.0
2111.11255v1.pdf,8,BaCa2Cu3O5,95 K,5.301029995663981,95.0,3.0,110.0,100.0
2111.11255v1.pdf,8,BaCa2Cu3O5,95 K,5.176091259055681,95.0,3.5,110.0,100.0
2111.11255v1.pdf,8,BaCa2Cu3O5,95 K,5.0,95.0,4.0,110.0,100.0
2111.11255v1.pdf,8,BaCa2Cu3O5,95 K,4.903089986991944,95.0,4.5,110.0,100.0
2111.11255v1.pdf,8,BaCa2Cu3O5,95 K,4.778151250383644,95.0,5.0,110.0,100.0
2111.11255v1.pdf,8,BaCa2Cu3O5,95 K,4.6020599913279625,95.0,5.5,110.0,100.0
2111.11255v1.pdf,8,BaCa2Cu3O5,95 K,4.477121254719663,95.0,6.0,110.0,100.0
2111.11255v1.pdf,8,BaCa2Cu3O5,95 K,4.301029995663981,95.0,6.5,110.0,100.0
2111.11255v1.pdf,8,BaCa2Cu3O5,95 K,4.0,95.0,7.0,110.0,100.0
2111.11255v1.pdf,8,BaCa2Cu3O5,98 K,6.0,98.0,0.0,110.0,100.0
2111.11255v1.pdf,8,BaCa2Cu3O5,98 K,5.903089986991944,98.0,0.5,110.0,100.0
2111.11255v1.pdf,8,BaCa2Cu3O5,98 K,5.778151250383644,98.0,1.0,110.0,100.0
2111.11255v1.pdf,8,BaCa2Cu3O5,98 K,5.6020599913279625,98.0,1.5,110.0,100.0
2111.11255v1.pdf,8,BaCa2Cu3O5,98 K,5.477121254719663,98.0,2.0,110.0,100.0
2111.11255v1.pdf,8,BaCa2Cu3O5,98 K,5.301029995663981,98.0,2.5,110.0,100.0
2111.11255v1.pdf,8,BaCa2Cu3O5,98 K,5.176091259055681,98.0,3.0,110.0,100.0
2111.11255v1.pdf,8,BaCa2Cu3O5,98 K,5.0,98.0,3.5,110.0,100.0
2111.11255v1.pdf,8,BaCa2Cu3O5,98 K,4.903089986991944,98.0,4.0,110.0,100.0
2111.11255v1.pdf,8,BaCa2Cu3O5,98 K,4.778151250383644,98.0,4.5,110.0,100.0
2111.11255v1.pdf,8,BaCa2Cu3O5,98 K,4.6020599913279625,98.0,5.0,110.0,100.0
2111.11255v1.pdf,8,BaCa2Cu3O5,98 K,4.477121254719663,98.0,5.5,110.0,100.0
2111.11255v1.pdf,8,BaCa2Cu3O5,98 K,4.301029995663981,98.0,6.0,110.0,100.0
2111.11255v1.pdf,8,BaCa2Cu3O5,98 K,4.0,98.0,6.5,110.0,100.0
2111.11255v1.pdf,8,BaCa2Cu3O5,98 K,3.6989700043360174,98.0,7.0,110.0,100.0
2111.11255v1.pdf,8,BaCa2Cu3O5,100 K,5.903089986991944,100.0,0.0,110.0,100.0
2111.11255v1.pdf,8,BaCa2Cu3O5,100 K,5.778151250383644,100.0,0.5,110.0,100.0
2111.11255v1.pdf,8,BaCa2Cu3O5,100 K,5.6020599913279625,100.0,1.0,110.0,100.0
2111.11255v1.pdf,8,BaCa2Cu3O5,100 K,5.477121254719663,100.0,1.5,110.0,100.0
2111.11255v1.pdf,8,BaCa2Cu3O5,100 K,5.301029995663981,100.0,2.0,110.0,100.0
2111.11255v1.pdf,8,BaCa2Cu3O5,100 K,5.176091259055681,100.0,2.5,110.0,100.0
2111.11255v1.pdf,8,BaCa2Cu3O5,100 K,5.0,100.0,3.0,110.0,100.0
2111.11255v1.pdf,8,BaCa2Cu3O5,100 K,4.903089986991944,100.0,3.5,110.0,100.0
2111.11255v1.pdf,8,BaCa2Cu3O5,100 K,4.778151250383644,100.0,4.0,110.0,100.0
2111.11255v1.pdf,8,BaCa2Cu3O5,100 K,4.6020599913279625,100.0,4.5,110.0,100.0
2111.11255v1.pdf,8,BaCa2Cu3O5,100 K,4.477121254719663,100.0,5.0,110.0,100.0
2111.11255v1.pdf,8,BaCa2Cu3O5,100 K,4.301029995663981,100.0,5.5,110.0,100.0
2111.11255v1.pdf,8,BaCa2Cu3O5,100 K,4.0,100.0,6.0,110.0,100.0
2111.11255v1.pdf,8,BaCa2Cu3O5,100 K,3.6989700043360174,100.0,6.5,110.0,100.0
2111.11255v1.pdf,8,BaCa2Cu3O5,100 K,3.3010299956639813,100.0,7.0,110.0,100.0
2111.11670v1.pdf,8,TiV,Y0 4K,6.0,4.0,0.0,5.0,8.0
2111.11670v1.pdf,8,TiV,Y0 4K,5.903089986991944,4.0,0.5,5.0,8.0
2111.11670v1.pdf,8,TiV,Y0 4K,5.778151250383644,4.0,1.0,5.0,8.0
2111.11670v1.pdf,8,TiV,Y0 4K,5.6020599913279625,4.0,1.4999999999999998,5.0,8.0
2111.11670v1.pdf,8,TiV,Y0 4K,5.477121254719663,4.0,2.0,5.0,8.0
2111.11670v1.pdf,8,TiV,Y0 4K,5.301029995663981,4.0,2.5,5.0,8.0
2111.11670v1.pdf,8,TiV,Y0 4K,5.176091259055681,4.0,3.0,5.0,8.0
2111.11670v1.pdf,8,TiV,Y0 4K,5.0,4.0,3.5,5.0,8.0
2111.11670v1.pdf,8,TiV,Y0 4K,4.903089986991944,4.0,4.0,5.0,8.0
2111.11670v1.pdf,8,TiV,Y0 4K,4.778151250383644,4.0,4.5,5.0,8.0
2111.11670v1.pdf,8,TiV,Y0 4K,4.6020599913279625,4.0,5.0,5.0,8.0
2111.11670v1.pdf,8,TiV,Y0 4K,4.477121254719663,4.0,5.5,5.0,8.0
2111.11670v1.pdf,8,TiV,Y0 4K,4.301029995663981,4.0,5.999999999999999,5.0,8.0
2111.11670v1.pdf,8,TiV,Y0 4K,4.176091259055681,4.0,6.5,5.0,8.0
2111.11670v1.pdf,8,TiV,Y0 4K,4.0,4.0,7.0,5.0,8.0
2111.11670v1.pdf,8,TiV,Y1 4K,5.954242509439325,4.0,0.0,5.0,8.0
2111.11670v1.pdf,8,TiV,Y1 4K,5.845098040014257,4.0,0.5,5.0,8.0
2111.11670v1.pdf,8,TiV,Y1 4K,5.698970004336019,4.0,1.0,5.0,8.0
2111.11670v1.pdf,8,TiV,Y1 4K,5.544068044350276,4.0,1.4999999999999998,5.0,8.0
2111.11670v1.pdf,8,TiV,Y1 4K,5.3979400086720375,4.0,2.0,5.0,8.0
2111.11670v1.pdf,8,TiV,Y1 4K,5.2552725051033065,4.0,2.5,5.0,8.0
2111.11670v1.pdf,8,TiV,Y1 4K,5.113943352306837,4.0,3.0,5.0,8.0
2111.11670v1.pdf,8,TiV,Y1 4K,4.954242509439325,4.0,3.5,5.0,8.0
2111.11670v1.pdf,8,TiV,Y1 4K,4.845098040014257,4.0,4.0,5.0,8.0
2111.11670v1.pdf,8,TiV,Y1 4K,4.698970004336019,4.0,4.5,5.0,8.0
2111.11670v1.pdf,8,TiV,Y1 4K,4.544068044350276,4.0,5.0,5.0,8.0
2111.11670v1.pdf,8,TiV,Y1 4K,4.3979400086720375,4.0,5.5,5.0,8.0
2111.11670v1.pdf,8,TiV,Y1 4K,4.2552725051033065,4.0,5.999999999999999,5.0,8.0
2111.11670v1.pdf,8,TiV,Y1 4K,4.113943352306837,4.0,6.5,5.0,8.0
2111.11670v1.pdf,8,TiV,Y1 4K,3.9542425094393248,4.0,7.0,5.0,8.0
2111.11670v1.pdf,8,TiV,Y2 4K,5.929418925714293,4.0,0.0,5.0,8.0
2111.11670v1.pdf,8,TiV,Y2 4K,5.812913356642856,4.0,0.5,5.0,8.0
2111.11670v1.pdf,8,TiV,Y2 4K,5.653212513775344,4.0,1.0,5.0,8.0
2111.11670v1.pdf,8,TiV,Y2 4K,5.477121254719663,4.0,1.4999999999999998,5.0,8.0
2111.11670v1.pdf,8,TiV,Y2 4K,5.301029995663981,4.0,2.0,5.0,8.0
2111.11670v1.pdf,8,TiV,Y2 4K,5.176091259055681,4.0,2.5,5.0,8.0
2111.11670v1.pdf,8,TiV,Y2 4K,5.0,4.0,3.0,5.0,8.0
2111.11670v1.pdf,8,TiV,Y2 4K,4.845098040014257,4.0,3.5,5.0,8.0
2111.11670v1.pdf,8,TiV,Y2 4K,4.698970004336019,4.0,4.0,5.0,8.0
2111.11670v1.pdf,8,TiV,Y2 4K,4.544068044350276,4.0,4.5,5.0,8.0
2111.11670v1.pdf,8,TiV,Y2 4K,4.3979400086720375,4.0,5.0,5.0,8.0
2111.11670v1.pdf,8,TiV,Y2 4K,4.2552725051033065,4.0,5.5,5.0,8.0
2111.11670v1.pdf,8,TiV,Y2 4K,4.113943352306837,4.0,5.999999999999999,5.0,8.0
2111.11670v1.pdf,8,TiV,Y2 4K,3.9542425094393248,4.0,6.5,5.0,8.0
2111.11670v1.pdf,8,TiV,Y2 4K,3.7781512503836434,4.0,7.0,5.0,8.0
2111.11670v1.pdf,8,TiV,Y3 4K,5.903089986991944,4.0,0.0,5.0,8.0
2111.11670v1.pdf,8,TiV,Y3 4K,5.778151250383644,4.0,0.5,5.0,8.0
2111.11670v1.pdf,8,TiV,Y3 4K,5.6020599913279625,4.0,1.0,5.0,8.0
2111.11670v1.pdf,8,TiV,Y3 4K,5.3979400086720375,4.0,1.4999999999999998,5.0,8.0
2111.11670v1.pdf,8,TiV,Y3 4K,5.176091259055681,4.0,2.0,5.0,8.0
2111.11670v1.pdf,8,TiV,Y3 4K,5.0,4.0,2.5,5.0,8.0
2111.11670v1.pdf,8,TiV,Y3 4K,4.845098040014257,4.0,3.0,5.0,8.0
2111.11670v1.pdf,8,TiV,Y3 4K,4.698970004336019,4.0,3.5,5.0,8.0
2111.11670v1.pdf,8,TiV,Y3 4K,4.544068044350276,4.0,4.0,5.0,8.0
2111.11670v1.pdf,8,TiV,Y3 4K,4.3979400086720375,4.0,4.5,5.0,8.0
2111.11670v1.pdf,8,TiV,Y3 4K,4.2552725051033065,4.0,5.0,5.0,8.0
2111.11670v1.pdf,8,TiV,Y3 4K,4.113943352306837,4.0,5.5,5.0,8.0
2111.11670v1.pdf,8,TiV,Y3 4K,3.9542425094393248,4.0,5.999999999999999,5.0,8.0
2111.11670v1.pdf,8,TiV,Y3 4K,3.7781512503836434,4.0,6.5,5.0,8.0
2111.11670v1.pdf,8,TiV,Y3 4K,3.6020599913279625,4.0,7.0,5.0,8.0
2111.11670v1.pdf,8,TiV,Y5 4K,5.8750612633917,4.0,0.0,5.0,8.0
2111.11670v1.pdf,8,TiV,Y5 4K,5.740362689494244,4.0,0.5,5.0,8.0
2111.11670v1.pdf,8,TiV,Y5 4K,5.544068044350276,4.0,1.0,5.0,8.0
2111.11670v1.pdf,8,TiV,Y5 4K,5.301029995663981,4.0,1.4999999999999998,5.0,8.0
2111.11670v1.pdf,8,TiV,Y5 4K,5.079181246047625,4.0,2.0,5.0,8.0
2111.11670v1.pdf,8,TiV,Y5 4K,4.903089986991944,4.0,2.5,5.0,8.0
2111.11670v1.pdf,8,TiV,Y5 4K,4.698970004336019,4.0,3.0,5.0,8.0
2111.11670v1.pdf,8,TiV,Y5 4K,4.544068044350276,4.0,3.5,5.0,8.0
2111.11670v1.pdf,8,TiV,Y5 4K,4.3979400086720375,4.0,4.0,5.0,8.0
2111.11670v1.pdf,8,TiV,Y5 4K,4.2552725051033065,4.0,4.5,5.0,8.0
2111.11670v1.pdf,8,TiV,Y5 4K,4.113943352306837,4.0,5.0,5.0,8.0
2111.11670v1.pdf,8,TiV,Y5 4K,3.9542425094393248,4.0,5.5,5.0,8.0
2111.11670v1.pdf,8,TiV,Y5 4K,3.7781512503836434,4.0,5.999999999999999,5.0,8.0
2111.11670v1.pdf,8,TiV,Y5 4K,3.6020599913279625,4.0,6.5,5.0,8.0
2111.11670v1.pdf,8,TiV,Y5 4K,3.4771212547196626,4.0,7.0,5.0,8.0
2111.11670v1.pdf,8,TiV,Y0 2K,6.0,2.0,0.0,5.0,8.0
2111.11670v1.pdf,8,TiV,Y0 2K,5.954242509439325,2.0,0.5,5.0,8.0
2111.11670v1.pdf,8,TiV,Y0 2K,5.845098040014257,2.0,1.0,5.0,8.0
2111.11670v1.pdf,8,TiV,Y0 2K,5.698970004336019,2.0,1.4999999999999998,5.0,8.0
2111.11670v1.pdf,8,TiV,Y0 2K,5.544068044350276,2.0,2.0,5.0,8.0
2111.11670v1.pdf,8,TiV,Y0 2K,5.3979400086720375,2.0,2.5,5.0,8.0
2111.11670v1.pdf,8,TiV,Y0 2K,5.2552725051033065,2.0,3.0,5.0,8.0
2111.11670v1.pdf,8,TiV,Y0 2K,5.113943352306837,2.0,3.5,5.0,8.0
2111.11670v1.pdf,8,TiV,Y0 2K,4.954242509439325,2.0,4.0,5.0,8.0
2111.11670v1.pdf,8,TiV,Y0 2K,4.845098040014257,2.0,4.5,5.0,8.0
2111.11670v1.pdf,8,TiV,Y0 2K,4.698970004336019,2.0,5.0,5.0,8.0
2111.11670v1.pdf,8,TiV,Y0 2K,4.544068044350276,2.0,5.5,5.0,8.0
2111.11670v1.pdf,8,TiV,Y0 2K,4.3979400086720375,2.0,5.999999999999999,5.0,8.0
2111.11670v1.pdf,8,TiV,Y0 2K,4.2552725051033065,2.0,6.5,5.0,8.0
2111.11670v1.pdf,8,TiV,Y0 2K,4.113943352306837,2.0,7.0,5.0,8.0
2111.11670v1.pdf,8,TiV,Y1 2K,5.977723605288848,2.0,0.0,5.0,8.0
2111.11670v1.pdf,8,TiV,Y1 2K,5.903089986991944,2.0,0.5,5.0,8.0
2111.11670v1.pdf,8,TiV,Y1 2K,5.778151250383644,2.0,1.0,5.0,8.0
2111.11670v1.pdf,8,TiV,Y1 2K,5.6020599913279625,2.0,1.4999999999999998,5.0,8.0
2111.11670v1.pdf,8,TiV,Y1 2K,5.447158031342219,2.0,2.0,5.0,8.0
2111.11670v1.pdf,8,TiV,Y1 2K,5.301029995663981,2.0,2.5,5.0,8.0
2111.11670v1.pdf,8,TiV,Y1 2K,5.176091259055681,2.0,3.0,5.0,8.0
2111.11670v1.pdf,8,TiV,Y1 2K,5.0,2.0,3.5,5.0,8.0
2111.11670v1.pdf,8,TiV,Y1 2K,4.845098040014257,2.0,4.0,5.0,8.0
2111.11670v1.pdf,8,TiV,Y1 2K,4.698970004336019,2.0,4.5,5.0,8.0
2111.11670v1.pdf,8,TiV,Y1 2K,4.544068044350276,2.0,5.0,5.0,8.0
2111.11670v1.pdf,8,TiV,Y1 2K,4.3979400086720375,2.0,5.5,5.0,8.0
2111.11670v1.pdf,8,TiV,Y1 2K,4.2552725051033065,2.0,5.999999999999999,5.0,8.0
2111.11670v1.pdf,8,TiV,Y1 2K,4.113943352306837,2.0,6.5,5.0,8.0
2111.11670v1.pdf,8,TiV,Y1 2K,3.9542425094393248,2.0,7.0,5.0,8.0
2111.11670v1.pdf,8,TiV,Y2 2K,5.954242509439325,2.0,0.0,5.0,8.0
2111.11670v1.pdf,8,TiV,Y2 2K,5.8750612633917,2.0,0.5,5.0,8.0
2111.11670v1.pdf,8,TiV,Y2 2K,5.740362689494244,2.0,1.0,5.0,8.0
2111.11670v1.pdf,8,TiV,Y2 2K,5.544068044350276,2.0,1.4999999999999998,5.0,8.0
2111.11670v1.pdf,8,TiV,Y2 2K,5.361727836017593,2.0,2.0,5.0,8.0
2111.11670v1.pdf,8,TiV,Y2 2K,5.204119982655925,2.0,2.5,5.0,8.0
2111.11670v1.pdf,8,TiV,Y2 2K,5.041392685158225,2.0,3.0,5.0,8.0
2111.11670v1.pdf,8,TiV,Y2 2K,4.903089986991944,2.0,3.5,5.0,8.0
2111.11670v1.pdf,8,TiV,Y2 2K,4.740362689494244,2.0,4.0,5.0,8.0
2111.11670v1.pdf,8,TiV,Y2 2K,4.6020599913279625,2.0,4.5,5.0,8.0
2111.11670v1.pdf,8,TiV,Y2 2K,4.447158031342219,2.0,5.0,5.0,8.0
2111.11670v1.pdf,8,TiV,Y2 2K,4.301029995663981,2.0,5.5,5.0,8.0
2111.11670v1.pdf,8,TiV,Y2 2K,4.146128035678238,2.0,5.999999999999999,5.0,8.0
2111.11670v1.pdf,8,TiV,Y2 2K,4.0,2.0,6.5,5.0,8.0
2111.11670v1.pdf,8,TiV,Y2 2K,3.845098040014257,2.0,7.0,5.0,8.0
2111.11670v1.pdf,8,TiV,Y3 2K,5.929418925714293,2.0,0.0,5.0,8.0
2111.11670v1.pdf,8,TiV,Y3 2K,5.845098040014257,2.0,0.5,5.0,8.0
2111.11670v1.pdf,8,TiV,Y3 2K,5.698970004336019,2.0,1.0,5.0,8.0
2111.11670v1.pdf,8,TiV,Y3 2K,5.505149978319906,2.0,1.4999999999999998,5.0,8.0
2111.11670v1.pdf,8,TiV,Y3 2K,5.301029995663981,2.0,2.0,5.0,8.0
2111.11670v1.pdf,8,TiV,Y3 2K,5.146128035678238,2.0,2.5,5.0,8.0
2111.11670v1.pdf,8,TiV,Y3 2K,4.954242509439325,2.0,3.0,5.0,8.0
2111.11670v1.pdf,8,TiV,Y3 2K,4.778151250383644,2.0,3.5,5.0,8.0
2111.11670v1.pdf,8,TiV,Y3 2K,4.6020599913279625,2.0,4.0,5.0,8.0
2111.11670v1.pdf,8,TiV,Y3 2K,4.447158031342219,2.0,4.5,5.0,8.0
2111.11670v1.pdf,8,TiV,Y3 2K,4.301029995663981,2.0,5.0,5.0,8.0
2111.11670v1.pdf,8,TiV,Y3 2K,4.146128035678238,2.0,5.5,5.0,8.0
2111.11670v1.pdf,8,TiV,Y3 2K,4.0,2.0,5.999999999999999,5.0,8.0
2111.11670v1.pdf,8,TiV,Y3 2K,3.845098040014257,2.0,6.5,5.0,8.0
2111.11670v1.pdf,8,TiV,Y3 2K,3.6989700043360174,2.0,7.0,5.0,8.0
2111.11670v1.pdf,8,TiV,Y5 2K,5.903089986991944,2.0,0.0,5.0,8.0
2111.11670v1.pdf,8,TiV,Y5 2K,5.812913356642856,2.0,0.5,5.0,8.0
2111.11670v1.pdf,8,TiV,Y5 2K,5.653212513775344,2.0,1.0,5.0,8.0
2111.11670v1.pdf,8,TiV,Y5 2K,5.447158031342219,2.0,1.4999999999999998,5.0,8.0
2111.11670v1.pdf,8,TiV,Y5 2K,5.2552725051033065,2.0,2.0,5.0,8.0
2111.11670v1.pdf,8,TiV,Y5 2K,5.079181246047625,2.0,2.5,5.0,8.0
2111.11670v1.pdf,8,TiV,Y5 2K,4.903089986991944,2.0,3.0,5.0,8.0
2111.11670v1.pdf,8,TiV,Y5 2K,4.740362689494244,2.0,3.5,5.0,8.0
2111.11670v1.pdf,8,TiV,Y5 2K,4.57978359661681,2.0,4.0,5.0,8.0
2111.11670v1.pdf,8,TiV,Y5 2K,4.414973347970818,2.0,4.5,5.0,8.0
2111.11670v1.pdf,8,TiV,Y5 2K,4.2552725051033065,2.0,5.0,5.0,8.0
2111.11670v1.pdf,8,TiV,Y5 2K,4.113943352306837,2.0,5.5,5.0,8.0
2111.11670v1.pdf,8,TiV,Y5 2K,3.9542425094393248,2.0,5.999999999999999,5.0,8.0
2111.11670v1.pdf,8,TiV,Y5 2K,3.7781512503836434,2.0,6.5,5.0,8.0
2111.11670v1.pdf,8,TiV,Y5 2K,3.6020599913279625,2.0,7.0,5.0,8.0
2205.06500v1.pdf,25,HfRe2,"2 K, 0 GPa",5.0,2.0,1e-06,5.6,10.0
2205.06500v1.pdf,25,HfRe2,"2 K, 0 GPa",4.954242509439325,2.0,1.2e-06,5.6,10.0
2205.06500v1.pdf,25,HfRe2,"2 K, 0 GPa",4.903089986991944,2.0,1.5e-06,5.6,10.0
2205.06500v1.pdf,25,HfRe2,"2 K, 0 GPa",4.845098040014257,2.0,1.8e-06,5.6,10.0
2205.06500v1.pdf,25,HfRe2,"2 K, 0 GPa",4.778151250383644,2.0,2e-06,5.6,10.0
2205.06500v1.pdf,25,HfRe2,"2 K, 0 GPa",4.698970004336019,2.0,2.5e-06,5.6,10.0
2205.06500v1.pdf,25,HfRe2,"2 K, 0 GPa",4.6020599913279625,2.0,3e-06,5.6,10.0
2205.06500v1.pdf,25,HfRe2,"2 K, 0 GPa",4.544068044350276,2.0,3.5000000000000004e-06,5.6,10.0
2205.06500v1.pdf,25,HfRe2,"2 K, 0 GPa",4.477121254719663,2.0,4e-06,5.6,10.0
2205.06500v1.pdf,25,HfRe2,"2 K, 0 GPa",4.3979400086720375,2.0,4.5e-06,5.6,10.0
2205.06500v1.pdf,25,HfRe2,"2 K, 0 GPa",4.301029995663981,2.0,5e-06,5.6,10.0
2205.06500v1.pdf,25,HfRe2,"2 K, 0 GPa",4.176091259055681,2.0,6e-06,5.6,10.0
2205.06500v1.pdf,25,HfRe2,"2 K, 0 GPa",4.079181246047625,2.0,7.000000000000001e-06,5.6,10.0
2205.06500v1.pdf,25,HfRe2,"2 K, 0 GPa",4.0,2.0,8e-06,5.6,10.0
2205.06500v1.pdf,25,HfRe2,"2 K, 0 GPa",3.903089986991944,2.0,9e-06,5.6,10.0
2205.06500v1.pdf,25,HfRe2,"2 K, 0 GPa",3.845098040014257,2.0,1e-05,5.6,10.0
2205.06500v1.pdf,25,HfRe2,"3 K, 0 GPa",4.954242509439325,3.0,1e-06,5.6,10.0
2205.06500v1.pdf,25,HfRe2,"3 K, 0 GPa",4.929418925714293,3.0,1.2e-06,5.6,10.0
2205.06500v1.pdf,25,HfRe2,"3 K, 0 GPa",4.8750612633917,3.0,1.5e-06,5.6,10.0
2205.06500v1.pdf,25,HfRe2,"3 K, 0 GPa",4.812913356642856,3.0,1.8e-06,5.6,10.0
2205.06500v1.pdf,25,HfRe2,"3 K, 0 GPa",4.740362689494244,3.0,2e-06,5.6,10.0
2205.06500v1.pdf,25,HfRe2,"3 K, 0 GPa",4.653212513775344,3.0,2.5e-06,5.6,10.0
2205.06500v1.pdf,25,HfRe2,"3 K, 0 GPa",4.544068044350276,3.0,3e-06,5.6,10.0
2205.06500v1.pdf,25,HfRe2,"3 K, 0 GPa",4.477121254719663,3.0,3.5000000000000004e-06,5.6,10.0
2205.06500v1.pdf,25,HfRe2,"3 K, 0 GPa",4.3979400086720375,3.0,4e-06,5.6,10.0
2205.06500v1.pdf,25,HfRe2,"3 K, 0 GPa",4.301029995663981,3.0,4.5e-06,5.6,10.0
2205.06500v1.pdf,25,HfRe2,"3 K, 0 GPa",4.176091259055681,3.0,5e-06,5.6,10.0
2205.06500v1.pdf,25,HfRe2,"3 K, 0 GPa",4.079181246047625,3.0,6e-06,5.6,10.0
2205.06500v1.pdf,25,HfRe2,"3 K, 0 GPa",4.0,3.0,7.000000000000001e-06,5.6,10.0
2205.06500v1.pdf,25,HfRe2,"3 K, 0 GPa",3.9542425094393248,3.0,8e-06,5.6,10.0
2205.06500v1.pdf,25,HfRe2,"3 K, 0 GPa",3.903089986991944,3.0,9e-06,5.6,10.0
2205.06500v1.pdf,25,HfRe2,"3 K, 0 GPa",3.845098040014257,3.0,1e-05,5.6,10.0
2205.06500v1.pdf,25,HfRe2,"4 K, 0 GPa",4.903089986991944,4.0,1e-06,5.6,10.0
2205.06500v1.pdf,25,HfRe2,"4 K, 0 GPa",4.8750612633917,4.0,1.2e-06,5.6,10.0
2205.06500v1.pdf,25,HfRe2,"4 K, 0 GPa",4.845098040014257,4.0,1.5e-06,5.6,10.0
2205.06500v1.pdf,25,HfRe2,"4 K, 0 GPa",4.778151250383644,4.0,1.8e-06,5.6,10.0
2205.06500v1.pdf,25,HfRe2,"4 K, 0 GPa",4.698970004336019,4.0,2e-06,5.6,10.0
2205.06500v1.pdf,25,HfRe2,"4 K, 0 GPa",4.6020599913279625,4.0,2.5e-06,5.6,10.0
2205.06500v1.pdf,25,HfRe2,"4 K, 0 GPa",4.477121254719663,4.0,3e-06,5.6,10.0
2205.06500v1.pdf,25,HfRe2,"4 K, 0 GPa",4.3979400086720375,4.0,3.5000000000000004e-06,5.6,10.0
2205.06500v1.pdf,25,HfRe2,"4 K, 0 GPa",4.301029995663981,4.0,4e-06,5.6,10.0
2205.06500v1.pdf,25,HfRe2,"4 K, 0 GPa",4.176091259055681,4.0,4.5e-06,5.6,10.0
2205.06500v1.pdf,25,HfRe2,"4 K, 0 GPa",4.079181246047625,4.0,5e-06,5.6,10.0
2205.06500v1.pdf,25,HfRe2,"4 K, 0 GPa",4.0,4.0,6e-06,5.6,10.0
2205.06500v1.pdf,25,HfRe2,"4 K, 0 GPa",3.9542425094393248,4.0,7.000000000000001e-06,5.6,10.0
2205.06500v1.pdf,25,HfRe2,"4 K, 0 GPa",3.903089986991944,4.0,8e-06,5.6,10.0
2205.06500v1.pdf,25,HfRe2,"4 K, 0 GPa",3.845098040014257,4.0,9e-06,5.6,10.0
2205.06500v1.pdf,25,HfRe2,"4 K, 0 GPa",3.7781512503836434,4.0,1e-05,5.6,10.0
2205.06500v1.pdf,25,HfRe2,"5 K, 0 GPa",4.845098040014257,5.0,1e-06,5.6,10.0
2205.06500v1.pdf,25,HfRe2,"5 K, 0 GPa",4.812913356642856,5.0,1.2e-06,5.6,10.0
2205.06500v1.pdf,25,HfRe2,"5 K, 0 GPa",4.778151250383644,5.0,1.5e-06,5.6,10.0
2205.06500v1.pdf,25,HfRe2,"5 K, 0 GPa",4.698970004336019,5.0,1.8e-06,5.6,10.0
2205.06500v1.pdf,25,HfRe2,"5 K, 0 GPa",4.6020599913279625,5.0,2e-06,5.6,10.0
2205.06500v1.pdf,25,HfRe2,"5 K, 0 GPa",4.477121254719663,5.0,2.5e-06,5.6,10.0
2205.06500v1.pdf,25,HfRe2,"5 K, 0 GPa",4.3979400086720375,5.0,3e-06,5.6,10.0
2205.06500v1.pdf,25,HfRe2,"5 K, 0 GPa",4.301029995663981,5.0,3.5000000000000004e-06,5.6,10.0
2205.06500v1.pdf,25,HfRe2,"5 K, 0 GPa",4.176091259055681,5.0,4e-06,5.6,10.0
2205.06500v1.pdf,25,HfRe2,"5 K, 0 GPa",4.079181246047625,5.0,4.5e-06,5.6,10.0
2205.06500v1.pdf,25,HfRe2,"5 K, 0 GPa",4.0,5.0,5e-06,5.6,10.0
2205.06500v1.pdf,25,HfRe2,"5 K, 0 GPa",3.9542425094393248,5.0,6e-06,5.6,10.0
2205.06500v1.pdf,25,HfRe2,"5 K, 0 GPa",3.903089986991944,5.0,7.000000000000001e-06,5.6,10.0
2205.06500v1.pdf,25,HfRe2,"5 K, 0 GPa",3.845098040014257,5.0,8e-06,5.6,10.0
2205.06500v1.pdf,25,HfRe2,"5 K, 0 GPa",3.7781512503836434,5.0,9e-06,5.6,10.0
2205.06500v1.pdf,25,HfRe2,"5 K, 0 GPa",3.6989700043360174,5.0,1e-05,5.6,10.0
2205.06500v1.pdf,25,HfRe2,"2 K, 1.10 GPa",5.0,2.0,1e-06,5.6,10.0
2205.06500v1.pdf,25,HfRe2,"2 K, 1.10 GPa",4.977723605288848,2.0,1.2e-06,5.6,10.0
2205.06500v1.pdf,25,HfRe2,"2 K, 1.10 GPa",4.929418925714293,2.0,1.5e-06,5.6,10.0
2205.06500v1.pdf,25,HfRe2,"2 K, 1.10 GPa",4.8750612633917,2.0,1.8e-06,5.6,10.0
2205.06500v1.pdf,25,HfRe2,"2 K, 1.10 GPa",4.812913356642856,2.0,2e-06,5.6,10.0
2205.06500v1.pdf,25,HfRe2,"2 K, 1.10 GPa",4.740362689494244,2.0,2.5e-06,5.6,10.0
2205.06500v1.pdf,25,HfRe2,"2 K, 1.10 GPa",4.653212513775344,2.0,3e-06,5.6,10.0
2205.06500v1.pdf,25,HfRe2,"2 K, 1.10 GPa",4.6020599913279625,2.0,3.5000000000000004e-06,5.6,10.0
2205.06500v1.pdf,25,HfRe2,"2 K, 1.10 GPa",4.544068044350276,2.0,4e-06,5.6,10.0
2205.06500v1.pdf,25,HfRe2,"2 K, 1.10 GPa",4.477121254719663,2.0,4.5e-06,5.6,10.0
2205.06500v1.pdf,25,HfRe2,"2 K, 1.10 GPa",4.3979400086720375,2.0,5e-06,5.6,10.0
2205.06500v1.pdf,25,HfRe2,"2 K, 1.10 GPa",4.301029995663981,2.0,6e-06,5.6,10.0
2205.06500v1.pdf,25,HfRe2,"2 K, 1.10 GPa",4.176091259055681,2.0,7.000000000000001e-06,5.6,10.0
2205.06500v1.pdf,25,HfRe2,"2 K, 1.10 GPa",4.079181246047625,2.0,8e-06,5.6,10.0
2205.06500v1.pdf,25,HfRe2,"2 K, 1.10 GPa",4.0,2.0,9e-06,5.6,10.0
2205.06500v1.pdf,25,HfRe2,"2 K, 1.10 GPa",3.9542425094393248,2.0,1e-05,5.6,10.0
2205.06500v1.pdf,25,HfRe2,"3 K, 1.10 GPa",4.954242509439325,3.0,1e-06,5.6,10.0
2205.06500v1.pdf,25,HfRe2,"3 K, 1.10 GPa",4.929418925714293,3.0,1.2e-06,5.6,10.0
2205.06500v1.pdf,25,HfRe2,"3 K, 1.10 GPa",4.903089986991944,3.0,1.5e-06,5.6,10.0
2205.06500v1.pdf,25,HfRe2,"3 K, 1.10 GPa",4.845098040014257,3.0,1.8e-06,5.6,10.0
2205.06500v1.pdf,25,HfRe2,"3 K, 1.10 GPa",4.778151250383644,3.0,2e-06,5.6,10.0
2205.06500v1.pdf,25,HfRe2,"3 K, 1.10 GPa",4.698970004336019,3.0,2.5e-06,5.6,10.0
2205.06500v1.pdf,25,HfRe2,"3 K, 1.10 GPa",4.6020599913279625,3.0,3e-06,5.6,10.0
2205.06500v1.pdf,25,HfRe2,"3 K, 1.10 GPa",4.544068044350276,3.0,3.5000000000000004e-06,5.6,10.0
2205.06500v1.pdf,25,HfRe2,"3 K, 1.10 GPa",4.477121254719663,3.0,4e-06,5.6,10.0
2205.06500v1.pdf,25,HfRe2,"3 K, 1.10 GPa",4.3979400086720375,3.0,4.5e-06,5.6,10.0
2205.06500v1.pdf,25,HfRe2,"3 K, 1.10 GPa",4.301029995663981,3.0,5e-06,5.6,10.0
2205.06500v1.pdf,25,HfRe2,"3 K, 1.10 GPa",4.176091259055681,3.0,6e-06,5.6,10.0
2205.06500v1.pdf,25,HfRe2,"3 K, 1.10 GPa",4.079181246047625,3.0,7.000000000000001e-06,5.6,10.0
2205.06500v1.pdf,25,HfRe2,"3 K, 1.10 GPa",4.0,3.0,8e-06,5.6,10.0
2205.06500v1.pdf,25,HfRe2,"3 K, 1.10 GPa",3.9542425094393248,3.0,9e-06,5.6,10.0
2205.06500v1.pdf,25,HfRe2,"3 K, 1.10 GPa",3.903089986991944,3.0,1e-05,5.6,10.0
2205.06500v1.pdf,25,HfRe2,"4 K, 1.10 GPa",4.903089986991944,4.0,1e-06,5.6,10.0
2205.06500v1.pdf,25,HfRe2,"4 K, 1.10 GPa",4.8750612633917,4.0,1.2e-06,5.6,10.0
2205.06500v1.pdf,25,HfRe2,"4 K, 1.10 GPa",4.845098040014257,4.0,1.5e-06,5.6,10.0
2205.06500v1.pdf,25,HfRe2,"4 K, 1.10 GPa",4.778151250383644,4.0,1.8e-06,5.6,10.0
2205.06500v1.pdf,25,HfRe2,"4 K, 1.10 GPa",4.698970004336019,4.0,2e-06,5.6,10.0
2205.06500v1.pdf,25,HfRe2,"4 K, 1.10 GPa",4.6020599913279625,4.0,2.5e-06,5.6,10.0
2205.06500v1.pdf,25,HfRe2,"4 K, 1.10 GPa",4.544068044350276,4.0,3e-06,5.6,10.0
2205.06500v1.pdf,25,HfRe2,"4 K, 1.10 GPa",4.477121254719663,4.0,3.5000000000000004e-06,5.6,10.0
2205.06500v1.pdf,25,HfRe2,"4 K, 1.10 GPa",4.3979400086720375,4.0,4e-06,5.6,10.0
2205.06500v1.pdf,25,HfRe2,"4 K, 1.10 GPa",4.301029995663981,4.0,4.5e-06,5.6,10.0
2205.06500v1.pdf,25,HfRe2,"4 K, 1.10 GPa",4.176091259055681,4.0,5e-06,5.6,10.0
2205.06500v1.pdf,25,HfRe2,"4 K, 1.10 GPa",4.079181246047625,4.0,6e-06,5.6,10.0
2205.06500v1.pdf,25,HfRe2,"4 K, 1.10 GPa",4.0,4.0,7.000000000000001e-06,5.6,10.0
2205.06500v1.pdf,25,HfRe2,"4 K, 1.10 GPa",3.9542425094393248,4.0,8e-06,5.6,10.0
2205.06500v1.pdf,25,HfRe2,"4 K, 1.10 GPa",3.903089986991944,4.0,9e-06,5.6,10.0
2205.06500v1.pdf,25,HfRe2,"4 K, 1.10 GPa",3.845098040014257,4.0,1e-05,5.6,10.0
2205.06500v1.pdf,25,HfRe2,"5 K, 1.10 GPa",4.845098040014257,5.0,1e-06,5.6,10.0
2205.06500v1.pdf,25,HfRe2,"5 K, 1.10 GPa",4.812913356642856,5.0,1.2e-06,5.6,10.0
2205.06500v1.pdf,25,HfRe2,"5 K, 1.10 GPa",4.778151250383644,5.0,1.5e-06,5.6,10.0
2205.06500v1.pdf,25,HfRe2,"5 K, 1.10 GPa",4.698970004336019,5.0,1.8e-06,5.6,10.0
2205.06500v1.pdf,25,HfRe2,"5 K, 1.10 GPa",4.6020599913279625,5.0,2e-06,5.6,10.0
2205.06500v1.pdf,25,HfRe2,"5 K, 1.10 GPa",4.544068044350276,5.0,2.5e-06,5.6,10.0
2205.06500v1.pdf,25,HfRe2,"5 K, 1.10 GPa",4.477121254719663,5.0,3e-06,5.6,10.0
2205.06500v1.pdf,25,HfRe2,"5 K, 1.10 GPa",4.3979400086720375,5.0,3.5000000000000004e-06,5.6,10.0
2205.06500v1.pdf,25,HfRe2,"5 K, 1.10 GPa",4.301029995663981,5.0,4e-06,5.6,10.0
2205.06500v1.pdf,25,HfRe2,"5 K, 1.10 GPa",4.176091259055681,5.0,4.5e-06,5.6,10.0
2205.06500v1.pdf,25,HfRe2,"5 K, 1.10 GPa",4.079181246047625,5.0,5e-06,5.6,10.0
2205.06500v1.pdf,25,HfRe2,"5 K, 1.10 GPa",4.0,5.0,6e-06,5.6,10.0
2205.06500v1.pdf,25,HfRe2,"5 K, 1.10 GPa",3.9542425094393248,5.0,7.000000000000001e-06,5.6,10.0
2205.06500v1.pdf,25,HfRe2,"5 K, 1.10 GPa",3.903089986991944,5.0,8e-06,5.6,10.0
2205.06500v1.pdf,25,HfRe2,"5 K, 1.10 GPa",3.845098040014257,5.0,9e-06,5.6,10.0
2205.06500v1.pdf,25,HfRe2,"5 K, 1.10 GPa",3.7781512503836434,5.0,1e-05,5.6,10.0
2309.13131v2.pdf,16,Sr2Ca2Cu3(BiO5)2,5 K (0%),9.0,5.0,0.0001,110.0,60.0
2309.13131v2.pdf,16,Sr2Ca2Cu3(BiO5)2,77 K (0%),6.0,77.0,1e-06,110.0,60.0
2309.13131v2.pdf,16,Sr2Ca2Cu3(BiO5)2,77 K (0%),5.954242509439325,77.0,2e-06,110.0,60.0
2309.13131v2.pdf,16,Sr2Ca2Cu3(BiO5)2,77 K (0%),5.903089986991944,77.0,3e-06,110.0,60.0
2309.13131v2.pdf,16,Sr2Ca2Cu3(BiO5)2,77 K (0%),5.8750612633917,77.0,4e-06,110.0,60.0
2309.13131v2.pdf,16,Sr2Ca2Cu3(BiO5)2,77 K (0%),5.845098040014257,77.0,5e-06,110.0,60.0
2309.13131v2.pdf,16,Sr2Ca2Cu3(BiO5)2,77 K (0%),5.812913356642856,77.0,6e-06,110.0,60.0
2309.13131v2.pdf,16,Sr2Ca2Cu3(BiO5)2,77 K (0%),5.778151250383644,77.0,7.000000000000001e-06,110.0,60.0
2309.13131v2.pdf,16,Sr2Ca2Cu3(BiO5)2,77 K (0%),5.763427993562937,77.0,8e-06,110.0,60.0
2309.13131v2.pdf,16,Sr2Ca2Cu3(BiO5)2,77 K (0%),5.740362689494244,77.0,9e-06,110.0,60.0
2309.13131v2.pdf,16,Sr2Ca2Cu3(BiO5)2,77 K (0%),5.7160033436348,77.0,1e-05,110.0,60.0
2309.13131v2.pdf,16,Sr2Ca2Cu3(BiO5)2,77 K (0%),5.681241237375588,77.0,2e-05,110.0,60.0
2309.13131v2.pdf,16,Sr2Ca2Cu3(BiO5)2,77 K (0%),5.653212513775344,77.0,3e-05,110.0,60.0
2309.13131v2.pdf,16,Sr2Ca2Cu3(BiO5)2,77 K (0%),5.623249290397901,77.0,4e-05,110.0,60.0
2309.13131v2.pdf,16,Sr2Ca2Cu3(BiO5)2,77 K (0%),5.6020599913279625,77.0,5e-05,110.0,60.0
2309.13131v2.pdf,16,Sr2Ca2Cu3(BiO5)2,77 K (0%),5.57978359661681,77.0,6e-05,110.0,60.0
2309.13131v2.pdf,16,Sr2Ca2Cu3(BiO5)2,77 K (0%),5.556302500767287,77.0,7e-05,110.0,60.0
2309.13131v2.pdf,16,Sr2Ca2Cu3(BiO5)2,77 K (0%),5.544068044350276,77.0,8e-05,110.0,60.0
2309.13131v2.pdf,16,Sr2Ca2Cu3(BiO5)2,77 K (0%),5.531478917042255,77.0,9e-05,110.0,60.0
2309.13131v2.pdf,16,Sr2Ca2Cu3(BiO5)2,77 K (0%),5.518513939877887,77.0,0.0001,110.0,60.0
2309.13131v2.pdf,16,Sr2Ca2Cu3(BiO5)2,77 K (0.05%),5.903089986991944,77.0,1e-06,110.0,60.0
2309.13131v2.pdf,16,Sr2Ca2Cu3(BiO5)2,77 K (0.05%),5.8750612633917,77.0,2e-06,110.0,60.0
2309.13131v2.pdf,16,Sr2Ca2Cu3(BiO5)2,77 K (0.05%),5.845098040014257,77.0,3e-06,110.0,60.0
2309.13131v2.pdf,16,Sr2Ca2Cu3(BiO5)2,77 K (0.05%),5.812913356642856,77.0,4e-06,110.0,60.0
2309.13131v2.pdf,16,Sr2Ca2Cu3(BiO5)2,77 K (0.05%),5.778151250383644,77.0,5e-06,110.0,60.0
2309.13131v2.pdf,16,Sr2Ca2Cu3(BiO5)2,77 K (0.05%),5.763427993562937,77.0,6e-06,110.0,60.0
2309.13131v2.pdf,16,Sr2Ca2Cu3(BiO5)2,77 K (0.05%),5.740362689494244,77.0,7.000000000000001e-06,110.0,60.0
2309.13131v2.pdf,16,Sr2Ca2Cu3(BiO5)2,77 K (0.05%),5.724275869600789,77.0,8e-06,110.0,60.0
2309.13131v2.pdf,16,Sr2Ca2Cu3(BiO5)2,77 K (0.05%),5.698970004336019,77.0,9e-06,110.0,60.0
2309.13131v2.pdf,16,Sr2Ca2Cu3(BiO5)2,77 K (0.05%),5.681241237375588,77.0,1e-05,110.0,60.0
2309.13131v2.pdf,16,Sr2Ca2Cu3(BiO5)2,77 K (0.05%),5.653212513775344,77.0,2e-05,110.0,60.0
2309.13131v2.pdf,16,Sr2Ca2Cu3(BiO5)2,77 K (0.05%),5.633468455579586,77.0,3e-05,110.0,60.0
2309.13131v2.pdf,16,Sr2Ca2Cu3(BiO5)2,77 K (0.05%),5.612783856719736,77.0,4e-05,110.0,60.0
2309.13131v2.pdf,16,Sr2Ca2Cu3(BiO5)2,77 K (0.05%),5.6020599913279625,77.0,5e-05,110.0,60.0
2309.13131v2.pdf,16,Sr2Ca2Cu3(BiO5)2,77 K (0.05%),5.5910646070265,77.0,6e-05,110.0,60.0
2309.13131v2.pdf,16,Sr2Ca2Cu3(BiO5)2,77 K (0.05%),5.57978359661681,77.0,7e-05,110.0,60.0
2309.13131v2.pdf,16,Sr2Ca2Cu3(BiO5)2,77 K (0.05%),5.568201724066995,77.0,8e-05,110.0,60.0
2309.13131v2.pdf,16,Sr2Ca2Cu3(BiO5)2,77 K (0.05%),5.556302500767287,77.0,9e-05,110.0,60.0
2309.13131v2.pdf,16,Sr2Ca2Cu3(BiO5)2,77 K (0.05%),5.544068044350276,77.0,0.0001,110.0,60.0
2403.19981v1.pdf,9,K(FeAs)2,4.2 K,2.0,4.2,0.1,32.0,10.0
2403.19981v1.pdf,9,K(FeAs)2,4.2 K,1.9030899869919435,4.2,0.5,32.0,10.0
2403.19981v1.pdf,9,K(FeAs)2,4.2 K,1.7781512503836436,4.2,1.0,32.0,10.0
2403.19981v1.pdf,9,K(FeAs)2,4.2 K,1.6989700043360187,4.2,1.5,32.0,10.0
2403.19981v1.pdf,9,K(FeAs)2,4.2 K,1.6020599913279625,4.2,2.0,32.0,10.0
2403.19981v1.pdf,9,K(FeAs)2,4.2 K,1.4771212547196624,4.2,2.5,32.0,10.0
2403.19981v1.pdf,9,K(FeAs)2,4.2 K,1.3979400086720375,4.2,3.0,32.0,10.0
2403.19981v1.pdf,9,K(FeAs)2,4.2 K,1.3010299956639813,4.2,3.5,32.0,10.0
2403.19981v1.pdf,9,K(FeAs)2,4.2 K,1.1760912590556811,4.2,4.0,32.0,10.0
2403.19981v1.pdf,9,K(FeAs)2,4.2 K,1.0791812460476249,4.2,4.5,32.0,10.0
2403.19981v1.pdf,9,K(FeAs)2,4.2 K,1.0,4.2,5.0,32.0,10.0
2403.19981v1.pdf,9,K(FeAs)2,4.2 K,0.9030899869919436,4.2,5.5,32.0,10.0
2403.19981v1.pdf,9,K(FeAs)2,4.2 K,0.7781512503836436,4.2,6.0,32.0,10.0
2403.19981v1.pdf,9,K(FeAs)2,10 K,1.954242509439325,10.0,0.1,32.0,10.0
2403.19981v1.pdf,9,K(FeAs)2,10 K,1.845098040014257,10.0,0.5,32.0,10.0
2403.19981v1.pdf,9,K(FeAs)2,10 K,1.740362689494244,10.0,1.0,32.0,10.0
2403.19981v1.pdf,9,K(FeAs)2,10 K,1.6532125137753435,10.0,1.5,32.0,10.0
2403.19981v1.pdf,9,K(FeAs)2,10 K,1.5440680443502757,10.0,2.0,32.0,10.0
2403.19981v1.pdf,9,K(FeAs)2,10 K,1.4471580313422192,10.0,2.5,32.0,10.0
2403.19981v1.pdf,9,K(FeAs)2,10 K,1.3424226808222062,10.0,3.0,32.0,10.0
2403.19981v1.pdf,9,K(FeAs)2,10 K,1.255272505103306,10.0,3.5,32.0,10.0
2403.19981v1.pdf,9,K(FeAs)2,10 K,1.146128035678238,10.0,4.0,32.0,10.0
2403.19981v1.pdf,9,K(FeAs)2,10 K,1.0413926851582251,10.0,4.5,32.0,10.0
2403.19981v1.pdf,9,K(FeAs)2,10 K,0.9542425094393248,10.0,5.0,32.0,10.0
2403.19981v1.pdf,9,K(FeAs)2,10 K,0.8450980400142568,10.0,5.5,32.0,10.0
2403.19981v1.pdf,9,K(FeAs)2,10 K,0.6989700043360189,10.0,6.0,32.0,10.0
2403.19981v1.pdf,9,K(FeAs)2,15 K,1.9030899869919435,15.0,0.1,32.0,10.0
2403.19981v1.pdf,9,K(FeAs)2,15 K,1.812913356642856,15.0,0.5,32.0,10.0
2403.19981v1.pdf,9,K(FeAs)2,15 K,1.6989700043360187,15.0,1.0,32.0,10.0
2403.19981v1.pdf,9,K(FeAs)2,15 K,1.6020599913279625,15.0,1.5,32.0,10.0
2403.19981v1.pdf,9,K(FeAs)2,15 K,1.505149978319906,15.0,2.0,32.0,10.0
2403.19981v1.pdf,9,K(FeAs)2,15 K,1.414973347970818,15.0,2.5,32.0,10.0
2403.19981v1.pdf,9,K(FeAs)2,15 K,1.3010299956639813,15.0,3.0,32.0,10.0
2403.19981v1.pdf,9,K(FeAs)2,15 K,1.2041199826559248,15.0,3.5,32.0,10.0
2403.19981v1.pdf,9,K(FeAs)2,15 K,1.1139433523068367,15.0,4.0,32.0,10.0
2403.19981v1.pdf,9,K(FeAs)2,15 K,1.0,15.0,4.5,32.0,10.0
2403.19981v1.pdf,9,K(FeAs)2,15 K,0.9030899869919436,15.0,5.0,32.0,10.0
2403.19981v1.pdf,9,K(FeAs)2,15 K,0.7781512503836436,15.0,5.5,32.0,10.0
2403.19981v1.pdf,9,K(FeAs)2,15 K,0.6020599913279624,15.0,6.0,32.0,10.0
2403.19981v1.pdf,9,K(FeAs)2,20 K,1.845098040014257,20.0,0.1,32.0,10.0
2403.19981v1.pdf,9,K(FeAs)2,20 K,1.740362689494244,20.0,0.5,32.0,10.0
2403.19981v1.pdf,9,K(FeAs)2,20 K,1.6532125137753435,20.0,1.0,32.0,10.0
2403.19981v1.pdf,9,K(FeAs)2,20 K,1.5440680443502757,20.0,1.5,32.0,10.0
2403.19981v1.pdf,9,K(FeAs)2,20 K,1.4471580313422192,20.0,2.0,32.0,10.0
2403.19981v1.pdf,9,K(FeAs)2,20 K,1.3424226808222062,20.0,2.5,32.0,10.0
2403.19981v1.pdf,9,K(FeAs)2,20 K,1.255272505103306,20.0,3.0,32.0,10.0
2403.19981v1.pdf,9,K(FeAs)2,20 K,1.146128035678238,20.0,3.5,32.0,10.0
2403.19981v1.pdf,9,K(FeAs)2,20 K,1.0413926851582251,20.0,4.0,32.0,10.0
2403.19981v1.pdf,9,K(FeAs)2,20 K,0.9542425094393248,20.0,4.5,32.0,10.0
2403.19981v1.pdf,9,K(FeAs)2,20 K,0.8450980400142568,20.0,5.0,32.0,10.0
2403.19981v1.pdf,9,K(FeAs)2,20 K,0.6989700043360189,20.0,5.5,32.0,10.0
2403.19981v1.pdf,9,K(FeAs)2,20 K,0.4771212547196624,20.0,6.0,32.0,10.0
2403.19981v1.pdf,9,K(FeAs)2,25 K,1.7781512503836436,25.0,0.1,32.0,10.0
2403.19981v1.pdf,9,K(FeAs)2,25 K,1.6989700043360187,25.0,0.5,32.0,10.0
2403.19981v1.pdf,9,K(FeAs)2,25 K,1.6020599913279625,25.0,1.0,32.0,10.0
2403.19981v1.pdf,9,K(FeAs)2,25 K,1.505149978319906,25.0,1.5,32.0,10.0
2403.19981v1.pdf,9,K(FeAs)2,25 K,1.3979400086720375,25.0,2.0,32.0,10.0
2403.19981v1.pdf,9,K(FeAs)2,25 K,1.3010299956639813,25.0,2.5,32.0,10.0
2403.19981v1.pdf,9,K(FeAs)2,25 K,1.2041199826559248,25.0,3.0,32.0,10.0
2403.19981v1.pdf,9,K(FeAs)2,25 K,1.1139433523068367,25.0,3.5,32.0,10.0
2403.19981v1.pdf,9,K(FeAs)2,25 K,1.0,25.0,4.0,32.0,10.0
2403.19981v1.pdf,9,K(FeAs)2,25 K,0.9030899869919436,25.0,4.5,32.0,10.0
2403.19981v1.pdf,9,K(FeAs)2,25 K,0.7781512503836436,25.0,5.0,32.0,10.0
2403.19981v1.pdf,9,K(FeAs)2,25 K,0.6020599913279624,25.0,5.5,32.0,10.0
2403.19981v1.pdf,9,K(FeAs)2,25 K,0.3010299956639812,25.0,6.0,32.0,10.0
2403.19981v1.pdf,9,K(FeAs)2,30 K,1.6989700043360187,30.0,0.1,32.0,10.0
2403.19981v1.pdf,9,K(FeAs)2,30 K,1.6020599913279625,30.0,0.5,32.0,10.0
2403.19981v1.pdf,9,K(FeAs)2,30 K,1.505149978319906,30.0,1.0,32.0,10.0
2403.19981v1.pdf,9,K(FeAs)2,30 K,1.3979400086720375,30.0,1.5,32.0,10.0
2403.19981v1.pdf,9,K(FeAs)2,30 K,1.3010299956639813,30.0,2.0,32.0,10.0
2403.19981v1.pdf,9,K(FeAs)2,30 K,1.2041199826559248,30.0,2.5,32.0,10.0
2403.19981v1.pdf,9,K(FeAs)2,30 K,1.1139433523068367,30.0,3.0,32.0,10.0
2403.19981v1.pdf,9,K(FeAs)2,30 K,1.0,30.0,3.5,32.0,10.0
2403.19981v1.pdf,9,K(FeAs)2,30 K,0.9030899869919436,30.0,4.0,32.0,10.0
2403.19981v1.pdf,9,K(FeAs)2,30 K,0.7781512503836436,30.0,4.5,32.0,10.0
2403.19981v1.pdf,9,K(FeAs)2,30 K,0.6989700043360189,30.0,5.0,32.0,10.0
2403.19981v1.pdf,9,K(FeAs)2,30 K,0.4771212547196624,30.0,5.5,32.0,10.0
2403.19981v1.pdf,9,K(FeAs)2,30 K,0.3010299956639812,30.0,6.0,32.0,10.0
2407.05493v1.pdf,6,Ga41Mo8,0.8 K,5.477121254719663,0.8,0.0,6.0,8.0
2407.05493v1.pdf,6,Ga41Mo8,0.8 K,5.447158031342219,0.8,1.0,6.0,8.0
2407.05493v1.pdf,6,Ga41Mo8,0.8 K,5.414973347970818,0.8,2.0,6.0,8.0
2407.05493v1.pdf,6,Ga41Mo8,0.8 K,5.380211241711606,0.8,3.0,6.0,8.0
2407.05493v1.pdf,6,Ga41Mo8,0.8 K,5.342422680822207,0.8,4.0,6.0,8.0
2407.05493v1.pdf,6,Ga41Mo8,0.8 K,5.301029995663981,0.8,5.0,6.0,8.0
2407.05493v1.pdf,6,Ga41Mo8,0.8 K,5.2552725051033065,0.8,5.999999999999999,6.0,8.0
2407.05493v1.pdf,6,Ga41Mo8,0.8 K,5.204119982655925,0.8,7.0,6.0,8.0
2407.05493v1.pdf,6,Ga41Mo8,0.8 K,5.146128035678238,0.8,8.0,6.0,8.0
2407.05493v1.pdf,6,Ga41Mo8,1.5 K,5.447158031342219,1.5,0.0,6.0,8.0
2407.05493v1.pdf,6,Ga41Mo8,1.5 K,5.414973347970818,1.5,1.0,6.0,8.0
2407.05493v1.pdf,6,Ga41Mo8,1.5 K,5.380211241711606,1.5,2.0,6.0,8.0
2407.05493v1.pdf,6,Ga41Mo8,1.5 K,5.342422680822207,1.5,3.0,6.0,8.0
2407.05493v1.pdf,6,Ga41Mo8,1.5 K,5.301029995663981,1.5,4.0,6.0,8.0
2407.05493v1.pdf,6,Ga41Mo8,1.5 K,5.2552725051033065,1.5,5.0,6.0,8.0
2407.05493v1.pdf,6,Ga41Mo8,1.5 K,5.204119982655925,1.5,5.999999999999999,6.0,8.0
2407.05493v1.pdf,6,Ga41Mo8,1.5 K,5.146128035678238,1.5,7.0,6.0,8.0
2407.05493v1.pdf,6,Ga41Mo8,1.5 K,5.079181246047625,1.5,8.0,6.0,8.0
2407.05493v1.pdf,6,Ga41Mo8,2 K,5.414973347970818,2.0,0.0,6.0,8.0
2407.05493v1.pdf,6,Ga41Mo8,2 K,5.380211241711606,2.0,1.0,6.0,8.0
2407.05493v1.pdf,6,Ga41Mo8,2 K,5.342422680822207,2.0,2.0,6.0,8.0
2407.05493v1.pdf,6,Ga41Mo8,2 K,5.301029995663981,2.0,3.0,6.0,8.0
2407.05493v1.pdf,6,Ga41Mo8,2 K,5.2552725051033065,2.0,4.0,6.0,8.0
2407.05493v1.pdf,6,Ga41Mo8,2 K,5.204119982655925,2.0,5.0,6.0,8.0
2407.05493v1.pdf,6,Ga41Mo8,2 K,5.146128035678238,2.0,5.999999999999999,6.0,8.0
2407.05493v1.pdf,6,Ga41Mo8,2 K,5.079181246047625,2.0,7.0,6.0,8.0
2407.05493v1.pdf,6,Ga41Mo8,2 K,5.0,2.0,8.0,6.0,8.0
2407.05493v1.pdf,6,Ga41Mo8,3 K,5.380211241711606,3.0,0.0,6.0,8.0
2407.05493v1.pdf,6,Ga41Mo8,3 K,5.342422680822207,3.0,1.0,6.0,8.0
2407.05493v1.pdf,6,Ga41Mo8,3 K,5.301029995663981,3.0,2.0,6.0,8.0
2407.05493v1.pdf,6,Ga41Mo8,3 K,5.2552725051033065,3.0,3.0,6.0,8.0
2407.05493v1.pdf,6,Ga41Mo8,3 K,5.204119982655925,3.0,4.0,6.0,8.0
2407.05493v1.pdf,6,Ga41Mo8,3 K,5.146128035678238,3.0,5.0,6.0,8.0
2407.05493v1.pdf,6,Ga41Mo8,3 K,5.079181246047625,3.0,5.999999999999999,6.0,8.0
2407.05493v1.pdf,6,Ga41Mo8,3 K,5.0,3.0,7.0,6.0,8.0
2407.05493v1.pdf,6,Ga41Mo8,3 K,4.903089986991944,3.0,8.0,6.0,8.0
2407.05493v1.pdf,6,Ga41Mo8,4 K,5.342422680822207,4.0,0.0,6.0,8.0
2407.05493v1.pdf,6,Ga41Mo8,4 K,5.301029995663981,4.0,1.0,6.0,8.0
2407.05493v1.pdf,6,Ga41Mo8,4 K,5.2552725051033065,4.0,2.0,6.0,8.0
2407.05493v1.pdf,6,Ga41Mo8,4 K,5.204119982655925,4.0,3.0,6.0,8.0
2407.05493v1.pdf,6,Ga41Mo8,4 K,5.146128035678238,4.0,4.0,6.0,8.0
2407.05493v1.pdf,6,Ga41Mo8,4 K,5.079181246047625,4.0,5.0,6.0,8.0
2407.05493v1.pdf,6,Ga41Mo8,4 K,5.0,4.0,5.999999999999999,6.0,8.0
2407.05493v1.pdf,6,Ga41Mo8,4 K,4.903089986991944,4.0,7.0,6.0,8.0
2407.05493v1.pdf,6,Ga41Mo8,4 K,4.778151250383644,4.0,8.0,6.0,8.0
2407.05493v1.pdf,6,Ga41Mo8,5 K,5.301029995663981,5.0,0.0,6.0,8.0
2407.05493v1.pdf,6,Ga41Mo8,5 K,5.2552725051033065,5.0,1.0,6.0,8.0
2407.05493v1.pdf,6,Ga41Mo8,5 K,5.204119982655925,5.0,2.0,6.0,8.0
2407.05493v1.pdf,6,Ga41Mo8,5 K,5.146128035678238,5.0,3.0,6.0,8.0
2407.05493v1.pdf,6,Ga41Mo8,5 K,5.079181246047625,5.0,4.0,6.0,8.0
2407.05493v1.pdf,6,Ga41Mo8,5 K,5.0,5.0,5.0,6.0,8.0
2407.05493v1.pdf,6,Ga41Mo8,5 K,4.903089986991944,5.0,5.999999999999999,6.0,8.0
2407.05493v1.pdf,6,Ga41Mo8,5 K,4.778151250383644,5.0,7.0,6.0,8.0
2407.05493v1.pdf,6,Ga41Mo8,5 K,4.6020599913279625,5.0,8.0,6.0,8.0
2407.05493v1.pdf,6,Ga41Mo8,6 K,5.2552725051033065,6.0,0.0,6.0,8.0
2407.05493v1.pdf,6,Ga41Mo8,6 K,5.204119982655925,6.0,1.0,6.0,8.0
2407.05493v1.pdf,6,Ga41Mo8,6 K,5.146128035678238,6.0,2.0,6.0,8.0
2407.05493v1.pdf,6,Ga41Mo8,6 K,5.079181246047625,6.0,3.0,6.0,8.0
2407.05493v1.pdf,6,Ga41Mo8,6 K,5.0,6.0,4.0,6.0,8.0
2407.05493v1.pdf,6,Ga41Mo8,6 K,4.903089986991944,6.0,5.0,6.0,8.0
2407.05493v1.pdf,6,Ga41Mo8,6 K,4.778151250383644,6.0,5.999999999999999,6.0,8.0
2407.05493v1.pdf,6,Ga41Mo8,6 K,4.6020599913279625,6.0,7.0,6.0,8.0
2407.05493v1.pdf,6,Ga41Mo8,6 K,4.301029995663981,6.0,8.0,6.0,8.0
2511.19058v1.pdf,3,FeSe,2 K,6.0,2.0,0.0001,8.5,17.5
2511.19058v1.pdf,3,FeSe,2 K,5.903089986991944,2.0,0.0002,8.5,17.5
2511.19058v1.pdf,3,FeSe,2 K,5.778151250383644,2.0,0.0003,8.5,17.5
2511.19058v1.pdf,3,FeSe,2 K,5.698970004336019,2.0,0.0004,8.5,17.5
2511.19058v1.pdf,3,FeSe,2 K,5.6020599913279625,2.0,0.0005,8.5,17.5
2511.19058v1.pdf,3,FeSe,2 K,5.544068044350276,2.0,0.0006,8.5,17.5
2511.19058v1.pdf,3,FeSe,2 K,5.477121254719663,2.0,0.0007,8.5,17.5
2511.19058v1.pdf,3,FeSe,2 K,5.3979400086720375,2.0,0.0008,8.5,17.5
2511.19058v1.pdf,3,FeSe,2 K,5.301029995663981,2.0,0.0009,8.5,17.5
2511.19058v1.pdf,3,FeSe,2 K,5.2552725051033065,2.0,0.001,8.5,17.5
2511.19058v1.pdf,3,FeSe,2 K,5.176091259055681,2.0,0.002,8.5,17.5
2511.19058v1.pdf,3,FeSe,2 K,5.079181246047625,2.0,0.003,8.5,17.5
2511.19058v1.pdf,3,FeSe,2 K,5.0,2.0,0.004,8.5,17.5
2511.19058v1.pdf,3,FeSe,2 K,4.954242509439325,2.0,0.005,8.5,17.5
2511.19058v1.pdf,3,FeSe,2 K,4.903089986991944,2.0,0.006,8.5,17.5
2511.19058v1.pdf,3,FeSe,2 K,4.845098040014257,2.0,0.007,8.5,17.5
2511.19058v1.pdf,3,FeSe,2 K,4.778151250383644,2.0,0.008,8.5,17.5
2511.19058v1.pdf,3,FeSe,2 K,4.698970004336019,2.0,0.009,8.5,17.5
2511.19058v1.pdf,3,FeSe,2 K,4.6020599913279625,2.0,0.01,8.5,17.5
2511.19058v1.pdf,3,FeSe,3 K,5.954242509439325,3.0,0.0001,8.5,17.5
2511.19058v1.pdf,3,FeSe,3 K,5.845098040014257,3.0,0.0002,8.5,17.5
2511.19058v1.pdf,3,FeSe,3 K,5.740362689494244,3.0,0.0003,8.5,17.5
2511.19058v1.pdf,3,FeSe,3 K,5.653212513775344,3.0,0.0004,8.5,17.5
2511.19058v1.pdf,3,FeSe,3 K,5.57978359661681,3.0,0.0005,8.5,17.5
2511.19058v1.pdf,3,FeSe,3 K,5.505149978319906,3.0,0.0006,8.5,17.5
2511.19058v1.pdf,3,FeSe,3 K,5.447158031342219,3.0,0.0007,8.5,17.5
2511.19058v1.pdf,3,FeSe,3 K,5.380211241711606,3.0,0.0008,8.5,17.5
2511.19058v1.pdf,3,FeSe,3 K,5.301029995663981,3.0,0.0009,8.5,17.5
2511.19058v1.pdf,3,FeSe,3 K,5.230448921378274,3.0,0.001,8.5,17.5
2511.19058v1.pdf,3,FeSe,3 K,5.146128035678238,3.0,0.002,8.5,17.5
2511.19058v1.pdf,3,FeSe,3 K,5.041392685158225,3.0,0.003,8.5,17.5
2511.19058v1.pdf,3,FeSe,3 K,4.977723605288848,3.0,0.004,8.5,17.5
2511.19058v1.pdf,3,FeSe,3 K,4.929418925714293,3.0,0.005,8.5,17.5
2511.19058v1.pdf,3,FeSe,3 K,4.8750612633917,3.0,0.006,8.5,17.5
2511.19058v1.pdf,3,FeSe,3 K,4.812913356642856,3.0,0.007,8.5,17.5
2511.19058v1.pdf,3,FeSe,3 K,4.740362689494244,3.0,0.008,8.5,17.5
2511.19058v1.pdf,3,FeSe,3 K,4.653212513775344,3.0,0.009,8.5,17.5
2511.19058v1.pdf,3,FeSe,3 K,4.544068044350276,3.0,0.01,8.5,17.5
2511.19058v1.pdf,3,FeSe,4 K,5.903089986991944,4.0,0.0001,8.5,17.5
2511.19058v1.pdf,3,FeSe,4 K,5.778151250383644,4.0,0.0002,8.5,17.5
2511.19058v1.pdf,3,FeSe,4 K,5.698970004336019,4.0,0.0003,8.5,17.5
2511.19058v1.pdf,3,FeSe,4 K,5.6020599913279625,4.0,0.0004,8.5,17.5
2511.19058v1.pdf,3,FeSe,4 K,5.544068044350276,4.0,0.0005,8.5,17.5
2511.19058v1.pdf,3,FeSe,4 K,5.477121254719663,4.0,0.0006,8.5,17.5
2511.19058v1.pdf,3,FeSe,4 K,5.414973347970818,4.0,0.0007,8.5,17.5
2511.19058v1.pdf,3,FeSe,4 K,5.342422680822207,4.0,0.0008,8.5,17.5
2511.19058v1.pdf,3,FeSe,4 K,5.278753600952829,4.0,0.0009,8.5,17.5
2511.19058v1.pdf,3,FeSe,4 K,5.204119982655925,4.0,0.001,8.5,17.5
2511.19058v1.pdf,3,FeSe,4 K,5.113943352306837,4.0,0.002,8.5,17.5
2511.19058v1.pdf,3,FeSe,4 K,5.0,4.0,0.003,8.5,17.5
2511.19058v1.pdf,3,FeSe,4 K,4.954242509439325,4.0,0.004,8.5,17.5
2511.19058v1.pdf,3,FeSe,4 K,4.903089986991944,4.0,0.005,8.5,17.5
2511.19058v1.pdf,3,FeSe,4 K,4.845098040014257,4.0,0.006,8.5,17.5
2511.19058v1.pdf,3,FeSe,4 K,4.778151250383644,4.0,0.007,8.5,17.5
2511.19058v1.pdf,3,FeSe,4 K,4.698970004336019,4.0,0.008,8.5,17.5
2511.19058v1.pdf,3,FeSe,4 K,4.6020599913279625,4.0,0.009,8.5,17.5
2511.19058v1.pdf,3,FeSe,4 K,4.477121254719663,4.0,0.01,8.5,17.5
2511.19058v1.pdf,3,FeSe,5 K,5.845098040014257,5.0,0.0001,8.5,17.5
2511.19058v1.pdf,3,FeSe,5 K,5.740362689494244,5.0,0.0002,8.5,17.5
2511.19058v1.pdf,3,FeSe,5 K,5.653212513775344,5.0,0.0003,8.5,17.5
2511.19058v1.pdf,3,FeSe,5 K,5.568201724066995,5.0,0.0004,8.5,17.5
2511.19058v1.pdf,3,FeSe,5 K,5.505149978319906,5.0,0.0005,8.5,17.5
2511.19058v1.pdf,3,FeSe,5 K,5.447158031342219,5.0,0.0006,8.5,17.5
2511.19058v1.pdf,3,FeSe,5 K,5.380211241711606,5.0,0.0007,8.5,17.5
2511.19058v1.pdf,3,FeSe,5 K,5.32221929473392,5.0,0.0008,8.5,17.5
2511.19058v1.pdf,3,FeSe,5 K,5.2552725051033065,5.0,0.0009,8.5,17.5
2511.19058v1.pdf,3,FeSe,5 K,5.176091259055681,5.0,0.001,8.5,17.5
2511.19058v1.pdf,3,FeSe,5 K,5.079181246047625,5.0,0.002,8.5,17.5
2511.19058v1.pdf,3,FeSe,5 K,4.977723605288848,5.0,0.003,8.5,17.5
2511.19058v1.pdf,3,FeSe,5 K,4.929418925714293,5.0,0.004,8.5,17.5
2511.19058v1.pdf,3,FeSe,5 K,4.8750612633917,5.0,0.005,8.5,17.5
2511.19058v1.pdf,3,FeSe,5 K,4.812913356642856,5.0,0.006,8.5,17.5
2511.19058v1.pdf,3,FeSe,5 K,4.740362689494244,5.0,0.007,8.5,17.5
2511.19058v1.pdf,3,FeSe,5 K,4.653212513775344,5.0,0.008,8.5,17.5
2511.19058v1.pdf,3,FeSe,5 K,4.544068044350276,5.0,0.009,8.5,17.5
2511.19058v1.pdf,3,FeSe,5 K,4.3979400086720375,5.0,0.01,8.5,17.5
2511.19058v1.pdf,3,FeSe,6 K,5.778151250383644,6.0,0.0001,8.5,17.5
2511.19058v1.pdf,3,FeSe,6 K,5.698970004336019,6.0,0.0002,8.5,17.5
2511.19058v1.pdf,3,FeSe,6 K,5.6020599913279625,6.0,0.0003,8.5,17.5
2511.19058v1.pdf,3,FeSe,6 K,5.518513939877887,6.0,0.0004,8.5,17.5
2511.19058v1.pdf,3,FeSe,6 K,5.4623979978989565,6.0,0.0005,8.5,17.5
2511.19058v1.pdf,3,FeSe,6 K,5.3979400086720375,6.0,0.0006,8.5,17.5
2511.19058v1.pdf,3,FeSe,6 K,5.342422680822207,6.0,0.0007,8.5,17.5
2511.19058v1.pdf,3,FeSe,6 K,5.278753600952829,6.0,0.0008,8.5,17.5
2511.19058v1.pdf,3,FeSe,6 K,5.204119982655925,6.0,0.0009,8.5,17.5
2511.19058v1.pdf,3,FeSe,6 K,5.146128035678238,6.0,0.001,8.5,17.5
2511.19058v1.pdf,3,FeSe,6 K,5.041392685158225,6.0,0.002,8.5,17.5
2511.19058v1.pdf,3,FeSe,6 K,4.954242509439325,6.0,0.003,8.5,17.5
2511.19058v1.pdf,3,FeSe,6 K,4.903089986991944,6.0,0.004,8.5,17.5
2511.19058v1.pdf,3,FeSe,6 K,4.845098040014257,6.0,0.005,8.5,17.5
2511.19058v1.pdf,3,FeSe,6 K,4.778151250383644,6.0,0.006,8.5,17.5
2511.19058v1.pdf,3,FeSe,6 K,4.698970004336019,6.0,0.007,8.5,17.5
2511.19058v1.pdf,3,FeSe,6 K,4.6020599913279625,6.0,0.008,8.5,17.5
2511.19058v1.pdf,3,FeSe,6 K,4.477121254719663,6.0,0.009,8.5,17.5
2511.19058v1.pdf,3,FeSe,6 K,4.301029995663981,6.0,0.01,8.5,17.5
2511.19058v1.pdf,3,FeSe,7 K,5.698970004336019,7.0,0.0001,8.5,17.5
2511.19058v1.pdf,3,FeSe,7 K,5.6020599913279625,7.0,0.0002,8.5,17.5
2511.19058v1.pdf,3,FeSe,7 K,5.544068044350276,7.0,0.0003,8.5,17.5
2511.19058v1.pdf,3,FeSe,7 K,5.477121254719663,7.0,0.0004,8.5,17.5
2511.19058v1.pdf,3,FeSe,7 K,5.414973347970818,7.0,0.0005,8.5,17.5
2511.19058v1.pdf,3,FeSe,7 K,5.361727836017593,7.0,0.0006,8.5,17.5
2511.19058v1.pdf,3,FeSe,7 K,5.301029995663981,7.0,0.0007,8.5,17.5
2511.19058v1.pdf,3,FeSe,7 K,5.230448921378274,7.0,0.0008,8.5,17.5
2511.19058v1.pdf,3,FeSe,7 K,5.176091259055681,7.0,0.0009,8.5,17.5
2511.19058v1.pdf,3,FeSe,7 K,5.113943352306837,7.0,0.001,8.5,17.5
2511.19058v1.pdf,3,FeSe,7 K,5.0,7.0,0.002,8.5,17.5
2511.19058v1.pdf,3,FeSe,7 K,4.929418925714293,7.0,0.003,8.5,17.5
2511.19058v1.pdf,3,FeSe,7 K,4.8750612633917,7.0,0.004,8.5,17.5
2511.19058v1.pdf,3,FeSe,7 K,4.812913356642856,7.0,0.005,8.5,17.5
2511.19058v1.pdf,3,FeSe,7 K,4.740362689494244,7.0,0.006,8.5,17.5
2511.19058v1.pdf,3,FeSe,7 K,4.653212513775344,7.0,0.007,8.5,17.5
2511.19058v1.pdf,3,FeSe,7 K,4.544068044350276,7.0,0.008,8.5,17.5
2511.19058v1.pdf,3,FeSe,7 K,4.3979400086720375,7.0,0.009,8.5,17.5
2511.19058v1.pdf,3,FeSe,7 K,4.176091259055681,7.0,0.01,8.5,17.5
2511.19058v1.pdf,3,FeSe,8 K,5.6020599913279625,8.0,0.0001,8.5,17.5
2511.19058v1.pdf,3,FeSe,8 K,5.544068044350276,8.0,0.0002,8.5,17.5
2511.19058v1.pdf,3,FeSe,8 K,5.477121254719663,8.0,0.0003,8.5,17.5
2511.19058v1.pdf,3,FeSe,8 K,5.3979400086720375,8.0,0.0004,8.5,17.5
2511.19058v1.pdf,3,FeSe,8 K,5.342422680822207,8.0,0.0005,8.5,17.5
2511.19058v1.pdf,3,FeSe,8 K,5.278753600952829,8.0,0.0006,8.5,17.5
2511.19058v1.pdf,3,FeSe,8 K,5.204119982655925,8.0,0.0007,8.5,17.5
2511.19058v1.pdf,3,FeSe,8 K,5.146128035678238,8.0,0.0008,8.5,17.5
2511.19058v1.pdf,3,FeSe,8 K,5.079181246047625,8.0,0.0009,8.5,17.5
2511.19058v1.pdf,3,FeSe,8 K,5.0,8.0,0.001,8.5,17.5
2511.19058v1.pdf,3,FeSe,8 K,4.903089986991944,8.0,0.002,8.5,17.5
2511.19058v1.pdf,3,FeSe,8 K,4.845098040014257,8.0,0.003,8.5,17.5
2511.19058v1.pdf,3,FeSe,8 K,4.778151250383644,8.0,0.004,8.5,17.5
2511.19058v1.pdf,3,FeSe,8 K,4.698970004336019,8.0,0.005,8.5,17.5
2511.19058v1.pdf,3,FeSe,8 K,4.6020599913279625,8.0,0.006,8.5,17.5
2511.19058v1.pdf,3,FeSe,8 K,4.477121254719663,8.0,0.007,8.5,17.5
2511.19058v1.pdf,3,FeSe,8 K,4.301029995663981,8.0,0.008,8.5,17.5
2511.19058v1.pdf,3,FeSe,8 K,4.176091259055681,8.0,0.009,8.5,17.5
2511.19058v1.pdf,3,FeSe,8 K,4.0,8.0,0.01,8.5,17.5
1103.1809v1.pdf,9,Fe2TeSe,2K,4.0,2.0,0.0,14.0,50.0
1103.1809v1.pdf,9,Fe2TeSe,2K,3.903089986991944,2.0,0.5,14.0,50.0
1103.1809v1.pdf,9,Fe2TeSe,2K,3.845098040014257,2.0,1.0,14.0,50.0
1103.1809v1.pdf,9,Fe2TeSe,2K,3.7781512503836434,2.0,1.5,14.0,50.0
1103.1809v1.pdf,9,Fe2TeSe,2K,3.6989700043360174,2.0,2.0,14.0,50.0
1103.1809v1.pdf,9,Fe2TeSe,2K,3.653212513775344,2.0,2.5,14.0,50.0
1103.1809v1.pdf,9,Fe2TeSe,2K,3.6020599913279625,2.0,3.0,14.0,50.0
1103.1809v1.pdf,9,Fe2TeSe,2K,3.544068044350276,2.0,3.5,14.0,50.0
1103.1809v1.pdf,9,Fe2TeSe,2K,3.4771212547196626,2.0,4.0,14.0,50.0
1103.1809v1.pdf,9,Fe2TeSe,2K,3.4471580313422194,2.0,4.5,14.0,50.0
1103.1809v1.pdf,9,Fe2TeSe,2K,3.4149733479708178,2.0,5.0,14.0,50.0
1103.1809v1.pdf,9,Fe2TeSe,2K,3.380211241711606,2.0,5.5,14.0,50.0
1103.1809v1.pdf,9,Fe2TeSe,2K,3.342422680822206,2.0,6.0,14.0,50.0
1103.1809v1.pdf,9,Fe2TeSe,2K,3.3010299956639813,2.0,6.5,14.0,50.0
1103.1809v1.pdf,9,Fe2TeSe,2K,3.255272505103306,2.0,7.0,14.0,50.0
1103.1809v1.pdf,9,Fe2TeSe,2K,3.204119982655925,2.0,7.5,14.0,50.0
1103.1809v1.pdf,9,Fe2TeSe,2K,3.146128035678238,2.0,8.0,14.0,50.0
1103.1809v1.pdf,9,Fe2TeSe,2K,3.0791812460476247,2.0,8.5,14.0,50.0
1103.1809v1.pdf,9,Fe2TeSe,2K,3.041392685158225,2.0,9.0,14.0,50.0
1103.1809v1.pdf,9,Fe2TeSe,2K,3.0,2.0,10.0,14.0,50.0
1103.1809v1.pdf,9,Fe2TeSe,5K,3.9542425094393248,5.0,0.0,14.0,50.0
1103.1809v1.pdf,9,Fe2TeSe,5K,3.8750612633917,5.0,0.5,14.0,50.0
1103.1809v1.pdf,9,Fe2TeSe,5K,3.812913356642856,5.0,1.0,14.0,50.0
1103.1809v1.pdf,9,Fe2TeSe,5K,3.740362689494244,5.0,1.5,14.0,50.0
1103.1809v1.pdf,9,Fe2TeSe,5K,3.681241237375587,5.0,2.0,14.0,50.0
1103.1809v1.pdf,9,Fe2TeSe,5K,3.6232492903979,5.0,2.5,14.0,50.0
1103.1809v1.pdf,9,Fe2TeSe,5K,3.568201724066995,5.0,3.0,14.0,50.0
1103.1809v1.pdf,9,Fe2TeSe,5K,3.5185139398778875,5.0,3.5,14.0,50.0
1103.1809v1.pdf,9,Fe2TeSe,5K,3.462397997898956,5.0,4.0,14.0,50.0
1103.1809v1.pdf,9,Fe2TeSe,5K,3.4149733479708178,5.0,4.5,14.0,50.0
1103.1809v1.pdf,9,Fe2TeSe,5K,3.380211241711606,5.0,5.0,14.0,50.0
1103.1809v1.pdf,9,Fe2TeSe,5K,3.342422680822206,5.0,5.5,14.0,50.0
1103.1809v1.pdf,9,Fe2TeSe,5K,3.3010299956639813,5.0,6.0,14.0,50.0
1103.1809v1.pdf,9,Fe2TeSe,5K,3.255272505103306,5.0,6.5,14.0,50.0
1103.1809v1.pdf,9,Fe2TeSe,5K,3.204119982655925,5.0,7.0,14.0,50.0
1103.1809v1.pdf,9,Fe2TeSe,5K,3.146128035678238,5.0,7.5,14.0,50.0
1103.1809v1.pdf,9,Fe2TeSe,5K,3.113943352306837,5.0,8.0,14.0,50.0
1103.1809v1.pdf,9,Fe2TeSe,5K,3.0791812460476247,5.0,8.5,14.0,50.0
1103.1809v1.pdf,9,Fe2TeSe,5K,3.041392685158225,5.0,9.0,14.0,50.0
1103.1809v1.pdf,9,Fe2TeSe,5K,3.0,5.0,10.0,14.0,50.0
1303.2586v1.pdf,8,Fe2TeSe,16 K,6.0,16.0,0.1,14.0,50.0
1303.2586v1.pdf,8,Fe2TeSe,16 K,5.903089986991944,16.0,0.2,14.0,50.0
1303.2586v1.pdf,8,Fe2TeSe,16 K,5.778151250383644,16.0,0.3,14.0,50.0
1303.2586v1.pdf,8,Fe2TeSe,16 K,5.6020599913279625,16.0,0.5,14.0,50.0
1303.2586v1.pdf,8,Fe2TeSe,16 K,5.477121254719663,16.0,0.7,14.0,50.0
1303.2586v1.pdf,8,Fe2TeSe,16 K,5.301029995663981,16.0,1.0,14.0,50.0
1303.2586v1.pdf,8,Fe2TeSe,16 K,5.176091259055681,16.0,2.0,14.0,50.0
1303.2586v1.pdf,8,Fe2TeSe,16 K,5.0,16.0,3.0,14.0,50.0
1303.2586v1.pdf,8,Fe2TeSe,16 K,4.903089986991944,16.0,4.0,14.0,50.0
1303.2586v1.pdf,8,Fe2TeSe,16 K,4.778151250383644,16.0,5.0,14.0,50.0
1303.2586v1.pdf,8,Fe2TeSe,16 K,4.698970004336019,16.0,6.0,14.0,50.0
1303.2586v1.pdf,8,Fe2TeSe,16 K,4.6020599913279625,16.0,7.0,14.0,50.0
1303.2586v1.pdf,8,Fe2TeSe,16 K,4.477121254719663,16.0,8.0,14.0,50.0
1303.2586v1.pdf,8,Fe2TeSe,16 K,4.301029995663981,16.0,9.0,14.0,50.0
1303.2586v1.pdf,8,Fe2TeSe,16 K,4.0,16.0,10.0,14.0,50.0
1303.2586v1.pdf,8,Fe2TeSe,15 K,5.954242509439325,15.0,0.1,14.0,50.0
1303.2586v1.pdf,8,Fe2TeSe,15 K,5.845098040014257,15.0,0.2,14.0,50.0
1303.2586v1.pdf,8,Fe2TeSe,15 K,5.698970004336019,15.0,0.3,14.0,50.0
1303.2586v1.pdf,8,Fe2TeSe,15 K,5.544068044350276,15.0,0.5,14.0,50.0
1303.2586v1.pdf,8,Fe2TeSe,15 K,5.3979400086720375,15.0,0.7,14.0,50.0
1303.2586v1.pdf,8,Fe2TeSe,15 K,5.2552725051033065,15.0,1.0,14.0,50.0
1303.2586v1.pdf,8,Fe2TeSe,15 K,5.113943352306837,15.0,2.0,14.0,50.0
1303.2586v1.pdf,8,Fe2TeSe,15 K,4.954242509439325,15.0,3.0,14.0,50.0
1303.2586v1.pdf,8,Fe2TeSe,15 K,4.845098040014257,15.0,4.0,14.0,50.0
1303.2586v1.pdf,8,Fe2TeSe,15 K,4.698970004336019,15.0,5.0,14.0,50.0
1303.2586v1.pdf,8,Fe2TeSe,15 K,4.6020599913279625,15.0,6.0,14.0,50.0
1303.2586v1.pdf,8,Fe2TeSe,15 K,4.477121254719663,15.0,7.0,14.0,50.0
1303.2586v1.pdf,8,Fe2TeSe,15 K,4.301029995663981,15.0,8.0,14.0,50.0
1303.2586v1.pdf,8,Fe2TeSe,15 K,4.176091259055681,15.0,9.0,14.0,50.0
1303.2586v1.pdf,8,Fe2TeSe,15 K,4.0,15.0,10.0,14.0,50.0
1303.2586v1.pdf,8,Fe2TeSe,14 K,5.903089986991944,14.0,0.1,14.0,50.0
1303.2586v1.pdf,8,Fe2TeSe,14 K,5.778151250383644,14.0,0.2,14.0,50.0
1303.2586v1.pdf,8,Fe2TeSe,14 K,5.653212513775344,14.0,0.3,14.0,50.0
1303.2586v1.pdf,8,Fe2TeSe,14 K,5.477121254719663,14.0,0.5,14.0,50.0
1303.2586v1.pdf,8,Fe2TeSe,14 K,5.301029995663981,14.0,0.7,14.0,50.0
1303.2586v1.pdf,8,Fe2TeSe,14 K,5.176091259055681,14.0,1.0,14.0,50.0
1303.2586v1.pdf,8,Fe2TeSe,14 K,5.0,14.0,2.0,14.0,50.0
1303.2586v1.pdf,8,Fe2TeSe,14 K,4.845098040014257,14.0,3.0,14.0,50.0
1303.2586v1.pdf,8,Fe2TeSe,14 K,4.698970004336019,14.0,4.0,14.0,50.0
1303.2586v1.pdf,8,Fe2TeSe,14 K,4.6020599913279625,14.0,5.0,14.0,50.0
1303.2586v1.pdf,8,Fe2TeSe,14 K,4.477121254719663,14.0,6.0,14.0,50.0
1303.2586v1.pdf,8,Fe2TeSe,14 K,4.301029995663981,14.0,7.0,14.0,50.0
1303.2586v1.pdf,8,Fe2TeSe,14 K,4.176091259055681,14.0,8.0,14.0,50.0
1303.2586v1.pdf,8,Fe2TeSe,14 K,4.0,14.0,9.0,14.0,50.0
1303.2586v1.pdf,8,Fe2TeSe,14 K,3.903089986991944,14.0,10.0,14.0,50.0
1303.2586v1.pdf,8,Fe2TeSe,13 K,5.845098040014257,13.0,0.1,14.0,50.0
1303.2586v1.pdf,8,Fe2TeSe,13 K,5.698970004336019,13.0,0.2,14.0,50.0
1303.2586v1.pdf,8,Fe2TeSe,13 K,5.544068044350276,13.0,0.3,14.0,50.0
1303.2586v1.pdf,8,Fe2TeSe,13 K,5.3979400086720375,13.0,0.5,14.0,50.0
1303.2586v1.pdf,8,Fe2TeSe,13 K,5.2552725051033065,13.0,0.7,14.0,50.0
1303.2586v1.pdf,8,Fe2TeSe,13 K,5.079181246047625,13.0,1.0,14.0,50.0
1303.2586v1.pdf,8,Fe2TeSe,13 K,4.903089986991944,13.0,2.0,14.0,50.0
1303.2586v1.pdf,8,Fe2TeSe,13 K,4.778151250383644,13.0,3.0,14.0,50.0
1303.2586v1.pdf,8,Fe2TeSe,13 K,4.6020599913279625,13.0,4.0,14.0,50.0
1303.2586v1.pdf,8,Fe2TeSe,13 K,4.477121254719663,13.0,5.0,14.0,50.0
1303.2586v1.pdf,8,Fe2TeSe,13 K,4.301029995663981,13.0,6.0,14.0,50.0
1303.2586v1.pdf,8,Fe2TeSe,13 K,4.176091259055681,13.0,7.0,14.0,50.0
1303.2586v1.pdf,8,Fe2TeSe,13 K,4.0,13.0,8.0,14.0,50.0
1303.2586v1.pdf,8,Fe2TeSe,13 K,3.903089986991944,13.0,9.0,14.0,50.0
1303.2586v1.pdf,8,Fe2TeSe,13 K,3.7781512503836434,13.0,10.0,14.0,50.0
1303.2586v1.pdf,8,Fe2TeSe,12 K,5.778151250383644,12.0,0.1,14.0,50.0
1303.2586v1.pdf,8,Fe2TeSe,12 K,5.6020599913279625,12.0,0.2,14.0,50.0
1303.2586v1.pdf,8,Fe2TeSe,12 K,5.477121254719663,12.0,0.3,14.0,50.0
1303.2586v1.pdf,8,Fe2TeSe,12 K,5.301029995663981,12.0,0.5,14.0,50.0
1303.2586v1.pdf,8,Fe2TeSe,12 K,5.176091259055681,12.0,0.7,14.0,50.0
1303.2586v1.pdf,8,Fe2TeSe,12 K,5.0,12.0,1.0,14.0,50.0
1303.2586v1.pdf,8,Fe2TeSe,12 K,4.845098040014257,12.0,2.0,14.0,50.0
1303.2586v1.pdf,8,Fe2TeSe,12 K,4.698970004336019,12.0,3.0,14.0,50.0
1303.2586v1.pdf,8,Fe2TeSe,12 K,4.544068044350276,12.0,4.0,14.0,50.0
1303.2586v1.pdf,8,Fe2TeSe,12 K,4.3979400086720375,12.0,5.0,14.0,50.0
1303.2586v1.pdf,8,Fe2TeSe,12 K,4.2552725051033065,12.0,6.0,14.0,50.0
1303.2586v1.pdf,8,Fe2TeSe,12 K,4.079181246047625,12.0,7.0,14.0,50.0
1303.2586v1.pdf,8,Fe2TeSe,12 K,3.9542425094393248,12.0,8.0,14.0,50.0
1303.2586v1.pdf,8,Fe2TeSe,12 K,3.845098040014257,12.0,9.0,14.0,50.0
1303.2586v1.pdf,8,Fe2TeSe,12 K,3.6989700043360174,12.0,10.0,14.0,50.0
1303.2586v1.pdf,8,Fe2TeSe,10 K,5.698970004336019,10.0,0.1,14.0,50.0
1303.2586v1.pdf,8,Fe2TeSe,10 K,5.544068044350276,10.0,0.2,14.0,50.0
1303.2586v1.pdf,8,Fe2TeSe,10 K,5.3979400086720375,10.0,0.3,14.0,50.0
1303.2586v1.pdf,8,Fe2TeSe,10 K,5.2552725051033065,10.0,0.5,14.0,50.0
1303.2586v1.pdf,8,Fe2TeSe,10 K,5.079181246047625,10.0,0.7,14.0,50.0
1303.2586v1.pdf,8,Fe2TeSe,10 K,4.903089986991944,10.0,1.0,14.0,50.0
1303.2586v1.pdf,8,Fe2TeSe,10 K,4.778151250383644,10.0,2.0,14.0,50.0
1303.2586v1.pdf,8,Fe2TeSe,10 K,4.6020599913279625,10.0,3.0,14.0,50.0
1303.2586v1.pdf,8,Fe2TeSe,10 K,4.477121254719663,10.0,4.0,14.0,50.0
1303.2586v1.pdf,8,Fe2TeSe,10 K,4.301029995663981,10.0,5.0,14.0,50.0
1303.2586v1.pdf,8,Fe2TeSe,10 K,4.176091259055681,10.0,6.0,14.0,50.0
1303.2586v1.pdf,8,Fe2TeSe,10 K,4.0,10.0,7.0,14.0,50.0
1303.2586v1.pdf,8,Fe2TeSe,10 K,3.903089986991944,10.0,8.0,14.0,50.0
1303.2586v1.pdf,8,Fe2TeSe,10 K,3.7781512503836434,10.0,9.0,14.0,50.0
1303.2586v1.pdf,8,Fe2TeSe,10 K,3.6020599913279625,10.0,10.0,14.0,50.0
0909.1628v3.pdf,14,Sr2Ca2Cu3(BiO5)2,77K,8.903089986991944,77.0,0.01,110.0,60.0
0909.1628v3.pdf,14,Sr2Ca2Cu3(BiO5)2,77K,8.845098040014257,77.0,0.02,110.0,60.0
0909.1628v3.pdf,14,Sr2Ca2Cu3(BiO5)2,77K,8.778151250383644,77.0,0.05,110.0,60.0
0909.1628v3.pdf,14,Sr2Ca2Cu3(BiO5)2,77K,8.698970004336019,77.0,0.1,110.0,60.0
0909.1628v3.pdf,14,Sr2Ca2Cu3(BiO5)2,77K,8.602059991327963,77.0,0.2,110.0,60.0
0909.1628v3.pdf,14,Sr2Ca2Cu3(BiO5)2,77K,8.477121254719663,77.0,0.5,110.0,60.0
0909.1628v3.pdf,14,Sr2Ca2Cu3(BiO5)2,77K,8.301029995663981,77.0,1.0,110.0,60.0
0909.1628v3.pdf,14,Sr2Ca2Cu3(BiO5)2,77K,8.0,77.0,2.0,110.0,60.0
0909.1628v3.pdf,14,Sr2Ca2Cu3(BiO5)2,77K,7.698970004336019,77.0,5.0,110.0,60.0
0909.1628v3.pdf,14,Sr2Ca2Cu3(BiO5)2,77K,7.301029995663981,77.0,10.0,110.0,60.0
0909.1628v3.pdf,14,Sr2Ca2Cu3(BiO5)2,70K,8.845098040014257,70.0,0.01,110.0,60.0
0909.1628v3.pdf,14,Sr2Ca2Cu3(BiO5)2,70K,8.778151250383644,70.0,0.02,110.0,60.0
0909.1628v3.pdf,14,Sr2Ca2Cu3(BiO5)2,70K,8.698970004336019,70.0,0.05,110.0,60.0
0909.1628v3.pdf,14,Sr2Ca2Cu3(BiO5)2,70K,8.602059991327963,70.0,0.1,110.0,60.0
0909.1628v3.pdf,14,Sr2Ca2Cu3(BiO5)2,70K,8.477121254719663,70.0,0.2,110.0,60.0
0909.1628v3.pdf,14,Sr2Ca2Cu3(BiO5)2,70K,8.301029995663981,70.0,0.5,110.0,60.0
0909.1628v3.pdf,14,Sr2Ca2Cu3(BiO5)2,70K,8.0,70.0,1.0,110.0,60.0
0909.1628v3.pdf,14,Sr2Ca2Cu3(BiO5)2,70K,7.698970004336019,70.0,2.0,110.0,60.0
0909.1628v3.pdf,14,Sr2Ca2Cu3(BiO5)2,70K,7.301029995663981,70.0,5.0,110.0,60.0
0909.1628v3.pdf,14,Sr2Ca2Cu3(BiO5)2,70K,7.0,70.0,10.0,110.0,60.0
0909.1628v3.pdf,14,Sr2Ca2Cu3(BiO5)2,60K,8.778151250383644,60.0,0.01,110.0,60.0
0909.1628v3.pdf,14,Sr2Ca2Cu3(BiO5)2,60K,8.698970004336019,60.0,0.02,110.0,60.0
0909.1628v3.pdf,14,Sr2Ca2Cu3(BiO5)2,60K,8.602059991327963,60.0,0.05,110.0,60.0
0909.1628v3.pdf,14,Sr2Ca2Cu3(BiO5)2,60K,8.477121254719663,60.0,0.1,110.0,60.0
0909.1628v3.pdf,14,Sr2Ca2Cu3(BiO5)2,60K,8.301029995663981,60.0,0.2,110.0,60.0
0909.1628v3.pdf,14,Sr2Ca2Cu3(BiO5)2,60K,8.0,60.0,0.5,110.0,60.0
0909.1628v3.pdf,14,Sr2Ca2Cu3(BiO5)2,60K,7.698970004336019,60.0,1.0,110.0,60.0
0909.1628v3.pdf,14,Sr2Ca2Cu3(BiO5)2,60K,7.301029995663981,60.0,2.0,110.0,60.0
0909.1628v3.pdf,14,Sr2Ca2Cu3(BiO5)2,60K,7.0,60.0,5.0,110.0,60.0
0909.1628v3.pdf,14,Sr2Ca2Cu3(BiO5)2,60K,6.698970004336019,60.0,10.0,110.0,60.0
0909.1628v3.pdf,14,Sr2Ca2Cu3(BiO5)2,50K,8.698970004336019,50.0,0.01,110.0,60.0
0909.1628v3.pdf,14,Sr2Ca2Cu3(BiO5)2,50K,8.602059991327963,50.0,0.02,110.0,60.0
0909.1628v3.pdf,14,Sr2Ca2Cu3(BiO5)2,50K,8.477121254719663,50.0,0.05,110.0,60.0
0909.1628v3.pdf,14,Sr2Ca2Cu3(BiO5)2,50K,8.301029995663981,50.0,0.1,110.0,60.0
0909.1628v3.pdf,14,Sr2Ca2Cu3(BiO5)2,50K,8.0,50.0,0.2,110.0,60.0
0909.1628v3.pdf,14,Sr2Ca2Cu3(BiO5)2,50K,7.698970004336019,50.0,0.5,110.0,60.0
0909.1628v3.pdf,14,Sr2Ca2Cu3(BiO5)2,50K,7.301029995663981,50.0,1.0,110.0,60.0
0909.1628v3.pdf,14,Sr2Ca2Cu3(BiO5)2,50K,7.0,50.0,2.0,110.0,60.0
0909.1628v3.pdf,14,Sr2Ca2Cu3(BiO5)2,50K,6.698970004336019,50.0,5.0,110.0,60.0
0909.1628v3.pdf,14,Sr2Ca2Cu3(BiO5)2,50K,6.301029995663981,50.0,10.0,110.0,60.0
0909.1628v3.pdf,14,Sr2Ca2Cu3(BiO5)2,40K,8.602059991327963,40.0,0.01,110.0,60.0
0909.1628v3.pdf,14,Sr2Ca2Cu3(BiO5)2,40K,8.477121254719663,40.0,0.02,110.0,60.0
0909.1628v3.pdf,14,Sr2Ca2Cu3(BiO5)2,40K,8.301029995663981,40.0,0.05,110.0,60.0
0909.1628v3.pdf,14,Sr2Ca2Cu3(BiO5)2,40K,8.0,40.0,0.1,110.0,60.0
0909.1628v3.pdf,14,Sr2Ca2Cu3(BiO5)2,40K,7.698970004336019,40.0,0.2,110.0,60.0
0909.1628v3.pdf,14,Sr2Ca2Cu3(BiO5)2,40K,7.301029995663981,40.0,0.5,110.0,60.0
0909.1628v3.pdf,14,Sr2Ca2Cu3(BiO5)2,40K,7.0,40.0,1.0,110.0,60.0
0909.1628v3.pdf,14,Sr2Ca2Cu3(BiO5)2,40K,6.698970004336019,40.0,2.0,110.0,60.0
0909.1628v3.pdf,14,Sr2Ca2Cu3(BiO5)2,40K,6.301029995663981,40.0,5.0,110.0,60.0
0909.1628v3.pdf,14,Sr2Ca2Cu3(BiO5)2,40K,6.0,40.0,10.0,110.0,60.0
0904.2442v1.pdf,6,Sm2FeAs2O,5 K,9.0,5.0,6.0,55.0,70.0
0904.2442v1.pdf,6,Sm2FeAs2O,5 K,8.903089986991944,5.0,6.5,55.0,70.0
0904.2442v1.pdf,6,Sm2FeAs2O,5 K,8.778151250383644,5.0,7.0,55.0,70.0
0904.2442v1.pdf,6,Sm2FeAs2O,12.5 K,8.954242509439325,12.5,6.5,55.0,70.0
0904.2442v1.pdf,6,Sm2FeAs2O,12.5 K,8.845098040014257,12.5,7.0,55.0,70.0
0904.2442v1.pdf,6,Sm2FeAs2O,20 K,9.0,20.0,4.5,55.0,70.0
0904.2442v1.pdf,6,Sm2FeAs2O,20 K,8.954242509439325,20.0,5.0,55.0,70.0
0904.2442v1.pdf,6,Sm2FeAs2O,20 K,8.903089986991944,20.0,5.5,55.0,70.0
0904.2442v1.pdf,6,Sm2FeAs2O,20 K,8.845098040014257,20.0,6.0,55.0,70.0
0904.2442v1.pdf,6,Sm2FeAs2O,20 K,8.778151250383644,20.0,6.5,55.0,70.0
0904.2442v1.pdf,6,Sm2FeAs2O,20 K,8.698970004336019,20.0,7.0,55.0,70.0
0904.2442v1.pdf,6,Sm2FeAs2O,27.5 K,9.0,27.5,3.0,55.0,70.0
0904.2442v1.pdf,6,Sm2FeAs2O,27.5 K,8.954242509439325,27.5,3.5,55.0,70.0
0904.2442v1.pdf,6,Sm2FeAs2O,27.5 K,8.903089986991944,27.5,4.0,55.0,70.0
0904.2442v1.pdf,6,Sm2FeAs2O,27.5 K,8.845098040014257,27.5,4.5,55.0,70.0
0904.2442v1.pdf,6,Sm2FeAs2O,27.5 K,8.778151250383644,27.5,5.0,55.0,70.0
0904.2442v1.pdf,6,Sm2FeAs2O,27.5 K,8.740362689494244,27.5,5.5,55.0,70.0
0904.2442v1.pdf,6,Sm2FeAs2O,27.5 K,8.698970004336019,27.5,6.0,55.0,70.0
0904.2442v1.pdf,6,Sm2FeAs2O,27.5 K,8.653212513775344,27.5,6.5,55.0,70.0
0904.2442v1.pdf,6,Sm2FeAs2O,27.5 K,8.602059991327963,27.5,7.0,55.0,70.0
cond-mat_0305208v1.pdf,4,CeIn5Co,1.5 K,4.477121254719663,1.5,0.0,2.3,11.5
cond-mat_0305208v1.pdf,4,CeIn5Co,1.5 K,4.4623979978989565,1.5,1.0,2.3,11.5
cond-mat_0305208v1.pdf,4,CeIn5Co,1.5 K,4.447158031342219,1.5,2.0,2.3,11.5
cond-mat_0305208v1.pdf,4,CeIn5Co,1.5 K,4.431363764158987,1.5,3.0,2.3,11.5
cond-mat_0305208v1.pdf,4,CeIn5Co,1.5 K,4.414973347970818,1.5,4.0,2.3,11.5
cond-mat_0305208v1.pdf,4,CeIn5Co,1.5 K,4.3979400086720375,1.5,5.0,2.3,11.5
cond-mat_0305208v1.pdf,4,CeIn5Co,1.5 K,4.380211241711606,1.5,6.0,2.3,11.5
cond-mat_0305208v1.pdf,4,CeIn5Co,1.5 K,4.361727836017593,1.5,7.0,2.3,11.5
cond-mat_0305208v1.pdf,4,CeIn5Co,1.5 K,4.342422680822207,1.5,8.0,2.3,11.5
cond-mat_0305208v1.pdf,4,CeIn5Co,1.5 K,4.32221929473392,1.5,9.0,2.3,11.5
cond-mat_0305208v1.pdf,4,CeIn5Co,1.5 K,4.301029995663981,1.5,10.0,2.3,11.5
cond-mat_0305208v1.pdf,4,CeIn5Co,1.5 K,4.278753600952829,1.5,11.0,2.3,11.5
cond-mat_0305208v1.pdf,4,CeIn5Co,1.5 K,4.2552725051033065,1.5,12.0,2.3,11.5
cond-mat_0305208v1.pdf,4,CeIn5Co,1.5 K,4.230448921378274,1.5,13.0,2.3,11.5
cond-mat_0305208v1.pdf,4,CeIn5Co,1.5 K,4.204119982655925,1.5,14.0,2.3,11.5
cond-mat_0305208v1.pdf,4,CeIn5Co,1.5 K,4.176091259055681,1.5,15.0,2.3,11.5
cond-mat_0305208v1.pdf,4,CeIn5Co,1.5 K,4.146128035678238,1.5,16.0,2.3,11.5
cond-mat_0305208v1.pdf,4,CeIn5Co,1.5 K,4.113943352306837,1.5,17.0,2.3,11.5
cond-mat_0305208v1.pdf,4,CeIn5Co,1.5 K,4.079181246047625,1.5,18.0,2.3,11.5
cond-mat_0305208v1.pdf,4,CeIn5Co,1.5 K,4.041392685158225,1.5,19.0,2.3,11.5
cond-mat_0305208v1.pdf,4,CeIn5Co,1.5 K,4.0,1.5,20.0,2.3,11.5
cond-mat_0305208v1.pdf,4,CeIn5Co,1.6 K,4.447158031342219,1.6,0.0,2.3,11.5
cond-mat_0305208v1.pdf,4,CeIn5Co,1.6 K,4.431363764158987,1.6,1.0,2.3,11.5
cond-mat_0305208v1.pdf,4,CeIn5Co,1.6 K,4.414973347970818,1.6,2.0,2.3,11.5
cond-mat_0305208v1.pdf,4,CeIn5Co,1.6 K,4.3979400086720375,1.6,3.0,2.3,11.5
cond-mat_0305208v1.pdf,4,CeIn5Co,1.6 K,4.380211241711606,1.6,4.0,2.3,11.5
cond-mat_0305208v1.pdf,4,CeIn5Co,1.6 K,4.361727836017593,1.6,5.0,2.3,11.5
cond-mat_0305208v1.pdf,4,CeIn5Co,1.6 K,4.342422680822207,1.6,6.0,2.3,11.5
cond-mat_0305208v1.pdf,4,CeIn5Co,1.6 K,4.32221929473392,1.6,7.0,2.3,11.5
cond-mat_0305208v1.pdf,4,CeIn5Co,1.6 K,4.301029995663981,1.6,8.0,2.3,11.5
cond-mat_0305208v1.pdf,4,CeIn5Co,1.6 K,4.278753600952829,1.6,9.0,2.3,11.5
cond-mat_0305208v1.pdf,4,CeIn5Co,1.6 K,4.2552725051033065,1.6,10.0,2.3,11.5
cond-mat_0305208v1.pdf,4,CeIn5Co,1.6 K,4.230448921378274,1.6,11.0,2.3,11.5
cond-mat_0305208v1.pdf,4,CeIn5Co,1.6 K,4.204119982655925,1.6,12.0,2.3,11.5
cond-mat_0305208v1.pdf,4,CeIn5Co,1.6 K,4.176091259055681,1.6,13.0,2.3,11.5
cond-mat_0305208v1.pdf,4,CeIn5Co,1.6 K,4.146128035678238,1.6,14.0,2.3,11.5
cond-mat_0305208v1.pdf,4,CeIn5Co,1.6 K,4.113943352306837,1.6,15.0,2.3,11.5
cond-mat_0305208v1.pdf,4,CeIn5Co,1.6 K,4.079181246047625,1.6,16.0,2.3,11.5
cond-mat_0305208v1.pdf,4,CeIn5Co,1.6 K,4.041392685158225,1.6,17.0,2.3,11.5
cond-mat_0305208v1.pdf,4,CeIn5Co,1.6 K,4.0,1.6,18.0,2.3,11.5
cond-mat_0305208v1.pdf,4,CeIn5Co,1.6 K,3.9542425094393248,1.6,19.0,2.3,11.5
cond-mat_0305208v1.pdf,4,CeIn5Co,1.6 K,3.903089986991944,1.6,20.0,2.3,11.5
cond-mat_0305208v1.pdf,4,CeIn5Co,1.8 K,4.414973347970818,1.8,0.0,2.3,11.5
cond-mat_0305208v1.pdf,4,CeIn5Co,1.8 K,4.3979400086720375,1.8,1.0,2.3,11.5
cond-mat_0305208v1.pdf,4,CeIn5Co,1.8 K,4.380211241711606,1.8,2.0,2.3,11.5
cond-mat_0305208v1.pdf,4,CeIn5Co,1.8 K,4.361727836017593,1.8,3.0,2.3,11.5
cond-mat_0305208v1.pdf,4,CeIn5Co,1.8 K,4.342422680822207,1.8,4.0,2.3,11.5
cond-mat_0305208v1.pdf,4,CeIn5Co,1.8 K,4.32221929473392,1.8,5.0,2.3,11.5
cond-mat_0305208v1.pdf,4,CeIn5Co,1.8 K,4.301029995663981,1.8,6.0,2.3,11.5
cond-mat_0305208v1.pdf,4,CeIn5Co,1.8 K,4.278753600952829,1.8,7.0,2.3,11.5
cond-mat_0305208v1.pdf,4,CeIn5Co,1.8 K,4.2552725051033065,1.8,8.0,2.3,11.5
cond-mat_0305208v1.pdf,4,CeIn5Co,1.8 K,4.230448921378274,1.8,9.0,2.3,11.5
cond-mat_0305208v1.pdf,4,CeIn5Co,1.8 K,4.204119982655925,1.8,10.0,2.3,11.5
cond-mat_0305208v1.pdf,4,CeIn5Co,1.8 K,4.176091259055681,1.8,11.0,2.3,11.5
cond-mat_0305208v1.pdf,4,CeIn5Co,1.8 K,4.146128035678238,1.8,12.0,2.3,11.5
cond-mat_0305208v1.pdf,4,CeIn5Co,1.8 K,4.113943352306837,1.8,13.0,2.3,11.5
cond-mat_0305208v1.pdf,4,CeIn5Co,1.8 K,4.079181246047625,1.8,14.0,2.3,11.5
cond-mat_0305208v1.pdf,4,CeIn5Co,1.8 K,4.041392685158225,1.8,15.0,2.3,11.5
cond-mat_0305208v1.pdf,4,CeIn5Co,1.8 K,4.0,1.8,16.0,2.3,11.5
cond-mat_0305208v1.pdf,4,CeIn5Co,1.8 K,3.9542425094393248,1.8,17.0,2.3,11.5
cond-mat_0305208v1.pdf,4,CeIn5Co,1.8 K,3.903089986991944,1.8,18.0,2.3,11.5
cond-mat_0305208v1.pdf,4,CeIn5Co,1.8 K,3.845098040014257,1.8,19.0,2.3,11.5
cond-mat_0305208v1.pdf,4,CeIn5Co,1.8 K,3.7781512503836434,1.8,20.0,2.3,11.5
cond-mat_0305208v1.pdf,4,CeIn5Co,2.0 K,4.380211241711606,2.0,0.0,2.3,11.5
cond-mat_0305208v1.pdf,4,CeIn5Co,2.0 K,4.361727836017593,2.0,1.0,2.3,11.5
cond-mat_0305208v1.pdf,4,CeIn5Co,2.0 K,4.342422680822207,2.0,2.0,2.3,11.5
cond-mat_0305208v1.pdf,4,CeIn5Co,2.0 K,4.32221929473392,2.0,3.0,2.3,11.5
cond-mat_0305208v1.pdf,4,CeIn5Co,2.0 K,4.301029995663981,2.0,4.0,2.3,11.5
cond-mat_0305208v1.pdf,4,CeIn5Co,2.0 K,4.278753600952829,2.0,5.0,2.3,11.5
cond-mat_0305208v1.pdf,4,CeIn5Co,2.0 K,4.2552725051033065,2.0,6.0,2.3,11.5
cond-mat_0305208v1.pdf,4,CeIn5Co,2.0 K,4.230448921378274,2.0,7.0,2.3,11.5
cond-mat_0305208v1.pdf,4,CeIn5Co,2.0 K,4.204119982655925,2.0,8.0,2.3,11.5
cond-mat_0305208v1.pdf,4,CeIn5Co,2.0 K,4.176091259055681,2.0,9.0,2.3,11.5
cond-mat_0305208v1.pdf,4,CeIn5Co,2.0 K,4.146128035678238,2.0,10.0,2.3,11.5
cond-mat_0305208v1.pdf,4,CeIn5Co,2.0 K,4.113943352306837,2.0,11.0,2.3,11.5
cond-mat_0305208v1.pdf,4,CeIn5Co,2.0 K,4.079181246047625,2.0,12.0,2.3,11.5
cond-mat_0305208v1.pdf,4,CeIn5Co,2.0 K,4.041392685158225,2.0,13.0,2.3,11.5
cond-mat_0305208v1.pdf,4,CeIn5Co,2.0 K,4.0,2.0,14.0,2.3,11.5
cond-mat_0305208v1.pdf,4,CeIn5Co,2.0 K,3.9542425094393248,2.0,15.0,2.3,11.5
cond-mat_0305208v1.pdf,4,CeIn5Co,2.0 K,3.903089986991944,2.0,16.0,2.3,11.5
cond-mat_0305208v1.pdf,4,CeIn5Co,2.0 K,3.845098040014257,2.0,17.0,2.3,11.5
cond-mat_0305208v1.pdf,4,CeIn5Co,2.0 K,3.7781512503836434,2.0,18.0,2.3,11.5
cond-mat_0305208v1.pdf,4,CeIn5Co,2.0 K,3.6989700043360174,2.0,19.0,2.3,11.5
cond-mat_0305208v1.pdf,4,CeIn5Co,2.0 K,3.6020599913279625,2.0,20.0,2.3,11.5
0102114v1.pdf,3,MgB2,30K,5.0,30.0,0.0,39.0,16.0
0102114v1.pdf,3,MgB2,30K,4.954242509439325,30.0,5e-05,39.0,16.0
0102114v1.pdf,3,MgB2,30K,4.903089986991944,30.0,0.0001,39.0,16.0
0102114v1.pdf,3,MgB2,30K,4.845098040014257,30.0,0.00015,39.0,16.0
0102114v1.pdf,3,MgB2,30K,4.778151250383644,30.0,0.0002,39.0,16.0
0102114v1.pdf,3,MgB2,30K,4.698970004336019,30.0,0.00025,39.0,16.0
0102114v1.pdf,3,MgB2,30K,4.6020599913279625,30.0,0.0003,39.0,16.0
0102114v1.pdf,3,MgB2,30K,4.477121254719663,30.0,0.00035,39.0,16.0
0102114v1.pdf,3,MgB2,30K,4.301029995663981,30.0,0.0004,39.0,16.0
0102114v1.pdf,3,MgB2,30K,4.176091259055681,30.0,0.00045,39.0,16.0
0102114v1.pdf,3,MgB2,30K,4.0,30.0,0.0005,39.0,16.0
0102114v1.pdf,3,MgB2,30K,3.903089986991944,30.0,0.00055,39.0,16.0
0102114v1.pdf,3,MgB2,30K,3.845098040014257,30.0,0.0006,39.0,16.0
0102114v1.pdf,3,MgB2,4.2K,6.0,4.2,0.0,39.0,16.0
0102114v1.pdf,3,MgB2,4.2K,5.954242509439325,4.2,5e-05,39.0,16.0
0102114v1.pdf,3,MgB2,4.2K,5.903089986991944,4.2,0.0001,39.0,16.0
0102114v1.pdf,3,MgB2,4.2K,5.845098040014257,4.2,0.00015,39.0,16.0
0102114v1.pdf,3,MgB2,4.2K,5.778151250383644,4.2,0.0002,39.0,16.0
0102114v1.pdf,3,MgB2,4.2K,5.698970004336019,4.2,0.00025,39.0,16.0
0102114v1.pdf,3,MgB2,4.2K,5.6020599913279625,4.2,0.0003,39.0,16.0
0102114v1.pdf,3,MgB2,4.2K,5.477121254719663,4.2,0.00035,39.0,16.0
0102114v1.pdf,3,MgB2,4.2K,5.301029995663981,4.2,0.0004,39.0,16.0
0102114v1.pdf,3,MgB2,4.2K,5.176091259055681,4.2,0.00045,39.0,16.0
0102114v1.pdf,3,MgB2,4.2K,5.0,4.2,0.0005,39.0,16.0
0102114v1.pdf,3,MgB2,4.2K,4.903089986991944,4.2,0.00055,39.0,16.0
0102114v1.pdf,3,MgB2,4.2K,4.845098040014257,4.2,0.0006,39.0,16.0
0102320v2.pdf,6,MgB2,T=5K,6.0,5.0,0.0,39.0,16.0
0102320v2.pdf,6,MgB2,T=5K,5.903089986991944,5.0,0.5,39.0,16.0
0102320v2.pdf,6,MgB2,T=5K,5.778151250383644,5.0,1.0,39.0,16.0
0102320v2.pdf,6,MgB2,T=5K,5.6020599913279625,5.0,1.5,39.0,16.0
0102320v2.pdf,6,MgB2,T=5K,5.477121254719663,5.0,2.0,39.0,16.0
0102320v2.pdf,6,MgB2,T=5K,5.301029995663981,5.0,2.5,39.0,16.0
0102320v2.pdf,6,MgB2,T=5K,5.176091259055681,5.0,3.0,39.0,16.0
0102320v2.pdf,6,MgB2,T=5K,5.0,5.0,3.5,39.0,16.0
0102320v2.pdf,6,MgB2,T=5K,4.903089986991944,5.0,4.0,39.0,16.0
0102320v2.pdf,6,MgB2,T=5K,4.778151250383644,5.0,4.5,39.0,16.0
0102320v2.pdf,6,MgB2,T=5K,4.6020599913279625,5.0,5.0,39.0,16.0
0102320v2.pdf,6,MgB2,T=5K,4.477121254719663,5.0,5.5,39.0,16.0
0102320v2.pdf,6,MgB2,T=5K,4.301029995663981,5.0,6.0,39.0,16.0
0102320v2.pdf,6,MgB2,T=5K,4.176091259055681,5.0,6.5,39.0,16.0
0102320v2.pdf,6,MgB2,T=5K,4.0,5.0,7.0,39.0,16.0
0102320v2.pdf,6,MgB2,T=5K,3.903089986991944,5.0,7.5,39.0,16.0
0102320v2.pdf,6,MgB2,T=5K,3.7781512503836434,5.0,8.0,39.0,16.0
0102320v2.pdf,6,MgB2,T=10K,5.903089986991944,10.0,0.0,39.0,16.0
0102320v2.pdf,6,MgB2,T=10K,5.778151250383644,10.0,0.5,39.0,16.0
0102320v2.pdf,6,MgB2,T=10K,5.698970004336019,10.0,1.0,39.0,16.0
0102320v2.pdf,6,MgB2,T=10K,5.6020599913279625,10.0,1.5,39.0,16.0
0102320v2.pdf,6,MgB2,T=10K,5.477121254719663,10.0,2.0,39.0,16.0
0102320v2.pdf,6,MgB2,T=10K,5.301029995663981,10.0,2.5,39.0,16.0
0102320v2.pdf,6,MgB2,T=10K,5.176091259055681,10.0,3.0,39.0,16.0
0102320v2.pdf,6,MgB2,T=10K,5.0,10.0,3.5,39.0,16.0
0102320v2.pdf,6,MgB2,T=10K,4.903089986991944,10.0,4.0,39.0,16.0
0102320v2.pdf,6,MgB2,T=10K,4.778151250383644,10.0,4.5,39.0,16.0
0102320v2.pdf,6,MgB2,T=10K,4.6020599913279625,10.0,5.0,39.0,16.0
0102320v2.pdf,6,MgB2,T=10K,4.477121254719663,10.0,5.5,39.0,16.0
0102320v2.pdf,6,MgB2,T=10K,4.301029995663981,10.0,6.0,39.0,16.0
0102320v2.pdf,6,MgB2,T=10K,4.176091259055681,10.0,6.5,39.0,16.0
0102320v2.pdf,6,MgB2,T=10K,4.0,10.0,7.0,39.0,16.0
0102320v2.pdf,6,MgB2,T=10K,3.903089986991944,10.0,7.5,39.0,16.0
0102320v2.pdf,6,MgB2,T=10K,3.7781512503836434,10.0,8.0,39.0,16.0
0102320v2.pdf,6,MgB2,T=15K,5.778151250383644,15.0,0.0,39.0,16.0
0102320v2.pdf,6,MgB2,T=15K,5.698970004336019,15.0,0.5,39.0,16.0
0102320v2.pdf,6,MgB2,T=15K,5.6020599913279625,15.0,1.0,39.0,16.0
0102320v2.pdf,6,MgB2,T=15K,5.477121254719663,15.0,1.5,39.0,16.0
0102320v2.pdf,6,MgB2,T=15K,5.301029995663981,15.0,2.0,39.0,16.0
0102320v2.pdf,6,MgB2,T=15K,5.176091259055681,15.0,2.5,39.0,16.0
0102320v2.pdf,6,MgB2,T=15K,5.0,15.0,3.0,39.0,16.0
0102320v2.pdf,6,MgB2,T=15K,4.903089986991944,15.0,3.5,39.0,16.0
0102320v2.pdf,6,MgB2,T=15K,4.778151250383644,15.0,4.0,39.0,16.0
0102320v2.pdf,6,MgB2,T=15K,4.6020599913279625,15.0,4.5,39.0,16.0
0102320v2.pdf,6,MgB2,T=15K,4.477121254719663,15.0,5.0,39.0,16.0
0102320v2.pdf,6,MgB2,T=15K,4.301029995663981,15.0,5.5,39.0,16.0
0102320v2.pdf,6,MgB2,T=15K,4.176091259055681,15.0,6.0,39.0,16.0
0102320v2.pdf,6,MgB2,T=15K,4.0,15.0,6.5,39.0,16.0
0102320v2.pdf,6,MgB2,T=15K,3.903089986991944,15.0,7.0,39.0,16.0
0102320v2.pdf,6,MgB2,T=15K,3.7781512503836434,15.0,7.5,39.0,16.0
0102320v2.pdf,6,MgB2,T=15K,3.6020599913279625,15.0,8.0,39.0,16.0
0102320v2.pdf,6,MgB2,T=20K,5.698970004336019,20.0,0.0,39.0,16.0
0102320v2.pdf,6,MgB2,T=20K,5.6020599913279625,20.0,0.5,39.0,16.0
0102320v2.pdf,6,MgB2,T=20K,5.477121254719663,20.0,1.0,39.0,16.0
0102320v2.pdf,6,MgB2,T=20K,5.301029995663981,20.0,1.5,39.0,16.0
0102320v2.pdf,6,MgB2,T=20K,5.176091259055681,20.0,2.0,39.0,16.0
0102320v2.pdf,6,MgB2,T=20K,5.0,20.0,2.5,39.0,16.0
0102320v2.pdf,6,MgB2,T=20K,4.903089986991944,20.0,3.0,39.0,16.0
0102320v2.pdf,6,MgB2,T=20K,4.778151250383644,20.0,3.5,39.0,16.0
0102320v2.pdf,6,MgB2,T=20K,4.6020599913279625,20.0,4.0,39.0,16.0
0102320v2.pdf,6,MgB2,T=20K,4.477121254719663,20.0,4.5,39.0,16.0
0102320v2.pdf,6,MgB2,T=20K,4.301029995663981,20.0,5.0,39.0,16.0
0102320v2.pdf,6,MgB2,T=20K,4.176091259055681,20.0,5.5,39.0,16.0
0102320v2.pdf,6,MgB2,T=20K,4.0,20.0,6.0,39.0,16.0
0102320v2.pdf,6,MgB2,T=20K,3.903089986991944,20.0,6.5,39.0,16.0
0102320v2.pdf,6,MgB2,T=20K,3.7781512503836434,20.0,7.0,39.0,16.0
0102320v2.pdf,6,MgB2,T=20K,3.6020599913279625,20.0,7.5,39.0,16.0
0102320v2.pdf,6,MgB2,T=20K,3.4771212547196626,20.0,8.0,39.0,16.0
0102320v2.pdf,6,MgB2,T=30K,5.477121254719663,30.0,0.0,39.0,16.0
0102320v2.pdf,6,MgB2,T=30K,5.301029995663981,30.0,0.5,39.0,16.0
0102320v2.pdf,6,MgB2,T=30K,5.176091259055681,30.0,1.0,39.0,16.0
0102320v2.pdf,6,MgB2,T=30K,5.0,30.0,1.5,39.0,16.0
0102320v2.pdf,6,MgB2,T=30K,4.903089986991944,30.0,2.0,39.0,16.0
0102320v2.pdf,6,MgB2,T=30K,4.778151250383644,30.0,2.5,39.0,16.0
0102320v2.pdf,6,MgB2,T=30K,4.6020599913279625,30.0,3.0,39.0,16.0
0102320v2.pdf,6,MgB2,T=30K,4.477121254719663,30.0,3.5,39.0,16.0
0102320v2.pdf,6,MgB2,T=30K,4.301029995663981,30.0,4.0,39.0,16.0
0102320v2.pdf,6,MgB2,T=30K,4.176091259055681,30.0,4.5,39.0,16.0
0102320v2.pdf,6,MgB2,T=30K,4.0,30.0,5.0,39.0,16.0
0102320v2.pdf,6,MgB2,T=30K,3.903089986991944,30.0,5.5,39.0,16.0
0102320v2.pdf,6,MgB2,T=30K,3.7781512503836434,30.0,6.0,39.0,16.0
0102320v2.pdf,6,MgB2,T=30K,3.6020599913279625,30.0,6.5,39.0,16.0
0102320v2.pdf,6,MgB2,T=30K,3.4771212547196626,30.0,7.0,39.0,16.0
0102320v2.pdf,6,MgB2,T=30K,3.3010299956639813,30.0,7.5,39.0,16.0
0102320v2.pdf,6,MgB2,T=30K,3.0,30.0,8.0,39.0,16.0
0102320v2.pdf,6,MgB2,T=35K,5.301029995663981,35.0,0.0,39.0,16.0
0102320v2.pdf,6,MgB2,T=35K,5.176091259055681,35.0,0.5,39.0,16.0
0102320v2.pdf,6,MgB2,T=35K,5.0,35.0,1.0,39.0,16.0
0102320v2.pdf,6,MgB2,T=35K,4.903089986991944,35.0,1.5,39.0,16.0
0102320v2.pdf,6,MgB2,T=35K,4.778151250383644,35.0,2.0,39.0,16.0
0102320v2.pdf,6,MgB2,T=35K,4.6020599913279625,35.0,2.5,39.0,16.0
0102320v2.pdf,6,MgB2,T=35K,4.477121254719663,35.0,3.0,39.0,16.0
0102320v2.pdf,6,MgB2,T=35K,4.301029995663981,35.0,3.5,39.0,16.0
0102320v2.pdf,6,MgB2,T=35K,4.176091259055681,35.0,4.0,39.0,16.0
0102320v2.pdf,6,MgB2,T=35K,4.0,35.0,4.5,39.0,16.0
0102320v2.pdf,6,MgB2,T=35K,3.903089986991944,35.0,5.0,39.0,16.0
0102320v2.pdf,6,MgB2,T=35K,3.7781512503836434,35.0,5.5,39.0,16.0
0102320v2.pdf,6,MgB2,T=35K,3.6020599913279625,35.0,6.0,39.0,16.0
0102320v2.pdf,6,MgB2,T=35K,3.4771212547196626,35.0,6.5,39.0,16.0
0102320v2.pdf,6,MgB2,T=35K,3.3010299956639813,35.0,7.0,39.0,16.0
0102320v2.pdf,6,MgB2,T=35K,3.0,35.0,7.5,39.0,16.0
0102320v2.pdf,6,MgB2,T=35K,2.6989700043360187,35.0,8.0,39.0,16.0
0103521v1.pdf,2,MgB2,2K,6.0,2.0,0.01,39.0,16.0
0103521v1.pdf,2,MgB2,2K,5.954242509439325,2.0,0.02,39.0,16.0
0103521v1.pdf,2,MgB2,2K,5.903089986991944,2.0,0.05,39.0,16.0
0103521v1.pdf,2,MgB2,2K,5.845098040014257,2.0,0.1,39.0,16.0
0103521v1.pdf,2,MgB2,2K,5.778151250383644,2.0,0.2,39.0,16.0
0103521v1.pdf,2,MgB2,2K,5.698970004336019,2.0,0.5,39.0,16.0
0103521v1.pdf,2,MgB2,2K,5.6020599913279625,2.0,1.0,39.0,16.0
0103521v1.pdf,2,MgB2,2K,5.477121254719663,2.0,2.0,39.0,16.0
0103521v1.pdf,2,MgB2,2K,5.301029995663981,2.0,3.0,39.0,16.0
0103521v1.pdf,2,MgB2,2K,5.176091259055681,2.0,4.0,39.0,16.0
0103521v1.pdf,2,MgB2,2K,5.0,2.0,5.0,39.0,16.0
0103521v1.pdf,2,MgB2,2K,4.903089986991944,2.0,6.0,39.0,16.0
0103521v1.pdf,2,MgB2,2K,4.778151250383644,2.0,7.0,39.0,16.0
0103521v1.pdf,2,MgB2,2K,4.698970004336019,2.0,8.0,39.0,16.0
0103521v1.pdf,2,MgB2,2K,4.6020599913279625,2.0,9.0,39.0,16.0
0103521v1.pdf,2,MgB2,2K,4.477121254719663,2.0,10.0,39.0,16.0
0103521v1.pdf,2,MgB2,6K,5.903089986991944,6.0,0.01,39.0,16.0
0103521v1.pdf,2,MgB2,6K,5.845098040014257,6.0,0.02,39.0,16.0
0103521v1.pdf,2,MgB2,6K,5.778151250383644,6.0,0.05,39.0,16.0
0103521v1.pdf,2,MgB2,6K,5.698970004336019,6.0,0.1,39.0,16.0
0103521v1.pdf,2,MgB2,6K,5.6020599913279625,6.0,0.2,39.0,16.0
0103521v1.pdf,2,MgB2,6K,5.477121254719663,6.0,0.5,39.0,16.0
0103521v1.pdf,2,MgB2,6K,5.3979400086720375,6.0,1.0,39.0,16.0
0103521v1.pdf,2,MgB2,6K,5.301029995663981,6.0,2.0,39.0,16.0
0103521v1.pdf,2,MgB2,6K,5.176091259055681,6.0,3.0,39.0,16.0
0103521v1.pdf,2,MgB2,6K,5.079181246047625,6.0,4.0,39.0,16.0
0103521v1.pdf,2,MgB2,6K,5.0,6.0,5.0,39.0,16.0
0103521v1.pdf,2,MgB2,6K,4.903089986991944,6.0,6.0,39.0,16.0
0103521v1.pdf,2,MgB2,6K,4.845098040014257,6.0,7.0,39.0,16.0
0103521v1.pdf,2,MgB2,6K,4.778151250383644,6.0,8.0,39.0,16.0
0103521v1.pdf,2,MgB2,6K,4.698970004336019,6.0,9.0,39.0,16.0
0103521v1.pdf,2,MgB2,6K,4.6020599913279625,6.0,10.0,39.0,16.0
0103521v1.pdf,2,MgB2,10K,5.778151250383644,10.0,0.01,39.0,16.0
0103521v1.pdf,2,MgB2,10K,5.698970004336019,10.0,0.02,39.0,16.0
0103521v1.pdf,2,MgB2,10K,5.6020599913279625,10.0,0.05,39.0,16.0
0103521v1.pdf,2,MgB2,10K,5.544068044350276,10.0,0.1,39.0,16.0
0103521v1.pdf,2,MgB2,10K,5.477121254719663,10.0,0.2,39.0,16.0
0103521v1.pdf,2,MgB2,10K,5.3979400086720375,10.0,0.5,39.0,16.0
0103521v1.pdf,2,MgB2,10K,5.301029995663981,10.0,1.0,39.0,16.0
0103521v1.pdf,2,MgB2,10K,5.176091259055681,10.0,2.0,39.0,16.0
0103521v1.pdf,2,MgB2,10K,5.079181246047625,10.0,3.0,39.0,16.0
0103521v1.pdf,2,MgB2,10K,5.0,10.0,4.0,39.0,16.0
0103521v1.pdf,2,MgB2,10K,4.903089986991944,10.0,5.0,39.0,16.0
0103521v1.pdf,2,MgB2,10K,4.845098040014257,10.0,6.0,39.0,16.0
0103521v1.pdf,2,MgB2,10K,4.778151250383644,10.0,7.0,39.0,16.0
0103521v1.pdf,2,MgB2,10K,4.698970004336019,10.0,8.0,39.0,16.0
0103521v1.pdf,2,MgB2,10K,4.6020599913279625,10.0,9.0,39.0,16.0
0103521v1.pdf,2,MgB2,10K,4.477121254719663,10.0,10.0,39.0,16.0
0103521v1.pdf,2,MgB2,14K,5.698970004336019,14.0,0.01,39.0,16.0
0103521v1.pdf,2,MgB2,14K,5.6020599913279625,14.0,0.02,39.0,16.0
0103521v1.pdf,2,MgB2,14K,5.544068044350276,14.0,0.05,39.0,16.0
0103521v1.pdf,2,MgB2,14K,5.477121254719663,14.0,0.1,39.0,16.0
0103521v1.pdf,2,MgB2,14K,5.3979400086720375,14.0,0.2,39.0,16.0
0103521v1.pdf,2,MgB2,14K,5.301029995663981,14.0,0.5,39.0,16.0
0103521v1.pdf,2,MgB2,14K,5.176091259055681,14.0,1.0,39.0,16.0
0103521v1.pdf,2,MgB2,14K,5.079181246047625,14.0,2.0,39.0,16.0
0103521v1.pdf,2,MgB2,14K,5.0,14.0,3.0,39.0,16.0
0103521v1.pdf,2,MgB2,14K,4.903089986991944,14.0,4.0,39.0,16.0
0103521v1.pdf,2,MgB2,14K,4.845098040014257,14.0,5.0,39.0,16.0
0103521v1.pdf,2,MgB2,14K,4.778151250383644,14.0,6.0,39.0,16.0
0103521v1.pdf,2,MgB2,14K,4.698970004336019,14.0,7.0,39.0,16.0
0103521v1.pdf,2,MgB2,14K,4.6020599913279625,14.0,8.0,39.0,16.0
0103521v1.pdf,2,MgB2,14K,4.477121254719663,14.0,9.0,39.0,16.0
0103521v1.pdf,2,MgB2,14K,4.301029995663981,14.0,10.0,39.0,16.0
0103521v1.pdf,2,MgB2,18K,5.6020599913279625,18.0,0.01,39.0,16.0
0103521v1.pdf,2,MgB2,18K,5.544068044350276,18.0,0.02,39.0,16.0
0103521v1.pdf,2,MgB2,18K,5.477121254719663,18.0,0.05,39.0,16.0
0103521v1.pdf,2,MgB2,18K,5.3979400086720375,18.0,0.1,39.0,16.0
0103521v1.pdf,2,MgB2,18K,5.301029995663981,18.0,0.2,39.0,16.0
0103521v1.pdf,2,MgB2,18K,5.176091259055681,18.0,0.5,39.0,16.0
0103521v1.pdf,2,MgB2,18K,5.079181246047625,18.0,1.0,39.0,16.0
0103521v1.pdf,2,MgB2,18K,5.0,18.0,2.0,39.0,16.0
0103521v1.pdf,2,MgB2,18K,4.903089986991944,18.0,3.0,39.0,16.0
0103521v1.pdf,2,MgB2,18K,4.845098040014257,18.0,4.0,39.0,16.0
0103521v1.pdf,2,MgB2,18K,4.778151250383644,18.0,5.0,39.0,16.0
0103521v1.pdf,2,MgB2,18K,4.698970004336019,18.0,6.0,39.0,16.0
0103521v1.pdf,2,MgB2,18K,4.6020599913279625,18.0,7.0,39.0,16.0
0103521v1.pdf,2,MgB2,18K,4.477121254719663,18.0,8.0,39.0,16.0
0103521v1.pdf,2,MgB2,18K,4.301029995663981,18.0,9.0,39.0,16.0
0103521v1.pdf,2,MgB2,18K,4.0,18.0,10.0,39.0,16.0
0105215v1.pdf,10,MgB2,6 K,7.0,6.0,0.001,39.0,16.0
0105215v1.pdf,10,MgB2,6 K,6.954242509439325,6.0,0.002,39.0,16.0
0105215v1.pdf,10,MgB2,6 K,6.903089986991944,6.0,0.005,39.0,16.0
0105215v1.pdf,10,MgB2,6 K,6.845098040014257,6.0,0.01,39.0,16.0
0105215v1.pdf,10,MgB2,6 K,6.778151250383644,6.0,0.02,39.0,16.0
0105215v1.pdf,10,MgB2,6 K,6.698970004336019,6.0,0.05,39.0,16.0
0105215v1.pdf,10,MgB2,6 K,6.6020599913279625,6.0,0.1,39.0,16.0
0105215v1.pdf,10,MgB2,6 K,6.477121254719663,6.0,0.2,39.0,16.0
0105215v1.pdf,10,MgB2,6 K,6.301029995663981,6.0,0.5,39.0,16.0
0105215v1.pdf,10,MgB2,6 K,6.176091259055681,6.0,1.0,39.0,16.0
0105215v1.pdf,10,MgB2,6 K,6.079181246047625,6.0,2.0,39.0,16.0
0105215v1.pdf,10,MgB2,6 K,6.041392685158225,6.0,5.0,39.0,16.0
0105215v1.pdf,10,MgB2,6 K,6.0,6.0,10.0,39.0,16.0
0105215v1.pdf,10,MgB2,14 K,6.954242509439325,14.0,0.001,39.0,16.0
0105215v1.pdf,10,MgB2,14 K,6.903089986991944,14.0,0.002,39.0,16.0
0105215v1.pdf,10,MgB2,14 K,6.845098040014257,14.0,0.005,39.0,16.0
0105215v1.pdf,10,MgB2,14 K,6.778151250383644,14.0,0.01,39.0,16.0
0105215v1.pdf,10,MgB2,14 K,6.698970004336019,14.0,0.02,39.0,16.0
0105215v1.pdf,10,MgB2,14 K,6.6020599913279625,14.0,0.05,39.0,16.0
0105215v1.pdf,10,MgB2,14 K,6.544068044350276,14.0,0.1,39.0,16.0
0105215v1.pdf,10,MgB2,14 K,6.477121254719663,14.0,0.2,39.0,16.0
0105215v1.pdf,10,MgB2,14 K,6.3979400086720375,14.0,0.5,39.0,16.0
0105215v1.pdf,10,MgB2,14 K,6.301029995663981,14.0,1.0,39.0,16.0
0105215v1.pdf,10,MgB2,14 K,6.176091259055681,14.0,2.0,39.0,16.0
0105215v1.pdf,10,MgB2,14 K,6.079181246047625,14.0,5.0,39.0,16.0
0105215v1.pdf,10,MgB2,14 K,6.041392685158225,14.0,10.0,39.0,16.0
0105215v1.pdf,10,MgB2,22 K,6.903089986991944,22.0,0.001,39.0,16.0
0105215v1.pdf,10,MgB2,22 K,6.845098040014257,22.0,0.002,39.0,16.0
0105215v1.pdf,10,MgB2,22 K,6.778151250383644,22.0,0.005,39.0,16.0
0105215v1.pdf,10,MgB2,22 K,6.698970004336019,22.0,0.01,39.0,16.0
0105215v1.pdf,10,MgB2,22 K,6.6020599913279625,22.0,0.02,39.0,16.0
0105215v1.pdf,10,MgB2,22 K,6.544068044350276,22.0,0.05,39.0,16.0
0105215v1.pdf,10,MgB2,22 K,6.477121254719663,22.0,0.1,39.0,16.0
0105215v1.pdf,10,MgB2,22 K,6.3979400086720375,22.0,0.2,39.0,16.0
0105215v1.pdf,10,MgB2,22 K,6.301029995663981,22.0,0.5,39.0,16.0
0105215v1.pdf,10,MgB2,22 K,6.176091259055681,22.0,1.0,39.0,16.0
0105215v1.pdf,10,MgB2,22 K,6.079181246047625,22.0,2.0,39.0,16.0
0105215v1.pdf,10,MgB2,22 K,6.041392685158225,22.0,5.0,39.0,16.0
0105215v1.pdf,10,MgB2,22 K,6.0,22.0,10.0,39.0,16.0
0105215v1.pdf,10,MgB2,30 K,6.845098040014257,30.0,0.001,39.0,16.0
0105215v1.pdf,10,MgB2,30 K,6.778151250383644,30.0,0.002,39.0,16.0
0105215v1.pdf,10,MgB2,30 K,6.698970004336019,30.0,0.005,39.0,16.0
0105215v1.pdf,10,MgB2,30 K,6.6020599913279625,30.0,0.01,39.0,16.0
0105215v1.pdf,10,MgB2,30 K,6.544068044350276,30.0,0.02,39.0,16.0
0105215v1.pdf,10,MgB2,30 K,6.477121254719663,30.0,0.05,39.0,16.0
0105215v1.pdf,10,MgB2,30 K,6.3979400086720375,30.0,0.1,39.0,16.0
0105215v1.pdf,10,MgB2,30 K,6.301029995663981,30.0,0.2,39.0,16.0
0105215v1.pdf,10,MgB2,30 K,6.176091259055681,30.0,0.5,39.0,16.0
0105215v1.pdf,10,MgB2,30 K,6.079181246047625,30.0,1.0,39.0,16.0
0105215v1.pdf,10,MgB2,30 K,6.041392685158225,30.0,2.0,39.0,16.0
0105215v1.pdf,10,MgB2,30 K,6.021189299069938,30.0,5.0,39.0,16.0
0105215v1.pdf,10,MgB2,30 K,6.0,30.0,10.0,39.0,16.0
0105215v1.pdf,10,MgB2,35 K,6.778151250383644,35.0,0.001,39.0,16.0
0105215v1.pdf,10,MgB2,35 K,6.698970004336019,35.0,0.002,39.0,16.0
0105215v1.pdf,10,MgB2,35 K,6.6020599913279625,35.0,0.005,39.0,16.0
0105215v1.pdf,10,MgB2,35 K,6.544068044350276,35.0,0.01,39.0,16.0
0105215v1.pdf,10,MgB2,35 K,6.477121254719663,35.0,0.02,39.0,16.0
0105215v1.pdf,10,MgB2,35 K,6.3979400086720375,35.0,0.05,39.0,16.0
0105215v1.pdf,10,MgB2,35 K,6.301029995663981,35.0,0.1,39.0,16.0
0105215v1.pdf,10,MgB2,35 K,6.176091259055681,35.0,0.2,39.0,16.0
0105215v1.pdf,10,MgB2,35 K,6.079181246047625,35.0,0.5,39.0,16.0
0105215v1.pdf,10,MgB2,35 K,6.041392685158225,35.0,1.0,39.0,16.0
0105215v1.pdf,10,MgB2,35 K,6.021189299069938,35.0,2.0,39.0,16.0
0105215v1.pdf,10,MgB2,35 K,6.008600171761918,35.0,5.0,39.0,16.0
0105215v1.pdf,10,MgB2,35 K,6.0,35.0,10.0,39.0,16.0
0108172v1.pdf,13,MgB2,14K,6.0,14.0,0.1,39.0,16.0
0108172v1.pdf,13,MgB2,14K,5.954242509439325,14.0,0.2,39.0,16.0
0108172v1.pdf,13,MgB2,14K,5.903089986991944,14.0,0.3,39.0,16.0
0108172v1.pdf,13,MgB2,14K,5.845098040014257,14.0,0.4,39.0,16.0
0108172v1.pdf,13,MgB2,14K,5.778151250383644,14.0,0.5,39.0,16.0
0108172v1.pdf,13,MgB2,14K,5.698970004336019,14.0,0.6,39.0,16.0
0108172v1.pdf,13,MgB2,14K,5.6020599913279625,14.0,0.7,39.0,16.0
0108172v1.pdf,13,MgB2,14K,5.477121254719663,14.0,0.8,39.0,16.0
0108172v1.pdf,13,MgB2,14K,5.301029995663981,14.0,0.9,39.0,16.0
0108172v1.pdf,13,MgB2,14K,5.0,14.0,1.0,39.0,16.0
0108172v1.pdf,13,MgB2,14K,4.698970004336019,14.0,2.0,39.0,16.0
0108172v1.pdf,13,MgB2,14K,4.477121254719663,14.0,3.0,39.0,16.0
0108172v1.pdf,13,MgB2,14K,4.301029995663981,14.0,4.0,39.0,16.0
0108172v1.pdf,13,MgB2,14K,4.0,14.0,5.0,39.0,16.0
0108172v1.pdf,13,MgB2,14K,3.6989700043360174,14.0,6.0,39.0,16.0
0108172v1.pdf,13,MgB2,14K,3.4771212547196626,14.0,7.0,39.0,16.0
0108172v1.pdf,13,MgB2,14K,3.3010299956639813,14.0,8.0,39.0,16.0
0108172v1.pdf,13,MgB2,14K,3.0,14.0,9.0,39.0,16.0
0108172v1.pdf,13,MgB2,14K,2.6989700043360187,14.0,10.0,39.0,16.0
0108172v1.pdf,13,MgB2,24K,5.903089986991944,24.0,0.1,39.0,16.0
0108172v1.pdf,13,MgB2,24K,5.845098040014257,24.0,0.2,39.0,16.0
0108172v1.pdf,13,MgB2,24K,5.778151250383644,24.0,0.3,39.0,16.0
0108172v1.pdf,13,MgB2,24K,5.698970004336019,24.0,0.4,39.0,16.0
0108172v1.pdf,13,MgB2,24K,5.6020599913279625,24.0,0.5,39.0,16.0
0108172v1.pdf,13,MgB2,24K,5.477121254719663,24.0,0.6,39.0,16.0
0108172v1.pdf,13,MgB2,24K,5.301029995663981,24.0,0.7,39.0,16.0
0108172v1.pdf,13,MgB2,24K,5.0,24.0,0.8,39.0,16.0
0108172v1.pdf,13,MgB2,24K,4.903089986991944,24.0,0.9,39.0,16.0
0108172v1.pdf,13,MgB2,24K,4.778151250383644,24.0,1.0,39.0,16.0
0108172v1.pdf,13,MgB2,24K,4.6020599913279625,24.0,2.0,39.0,16.0
0108172v1.pdf,13,MgB2,24K,4.301029995663981,24.0,3.0,39.0,16.0
0108172v1.pdf,13,MgB2,24K,4.0,24.0,4.0,39.0,16.0
0108172v1.pdf,13,MgB2,24K,3.6989700043360174,24.0,5.0,39.0,16.0
0108172v1.pdf,13,MgB2,24K,3.4771212547196626,24.0,6.0,39.0,16.0
0108172v1.pdf,13,MgB2,24K,3.3010299956639813,24.0,7.0,39.0,16.0
0108172v1.pdf,13,MgB2,24K,3.0,24.0,8.0,39.0,16.0
0108172v1.pdf,13,MgB2,24K,2.903089986991944,24.0,9.0,39.0,16.0
0108172v1.pdf,13,MgB2,24K,2.6989700043360187,24.0,10.0,39.0,16.0
0108172v1.pdf,13,MgB2,28K,5.778151250383644,28.0,0.1,39.0,16.0
0108172v1.pdf,13,MgB2,28K,5.698970004336019,28.0,0.2,39.0,16.0
0108172v1.pdf,13,MgB2,28K,5.6020599913279625,28.0,0.3,39.0,16.0
0108172v1.pdf,13,MgB2,28K,5.477121254719663,28.0,0.4,39.0,16.0
0108172v1.pdf,13,MgB2,28K,5.301029995663981,28.0,0.5,39.0,16.0
0108172v1.pdf,13,MgB2,28K,5.0,28.0,0.6,39.0,16.0
0108172v1.pdf,13,MgB2,28K,4.903089986991944,28.0,0.7,39.0,16.0
0108172v1.pdf,13,MgB2,28K,4.778151250383644,28.0,0.8,39.0,16.0
0108172v1.pdf,13,MgB2,28K,4.6020599913279625,28.0,0.9,39.0,16.0
0108172v1.pdf,13,MgB2,28K,4.477121254719663,28.0,1.0,39.0,16.0
0108172v1.pdf,13,MgB2,28K,4.301029995663981,28.0,2.0,39.0,16.0
0108172v1.pdf,13,MgB2,28K,4.0,28.0,3.0,39.0,16.0
0108172v1.pdf,13,MgB2,28K,3.6989700043360174,28.0,4.0,39.0,16.0
0108172v1.pdf,13,MgB2,28K,3.4771212547196626,28.0,5.0,39.0,16.0
0108172v1.pdf,13,MgB2,28K,3.3010299956639813,28.0,6.0,39.0,16.0
0108172v1.pdf,13,MgB2,28K,3.0,28.0,7.0,39.0,16.0
0108172v1.pdf,13,MgB2,28K,2.903089986991944,28.0,8.0,39.0,16.0
0108172v1.pdf,13,MgB2,28K,2.7781512503836434,28.0,9.0,39.0,16.0
0108172v1.pdf,13,MgB2,28K,2.6989700043360187,28.0,10.0,39.0,16.0
0108172v1.pdf,13,MgB2,32K,5.6020599913279625,32.0,0.1,39.0,16.0
0108172v1.pdf,13,MgB2,32K,5.477121254719663,32.0,0.2,39.0,16.0
0108172v1.pdf,13,MgB2,32K,5.301029995663981,32.0,0.3,39.0,16.0
0108172v1.pdf,13,MgB2,32K,5.0,32.0,0.4,39.0,16.0
0108172v1.pdf,13,MgB2,32K,4.903089986991944,32.0,0.5,39.0,16.0
0108172v1.pdf,13,MgB2,32K,4.778151250383644,32.0,0.6,39.0,16.0
0108172v1.pdf,13,MgB2,32K,4.6020599913279625,32.0,0.7,39.0,16.0
0108172v1.pdf,13,MgB2,32K,4.477121254719663,32.0,0.8,39.0,16.0
0108172v1.pdf,13,MgB2,32K,4.301029995663981,32.0,0.9,39.0,16.0
0108172v1.pdf,13,MgB2,32K,4.0,32.0,1.0,39.0,16.0
0108172v1.pdf,13,MgB2,32K,3.6989700043360174,32.0,2.0,39.0,16.0
0108172v1.pdf,13,MgB2,32K,3.4771212547196626,32.0,3.0,39.0,16.0
0108172v1.pdf,13,MgB2,32K,3.3010299956639813,32.0,4.0,39.0,16.0
0108172v1.pdf,13,MgB2,32K,3.0,32.0,5.0,39.0,16.0
0108172v1.pdf,13,MgB2,32K,2.903089986991944,32.0,6.0,39.0,16.0
0108172v1.pdf,13,MgB2,32K,2.7781512503836434,32.0,7.0,39.0,16.0
0108172v1.pdf,13,MgB2,32K,2.6989700043360187,32.0,8.0,39.0,16.0
0108172v1.pdf,13,MgB2,32K,2.6020599913279625,32.0,9.0,39.0,16.0
0108172v1.pdf,13,MgB2,32K,2.4771212547196626,32.0,10.0,39.0,16.0
0108172v1.pdf,13,MgB2,34K,5.477121254719663,34.0,0.1,39.0,16.0
0108172v1.pdf,13,MgB2,34K,5.301029995663981,34.0,0.2,39.0,16.0
0108172v1.pdf,13,MgB2,34K,5.0,34.0,0.3,39.0,16.0
0108172v1.pdf,13,MgB2,34K,4.903089986991944,34.0,0.4,39.0,16.0
0108172v1.pdf,13,MgB2,34K,4.778151250383644,34.0,0.5,39.0,16.0
0108172v1.pdf,13,MgB2,34K,4.6020599913279625,34.0,0.6,39.0,16.0
0108172v1.pdf,13,MgB2,34K,4.477121254719663,34.0,0.7,39.0,16.0
0108172v1.pdf,13,MgB2,34K,4.301029995663981,34.0,0.8,39.0,16.0
0108172v1.pdf,13,MgB2,34K,4.0,34.0,0.9,39.0,16.0
0108172v1.pdf,13,MgB2,34K,3.903089986991944,34.0,1.0,39.0,16.0
0108172v1.pdf,13,MgB2,34K,3.7781512503836434,34.0,2.0,39.0,16.0
0108172v1.pdf,13,MgB2,34K,3.6020599913279625,34.0,3.0,39.0,16.0
0108172v1.pdf,13,MgB2,34K,3.4771212547196626,34.0,4.0,39.0,16.0
0108172v1.pdf,13,MgB2,34K,3.3010299956639813,34.0,5.0,39.0,16.0
0108172v1.pdf,13,MgB2,34K,3.0,34.0,6.0,39.0,16.0
0108172v1.pdf,13,MgB2,34K,2.903089986991944,34.0,7.0,39.0,16.0
0108172v1.pdf,13,MgB2,34K,2.7781512503836434,34.0,8.0,39.0,16.0
0108172v1.pdf,13,MgB2,34K,2.6989700043360187,34.0,9.0,39.0,16.0
0108172v1.pdf,13,MgB2,34K,2.6020599913279625,34.0,10.0,39.0,16.0
0108172v1.pdf,13,MgB2,36K,5.301029995663981,36.0,0.1,39.0,16.0
0108172v1.pdf,13,MgB2,36K,5.0,36.0,0.2,39.0,16.0
0108172v1.pdf,13,MgB2,36K,4.903089986991944,36.0,0.3,39.0,16.0
0108172v1.pdf,13,MgB2,36K,4.778151250383644,36.0,0.4,39.0,16.0
0108172v1.pdf,13,MgB2,36K,4.6020599913279625,36.0,0.5,39.0,16.0
0108172v1.pdf,13,MgB2,36K,4.477121254719663,36.0,0.6,39.0,16.0
0108172v1.pdf,13,MgB2,36K,4.301029995663981,36.0,0.7,39.0,16.0
0108172v1.pdf,13,MgB2,36K,4.0,36.0,0.8,39.0,16.0
0108172v1.pdf,13,MgB2,36K,3.903089986991944,36.0,0.9,39.0,16.0
0108172v1.pdf,13,MgB2,36K,3.7781512503836434,36.0,1.0,39.0,16.0
0108172v1.pdf,13,MgB2,36K,3.6020599913279625,36.0,2.0,39.0,16.0
0108172v1.pdf,13,MgB2,36K,3.4771212547196626,36.0,3.0,39.0,16.0
0108172v1.pdf,13,MgB2,36K,3.3010299956639813,36.0,4.0,39.0,16.0
0108172v1.pdf,13,MgB2,36K,3.0,36.0,5.0,39.0,16.0
0108172v1.pdf,13,MgB2,36K,2.903089986991944,36.0,6.0,39.0,16.0
0108172v1.pdf,13,MgB2,36K,2.7781512503836434,36.0,7.0,39.0,16.0
0108172v1.pdf,13,MgB2,36K,2.6989700043360187,36.0,8.0,39.0,16.0
0108172v1.pdf,13,MgB2,36K,2.6020599913279625,36.0,9.0,39.0,16.0
0108172v1.pdf,13,MgB2,36K,2.4771212547196626,36.0,10.0,39.0,16.0
0302202v1.pdf,14,MgB2,10 K,6.0,10.0,0.0,39.0,16.0
0302202v1.pdf,14,MgB2,10 K,5.903089986991944,10.0,0.5,39.0,16.0
0302202v1.pdf,14,MgB2,10 K,5.778151250383644,10.0,1.0,39.0,16.0
0302202v1.pdf,14,MgB2,10 K,5.6020599913279625,10.0,1.5,39.0,16.0
0302202v1.pdf,14,MgB2,10 K,5.477121254719663,10.0,2.0,39.0,16.0
0302202v1.pdf,14,MgB2,10 K,5.301029995663981,10.0,2.5,39.0,16.0
0302202v1.pdf,14,MgB2,10 K,5.176091259055681,10.0,3.0,39.0,16.0
0302202v1.pdf,14,MgB2,10 K,5.0,10.0,3.5,39.0,16.0
0302202v1.pdf,14,MgB2,10 K,4.903089986991944,10.0,4.0,39.0,16.0
0302202v1.pdf,14,MgB2,10 K,4.778151250383644,10.0,4.5,39.0,16.0
0302202v1.pdf,14,MgB2,10 K,4.6020599913279625,10.0,5.0,39.0,16.0
0302202v1.pdf,14,MgB2,10 K,4.477121254719663,10.0,5.5,39.0,16.0
0302202v1.pdf,14,MgB2,10 K,4.301029995663981,10.0,6.0,39.0,16.0
0302202v1.pdf,14,MgB2,10 K,4.176091259055681,10.0,6.5,39.0,16.0
0302202v1.pdf,14,MgB2,10 K,4.0,10.0,7.0,39.0,16.0
0302202v1.pdf,14,MgB2,10 K,3.903089986991944,10.0,7.5,39.0,16.0
0302202v1.pdf,14,MgB2,10 K,3.7781512503836434,10.0,8.0,39.0,16.0
0302202v1.pdf,14,MgB2,20 K,5.903089986991944,20.0,0.0,39.0,16.0
0302202v1.pdf,14,MgB2,20 K,5.778151250383644,20.0,0.5,39.0,16.0
0302202v1.pdf,14,MgB2,20 K,5.698970004336019,20.0,1.0,39.0,16.0
0302202v1.pdf,14,MgB2,20 K,5.477121254719663,20.0,1.5,39.0,16.0
0302202v1.pdf,14,MgB2,20 K,5.301029995663981,20.0,2.0,39.0,16.0
0302202v1.pdf,14,MgB2,20 K,5.176091259055681,20.0,2.5,39.0,16.0
0302202v1.pdf,14,MgB2,20 K,5.0,20.0,3.0,39.0,16.0
0302202v1.pdf,14,MgB2,20 K,4.903089986991944,20.0,3.5,39.0,16.0
0302202v1.pdf,14,MgB2,20 K,4.778151250383644,20.0,4.0,39.0,16.0
0302202v1.pdf,14,MgB2,20 K,4.6020599913279625,20.0,4.5,39.0,16.0
0302202v1.pdf,14,MgB2,20 K,4.477121254719663,20.0,5.0,39.0,16.0
0302202v1.pdf,14,MgB2,20 K,4.301029995663981,20.0,5.5,39.0,16.0
0302202v1.pdf,14,MgB2,20 K,4.176091259055681,20.0,6.0,39.0,16.0
0302202v1.pdf,14,MgB2,20 K,4.0,20.0,6.5,39.0,16.0
0302202v1.pdf,14,MgB2,20 K,3.903089986991944,20.0,7.0,39.0,16.0
0302202v1.pdf,14,MgB2,20 K,3.7781512503836434,20.0,7.5,39.0,16.0
0302202v1.pdf,14,MgB2,20 K,3.6020599913279625,20.0,8.0,39.0,16.0
0302202v1.pdf,14,MgB2,30 K,5.778151250383644,30.0,0.0,39.0,16.0
0302202v1.pdf,14,MgB2,30 K,5.698970004336019,30.0,0.5,39.0,16.0
0302202v1.pdf,14,MgB2,30 K,5.6020599913279625,30.0,1.0,39.0,16.0
0302202v1.pdf,14,MgB2,30 K,5.477121254719663,30.0,1.5,39.0,16.0
0302202v1.pdf,14,MgB2,30 K,5.301029995663981,30.0,2.0,39.0,16.0
0302202v1.pdf,14,MgB2,30 K,5.176091259055681,30.0,2.5,39.0,16.0
0302202v1.pdf,14,MgB2,30 K,5.0,30.0,3.0,39.0,16.0
0302202v1.pdf,14,MgB2,30 K,4.903089986991944,30.0,3.5,39.0,16.0
0302202v1.pdf,14,MgB2,30 K,4.778151250383644,30.0,4.0,39.0,16.0
0302202v1.pdf,14,MgB2,30 K,4.6020599913279625,30.0,4.5,39.0,16.0
0302202v1.pdf,14,MgB2,30 K,4.477121254719663,30.0,5.0,39.0,16.0
0302202v1.pdf,14,MgB2,30 K,4.301029995663981,30.0,5.5,39.0,16.0
0302202v1.pdf,14,MgB2,30 K,4.176091259055681,30.0,6.0,39.0,16.0
0302202v1.pdf,14,MgB2,30 K,4.0,30.0,6.5,39.0,16.0
0302202v1.pdf,14,MgB2,30 K,3.903089986991944,30.0,7.0,39.0,16.0
0302202v1.pdf,14,MgB2,30 K,3.7781512503836434,30.0,7.5,39.0,16.0
0302202v1.pdf,14,MgB2,30 K,3.6020599913279625,30.0,8.0,39.0,16.0
0311425v1.pdf,3,MgB2,37 K,4.0,37.0,0.0,39.0,16.0
0311425v1.pdf,3,MgB2,37 K,3.903089986991944,37.0,0.1,39.0,16.0
0311425v1.pdf,3,MgB2,37 K,3.7781512503836434,37.0,0.2,39.0,16.0
0311425v1.pdf,3,MgB2,37 K,3.6989700043360174,37.0,0.3,39.0,16.0
0311425v1.pdf,3,MgB2,37 K,3.6020599913279625,37.0,0.4,39.0,16.0
0311425v1.pdf,3,MgB2,37 K,3.4771212547196626,37.0,0.5,39.0,16.0
0311425v1.pdf,3,MgB2,37 K,3.3010299956639813,37.0,0.6,39.0,16.0
0311425v1.pdf,3,MgB2,37 K,3.1760912590556813,37.0,0.7,39.0,16.0
0311425v1.pdf,3,MgB2,37 K,3.0,37.0,0.8,39.0,16.0
0311425v1.pdf,3,MgB2,37 K,2.903089986991944,37.0,0.9,39.0,16.0
0311425v1.pdf,3,MgB2,37 K,2.7781512503836434,37.0,1.0,39.0,16.0
0311425v1.pdf,3,MgB2,36 K,3.9542425094393248,36.0,0.0,39.0,16.0
0311425v1.pdf,3,MgB2,36 K,3.845098040014257,36.0,0.1,39.0,16.0
0311425v1.pdf,3,MgB2,36 K,3.740362689494244,36.0,0.2,39.0,16.0
0311425v1.pdf,3,MgB2,36 K,3.653212513775344,36.0,0.3,39.0,16.0
0311425v1.pdf,3,MgB2,36 K,3.544068044350276,36.0,0.4,39.0,16.0
0311425v1.pdf,3,MgB2,36 K,3.397940008672037,36.0,0.5,39.0,16.0
0311425v1.pdf,3,MgB2,36 K,3.255272505103306,36.0,0.6,39.0,16.0
0311425v1.pdf,3,MgB2,36 K,3.113943352306837,36.0,0.7,39.0,16.0
0311425v1.pdf,3,MgB2,36 K,2.9542425094393248,36.0,0.8,39.0,16.0
0311425v1.pdf,3,MgB2,36 K,2.845098040014257,36.0,0.9,39.0,16.0
0311425v1.pdf,3,MgB2,36 K,2.6989700043360187,36.0,1.0,39.0,16.0
0311425v1.pdf,3,MgB2,35 K,3.903089986991944,35.0,0.0,39.0,16.0
0311425v1.pdf,3,MgB2,35 K,3.7781512503836434,35.0,0.1,39.0,16.0
0311425v1.pdf,3,MgB2,35 K,3.653212513775344,35.0,0.2,39.0,16.0
0311425v1.pdf,3,MgB2,35 K,3.544068044350276,35.0,0.3,39.0,16.0
0311425v1.pdf,3,MgB2,35 K,3.4771212547196626,35.0,0.4,39.0,16.0
0311425v1.pdf,3,MgB2,35 K,3.3010299956639813,35.0,0.5,39.0,16.0
0311425v1.pdf,3,MgB2,35 K,3.1760912590556813,35.0,0.6,39.0,16.0
0311425v1.pdf,3,MgB2,35 K,3.041392685158225,35.0,0.7,39.0,16.0
0311425v1.pdf,3,MgB2,35 K,2.903089986991944,35.0,0.8,39.0,16.0
0311425v1.pdf,3,MgB2,35 K,2.7781512503836434,35.0,0.9,39.0,16.0
0311425v1.pdf,3,MgB2,35 K,2.6020599913279625,35.0,1.0,39.0,16.0
0311425v1.pdf,3,MgB2,34.5 K,3.845098040014257,34.5,0.0,39.0,16.0
0311425v1.pdf,3,MgB2,34.5 K,3.6989700043360174,34.5,0.1,39.0,16.0
0311425v1.pdf,3,MgB2,34.5 K,3.6020599913279625,34.5,0.2,39.0,16.0
0311425v1.pdf,3,MgB2,34.5 K,3.4771212547196626,34.5,0.3,39.0,16.0
0311425v1.pdf,3,MgB2,34.5 K,3.397940008672037,34.5,0.4,39.0,16.0
0311425v1.pdf,3,MgB2,34.5 K,3.255272505103306,34.5,0.5,39.0,16.0
0311425v1.pdf,3,MgB2,34.5 K,3.113943352306837,34.5,0.6,39.0,16.0
0311425v1.pdf,3,MgB2,34.5 K,3.0,34.5,0.7,39.0,16.0
0311425v1.pdf,3,MgB2,34.5 K,2.845098040014257,34.5,0.8,39.0,16.0
0311425v1.pdf,3,MgB2,34.5 K,2.6989700043360187,34.5,0.9,39.0,16.0
0311425v1.pdf,3,MgB2,34.5 K,2.4771212547196626,34.5,1.0,39.0,16.0
0311425v1.pdf,3,MgB2,34 K,3.7781512503836434,34.0,0.0,39.0,16.0
0311425v1.pdf,3,MgB2,34 K,3.653212513775344,34.0,0.1,39.0,16.0
0311425v1.pdf,3,MgB2,34 K,3.544068044350276,34.0,0.2,39.0,16.0
0311425v1.pdf,3,MgB2,34 K,3.4471580313422194,34.0,0.3,39.0,16.0
0311425v1.pdf,3,MgB2,34 K,3.342422680822206,34.0,0.4,39.0,16.0
0311425v1.pdf,3,MgB2,34 K,3.204119982655925,34.0,0.5,39.0,16.0
0311425v1.pdf,3,MgB2,34 K,3.0791812460476247,34.0,0.6,39.0,16.0
0311425v1.pdf,3,MgB2,34 K,2.9542425094393248,34.0,0.7,39.0,16.0
0311425v1.pdf,3,MgB2,34 K,2.7781512503836434,34.0,0.8,39.0,16.0
0311425v1.pdf,3,MgB2,34 K,2.6020599913279625,34.0,0.9,39.0,16.0
0311425v1.pdf,3,MgB2,34 K,2.3010299956639813,34.0,1.0,39.0,16.0
0311425v1.pdf,3,MgB2,33.5 K,3.6989700043360174,33.5,0.0,39.0,16.0
0311425v1.pdf,3,MgB2,33.5 K,3.6020599913279625,33.5,0.1,39.0,16.0
0311425v1.pdf,3,MgB2,33.5 K,3.4771212547196626,33.5,0.2,39.0,16.0
0311425v1.pdf,3,MgB2,33.5 K,3.397940008672037,33.5,0.3,39.0,16.0
0311425v1.pdf,3,MgB2,33.5 K,3.3010299956639813,33.5,0.4,39.0,16.0
0311425v1.pdf,3,MgB2,33.5 K,3.146128035678238,33.5,0.5,39.0,16.0
0311425v1.pdf,3,MgB2,33.5 K,3.0,33.5,0.6,39.0,16.0
0311425v1.pdf,3,MgB2,33.5 K,2.845098040014257,33.5,0.7,39.0,16.0
0311425v1.pdf,3,MgB2,33.5 K,2.6989700043360187,33.5,0.8,39.0,16.0
0311425v1.pdf,3,MgB2,33.5 K,2.4771212547196626,33.5,0.9,39.0,16.0
0311425v1.pdf,3,MgB2,33.5 K,2.0,33.5,1.0,39.0,16.0
0311425v1.pdf,3,MgB2,33 K,3.6020599913279625,33.0,0.0,39.0,16.0
0311425v1.pdf,3,MgB2,33 K,3.544068044350276,33.0,0.1,39.0,16.0
0311425v1.pdf,3,MgB2,33 K,3.4471580313422194,33.0,0.2,39.0,16.0
0311425v1.pdf,3,MgB2,33 K,3.342422680822206,33.0,0.3,39.0,16.0
0311425v1.pdf,3,MgB2,33 K,3.255272505103306,33.0,0.4,39.0,16.0
0311425v1.pdf,3,MgB2,33 K,3.0791812460476247,33.0,0.5,39.0,16.0
0311425v1.pdf,3,MgB2,33 K,2.9542425094393248,33.0,0.6,39.0,16.0
0311425v1.pdf,3,MgB2,33 K,2.7781512503836434,33.0,0.7,39.0,16.0
0311425v1.pdf,3,MgB2,33 K,2.6020599913279625,33.0,0.8,39.0,16.0
0311425v1.pdf,3,MgB2,33 K,2.3010299956639813,33.0,0.9,39.0,16.0
0311425v1.pdf,3,MgB2,33 K,2.0,33.0,1.0,39.0,16.0
0907.1744v1.pdf,3,MgB2,4.2K,5.0,4.2,0.0,39.0,16.0
0907.1744v1.pdf,3,MgB2,4.2K,4.903089986991944,4.2,0.25,39.0,16.0
0907.1744v1.pdf,3,MgB2,4.2K,4.778151250383644,4.2,0.5,39.0,16.0
0907.1744v1.pdf,3,MgB2,4.2K,4.698970004336019,4.2,0.75,39.0,16.0
0907.1744v1.pdf,3,MgB2,4.2K,4.6020599913279625,4.2,1.0,39.0,16.0
0907.1744v1.pdf,3,MgB2,4.2K,4.477121254719663,4.2,1.25,39.0,16.0
0907.1744v1.pdf,3,MgB2,4.2K,4.3979400086720375,4.2,1.5,39.0,16.0
0907.1744v1.pdf,3,MgB2,4.2K,4.301029995663981,4.2,1.75,39.0,16.0
0907.1744v1.pdf,3,MgB2,4.2K,4.176091259055681,4.2,2.0,39.0,16.0
0907.1744v1.pdf,3,MgB2,4.2K,4.079181246047625,4.2,2.25,39.0,16.0
0907.1744v1.pdf,3,MgB2,4.2K,4.0,4.2,2.5,39.0,16.0
0907.1744v1.pdf,3,MgB2,4.2K,3.903089986991944,4.2,2.75,39.0,16.0
0907.1744v1.pdf,3,MgB2,4.2K,3.7781512503836434,4.2,3.0,39.0,16.0
0907.1744v1.pdf,3,MgB2,4.2K,3.6989700043360174,4.2,3.25,39.0,16.0
0907.1744v1.pdf,3,MgB2,4.2K,3.6020599913279625,4.2,3.5,39.0,16.0
0907.1744v1.pdf,3,MgB2,4.2K,3.4771212547196626,4.2,3.75,39.0,16.0
0907.1744v1.pdf,3,MgB2,4.2K,3.397940008672037,4.2,4.0,39.0,16.0
0907.1744v1.pdf,3,MgB2,4.2K,3.3010299956639813,4.2,4.25,39.0,16.0
0907.1744v1.pdf,3,MgB2,4.2K,3.1760912590556813,4.2,4.5,39.0,16.0
0907.1744v1.pdf,3,MgB2,4.2K,3.0791812460476247,4.2,4.75,39.0,16.0
0907.1744v1.pdf,3,MgB2,4.2K,3.0,4.2,5.0,39.0,16.0
0907.4227v1.pdf,11,Sr(FeAs)2,5 K H//ab,4.0,5.0,0.0,38.0,50.0
0907.4227v1.pdf,11,Sr(FeAs)2,5 K H//ab,3.9542425094393248,5.0,0.5,38.0,50.0
0907.4227v1.pdf,11,Sr(FeAs)2,5 K H//ab,3.903089986991944,5.0,1.0,38.0,50.0
0907.4227v1.pdf,11,Sr(FeAs)2,5 K H//ab,3.845098040014257,5.0,1.5,38.0,50.0
0907.4227v1.pdf,11,Sr(FeAs)2,5 K H//ab,3.7781512503836434,5.0,2.0,38.0,50.0
0907.4227v1.pdf,11,Sr(FeAs)2,5 K H//ab,3.6989700043360174,5.0,2.5,38.0,50.0
0907.4227v1.pdf,11,Sr(FeAs)2,5 K H//ab,3.6020599913279625,5.0,3.0,38.0,50.0
0907.4227v1.pdf,11,Sr(FeAs)2,5 K H//ab,3.4771212547196626,5.0,3.5,38.0,50.0
0907.4227v1.pdf,11,Sr(FeAs)2,5 K H//ab,3.3010299956639813,5.0,4.0,38.0,50.0
0907.4227v1.pdf,11,Sr(FeAs)2,5 K H//ab,3.1760912590556813,5.0,4.5,38.0,50.0
0907.4227v1.pdf,11,Sr(FeAs)2,5 K H//ab,3.0,5.0,5.0,38.0,50.0
0907.4227v1.pdf,11,Sr(FeAs)2,5 K H//c,3.9542425094393248,5.0,0.0,38.0,50.0
0907.4227v1.pdf,11,Sr(FeAs)2,5 K H//c,3.929418925714293,5.0,0.5,38.0,50.0
0907.4227v1.pdf,11,Sr(FeAs)2,5 K H//c,3.903089986991944,5.0,1.0,38.0,50.0
0907.4227v1.pdf,11,Sr(FeAs)2,5 K H//c,3.8750612633917,5.0,1.5,38.0,50.0
0907.4227v1.pdf,11,Sr(FeAs)2,5 K H//c,3.845098040014257,5.0,2.0,38.0,50.0
0907.4227v1.pdf,11,Sr(FeAs)2,5 K H//c,3.812913356642856,5.0,2.5,38.0,50.0
0907.4227v1.pdf,11,Sr(FeAs)2,5 K H//c,3.7781512503836434,5.0,3.0,38.0,50.0
0907.4227v1.pdf,11,Sr(FeAs)2,5 K H//c,3.740362689494244,5.0,3.5,38.0,50.0
0907.4227v1.pdf,11,Sr(FeAs)2,5 K H//c,3.6989700043360174,5.0,4.0,38.0,50.0
0907.4227v1.pdf,11,Sr(FeAs)2,5 K H//c,3.653212513775344,5.0,4.5,38.0,50.0
0907.4227v1.pdf,11,Sr(FeAs)2,5 K H//c,3.6020599913279625,5.0,5.0,38.0,50.0
0907.4227v1.pdf,11,Sr(FeAs)2,10 K H//ab,3.4771212547196626,10.0,0.0,38.0,50.0
0907.4227v1.pdf,11,Sr(FeAs)2,10 K H//ab,3.4471580313422194,10.0,0.5,38.0,50.0
0907.4227v1.pdf,11,Sr(FeAs)2,10 K H//ab,3.4149733479708178,10.0,1.0,38.0,50.0
0907.4227v1.pdf,11,Sr(FeAs)2,10 K H//ab,3.380211241711606,10.0,1.5,38.0,50.0
0907.4227v1.pdf,11,Sr(FeAs)2,10 K H//ab,3.342422680822206,10.0,2.0,38.0,50.0
0907.4227v1.pdf,11,Sr(FeAs)2,10 K H//ab,3.3010299956639813,10.0,2.5,38.0,50.0
0907.4227v1.pdf,11,Sr(FeAs)2,10 K H//ab,3.255272505103306,10.0,3.0,38.0,50.0
0907.4227v1.pdf,11,Sr(FeAs)2,10 K H//ab,3.204119982655925,10.0,3.5,38.0,50.0
0907.4227v1.pdf,11,Sr(FeAs)2,10 K H//ab,3.146128035678238,10.0,4.0,38.0,50.0
0907.4227v1.pdf,11,Sr(FeAs)2,10 K H//ab,3.0791812460476247,10.0,4.5,38.0,50.0
0907.4227v1.pdf,11,Sr(FeAs)2,10 K H//ab,3.0,10.0,5.0,38.0,50.0
0907.4227v1.pdf,11,Sr(FeAs)2,10 K H//c,3.3010299956639813,10.0,0.0,38.0,50.0
0907.4227v1.pdf,11,Sr(FeAs)2,10 K H//c,3.278753600952829,10.0,0.5,38.0,50.0
0907.4227v1.pdf,11,Sr(FeAs)2,10 K H//c,3.255272505103306,10.0,1.0,38.0,50.0
0907.4227v1.pdf,11,Sr(FeAs)2,10 K H//c,3.230448921378274,10.0,1.5,38.0,50.0
0907.4227v1.pdf,11,Sr(FeAs)2,10 K H//c,3.204119982655925,10.0,2.0,38.0,50.0
0907.4227v1.pdf,11,Sr(FeAs)2,10 K H//c,3.1760912590556813,10.0,2.5,38.0,50.0
0907.4227v1.pdf,11,Sr(FeAs)2,10 K H//c,3.146128035678238,10.0,3.0,38.0,50.0
0907.4227v1.pdf,11,Sr(FeAs)2,10 K H//c,3.113943352306837,10.0,3.5,38.0,50.0
0907.4227v1.pdf,11,Sr(FeAs)2,10 K H//c,3.0791812460476247,10.0,4.0,38.0,50.0
0907.4227v1.pdf,11,Sr(FeAs)2,10 K H//c,3.041392685158225,10.0,4.5,38.0,50.0
0907.4227v1.pdf,11,Sr(FeAs)2,10 K H//c,3.0,10.0,5.0,38.0,50.0
1002.0208v2.pdf,4,Pr2FeAs2O,5 K,6.0,5.0,1e-06,50.0,70.0
1002.0208v2.pdf,4,Pr2FeAs2O,5 K,5.954242509439325,5.0,2e-06,50.0,70.0
1002.0208v2.pdf,4,Pr2FeAs2O,5 K,5.903089986991944,5.0,5e-06,50.0,70.0
1002.0208v2.pdf,4,Pr2FeAs2O,5 K,5.845098040014257,5.0,1e-05,50.0,70.0
1002.0208v2.pdf,4,Pr2FeAs2O,5 K,5.778151250383644,5.0,2e-05,50.0,70.0
1002.0208v2.pdf,4,Pr2FeAs2O,5 K,5.698970004336019,5.0,5e-05,50.0,70.0
1002.0208v2.pdf,4,Pr2FeAs2O,5 K,5.6020599913279625,5.0,0.0001,50.0,70.0
1002.0208v2.pdf,4,Pr2FeAs2O,5 K,5.477121254719663,5.0,0.0002,50.0,70.0
1002.0208v2.pdf,4,Pr2FeAs2O,5 K,5.3979400086720375,5.0,0.0003,50.0,70.0
1002.0208v2.pdf,4,Pr2FeAs2O,5 K,5.301029995663981,5.0,0.0004,50.0,70.0
1002.0208v2.pdf,4,Pr2FeAs2O,5 K,5.176091259055681,5.0,0.0005,50.0,70.0
1002.0208v2.pdf,4,Pr2FeAs2O,5 K,5.079181246047625,5.0,0.0006,50.0,70.0
1002.0208v2.pdf,4,Pr2FeAs2O,5 K,5.0,5.0,0.0008,50.0,70.0
1002.0208v2.pdf,4,Pr2FeAs2O,5 K,4.903089986991944,5.0,0.001,50.0,70.0
1002.0208v2.pdf,4,Pr2FeAs2O,5 K,4.778151250383644,5.0,0.0012,50.0,70.0
1002.0208v2.pdf,4,Pr2FeAs2O,5 K,4.698970004336019,5.0,0.0014,50.0,70.0
1002.0208v2.pdf,4,Pr2FeAs2O,5 K,4.6020599913279625,5.0,0.0016,50.0,70.0
1002.0208v2.pdf,4,Pr2FeAs2O,7 K,5.954242509439325,7.0,1e-06,50.0,70.0
1002.0208v2.pdf,4,Pr2FeAs2O,7 K,5.903089986991944,7.0,2e-06,50.0,70.0
1002.0208v2.pdf,4,Pr2FeAs2O,7 K,5.845098040014257,7.0,5e-06,50.0,70.0
1002.0208v2.pdf,4,Pr2FeAs2O,7 K,5.778151250383644,7.0,1e-05,50.0,70.0
1002.0208v2.pdf,4,Pr2FeAs2O,7 K,5.698970004336019,7.0,2e-05,50.0,70.0
1002.0208v2.pdf,4,Pr2FeAs2O,7 K,5.6020599913279625,7.0,5e-05,50.0,70.0
1002.0208v2.pdf,4,Pr2FeAs2O,7 K,5.544068044350276,7.0,0.0001,50.0,70.0
1002.0208v2.pdf,4,Pr2FeAs2O,7 K,5.477121254719663,7.0,0.0002,50.0,70.0
1002.0208v2.pdf,4,Pr2FeAs2O,7 K,5.3979400086720375,7.0,0.0003,50.0,70.0
1002.0208v2.pdf,4,Pr2FeAs2O,7 K,5.301029995663981,7.0,0.0004,50.0,70.0
1002.0208v2.pdf,4,Pr2FeAs2O,7 K,5.176091259055681,7.0,0.0005,50.0,70.0
1002.0208v2.pdf,4,Pr2FeAs2O,7 K,5.079181246047625,7.0,0.0006,50.0,70.0
1002.0208v2.pdf,4,Pr2FeAs2O,7 K,5.0,7.0,0.0008,50.0,70.0
1002.0208v2.pdf,4,Pr2FeAs2O,7 K,4.903089986991944,7.0,0.001,50.0,70.0
1002.0208v2.pdf,4,Pr2FeAs2O,7 K,4.778151250383644,7.0,0.0012,50.0,70.0
1002.0208v2.pdf,4,Pr2FeAs2O,7 K,4.698970004336019,7.0,0.0014,50.0,70.0
1002.0208v2.pdf,4,Pr2FeAs2O,7 K,4.6020599913279625,7.0,0.0016,50.0,70.0
1002.0208v2.pdf,4,Pr2FeAs2O,10 K,5.903089986991944,10.0,1e-06,50.0,70.0
1002.0208v2.pdf,4,Pr2FeAs2O,10 K,5.845098040014257,10.0,2e-06,50.0,70.0
1002.0208v2.pdf,4,Pr2FeAs2O,10 K,5.778151250383644,10.0,5e-06,50.0,70.0
1002.0208v2.pdf,4,Pr2FeAs2O,10 K,5.698970004336019,10.0,1e-05,50.0,70.0
1002.0208v2.pdf,4,Pr2FeAs2O,10 K,5.6020599913279625,10.0,2e-05,50.0,70.0
1002.0208v2.pdf,4,Pr2FeAs2O,10 K,5.544068044350276,10.0,5e-05,50.0,70.0
1002.0208v2.pdf,4,Pr2FeAs2O,10 K,5.477121254719663,10.0,0.0001,50.0,70.0
1002.0208v2.pdf,4,Pr2FeAs2O,10 K,5.3979400086720375,10.0,0.0002,50.0,70.0
1002.0208v2.pdf,4,Pr2FeAs2O,10 K,5.301029995663981,10.0,0.0003,50.0,70.0
1002.0208v2.pdf,4,Pr2FeAs2O,10 K,5.176091259055681,10.0,0.0004,50.0,70.0
1002.0208v2.pdf,4,Pr2FeAs2O,10 K,5.079181246047625,10.0,0.0005,50.0,70.0
1002.0208v2.pdf,4,Pr2FeAs2O,10 K,5.0,10.0,0.0006,50.0,70.0
1002.0208v2.pdf,4,Pr2FeAs2O,10 K,4.903089986991944,10.0,0.0008,50.0,70.0
1002.0208v2.pdf,4,Pr2FeAs2O,10 K,4.778151250383644,10.0,0.001,50.0,70.0
1002.0208v2.pdf,4,Pr2FeAs2O,10 K,4.698970004336019,10.0,0.0012,50.0,70.0
1002.0208v2.pdf,4,Pr2FeAs2O,10 K,4.6020599913279625,10.0,0.0014,50.0,70.0
1002.0208v2.pdf,4,Pr2FeAs2O,10 K,4.477121254719663,10.0,0.0016,50.0,70.0
1002.0208v2.pdf,4,Pr2FeAs2O,15 K,5.845098040014257,15.0,1e-06,50.0,70.0
1002.0208v2.pdf,4,Pr2FeAs2O,15 K,5.778151250383644,15.0,2e-06,50.0,70.0
1002.0208v2.pdf,4,Pr2FeAs2O,15 K,5.698970004336019,15.0,5e-06,50.0,70.0
1002.0208v2.pdf,4,Pr2FeAs2O,15 K,5.6020599913279625,15.0,1e-05,50.0,70.0
1002.0208v2.pdf,4,Pr2FeAs2O,15 K,5.544068044350276,15.0,2e-05,50.0,70.0
1002.0208v2.pdf,4,Pr2FeAs2O,15 K,5.477121254719663,15.0,5e-05,50.0,70.0
1002.0208v2.pdf,4,Pr2FeAs2O,15 K,5.3979400086720375,15.0,0.0001,50.0,70.0
1002.0208v2.pdf,4,Pr2FeAs2O,15 K,5.301029995663981,15.0,0.0002,50.0,70.0
1002.0208v2.pdf,4,Pr2FeAs2O,15 K,5.176091259055681,15.0,0.0003,50.0,70.0
1002.0208v2.pdf,4,Pr2FeAs2O,15 K,5.079181246047625,15.0,0.0004,50.0,70.0
1002.0208v2.pdf,4,Pr2FeAs2O,15 K,5.0,15.0,0.0005,50.0,70.0
1002.0208v2.pdf,4,Pr2FeAs2O,15 K,4.903089986991944,15.0,0.0006,50.0,70.0
1002.0208v2.pdf,4,Pr2FeAs2O,15 K,4.778151250383644,15.0,0.0008,50.0,70.0
1002.0208v2.pdf,4,Pr2FeAs2O,15 K,4.698970004336019,15.0,0.001,50.0,70.0
1002.0208v2.pdf,4,Pr2FeAs2O,15 K,4.6020599913279625,15.0,0.0012,50.0,70.0
1002.0208v2.pdf,4,Pr2FeAs2O,15 K,4.477121254719663,15.0,0.0014,50.0,70.0
1002.0208v2.pdf,4,Pr2FeAs2O,15 K,4.301029995663981,15.0,0.0016,50.0,70.0
1002.0208v2.pdf,4,Pr2FeAs2O,20 K,5.778151250383644,20.0,1e-06,50.0,70.0
1002.0208v2.pdf,4,Pr2FeAs2O,20 K,5.698970004336019,20.0,2e-06,50.0,70.0
1002.0208v2.pdf,4,Pr2FeAs2O,20 K,5.6020599913279625,20.0,5e-06,50.0,70.0
1002.0208v2.pdf,4,Pr2FeAs2O,20 K,5.544068044350276,20.0,1e-05,50.0,70.0
1002.0208v2.pdf,4,Pr2FeAs2O,20 K,5.477121254719663,20.0,2e-05,50.0,70.0
1002.0208v2.pdf,4,Pr2FeAs2O,20 K,5.3979400086720375,20.0,5e-05,50.0,70.0
1002.0208v2.pdf,4,Pr2FeAs2O,20 K,5.301029995663981,20.0,0.0001,50.0,70.0
1002.0208v2.pdf,4,Pr2FeAs2O,20 K,5.176091259055681,20.0,0.0002,50.0,70.0
1002.0208v2.pdf,4,Pr2FeAs2O,20 K,5.079181246047625,20.0,0.0003,50.0,70.0
1002.0208v2.pdf,4,Pr2FeAs2O,20 K,5.0,20.0,0.0004,50.0,70.0
1002.0208v2.pdf,4,Pr2FeAs2O,20 K,4.903089986991944,20.0,0.0005,50.0,70.0
1002.0208v2.pdf,4,Pr2FeAs2O,20 K,4.778151250383644,20.0,0.0006,50.0,70.0
1002.0208v2.pdf,4,Pr2FeAs2O,20 K,4.698970004336019,20.0,0.0008,50.0,70.0
1002.0208v2.pdf,4,Pr2FeAs2O,20 K,4.6020599913279625,20.0,0.001,50.0,70.0
1002.0208v2.pdf,4,Pr2FeAs2O,20 K,4.477121254719663,20.0,0.0012,50.0,70.0
1002.0208v2.pdf,4,Pr2FeAs2O,20 K,4.301029995663981,20.0,0.0014,50.0,70.0
1002.0208v2.pdf,4,Pr2FeAs2O,20 K,4.176091259055681,20.0,0.0016,50.0,70.0
1002.0208v2.pdf,4,Pr2FeAs2O,25 K,5.698970004336019,25.0,1e-06,50.0,70.0
1002.0208v2.pdf,4,Pr2FeAs2O,25 K,5.6020599913279625,25.0,2e-06,50.0,70.0
1002.0208v2.pdf,4,Pr2FeAs2O,25 K,5.544068044350276,25.0,5e-06,50.0,70.0
1002.0208v2.pdf,4,Pr2FeAs2O,25 K,5.477121254719663,25.0,1e-05,50.0,70.0
1002.0208v2.pdf,4,Pr2FeAs2O,25 K,5.3979400086720375,25.0,2e-05,50.0,70.0
1002.0208v2.pdf,4,Pr2FeAs2O,25 K,5.301029995663981,25.0,5e-05,50.0,70.0
1002.0208v2.pdf,4,Pr2FeAs2O,25 K,5.176091259055681,25.0,0.0001,50.0,70.0
1002.0208v2.pdf,4,Pr2FeAs2O,25 K,5.079181246047625,25.0,0.0002,50.0,70.0
1002.0208v2.pdf,4,Pr2FeAs2O,25 K,5.0,25.0,0.0003,50.0,70.0
1002.0208v2.pdf,4,Pr2FeAs2O,25 K,4.903089986991944,25.0,0.0004,50.0,70.0
1002.0208v2.pdf,4,Pr2FeAs2O,25 K,4.778151250383644,25.0,0.0005,50.0,70.0
1002.0208v2.pdf,4,Pr2FeAs2O,25 K,4.698970004336019,25.0,0.0006,50.0,70.0
1002.0208v2.pdf,4,Pr2FeAs2O,25 K,4.6020599913279625,25.0,0.0008,50.0,70.0
1002.0208v2.pdf,4,Pr2FeAs2O,25 K,4.477121254719663,25.0,0.001,50.0,70.0
1002.0208v2.pdf,4,Pr2FeAs2O,25 K,4.301029995663981,25.0,0.0012,50.0,70.0
1002.0208v2.pdf,4,Pr2FeAs2O,25 K,4.176091259055681,25.0,0.0014,50.0,70.0
1002.0208v2.pdf,4,Pr2FeAs2O,25 K,4.0,25.0,0.0016,50.0,70.0
1002.0208v2.pdf,4,Pr2FeAs2O,30 K,5.6020599913279625,30.0,1e-06,50.0,70.0
1002.0208v2.pdf,4,Pr2FeAs2O,30 K,5.544068044350276,30.0,2e-06,50.0,70.0
1002.0208v2.pdf,4,Pr2FeAs2O,30 K,5.477121254719663,30.0,5e-06,50.0,70.0
1002.0208v2.pdf,4,Pr2FeAs2O,30 K,5.3979400086720375,30.0,1e-05,50.0,70.0
1002.0208v2.pdf,4,Pr2FeAs2O,30 K,5.301029995663981,30.0,2e-05,50.0,70.0
1002.0208v2.pdf,4,Pr2FeAs2O,30 K,5.176091259055681,30.0,5e-05,50.0,70.0
1002.0208v2.pdf,4,Pr2FeAs2O,30 K,5.079181246047625,30.0,0.0001,50.0,70.0
1002.0208v2.pdf,4,Pr2FeAs2O,30 K,5.0,30.0,0.0002,50.0,70.0
1002.0208v2.pdf,4,Pr2FeAs2O,30 K,4.903089986991944,30.0,0.0003,50.0,70.0
1002.0208v2.pdf,4,Pr2FeAs2O,30 K,4.778151250383644,30.0,0.0004,50.0,70.0
1002.0208v2.pdf,4,Pr2FeAs2O,30 K,4.698970004336019,30.0,0.0005,50.0,70.0
1002.0208v2.pdf,4,Pr2FeAs2O,30 K,4.6020599913279625,30.0,0.0006,50.0,70.0
1002.0208v2.pdf,4,Pr2FeAs2O,30 K,4.477121254719663,30.0,0.0008,50.0,70.0
1002.0208v2.pdf,4,Pr2FeAs2O,30 K,4.301029995663981,30.0,0.001,50.0,70.0
1002.0208v2.pdf,4,Pr2FeAs2O,30 K,4.176091259055681,30.0,0.0012,50.0,70.0
1002.0208v2.pdf,4,Pr2FeAs2O,30 K,4.0,30.0,0.0014,50.0,70.0
1002.0208v2.pdf,4,Pr2FeAs2O,30 K,3.903089986991944,30.0,0.0016,50.0,70.0
1002.0248v1.pdf,9,Fe2TeSe,2K,5.0,2.0,0.0,14.0,50.0
1002.0248v1.pdf,9,Fe2TeSe,2K,4.977723605288848,2.0,0.0001,14.0,50.0
1002.0248v1.pdf,9,Fe2TeSe,2K,4.954242509439325,2.0,0.0002,14.0,50.0
1002.0248v1.pdf,9,Fe2TeSe,2K,4.929418925714293,2.0,0.0003,14.0,50.0
1002.0248v1.pdf,9,Fe2TeSe,2K,4.903089986991944,2.0,0.0004,14.0,50.0
1002.0248v1.pdf,9,Fe2TeSe,2K,4.8750612633917,2.0,0.0005,14.0,50.0
1002.0248v1.pdf,9,Fe2TeSe,2K,4.845098040014257,2.0,0.0006,14.0,50.0
1002.0248v1.pdf,9,Fe2TeSe,2K,4.812913356642856,2.0,0.0007,14.0,50.0
1002.0248v1.pdf,9,Fe2TeSe,2K,4.778151250383644,2.0,0.0008,14.0,50.0
1002.0248v1.pdf,9,Fe2TeSe,2K,4.740362689494244,2.0,0.0009,14.0,50.0
1002.0248v1.pdf,9,Fe2TeSe,2K,4.698970004336019,2.0,0.001,14.0,50.0
1002.0248v1.pdf,9,Fe2TeSe,2K,4.653212513775344,2.0,0.0011,14.0,50.0
1002.0248v1.pdf,9,Fe2TeSe,2K,4.6020599913279625,2.0,0.0012,14.0,50.0
1002.0248v1.pdf,9,Fe2TeSe,6K,4.6020599913279625,6.0,0.0,14.0,50.0
1002.0248v1.pdf,9,Fe2TeSe,6K,4.57978359661681,6.0,0.0001,14.0,50.0
1002.0248v1.pdf,9,Fe2TeSe,6K,4.556302500767287,6.0,0.0002,14.0,50.0
1002.0248v1.pdf,9,Fe2TeSe,6K,4.531478917042255,6.0,0.0003,14.0,50.0
1002.0248v1.pdf,9,Fe2TeSe,6K,4.505149978319906,6.0,0.0004,14.0,50.0
1002.0248v1.pdf,9,Fe2TeSe,6K,4.477121254719663,6.0,0.0005,14.0,50.0
1002.0248v1.pdf,9,Fe2TeSe,6K,4.447158031342219,6.0,0.0006,14.0,50.0
1002.0248v1.pdf,9,Fe2TeSe,6K,4.414973347970818,6.0,0.0007,14.0,50.0
1002.0248v1.pdf,9,Fe2TeSe,6K,4.380211241711606,6.0,0.0008,14.0,50.0
1002.0248v1.pdf,9,Fe2TeSe,6K,4.342422680822207,6.0,0.0009,14.0,50.0
1002.0248v1.pdf,9,Fe2TeSe,6K,4.301029995663981,6.0,0.001,14.0,50.0
1002.0248v1.pdf,9,Fe2TeSe,6K,4.2552725051033065,6.0,0.0011,14.0,50.0
1002.0248v1.pdf,9,Fe2TeSe,6K,4.204119982655925,6.0,0.0012,14.0,50.0
1002.0248v1.pdf,9,Fe2TeSe,7K,4.301029995663981,7.0,0.0,14.0,50.0
1002.0248v1.pdf,9,Fe2TeSe,7K,4.278753600952829,7.0,0.0001,14.0,50.0
1002.0248v1.pdf,9,Fe2TeSe,7K,4.2552725051033065,7.0,0.0002,14.0,50.0
1002.0248v1.pdf,9,Fe2TeSe,7K,4.230448921378274,7.0,0.0003,14.0,50.0
1002.0248v1.pdf,9,Fe2TeSe,7K,4.204119982655925,7.0,0.0004,14.0,50.0
1002.0248v1.pdf,9,Fe2TeSe,7K,4.176091259055681,7.0,0.0005,14.0,50.0
1002.0248v1.pdf,9,Fe2TeSe,7K,4.146128035678238,7.0,0.0006,14.0,50.0
1002.0248v1.pdf,9,Fe2TeSe,7K,4.113943352306837,7.0,0.0007,14.0,50.0
1002.0248v1.pdf,9,Fe2TeSe,7K,4.079181246047625,7.0,0.0008,14.0,50.0
1002.0248v1.pdf,9,Fe2TeSe,7K,4.041392685158225,7.0,0.0009,14.0,50.0
1002.0248v1.pdf,9,Fe2TeSe,7K,4.0,7.0,0.001,14.0,50.0
1002.0248v1.pdf,9,Fe2TeSe,7K,3.9542425094393248,7.0,0.0011,14.0,50.0
1002.0248v1.pdf,9,Fe2TeSe,7K,3.903089986991944,7.0,0.0012,14.0,50.0
1002.0248v1.pdf,9,Fe2TeSe,8K,4.0,8.0,0.0,14.0,50.0
1002.0248v1.pdf,9,Fe2TeSe,8K,3.977723605288848,8.0,0.0001,14.0,50.0
1002.0248v1.pdf,9,Fe2TeSe,8K,3.9542425094393248,8.0,0.0002,14.0,50.0
1002.0248v1.pdf,9,Fe2TeSe,8K,3.929418925714293,8.0,0.0003,14.0,50.0
1002.0248v1.pdf,9,Fe2TeSe,8K,3.903089986991944,8.0,0.0004,14.0,50.0
1002.0248v1.pdf,9,Fe2TeSe,8K,3.8750612633917,8.0,0.0005,14.0,50.0
1002.0248v1.pdf,9,Fe2TeSe,8K,3.845098040014257,8.0,0.0006,14.0,50.0
1002.0248v1.pdf,9,Fe2TeSe,8K,3.812913356642856,8.0,0.0007,14.0,50.0
1002.0248v1.pdf,9,Fe2TeSe,8K,3.7781512503836434,8.0,0.0008,14.0,50.0
1002.0248v1.pdf,9,Fe2TeSe,8K,3.740362689494244,8.0,0.0009,14.0,50.0
1002.0248v1.pdf,9,Fe2TeSe,8K,3.6989700043360174,8.0,0.001,14.0,50.0
1002.0248v1.pdf,9,Fe2TeSe,8K,3.653212513775344,8.0,0.0011,14.0,50.0
1002.0248v1.pdf,9,Fe2TeSe,8K,3.6020599913279625,8.0,0.0012,14.0,50.0
1002.0248v1.pdf,9,Fe2TeSe,9K,3.6989700043360174,9.0,0.0,14.0,50.0
1002.0248v1.pdf,9,Fe2TeSe,9K,3.681241237375587,9.0,0.0001,14.0,50.0
1002.0248v1.pdf,9,Fe2TeSe,9K,3.662757831681574,9.0,0.0002,14.0,50.0
1002.0248v1.pdf,9,Fe2TeSe,9K,3.643452676486187,9.0,0.0003,14.0,50.0
1002.0248v1.pdf,9,Fe2TeSe,9K,3.6232492903979,9.0,0.0004,14.0,50.0
1002.0248v1.pdf,9,Fe2TeSe,9K,3.6020599913279625,9.0,0.0005,14.0,50.0
1002.0248v1.pdf,9,Fe2TeSe,9K,3.57978359661681,9.0,0.0006,14.0,50.0
1002.0248v1.pdf,9,Fe2TeSe,9K,3.556302500767288,9.0,0.0007,14.0,50.0
1002.0248v1.pdf,9,Fe2TeSe,9K,3.531478917042255,9.0,0.0008,14.0,50.0
1002.0248v1.pdf,9,Fe2TeSe,9K,3.505149978319906,9.0,0.0009,14.0,50.0
1002.0248v1.pdf,9,Fe2TeSe,9K,3.4771212547196626,9.0,0.001,14.0,50.0
1002.0248v1.pdf,9,Fe2TeSe,9K,3.4471580313422194,9.0,0.0011,14.0,50.0
1002.0248v1.pdf,9,Fe2TeSe,9K,3.4149733479708178,9.0,0.0012,14.0,50.0
1002.0248v1.pdf,9,Fe2TeSe,10K,3.3010299956639813,10.0,0.0,14.0,50.0
1002.0248v1.pdf,9,Fe2TeSe,10K,3.278753600952829,10.0,0.0001,14.0,50.0
1002.0248v1.pdf,9,Fe2TeSe,10K,3.255272505103306,10.0,0.0002,14.0,50.0
1002.0248v1.pdf,9,Fe2TeSe,10K,3.230448921378274,10.0,0.0003,14.0,50.0
1002.0248v1.pdf,9,Fe2TeSe,10K,3.204119982655925,10.0,0.0004,14.0,50.0
1002.0248v1.pdf,9,Fe2TeSe,10K,3.1760912590556813,10.0,0.0005,14.0,50.0
1002.0248v1.pdf,9,Fe2TeSe,10K,3.146128035678238,10.0,0.0006,14.0,50.0
1002.0248v1.pdf,9,Fe2TeSe,10K,3.113943352306837,10.0,0.0007,14.0,50.0
1002.0248v1.pdf,9,Fe2TeSe,10K,3.0791812460476247,10.0,0.0008,14.0,50.0
1002.0248v1.pdf,9,Fe2TeSe,10K,3.041392685158225,10.0,0.0009,14.0,50.0
1002.0248v1.pdf,9,Fe2TeSe,10K,3.0,10.0,0.001,14.0,50.0
1002.0248v1.pdf,9,Fe2TeSe,10K,2.9542425094393248,10.0,0.0011,14.0,50.0
1002.0248v1.pdf,9,Fe2TeSe,10K,2.903089986991944,10.0,0.0012,14.0,50.0
1002.0248v1.pdf,9,Fe2TeSe,11K,3.0,11.0,0.0,14.0,50.0
1002.0248v1.pdf,9,Fe2TeSe,11K,2.977723605288848,11.0,0.0001,14.0,50.0
1002.0248v1.pdf,9,Fe2TeSe,11K,2.9542425094393248,11.0,0.0002,14.0,50.0
1002.0248v1.pdf,9,Fe2TeSe,11K,2.929418925714293,11.0,0.0003,14.0,50.0
1002.0248v1.pdf,9,Fe2TeSe,11K,2.903089986991944,11.0,0.0004,14.0,50.0
1002.0248v1.pdf,9,Fe2TeSe,11K,2.8750612633917,11.0,0.0005,14.0,50.0
1002.0248v1.pdf,9,Fe2TeSe,11K,2.845098040014257,11.0,0.0006,14.0,50.0
1002.0248v1.pdf,9,Fe2TeSe,11K,2.812913356642856,11.0,0.0007,14.0,50.0
1002.0248v1.pdf,9,Fe2TeSe,11K,2.7781512503836434,11.0,0.0008,14.0,50.0
1002.0248v1.pdf,9,Fe2TeSe,11K,2.740362689494244,11.0,0.0009,14.0,50.0
1002.0248v1.pdf,9,Fe2TeSe,11K,2.6989700043360187,11.0,0.001,14.0,50.0
1002.0248v1.pdf,9,Fe2TeSe,11K,2.6532125137753435,11.0,0.0011,14.0,50.0
1002.0248v1.pdf,9,Fe2TeSe,11K,2.6020599913279625,11.0,0.0012,14.0,50.0
1002.0248v1.pdf,11,Fe2TeSe,T = 8K,5.0,8.0,0.0,14.0,50.0
1002.0248v1.pdf,11,Fe2TeSe,T = 8K,4.903089986991944,8.0,0.0001,14.0,50.0
1002.0248v1.pdf,11,Fe2TeSe,T = 8K,4.778151250383644,8.0,0.0002,14.0,50.0
1002.0248v1.pdf,11,Fe2TeSe,T = 8K,4.6020599913279625,8.0,0.0003,14.0,50.0
1002.0248v1.pdf,11,Fe2TeSe,T = 8K,4.477121254719663,8.0,0.0004,14.0,50.0
1002.0248v1.pdf,11,Fe2TeSe,T = 8K,4.301029995663981,8.0,0.0005,14.0,50.0
1002.0248v1.pdf,11,Fe2TeSe,T = 8K,4.176091259055681,8.0,0.0006,14.0,50.0
1002.0248v1.pdf,11,Fe2TeSe,T = 8K,4.0,8.0,0.0007,14.0,50.0
1002.0248v1.pdf,11,Fe2TeSe,T = 8K,3.845098040014257,8.0,0.0008,14.0,50.0
1002.0248v1.pdf,11,Fe2TeSe,T = 8K,3.6989700043360174,8.0,0.0009,14.0,50.0
1002.0248v1.pdf,11,Fe2TeSe,T = 8K,3.4771212547196626,8.0,0.001,14.0,50.0
1002.0248v1.pdf,11,Fe2TeSe,T = 8K,3.3010299956639813,8.0,0.0011,14.0,50.0
1002.0248v1.pdf,11,Fe2TeSe,T = 8K,3.0,8.0,0.0012,14.0,50.0
1009.4896v1.pdf,2,LiFeAs,2 K,4.0,2.0,0.0,18.0,17.0
1009.4896v1.pdf,2,LiFeAs,2 K,3.9542425094393248,2.0,0.5,18.0,17.0
1009.4896v1.pdf,2,LiFeAs,2 K,3.903089986991944,2.0,1.0,18.0,17.0
1009.4896v1.pdf,2,LiFeAs,2 K,3.845098040014257,2.0,1.5,18.0,17.0
1009.4896v1.pdf,2,LiFeAs,2 K,3.7781512503836434,2.0,2.0,18.0,17.0
1009.4896v1.pdf,2,LiFeAs,2 K,3.6989700043360174,2.0,2.5,18.0,17.0
1009.4896v1.pdf,2,LiFeAs,2 K,3.6020599913279625,2.0,3.0,18.0,17.0
1009.4896v1.pdf,2,LiFeAs,2 K,3.4771212547196626,2.0,3.5,18.0,17.0
1009.4896v1.pdf,2,LiFeAs,2 K,3.3010299956639813,2.0,4.0,18.0,17.0
1009.4896v1.pdf,2,LiFeAs,2 K,3.0,2.0,4.5,18.0,17.0
1009.4896v1.pdf,2,LiFeAs,2 K,2.6989700043360187,2.0,5.0,18.0,17.0
1009.4896v1.pdf,2,LiFeAs,5 K,3.903089986991944,5.0,0.0,18.0,17.0
1009.4896v1.pdf,2,LiFeAs,5 K,3.845098040014257,5.0,0.5,18.0,17.0
1009.4896v1.pdf,2,LiFeAs,5 K,3.7781512503836434,5.0,1.0,18.0,17.0
1009.4896v1.pdf,2,LiFeAs,5 K,3.6989700043360174,5.0,1.5,18.0,17.0
1009.4896v1.pdf,2,LiFeAs,5 K,3.6020599913279625,5.0,2.0,18.0,17.0
1009.4896v1.pdf,2,LiFeAs,5 K,3.4771212547196626,5.0,2.5,18.0,17.0
1009.4896v1.pdf,2,LiFeAs,5 K,3.3010299956639813,5.0,3.0,18.0,17.0
1009.4896v1.pdf,2,LiFeAs,5 K,3.1760912590556813,5.0,3.5,18.0,17.0
1009.4896v1.pdf,2,LiFeAs,5 K,3.0,5.0,4.0,18.0,17.0
1009.4896v1.pdf,2,LiFeAs,5 K,2.845098040014257,5.0,4.5,18.0,17.0
1009.4896v1.pdf,2,LiFeAs,5 K,2.6020599913279625,5.0,5.0,18.0,17.0
1009.4896v1.pdf,2,LiFeAs,7.5 K,3.7781512503836434,7.5,0.0,18.0,17.0
1009.4896v1.pdf,2,LiFeAs,7.5 K,3.6989700043360174,7.5,0.5,18.0,17.0
1009.4896v1.pdf,2,LiFeAs,7.5 K,3.6020599913279625,7.5,1.0,18.0,17.0
1009.4896v1.pdf,2,LiFeAs,7.5 K,3.4771212547196626,7.5,1.5,18.0,17.0
1009.4896v1.pdf,2,LiFeAs,7.5 K,3.397940008672037,7.5,2.0,18.0,17.0
1009.4896v1.pdf,2,LiFeAs,7.5 K,3.3010299956639813,7.5,2.5,18.0,17.0
1009.4896v1.pdf,2,LiFeAs,7.5 K,3.1760912590556813,7.5,3.0,18.0,17.0
1009.4896v1.pdf,2,LiFeAs,7.5 K,3.0,7.5,3.5,18.0,17.0
1009.4896v1.pdf,2,LiFeAs,7.5 K,2.903089986991944,7.5,4.0,18.0,17.0
1009.4896v1.pdf,2,LiFeAs,7.5 K,2.7781512503836434,7.5,4.5,18.0,17.0
1009.4896v1.pdf,2,LiFeAs,7.5 K,2.4771212547196626,7.5,5.0,18.0,17.0
1009.4896v1.pdf,2,LiFeAs,10 K,3.6020599913279625,10.0,0.0,18.0,17.0
1009.4896v1.pdf,2,LiFeAs,10 K,3.544068044350276,10.0,0.5,18.0,17.0
1009.4896v1.pdf,2,LiFeAs,10 K,3.4771212547196626,10.0,1.0,18.0,17.0
1009.4896v1.pdf,2,LiFeAs,10 K,3.397940008672037,10.0,1.5,18.0,17.0
1009.4896v1.pdf,2,LiFeAs,10 K,3.3010299956639813,10.0,2.0,18.0,17.0
1009.4896v1.pdf,2,LiFeAs,10 K,3.1760912590556813,10.0,2.5,18.0,17.0
1009.4896v1.pdf,2,LiFeAs,10 K,3.0,10.0,3.0,18.0,17.0
1009.4896v1.pdf,2,LiFeAs,10 K,2.903089986991944,10.0,3.5,18.0,17.0
1009.4896v1.pdf,2,LiFeAs,10 K,2.7781512503836434,10.0,4.0,18.0,17.0
1009.4896v1.pdf,2,LiFeAs,10 K,2.6020599913279625,10.0,4.5,18.0,17.0
1009.4896v1.pdf,2,LiFeAs,10 K,2.3010299956639813,10.0,5.0,18.0,17.0
1009.4896v1.pdf,2,LiFeAs,12.5 K,3.4771212547196626,12.5,0.0,18.0,17.0
1009.4896v1.pdf,2,LiFeAs,12.5 K,3.397940008672037,12.5,0.5,18.0,17.0
1009.4896v1.pdf,2,LiFeAs,12.5 K,3.3010299956639813,12.5,1.0,18.0,17.0
1009.4896v1.pdf,2,LiFeAs,12.5 K,3.1760912590556813,12.5,1.5,18.0,17.0
1009.4896v1.pdf,2,LiFeAs,12.5 K,3.0,12.5,2.0,18.0,17.0
1009.4896v1.pdf,2,LiFeAs,12.5 K,2.903089986991944,12.5,2.5,18.0,17.0
1009.4896v1.pdf,2,LiFeAs,12.5 K,2.7781512503836434,12.5,3.0,18.0,17.0
1009.4896v1.pdf,2,LiFeAs,12.5 K,2.6020599913279625,12.5,3.5,18.0,17.0
1009.4896v1.pdf,2,LiFeAs,12.5 K,2.4771212547196626,12.5,4.0,18.0,17.0
1009.4896v1.pdf,2,LiFeAs,12.5 K,2.3010299956639813,12.5,4.5,18.0,17.0
1009.4896v1.pdf,2,LiFeAs,12.5 K,2.0,12.5,5.0,18.0,17.0
1009.4896v1.pdf,2,LiFeAs,15 K,3.3010299956639813,15.0,0.0,18.0,17.0
1009.4896v1.pdf,2,LiFeAs,15 K,3.1760912590556813,15.0,0.5,18.0,17.0
1009.4896v1.pdf,2,LiFeAs,15 K,3.0,15.0,1.0,18.0,17.0
1009.4896v1.pdf,2,LiFeAs,15 K,2.903089986991944,15.0,1.5,18.0,17.0
1009.4896v1.pdf,2,LiFeAs,15 K,2.7781512503836434,15.0,2.0,18.0,17.0
1009.4896v1.pdf,2,LiFeAs,15 K,2.6020599913279625,15.0,2.5,18.0,17.0
1009.4896v1.pdf,2,LiFeAs,15 K,2.4771212547196626,15.0,3.0,18.0,17.0
1009.4896v1.pdf,2,LiFeAs,15 K,2.3010299956639813,15.0,3.5,18.0,17.0
1009.4896v1.pdf,2,LiFeAs,15 K,2.1760912590556813,15.0,4.0,18.0,17.0
1009.4896v1.pdf,2,LiFeAs,15 K,2.0,15.0,4.5,18.0,17.0
1009.4896v1.pdf,2,LiFeAs,15 K,1.6989700043360187,15.0,5.0,18.0,17.0
1010.3086v1.pdf,3,ScSiIr,7K,4.0,7.0,0.0,7.0,12.0
1010.3086v1.pdf,3,ScSiIr,7K,3.903089986991944,7.0,1.0,7.0,12.0
1010.3086v1.pdf,3,ScSiIr,7K,3.7781512503836434,7.0,2.0,7.0,12.0
1010.3086v1.pdf,3,ScSiIr,7K,3.6989700043360174,7.0,3.0,7.0,12.0
1010.3086v1.pdf,3,ScSiIr,7K,3.6020599913279625,7.0,4.0,7.0,12.0
1010.3086v1.pdf,3,ScSiIr,7K,3.4771212547196626,7.0,5.0,7.0,12.0
1010.3086v1.pdf,3,ScSiIr,7K,3.3010299956639813,7.0,6.0,7.0,12.0
1010.3086v1.pdf,3,ScSiIr,7K,3.1760912590556813,7.0,7.0,7.0,12.0
1010.3086v1.pdf,3,ScSiIr,7K,3.0791812460476247,7.0,8.0,7.0,12.0
1010.3086v1.pdf,3,ScSiIr,7K,3.0,7.0,9.0,7.0,12.0
1010.3086v1.pdf,3,ScSiIr,7K,2.903089986991944,7.0,10.0,7.0,12.0
1010.3086v1.pdf,3,ScSiIr,7K,2.7781512503836434,7.0,11.0,7.0,12.0
1010.3086v1.pdf,3,ScSiIr,7K,2.6989700043360187,7.0,12.0,7.0,12.0
1010.3086v1.pdf,3,ScSiIr,6K,4.301029995663981,6.0,0.0,7.0,12.0
1010.3086v1.pdf,3,ScSiIr,6K,4.176091259055681,6.0,1.0,7.0,12.0
1010.3086v1.pdf,3,ScSiIr,6K,4.079181246047625,6.0,2.0,7.0,12.0
1010.3086v1.pdf,3,ScSiIr,6K,4.0,6.0,3.0,7.0,12.0
1010.3086v1.pdf,3,ScSiIr,6K,3.903089986991944,6.0,4.0,7.0,12.0
1010.3086v1.pdf,3,ScSiIr,6K,3.7781512503836434,6.0,5.0,7.0,12.0
1010.3086v1.pdf,3,ScSiIr,6K,3.6989700043360174,6.0,6.0,7.0,12.0
1010.3086v1.pdf,3,ScSiIr,6K,3.6020599913279625,6.0,7.0,7.0,12.0
1010.3086v1.pdf,3,ScSiIr,6K,3.4771212547196626,6.0,8.0,7.0,12.0
1010.3086v1.pdf,3,ScSiIr,6K,3.397940008672037,6.0,9.0,7.0,12.0
1010.3086v1.pdf,3,ScSiIr,6K,3.3010299956639813,6.0,10.0,7.0,12.0
1010.3086v1.pdf,3,ScSiIr,6K,3.1760912590556813,6.0,11.0,7.0,12.0
1010.3086v1.pdf,3,ScSiIr,6K,3.0,6.0,12.0,7.0,12.0
1010.3086v1.pdf,3,ScSiIr,5K,4.477121254719663,5.0,0.0,7.0,12.0
1010.3086v1.pdf,3,ScSiIr,5K,4.3979400086720375,5.0,1.0,7.0,12.0
1010.3086v1.pdf,3,ScSiIr,5K,4.301029995663981,5.0,2.0,7.0,12.0
1010.3086v1.pdf,3,ScSiIr,5K,4.176091259055681,5.0,3.0,7.0,12.0
1010.3086v1.pdf,3,ScSiIr,5K,4.079181246047625,5.0,4.0,7.0,12.0
1010.3086v1.pdf,3,ScSiIr,5K,4.0,5.0,5.0,7.0,12.0
1010.3086v1.pdf,3,ScSiIr,5K,3.903089986991944,5.0,6.0,7.0,12.0
1010.3086v1.pdf,3,ScSiIr,5K,3.7781512503836434,5.0,7.0,7.0,12.0
1010.3086v1.pdf,3,ScSiIr,5K,3.6989700043360174,5.0,8.0,7.0,12.0
1010.3086v1.pdf,3,ScSiIr,5K,3.6020599913279625,5.0,9.0,7.0,12.0
1010.3086v1.pdf,3,ScSiIr,5K,3.4771212547196626,5.0,10.0,7.0,12.0
1010.3086v1.pdf,3,ScSiIr,5K,3.397940008672037,5.0,11.0,7.0,12.0
1010.3086v1.pdf,3,ScSiIr,5K,3.3010299956639813,5.0,12.0,7.0,12.0
1010.3086v1.pdf,3,ScSiIr,4K,4.6020599913279625,4.0,0.0,7.0,12.0
1010.3086v1.pdf,3,ScSiIr,4K,4.544068044350276,4.0,1.0,7.0,12.0
1010.3086v1.pdf,3,ScSiIr,4K,4.477121254719663,4.0,2.0,7.0,12.0
1010.3086v1.pdf,3,ScSiIr,4K,4.3979400086720375,4.0,3.0,7.0,12.0
1010.3086v1.pdf,3,ScSiIr,4K,4.301029995663981,4.0,4.0,7.0,12.0
1010.3086v1.pdf,3,ScSiIr,4K,4.176091259055681,4.0,5.0,7.0,12.0
1010.3086v1.pdf,3,ScSiIr,4K,4.079181246047625,4.0,6.0,7.0,12.0
1010.3086v1.pdf,3,ScSiIr,4K,4.0,4.0,7.0,7.0,12.0
1010.3086v1.pdf,3,ScSiIr,4K,3.903089986991944,4.0,8.0,7.0,12.0
1010.3086v1.pdf,3,ScSiIr,4K,3.7781512503836434,4.0,9.0,7.0,12.0
1010.3086v1.pdf,3,ScSiIr,4K,3.6989700043360174,4.0,10.0,7.0,12.0
1010.3086v1.pdf,3,ScSiIr,4K,3.6020599913279625,4.0,11.0,7.0,12.0
1010.3086v1.pdf,3,ScSiIr,4K,3.4771212547196626,4.0,12.0,7.0,12.0
1010.3086v1.pdf,3,ScSiIr,3K,4.698970004336019,3.0,0.0,7.0,12.0
1010.3086v1.pdf,3,ScSiIr,3K,4.653212513775344,3.0,1.0,7.0,12.0
1010.3086v1.pdf,3,ScSiIr,3K,4.6020599913279625,3.0,2.0,7.0,12.0
1010.3086v1.pdf,3,ScSiIr,3K,4.544068044350276,3.0,3.0,7.0,12.0
1010.3086v1.pdf,3,ScSiIr,3K,4.477121254719663,3.0,4.0,7.0,12.0
1010.3086v1.pdf,3,ScSiIr,3K,4.3979400086720375,3.0,5.0,7.0,12.0
1010.3086v1.pdf,3,ScSiIr,3K,4.301029995663981,3.0,6.0,7.0,12.0
1010.3086v1.pdf,3,ScSiIr,3K,4.176091259055681,3.0,7.0,7.0,12.0
1010.3086v1.pdf,3,ScSiIr,3K,4.079181246047625,3.0,8.0,7.0,12.0
1010.3086v1.pdf,3,ScSiIr,3K,4.0,3.0,9.0,7.0,12.0
1010.3086v1.pdf,3,ScSiIr,3K,3.903089986991944,3.0,10.0,7.0,12.0
1010.3086v1.pdf,3,ScSiIr,3K,3.7781512503836434,3.0,11.0,7.0,12.0
1010.3086v1.pdf,3,ScSiIr,3K,3.6989700043360174,3.0,12.0,7.0,12.0
1010.3086v1.pdf,3,ScSiIr,2K,4.778151250383644,2.0,0.0,7.0,12.0
1010.3086v1.pdf,3,ScSiIr,2K,4.740362689494244,2.0,1.0,7.0,12.0
1010.3086v1.pdf,3,ScSiIr,2K,4.698970004336019,2.0,2.0,7.0,12.0
1010.3086v1.pdf,3,ScSiIr,2K,4.653212513775344,2.0,3.0,7.0,12.0
1010.3086v1.pdf,3,ScSiIr,2K,4.6020599913279625,2.0,4.0,7.0,12.0
1010.3086v1.pdf,3,ScSiIr,2K,4.544068044350276,2.0,5.0,7.0,12.0
1010.3086v1.pdf,3,ScSiIr,2K,4.477121254719663,2.0,6.0,7.0,12.0
1010.3086v1.pdf,3,ScSiIr,2K,4.3979400086720375,2.0,7.0,7.0,12.0
1010.3086v1.pdf,3,ScSiIr,2K,4.301029995663981,2.0,8.0,7.0,12.0
1010.3086v1.pdf,3,ScSiIr,2K,4.176091259055681,2.0,9.0,7.0,12.0
1010.3086v1.pdf,3,ScSiIr,2K,4.079181246047625,2.0,10.0,7.0,12.0
1010.3086v1.pdf,3,ScSiIr,2K,4.0,2.0,11.0,7.0,12.0
1010.3086v1.pdf,3,ScSiIr,2K,3.903089986991944,2.0,12.0,7.0,12.0
1012.0894v1.pdf,3,Ba(FeAs)2,8 K,6.0,8.0,0.0,30.0,60.0
1012.0894v1.pdf,3,Ba(FeAs)2,8 K,5.903089986991944,8.0,5e-05,30.0,60.0
1012.0894v1.pdf,3,Ba(FeAs)2,8 K,5.778151250383644,8.0,0.0001,30.0,60.0
1012.0894v1.pdf,3,Ba(FeAs)2,8 K,5.698970004336019,8.0,0.00015,30.0,60.0
1012.0894v1.pdf,3,Ba(FeAs)2,8 K,5.6020599913279625,8.0,0.0002,30.0,60.0
1012.0894v1.pdf,3,Ba(FeAs)2,8 K,5.544068044350276,8.0,0.00025,30.0,60.0
1012.0894v1.pdf,3,Ba(FeAs)2,8 K,5.477121254719663,8.0,0.0003,30.0,60.0
1012.0894v1.pdf,3,Ba(FeAs)2,8 K,5.3979400086720375,8.0,0.00035,30.0,60.0
1012.0894v1.pdf,3,Ba(FeAs)2,8 K,5.301029995663981,8.0,0.0004,30.0,60.0
1012.0894v1.pdf,3,Ba(FeAs)2,8 K,5.2552725051033065,8.0,0.00045,30.0,60.0
1012.0894v1.pdf,3,Ba(FeAs)2,8 K,5.204119982655925,8.0,0.0005,30.0,60.0
1012.0894v1.pdf,3,Ba(FeAs)2,8 K,5.146128035678238,8.0,0.00055,30.0,60.0
1012.0894v1.pdf,3,Ba(FeAs)2,8 K,5.079181246047625,8.0,0.0006,30.0,60.0
1012.0894v1.pdf,3,Ba(FeAs)2,8 K,5.041392685158225,8.0,0.00065,30.0,60.0
1012.0894v1.pdf,3,Ba(FeAs)2,8 K,5.0,8.0,0.0007,30.0,60.0
1012.0894v1.pdf,3,Ba(FeAs)2,8 K,4.954242509439325,8.0,0.00075,30.0,60.0
1012.0894v1.pdf,3,Ba(FeAs)2,8 K,4.903089986991944,8.0,0.0008,30.0,60.0
1012.0894v1.pdf,3,Ba(FeAs)2,8 K,4.845098040014257,8.0,0.00085,30.0,60.0
1012.0894v1.pdf,3,Ba(FeAs)2,8 K,4.778151250383644,8.0,0.0009,30.0,60.0
1606.01477v2.pdf,23,Ba(FeAs)2,"4 K, ΔΦMgO = 8°, H // ab",6.0,4.0,0.0,30.0,60.0
1606.01477v2.pdf,23,Ba(FeAs)2,"4 K, ΔΦMgO = 8°, H // ab",5.903089986991944,4.0,1.0,30.0,60.0
1606.01477v2.pdf,23,Ba(FeAs)2,"4 K, ΔΦMgO = 8°, H // ab",5.778151250383644,4.0,2.0,30.0,60.0
1606.01477v2.pdf,23,Ba(FeAs)2,"4 K, ΔΦMgO = 8°, H // ab",5.698970004336019,4.0,3.0,30.0,60.0
1606.01477v2.pdf,23,Ba(FeAs)2,"4 K, ΔΦMgO = 8°, H // ab",5.6020599913279625,4.0,4.0,30.0,60.0
1606.01477v2.pdf,23,Ba(FeAs)2,"4 K, ΔΦMgO = 8°, H // ab",5.477121254719663,4.0,5.0,30.0,60.0
1606.01477v2.pdf,23,Ba(FeAs)2,"4 K, ΔΦMgO = 8°, H // ab",5.3979400086720375,4.0,6.0,30.0,60.0
1606.01477v2.pdf,23,Ba(FeAs)2,"4 K, ΔΦMgO = 8°, H // ab",5.301029995663981,4.0,7.0,30.0,60.0
1606.01477v2.pdf,23,Ba(FeAs)2,"4 K, ΔΦMgO = 8°, H // ab",5.176091259055681,4.0,8.0,30.0,60.0
1606.01477v2.pdf,23,Ba(FeAs)2,"4 K, ΔΦMgO = 8°, H // ab",5.0,4.0,9.0,30.0,60.0
1606.01477v2.pdf,23,Ba(FeAs)2,"4 K, ΔΦMgO = 8°, H // c",5.698970004336019,4.0,0.0,30.0,60.0
1606.01477v2.pdf,23,Ba(FeAs)2,"4 K, ΔΦMgO = 8°, H // c",5.6020599913279625,4.0,1.0,30.0,60.0
1606.01477v2.pdf,23,Ba(FeAs)2,"4 K, ΔΦMgO = 8°, H // c",5.477121254719663,4.0,2.0,30.0,60.0
1606.01477v2.pdf,23,Ba(FeAs)2,"4 K, ΔΦMgO = 8°, H // c",5.3979400086720375,4.0,3.0,30.0,60.0
1606.01477v2.pdf,23,Ba(FeAs)2,"4 K, ΔΦMgO = 8°, H // c",5.301029995663981,4.0,4.0,30.0,60.0
1606.01477v2.pdf,23,Ba(FeAs)2,"4 K, ΔΦMgO = 8°, H // c",5.176091259055681,4.0,5.0,30.0,60.0
1606.01477v2.pdf,23,Ba(FeAs)2,"4 K, ΔΦMgO = 8°, H // c",5.079181246047625,4.0,6.0,30.0,60.0
1606.01477v2.pdf,23,Ba(FeAs)2,"4 K, ΔΦMgO = 8°, H // c",5.0,4.0,7.0,30.0,60.0
1606.01477v2.pdf,23,Ba(FeAs)2,"4 K, ΔΦMgO = 8°, H // c",4.903089986991944,4.0,8.0,30.0,60.0
1606.01477v2.pdf,23,Ba(FeAs)2,"4 K, ΔΦMgO = 8°, H // c",4.778151250383644,4.0,9.0,30.0,60.0
1606.01477v2.pdf,23,Ba(FeAs)2,"12 K, ΔΦMgO = 8°, H // ab",5.903089986991944,12.0,0.0,30.0,60.0
1606.01477v2.pdf,23,Ba(FeAs)2,"12 K, ΔΦMgO = 8°, H // ab",5.778151250383644,12.0,1.0,30.0,60.0
1606.01477v2.pdf,23,Ba(FeAs)2,"12 K, ΔΦMgO = 8°, H // ab",5.698970004336019,12.0,2.0,30.0,60.0
1606.01477v2.pdf,23,Ba(FeAs)2,"12 K, ΔΦMgO = 8°, H // ab",5.6020599913279625,12.0,3.0,30.0,60.0
1606.01477v2.pdf,23,Ba(FeAs)2,"12 K, ΔΦMgO = 8°, H // ab",5.477121254719663,12.0,4.0,30.0,60.0
1606.01477v2.pdf,23,Ba(FeAs)2,"12 K, ΔΦMgO = 8°, H // ab",5.3979400086720375,12.0,5.0,30.0,60.0
1606.01477v2.pdf,23,Ba(FeAs)2,"12 K, ΔΦMgO = 8°, H // ab",5.301029995663981,12.0,6.0,30.0,60.0
1606.01477v2.pdf,23,Ba(FeAs)2,"12 K, ΔΦMgO = 8°, H // ab",5.176091259055681,12.0,7.0,30.0,60.0
1606.01477v2.pdf,23,Ba(FeAs)2,"12 K, ΔΦMgO = 8°, H // ab",5.079181246047625,12.0,8.0,30.0,60.0
1606.01477v2.pdf,23,Ba(FeAs)2,"12 K, ΔΦMgO = 8°, H // ab",5.0,12.0,9.0,30.0,60.0
1606.01477v2.pdf,23,Ba(FeAs)2,"12 K, ΔΦMgO = 8°, H // c",5.6020599913279625,12.0,0.0,30.0,60.0
1606.01477v2.pdf,23,Ba(FeAs)2,"12 K, ΔΦMgO = 8°, H // c",5.477121254719663,12.0,1.0,30.0,60.0
1606.01477v2.pdf,23,Ba(FeAs)2,"12 K, ΔΦMgO = 8°, H // c",5.3979400086720375,12.0,2.0,30.0,60.0
1606.01477v2.pdf,23,Ba(FeAs)2,"12 K, ΔΦMgO = 8°, H // c",5.301029995663981,12.0,3.0,30.0,60.0
1606.01477v2.pdf,23,Ba(FeAs)2,"12 K, ΔΦMgO = 8°, H // c",5.176091259055681,12.0,4.0,30.0,60.0
1606.01477v2.pdf,23,Ba(FeAs)2,"12 K, ΔΦMgO = 8°, H // c",5.079181246047625,12.0,5.0,30.0,60.0
1606.01477v2.pdf,23,Ba(FeAs)2,"12 K, ΔΦMgO = 8°, H // c",5.0,12.0,6.0,30.0,60.0
1606.01477v2.pdf,23,Ba(FeAs)2,"12 K, ΔΦMgO = 8°, H // c",4.903089986991944,12.0,7.0,30.0,60.0
1606.01477v2.pdf,23,Ba(FeAs)2,"12 K, ΔΦMgO = 8°, H // c",4.778151250383644,12.0,8.0,30.0,60.0
1606.01477v2.pdf,23,Ba(FeAs)2,"12 K, ΔΦMgO = 8°, H // c",4.698970004336019,12.0,9.0,30.0,60.0
1710.07550v1.pdf,5,FeSe,1.8 K,6.0,1.8,0.01,8.5,17.5
1710.07550v1.pdf,5,FeSe,1.8 K,5.903089986991944,1.8,0.02,8.5,17.5
1710.07550v1.pdf,5,FeSe,1.8 K,5.778151250383644,1.8,0.05,8.5,17.5
1710.07550v1.pdf,5,FeSe,1.8 K,5.698970004336019,1.8,0.1,8.5,17.5
1710.07550v1.pdf,5,FeSe,1.8 K,5.6020599913279625,1.8,0.2,8.5,17.5
1710.07550v1.pdf,5,FeSe,1.8 K,5.477121254719663,1.8,0.5,8.5,17.5
1710.07550v1.pdf,5,FeSe,1.8 K,5.301029995663981,1.8,1.0,8.5,17.5
1710.07550v1.pdf,5,FeSe,1.8 K,5.176091259055681,1.8,2.0,8.5,17.5
1710.07550v1.pdf,5,FeSe,1.8 K,5.0,1.8,5.0,8.5,17.5
1710.07550v1.pdf,5,FeSe,1.8 K,4.903089986991944,1.8,10.0,8.5,17.5
1710.07550v1.pdf,5,FeSe,4.5 K,5.954242509439325,4.5,0.01,8.5,17.5
1710.07550v1.pdf,5,FeSe,4.5 K,5.845098040014257,4.5,0.02,8.5,17.5
1710.07550v1.pdf,5,FeSe,4.5 K,5.698970004336019,4.5,0.05,8.5,17.5
1710.07550v1.pdf,5,FeSe,4.5 K,5.6020599913279625,4.5,0.1,8.5,17.5
1710.07550v1.pdf,5,FeSe,4.5 K,5.477121254719663,4.5,0.2,8.5,17.5
1710.07550v1.pdf,5,FeSe,4.5 K,5.3979400086720375,4.5,0.5,8.5,17.5
1710.07550v1.pdf,5,FeSe,4.5 K,5.301029995663981,4.5,1.0,8.5,17.5
1710.07550v1.pdf,5,FeSe,4.5 K,5.176091259055681,4.5,2.0,8.5,17.5
1710.07550v1.pdf,5,FeSe,4.5 K,5.0,4.5,5.0,8.5,17.5
1710.07550v1.pdf,5,FeSe,4.5 K,4.845098040014257,4.5,10.0,8.5,17.5
1710.07550v1.pdf,5,FeSe,7 K,5.903089986991944,7.0,0.01,8.5,17.5
1710.07550v1.pdf,5,FeSe,7 K,5.778151250383644,7.0,0.02,8.5,17.5
1710.07550v1.pdf,5,FeSe,7 K,5.6020599913279625,7.0,0.05,8.5,17.5
1710.07550v1.pdf,5,FeSe,7 K,5.477121254719663,7.0,0.1,8.5,17.5
1710.07550v1.pdf,5,FeSe,7 K,5.3979400086720375,7.0,0.2,8.5,17.5
1710.07550v1.pdf,5,FeSe,7 K,5.301029995663981,7.0,0.5,8.5,17.5
1710.07550v1.pdf,5,FeSe,7 K,5.176091259055681,7.0,1.0,8.5,17.5
1710.07550v1.pdf,5,FeSe,7 K,5.0,7.0,2.0,8.5,17.5
1710.07550v1.pdf,5,FeSe,7 K,4.903089986991944,7.0,5.0,8.5,17.5
1710.07550v1.pdf,5,FeSe,7 K,4.778151250383644,7.0,10.0,8.5,17.5
1801.05074v1.pdf,10,Ba(FeAs)2,2 K,5.698970004336019,2.0,0.0,30.0,60.0
1801.05074v1.pdf,10,Ba(FeAs)2,2 K,5.681241237375588,2.0,0.5,30.0,60.0
1801.05074v1.pdf,10,Ba(FeAs)2,2 K,5.662757831681574,2.0,1.0,30.0,60.0
1801.05074v1.pdf,10,Ba(FeAs)2,2 K,5.643452676486188,2.0,1.5,30.0,60.0
1801.05074v1.pdf,10,Ba(FeAs)2,2 K,5.623249290397901,2.0,2.0,30.0,60.0
1801.05074v1.pdf,10,Ba(FeAs)2,2 K,5.6020599913279625,2.0,2.5,30.0,60.0
1801.05074v1.pdf,10,Ba(FeAs)2,2 K,5.57978359661681,2.0,3.0,30.0,60.0
1801.05074v1.pdf,10,Ba(FeAs)2,2 K,5.556302500767287,2.0,3.5,30.0,60.0
1801.05074v1.pdf,10,Ba(FeAs)2,2 K,5.531478917042255,2.0,4.0,30.0,60.0
1801.05074v1.pdf,10,Ba(FeAs)2,2 K,5.505149978319906,2.0,4.5,30.0,60.0
1801.05074v1.pdf,10,Ba(FeAs)2,2 K,5.477121254719663,2.0,5.0,30.0,60.0
1801.05074v1.pdf,10,Ba(FeAs)2,2 K,5.447158031342219,2.0,5.5,30.0,60.0
1801.05074v1.pdf,10,Ba(FeAs)2,2 K,5.414973347970818,2.0,6.0,30.0,60.0
1801.05074v1.pdf,10,Ba(FeAs)2,3.5 K,5.681241237375588,3.5,0.0,30.0,60.0
1801.05074v1.pdf,10,Ba(FeAs)2,3.5 K,5.662757831681574,3.5,0.5,30.0,60.0
1801.05074v1.pdf,10,Ba(FeAs)2,3.5 K,5.643452676486188,3.5,1.0,30.0,60.0
1801.05074v1.pdf,10,Ba(FeAs)2,3.5 K,5.623249290397901,3.5,1.5,30.0,60.0
1801.05074v1.pdf,10,Ba(FeAs)2,3.5 K,5.6020599913279625,3.5,2.0,30.0,60.0
1801.05074v1.pdf,10,Ba(FeAs)2,3.5 K,5.57978359661681,3.5,2.5,30.0,60.0
1801.05074v1.pdf,10,Ba(FeAs)2,3.5 K,5.556302500767287,3.5,3.0,30.0,60.0
1801.05074v1.pdf,10,Ba(FeAs)2,3.5 K,5.531478917042255,3.5,3.5,30.0,60.0
1801.05074v1.pdf,10,Ba(FeAs)2,3.5 K,5.505149978319906,3.5,4.0,30.0,60.0
1801.05074v1.pdf,10,Ba(FeAs)2,3.5 K,5.477121254719663,3.5,4.5,30.0,60.0
1801.05074v1.pdf,10,Ba(FeAs)2,3.5 K,5.447158031342219,3.5,5.0,30.0,60.0
1801.05074v1.pdf,10,Ba(FeAs)2,3.5 K,5.414973347970818,3.5,5.5,30.0,60.0
1801.05074v1.pdf,10,Ba(FeAs)2,3.5 K,5.380211241711606,3.5,6.0,30.0,60.0
1801.05074v1.pdf,10,Ba(FeAs)2,5 K,5.662757831681574,5.0,0.0,30.0,60.0
1801.05074v1.pdf,10,Ba(FeAs)2,5 K,5.643452676486188,5.0,0.5,30.0,60.0
1801.05074v1.pdf,10,Ba(FeAs)2,5 K,5.623249290397901,5.0,1.0,30.0,60.0
1801.05074v1.pdf,10,Ba(FeAs)2,5 K,5.6020599913279625,5.0,1.5,30.0,60.0
1801.05074v1.pdf,10,Ba(FeAs)2,5 K,5.57978359661681,5.0,2.0,30.0,60.0
1801.05074v1.pdf,10,Ba(FeAs)2,5 K,5.556302500767287,5.0,2.5,30.0,60.0
1801.05074v1.pdf,10,Ba(FeAs)2,5 K,5.531478917042255,5.0,3.0,30.0,60.0
1801.05074v1.pdf,10,Ba(FeAs)2,5 K,5.505149978319906,5.0,3.5,30.0,60.0
1801.05074v1.pdf,10,Ba(FeAs)2,5 K,5.477121254719663,5.0,4.0,30.0,60.0
1801.05074v1.pdf,10,Ba(FeAs)2,5 K,5.447158031342219,5.0,4.5,30.0,60.0
1801.05074v1.pdf,10,Ba(FeAs)2,5 K,5.414973347970818,5.0,5.0,30.0,60.0
1801.05074v1.pdf,10,Ba(FeAs)2,5 K,5.380211241711606,5.0,5.5,30.0,60.0
1801.05074v1.pdf,10,Ba(FeAs)2,5 K,5.342422680822207,5.0,6.0,30.0,60.0
1801.05074v1.pdf,10,Ba(FeAs)2,7 K,5.643452676486188,7.0,0.0,30.0,60.0
1801.05074v1.pdf,10,Ba(FeAs)2,7 K,5.623249290397901,7.0,0.5,30.0,60.0
1801.05074v1.pdf,10,Ba(FeAs)2,7 K,5.6020599913279625,7.0,1.0,30.0,60.0
1801.05074v1.pdf,10,Ba(FeAs)2,7 K,5.57978359661681,7.0,1.5,30.0,60.0
1801.05074v1.pdf,10,Ba(FeAs)2,7 K,5.556302500767287,7.0,2.0,30.0,60.0
1801.05074v1.pdf,10,Ba(FeAs)2,7 K,5.531478917042255,7.0,2.5,30.0,60.0
1801.05074v1.pdf,10,Ba(FeAs)2,7 K,5.505149978319906,7.0,3.0,30.0,60.0
1801.05074v1.pdf,10,Ba(FeAs)2,7 K,5.477121254719663,7.0,3.5,30.0,60.0
1801.05074v1.pdf,10,Ba(FeAs)2,7 K,5.447158031342219,7.0,4.0,30.0,60.0
1801.05074v1.pdf,10,Ba(FeAs)2,7 K,5.414973347970818,7.0,4.5,30.0,60.0
1801.05074v1.pdf,10,Ba(FeAs)2,7 K,5.380211241711606,7.0,5.0,30.0,60.0
1801.05074v1.pdf,10,Ba(FeAs)2,7 K,5.342422680822207,7.0,5.5,30.0,60.0
1801.05074v1.pdf,10,Ba(FeAs)2,7 K,5.301029995663981,7.0,6.0,30.0,60.0
1801.05074v1.pdf,10,Ba(FeAs)2,9 K,5.623249290397901,9.0,0.0,30.0,60.0
1801.05074v1.pdf,10,Ba(FeAs)2,9 K,5.6020599913279625,9.0,0.5,30.0,60.0
1801.05074v1.pdf,10,Ba(FeAs)2,9 K,5.57978359661681,9.0,1.0,30.0,60.0
1801.05074v1.pdf,10,Ba(FeAs)2,9 K,5.556302500767287,9.0,1.5,30.0,60.0
1801.05074v1.pdf,10,Ba(FeAs)2,9 K,5.531478917042255,9.0,2.0,30.0,60.0
1801.05074v1.pdf,10,Ba(FeAs)2,9 K,5.505149978319906,9.0,2.5,30.0,60.0
1801.05074v1.pdf,10,Ba(FeAs)2,9 K,5.477121254719663,9.0,3.0,30.0,60.0
1801.05074v1.pdf,10,Ba(FeAs)2,9 K,5.447158031342219,9.0,3.5,30.0,60.0
1801.05074v1.pdf,10,Ba(FeAs)2,9 K,5.414973347970818,9.0,4.0,30.0,60.0
1801.05074v1.pdf,10,Ba(FeAs)2,9 K,5.380211241711606,9.0,4.5,30.0,60.0
1801.05074v1.pdf,10,Ba(FeAs)2,9 K,5.342422680822207,9.0,5.0,30.0,60.0
1801.05074v1.pdf,10,Ba(FeAs)2,9 K,5.301029995663981,9.0,5.5,30.0,60.0
1801.05074v1.pdf,10,Ba(FeAs)2,9 K,5.2552725051033065,9.0,6.0,30.0,60.0
1801.05074v1.pdf,10,Ba(FeAs)2,11 K,5.6020599913279625,11.0,0.0,30.0,60.0
1801.05074v1.pdf,10,Ba(FeAs)2,11 K,5.57978359661681,11.0,0.5,30.0,60.0
1801.05074v1.pdf,10,Ba(FeAs)2,11 K,5.556302500767287,11.0,1.0,30.0,60.0
1801.05074v1.pdf,10,Ba(FeAs)2,11 K,5.531478917042255,11.0,1.5,30.0,60.0
1801.05074v1.pdf,10,Ba(FeAs)2,11 K,5.505149978319906,11.0,2.0,30.0,60.0
1801.05074v1.pdf,10,Ba(FeAs)2,11 K,5.477121254719663,11.0,2.5,30.0,60.0
1801.05074v1.pdf,10,Ba(FeAs)2,11 K,5.447158031342219,11.0,3.0,30.0,60.0
1801.05074v1.pdf,10,Ba(FeAs)2,11 K,5.414973347970818,11.0,3.5,30.0,60.0
1801.05074v1.pdf,10,Ba(FeAs)2,11 K,5.380211241711606,11.0,4.0,30.0,60.0
1801.05074v1.pdf,10,Ba(FeAs)2,11 K,5.342422680822207,11.0,4.5,30.0,60.0
1801.05074v1.pdf,10,Ba(FeAs)2,11 K,5.301029995663981,11.0,5.0,30.0,60.0
1801.05074v1.pdf,10,Ba(FeAs)2,11 K,5.2552725051033065,11.0,5.5,30.0,60.0
1801.05074v1.pdf,10,Ba(FeAs)2,11 K,5.204119982655925,11.0,6.0,30.0,60.0
1801.05074v1.pdf,10,Ba(FeAs)2,13 K,5.57978359661681,13.0,0.0,30.0,60.0
1801.05074v1.pdf,10,Ba(FeAs)2,13 K,5.556302500767287,13.0,0.5,30.0,60.0
1801.05074v1.pdf,10,Ba(FeAs)2,13 K,5.531478917042255,13.0,1.0,30.0,60.0
1801.05074v1.pdf,10,Ba(FeAs)2,13 K,5.505149978319906,13.0,1.5,30.0,60.0
1801.05074v1.pdf,10,Ba(FeAs)2,13 K,5.477121254719663,13.0,2.0,30.0,60.0
1801.05074v1.pdf,10,Ba(FeAs)2,13 K,5.447158031342219,13.0,2.5,30.0,60.0
1801.05074v1.pdf,10,Ba(FeAs)2,13 K,5.414973347970818,13.0,3.0,30.0,60.0
1801.05074v1.pdf,10,Ba(FeAs)2,13 K,5.380211241711606,13.0,3.5,30.0,60.0
1801.05074v1.pdf,10,Ba(FeAs)2,13 K,5.342422680822207,13.0,4.0,30.0,60.0
1801.05074v1.pdf,10,Ba(FeAs)2,13 K,5.301029995663981,13.0,4.5,30.0,60.0
1801.05074v1.pdf,10,Ba(FeAs)2,13 K,5.2552725051033065,13.0,5.0,30.0,60.0
1801.05074v1.pdf,10,Ba(FeAs)2,13 K,5.204119982655925,13.0,5.5,30.0,60.0
1801.05074v1.pdf,10,Ba(FeAs)2,13 K,5.146128035678238,13.0,6.0,30.0,60.0
1801.05074v1.pdf,10,Ba(FeAs)2,15 K,5.556302500767287,15.0,0.0,30.0,60.0
1801.05074v1.pdf,10,Ba(FeAs)2,15 K,5.531478917042255,15.0,0.5,30.0,60.0
1801.05074v1.pdf,10,Ba(FeAs)2,15 K,5.505149978319906,15.0,1.0,30.0,60.0
1801.05074v1.pdf,10,Ba(FeAs)2,15 K,5.477121254719663,15.0,1.5,30.0,60.0
1801.05074v1.pdf,10,Ba(FeAs)2,15 K,5.447158031342219,15.0,2.0,30.0,60.0
1801.05074v1.pdf,10,Ba(FeAs)2,15 K,5.414973347970818,15.0,2.5,30.0,60.0
1801.05074v1.pdf,10,Ba(FeAs)2,15 K,5.380211241711606,15.0,3.0,30.0,60.0
1801.05074v1.pdf,10,Ba(FeAs)2,15 K,5.342422680822207,15.0,3.5,30.0,60.0
1801.05074v1.pdf,10,Ba(FeAs)2,15 K,5.301029995663981,15.0,4.0,30.0,60.0
1801.05074v1.pdf,10,Ba(FeAs)2,15 K,5.2552725051033065,15.0,4.5,30.0,60.0
1801.05074v1.pdf,10,Ba(FeAs)2,15 K,5.204119982655925,15.0,5.0,30.0,60.0
1801.05074v1.pdf,10,Ba(FeAs)2,15 K,5.146128035678238,15.0,5.5,30.0,60.0
1801.05074v1.pdf,10,Ba(FeAs)2,15 K,5.079181246047625,15.0,6.0,30.0,60.0
1801.05074v1.pdf,10,Ba(FeAs)2,16 K,5.531478917042255,16.0,0.0,30.0,60.0
1801.05074v1.pdf,10,Ba(FeAs)2,16 K,5.505149978319906,16.0,0.5,30.0,60.0
1801.05074v1.pdf,10,Ba(FeAs)2,16 K,5.477121254719663,16.0,1.0,30.0,60.0
1801.05074v1.pdf,10,Ba(FeAs)2,16 K,5.447158031342219,16.0,1.5,30.0,60.0
1801.05074v1.pdf,10,Ba(FeAs)2,16 K,5.414973347970818,16.0,2.0,30.0,60.0
1801.05074v1.pdf,10,Ba(FeAs)2,16 K,5.380211241711606,16.0,2.5,30.0,60.0
1801.05074v1.pdf,10,Ba(FeAs)2,16 K,5.342422680822207,16.0,3.0,30.0,60.0
1801.05074v1.pdf,10,Ba(FeAs)2,16 K,5.301029995663981,16.0,3.5,30.0,60.0
1801.05074v1.pdf,10,Ba(FeAs)2,16 K,5.2552725051033065,16.0,4.0,30.0,60.0
1801.05074v1.pdf,10,Ba(FeAs)2,16 K,5.204119982655925,16.0,4.5,30.0,60.0
1801.05074v1.pdf,10,Ba(FeAs)2,16 K,5.146128035678238,16.0,5.0,30.0,60.0
1801.05074v1.pdf,10,Ba(FeAs)2,16 K,5.079181246047625,16.0,5.5,30.0,60.0
1801.05074v1.pdf,10,Ba(FeAs)2,16 K,5.0,16.0,6.0,30.0,60.0
1801.05074v1.pdf,10,Ba(FeAs)2,17 K,5.505149978319906,17.0,0.0,30.0,60.0
1801.05074v1.pdf,10,Ba(FeAs)2,17 K,5.477121254719663,17.0,0.5,30.0,60.0
1801.05074v1.pdf,10,Ba(FeAs)2,17 K,5.447158031342219,17.0,1.0,30.0,60.0
1801.05074v1.pdf,10,Ba(FeAs)2,17 K,5.414973347970818,17.0,1.5,30.0,60.0
1801.05074v1.pdf,10,Ba(FeAs)2,17 K,5.380211241711606,17.0,2.0,30.0,60.0
1801.05074v1.pdf,10,Ba(FeAs)2,17 K,5.342422680822207,17.0,2.5,30.0,60.0
1801.05074v1.pdf,10,Ba(FeAs)2,17 K,5.301029995663981,17.0,3.0,30.0,60.0
1801.05074v1.pdf,10,Ba(FeAs)2,17 K,5.2552725051033065,17.0,3.5,30.0,60.0
1801.05074v1.pdf,10,Ba(FeAs)2,17 K,5.204119982655925,17.0,4.0,30.0,60.0
1801.05074v1.pdf,10,Ba(FeAs)2,17 K,5.146128035678238,17.0,4.5,30.0,60.0
1801.05074v1.pdf,10,Ba(FeAs)2,17 K,5.079181246047625,17.0,5.0,30.0,60.0
1801.05074v1.pdf,10,Ba(FeAs)2,17 K,5.0,17.0,5.5,30.0,60.0
1801.05074v1.pdf,10,Ba(FeAs)2,17 K,4.903089986991944,17.0,6.0,30.0,60.0
1801.05074v1.pdf,10,Ba(FeAs)2,18 K,5.477121254719663,18.0,0.0,30.0,60.0
1801.05074v1.pdf,10,Ba(FeAs)2,18 K,5.447158031342219,18.0,0.5,30.0,60.0
1801.05074v1.pdf,10,Ba(FeAs)2,18 K,5.414973347970818,18.0,1.0,30.0,60.0
1801.05074v1.pdf,10,Ba(FeAs)2,18 K,5.380211241711606,18.0,1.5,30.0,60.0
1801.05074v1.pdf,10,Ba(FeAs)2,18 K,5.342422680822207,18.0,2.0,30.0,60.0
1801.05074v1.pdf,10,Ba(FeAs)2,18 K,5.301029995663981,18.0,2.5,30.0,60.0
1801.05074v1.pdf,10,Ba(FeAs)2,18 K,5.2552725051033065,18.0,3.0,30.0,60.0
1801.05074v1.pdf,10,Ba(FeAs)2,18 K,5.204119982655925,18.0,3.5,30.0,60.0
1801.05074v1.pdf,10,Ba(FeAs)2,18 K,5.146128035678238,18.0,4.0,30.0,60.0
1801.05074v1.pdf,10,Ba(FeAs)2,18 K,5.079181246047625,18.0,4.5,30.0,60.0
1801.05074v1.pdf,10,Ba(FeAs)2,18 K,5.0,18.0,5.0,30.0,60.0
1801.05074v1.pdf,10,Ba(FeAs)2,18 K,4.903089986991944,18.0,5.5,30.0,60.0
1801.05074v1.pdf,10,Ba(FeAs)2,18 K,4.778151250383644,18.0,6.0,30.0,60.0
1801.05074v1.pdf,10,Ba(FeAs)2,19 K,5.447158031342219,19.0,0.0,30.0,60.0
1801.05074v1.pdf,10,Ba(FeAs)2,19 K,5.414973347970818,19.0,0.5,30.0,60.0
1801.05074v1.pdf,10,Ba(FeAs)2,19 K,5.380211241711606,19.0,1.0,30.0,60.0
1801.05074v1.pdf,10,Ba(FeAs)2,19 K,5.342422680822207,19.0,1.5,30.0,60.0
1801.05074v1.pdf,10,Ba(FeAs)2,19 K,5.301029995663981,19.0,2.0,30.0,60.0
1801.05074v1.pdf,10,Ba(FeAs)2,19 K,5.2552725051033065,19.0,2.5,30.0,60.0
1801.05074v1.pdf,10,Ba(FeAs)2,19 K,5.204119982655925,19.0,3.0,30.0,60.0
1801.05074v1.pdf,10,Ba(FeAs)2,19 K,5.146128035678238,19.0,3.5,30.0,60.0
1801.05074v1.pdf,10,Ba(FeAs)2,19 K,5.079181246047625,19.0,4.0,30.0,60.0
1801.05074v1.pdf,10,Ba(FeAs)2,19 K,5.0,19.0,4.5,30.0,60.0
1801.05074v1.pdf,10,Ba(FeAs)2,19 K,4.903089986991944,19.0,5.0,30.0,60.0
1801.05074v1.pdf,10,Ba(FeAs)2,19 K,4.778151250383644,19.0,5.5,30.0,60.0
1801.05074v1.pdf,10,Ba(FeAs)2,19 K,4.6020599913279625,19.0,6.0,30.0,60.0
2110.15577v1.pdf,18,KBa(FeAs)4,15 K,7.0,15.0,0.0,33.0,50.0
2110.15577v1.pdf,18,KBa(FeAs)4,15 K,6.954242509439325,15.0,1.0,33.0,50.0
2110.15577v1.pdf,18,KBa(FeAs)4,15 K,6.929418925714293,15.0,2.0,33.0,50.0
2110.15577v1.pdf,18,KBa(FeAs)4,15 K,6.903089986991944,15.0,3.0,33.0,50.0
2110.15577v1.pdf,18,KBa(FeAs)4,15 K,6.8750612633917,15.0,4.0,33.0,50.0
2110.15577v1.pdf,18,KBa(FeAs)4,15 K,6.845098040014257,15.0,5.0,33.0,50.0
2110.15577v1.pdf,18,KBa(FeAs)4,15 K,6.812913356642856,15.0,6.0,33.0,50.0
2110.15577v1.pdf,18,KBa(FeAs)4,15 K,6.778151250383644,15.0,7.0,33.0,50.0
2110.15577v1.pdf,18,KBa(FeAs)4,15 K,6.740362689494244,15.0,8.0,33.0,50.0
2110.15577v1.pdf,18,KBa(FeAs)4,15 K,6.698970004336019,15.0,9.0,33.0,50.0
2110.15577v1.pdf,18,KBa(FeAs)4,15 K,6.653212513775344,15.0,10.0,33.0,50.0
2110.15577v1.pdf,18,KBa(FeAs)4,15 K,6.6020599913279625,15.0,11.0,33.0,50.0
2110.15577v1.pdf,18,KBa(FeAs)4,15 K,6.544068044350276,15.0,12.0,33.0,50.0
2110.15577v1.pdf,18,KBa(FeAs)4,15 K,6.477121254719663,15.0,13.0,33.0,50.0
2110.15577v1.pdf,18,KBa(FeAs)4,15 K,6.3979400086720375,15.0,14.0,33.0,50.0
2110.15577v1.pdf,18,KBa(FeAs)4,15 K,6.301029995663981,15.0,15.0,33.0,50.0
2110.15577v1.pdf,18,KBa(FeAs)4,15 K,6.176091259055681,15.0,16.0,33.0,50.0
2110.15577v1.pdf,18,KBa(FeAs)4,20 K,6.954242509439325,20.0,0.0,33.0,50.0
2110.15577v1.pdf,18,KBa(FeAs)4,20 K,6.929418925714293,20.0,1.0,33.0,50.0
2110.15577v1.pdf,18,KBa(FeAs)4,20 K,6.903089986991944,20.0,2.0,33.0,50.0
2110.15577v1.pdf,18,KBa(FeAs)4,20 K,6.8750612633917,20.0,3.0,33.0,50.0
2110.15577v1.pdf,18,KBa(FeAs)4,20 K,6.845098040014257,20.0,4.0,33.0,50.0
2110.15577v1.pdf,18,KBa(FeAs)4,20 K,6.812913356642856,20.0,5.0,33.0,50.0
2110.15577v1.pdf,18,KBa(FeAs)4,20 K,6.778151250383644,20.0,6.0,33.0,50.0
2110.15577v1.pdf,18,KBa(FeAs)4,20 K,6.740362689494244,20.0,7.0,33.0,50.0
2110.15577v1.pdf,18,KBa(FeAs)4,20 K,6.698970004336019,20.0,8.0,33.0,50.0
2110.15577v1.pdf,18,KBa(FeAs)4,20 K,6.653212513775344,20.0,9.0,33.0,50.0
2110.15577v1.pdf,18,KBa(FeAs)4,20 K,6.6020599913279625,20.0,10.0,33.0,50.0
2110.15577v1.pdf,18,KBa(FeAs)4,20 K,6.544068044350276,20.0,11.0,33.0,50.0
2110.15577v1.pdf,18,KBa(FeAs)4,20 K,6.477121254719663,20.0,12.0,33.0,50.0
2110.15577v1.pdf,18,KBa(FeAs)4,20 K,6.3979400086720375,20.0,13.0,33.0,50.0
2110.15577v1.pdf,18,KBa(FeAs)4,20 K,6.301029995663981,20.0,14.0,33.0,50.0
2110.15577v1.pdf,18,KBa(FeAs)4,20 K,6.176091259055681,20.0,15.0,33.0,50.0
2110.15577v1.pdf,18,KBa(FeAs)4,20 K,6.0,20.0,16.0,33.0,50.0
2110.15577v1.pdf,18,KBa(FeAs)4,25 K,6.903089986991944,25.0,0.0,33.0,50.0
2110.15577v1.pdf,18,KBa(FeAs)4,25 K,6.8750612633917,25.0,1.0,33.0,50.0
2110.15577v1.pdf,18,KBa(FeAs)4,25 K,6.845098040014257,25.0,2.0,33.0,50.0
2110.15577v1.pdf,18,KBa(FeAs)4,25 K,6.812913356642856,25.0,3.0,33.0,50.0
2110.15577v1.pdf,18,KBa(FeAs)4,25 K,6.778151250383644,25.0,4.0,33.0,50.0
2110.15577v1.pdf,18,KBa(FeAs)4,25 K,6.740362689494244,25.0,5.0,33.0,50.0
2110.15577v1.pdf,18,KBa(FeAs)4,25 K,6.698970004336019,25.0,6.0,33.0,50.0
2110.15577v1.pdf,18,KBa(FeAs)4,25 K,6.653212513775344,25.0,7.0,33.0,50.0
2110.15577v1.pdf,18,KBa(FeAs)4,25 K,6.6020599913279625,25.0,8.0,33.0,50.0
2110.15577v1.pdf,18,KBa(FeAs)4,25 K,6.544068044350276,25.0,9.0,33.0,50.0
2110.15577v1.pdf,18,KBa(FeAs)4,25 K,6.477121254719663,25.0,10.0,33.0,50.0
2110.15577v1.pdf,18,KBa(FeAs)4,25 K,6.3979400086720375,25.0,11.0,33.0,50.0
2110.15577v1.pdf,18,KBa(FeAs)4,25 K,6.301029995663981,25.0,12.0,33.0,50.0
2110.15577v1.pdf,18,KBa(FeAs)4,25 K,6.176091259055681,25.0,13.0,33.0,50.0
2110.15577v1.pdf,18,KBa(FeAs)4,25 K,6.0,25.0,14.0,33.0,50.0
2110.15577v1.pdf,18,KBa(FeAs)4,25 K,5.698970004336019,25.0,15.0,33.0,50.0
2110.15577v1.pdf,18,KBa(FeAs)4,25 K,5.0,25.0,16.0,33.0,50.0
2110.15577v1.pdf,18,KBa(FeAs)4,30 K,6.845098040014257,30.0,0.0,33.0,50.0
2110.15577v1.pdf,18,KBa(FeAs)4,30 K,6.812913356642856,30.0,1.0,33.0,50.0
2110.15577v1.pdf,18,KBa(FeAs)4,30 K,6.778151250383644,30.0,2.0,33.0,50.0
2110.15577v1.pdf,18,KBa(FeAs)4,30 K,6.740362689494244,30.0,3.0,33.0,50.0
2110.15577v1.pdf,18,KBa(FeAs)4,30 K,6.698970004336019,30.0,4.0,33.0,50.0
2110.15577v1.pdf,18,KBa(FeAs)4,30 K,6.653212513775344,30.0,5.0,33.0,50.0
2110.15577v1.pdf,18,KBa(FeAs)4,30 K,6.6020599913279625,30.0,6.0,33.0,50.0
2110.15577v1.pdf,18,KBa(FeAs)4,30 K,6.544068044350276,30.0,7.0,33.0,50.0
2110.15577v1.pdf,18,KBa(FeAs)4,30 K,6.477121254719663,30.0,8.0,33.0,50.0
2110.15577v1.pdf,18,KBa(FeAs)4,30 K,6.3979400086720375,30.0,9.0,33.0,50.0
2110.15577v1.pdf,18,KBa(FeAs)4,30 K,6.301029995663981,30.0,10.0,33.0,50.0
2110.15577v1.pdf,18,KBa(FeAs)4,30 K,6.176091259055681,30.0,11.0,33.0,50.0
2110.15577v1.pdf,18,KBa(FeAs)4,30 K,6.0,30.0,12.0,33.0,50.0
2110.15577v1.pdf,18,KBa(FeAs)4,30 K,5.698970004336019,30.0,13.0,33.0,50.0
2110.15577v1.pdf,18,KBa(FeAs)4,30 K,5.0,30.0,14.0,33.0,50.0
2110.15577v1.pdf,18,KBa(FeAs)4,30 K,4.698970004336019,30.0,15.0,33.0,50.0
2110.15577v1.pdf,18,KBa(FeAs)4,30 K,4.0,30.0,16.0,33.0,50.0
2207.06629v1.pdf,4,Ba(FeAs)2,4 K,7.0,4.0,0.0,30.0,60.0
2207.06629v1.pdf,4,Ba(FeAs)2,4 K,6.903089986991944,4.0,0.5,30.0,60.0
2207.06629v1.pdf,4,Ba(FeAs)2,4 K,6.778151250383644,4.0,1.0,30.0,60.0
2207.06629v1.pdf,4,Ba(FeAs)2,4 K,6.698970004336019,4.0,1.5,30.0,60.0
2207.06629v1.pdf,4,Ba(FeAs)2,4 K,6.6020599913279625,4.0,2.0,30.0,60.0
2207.06629v1.pdf,4,Ba(FeAs)2,4 K,6.477121254719663,4.0,2.5,30.0,60.0
2207.06629v1.pdf,4,Ba(FeAs)2,4 K,6.301029995663981,4.0,3.0,30.0,60.0
2207.06629v1.pdf,4,Ba(FeAs)2,4 K,6.176091259055681,4.0,3.5,30.0,60.0
2207.06629v1.pdf,4,Ba(FeAs)2,4 K,6.0,4.0,4.0,30.0,60.0
2207.06629v1.pdf,4,Ba(FeAs)2,4 K,5.903089986991944,4.0,4.5,30.0,60.0
2207.06629v1.pdf,4,Ba(FeAs)2,4 K,5.778151250383644,4.0,5.0,30.0,60.0
2207.06629v1.pdf,4,Ba(FeAs)2,4 K,5.698970004336019,4.0,5.5,30.0,60.0
2207.06629v1.pdf,4,Ba(FeAs)2,4 K,5.6020599913279625,4.0,6.0,30.0,60.0
2207.06629v1.pdf,4,Ba(FeAs)2,4 K,5.477121254719663,4.0,6.5,30.0,60.0
2207.06629v1.pdf,4,Ba(FeAs)2,4 K,5.301029995663981,4.0,7.0,30.0,60.0
2207.06629v1.pdf,4,Ba(FeAs)2,4 K,5.176091259055681,4.0,7.5,30.0,60.0
2207.06629v1.pdf,4,Ba(FeAs)2,4 K,5.0,4.0,8.0,30.0,60.0
2207.06629v1.pdf,4,Ba(FeAs)2,8 K,6.903089986991944,8.0,0.0,30.0,60.0
2207.06629v1.pdf,4,Ba(FeAs)2,8 K,6.778151250383644,8.0,0.5,30.0,60.0
2207.06629v1.pdf,4,Ba(FeAs)2,8 K,6.698970004336019,8.0,1.0,30.0,60.0
2207.06629v1.pdf,4,Ba(FeAs)2,8 K,6.6020599913279625,8.0,1.5,30.0,60.0
2207.06629v1.pdf,4,Ba(FeAs)2,8 K,6.477121254719663,8.0,2.0,30.0,60.0
2207.06629v1.pdf,4,Ba(FeAs)2,8 K,6.301029995663981,8.0,2.5,30.0,60.0
2207.06629v1.pdf,4,Ba(FeAs)2,8 K,6.176091259055681,8.0,3.0,30.0,60.0
2207.06629v1.pdf,4,Ba(FeAs)2,8 K,6.0,8.0,3.5,30.0,60.0
2207.06629v1.pdf,4,Ba(FeAs)2,8 K,5.903089986991944,8.0,4.0,30.0,60.0
2207.06629v1.pdf,4,Ba(FeAs)2,8 K,5.778151250383644,8.0,4.5,30.0,60.0
2207.06629v1.pdf,4,Ba(FeAs)2,8 K,5.698970004336019,8.0,5.0,30.0,60.0
2207.06629v1.pdf,4,Ba(FeAs)2,8 K,5.6020599913279625,8.0,5.5,30.0,60.0
2207.06629v1.pdf,4,Ba(FeAs)2,8 K,5.477121254719663,8.0,6.0,30.0,60.0
2207.06629v1.pdf,4,Ba(FeAs)2,8 K,5.301029995663981,8.0,6.5,30.0,60.0
2207.06629v1.pdf,4,Ba(FeAs)2,8 K,5.176091259055681,8.0,7.0,30.0,60.0
2207.06629v1.pdf,4,Ba(FeAs)2,8 K,5.0,8.0,7.5,30.0,60.0
2207.06629v1.pdf,4,Ba(FeAs)2,8 K,4.903089986991944,8.0,8.0,30.0,60.0
2207.06629v1.pdf,4,Ba(FeAs)2,12 K,6.778151250383644,12.0,0.0,30.0,60.0
2207.06629v1.pdf,4,Ba(FeAs)2,12 K,6.698970004336019,12.0,0.5,30.0,60.0
2207.06629v1.pdf,4,Ba(FeAs)2,12 K,6.6020599913279625,12.0,1.0,30.0,60.0
2207.06629v1.pdf,4,Ba(FeAs)2,12 K,6.477121254719663,12.0,1.5,30.0,60.0
2207.06629v1.pdf,4,Ba(FeAs)2,12 K,6.301029995663981,12.0,2.0,30.0,60.0
2207.06629v1.pdf,4,Ba(FeAs)2,12 K,6.176091259055681,12.0,2.5,30.0,60.0
2207.06629v1.pdf,4,Ba(FeAs)2,12 K,6.0,12.0,3.0,30.0,60.0
2207.06629v1.pdf,4,Ba(FeAs)2,12 K,5.903089986991944,12.0,3.5,30.0,60.0
2207.06629v1.pdf,4,Ba(FeAs)2,12 K,5.778151250383644,12.0,4.0,30.0,60.0
2207.06629v1.pdf,4,Ba(FeAs)2,12 K,5.698970004336019,12.0,4.5,30.0,60.0
2207.06629v1.pdf,4,Ba(FeAs)2,12 K,5.6020599913279625,12.0,5.0,30.0,60.0
2207.06629v1.pdf,4,Ba(FeAs)2,12 K,5.477121254719663,12.0,5.5,30.0,60.0
2207.06629v1.pdf,4,Ba(FeAs)2,12 K,5.301029995663981,12.0,6.0,30.0,60.0
2207.06629v1.pdf,4,Ba(FeAs)2,12 K,5.176091259055681,12.0,6.5,30.0,60.0
2207.06629v1.pdf,4,Ba(FeAs)2,12 K,5.0,12.0,7.0,30.0,60.0
2207.06629v1.pdf,4,Ba(FeAs)2,12 K,4.903089986991944,12.0,7.5,30.0,60.0
2207.06629v1.pdf,4,Ba(FeAs)2,12 K,4.778151250383644,12.0,8.0,30.0,60.0
2207.06629v1.pdf,4,Ba(FeAs)2,16 K,6.698970004336019,16.0,0.0,30.0,60.0
2207.06629v1.pdf,4,Ba(FeAs)2,16 K,6.6020599913279625,16.0,0.5,30.0,60.0
2207.06629v1.pdf,4,Ba(FeAs)2,16 K,6.477121254719663,16.0,1.0,30.0,60.0
2207.06629v1.pdf,4,Ba(FeAs)2,16 K,6.301029995663981,16.0,1.5,30.0,60.0
2207.06629v1.pdf,4,Ba(FeAs)2,16 K,6.176091259055681,16.0,2.0,30.0,60.0
2207.06629v1.pdf,4,Ba(FeAs)2,16 K,6.0,16.0,2.5,30.0,60.0
2207.06629v1.pdf,4,Ba(FeAs)2,16 K,5.903089986991944,16.0,3.0,30.0,60.0
2207.06629v1.pdf,4,Ba(FeAs)2,16 K,5.778151250383644,16.0,3.5,30.0,60.0
2207.06629v1.pdf,4,Ba(FeAs)2,16 K,5.698970004336019,16.0,4.0,30.0,60.0
2207.06629v1.pdf,4,Ba(FeAs)2,16 K,5.6020599913279625,16.0,4.5,30.0,60.0
2207.06629v1.pdf,4,Ba(FeAs)2,16 K,5.477121254719663,16.0,5.0,30.0,60.0
2207.06629v1.pdf,4,Ba(FeAs)2,16 K,5.301029995663981,16.0,5.5,30.0,60.0
2207.06629v1.pdf,4,Ba(FeAs)2,16 K,5.176091259055681,16.0,6.0,30.0,60.0
2207.06629v1.pdf,4,Ba(FeAs)2,16 K,5.0,16.0,6.5,30.0,60.0
2207.06629v1.pdf,4,Ba(FeAs)2,16 K,4.903089986991944,16.0,7.0,30.0,60.0
2207.06629v1.pdf,4,Ba(FeAs)2,16 K,4.778151250383644,16.0,7.5,30.0,60.0
2207.06629v1.pdf,4,Ba(FeAs)2,16 K,4.698970004336019,16.0,8.0,30.0,60.0
2207.06629v1.pdf,4,Ba(FeAs)2,20 K,6.6020599913279625,20.0,0.0,30.0,60.0
2207.06629v1.pdf,4,Ba(FeAs)2,20 K,6.477121254719663,20.0,0.5,30.0,60.0
2207.06629v1.pdf,4,Ba(FeAs)2,20 K,6.301029995663981,20.0,1.0,30.0,60.0
2207.06629v1.pdf,4,Ba(FeAs)2,20 K,6.176091259055681,20.0,1.5,30.0,60.0
2207.06629v1.pdf,4,Ba(FeAs)2,20 K,6.0,20.0,2.0,30.0,60.0
2207.06629v1.pdf,4,Ba(FeAs)2,20 K,5.903089986991944,20.0,2.5,30.0,60.0
2207.06629v1.pdf,4,Ba(FeAs)2,20 K,5.778151250383644,20.0,3.0,30.0,60.0
2207.06629v1.pdf,4,Ba(FeAs)2,20 K,5.698970004336019,20.0,3.5,30.0,60.0
2207.06629v1.pdf,4,Ba(FeAs)2,20 K,5.6020599913279625,20.0,4.0,30.0,60.0
2207.06629v1.pdf,4,Ba(FeAs)2,20 K,5.477121254719663,20.0,4.5,30.0,60.0
2207.06629v1.pdf,4,Ba(FeAs)2,20 K,5.301029995663981,20.0,5.0,30.0,60.0
2207.06629v1.pdf,4,Ba(FeAs)2,20 K,5.176091259055681,20.0,5.5,30.0,60.0
2207.06629v1.pdf,4,Ba(FeAs)2,20 K,5.0,20.0,6.0,30.0,60.0
2207.06629v1.pdf,4,Ba(FeAs)2,20 K,4.903089986991944,20.0,6.5,30.0,60.0
2207.06629v1.pdf,4,Ba(FeAs)2,20 K,4.778151250383644,20.0,7.0,30.0,60.0
2207.06629v1.pdf,4,Ba(FeAs)2,20 K,4.698970004336019,20.0,7.5,30.0,60.0
2207.06629v1.pdf,4,Ba(FeAs)2,20 K,4.6020599913279625,20.0,8.0,30.0,60.0
2207.06629v1.pdf,4,Ba(FeAs)2,24 K,6.477121254719663,24.0,0.0,30.0,60.0
2207.06629v1.pdf,4,Ba(FeAs)2,24 K,6.301029995663981,24.0,0.5,30.0,60.0
2207.06629v1.pdf,4,Ba(FeAs)2,24 K,6.176091259055681,24.0,1.0,30.0,60.0
2207.06629v1.pdf,4,Ba(FeAs)2,24 K,6.0,24.0,1.5,30.0,60.0
2207.06629v1.pdf,4,Ba(FeAs)2,24 K,5.903089986991944,24.0,2.0,30.0,60.0
2207.06629v1.pdf,4,Ba(FeAs)2,24 K,5.778151250383644,24.0,2.5,30.0,60.0
2207.06629v1.pdf,4,Ba(FeAs)2,24 K,5.698970004336019,24.0,3.0,30.0,60.0
2207.06629v1.pdf,4,Ba(FeAs)2,24 K,5.6020599913279625,24.0,3.5,30.0,60.0
2207.06629v1.pdf,4,Ba(FeAs)2,24 K,5.477121254719663,24.0,4.0,30.0,60.0
2207.06629v1.pdf,4,Ba(FeAs)2,24 K,5.301029995663981,24.0,4.5,30.0,60.0
2207.06629v1.pdf,4,Ba(FeAs)2,24 K,5.176091259055681,24.0,5.0,30.0,60.0
2207.06629v1.pdf,4,Ba(FeAs)2,24 K,5.0,24.0,5.5,30.0,60.0
2207.06629v1.pdf,4,Ba(FeAs)2,24 K,4.903089986991944,24.0,6.0,30.0,60.0
2207.06629v1.pdf,4,Ba(FeAs)2,24 K,4.778151250383644,24.0,6.5,30.0,60.0
2207.06629v1.pdf,4,Ba(FeAs)2,24 K,4.698970004336019,24.0,7.0,30.0,60.0
2207.06629v1.pdf,4,Ba(FeAs)2,24 K,4.6020599913279625,24.0,7.5,30.0,60.0
2207.06629v1.pdf,4,Ba(FeAs)2,24 K,4.477121254719663,24.0,8.0,30.0,60.0
2207.06629v1.pdf,4,Ba(FeAs)2,28 K,6.301029995663981,28.0,0.0,30.0,60.0
2207.06629v1.pdf,4,Ba(FeAs)2,28 K,6.176091259055681,28.0,0.5,30.0,60.0
2207.06629v1.pdf,4,Ba(FeAs)2,28 K,6.0,28.0,1.0,30.0,60.0
2207.06629v1.pdf,4,Ba(FeAs)2,28 K,5.903089986991944,28.0,1.5,30.0,60.0
2207.06629v1.pdf,4,Ba(FeAs)2,28 K,5.778151250383644,28.0,2.0,30.0,60.0
2207.06629v1.pdf,4,Ba(FeAs)2,28 K,5.698970004336019,28.0,2.5,30.0,60.0
2207.06629v1.pdf,4,Ba(FeAs)2,28 K,5.6020599913279625,28.0,3.0,30.0,60.0
2207.06629v1.pdf,4,Ba(FeAs)2,28 K,5.477121254719663,28.0,3.5,30.0,60.0
2207.06629v1.pdf,4,Ba(FeAs)2,28 K,5.301029995663981,28.0,4.0,30.0,60.0
2207.06629v1.pdf,4,Ba(FeAs)2,28 K,5.176091259055681,28.0,4.5,30.0,60.0
2207.06629v1.pdf,4,Ba(FeAs)2,28 K,5.0,28.0,5.0,30.0,60.0
2207.06629v1.pdf,4,Ba(FeAs)2,28 K,4.903089986991944,28.0,5.5,30.0,60.0
2207.06629v1.pdf,4,Ba(FeAs)2,28 K,4.778151250383644,28.0,6.0,30.0,60.0
2207.06629v1.pdf,4,Ba(FeAs)2,28 K,4.698970004336019,28.0,6.5,30.0,60.0
2207.06629v1.pdf,4,Ba(FeAs)2,28 K,4.6020599913279625,28.0,7.0,30.0,60.0
2207.06629v1.pdf,4,Ba(FeAs)2,28 K,4.477121254719663,28.0,7.5,30.0,60.0
2207.06629v1.pdf,4,Ba(FeAs)2,28 K,4.301029995663981,28.0,8.0,30.0,60.0
2207.06629v1.pdf,4,Ba(FeAs)2,32 K,6.0,32.0,0.0,30.0,60.0
2207.06629v1.pdf,4,Ba(FeAs)2,32 K,5.903089986991944,32.0,0.5,30.0,60.0
2207.06629v1.pdf,4,Ba(FeAs)2,32 K,5.778151250383644,32.0,1.0,30.0,60.0
2207.06629v1.pdf,4,Ba(FeAs)2,32 K,5.698970004336019,32.0,1.5,30.0,60.0
2207.06629v1.pdf,4,Ba(FeAs)2,32 K,5.6020599913279625,32.0,2.0,30.0,60.0
2207.06629v1.pdf,4,Ba(FeAs)2,32 K,5.477121254719663,32.0,2.5,30.0,60.0
2207.06629v1.pdf,4,Ba(FeAs)2,32 K,5.301029995663981,32.0,3.0,30.0,60.0
2207.06629v1.pdf,4,Ba(FeAs)2,32 K,5.176091259055681,32.0,3.5,30.0,60.0
2207.06629v1.pdf,4,Ba(FeAs)2,32 K,5.0,32.0,4.0,30.0,60.0
2207.06629v1.pdf,4,Ba(FeAs)2,32 K,4.903089986991944,32.0,4.5,30.0,60.0
2207.06629v1.pdf,4,Ba(FeAs)2,32 K,4.778151250383644,32.0,5.0,30.0,60.0
2207.06629v1.pdf,4,Ba(FeAs)2,32 K,4.698970004336019,32.0,5.5,30.0,60.0
2207.06629v1.pdf,4,Ba(FeAs)2,32 K,4.6020599913279625,32.0,6.0,30.0,60.0
2207.06629v1.pdf,4,Ba(FeAs)2,32 K,4.477121254719663,32.0,6.5,30.0,60.0
2207.06629v1.pdf,4,Ba(FeAs)2,32 K,4.301029995663981,32.0,7.0,30.0,60.0
2207.06629v1.pdf,4,Ba(FeAs)2,32 K,4.176091259055681,32.0,7.5,30.0,60.0
2207.06629v1.pdf,4,Ba(FeAs)2,32 K,4.0,32.0,8.0,30.0,60.0
2510.10264v1.pdf,5,Pr2FeAs2O,2K,6.0,2.0,0.001,50.0,70.0
2510.10264v1.pdf,5,Pr2FeAs2O,2K,5.954242509439325,2.0,0.002,50.0,70.0
2510.10264v1.pdf,5,Pr2FeAs2O,2K,5.903089986991944,2.0,0.005,50.0,70.0
2510.10264v1.pdf,5,Pr2FeAs2O,2K,5.845098040014257,2.0,0.01,50.0,70.0
2510.10264v1.pdf,5,Pr2FeAs2O,2K,5.778151250383644,2.0,0.02,50.0,70.0
2510.10264v1.pdf,5,Pr2FeAs2O,2K,5.698970004336019,2.0,0.05,50.0,70.0
2510.10264v1.pdf,5,Pr2FeAs2O,2K,5.6020599913279625,2.0,0.1,50.0,70.0
2510.10264v1.pdf,5,Pr2FeAs2O,2K,5.477121254719663,2.0,0.2,50.0,70.0
2510.10264v1.pdf,5,Pr2FeAs2O,2K,5.301029995663981,2.0,0.5,50.0,70.0
2510.10264v1.pdf,5,Pr2FeAs2O,2K,5.0,2.0,1.0,50.0,70.0
2510.10264v1.pdf,5,Pr2FeAs2O,2K,4.698970004336019,2.0,2.0,50.0,70.0
2510.10264v1.pdf,5,Pr2FeAs2O,2K,4.301029995663981,2.0,5.0,50.0,70.0
2510.10264v1.pdf,5,Pr2FeAs2O,2K,4.0,2.0,10.0,50.0,70.0
2510.10264v1.pdf,5,Pr2FeAs2O,5K,5.903089986991944,5.0,0.001,50.0,70.0
2510.10264v1.pdf,5,Pr2FeAs2O,5K,5.845098040014257,5.0,0.002,50.0,70.0
2510.10264v1.pdf,5,Pr2FeAs2O,5K,5.778151250383644,5.0,0.005,50.0,70.0
2510.10264v1.pdf,5,Pr2FeAs2O,5K,5.698970004336019,5.0,0.01,50.0,70.0
2510.10264v1.pdf,5,Pr2FeAs2O,5K,5.6020599913279625,5.0,0.02,50.0,70.0
2510.10264v1.pdf,5,Pr2FeAs2O,5K,5.477121254719663,5.0,0.05,50.0,70.0
2510.10264v1.pdf,5,Pr2FeAs2O,5K,5.301029995663981,5.0,0.1,50.0,70.0
2510.10264v1.pdf,5,Pr2FeAs2O,5K,5.176091259055681,5.0,0.2,50.0,70.0
2510.10264v1.pdf,5,Pr2FeAs2O,5K,5.0,5.0,0.5,50.0,70.0
2510.10264v1.pdf,5,Pr2FeAs2O,5K,4.698970004336019,5.0,1.0,50.0,70.0
2510.10264v1.pdf,5,Pr2FeAs2O,5K,4.3979400086720375,5.0,2.0,50.0,70.0
2510.10264v1.pdf,5,Pr2FeAs2O,5K,4.0,5.0,5.0,50.0,70.0
2510.10264v1.pdf,5,Pr2FeAs2O,5K,3.6989700043360174,5.0,10.0,50.0,70.0
2510.10264v1.pdf,5,Pr2FeAs2O,10K,5.778151250383644,10.0,0.001,50.0,70.0
2510.10264v1.pdf,5,Pr2FeAs2O,10K,5.698970004336019,10.0,0.002,50.0,70.0
2510.10264v1.pdf,5,Pr2FeAs2O,10K,5.6020599913279625,10.0,0.005,50.0,70.0
2510.10264v1.pdf,5,Pr2FeAs2O,10K,5.477121254719663,10.0,0.01,50.0,70.0
2510.10264v1.pdf,5,Pr2FeAs2O,10K,5.3979400086720375,10.0,0.02,50.0,70.0
2510.10264v1.pdf,5,Pr2FeAs2O,10K,5.301029995663981,10.0,0.05,50.0,70.0
2510.10264v1.pdf,5,Pr2FeAs2O,10K,5.176091259055681,10.0,0.1,50.0,70.0
2510.10264v1.pdf,5,Pr2FeAs2O,10K,5.0,10.0,0.2,50.0,70.0
2510.10264v1.pdf,5,Pr2FeAs2O,10K,4.698970004336019,10.0,0.5,50.0,70.0
2510.10264v1.pdf,5,Pr2FeAs2O,10K,4.3979400086720375,10.0,1.0,50.0,70.0
2510.10264v1.pdf,5,Pr2FeAs2O,10K,4.0,10.0,2.0,50.0,70.0
2510.10264v1.pdf,5,Pr2FeAs2O,10K,3.6989700043360174,10.0,5.0,50.0,70.0
2510.10264v1.pdf,5,Pr2FeAs2O,10K,3.397940008672037,10.0,10.0,50.0,70.0
2510.10264v1.pdf,5,Pr2FeAs2O,20K,5.6020599913279625,20.0,0.001,50.0,70.0
2510.10264v1.pdf,5,Pr2FeAs2O,20K,5.477121254719663,20.0,0.002,50.0,70.0
2510.10264v1.pdf,5,Pr2FeAs2O,20K,5.3979400086720375,20.0,0.005,50.0,70.0
2510.10264v1.pdf,5,Pr2FeAs2O,20K,5.301029995663981,20.0,0.01,50.0,70.0
2510.10264v1.pdf,5,Pr2FeAs2O,20K,5.176091259055681,20.0,0.02,50.0,70.0
2510.10264v1.pdf,5,Pr2FeAs2O,20K,5.0,20.0,0.05,50.0,70.0
2510.10264v1.pdf,5,Pr2FeAs2O,20K,4.8750612633917,20.0,0.1,50.0,70.0
2510.10264v1.pdf,5,Pr2FeAs2O,20K,4.698970004336019,20.0,0.2,50.0,70.0
2510.10264v1.pdf,5,Pr2FeAs2O,20K,4.3979400086720375,20.0,0.5,50.0,70.0
2510.10264v1.pdf,5,Pr2FeAs2O,20K,4.0,20.0,1.0,50.0,70.0
2510.10264v1.pdf,5,Pr2FeAs2O,20K,3.6989700043360174,20.0,2.0,50.0,70.0
2510.10264v1.pdf,5,Pr2FeAs2O,20K,3.397940008672037,20.0,5.0,50.0,70.0
2510.10264v1.pdf,5,Pr2FeAs2O,20K,3.0,20.0,10.0,50.0,70.0
0111585v1.pdf,14,MgB2,30K,6.0,30.0,0.0,39.0,16.0
0111585v1.pdf,14,MgB2,30K,5.903089986991944,30.0,0.5,39.0,16.0
0111585v1.pdf,14,MgB2,30K,5.778151250383644,30.0,1.0,39.0,16.0
0111585v1.pdf,14,MgB2,30K,5.6020599913279625,30.0,1.5,39.0,16.0
0111585v1.pdf,14,MgB2,30K,5.477121254719663,30.0,2.0,39.0,16.0
0111585v1.pdf,14,MgB2,30K,5.301029995663981,30.0,2.5,39.0,16.0
0111585v1.pdf,14,MgB2,30K,5.176091259055681,30.0,3.0,39.0,16.0
0111585v1.pdf,14,MgB2,30K,5.0,30.0,3.5,39.0,16.0
0111585v1.pdf,14,MgB2,30K,4.903089986991944,30.0,4.0,39.0,16.0
0111585v1.pdf,14,MgB2,30K,4.778151250383644,30.0,4.5,39.0,16.0
0111585v1.pdf,14,MgB2,30K,4.6020599913279625,30.0,5.0,39.0,16.0
0111585v1.pdf,14,MgB2,30K,4.477121254719663,30.0,5.5,39.0,16.0
0111585v1.pdf,14,MgB2,30K,4.301029995663981,30.0,6.0,39.0,16.0
0111585v1.pdf,14,MgB2,28K,5.954242509439325,28.0,0.0,39.0,16.0
0111585v1.pdf,14,MgB2,28K,5.845098040014257,28.0,0.5,39.0,16.0
0111585v1.pdf,14,MgB2,28K,5.698970004336019,28.0,1.0,39.0,16.0
0111585v1.pdf,14,MgB2,28K,5.544068044350276,28.0,1.5,39.0,16.0
0111585v1.pdf,14,MgB2,28K,5.3979400086720375,28.0,2.0,39.0,16.0
0111585v1.pdf,14,MgB2,28K,5.2552725051033065,28.0,2.5,39.0,16.0
0111585v1.pdf,14,MgB2,28K,5.079181246047625,28.0,3.0,39.0,16.0
0111585v1.pdf,14,MgB2,28K,4.954242509439325,28.0,3.5,39.0,16.0
0111585v1.pdf,14,MgB2,28K,4.845098040014257,28.0,4.0,39.0,16.0
0111585v1.pdf,14,MgB2,28K,4.698970004336019,28.0,4.5,39.0,16.0
0111585v1.pdf,14,MgB2,28K,4.544068044350276,28.0,5.0,39.0,16.0
0111585v1.pdf,14,MgB2,28K,4.3979400086720375,28.0,5.5,39.0,16.0
0111585v1.pdf,14,MgB2,28K,4.176091259055681,28.0,6.0,39.0,16.0
0111585v1.pdf,14,MgB2,26K,5.903089986991944,26.0,0.0,39.0,16.0
0111585v1.pdf,14,MgB2,26K,5.778151250383644,26.0,0.5,39.0,16.0
0111585v1.pdf,14,MgB2,26K,5.6020599913279625,26.0,1.0,39.0,16.0
0111585v1.pdf,14,MgB2,26K,5.477121254719663,26.0,1.5,39.0,16.0
0111585v1.pdf,14,MgB2,26K,5.301029995663981,26.0,2.0,39.0,16.0
0111585v1.pdf,14,MgB2,26K,5.176091259055681,26.0,2.5,39.0,16.0
0111585v1.pdf,14,MgB2,26K,5.0,26.0,3.0,39.0,16.0
0111585v1.pdf,14,MgB2,26K,4.903089986991944,26.0,3.5,39.0,16.0
0111585v1.pdf,14,MgB2,26K,4.778151250383644,26.0,4.0,39.0,16.0
0111585v1.pdf,14,MgB2,26K,4.6020599913279625,26.0,4.5,39.0,16.0
0111585v1.pdf,14,MgB2,26K,4.477121254719663,26.0,5.0,39.0,16.0
0111585v1.pdf,14,MgB2,26K,4.301029995663981,26.0,5.5,39.0,16.0
0111585v1.pdf,14,MgB2,26K,4.0,26.0,6.0,39.0,16.0
0111585v1.pdf,14,MgB2,24K,5.845098040014257,24.0,0.0,39.0,16.0
0111585v1.pdf,14,MgB2,24K,5.698970004336019,24.0,0.5,39.0,16.0
0111585v1.pdf,14,MgB2,24K,5.544068044350276,24.0,1.0,39.0,16.0
0111585v1.pdf,14,MgB2,24K,5.3979400086720375,24.0,1.5,39.0,16.0
0111585v1.pdf,14,MgB2,24K,5.2552725051033065,24.0,2.0,39.0,16.0
0111585v1.pdf,14,MgB2,24K,5.079181246047625,24.0,2.5,39.0,16.0
0111585v1.pdf,14,MgB2,24K,4.954242509439325,24.0,3.0,39.0,16.0
0111585v1.pdf,14,MgB2,24K,4.845098040014257,24.0,3.5,39.0,16.0
0111585v1.pdf,14,MgB2,24K,4.698970004336019,24.0,4.0,39.0,16.0
0111585v1.pdf,14,MgB2,24K,4.544068044350276,24.0,4.5,39.0,16.0
0111585v1.pdf,14,MgB2,24K,4.3979400086720375,24.0,5.0,39.0,16.0
0111585v1.pdf,14,MgB2,24K,4.176091259055681,24.0,5.5,39.0,16.0
0111585v1.pdf,14,MgB2,24K,4.0,24.0,6.0,39.0,16.0
0111585v1.pdf,14,MgB2,20K,5.778151250383644,20.0,0.0,39.0,16.0
0111585v1.pdf,14,MgB2,20K,5.6020599913279625,20.0,0.5,39.0,16.0
0111585v1.pdf,14,MgB2,20K,5.477121254719663,20.0,1.0,39.0,16.0
0111585v1.pdf,14,MgB2,20K,5.301029995663981,20.0,1.5,39.0,16.0
0111585v1.pdf,14,MgB2,20K,5.176091259055681,20.0,2.0,39.0,16.0
0111585v1.pdf,14,MgB2,20K,5.0,20.0,2.5,39.0,16.0
0111585v1.pdf,14,MgB2,20K,4.903089986991944,20.0,3.0,39.0,16.0
0111585v1.pdf,14,MgB2,20K,4.778151250383644,20.0,3.5,39.0,16.0
0111585v1.pdf,14,MgB2,20K,4.6020599913279625,20.0,4.0,39.0,16.0
0111585v1.pdf,14,MgB2,20K,4.477121254719663,20.0,4.5,39.0,16.0
0111585v1.pdf,14,MgB2,20K,4.301029995663981,20.0,5.0,39.0,16.0
0111585v1.pdf,14,MgB2,20K,4.176091259055681,20.0,5.5,39.0,16.0
0111585v1.pdf,14,MgB2,20K,4.0,20.0,6.0,39.0,16.0
0903.0004v2.pdf,4,Ba(FeAs)2,2 K,6.0,2.0,0.1,30.0,60.0
0903.0004v2.pdf,4,Ba(FeAs)2,2 K,5.903089986991944,2.0,0.5,30.0,60.0
0903.0004v2.pdf,4,Ba(FeAs)2,2 K,5.778151250383644,2.0,1.0,30.0,60.0
0903.0004v2.pdf,4,Ba(FeAs)2,2 K,5.6020599913279625,2.0,1.5,30.0,60.0
0903.0004v2.pdf,4,Ba(FeAs)2,2 K,5.477121254719663,2.0,2.0,30.0,60.0
0903.0004v2.pdf,4,Ba(FeAs)2,2 K,5.301029995663981,2.0,2.5,30.0,60.0
0903.0004v2.pdf,4,Ba(FeAs)2,2 K,5.176091259055681,2.0,3.0,30.0,60.0
0903.0004v2.pdf,4,Ba(FeAs)2,2 K,5.0,2.0,3.5,30.0,60.0
0903.0004v2.pdf,4,Ba(FeAs)2,2 K,4.903089986991944,2.0,4.0,30.0,60.0
0903.0004v2.pdf,4,Ba(FeAs)2,2 K,4.778151250383644,2.0,4.5,30.0,60.0
0903.0004v2.pdf,4,Ba(FeAs)2,2 K,4.698970004336019,2.0,5.0,30.0,60.0
0903.0004v2.pdf,4,Ba(FeAs)2,2 K,4.6020599913279625,2.0,5.5,30.0,60.0
0903.0004v2.pdf,4,Ba(FeAs)2,2 K,4.477121254719663,2.0,6.0,30.0,60.0
0903.0004v2.pdf,4,Ba(FeAs)2,2 K,4.301029995663981,2.0,6.5,30.0,60.0
0903.0004v2.pdf,4,Ba(FeAs)2,2 K,4.0,2.0,7.0,30.0,60.0
0903.0004v2.pdf,4,Ba(FeAs)2,5 K,5.954242509439325,5.0,0.1,30.0,60.0
0903.0004v2.pdf,4,Ba(FeAs)2,5 K,5.845098040014257,5.0,0.5,30.0,60.0
0903.0004v2.pdf,4,Ba(FeAs)2,5 K,5.698970004336019,5.0,1.0,30.0,60.0
0903.0004v2.pdf,4,Ba(FeAs)2,5 K,5.544068044350276,5.0,1.5,30.0,60.0
0903.0004v2.pdf,4,Ba(FeAs)2,5 K,5.3979400086720375,5.0,2.0,30.0,60.0
0903.0004v2.pdf,4,Ba(FeAs)2,5 K,5.2552725051033065,5.0,2.5,30.0,60.0
0903.0004v2.pdf,4,Ba(FeAs)2,5 K,5.079181246047625,5.0,3.0,30.0,60.0
0903.0004v2.pdf,4,Ba(FeAs)2,5 K,4.954242509439325,5.0,3.5,30.0,60.0
0903.0004v2.pdf,4,Ba(FeAs)2,5 K,4.845098040014257,5.0,4.0,30.0,60.0
0903.0004v2.pdf,4,Ba(FeAs)2,5 K,4.698970004336019,5.0,4.5,30.0,60.0
0903.0004v2.pdf,4,Ba(FeAs)2,5 K,4.6020599913279625,5.0,5.0,30.0,60.0
0903.0004v2.pdf,4,Ba(FeAs)2,5 K,4.477121254719663,5.0,5.5,30.0,60.0
0903.0004v2.pdf,4,Ba(FeAs)2,5 K,4.301029995663981,5.0,6.0,30.0,60.0
0903.0004v2.pdf,4,Ba(FeAs)2,5 K,4.176091259055681,5.0,6.5,30.0,60.0
0903.0004v2.pdf,4,Ba(FeAs)2,5 K,4.0,5.0,7.0,30.0,60.0
0903.0004v2.pdf,4,Ba(FeAs)2,10 K,5.903089986991944,10.0,0.1,30.0,60.0
0903.0004v2.pdf,4,Ba(FeAs)2,10 K,5.778151250383644,10.0,0.5,30.0,60.0
0903.0004v2.pdf,4,Ba(FeAs)2,10 K,5.6020599913279625,10.0,1.0,30.0,60.0
0903.0004v2.pdf,4,Ba(FeAs)2,10 K,5.477121254719663,10.0,1.5,30.0,60.0
0903.0004v2.pdf,4,Ba(FeAs)2,10 K,5.301029995663981,10.0,2.0,30.0,60.0
0903.0004v2.pdf,4,Ba(FeAs)2,10 K,5.176091259055681,10.0,2.5,30.0,60.0
0903.0004v2.pdf,4,Ba(FeAs)2,10 K,5.0,10.0,3.0,30.0,60.0
0903.0004v2.pdf,4,Ba(FeAs)2,10 K,4.903089986991944,10.0,3.5,30.0,60.0
0903.0004v2.pdf,4,Ba(FeAs)2,10 K,4.778151250383644,10.0,4.0,30.0,60.0
0903.0004v2.pdf,4,Ba(FeAs)2,10 K,4.6020599913279625,10.0,4.5,30.0,60.0
0903.0004v2.pdf,4,Ba(FeAs)2,10 K,4.477121254719663,10.0,5.0,30.0,60.0
0903.0004v2.pdf,4,Ba(FeAs)2,10 K,4.301029995663981,10.0,5.5,30.0,60.0
0903.0004v2.pdf,4,Ba(FeAs)2,10 K,4.176091259055681,10.0,6.0,30.0,60.0
0903.0004v2.pdf,4,Ba(FeAs)2,10 K,4.0,10.0,6.5,30.0,60.0
0903.0004v2.pdf,4,Ba(FeAs)2,10 K,3.6989700043360174,10.0,7.0,30.0,60.0
1111.3923v1.pdf,3,Fe2TeSe,4K,6.0,4.0,0.0,14.0,50.0
1111.3923v1.pdf,3,Fe2TeSe,4K,5.903089986991944,4.0,1.0,14.0,50.0
1111.3923v1.pdf,3,Fe2TeSe,4K,5.778151250383644,4.0,2.0,14.0,50.0
1111.3923v1.pdf,3,Fe2TeSe,4K,5.6020599913279625,4.0,3.0,14.0,50.0
1111.3923v1.pdf,3,Fe2TeSe,4K,5.477121254719663,4.0,4.0,14.0,50.0
1111.3923v1.pdf,3,Fe2TeSe,4K,5.301029995663981,4.0,5.0,14.0,50.0
1111.3923v1.pdf,3,Fe2TeSe,4K,5.176091259055681,4.0,6.0,14.0,50.0
1111.3923v1.pdf,3,Fe2TeSe,4K,5.0,4.0,7.0,14.0,50.0
1111.3923v1.pdf,3,Fe2TeSe,4K,4.903089986991944,4.0,8.0,14.0,50.0
1111.3923v1.pdf,3,Fe2TeSe,8K,5.954242509439325,8.0,0.0,14.0,50.0
1111.3923v1.pdf,3,Fe2TeSe,8K,5.845098040014257,8.0,1.0,14.0,50.0
1111.3923v1.pdf,3,Fe2TeSe,8K,5.698970004336019,8.0,2.0,14.0,50.0
1111.3923v1.pdf,3,Fe2TeSe,8K,5.544068044350276,8.0,3.0,14.0,50.0
1111.3923v1.pdf,3,Fe2TeSe,8K,5.3979400086720375,8.0,4.0,14.0,50.0
1111.3923v1.pdf,3,Fe2TeSe,8K,5.2552725051033065,8.0,5.0,14.0,50.0
1111.3923v1.pdf,3,Fe2TeSe,8K,5.079181246047625,8.0,6.0,14.0,50.0
1111.3923v1.pdf,3,Fe2TeSe,8K,4.954242509439325,8.0,7.0,14.0,50.0
1111.3923v1.pdf,3,Fe2TeSe,8K,4.845098040014257,8.0,8.0,14.0,50.0
1111.3923v1.pdf,3,Fe2TeSe,10K,5.903089986991944,10.0,0.0,14.0,50.0
1111.3923v1.pdf,3,Fe2TeSe,10K,5.778151250383644,10.0,1.0,14.0,50.0
1111.3923v1.pdf,3,Fe2TeSe,10K,5.6020599913279625,10.0,2.0,14.0,50.0
1111.3923v1.pdf,3,Fe2TeSe,10K,5.477121254719663,10.0,3.0,14.0,50.0
1111.3923v1.pdf,3,Fe2TeSe,10K,5.301029995663981,10.0,4.0,14.0,50.0
1111.3923v1.pdf,3,Fe2TeSe,10K,5.176091259055681,10.0,5.0,14.0,50.0
1111.3923v1.pdf,3,Fe2TeSe,10K,5.0,10.0,6.0,14.0,50.0
1111.3923v1.pdf,3,Fe2TeSe,10K,4.903089986991944,10.0,7.0,14.0,50.0
1111.3923v1.pdf,3,Fe2TeSe,10K,4.778151250383644,10.0,8.0,14.0,50.0
1111.3923v1.pdf,3,Fe2TeSe,12K,5.845098040014257,12.0,0.0,14.0,50.0
1111.3923v1.pdf,3,Fe2TeSe,12K,5.698970004336019,12.0,1.0,14.0,50.0
1111.3923v1.pdf,3,Fe2TeSe,12K,5.544068044350276,12.0,2.0,14.0,50.0
1111.3923v1.pdf,3,Fe2TeSe,12K,5.3979400086720375,12.0,3.0,14.0,50.0
1111.3923v1.pdf,3,Fe2TeSe,12K,5.2552725051033065,12.0,4.0,14.0,50.0
1111.3923v1.pdf,3,Fe2TeSe,12K,5.113943352306837,12.0,5.0,14.0,50.0
1111.3923v1.pdf,3,Fe2TeSe,12K,4.954242509439325,12.0,6.0,14.0,50.0
1111.3923v1.pdf,3,Fe2TeSe,12K,4.845098040014257,12.0,7.0,14.0,50.0
1111.3923v1.pdf,3,Fe2TeSe,12K,4.698970004336019,12.0,8.0,14.0,50.0
1111.3923v1.pdf,3,Fe2TeSe,14K,5.778151250383644,14.0,0.0,14.0,50.0
1111.3923v1.pdf,3,Fe2TeSe,14K,5.6020599913279625,14.0,1.0,14.0,50.0
1111.3923v1.pdf,3,Fe2TeSe,14K,5.477121254719663,14.0,2.0,14.0,50.0
1111.3923v1.pdf,3,Fe2TeSe,14K,5.301029995663981,14.0,3.0,14.0,50.0
1111.3923v1.pdf,3,Fe2TeSe,14K,5.176091259055681,14.0,4.0,14.0,50.0
1111.3923v1.pdf,3,Fe2TeSe,14K,5.0,14.0,5.0,14.0,50.0
1111.3923v1.pdf,3,Fe2TeSe,14K,4.845098040014257,14.0,6.0,14.0,50.0
1111.3923v1.pdf,3,Fe2TeSe,14K,4.698970004336019,14.0,7.0,14.0,50.0
1111.3923v1.pdf,3,Fe2TeSe,14K,4.6020599913279625,14.0,8.0,14.0,50.0
1111.3923v1.pdf,3,Fe2TeSe,16K,5.698970004336019,16.0,0.0,14.0,50.0
1111.3923v1.pdf,3,Fe2TeSe,16K,5.544068044350276,16.0,1.0,14.0,50.0
1111.3923v1.pdf,3,Fe2TeSe,16K,5.3979400086720375,16.0,2.0,14.0,50.0
1111.3923v1.pdf,3,Fe2TeSe,16K,5.2552725051033065,16.0,3.0,14.0,50.0
1111.3923v1.pdf,3,Fe2TeSe,16K,5.113943352306837,16.0,4.0,14.0,50.0
1111.3923v1.pdf,3,Fe2TeSe,16K,4.954242509439325,16.0,5.0,14.0,50.0
1111.3923v1.pdf,3,Fe2TeSe,16K,4.778151250383644,16.0,6.0,14.0,50.0
1111.3923v1.pdf,3,Fe2TeSe,16K,4.6020599913279625,16.0,7.0,14.0,50.0
1111.3923v1.pdf,3,Fe2TeSe,16K,4.477121254719663,16.0,8.0,14.0,50.0
1311.5370v1.pdf,11,FeSe,20K,6.0,20.0,0.0,8.5,17.5
1311.5370v1.pdf,11,FeSe,20K,5.903089986991944,20.0,1.0,8.5,17.5
1311.5370v1.pdf,11,FeSe,20K,5.778151250383644,20.0,2.0,8.5,17.5
1311.5370v1.pdf,11,FeSe,20K,5.6020599913279625,20.0,3.0,8.5,17.5
1311.5370v1.pdf,11,FeSe,20K,5.477121254719663,20.0,4.0,8.5,17.5
1311.5370v1.pdf,11,FeSe,20K,5.301029995663981,20.0,5.0,8.5,17.5
1311.5370v1.pdf,11,FeSe,20K,5.176091259055681,20.0,6.0,8.5,17.5
1311.5370v1.pdf,11,FeSe,20K,5.0,20.0,7.0,8.5,17.5
1311.5370v1.pdf,11,FeSe,20K,4.903089986991944,20.0,8.0,8.5,17.5
1311.5370v1.pdf,11,FeSe,20K,4.778151250383644,20.0,9.0,8.5,17.5
1311.5370v1.pdf,11,FeSe,20K,4.6020599913279625,20.0,10.0,8.5,17.5
1311.5370v1.pdf,11,FeSe,20K,4.477121254719663,20.0,11.0,8.5,17.5
1311.5370v1.pdf,11,FeSe,20K,4.301029995663981,20.0,12.0,8.5,17.5
1311.5370v1.pdf,11,FeSe,20K,4.176091259055681,20.0,13.0,8.5,17.5
1311.5370v1.pdf,11,FeSe,20K,4.0,20.0,14.0,8.5,17.5
1311.5370v1.pdf,11,FeSe,20K,3.903089986991944,20.0,15.0,8.5,17.5
1311.5370v1.pdf,11,FeSe,20K,3.7781512503836434,20.0,16.0,8.5,17.5
1311.5370v1.pdf,11,FeSe,10K,5.954242509439325,10.0,0.0,8.5,17.5
1311.5370v1.pdf,11,FeSe,10K,5.845098040014257,10.0,1.0,8.5,17.5
1311.5370v1.pdf,11,FeSe,10K,5.698970004336019,10.0,2.0,8.5,17.5
1311.5370v1.pdf,11,FeSe,10K,5.544068044350276,10.0,3.0,8.5,17.5
1311.5370v1.pdf,11,FeSe,10K,5.3979400086720375,10.0,4.0,8.5,17.5
1311.5370v1.pdf,11,FeSe,10K,5.2552725051033065,10.0,5.0,8.5,17.5
1311.5370v1.pdf,11,FeSe,10K,5.079181246047625,10.0,6.0,8.5,17.5
1311.5370v1.pdf,11,FeSe,10K,4.954242509439325,10.0,7.0,8.5,17.5
1311.5370v1.pdf,11,FeSe,10K,4.845098040014257,10.0,8.0,8.5,17.5
1311.5370v1.pdf,11,FeSe,10K,4.698970004336019,10.0,9.0,8.5,17.5
1311.5370v1.pdf,11,FeSe,10K,4.544068044350276,10.0,10.0,8.5,17.5
1311.5370v1.pdf,11,FeSe,10K,4.3979400086720375,10.0,11.0,8.5,17.5
1311.5370v1.pdf,11,FeSe,10K,4.2552725051033065,10.0,12.0,8.5,17.5
1311.5370v1.pdf,11,FeSe,10K,4.079181246047625,10.0,13.0,8.5,17.5
1311.5370v1.pdf,11,FeSe,10K,3.9542425094393248,10.0,14.0,8.5,17.5
1311.5370v1.pdf,11,FeSe,10K,3.845098040014257,10.0,15.0,8.5,17.5
1311.5370v1.pdf,11,FeSe,10K,3.6989700043360174,10.0,16.0,8.5,17.5
1311.5370v1.pdf,11,FeSe,2K,5.903089986991944,2.0,0.0,8.5,17.5
1311.5370v1.pdf,11,FeSe,2K,5.778151250383644,2.0,1.0,8.5,17.5
1311.5370v1.pdf,11,FeSe,2K,5.6020599913279625,2.0,2.0,8.5,17.5
1311.5370v1.pdf,11,FeSe,2K,5.477121254719663,2.0,3.0,8.5,17.5
1311.5370v1.pdf,11,FeSe,2K,5.301029995663981,2.0,4.0,8.5,17.5
1311.5370v1.pdf,11,FeSe,2K,5.176091259055681,2.0,5.0,8.5,17.5
1311.5370v1.pdf,11,FeSe,2K,5.0,2.0,6.0,8.5,17.5
1311.5370v1.pdf,11,FeSe,2K,4.903089986991944,2.0,7.0,8.5,17.5
1311.5370v1.pdf,11,FeSe,2K,4.778151250383644,2.0,8.0,8.5,17.5
1311.5370v1.pdf,11,FeSe,2K,4.6020599913279625,2.0,9.0,8.5,17.5
1311.5370v1.pdf,11,FeSe,2K,4.477121254719663,2.0,10.0,8.5,17.5
1311.5370v1.pdf,11,FeSe,2K,4.301029995663981,2.0,11.0,8.5,17.5
1311.5370v1.pdf,11,FeSe,2K,4.176091259055681,2.0,12.0,8.5,17.5
1311.5370v1.pdf,11,FeSe,2K,4.0,2.0,13.0,8.5,17.5
1311.5370v1.pdf,11,FeSe,2K,3.903089986991944,2.0,14.0,8.5,17.5
1311.5370v1.pdf,11,FeSe,2K,3.7781512503836434,2.0,15.0,8.5,17.5
1311.5370v1.pdf,11,FeSe,2K,3.6020599913279625,2.0,16.0,8.5,17.5
1502.05345v1.pdf,3,Ba(FeAs)2,4.2K,6.0,4.2,0.0,30.0,60.0
1502.05345v1.pdf,3,Ba(FeAs)2,4.2K,5.903089986991944,4.2,0.0002,30.0,60.0
1502.05345v1.pdf,3,Ba(FeAs)2,4.2K,5.778151250383644,4.2,0.0004,30.0,60.0
1502.05345v1.pdf,3,Ba(FeAs)2,4.2K,5.698970004336019,4.2,0.0006,30.0,60.0
1502.05345v1.pdf,3,Ba(FeAs)2,4.2K,5.6020599913279625,4.2,0.0008,30.0,60.0
1502.05345v1.pdf,3,Ba(FeAs)2,4.2K,5.477121254719663,4.2,0.001,30.0,60.0
1502.05345v1.pdf,3,Ba(FeAs)2,4.2K,5.3979400086720375,4.2,0.0012,30.0,60.0
1502.05345v1.pdf,3,Ba(FeAs)2,4.2K,5.301029995663981,4.2,0.0014,30.0,60.0
1502.05345v1.pdf,3,Ba(FeAs)2,4.2K,5.176091259055681,4.2,0.0016,30.0,60.0
1502.05345v1.pdf,3,Ba(FeAs)2,4.2K,5.079181246047625,4.2,0.0018,30.0,60.0
1502.05345v1.pdf,3,Ba(FeAs)2,4.2K,5.0,4.2,0.002,30.0,60.0
1502.05345v1.pdf,3,Ba(FeAs)2,4.2K,4.903089986991944,4.2,0.0022,30.0,60.0
1502.05345v1.pdf,3,Ba(FeAs)2,4.2K,4.778151250383644,4.2,0.0024,30.0,60.0
1502.05345v1.pdf,3,Ba(FeAs)2,4.2K,4.698970004336019,4.2,0.0026,30.0,60.0
1502.05345v1.pdf,3,Ba(FeAs)2,4.2K,4.6020599913279625,4.2,0.0028,30.0,60.0
1502.05345v1.pdf,3,Ba(FeAs)2,4.2K,4.477121254719663,4.2,0.003,30.0,60.0
1502.05345v1.pdf,3,Ba(FeAs)2,4.2K,4.3979400086720375,4.2,0.0032,30.0,60.0
1502.05345v1.pdf,3,Ba(FeAs)2,4.2K,4.301029995663981,4.2,0.0034,30.0,60.0
1502.05345v1.pdf,3,Ba(FeAs)2,4.2K,4.2552725051033065,4.2,0.0035,30.0,60.0
1502.05345v1.pdf,3,Ba(FeAs)2,15K,5.903089986991944,15.0,0.0,30.0,60.0
1502.05345v1.pdf,3,Ba(FeAs)2,15K,5.778151250383644,15.0,0.0002,30.0,60.0
1502.05345v1.pdf,3,Ba(FeAs)2,15K,5.698970004336019,15.0,0.0004,30.0,60.0
1502.05345v1.pdf,3,Ba(FeAs)2,15K,5.6020599913279625,15.0,0.0006,30.0,60.0
1502.05345v1.pdf,3,Ba(FeAs)2,15K,5.477121254719663,15.0,0.0008,30.0,60.0
1502.05345v1.pdf,3,Ba(FeAs)2,15K,5.3979400086720375,15.0,0.001,30.0,60.0
1502.05345v1.pdf,3,Ba(FeAs)2,15K,5.301029995663981,15.0,0.0012,30.0,60.0
1502.05345v1.pdf,3,Ba(FeAs)2,15K,5.176091259055681,15.0,0.0014,30.0,60.0
1502.05345v1.pdf,3,Ba(FeAs)2,15K,5.079181246047625,15.0,0.0016,30.0,60.0
1502.05345v1.pdf,3,Ba(FeAs)2,15K,5.0,15.0,0.0018,30.0,60.0
1502.05345v1.pdf,3,Ba(FeAs)2,15K,4.903089986991944,15.0,0.002,30.0,60.0
1502.05345v1.pdf,3,Ba(FeAs)2,15K,4.778151250383644,15.0,0.0022,30.0,60.0
1502.05345v1.pdf,3,Ba(FeAs)2,15K,4.698970004336019,15.0,0.0024,30.0,60.0
1502.05345v1.pdf,3,Ba(FeAs)2,15K,4.6020599913279625,15.0,0.0026,30.0,60.0
1502.05345v1.pdf,3,Ba(FeAs)2,15K,4.477121254719663,15.0,0.0028,30.0,60.0
1502.05345v1.pdf,3,Ba(FeAs)2,15K,4.3979400086720375,15.0,0.003,30.0,60.0
1502.05345v1.pdf,3,Ba(FeAs)2,15K,4.301029995663981,15.0,0.0032,30.0,60.0
1502.05345v1.pdf,3,Ba(FeAs)2,15K,4.2552725051033065,15.0,0.0034,30.0,60.0
1502.05345v1.pdf,3,Ba(FeAs)2,15K,4.204119982655925,15.0,0.0035,30.0,60.0
1502.05345v1.pdf,4,Ba(FeAs)2,"4.2 K, H||c",6.0,4.2,0.0,30.0,60.0
1502.05345v1.pdf,4,Ba(FeAs)2,"4.2 K, H||c",5.698970004336019,4.2,2.0,30.0,60.0
1502.05345v1.pdf,4,Ba(FeAs)2,"4.2 K, H||c",5.3979400086720375,4.2,4.0,30.0,60.0
1502.05345v1.pdf,4,Ba(FeAs)2,"4.2 K, H||c",5.096910013008056,4.2,6.0,30.0,60.0
1502.05345v1.pdf,4,Ba(FeAs)2,"4.2 K, H||c",4.795880017344075,4.2,8.0,30.0,60.0
1502.05345v1.pdf,4,Ba(FeAs)2,"4.2 K, H||c",4.494850021680094,4.2,10.0,30.0,60.0
1502.05345v1.pdf,4,Ba(FeAs)2,"4.2 K, H||c",4.1938200260161125,4.2,12.0,30.0,60.0
1502.05345v1.pdf,4,Ba(FeAs)2,"4.2 K, H||c",3.892762234615817,4.2,14.0,30.0,60.0
1502.05345v1.pdf,4,Ba(FeAs)2,"4.2 K, H||c",3.591732238951836,4.2,16.0,30.0,60.0
1502.05345v1.pdf,4,Ba(FeAs)2,"4.2 K, H||c",3.2907022432878543,4.2,18.0,30.0,60.0
1502.05345v1.pdf,4,Ba(FeAs)2,"4.2 K, H||c",2.989449817666692,4.2,20.0,30.0,60.0
1502.05345v1.pdf,4,Ba(FeAs)2,"4.2 K, H||c",2.6884198220027105,4.2,22.0,30.0,60.0
1502.05345v1.pdf,4,Ba(FeAs)2,"4.2 K, H||c",2.387389826338729,4.2,24.0,30.0,60.0
1502.05345v1.pdf,4,Ba(FeAs)2,"4.2 K, H||c",2.0863598306747484,4.2,26.0,30.0,60.0
1502.05345v1.pdf,4,Ba(FeAs)2,"4.2 K, H||c",1.7853298350107671,4.2,28.0,30.0,60.0
1502.05345v1.pdf,4,Ba(FeAs)2,"4.2 K, H||c",1.4771212547196624,4.2,30.0,30.0,60.0
1502.05345v1.pdf,4,Ba(FeAs)2,"4.2 K, H||c",1.1760912590556811,4.2,32.0,30.0,60.0
1502.05345v1.pdf,4,Ba(FeAs)2,"4.2 K, H||c",0.9030899869919436,4.2,34.0,30.0,60.0
1502.05345v1.pdf,4,Ba(FeAs)2,"10 K, H||c",5.698970004336019,10.0,0.0,30.0,60.0
1502.05345v1.pdf,4,Ba(FeAs)2,"10 K, H||c",5.3979400086720375,10.0,2.0,30.0,60.0
1502.05345v1.pdf,4,Ba(FeAs)2,"10 K, H||c",5.096910013008056,10.0,4.0,30.0,60.0
1502.05345v1.pdf,4,Ba(FeAs)2,"10 K, H||c",4.795880017344075,10.0,6.0,30.0,60.0
1502.05345v1.pdf,4,Ba(FeAs)2,"10 K, H||c",4.494850021680094,10.0,8.0,30.0,60.0
1502.05345v1.pdf,4,Ba(FeAs)2,"10 K, H||c",4.1938200260161125,10.0,10.0,30.0,60.0
1502.05345v1.pdf,4,Ba(FeAs)2,"10 K, H||c",3.892762234615817,10.0,12.0,30.0,60.0
1502.05345v1.pdf,4,Ba(FeAs)2,"10 K, H||c",3.591732238951836,10.0,14.0,30.0,60.0
1502.05345v1.pdf,4,Ba(FeAs)2,"10 K, H||c",3.2907022432878543,10.0,16.0,30.0,60.0
1502.05345v1.pdf,4,Ba(FeAs)2,"10 K, H||c",2.989449817666692,10.0,18.0,30.0,60.0
1502.05345v1.pdf,4,Ba(FeAs)2,"10 K, H||c",2.6884198220027105,10.0,20.0,30.0,60.0
1502.05345v1.pdf,4,Ba(FeAs)2,"10 K, H||c",2.387389826338729,10.0,22.0,30.0,60.0
1502.05345v1.pdf,4,Ba(FeAs)2,"10 K, H||c",2.0863598306747484,10.0,24.0,30.0,60.0
1502.05345v1.pdf,4,Ba(FeAs)2,"10 K, H||c",1.7853298350107671,10.0,26.0,30.0,60.0
1502.05345v1.pdf,4,Ba(FeAs)2,"10 K, H||c",1.4771212547196624,10.0,28.0,30.0,60.0
1502.05345v1.pdf,4,Ba(FeAs)2,"10 K, H||c",1.1760912590556811,10.0,30.0,30.0,60.0
1502.05345v1.pdf,4,Ba(FeAs)2,"10 K, H||c",0.9030899869919436,10.0,32.0,30.0,60.0
1502.05345v1.pdf,4,Ba(FeAs)2,"10 K, H||c",0.6020599913279624,10.0,34.0,30.0,60.0
1502.05345v1.pdf,4,Ba(FeAs)2,"15 K, H||c",5.3979400086720375,15.0,0.0,30.0,60.0
1502.05345v1.pdf,4,Ba(FeAs)2,"15 K, H||c",5.096910013008056,15.0,2.0,30.0,60.0
1502.05345v1.pdf,4,Ba(FeAs)2,"15 K, H||c",4.795880017344075,15.0,4.0,30.0,60.0
1502.05345v1.pdf,4,Ba(FeAs)2,"15 K, H||c",4.494850021680094,15.0,6.0,30.0,60.0
1502.05345v1.pdf,4,Ba(FeAs)2,"15 K, H||c",4.1938200260161125,15.0,8.0,30.0,60.0
1502.05345v1.pdf,4,Ba(FeAs)2,"15 K, H||c",3.892762234615817,15.0,10.0,30.0,60.0
1502.05345v1.pdf,4,Ba(FeAs)2,"15 K, H||c",3.591732238951836,15.0,12.0,30.0,60.0
1502.05345v1.pdf,4,Ba(FeAs)2,"15 K, H||c",3.2907022432878543,15.0,14.0,30.0,60.0
1502.05345v1.pdf,4,Ba(FeAs)2,"15 K, H||c",2.989449817666692,15.0,16.0,30.0,60.0
1502.05345v1.pdf,4,Ba(FeAs)2,"15 K, H||c",2.6884198220027105,15.0,18.0,30.0,60.0
1502.05345v1.pdf,4,Ba(FeAs)2,"15 K, H||c",2.387389826338729,15.0,20.0,30.0,60.0
1502.05345v1.pdf,4,Ba(FeAs)2,"15 K, H||c",2.0863598306747484,15.0,22.0,30.0,60.0
1502.05345v1.pdf,4,Ba(FeAs)2,"15 K, H||c",1.7853298350107671,15.0,24.0,30.0,60.0
1502.05345v1.pdf,4,Ba(FeAs)2,"15 K, H||c",1.4771212547196624,15.0,26.0,30.0,60.0
1502.05345v1.pdf,4,Ba(FeAs)2,"15 K, H||c",1.1760912590556811,15.0,28.0,30.0,60.0
1502.05345v1.pdf,4,Ba(FeAs)2,"15 K, H||c",0.9030899869919436,15.0,30.0,30.0,60.0
1502.05345v1.pdf,4,Ba(FeAs)2,"15 K, H||c",0.6020599913279624,15.0,32.0,30.0,60.0
1502.05345v1.pdf,4,Ba(FeAs)2,"15 K, H||c",0.3010299956639812,15.0,34.0,30.0,60.0
1502.05345v1.pdf,4,Ba(FeAs)2,"20 K, H||c",5.096910013008056,20.0,0.0,30.0,60.0
1502.05345v1.pdf,4,Ba(FeAs)2,"20 K, H||c",4.795880017344075,20.0,2.0,30.0,60.0
1502.05345v1.pdf,4,Ba(FeAs)2,"20 K, H||c",4.494850021680094,20.0,4.0,30.0,60.0
1502.05345v1.pdf,4,Ba(FeAs)2,"20 K, H||c",4.1938200260161125,20.0,6.0,30.0,60.0
1502.05345v1.pdf,4,Ba(FeAs)2,"20 K, H||c",3.892762234615817,20.0,8.0,30.0,60.0
1502.05345v1.pdf,4,Ba(FeAs)2,"20 K, H||c",3.591732238951836,20.0,10.0,30.0,60.0
1502.05345v1.pdf,4,Ba(FeAs)2,"20 K, H||c",3.2907022432878543,20.0,12.0,30.0,60.0
1502.05345v1.pdf,4,Ba(FeAs)2,"20 K, H||c",2.989449817666692,20.0,14.0,30.0,60.0
1502.05345v1.pdf,4,Ba(FeAs)2,"20 K, H||c",2.6884198220027105,20.0,16.0,30.0,60.0
1502.05345v1.pdf,4,Ba(FeAs)2,"20 K, H||c",2.387389826338729,20.0,18.0,30.0,60.0
1502.05345v1.pdf,4,Ba(FeAs)2,"20 K, H||c",2.0863598306747484,20.0,20.0,30.0,60.0
1502.05345v1.pdf,4,Ba(FeAs)2,"20 K, H||c",1.7853298350107671,20.0,22.0,30.0,60.0
1502.05345v1.pdf,4,Ba(FeAs)2,"20 K, H||c",1.4771212547196624,20.0,24.0,30.0,60.0
1502.05345v1.pdf,4,Ba(FeAs)2,"20 K, H||c",1.1760912590556811,20.0,26.0,30.0,60.0
1502.05345v1.pdf,4,Ba(FeAs)2,"20 K, H||c",0.9030899869919436,20.0,28.0,30.0,60.0
1502.05345v1.pdf,4,Ba(FeAs)2,"20 K, H||c",0.6020599913279624,20.0,30.0,30.0,60.0
1502.05345v1.pdf,4,Ba(FeAs)2,"20 K, H||c",0.3010299956639812,20.0,32.0,30.0,60.0
1502.05345v1.pdf,4,Ba(FeAs)2,"20 K, H||c",0.0,20.0,34.0,30.0,60.0
1502.05345v1.pdf,4,Ba(FeAs)2,"25 K, H||c",4.795880017344075,25.0,0.0,30.0,60.0
1502.05345v1.pdf,4,Ba(FeAs)2,"25 K, H||c",4.494850021680094,25.0,2.0,30.0,60.0
1502.05345v1.pdf,4,Ba(FeAs)2,"25 K, H||c",4.1938200260161125,25.0,4.0,30.0,60.0
1502.05345v1.pdf,4,Ba(FeAs)2,"25 K, H||c",3.892762234615817,25.0,6.0,30.0,60.0
1502.05345v1.pdf,4,Ba(FeAs)2,"25 K, H||c",3.591732238951836,25.0,8.0,30.0,60.0
1502.05345v1.pdf,4,Ba(FeAs)2,"25 K, H||c",3.2907022432878543,25.0,10.0,30.0,60.0
1502.05345v1.pdf,4,Ba(FeAs)2,"25 K, H||c",2.989449817666692,25.0,12.0,30.0,60.0
1502.05345v1.pdf,4,Ba(FeAs)2,"25 K, H||c",2.6884198220027105,25.0,14.0,30.0,60.0
1502.05345v1.pdf,4,Ba(FeAs)2,"25 K, H||c",2.387389826338729,25.0,16.0,30.0,60.0
1502.05345v1.pdf,4,Ba(FeAs)2,"25 K, H||c",2.0863598306747484,25.0,18.0,30.0,60.0
1502.05345v1.pdf,4,Ba(FeAs)2,"25 K, H||c",1.7853298350107671,25.0,20.0,30.0,60.0
1502.05345v1.pdf,4,Ba(FeAs)2,"25 K, H||c",1.4771212547196624,25.0,22.0,30.0,60.0
1502.05345v1.pdf,4,Ba(FeAs)2,"25 K, H||c",1.1760912590556811,25.0,24.0,30.0,60.0
1502.05345v1.pdf,4,Ba(FeAs)2,"25 K, H||c",0.9030899869919436,25.0,26.0,30.0,60.0
1502.05345v1.pdf,4,Ba(FeAs)2,"25 K, H||c",0.6020599913279624,25.0,28.0,30.0,60.0
1502.05345v1.pdf,4,Ba(FeAs)2,"25 K, H||c",0.3010299956639812,25.0,30.0,30.0,60.0
1502.05345v1.pdf,4,Ba(FeAs)2,"25 K, H||c",0.0,25.0,32.0,30.0,60.0
1502.05345v1.pdf,4,Ba(FeAs)2,"25 K, H||c",-0.3010299956639812,25.0,34.0,30.0,60.0
1612.02839v1.pdf,9,Ba(FeAs)2,13.5 K,0.9030899869919436,13.5,1e-06,30.0,60.0
1612.02839v1.pdf,9,Ba(FeAs)2,13.5 K,0.8750612633917001,13.5,2e-06,30.0,60.0
1612.02839v1.pdf,9,Ba(FeAs)2,13.5 K,0.8450980400142568,13.5,3e-06,30.0,60.0
1612.02839v1.pdf,9,Ba(FeAs)2,13.5 K,0.8129133566428556,13.5,4e-06,30.0,60.0
1612.02839v1.pdf,9,Ba(FeAs)2,13.5 K,0.7781512503836436,13.5,5e-06,30.0,60.0
1612.02839v1.pdf,9,Ba(FeAs)2,13.5 K,0.7403626894942439,13.5,6e-06,30.0,60.0
1612.02839v1.pdf,9,Ba(FeAs)2,13.5 K,0.6989700043360189,13.5,7.000000000000001e-06,30.0,60.0
1612.02839v1.pdf,9,Ba(FeAs)2,13.5 K,0.6532125137753437,13.5,8e-06,30.0,60.0
1612.02839v1.pdf,9,Ba(FeAs)2,13.5 K,0.6020599913279624,13.5,9e-06,30.0,60.0
1612.02839v1.pdf,9,Ba(FeAs)2,13.5 K,0.5440680443502757,13.5,1e-05,30.0,60.0
1612.02839v1.pdf,9,Ba(FeAs)2,13.5 K,0.4771212547196624,13.5,2e-05,30.0,60.0
1612.02839v1.pdf,9,Ba(FeAs)2,13.5 K,0.3979400086720376,13.5,3e-05,30.0,60.0
1612.02839v1.pdf,9,Ba(FeAs)2,13.5 K,0.3010299956639812,13.5,4e-05,30.0,60.0
1612.02839v1.pdf,9,Ba(FeAs)2,13.5 K,0.1760912590556812,13.5,5e-05,30.0,60.0
1612.02839v1.pdf,9,Ba(FeAs)2,13.5 K,0.0,13.5,6e-05,30.0,60.0
1612.02839v1.pdf,9,Ba(FeAs)2,13.5 K,-0.0969100130080563,13.5,7e-05,30.0,60.0
1612.02839v1.pdf,9,Ba(FeAs)2,13.5 K,-0.2218487496163564,13.5,8e-05,30.0,60.0
1612.02839v1.pdf,9,Ba(FeAs)2,13.5 K,-0.3979400086720376,13.5,9e-05,30.0,60.0
1612.02839v1.pdf,9,Ba(FeAs)2,13.5 K,-0.6989700043360187,13.5,0.0001,30.0,60.0
1612.02839v1.pdf,9,Ba(FeAs)2,5 K,0.9542425094393248,5.0,1e-06,30.0,60.0
1612.02839v1.pdf,9,Ba(FeAs)2,5 K,0.9294189257142929,5.0,2e-06,30.0,60.0
1612.02839v1.pdf,9,Ba(FeAs)2,5 K,0.9030899869919436,5.0,3e-06,30.0,60.0
1612.02839v1.pdf,9,Ba(FeAs)2,5 K,0.8750612633917001,5.0,4e-06,30.0,60.0
1612.02839v1.pdf,9,Ba(FeAs)2,5 K,0.8450980400142568,5.0,5e-06,30.0,60.0
1612.02839v1.pdf,9,Ba(FeAs)2,5 K,0.8129133566428556,5.0,6e-06,30.0,60.0
1612.02839v1.pdf,9,Ba(FeAs)2,5 K,0.7781512503836436,5.0,7.000000000000001e-06,30.0,60.0
1612.02839v1.pdf,9,Ba(FeAs)2,5 K,0.7403626894942439,5.0,8e-06,30.0,60.0
1612.02839v1.pdf,9,Ba(FeAs)2,5 K,0.6989700043360189,5.0,9e-06,30.0,60.0
1612.02839v1.pdf,9,Ba(FeAs)2,5 K,0.6532125137753437,5.0,1e-05,30.0,60.0
1612.02839v1.pdf,9,Ba(FeAs)2,5 K,0.6020599913279624,5.0,2e-05,30.0,60.0
1612.02839v1.pdf,9,Ba(FeAs)2,5 K,0.5440680443502757,5.0,3e-05,30.0,60.0
1612.02839v1.pdf,9,Ba(FeAs)2,5 K,0.4771212547196624,5.0,4e-05,30.0,60.0
1612.02839v1.pdf,9,Ba(FeAs)2,5 K,0.3979400086720376,5.0,5e-05,30.0,60.0
1612.02839v1.pdf,9,Ba(FeAs)2,5 K,0.3010299956639812,5.0,6e-05,30.0,60.0
1612.02839v1.pdf,9,Ba(FeAs)2,5 K,0.1760912590556812,5.0,7e-05,30.0,60.0
1612.02839v1.pdf,9,Ba(FeAs)2,5 K,0.0,5.0,8e-05,30.0,60.0
1612.02839v1.pdf,9,Ba(FeAs)2,5 K,-0.3010299956639812,5.0,9e-05,30.0,60.0
1612.02839v1.pdf,9,Ba(FeAs)2,5 K,-0.5228787452803376,5.0,0.0001,30.0,60.0
1612.02839v1.pdf,9,Ba(FeAs)2,1.5 K,1.0,1.5,1e-06,30.0,60.0
1612.02839v1.pdf,9,Ba(FeAs)2,1.5 K,0.9777236052888476,1.5,2e-06,30.0,60.0
1612.02839v1.pdf,9,Ba(FeAs)2,1.5 K,0.9542425094393248,1.5,3e-06,30.0,60.0
1612.02839v1.pdf,9,Ba(FeAs)2,1.5 K,0.9294189257142929,1.5,4e-06,30.0,60.0
1612.02839v1.pdf,9,Ba(FeAs)2,1.5 K,0.9030899869919436,1.5,5e-06,30.0,60.0
1612.02839v1.pdf,9,Ba(FeAs)2,1.5 K,0.8750612633917001,1.5,6e-06,30.0,60.0
1612.02839v1.pdf,9,Ba(FeAs)2,1.5 K,0.8450980400142568,1.5,7.000000000000001e-06,30.0,60.0
1612.02839v1.pdf,9,Ba(FeAs)2,1.5 K,0.8129133566428556,1.5,8e-06,30.0,60.0
1612.02839v1.pdf,9,Ba(FeAs)2,1.5 K,0.7781512503836436,1.5,9e-06,30.0,60.0
1612.02839v1.pdf,9,Ba(FeAs)2,1.5 K,0.7403626894942439,1.5,1e-05,30.0,60.0
1612.02839v1.pdf,9,Ba(FeAs)2,1.5 K,0.6989700043360189,1.5,2e-05,30.0,60.0
1612.02839v1.pdf,9,Ba(FeAs)2,1.5 K,0.6532125137753437,1.5,3e-05,30.0,60.0
1612.02839v1.pdf,9,Ba(FeAs)2,1.5 K,0.6020599913279624,1.5,4e-05,30.0,60.0
1612.02839v1.pdf,9,Ba(FeAs)2,1.5 K,0.5440680443502757,1.5,5e-05,30.0,60.0
1612.02839v1.pdf,9,Ba(FeAs)2,1.5 K,0.4771212547196624,1.5,6e-05,30.0,60.0
1612.02839v1.pdf,9,Ba(FeAs)2,1.5 K,0.3979400086720376,1.5,7e-05,30.0,60.0
1612.02839v1.pdf,9,Ba(FeAs)2,1.5 K,0.3010299956639812,1.5,8e-05,30.0,60.0
1612.02839v1.pdf,9,Ba(FeAs)2,1.5 K,0.1760912590556812,1.5,9e-05,30.0,60.0
1612.02839v1.pdf,9,Ba(FeAs)2,1.5 K,0.0,1.5,0.0001,30.0,60.0
1802.06160v1.pdf,4,Nd4Fe4As4O3F,"10 K, Pristine",3.0,10.0,0.1,37.0,50.0
1802.06160v1.pdf,4,Nd4Fe4As4O3F,"10 K, Pristine",2.6989700043360187,10.0,1.0,37.0,50.0
1802.06160v1.pdf,4,Nd4Fe4As4O3F,"10 K, Pristine",2.4771212547196626,10.0,2.0,37.0,50.0
1802.06160v1.pdf,4,Nd4Fe4As4O3F,"10 K, Pristine",2.3010299956639813,10.0,3.0,37.0,50.0
1802.06160v1.pdf,4,Nd4Fe4As4O3F,"10 K, Pristine",2.1760912590556813,10.0,4.0,37.0,50.0
1802.06160v1.pdf,4,Nd4Fe4As4O3F,"10 K, Pristine",2.0,10.0,5.0,37.0,50.0
1802.06160v1.pdf,4,Nd4Fe4As4O3F,"10 K, Pristine",1.9030899869919435,10.0,6.0,37.0,50.0
1802.06160v1.pdf,4,Nd4Fe4As4O3F,"10 K, Pristine",1.7781512503836436,10.0,7.0,37.0,50.0
1802.06160v1.pdf,4,Nd4Fe4As4O3F,"10 K, Pristine",1.6989700043360187,10.0,8.0,37.0,50.0
1802.06160v1.pdf,4,Nd4Fe4As4O3F,"10 K, Pristine",1.6020599913279625,10.0,9.0,37.0,50.0
1802.06160v1.pdf,4,Nd4Fe4As4O3F,"10 K, Pristine",1.4771212547196624,10.0,10.0,37.0,50.0
1802.06160v1.pdf,4,Nd4Fe4As4O3F,"10 K, Pristine",1.3979400086720375,10.0,11.0,37.0,50.0
1802.06160v1.pdf,4,Nd4Fe4As4O3F,"10 K, Pristine",1.3010299956639813,10.0,12.0,37.0,50.0
1802.06160v1.pdf,4,Nd4Fe4As4O3F,"10 K, Pristine",1.1760912590556811,10.0,13.0,37.0,50.0
1802.06160v1.pdf,4,Nd4Fe4As4O3F,"10 K, Pristine",1.0791812460476249,10.0,14.0,37.0,50.0
1802.06160v1.pdf,4,Nd4Fe4As4O3F,"10 K, Pristine",1.0,10.0,15.0,37.0,50.0
1802.06160v1.pdf,4,Nd4Fe4As4O3F,"10 K, Pristine",0.9030899869919436,10.0,16.0,37.0,50.0
1802.06160v1.pdf,4,Nd4Fe4As4O3F,"20 K, Pristine",2.6989700043360187,20.0,0.1,37.0,50.0
1802.06160v1.pdf,4,Nd4Fe4As4O3F,"20 K, Pristine",2.4771212547196626,20.0,1.0,37.0,50.0
1802.06160v1.pdf,4,Nd4Fe4As4O3F,"20 K, Pristine",2.3010299956639813,20.0,2.0,37.0,50.0
1802.06160v1.pdf,4,Nd4Fe4As4O3F,"20 K, Pristine",2.1760912590556813,20.0,3.0,37.0,50.0
1802.06160v1.pdf,4,Nd4Fe4As4O3F,"20 K, Pristine",2.0,20.0,4.0,37.0,50.0
1802.06160v1.pdf,4,Nd4Fe4As4O3F,"20 K, Pristine",1.9030899869919435,20.0,5.0,37.0,50.0
1802.06160v1.pdf,4,Nd4Fe4As4O3F,"20 K, Pristine",1.7781512503836436,20.0,6.0,37.0,50.0
1802.06160v1.pdf,4,Nd4Fe4As4O3F,"20 K, Pristine",1.6989700043360187,20.0,7.0,37.0,50.0
1802.06160v1.pdf,4,Nd4Fe4As4O3F,"20 K, Pristine",1.6020599913279625,20.0,8.0,37.0,50.0
1802.06160v1.pdf,4,Nd4Fe4As4O3F,"20 K, Pristine",1.5440680443502757,20.0,9.0,37.0,50.0
1802.06160v1.pdf,4,Nd4Fe4As4O3F,"20 K, Pristine",1.4771212547196624,20.0,10.0,37.0,50.0
1802.06160v1.pdf,4,Nd4Fe4As4O3F,"20 K, Pristine",1.3979400086720375,20.0,11.0,37.0,50.0
1802.06160v1.pdf,4,Nd4Fe4As4O3F,"20 K, Pristine",1.3010299956639813,20.0,12.0,37.0,50.0
1802.06160v1.pdf,4,Nd4Fe4As4O3F,"20 K, Pristine",1.255272505103306,20.0,13.0,37.0,50.0
1802.06160v1.pdf,4,Nd4Fe4As4O3F,"20 K, Pristine",1.1760912590556811,20.0,14.0,37.0,50.0
1802.06160v1.pdf,4,Nd4Fe4As4O3F,"20 K, Pristine",1.0791812460476249,20.0,15.0,37.0,50.0
1802.06160v1.pdf,4,Nd4Fe4As4O3F,"20 K, Pristine",1.0,20.0,16.0,37.0,50.0
1802.06160v1.pdf,4,Nd4Fe4As4O3F,"10 K, 4x10^14 cm^-2",2.903089986991944,10.0,0.1,37.0,50.0
1802.06160v1.pdf,4,Nd4Fe4As4O3F,"10 K, 4x10^14 cm^-2",2.6020599913279625,10.0,1.0,37.0,50.0
1802.06160v1.pdf,4,Nd4Fe4As4O3F,"10 K, 4x10^14 cm^-2",2.397940008672037,10.0,2.0,37.0,50.0
1802.06160v1.pdf,4,Nd4Fe4As4O3F,"10 K, 4x10^14 cm^-2",2.255272505103306,10.0,3.0,37.0,50.0
1802.06160v1.pdf,4,Nd4Fe4As4O3F,"10 K, 4x10^14 cm^-2",2.113943352306837,10.0,4.0,37.0,50.0
1802.06160v1.pdf,4,Nd4Fe4As4O3F,"10 K, 4x10^14 cm^-2",2.0,10.0,5.0,37.0,50.0
1802.06160v1.pdf,4,Nd4Fe4As4O3F,"10 K, 4x10^14 cm^-2",1.8750612633917,10.0,6.0,37.0,50.0
1802.06160v1.pdf,4,Nd4Fe4As4O3F,"10 K, 4x10^14 cm^-2",1.7781512503836436,10.0,7.0,37.0,50.0
1802.06160v1.pdf,4,Nd4Fe4As4O3F,"10 K, 4x10^14 cm^-2",1.6989700043360187,10.0,8.0,37.0,50.0
1802.06160v1.pdf,4,Nd4Fe4As4O3F,"10 K, 4x10^14 cm^-2",1.6020599913279625,10.0,9.0,37.0,50.0
1802.06160v1.pdf,4,Nd4Fe4As4O3F,"10 K, 4x10^14 cm^-2",1.5440680443502757,10.0,10.0,37.0,50.0
1802.06160v1.pdf,4,Nd4Fe4As4O3F,"10 K, 4x10^14 cm^-2",1.4771212547196624,10.0,11.0,37.0,50.0
1802.06160v1.pdf,4,Nd4Fe4As4O3F,"10 K, 4x10^14 cm^-2",1.3979400086720375,10.0,12.0,37.0,50.0
1802.06160v1.pdf,4,Nd4Fe4As4O3F,"10 K, 4x10^14 cm^-2",1.3010299956639813,10.0,13.0,37.0,50.0
1802.06160v1.pdf,4,Nd4Fe4As4O3F,"10 K, 4x10^14 cm^-2",1.255272505103306,10.0,14.0,37.0,50.0
1802.06160v1.pdf,4,Nd4Fe4As4O3F,"10 K, 4x10^14 cm^-2",1.1760912590556811,10.0,15.0,37.0,50.0
1802.06160v1.pdf,4,Nd4Fe4As4O3F,"10 K, 4x10^14 cm^-2",1.0791812460476249,10.0,16.0,37.0,50.0
1802.06160v1.pdf,4,Nd4Fe4As4O3F,"20 K, 4x10^14 cm^-2",2.6020599913279625,20.0,0.1,37.0,50.0
1802.06160v1.pdf,4,Nd4Fe4As4O3F,"20 K, 4x10^14 cm^-2",2.397940008672037,20.0,1.0,37.0,50.0
1802.06160v1.pdf,4,Nd4Fe4As4O3F,"20 K, 4x10^14 cm^-2",2.255272505103306,20.0,2.0,37.0,50.0
1802.06160v1.pdf,4,Nd4Fe4As4O3F,"20 K, 4x10^14 cm^-2",2.113943352306837,20.0,3.0,37.0,50.0
1802.06160v1.pdf,4,Nd4Fe4As4O3F,"20 K, 4x10^14 cm^-2",2.0,20.0,4.0,37.0,50.0
1802.06160v1.pdf,4,Nd4Fe4As4O3F,"20 K, 4x10^14 cm^-2",1.9030899869919435,20.0,5.0,37.0,50.0
1802.06160v1.pdf,4,Nd4Fe4As4O3F,"20 K, 4x10^14 cm^-2",1.7781512503836436,20.0,6.0,37.0,50.0
1802.06160v1.pdf,4,Nd4Fe4As4O3F,"20 K, 4x10^14 cm^-2",1.6989700043360187,20.0,7.0,37.0,50.0
1802.06160v1.pdf,4,Nd4Fe4As4O3F,"20 K, 4x10^14 cm^-2",1.6020599913279625,20.0,8.0,37.0,50.0
1802.06160v1.pdf,4,Nd4Fe4As4O3F,"20 K, 4x10^14 cm^-2",1.5440680443502757,20.0,9.0,37.0,50.0
1802.06160v1.pdf,4,Nd4Fe4As4O3F,"20 K, 4x10^14 cm^-2",1.4771212547196624,20.0,10.0,37.0,50.0
1802.06160v1.pdf,4,Nd4Fe4As4O3F,"20 K, 4x10^14 cm^-2",1.3979400086720375,20.0,11.0,37.0,50.0
1802.06160v1.pdf,4,Nd4Fe4As4O3F,"20 K, 4x10^14 cm^-2",1.3010299956639813,20.0,12.0,37.0,50.0
1802.06160v1.pdf,4,Nd4Fe4As4O3F,"20 K, 4x10^14 cm^-2",1.255272505103306,20.0,13.0,37.0,50.0
1802.06160v1.pdf,4,Nd4Fe4As4O3F,"20 K, 4x10^14 cm^-2",1.1760912590556811,20.0,14.0,37.0,50.0
1802.06160v1.pdf,4,Nd4Fe4As4O3F,"20 K, 4x10^14 cm^-2",1.0791812460476249,20.0,15.0,37.0,50.0
1802.06160v1.pdf,4,Nd4Fe4As4O3F,"20 K, 4x10^14 cm^-2",1.0,20.0,16.0,37.0,50.0
1802.09868v1.pdf,5,Ba(FeAs)2,2 K pristine,7.0,2.0,0.0,30.0,60.0
1802.09868v1.pdf,5,Ba(FeAs)2,2 K pristine,6.954242509439325,2.0,0.0005,30.0,60.0
1802.09868v1.pdf,5,Ba(FeAs)2,2 K pristine,6.903089986991944,2.0,0.001,30.0,60.0
1802.09868v1.pdf,5,Ba(FeAs)2,2 K pristine,6.845098040014257,2.0,0.0015,30.0,60.0
1802.09868v1.pdf,5,Ba(FeAs)2,2 K pristine,6.778151250383644,2.0,0.002,30.0,60.0
1802.09868v1.pdf,5,Ba(FeAs)2,2 K pristine,6.698970004336019,2.0,0.0025,30.0,60.0
1802.09868v1.pdf,5,Ba(FeAs)2,2 K pristine,6.6020599913279625,2.0,0.003,30.0,60.0
1802.09868v1.pdf,5,Ba(FeAs)2,2 K pristine,6.477121254719663,2.0,0.0035,30.0,60.0
1802.09868v1.pdf,5,Ba(FeAs)2,2 K pristine,6.301029995663981,2.0,0.004,30.0,60.0
1802.09868v1.pdf,5,Ba(FeAs)2,2 K pristine,6.0,2.0,0.0045,30.0,60.0
1802.09868v1.pdf,5,Ba(FeAs)2,2 K pristine,5.698970004336019,2.0,0.005,30.0,60.0
1802.09868v1.pdf,5,Ba(FeAs)2,5 K pristine,6.954242509439325,5.0,0.0,30.0,60.0
1802.09868v1.pdf,5,Ba(FeAs)2,5 K pristine,6.903089986991944,5.0,0.0005,30.0,60.0
1802.09868v1.pdf,5,Ba(FeAs)2,5 K pristine,6.845098040014257,5.0,0.001,30.0,60.0
1802.09868v1.pdf,5,Ba(FeAs)2,5 K pristine,6.778151250383644,5.0,0.0015,30.0,60.0
1802.09868v1.pdf,5,Ba(FeAs)2,5 K pristine,6.698970004336019,5.0,0.002,30.0,60.0
1802.09868v1.pdf,5,Ba(FeAs)2,5 K pristine,6.6020599913279625,5.0,0.0025,30.0,60.0
1802.09868v1.pdf,5,Ba(FeAs)2,5 K pristine,6.477121254719663,5.0,0.003,30.0,60.0
1802.09868v1.pdf,5,Ba(FeAs)2,5 K pristine,6.301029995663981,5.0,0.0035,30.0,60.0
1802.09868v1.pdf,5,Ba(FeAs)2,5 K pristine,6.0,5.0,0.004,30.0,60.0
1802.09868v1.pdf,5,Ba(FeAs)2,5 K pristine,5.698970004336019,5.0,0.0045,30.0,60.0
1802.09868v1.pdf,5,Ba(FeAs)2,5 K pristine,5.3979400086720375,5.0,0.005,30.0,60.0
1802.09868v1.pdf,5,Ba(FeAs)2,10 K pristine,6.903089986991944,10.0,0.0,30.0,60.0
1802.09868v1.pdf,5,Ba(FeAs)2,10 K pristine,6.845098040014257,10.0,0.0005,30.0,60.0
1802.09868v1.pdf,5,Ba(FeAs)2,10 K pristine,6.778151250383644,10.0,0.001,30.0,60.0
1802.09868v1.pdf,5,Ba(FeAs)2,10 K pristine,6.698970004336019,10.0,0.0015,30.0,60.0
1802.09868v1.pdf,5,Ba(FeAs)2,10 K pristine,6.6020599913279625,10.0,0.002,30.0,60.0
1802.09868v1.pdf,5,Ba(FeAs)2,10 K pristine,6.477121254719663,10.0,0.0025,30.0,60.0
1802.09868v1.pdf,5,Ba(FeAs)2,10 K pristine,6.301029995663981,10.0,0.003,30.0,60.0
1802.09868v1.pdf,5,Ba(FeAs)2,10 K pristine,6.0,10.0,0.0035,30.0,60.0
1802.09868v1.pdf,5,Ba(FeAs)2,10 K pristine,5.698970004336019,10.0,0.004,30.0,60.0
1802.09868v1.pdf,5,Ba(FeAs)2,10 K pristine,5.3979400086720375,10.0,0.0045,30.0,60.0
1802.09868v1.pdf,5,Ba(FeAs)2,10 K pristine,5.0,10.0,0.005,30.0,60.0
1802.09868v1.pdf,5,Ba(FeAs)2,15 K pristine,6.845098040014257,15.0,0.0,30.0,60.0
1802.09868v1.pdf,5,Ba(FeAs)2,15 K pristine,6.778151250383644,15.0,0.0005,30.0,60.0
1802.09868v1.pdf,5,Ba(FeAs)2,15 K pristine,6.698970004336019,15.0,0.001,30.0,60.0
1802.09868v1.pdf,5,Ba(FeAs)2,15 K pristine,6.6020599913279625,15.0,0.0015,30.0,60.0
1802.09868v1.pdf,5,Ba(FeAs)2,15 K pristine,6.477121254719663,15.0,0.002,30.0,60.0
1802.09868v1.pdf,5,Ba(FeAs)2,15 K pristine,6.301029995663981,15.0,0.0025,30.0,60.0
1802.09868v1.pdf,5,Ba(FeAs)2,15 K pristine,6.0,15.0,0.003,30.0,60.0
1802.09868v1.pdf,5,Ba(FeAs)2,15 K pristine,5.698970004336019,15.0,0.0035,30.0,60.0
1802.09868v1.pdf,5,Ba(FeAs)2,15 K pristine,5.3979400086720375,15.0,0.004,30.0,60.0
1802.09868v1.pdf,5,Ba(FeAs)2,15 K pristine,5.0,15.0,0.0045,30.0,60.0
1802.09868v1.pdf,5,Ba(FeAs)2,15 K pristine,4.698970004336019,15.0,0.005,30.0,60.0
1802.09868v1.pdf,5,Ba(FeAs)2,20 K pristine,6.778151250383644,20.0,0.0,30.0,60.0
1802.09868v1.pdf,5,Ba(FeAs)2,20 K pristine,6.698970004336019,20.0,0.0005,30.0,60.0
1802.09868v1.pdf,5,Ba(FeAs)2,20 K pristine,6.6020599913279625,20.0,0.001,30.0,60.0
1802.09868v1.pdf,5,Ba(FeAs)2,20 K pristine,6.477121254719663,20.0,0.0015,30.0,60.0
1802.09868v1.pdf,5,Ba(FeAs)2,20 K pristine,6.301029995663981,20.0,0.002,30.0,60.0
1802.09868v1.pdf,5,Ba(FeAs)2,20 K pristine,6.0,20.0,0.0025,30.0,60.0
1802.09868v1.pdf,5,Ba(FeAs)2,20 K pristine,5.698970004336019,20.0,0.003,30.0,60.0
1802.09868v1.pdf,5,Ba(FeAs)2,20 K pristine,5.3979400086720375,20.0,0.0035,30.0,60.0
1802.09868v1.pdf,5,Ba(FeAs)2,20 K pristine,5.0,20.0,0.004,30.0,60.0
1802.09868v1.pdf,5,Ba(FeAs)2,20 K pristine,4.698970004336019,20.0,0.0045,30.0,60.0
1802.09868v1.pdf,5,Ba(FeAs)2,20 K pristine,4.3979400086720375,20.0,0.005,30.0,60.0
1802.09868v1.pdf,8,Ba(FeAs)2,"T = 15 K, θ_CD = ±5°",6.0,15.0,0.0,30.0,60.0
1802.09868v1.pdf,8,Ba(FeAs)2,"T = 15 K, θ_CD = ±5°",6.301029995663981,15.0,0.5,30.0,60.0
1802.09868v1.pdf,8,Ba(FeAs)2,"T = 15 K, θ_CD = ±5°",6.477121254719663,15.0,1.0,30.0,60.0
1802.09868v1.pdf,8,Ba(FeAs)2,"T = 15 K, θ_CD = ±5°",6.6020599913279625,15.0,1.5,30.0,60.0
1802.09868v1.pdf,8,Ba(FeAs)2,"T = 15 K, θ_CD = ±5°",6.698970004336019,15.0,2.0,30.0,60.0
1802.09868v1.pdf,8,Ba(FeAs)2,"T = 15 K, θ_CD = ±5°",6.778151250383644,15.0,2.5,30.0,60.0
1802.09868v1.pdf,8,Ba(FeAs)2,"T = 15 K, θ_CD = ±5°",6.845098040014257,15.0,3.0,30.0,60.0
1802.09868v1.pdf,8,Ba(FeAs)2,"T = 15 K, θ_CD = ±5°",6.903089986991944,15.0,3.5,30.0,60.0
1802.09868v1.pdf,8,Ba(FeAs)2,"T = 15 K, θ_CD = ±5°",6.954242509439325,15.0,4.0,30.0,60.0
1802.09868v1.pdf,8,Ba(FeAs)2,"T = 15 K, θ_CD = ±5°",7.0,15.0,4.5,30.0,60.0
1802.09868v1.pdf,8,Ba(FeAs)2,"T = 15 K, θ_CD = ±5°",7.041392685158225,15.0,5.0,30.0,60.0
1802.09868v1.pdf,8,Ba(FeAs)2,"T = 25 K, θ_CD = ±5°",6.176091259055681,25.0,0.0,30.0,60.0
1802.09868v1.pdf,8,Ba(FeAs)2,"T = 25 K, θ_CD = ±5°",6.3979400086720375,25.0,0.5,30.0,60.0
1802.09868v1.pdf,8,Ba(FeAs)2,"T = 25 K, θ_CD = ±5°",6.544068044350276,25.0,1.0,30.0,60.0
1802.09868v1.pdf,8,Ba(FeAs)2,"T = 25 K, θ_CD = ±5°",6.653212513775344,25.0,1.5,30.0,60.0
1802.09868v1.pdf,8,Ba(FeAs)2,"T = 25 K, θ_CD = ±5°",6.740362689494244,25.0,2.0,30.0,60.0
1802.09868v1.pdf,8,Ba(FeAs)2,"T = 25 K, θ_CD = ±5°",6.812913356642856,25.0,2.5,30.0,60.0
1802.09868v1.pdf,8,Ba(FeAs)2,"T = 25 K, θ_CD = ±5°",6.8750612633917,25.0,3.0,30.0,60.0
1802.09868v1.pdf,8,Ba(FeAs)2,"T = 25 K, θ_CD = ±5°",6.929418925714293,25.0,3.5,30.0,60.0
1802.09868v1.pdf,8,Ba(FeAs)2,"T = 25 K, θ_CD = ±5°",6.977723605288848,25.0,4.0,30.0,60.0
1802.09868v1.pdf,8,Ba(FeAs)2,"T = 25 K, θ_CD = ±5°",7.021189299069938,25.0,4.5,30.0,60.0
1802.09868v1.pdf,8,Ba(FeAs)2,"T = 25 K, θ_CD = ±5°",7.060697840353612,25.0,5.0,30.0,60.0
1802.09868v1.pdf,8,Ba(FeAs)2,"T = 15 K, θ_CD = ±15°",6.301029995663981,15.0,0.0,30.0,60.0
1802.09868v1.pdf,8,Ba(FeAs)2,"T = 15 K, θ_CD = ±15°",6.477121254719663,15.0,0.5,30.0,60.0
1802.09868v1.pdf,8,Ba(FeAs)2,"T = 15 K, θ_CD = ±15°",6.6020599913279625,15.0,1.0,30.0,60.0
1802.09868v1.pdf,8,Ba(FeAs)2,"T = 15 K, θ_CD = ±15°",6.698970004336019,15.0,1.5,30.0,60.0
1802.09868v1.pdf,8,Ba(FeAs)2,"T = 15 K, θ_CD = ±15°",6.778151250383644,15.0,2.0,30.0,60.0
1802.09868v1.pdf,8,Ba(FeAs)2,"T = 15 K, θ_CD = ±15°",6.845098040014257,15.0,2.5,30.0,60.0
1802.09868v1.pdf,8,Ba(FeAs)2,"T = 15 K, θ_CD = ±15°",6.903089986991944,15.0,3.0,30.0,60.0
1802.09868v1.pdf,8,Ba(FeAs)2,"T = 15 K, θ_CD = ±15°",6.954242509439325,15.0,3.5,30.0,60.0
1802.09868v1.pdf,8,Ba(FeAs)2,"T = 15 K, θ_CD = ±15°",7.0,15.0,4.0,30.0,60.0
1802.09868v1.pdf,8,Ba(FeAs)2,"T = 15 K, θ_CD = ±15°",7.041392685158225,15.0,4.5,30.0,60.0
1802.09868v1.pdf,8,Ba(FeAs)2,"T = 15 K, θ_CD = ±15°",7.079181246047625,15.0,5.0,30.0,60.0
1802.09868v1.pdf,8,Ba(FeAs)2,"T = 25 K, θ_CD = ±15°",6.3979400086720375,25.0,0.0,30.0,60.0
1802.09868v1.pdf,8,Ba(FeAs)2,"T = 25 K, θ_CD = ±15°",6.544068044350276,25.0,0.5,30.0,60.0
1802.09868v1.pdf,8,Ba(FeAs)2,"T = 25 K, θ_CD = ±15°",6.653212513775344,25.0,1.0,30.0,60.0
1802.09868v1.pdf,8,Ba(FeAs)2,"T = 25 K, θ_CD = ±15°",6.740362689494244,25.0,1.5,30.0,60.0
1802.09868v1.pdf,8,Ba(FeAs)2,"T = 25 K, θ_CD = ±15°",6.812913356642856,25.0,2.0,30.0,60.0
1802.09868v1.pdf,8,Ba(FeAs)2,"T = 25 K, θ_CD = ±15°",6.8750612633917,25.0,2.5,30.0,60.0
1802.09868v1.pdf,8,Ba(FeAs)2,"T = 25 K, θ_CD = ±15°",6.929418925714293,25.0,3.0,30.0,60.0
1802.09868v1.pdf,8,Ba(FeAs)2,"T = 25 K, θ_CD = ±15°",6.977723605288848,25.0,3.5,30.0,60.0
1802.09868v1.pdf,8,Ba(FeAs)2,"T = 25 K, θ_CD = ±15°",7.021189299069938,25.0,4.0,30.0,60.0
1802.09868v1.pdf,8,Ba(FeAs)2,"T = 25 K, θ_CD = ±15°",7.060697840353612,25.0,4.5,30.0,60.0
1802.09868v1.pdf,8,Ba(FeAs)2,"T = 25 K, θ_CD = ±15°",7.096910013008056,25.0,5.0,30.0,60.0
2305.10034v1.pdf,22,La2FeAs2O,2 K,6.0,2.0,0.0,12.0,10.0
2305.10034v1.pdf,22,La2FeAs2O,2 K,5.954242509439325,2.0,0.5,12.0,10.0
2305.10034v1.pdf,22,La2FeAs2O,2 K,5.903089986991944,2.0,1.0,12.0,10.0
2305.10034v1.pdf,22,La2FeAs2O,2 K,5.845098040014257,2.0,1.5,12.0,10.0
2305.10034v1.pdf,22,La2FeAs2O,2 K,5.778151250383644,2.0,2.0,12.0,10.0
2305.10034v1.pdf,22,La2FeAs2O,2 K,5.740362689494244,2.0,2.5,12.0,10.0
2305.10034v1.pdf,22,La2FeAs2O,2 K,5.698970004336019,2.0,3.0,12.0,10.0
2305.10034v1.pdf,22,La2FeAs2O,2 K,5.653212513775344,2.0,3.5,12.0,10.0
2305.10034v1.pdf,22,La2FeAs2O,2 K,5.6020599913279625,2.0,4.0,12.0,10.0
2305.10034v1.pdf,22,La2FeAs2O,2 K,5.544068044350276,2.0,4.5,12.0,10.0
2305.10034v1.pdf,22,La2FeAs2O,2 K,5.477121254719663,2.0,5.0,12.0,10.0
2305.10034v1.pdf,22,La2FeAs2O,2 K,5.3979400086720375,2.0,5.5,12.0,10.0
2305.10034v1.pdf,22,La2FeAs2O,2 K,5.301029995663981,2.0,6.0,12.0,10.0
2305.10034v1.pdf,22,La2FeAs2O,5 K,5.698970004336019,5.0,0.0,12.0,10.0
2305.10034v1.pdf,22,La2FeAs2O,5 K,5.653212513775344,5.0,0.5,12.0,10.0
2305.10034v1.pdf,22,La2FeAs2O,5 K,5.6020599913279625,5.0,1.0,12.0,10.0
2305.10034v1.pdf,22,La2FeAs2O,5 K,5.544068044350276,5.0,1.5,12.0,10.0
2305.10034v1.pdf,22,La2FeAs2O,5 K,5.477121254719663,5.0,2.0,12.0,10.0
2305.10034v1.pdf,22,La2FeAs2O,5 K,5.447158031342219,5.0,2.5,12.0,10.0
2305.10034v1.pdf,22,La2FeAs2O,5 K,5.414973347970818,5.0,3.0,12.0,10.0
2305.10034v1.pdf,22,La2FeAs2O,5 K,5.380211241711606,5.0,3.5,12.0,10.0
2305.10034v1.pdf,22,La2FeAs2O,5 K,5.342422680822207,5.0,4.0,12.0,10.0
2305.10034v1.pdf,22,La2FeAs2O,5 K,5.301029995663981,5.0,4.5,12.0,10.0
2305.10034v1.pdf,22,La2FeAs2O,5 K,5.2552725051033065,5.0,5.0,12.0,10.0
2305.10034v1.pdf,22,La2FeAs2O,5 K,5.204119982655925,5.0,5.5,12.0,10.0
2305.10034v1.pdf,22,La2FeAs2O,5 K,5.146128035678238,5.0,6.0,12.0,10.0
2305.10034v1.pdf,22,La2FeAs2O,8 K,5.301029995663981,8.0,0.0,12.0,10.0
2305.10034v1.pdf,22,La2FeAs2O,8 K,5.2552725051033065,8.0,0.5,12.0,10.0
2305.10034v1.pdf,22,La2FeAs2O,8 K,5.204119982655925,8.0,1.0,12.0,10.0
2305.10034v1.pdf,22,La2FeAs2O,8 K,5.146128035678238,8.0,1.5,12.0,10.0
2305.10034v1.pdf,22,La2FeAs2O,8 K,5.079181246047625,8.0,2.0,12.0,10.0
2305.10034v1.pdf,22,La2FeAs2O,8 K,5.041392685158225,8.0,2.5,12.0,10.0
2305.10034v1.pdf,22,La2FeAs2O,8 K,5.0,8.0,3.0,12.0,10.0
2305.10034v1.pdf,22,La2FeAs2O,8 K,4.954242509439325,8.0,3.5,12.0,10.0
2305.10034v1.pdf,22,La2FeAs2O,8 K,4.903089986991944,8.0,4.0,12.0,10.0
2305.10034v1.pdf,22,La2FeAs2O,8 K,4.845098040014257,8.0,4.5,12.0,10.0
2305.10034v1.pdf,22,La2FeAs2O,8 K,4.778151250383644,8.0,5.0,12.0,10.0
2305.10034v1.pdf,22,La2FeAs2O,8 K,4.698970004336019,8.0,5.5,12.0,10.0
2305.10034v1.pdf,22,La2FeAs2O,8 K,4.6020599913279625,8.0,6.0,12.0,10.0
2308.10492v1.pdf,3,Ba(FeAs)2,1.8 K,6.0,1.8,0.0,30.0,60.0
2308.10492v1.pdf,3,Ba(FeAs)2,1.8 K,5.903089986991944,1.8,2.0,30.0,60.0
2308.10492v1.pdf,3,Ba(FeAs)2,1.8 K,5.778151250383644,1.8,4.0,30.0,60.0
2308.10492v1.pdf,3,Ba(FeAs)2,1.8 K,5.6020599913279625,1.8,6.0,30.0,60.0
2308.10492v1.pdf,3,Ba(FeAs)2,1.8 K,5.477121254719663,1.8,8.0,30.0,60.0
2308.10492v1.pdf,3,Ba(FeAs)2,1.8 K,5.301029995663981,1.8,10.0,30.0,60.0
2308.10492v1.pdf,3,Ba(FeAs)2,1.8 K,5.176091259055681,1.8,12.0,30.0,60.0
2308.10492v1.pdf,3,Ba(FeAs)2,1.8 K,5.0,1.8,14.0,30.0,60.0
2308.10492v1.pdf,3,Ba(FeAs)2,1.8 K,4.903089986991944,1.8,16.0,30.0,60.0
2308.10492v1.pdf,3,Ba(FeAs)2,1.8 K,4.778151250383644,1.8,18.0,30.0,60.0
2308.10492v1.pdf,3,Ba(FeAs)2,1.8 K,4.6020599913279625,1.8,20.0,30.0,60.0
2308.10492v1.pdf,3,Ba(FeAs)2,1.8 K,4.477121254719663,1.8,22.0,30.0,60.0
2308.10492v1.pdf,3,Ba(FeAs)2,1.8 K,4.301029995663981,1.8,24.0,30.0,60.0
2308.10492v1.pdf,3,Ba(FeAs)2,1.8 K,4.176091259055681,1.8,26.0,30.0,60.0
2308.10492v1.pdf,3,Ba(FeAs)2,1.8 K,4.0,1.8,28.0,30.0,60.0
2308.10492v1.pdf,3,Ba(FeAs)2,1.8 K,3.903089986991944,1.8,30.0,30.0,60.0
2308.10492v1.pdf,3,Ba(FeAs)2,5 K,5.903089986991944,5.0,0.0,30.0,60.0
2308.10492v1.pdf,3,Ba(FeAs)2,5 K,5.778151250383644,5.0,2.0,30.0,60.0
2308.10492v1.pdf,3,Ba(FeAs)2,5 K,5.698970004336019,5.0,4.0,30.0,60.0
2308.10492v1.pdf,3,Ba(FeAs)2,5 K,5.477121254719663,5.0,6.0,30.0,60.0
2308.10492v1.pdf,3,Ba(FeAs)2,5 K,5.301029995663981,5.0,8.0,30.0,60.0
2308.10492v1.pdf,3,Ba(FeAs)2,5 K,5.176091259055681,5.0,10.0,30.0,60.0
2308.10492v1.pdf,3,Ba(FeAs)2,5 K,5.0,5.0,12.0,30.0,60.0
2308.10492v1.pdf,3,Ba(FeAs)2,5 K,4.903089986991944,5.0,14.0,30.0,60.0
2308.10492v1.pdf,3,Ba(FeAs)2,5 K,4.778151250383644,5.0,16.0,30.0,60.0
2308.10492v1.pdf,3,Ba(FeAs)2,5 K,4.6020599913279625,5.0,18.0,30.0,60.0
2308.10492v1.pdf,3,Ba(FeAs)2,5 K,4.477121254719663,5.0,20.0,30.0,60.0
2308.10492v1.pdf,3,Ba(FeAs)2,5 K,4.301029995663981,5.0,22.0,30.0,60.0
2308.10492v1.pdf,3,Ba(FeAs)2,5 K,4.176091259055681,5.0,24.0,30.0,60.0
2308.10492v1.pdf,3,Ba(FeAs)2,5 K,4.0,5.0,26.0,30.0,60.0
2308.10492v1.pdf,3,Ba(FeAs)2,5 K,3.903089986991944,5.0,28.0,30.0,60.0
2308.10492v1.pdf,3,Ba(FeAs)2,5 K,3.7781512503836434,5.0,30.0,30.0,60.0
2308.10492v1.pdf,3,Ba(FeAs)2,7.5 K,5.778151250383644,7.5,0.0,30.0,60.0
2308.10492v1.pdf,3,Ba(FeAs)2,7.5 K,5.698970004336019,7.5,2.0,30.0,60.0
2308.10492v1.pdf,3,Ba(FeAs)2,7.5 K,5.6020599913279625,7.5,4.0,30.0,60.0
2308.10492v1.pdf,3,Ba(FeAs)2,7.5 K,5.3979400086720375,7.5,6.0,30.0,60.0
2308.10492v1.pdf,3,Ba(FeAs)2,7.5 K,5.176091259055681,7.5,8.0,30.0,60.0
2308.10492v1.pdf,3,Ba(FeAs)2,7.5 K,5.0,7.5,10.0,30.0,60.0
2308.10492v1.pdf,3,Ba(FeAs)2,7.5 K,4.903089986991944,7.5,12.0,30.0,60.0
2308.10492v1.pdf,3,Ba(FeAs)2,7.5 K,4.778151250383644,7.5,14.0,30.0,60.0
2308.10492v1.pdf,3,Ba(FeAs)2,7.5 K,4.6020599913279625,7.5,16.0,30.0,60.0
2308.10492v1.pdf,3,Ba(FeAs)2,7.5 K,4.477121254719663,7.5,18.0,30.0,60.0
2308.10492v1.pdf,3,Ba(FeAs)2,7.5 K,4.301029995663981,7.5,20.0,30.0,60.0
2308.10492v1.pdf,3,Ba(FeAs)2,7.5 K,4.176091259055681,7.5,22.0,30.0,60.0
2308.10492v1.pdf,3,Ba(FeAs)2,7.5 K,4.0,7.5,24.0,30.0,60.0
2308.10492v1.pdf,3,Ba(FeAs)2,7.5 K,3.903089986991944,7.5,26.0,30.0,60.0
2308.10492v1.pdf,3,Ba(FeAs)2,7.5 K,3.7781512503836434,7.5,28.0,30.0,60.0
2308.10492v1.pdf,3,Ba(FeAs)2,7.5 K,3.6989700043360174,7.5,30.0,30.0,60.0
2308.10492v1.pdf,3,Ba(FeAs)2,10 K,5.6020599913279625,10.0,0.0,30.0,60.0
2308.10492v1.pdf,3,Ba(FeAs)2,10 K,5.477121254719663,10.0,2.0,30.0,60.0
2308.10492v1.pdf,3,Ba(FeAs)2,10 K,5.301029995663981,10.0,4.0,30.0,60.0
2308.10492v1.pdf,3,Ba(FeAs)2,10 K,5.176091259055681,10.0,6.0,30.0,60.0
2308.10492v1.pdf,3,Ba(FeAs)2,10 K,5.0,10.0,8.0,30.0,60.0
2308.10492v1.pdf,3,Ba(FeAs)2,10 K,4.903089986991944,10.0,10.0,30.0,60.0
2308.10492v1.pdf,3,Ba(FeAs)2,10 K,4.778151250383644,10.0,12.0,30.0,60.0
2308.10492v1.pdf,3,Ba(FeAs)2,10 K,4.6020599913279625,10.0,14.0,30.0,60.0
2308.10492v1.pdf,3,Ba(FeAs)2,10 K,4.477121254719663,10.0,16.0,30.0,60.0
2308.10492v1.pdf,3,Ba(FeAs)2,10 K,4.301029995663981,10.0,18.0,30.0,60.0
2308.10492v1.pdf,3,Ba(FeAs)2,10 K,4.176091259055681,10.0,20.0,30.0,60.0
2308.10492v1.pdf,3,Ba(FeAs)2,10 K,4.0,10.0,22.0,30.0,60.0
2308.10492v1.pdf,3,Ba(FeAs)2,10 K,3.903089986991944,10.0,24.0,30.0,60.0
2308.10492v1.pdf,3,Ba(FeAs)2,10 K,3.7781512503836434,10.0,26.0,30.0,60.0
2308.10492v1.pdf,3,Ba(FeAs)2,10 K,3.6989700043360174,10.0,28.0,30.0,60.0
2308.10492v1.pdf,3,Ba(FeAs)2,10 K,3.6020599913279625,10.0,30.0,30.0,60.0
2308.10492v1.pdf,3,Ba(FeAs)2,12.5 K,5.301029995663981,12.5,0.0,30.0,60.0
2308.10492v1.pdf,3,Ba(FeAs)2,12.5 K,5.176091259055681,12.5,2.0,30.0,60.0
2308.10492v1.pdf,3,Ba(FeAs)2,12.5 K,5.0,12.5,4.0,30.0,60.0
2308.10492v1.pdf,3,Ba(FeAs)2,12.5 K,4.903089986991944,12.5,6.0,30.0,60.0
2308.10492v1.pdf,3,Ba(FeAs)2,12.5 K,4.778151250383644,12.5,8.0,30.0,60.0
2308.10492v1.pdf,3,Ba(FeAs)2,12.5 K,4.6020599913279625,12.5,10.0,30.0,60.0
2308.10492v1.pdf,3,Ba(FeAs)2,12.5 K,4.477121254719663,12.5,12.0,30.0,60.0
2308.10492v1.pdf,3,Ba(FeAs)2,12.5 K,4.301029995663981,12.5,14.0,30.0,60.0
2308.10492v1.pdf,3,Ba(FeAs)2,12.5 K,4.176091259055681,12.5,16.0,30.0,60.0
2308.10492v1.pdf,3,Ba(FeAs)2,12.5 K,4.0,12.5,18.0,30.0,60.0
2308.10492v1.pdf,3,Ba(FeAs)2,12.5 K,3.903089986991944,12.5,20.0,30.0,60.0
2308.10492v1.pdf,3,Ba(FeAs)2,12.5 K,3.7781512503836434,12.5,22.0,30.0,60.0
2308.10492v1.pdf,3,Ba(FeAs)2,12.5 K,3.6989700043360174,12.5,24.0,30.0,60.0
2308.10492v1.pdf,3,Ba(FeAs)2,12.5 K,3.6020599913279625,12.5,26.0,30.0,60.0
2308.10492v1.pdf,3,Ba(FeAs)2,12.5 K,3.4771212547196626,12.5,28.0,30.0,60.0
2308.10492v1.pdf,3,Ba(FeAs)2,12.5 K,3.3010299956639813,12.5,30.0,30.0,60.0
cond-mat_0402206v1.pdf,5,Nb3Sn,4.2 K,4.698970004336019,4.2,0.0,18.0,24.0
cond-mat_0402206v1.pdf,5,Nb3Sn,4.2 K,4.6020599913279625,4.2,1.0,18.0,24.0
cond-mat_0402206v1.pdf,5,Nb3Sn,4.2 K,4.544068044350276,4.2,2.0,18.0,24.0
cond-mat_0402206v1.pdf,5,Nb3Sn,4.2 K,4.477121254719663,4.2,3.0,18.0,24.0
cond-mat_0402206v1.pdf,5,Nb3Sn,4.2 K,4.3979400086720375,4.2,4.0,18.0,24.0
cond-mat_0402206v1.pdf,5,Nb3Sn,4.2 K,4.301029995663981,4.2,5.0,18.0,24.0
cond-mat_0402206v1.pdf,5,Nb3Sn,4.2 K,4.2552725051033065,4.2,6.0,18.0,24.0
cond-mat_0402206v1.pdf,5,Nb3Sn,4.2 K,4.204119982655925,4.2,7.0,18.0,24.0
cond-mat_0402206v1.pdf,5,Nb3Sn,4.2 K,4.146128035678238,4.2,8.0,18.0,24.0
cond-mat_0402206v1.pdf,5,Nb3Sn,4.2 K,4.079181246047625,4.2,9.0,18.0,24.0
cond-mat_0402206v1.pdf,5,Nb3Sn,4.2 K,4.0,4.2,10.0,18.0,24.0
cond-mat_0402206v1.pdf,5,Nb3Sn,4.2 K,3.903089986991944,4.2,12.0,18.0,24.0
cond-mat_0402206v1.pdf,5,Nb3Sn,4.2 K,3.7781512503836434,4.2,15.0,18.0,24.0
cond-mat_0402206v1.pdf,5,Nb3Sn,4.2 K,3.6020599913279625,4.2,20.0,18.0,24.0
cond-mat_0402206v1.pdf,5,Nb3Sn,4.2 K,3.3010299956639813,4.2,25.0,18.0,24.0
cond-mat_0402206v1.pdf,5,Nb3Sn,4.2 K,3.0,4.2,30.0,18.0,24.0
cond-mat_0402206v1.pdf,5,Nb3Sn,12 K,4.204119982655925,12.0,0.0,18.0,24.0
cond-mat_0402206v1.pdf,5,Nb3Sn,12 K,4.146128035678238,12.0,1.0,18.0,24.0
cond-mat_0402206v1.pdf,5,Nb3Sn,12 K,4.079181246047625,12.0,2.0,18.0,24.0
cond-mat_0402206v1.pdf,5,Nb3Sn,12 K,4.041392685158225,12.0,3.0,18.0,24.0
cond-mat_0402206v1.pdf,5,Nb3Sn,12 K,4.0,12.0,4.0,18.0,24.0
cond-mat_0402206v1.pdf,5,Nb3Sn,12 K,3.9542425094393248,12.0,5.0,18.0,24.0
cond-mat_0402206v1.pdf,5,Nb3Sn,12 K,3.903089986991944,12.0,6.0,18.0,24.0
cond-mat_0402206v1.pdf,5,Nb3Sn,12 K,3.845098040014257,12.0,7.0,18.0,24.0
cond-mat_0402206v1.pdf,5,Nb3Sn,12 K,3.7781512503836434,12.0,8.0,18.0,24.0
cond-mat_0402206v1.pdf,5,Nb3Sn,12 K,3.6989700043360174,12.0,9.0,18.0,24.0
cond-mat_0402206v1.pdf,5,Nb3Sn,12 K,3.6020599913279625,12.0,10.0,18.0,24.0
cond-mat_0402206v1.pdf,5,Nb3Sn,12 K,3.4771212547196626,12.0,12.0,18.0,24.0
cond-mat_0402206v1.pdf,5,Nb3Sn,12 K,3.3010299956639813,12.0,15.0,18.0,24.0
cond-mat_0402206v1.pdf,5,Nb3Sn,12 K,3.0,12.0,20.0,18.0,24.0
cond-mat_0402206v1.pdf,5,Nb3Sn,12 K,2.6989700043360187,12.0,25.0,18.0,24.0
cond-mat_0402206v1.pdf,5,Nb3Sn,12 K,2.397940008672037,12.0,30.0,18.0,24.0
cond-mat_0402206v1.pdf,9,Nb3Sn,4.2 K,3.845098040014257,4.2,8.0,18.0,24.0
cond-mat_0402206v1.pdf,9,Nb3Sn,4.2 K,3.832508912706236,4.2,8.5,18.0,24.0
cond-mat_0402206v1.pdf,9,Nb3Sn,4.2 K,3.8195439355418688,4.2,9.0,18.0,24.0
cond-mat_0402206v1.pdf,9,Nb3Sn,4.2 K,3.806179973983887,4.2,9.5,18.0,24.0
cond-mat_0402206v1.pdf,9,Nb3Sn,4.2 K,3.792391689498254,4.2,10.0,18.0,24.0
cond-mat_0402206v1.pdf,9,Nb3Sn,4.2 K,3.7781512503836434,4.2,10.5,18.0,24.0
cond-mat_0402206v1.pdf,9,Nb3Sn,4.2 K,3.763427993562937,4.2,11.0,18.0,24.0
cond-mat_0402206v1.pdf,9,Nb3Sn,4.2 K,3.7481880270062,4.2,11.5,18.0,24.0
cond-mat_0402206v1.pdf,9,Nb3Sn,4.2 K,3.7323937598229686,4.2,12.0,18.0,24.0
cond-mat_0402206v1.pdf,9,Nb3Sn,4.2 K,3.716003343634799,4.2,12.5,18.0,24.0
cond-mat_0402206v1.pdf,9,Nb3Sn,4.2 K,3.6989700043360174,4.2,13.0,18.0,24.0
cond-mat_0402206v1.pdf,9,Nb3Sn,4.2 K,3.681241237375587,4.2,13.5,18.0,24.0
cond-mat_0402206v1.pdf,9,Nb3Sn,4.2 K,3.662757831681574,4.2,14.0,18.0,24.0
cond-mat_0402206v1.pdf,9,Nb3Sn,4.2 K,3.643452676486187,4.2,14.5,18.0,24.0
cond-mat_0402206v1.pdf,9,Nb3Sn,4.2 K,3.6232492903979,4.2,15.0,18.0,24.0
cond-mat_0402206v1.pdf,9,Nb3Sn,4.2 K,3.6020599913279625,4.2,15.5,18.0,24.0
cond-mat_0402206v1.pdf,9,Nb3Sn,4.2 K,3.57978359661681,4.2,16.0,18.0,24.0
