compound_formula,substructure,MP_id,paper_id,source_provenance,Tc_anchor_K,Tc_provenance_tier,Hc2_T_anchor,Hc2_anchor_type,Hc2_deviation_flag,Hc2_source,sample_form_commitment,predictor_method_scope,T_K,H_T,predicted_log_Jc,predicted_log_Jc_lower_95,predicted_log_Jc_upper_95,parent_match_uncertainty_envelope_dex,bootstrap_iterations,refusal_flag
Co0.05Fe0.95Se1,iron_chalcogenide_11,mp-20311,,A1,10.0,3DSC_MP,16.0,c_parent,±20-50%,S1_v3_2_2B_extension,single_crystal,sample_form_conditional_median:single_crystal,4.2,0.1,,,,,5000,H_below_validated_reduced_field
Co0.05Fe0.95Se1,iron_chalcogenide_11,mp-20311,,A1,10.0,3DSC_MP,16.0,c_parent,±20-50%,S1_v3_2_2B_extension,single_crystal,sample_form_conditional_median:single_crystal,4.2,1.0,,,,,5000,H_below_validated_reduced_field
Co0.05Fe0.95Se1,iron_chalcogenide_11,mp-20311,,A1,10.0,3DSC_MP,16.0,c_parent,±20-50%,S1_v3_2_2B_extension,single_crystal,sample_form_conditional_median:single_crystal,4.2,5.0,,,,,5000,family_fails_field_axis_validation
Co0.05Fe0.95Se1,iron_chalcogenide_11,mp-20311,,A1,10.0,3DSC_MP,16.0,c_parent,±20-50%,S1_v3_2_2B_extension,single_crystal,sample_form_conditional_median:single_crystal,20.0,0.1,,,,,5000,T_above_Tc
Co0.05Fe0.95Se1,iron_chalcogenide_11,mp-20311,,A1,10.0,3DSC_MP,16.0,c_parent,±20-50%,S1_v3_2_2B_extension,single_crystal,sample_form_conditional_median:single_crystal,20.0,1.0,,,,,5000,T_above_Tc
Co0.05Fe0.95Se1,iron_chalcogenide_11,mp-20311,,A1,10.0,3DSC_MP,16.0,c_parent,±20-50%,S1_v3_2_2B_extension,single_crystal,sample_form_conditional_median:single_crystal,20.0,5.0,,,,,5000,T_above_Tc
Co0.05Fe0.95Se1,iron_chalcogenide_11,mp-20311,,A1,10.0,3DSC_MP,16.0,c_parent,±20-50%,S1_v3_2_2B_extension,single_crystal,sample_form_conditional_median:single_crystal,7.7,0.1,,,,,5000,H_below_validated_reduced_field
Co0.05Fe0.95Se1,iron_chalcogenide_11,mp-20311,,A1,10.0,3DSC_MP,16.0,c_parent,±20-50%,S1_v3_2_2B_extension,single_crystal,sample_form_conditional_median:single_crystal,7.7,1.0,,,,,5000,H_below_validated_reduced_field
Co0.05Fe0.95Se1,iron_chalcogenide_11,mp-20311,,A1,10.0,3DSC_MP,16.0,c_parent,±20-50%,S1_v3_2_2B_extension,single_crystal,sample_form_conditional_median:single_crystal,7.7,5.0,,,,,5000,family_fails_field_axis_validation
Co0.1Fe0.9Se1,iron_chalcogenide_11,mp-20311,,A1,5.0,3DSC_MP,16.0,c_parent,±20-50%,S1_v3_2_2B_extension,single_crystal,sample_form_conditional_median:single_crystal,4.2,0.1,,,,,5000,H_below_validated_reduced_field
Co0.1Fe0.9Se1,iron_chalcogenide_11,mp-20311,,A1,5.0,3DSC_MP,16.0,c_parent,±20-50%,S1_v3_2_2B_extension,single_crystal,sample_form_conditional_median:single_crystal,4.2,1.0,,,,,5000,H_below_validated_reduced_field
Co0.1Fe0.9Se1,iron_chalcogenide_11,mp-20311,,A1,5.0,3DSC_MP,16.0,c_parent,±20-50%,S1_v3_2_2B_extension,single_crystal,sample_form_conditional_median:single_crystal,4.2,5.0,,,,,5000,family_fails_field_axis_validation
Co0.1Fe0.9Se1,iron_chalcogenide_11,mp-20311,,A1,5.0,3DSC_MP,16.0,c_parent,±20-50%,S1_v3_2_2B_extension,single_crystal,sample_form_conditional_median:single_crystal,20.0,0.1,,,,,5000,T_above_Tc
Co0.1Fe0.9Se1,iron_chalcogenide_11,mp-20311,,A1,5.0,3DSC_MP,16.0,c_parent,±20-50%,S1_v3_2_2B_extension,single_crystal,sample_form_conditional_median:single_crystal,20.0,1.0,,,,,5000,T_above_Tc
Co0.1Fe0.9Se1,iron_chalcogenide_11,mp-20311,,A1,5.0,3DSC_MP,16.0,c_parent,±20-50%,S1_v3_2_2B_extension,single_crystal,sample_form_conditional_median:single_crystal,20.0,5.0,,,,,5000,T_above_Tc
Co0.1Fe0.9Se1,iron_chalcogenide_11,mp-20311,,A1,5.0,3DSC_MP,16.0,c_parent,±20-50%,S1_v3_2_2B_extension,single_crystal,sample_form_conditional_median:single_crystal,3.85,0.1,,,,,5000,H_below_validated_reduced_field
Co0.1Fe0.9Se1,iron_chalcogenide_11,mp-20311,,A1,5.0,3DSC_MP,16.0,c_parent,±20-50%,S1_v3_2_2B_extension,single_crystal,sample_form_conditional_median:single_crystal,3.85,1.0,,,,,5000,H_below_validated_reduced_field
Co0.1Fe0.9Se1,iron_chalcogenide_11,mp-20311,,A1,5.0,3DSC_MP,16.0,c_parent,±20-50%,S1_v3_2_2B_extension,single_crystal,sample_form_conditional_median:single_crystal,3.85,5.0,,,,,5000,family_fails_field_axis_validation
Fe0.95Ni0.05Se1,iron_chalcogenide_11,mp-20311,,A1,10.0,3DSC_MP,16.0,c_parent,±20-50%,S1_v3_2_2B_extension,single_crystal,sample_form_conditional_median:single_crystal,4.2,0.1,,,,,5000,H_below_validated_reduced_field
Fe0.95Ni0.05Se1,iron_chalcogenide_11,mp-20311,,A1,10.0,3DSC_MP,16.0,c_parent,±20-50%,S1_v3_2_2B_extension,single_crystal,sample_form_conditional_median:single_crystal,4.2,1.0,,,,,5000,H_below_validated_reduced_field
Fe0.95Ni0.05Se1,iron_chalcogenide_11,mp-20311,,A1,10.0,3DSC_MP,16.0,c_parent,±20-50%,S1_v3_2_2B_extension,single_crystal,sample_form_conditional_median:single_crystal,4.2,5.0,,,,,5000,family_fails_field_axis_validation
Fe0.95Ni0.05Se1,iron_chalcogenide_11,mp-20311,,A1,10.0,3DSC_MP,16.0,c_parent,±20-50%,S1_v3_2_2B_extension,single_crystal,sample_form_conditional_median:single_crystal,20.0,0.1,,,,,5000,T_above_Tc
Fe0.95Ni0.05Se1,iron_chalcogenide_11,mp-20311,,A1,10.0,3DSC_MP,16.0,c_parent,±20-50%,S1_v3_2_2B_extension,single_crystal,sample_form_conditional_median:single_crystal,20.0,1.0,,,,,5000,T_above_Tc
Fe0.95Ni0.05Se1,iron_chalcogenide_11,mp-20311,,A1,10.0,3DSC_MP,16.0,c_parent,±20-50%,S1_v3_2_2B_extension,single_crystal,sample_form_conditional_median:single_crystal,20.0,5.0,,,,,5000,T_above_Tc
Fe0.95Ni0.05Se1,iron_chalcogenide_11,mp-20311,,A1,10.0,3DSC_MP,16.0,c_parent,±20-50%,S1_v3_2_2B_extension,single_crystal,sample_form_conditional_median:single_crystal,7.7,0.1,,,,,5000,H_below_validated_reduced_field
Fe0.95Ni0.05Se1,iron_chalcogenide_11,mp-20311,,A1,10.0,3DSC_MP,16.0,c_parent,±20-50%,S1_v3_2_2B_extension,single_crystal,sample_form_conditional_median:single_crystal,7.7,1.0,,,,,5000,H_below_validated_reduced_field
Fe0.95Ni0.05Se1,iron_chalcogenide_11,mp-20311,,A1,10.0,3DSC_MP,16.0,c_parent,±20-50%,S1_v3_2_2B_extension,single_crystal,sample_form_conditional_median:single_crystal,7.7,5.0,,,,,5000,family_fails_field_axis_validation
Fe1S0.04Se0.96,iron_chalcogenide_11,mp-20311,,A1,9.58,3DSC_MP,16.0,c_parent,±20-50%,S1_v3_2_2B_extension,single_crystal,sample_form_conditional_median:single_crystal,4.2,0.1,,,,,5000,H_below_validated_reduced_field
Fe1S0.04Se0.96,iron_chalcogenide_11,mp-20311,,A1,9.58,3DSC_MP,16.0,c_parent,±20-50%,S1_v3_2_2B_extension,single_crystal,sample_form_conditional_median:single_crystal,4.2,1.0,,,,,5000,H_below_validated_reduced_field
Fe1S0.04Se0.96,iron_chalcogenide_11,mp-20311,,A1,9.58,3DSC_MP,16.0,c_parent,±20-50%,S1_v3_2_2B_extension,single_crystal,sample_form_conditional_median:single_crystal,4.2,5.0,,,,,5000,family_fails_field_axis_validation
Fe1S0.04Se0.96,iron_chalcogenide_11,mp-20311,,A1,9.58,3DSC_MP,16.0,c_parent,±20-50%,S1_v3_2_2B_extension,single_crystal,sample_form_conditional_median:single_crystal,20.0,0.1,,,,,5000,T_above_Tc
Fe1S0.04Se0.96,iron_chalcogenide_11,mp-20311,,A1,9.58,3DSC_MP,16.0,c_parent,±20-50%,S1_v3_2_2B_extension,single_crystal,sample_form_conditional_median:single_crystal,20.0,1.0,,,,,5000,T_above_Tc
Fe1S0.04Se0.96,iron_chalcogenide_11,mp-20311,,A1,9.58,3DSC_MP,16.0,c_parent,±20-50%,S1_v3_2_2B_extension,single_crystal,sample_form_conditional_median:single_crystal,20.0,5.0,,,,,5000,T_above_Tc
Fe1S0.04Se0.96,iron_chalcogenide_11,mp-20311,,A1,9.58,3DSC_MP,16.0,c_parent,±20-50%,S1_v3_2_2B_extension,single_crystal,sample_form_conditional_median:single_crystal,7.3766,0.1,,,,,5000,H_below_validated_reduced_field
Fe1S0.04Se0.96,iron_chalcogenide_11,mp-20311,,A1,9.58,3DSC_MP,16.0,c_parent,±20-50%,S1_v3_2_2B_extension,single_crystal,sample_form_conditional_median:single_crystal,7.3766,1.0,,,,,5000,H_below_validated_reduced_field
Fe1S0.04Se0.96,iron_chalcogenide_11,mp-20311,,A1,9.58,3DSC_MP,16.0,c_parent,±20-50%,S1_v3_2_2B_extension,single_crystal,sample_form_conditional_median:single_crystal,7.3766,5.0,,,,,5000,family_fails_field_axis_validation
Fe1S0.09Se0.91,iron_chalcogenide_11,mp-20311,,A1,10.1,3DSC_MP,16.0,c_parent,±20-50%,S1_v3_2_2B_extension,single_crystal,sample_form_conditional_median:single_crystal,4.2,0.1,,,,,5000,H_below_validated_reduced_field
Fe1S0.09Se0.91,iron_chalcogenide_11,mp-20311,,A1,10.1,3DSC_MP,16.0,c_parent,±20-50%,S1_v3_2_2B_extension,single_crystal,sample_form_conditional_median:single_crystal,4.2,1.0,,,,,5000,H_below_validated_reduced_field
Fe1S0.09Se0.91,iron_chalcogenide_11,mp-20311,,A1,10.1,3DSC_MP,16.0,c_parent,±20-50%,S1_v3_2_2B_extension,single_crystal,sample_form_conditional_median:single_crystal,4.2,5.0,,,,,5000,family_fails_field_axis_validation
Fe1S0.09Se0.91,iron_chalcogenide_11,mp-20311,,A1,10.1,3DSC_MP,16.0,c_parent,±20-50%,S1_v3_2_2B_extension,single_crystal,sample_form_conditional_median:single_crystal,20.0,0.1,,,,,5000,T_above_Tc
Fe1S0.09Se0.91,iron_chalcogenide_11,mp-20311,,A1,10.1,3DSC_MP,16.0,c_parent,±20-50%,S1_v3_2_2B_extension,single_crystal,sample_form_conditional_median:single_crystal,20.0,1.0,,,,,5000,T_above_Tc
Fe1S0.09Se0.91,iron_chalcogenide_11,mp-20311,,A1,10.1,3DSC_MP,16.0,c_parent,±20-50%,S1_v3_2_2B_extension,single_crystal,sample_form_conditional_median:single_crystal,20.0,5.0,,,,,5000,T_above_Tc
Fe1S0.09Se0.91,iron_chalcogenide_11,mp-20311,,A1,10.1,3DSC_MP,16.0,c_parent,±20-50%,S1_v3_2_2B_extension,single_crystal,sample_form_conditional_median:single_crystal,7.777,0.1,,,,,5000,H_below_validated_reduced_field
Fe1S0.09Se0.91,iron_chalcogenide_11,mp-20311,,A1,10.1,3DSC_MP,16.0,c_parent,±20-50%,S1_v3_2_2B_extension,single_crystal,sample_form_conditional_median:single_crystal,7.777,1.0,,,,,5000,H_below_validated_reduced_field
Fe1S0.09Se0.91,iron_chalcogenide_11,mp-20311,,A1,10.1,3DSC_MP,16.0,c_parent,±20-50%,S1_v3_2_2B_extension,single_crystal,sample_form_conditional_median:single_crystal,7.777,5.0,,,,,5000,family_fails_field_axis_validation
Fe1S0.11Se0.89,iron_chalcogenide_11,mp-20311,,A1,10.7,3DSC_MP,16.0,c_parent,±20-50%,S1_v3_2_2B_extension,single_crystal,sample_form_conditional_median:single_crystal,4.2,0.1,,,,,5000,H_below_validated_reduced_field
Fe1S0.11Se0.89,iron_chalcogenide_11,mp-20311,,A1,10.7,3DSC_MP,16.0,c_parent,±20-50%,S1_v3_2_2B_extension,single_crystal,sample_form_conditional_median:single_crystal,4.2,1.0,,,,,5000,H_below_validated_reduced_field
Fe1S0.11Se0.89,iron_chalcogenide_11,mp-20311,,A1,10.7,3DSC_MP,16.0,c_parent,±20-50%,S1_v3_2_2B_extension,single_crystal,sample_form_conditional_median:single_crystal,4.2,5.0,,,,,5000,family_fails_field_axis_validation
Fe1S0.11Se0.89,iron_chalcogenide_11,mp-20311,,A1,10.7,3DSC_MP,16.0,c_parent,±20-50%,S1_v3_2_2B_extension,single_crystal,sample_form_conditional_median:single_crystal,20.0,0.1,,,,,5000,T_above_Tc
Fe1S0.11Se0.89,iron_chalcogenide_11,mp-20311,,A1,10.7,3DSC_MP,16.0,c_parent,±20-50%,S1_v3_2_2B_extension,single_crystal,sample_form_conditional_median:single_crystal,20.0,1.0,,,,,5000,T_above_Tc
Fe1S0.11Se0.89,iron_chalcogenide_11,mp-20311,,A1,10.7,3DSC_MP,16.0,c_parent,±20-50%,S1_v3_2_2B_extension,single_crystal,sample_form_conditional_median:single_crystal,20.0,5.0,,,,,5000,T_above_Tc
Fe1S0.11Se0.89,iron_chalcogenide_11,mp-20311,,A1,10.7,3DSC_MP,16.0,c_parent,±20-50%,S1_v3_2_2B_extension,single_crystal,sample_form_conditional_median:single_crystal,8.238999999999999,0.1,,,,,5000,H_below_validated_reduced_field
Fe1S0.11Se0.89,iron_chalcogenide_11,mp-20311,,A1,10.7,3DSC_MP,16.0,c_parent,±20-50%,S1_v3_2_2B_extension,single_crystal,sample_form_conditional_median:single_crystal,8.238999999999999,1.0,,,,,5000,H_below_validated_reduced_field
Fe1S0.11Se0.89,iron_chalcogenide_11,mp-20311,,A1,10.7,3DSC_MP,16.0,c_parent,±20-50%,S1_v3_2_2B_extension,single_crystal,sample_form_conditional_median:single_crystal,8.238999999999999,5.0,,,,,5000,family_fails_field_axis_validation
Fe1S0.12Te0.88,iron_chalcogenide_11,mp-21273,,A1,6.8,3DSC_MP,47.0,c_parent,±20-50%,S1_v3_2_2B_extension,single_crystal,sample_form_conditional_median:single_crystal,4.2,0.1,,,,,5000,H_below_validated_reduced_field
Fe1S0.12Te0.88,iron_chalcogenide_11,mp-21273,,A1,6.8,3DSC_MP,47.0,c_parent,±20-50%,S1_v3_2_2B_extension,single_crystal,sample_form_conditional_median:single_crystal,4.2,1.0,,,,,5000,H_below_validated_reduced_field
Fe1S0.12Te0.88,iron_chalcogenide_11,mp-21273,,A1,6.8,3DSC_MP,47.0,c_parent,±20-50%,S1_v3_2_2B_extension,single_crystal,sample_form_conditional_median:single_crystal,4.2,5.0,,,,,5000,H_below_validated_reduced_field
Fe1S0.12Te0.88,iron_chalcogenide_11,mp-21273,,A1,6.8,3DSC_MP,47.0,c_parent,±20-50%,S1_v3_2_2B_extension,single_crystal,sample_form_conditional_median:single_crystal,20.0,0.1,,,,,5000,T_above_Tc
Fe1S0.12Te0.88,iron_chalcogenide_11,mp-21273,,A1,6.8,3DSC_MP,47.0,c_parent,±20-50%,S1_v3_2_2B_extension,single_crystal,sample_form_conditional_median:single_crystal,20.0,1.0,,,,,5000,T_above_Tc
Fe1S0.12Te0.88,iron_chalcogenide_11,mp-21273,,A1,6.8,3DSC_MP,47.0,c_parent,±20-50%,S1_v3_2_2B_extension,single_crystal,sample_form_conditional_median:single_crystal,20.0,5.0,,,,,5000,T_above_Tc
Fe1S0.12Te0.88,iron_chalcogenide_11,mp-21273,,A1,6.8,3DSC_MP,47.0,c_parent,±20-50%,S1_v3_2_2B_extension,single_crystal,sample_form_conditional_median:single_crystal,5.236,0.1,,,,,5000,H_below_validated_reduced_field
Fe1S0.12Te0.88,iron_chalcogenide_11,mp-21273,,A1,6.8,3DSC_MP,47.0,c_parent,±20-50%,S1_v3_2_2B_extension,single_crystal,sample_form_conditional_median:single_crystal,5.236,1.0,,,,,5000,H_below_validated_reduced_field
Fe1S0.12Te0.88,iron_chalcogenide_11,mp-21273,,A1,6.8,3DSC_MP,47.0,c_parent,±20-50%,S1_v3_2_2B_extension,single_crystal,sample_form_conditional_median:single_crystal,5.236,5.0,,,,,5000,H_below_validated_reduced_field
Fe1S0.1Se0.9,iron_chalcogenide_11,mp-20311,,A1,10.27,3DSC_MP,16.0,c_parent,±20-50%,S1_v3_2_2B_extension,single_crystal,sample_form_conditional_median:single_crystal,4.2,0.1,,,,,5000,H_below_validated_reduced_field
Fe1S0.1Se0.9,iron_chalcogenide_11,mp-20311,,A1,10.27,3DSC_MP,16.0,c_parent,±20-50%,S1_v3_2_2B_extension,single_crystal,sample_form_conditional_median:single_crystal,4.2,1.0,,,,,5000,H_below_validated_reduced_field
Fe1S0.1Se0.9,iron_chalcogenide_11,mp-20311,,A1,10.27,3DSC_MP,16.0,c_parent,±20-50%,S1_v3_2_2B_extension,single_crystal,sample_form_conditional_median:single_crystal,4.2,5.0,,,,,5000,family_fails_field_axis_validation
Fe1S0.1Se0.9,iron_chalcogenide_11,mp-20311,,A1,10.27,3DSC_MP,16.0,c_parent,±20-50%,S1_v3_2_2B_extension,single_crystal,sample_form_conditional_median:single_crystal,20.0,0.1,,,,,5000,T_above_Tc
Fe1S0.1Se0.9,iron_chalcogenide_11,mp-20311,,A1,10.27,3DSC_MP,16.0,c_parent,±20-50%,S1_v3_2_2B_extension,single_crystal,sample_form_conditional_median:single_crystal,20.0,1.0,,,,,5000,T_above_Tc
Fe1S0.1Se0.9,iron_chalcogenide_11,mp-20311,,A1,10.27,3DSC_MP,16.0,c_parent,±20-50%,S1_v3_2_2B_extension,single_crystal,sample_form_conditional_median:single_crystal,20.0,5.0,,,,,5000,T_above_Tc
Fe1S0.1Se0.9,iron_chalcogenide_11,mp-20311,,A1,10.27,3DSC_MP,16.0,c_parent,±20-50%,S1_v3_2_2B_extension,single_crystal,sample_form_conditional_median:single_crystal,7.9079,0.1,,,,,5000,H_below_validated_reduced_field
Fe1S0.1Se0.9,iron_chalcogenide_11,mp-20311,,A1,10.27,3DSC_MP,16.0,c_parent,±20-50%,S1_v3_2_2B_extension,single_crystal,sample_form_conditional_median:single_crystal,7.9079,1.0,,,,,5000,H_below_validated_reduced_field
Fe1S0.1Se0.9,iron_chalcogenide_11,mp-20311,,A1,10.27,3DSC_MP,16.0,c_parent,±20-50%,S1_v3_2_2B_extension,single_crystal,sample_form_conditional_median:single_crystal,7.9079,5.0,,,,,5000,family_fails_field_axis_validation
Fe1S0.1Te0.9,iron_chalcogenide_11,mp-21273,,A1,10.0,3DSC_MP,47.0,c_parent,±20-50%,S1_v3_2_2B_extension,single_crystal,sample_form_conditional_median:single_crystal,4.2,0.1,,,,,5000,H_below_validated_reduced_field
Fe1S0.1Te0.9,iron_chalcogenide_11,mp-21273,,A1,10.0,3DSC_MP,47.0,c_parent,±20-50%,S1_v3_2_2B_extension,single_crystal,sample_form_conditional_median:single_crystal,4.2,1.0,,,,,5000,H_below_validated_reduced_field
Fe1S0.1Te0.9,iron_chalcogenide_11,mp-21273,,A1,10.0,3DSC_MP,47.0,c_parent,±20-50%,S1_v3_2_2B_extension,single_crystal,sample_form_conditional_median:single_crystal,4.2,5.0,,,,,5000,H_below_validated_reduced_field
Fe1S0.1Te0.9,iron_chalcogenide_11,mp-21273,,A1,10.0,3DSC_MP,47.0,c_parent,±20-50%,S1_v3_2_2B_extension,single_crystal,sample_form_conditional_median:single_crystal,20.0,0.1,,,,,5000,T_above_Tc
Fe1S0.1Te0.9,iron_chalcogenide_11,mp-21273,,A1,10.0,3DSC_MP,47.0,c_parent,±20-50%,S1_v3_2_2B_extension,single_crystal,sample_form_conditional_median:single_crystal,20.0,1.0,,,,,5000,T_above_Tc
Fe1S0.1Te0.9,iron_chalcogenide_11,mp-21273,,A1,10.0,3DSC_MP,47.0,c_parent,±20-50%,S1_v3_2_2B_extension,single_crystal,sample_form_conditional_median:single_crystal,20.0,5.0,,,,,5000,T_above_Tc
Fe1S0.1Te0.9,iron_chalcogenide_11,mp-21273,,A1,10.0,3DSC_MP,47.0,c_parent,±20-50%,S1_v3_2_2B_extension,single_crystal,sample_form_conditional_median:single_crystal,7.7,0.1,,,,,5000,H_below_validated_reduced_field
Fe1S0.1Te0.9,iron_chalcogenide_11,mp-21273,,A1,10.0,3DSC_MP,47.0,c_parent,±20-50%,S1_v3_2_2B_extension,single_crystal,sample_form_conditional_median:single_crystal,7.7,1.0,,,,,5000,H_below_validated_reduced_field
Fe1S0.1Te0.9,iron_chalcogenide_11,mp-21273,,A1,10.0,3DSC_MP,47.0,c_parent,±20-50%,S1_v3_2_2B_extension,single_crystal,sample_form_conditional_median:single_crystal,7.7,5.0,,,,,5000,H_below_validated_reduced_field
Fe1Se0.05Te0.95,iron_chalcogenide_11,mp-21273,,A1,3.35,3DSC_MP,47.0,c_parent,±20-50%,S1_v3_2_2B_extension,single_crystal,sample_form_conditional_median:single_crystal,4.2,0.1,,,,,5000,T_above_Tc
Fe1Se0.05Te0.95,iron_chalcogenide_11,mp-21273,,A1,3.35,3DSC_MP,47.0,c_parent,±20-50%,S1_v3_2_2B_extension,single_crystal,sample_form_conditional_median:single_crystal,4.2,1.0,,,,,5000,T_above_Tc
Fe1Se0.05Te0.95,iron_chalcogenide_11,mp-21273,,A1,3.35,3DSC_MP,47.0,c_parent,±20-50%,S1_v3_2_2B_extension,single_crystal,sample_form_conditional_median:single_crystal,4.2,5.0,,,,,5000,T_above_Tc
Fe1Se0.05Te0.95,iron_chalcogenide_11,mp-21273,,A1,3.35,3DSC_MP,47.0,c_parent,±20-50%,S1_v3_2_2B_extension,single_crystal,sample_form_conditional_median:single_crystal,20.0,0.1,,,,,5000,T_above_Tc
Fe1Se0.05Te0.95,iron_chalcogenide_11,mp-21273,,A1,3.35,3DSC_MP,47.0,c_parent,±20-50%,S1_v3_2_2B_extension,single_crystal,sample_form_conditional_median:single_crystal,20.0,1.0,,,,,5000,T_above_Tc
Fe1Se0.05Te0.95,iron_chalcogenide_11,mp-21273,,A1,3.35,3DSC_MP,47.0,c_parent,±20-50%,S1_v3_2_2B_extension,single_crystal,sample_form_conditional_median:single_crystal,20.0,5.0,,,,,5000,T_above_Tc
Fe1Se0.05Te0.95,iron_chalcogenide_11,mp-21273,,A1,3.35,3DSC_MP,47.0,c_parent,±20-50%,S1_v3_2_2B_extension,single_crystal,sample_form_conditional_median:single_crystal,2.5795000000000003,0.1,,,,,5000,H_below_validated_reduced_field
Fe1Se0.05Te0.95,iron_chalcogenide_11,mp-21273,,A1,3.35,3DSC_MP,47.0,c_parent,±20-50%,S1_v3_2_2B_extension,single_crystal,sample_form_conditional_median:single_crystal,2.5795000000000003,1.0,,,,,5000,H_below_validated_reduced_field
Fe1Se0.05Te0.95,iron_chalcogenide_11,mp-21273,,A1,3.35,3DSC_MP,47.0,c_parent,±20-50%,S1_v3_2_2B_extension,single_crystal,sample_form_conditional_median:single_crystal,2.5795000000000003,5.0,,,,,5000,H_below_validated_reduced_field
Fe1Se0.075Te0.925,iron_chalcogenide_11,mp-21273,,A1,11.5,3DSC_MP,47.0,c_parent,±20-50%,S1_v3_2_2B_extension,single_crystal,sample_form_conditional_median:single_crystal,4.2,0.1,,,,,5000,H_below_validated_reduced_field
Fe1Se0.075Te0.925,iron_chalcogenide_11,mp-21273,,A1,11.5,3DSC_MP,47.0,c_parent,±20-50%,S1_v3_2_2B_extension,single_crystal,sample_form_conditional_median:single_crystal,4.2,1.0,,,,,5000,H_below_validated_reduced_field
Fe1Se0.075Te0.925,iron_chalcogenide_11,mp-21273,,A1,11.5,3DSC_MP,47.0,c_parent,±20-50%,S1_v3_2_2B_extension,single_crystal,sample_form_conditional_median:single_crystal,4.2,5.0,,,,,5000,H_below_validated_reduced_field
Fe1Se0.075Te0.925,iron_chalcogenide_11,mp-21273,,A1,11.5,3DSC_MP,47.0,c_parent,±20-50%,S1_v3_2_2B_extension,single_crystal,sample_form_conditional_median:single_crystal,20.0,0.1,,,,,5000,T_above_Tc
Fe1Se0.075Te0.925,iron_chalcogenide_11,mp-21273,,A1,11.5,3DSC_MP,47.0,c_parent,±20-50%,S1_v3_2_2B_extension,single_crystal,sample_form_conditional_median:single_crystal,20.0,1.0,,,,,5000,T_above_Tc
Fe1Se0.075Te0.925,iron_chalcogenide_11,mp-21273,,A1,11.5,3DSC_MP,47.0,c_parent,±20-50%,S1_v3_2_2B_extension,single_crystal,sample_form_conditional_median:single_crystal,20.0,5.0,,,,,5000,T_above_Tc
Fe1Se0.075Te0.925,iron_chalcogenide_11,mp-21273,,A1,11.5,3DSC_MP,47.0,c_parent,±20-50%,S1_v3_2_2B_extension,single_crystal,sample_form_conditional_median:single_crystal,8.855,0.1,,,,,5000,H_below_validated_reduced_field
Fe1Se0.075Te0.925,iron_chalcogenide_11,mp-21273,,A1,11.5,3DSC_MP,47.0,c_parent,±20-50%,S1_v3_2_2B_extension,single_crystal,sample_form_conditional_median:single_crystal,8.855,1.0,,,,,5000,H_below_validated_reduced_field
Fe1Se0.075Te0.925,iron_chalcogenide_11,mp-21273,,A1,11.5,3DSC_MP,47.0,c_parent,±20-50%,S1_v3_2_2B_extension,single_crystal,sample_form_conditional_median:single_crystal,8.855,5.0,,,,,5000,H_below_validated_reduced_field
Fe1Se0.07Te0.93,iron_chalcogenide_11,mp-21273,,A1,8.2,3DSC_MP,47.0,c_parent,±20-50%,S1_v3_2_2B_extension,single_crystal,sample_form_conditional_median:single_crystal,4.2,0.1,,,,,5000,H_below_validated_reduced_field
Fe1Se0.07Te0.93,iron_chalcogenide_11,mp-21273,,A1,8.2,3DSC_MP,47.0,c_parent,±20-50%,S1_v3_2_2B_extension,single_crystal,sample_form_conditional_median:single_crystal,4.2,1.0,,,,,5000,H_below_validated_reduced_field
Fe1Se0.07Te0.93,iron_chalcogenide_11,mp-21273,,A1,8.2,3DSC_MP,47.0,c_parent,±20-50%,S1_v3_2_2B_extension,single_crystal,sample_form_conditional_median:single_crystal,4.2,5.0,,,,,5000,H_below_validated_reduced_field
Fe1Se0.07Te0.93,iron_chalcogenide_11,mp-21273,,A1,8.2,3DSC_MP,47.0,c_parent,±20-50%,S1_v3_2_2B_extension,single_crystal,sample_form_conditional_median:single_crystal,20.0,0.1,,,,,5000,T_above_Tc
Fe1Se0.07Te0.93,iron_chalcogenide_11,mp-21273,,A1,8.2,3DSC_MP,47.0,c_parent,±20-50%,S1_v3_2_2B_extension,single_crystal,sample_form_conditional_median:single_crystal,20.0,1.0,,,,,5000,T_above_Tc
Fe1Se0.07Te0.93,iron_chalcogenide_11,mp-21273,,A1,8.2,3DSC_MP,47.0,c_parent,±20-50%,S1_v3_2_2B_extension,single_crystal,sample_form_conditional_median:single_crystal,20.0,5.0,,,,,5000,T_above_Tc
Fe1Se0.07Te0.93,iron_chalcogenide_11,mp-21273,,A1,8.2,3DSC_MP,47.0,c_parent,±20-50%,S1_v3_2_2B_extension,single_crystal,sample_form_conditional_median:single_crystal,6.313999999999999,0.1,,,,,5000,H_below_validated_reduced_field
Fe1Se0.07Te0.93,iron_chalcogenide_11,mp-21273,,A1,8.2,3DSC_MP,47.0,c_parent,±20-50%,S1_v3_2_2B_extension,single_crystal,sample_form_conditional_median:single_crystal,6.313999999999999,1.0,,,,,5000,H_below_validated_reduced_field
Fe1Se0.07Te0.93,iron_chalcogenide_11,mp-21273,,A1,8.2,3DSC_MP,47.0,c_parent,±20-50%,S1_v3_2_2B_extension,single_crystal,sample_form_conditional_median:single_crystal,6.313999999999999,5.0,,,,,5000,H_below_validated_reduced_field
Fe1Se0.13Te0.87,iron_chalcogenide_11,mp-21273,,A1,6.0,3DSC_MP,47.0,c_parent,±20-50%,S1_v3_2_2B_extension,single_crystal,sample_form_conditional_median:single_crystal,4.2,0.1,,,,,5000,H_below_validated_reduced_field
Fe1Se0.13Te0.87,iron_chalcogenide_11,mp-21273,,A1,6.0,3DSC_MP,47.0,c_parent,±20-50%,S1_v3_2_2B_extension,single_crystal,sample_form_conditional_median:single_crystal,4.2,1.0,,,,,5000,H_below_validated_reduced_field
Fe1Se0.13Te0.87,iron_chalcogenide_11,mp-21273,,A1,6.0,3DSC_MP,47.0,c_parent,±20-50%,S1_v3_2_2B_extension,single_crystal,sample_form_conditional_median:single_crystal,4.2,5.0,,,,,5000,H_below_validated_reduced_field
Fe1Se0.13Te0.87,iron_chalcogenide_11,mp-21273,,A1,6.0,3DSC_MP,47.0,c_parent,±20-50%,S1_v3_2_2B_extension,single_crystal,sample_form_conditional_median:single_crystal,20.0,0.1,,,,,5000,T_above_Tc
Fe1Se0.13Te0.87,iron_chalcogenide_11,mp-21273,,A1,6.0,3DSC_MP,47.0,c_parent,±20-50%,S1_v3_2_2B_extension,single_crystal,sample_form_conditional_median:single_crystal,20.0,1.0,,,,,5000,T_above_Tc
Fe1Se0.13Te0.87,iron_chalcogenide_11,mp-21273,,A1,6.0,3DSC_MP,47.0,c_parent,±20-50%,S1_v3_2_2B_extension,single_crystal,sample_form_conditional_median:single_crystal,20.0,5.0,,,,,5000,T_above_Tc
Fe1Se0.13Te0.87,iron_chalcogenide_11,mp-21273,,A1,6.0,3DSC_MP,47.0,c_parent,±20-50%,S1_v3_2_2B_extension,single_crystal,sample_form_conditional_median:single_crystal,4.62,0.1,,,,,5000,H_below_validated_reduced_field
Fe1Se0.13Te0.87,iron_chalcogenide_11,mp-21273,,A1,6.0,3DSC_MP,47.0,c_parent,±20-50%,S1_v3_2_2B_extension,single_crystal,sample_form_conditional_median:single_crystal,4.62,1.0,,,,,5000,H_below_validated_reduced_field
Fe1Se0.13Te0.87,iron_chalcogenide_11,mp-21273,,A1,6.0,3DSC_MP,47.0,c_parent,±20-50%,S1_v3_2_2B_extension,single_crystal,sample_form_conditional_median:single_crystal,4.62,5.0,,,,,5000,H_below_validated_reduced_field
Fe1Se0.1Te0.9,iron_chalcogenide_11,mp-21273,,A1,9.816666665,3DSC_MP,47.0,c_parent,±20-50%,S1_v3_2_2B_extension,single_crystal,sample_form_conditional_median:single_crystal,4.2,0.1,,,,,5000,H_below_validated_reduced_field
Fe1Se0.1Te0.9,iron_chalcogenide_11,mp-21273,,A1,9.816666665,3DSC_MP,47.0,c_parent,±20-50%,S1_v3_2_2B_extension,single_crystal,sample_form_conditional_median:single_crystal,4.2,1.0,,,,,5000,H_below_validated_reduced_field
Fe1Se0.1Te0.9,iron_chalcogenide_11,mp-21273,,A1,9.816666665,3DSC_MP,47.0,c_parent,±20-50%,S1_v3_2_2B_extension,single_crystal,sample_form_conditional_median:single_crystal,4.2,5.0,,,,,5000,H_below_validated_reduced_field
Fe1Se0.1Te0.9,iron_chalcogenide_11,mp-21273,,A1,9.816666665,3DSC_MP,47.0,c_parent,±20-50%,S1_v3_2_2B_extension,single_crystal,sample_form_conditional_median:single_crystal,20.0,0.1,,,,,5000,T_above_Tc
Fe1Se0.1Te0.9,iron_chalcogenide_11,mp-21273,,A1,9.816666665,3DSC_MP,47.0,c_parent,±20-50%,S1_v3_2_2B_extension,single_crystal,sample_form_conditional_median:single_crystal,20.0,1.0,,,,,5000,T_above_Tc
Fe1Se0.1Te0.9,iron_chalcogenide_11,mp-21273,,A1,9.816666665,3DSC_MP,47.0,c_parent,±20-50%,S1_v3_2_2B_extension,single_crystal,sample_form_conditional_median:single_crystal,20.0,5.0,,,,,5000,T_above_Tc
Fe1Se0.1Te0.9,iron_chalcogenide_11,mp-21273,,A1,9.816666665,3DSC_MP,47.0,c_parent,±20-50%,S1_v3_2_2B_extension,single_crystal,sample_form_conditional_median:single_crystal,7.55883333205,0.1,,,,,5000,H_below_validated_reduced_field
Fe1Se0.1Te0.9,iron_chalcogenide_11,mp-21273,,A1,9.816666665,3DSC_MP,47.0,c_parent,±20-50%,S1_v3_2_2B_extension,single_crystal,sample_form_conditional_median:single_crystal,7.55883333205,1.0,,,,,5000,H_below_validated_reduced_field
Fe1Se0.1Te0.9,iron_chalcogenide_11,mp-21273,,A1,9.816666665,3DSC_MP,47.0,c_parent,±20-50%,S1_v3_2_2B_extension,single_crystal,sample_form_conditional_median:single_crystal,7.55883333205,5.0,,,,,5000,H_below_validated_reduced_field
Fe1Se0.8,iron_chalcogenide_11,mp-20311,,A1,8.65,3DSC_MP,16.0,c_parent,±20-50%,S1_v3_2_2B_extension,single_crystal,sample_form_conditional_median:single_crystal,4.2,0.1,,,,,5000,H_below_validated_reduced_field
Fe1Se0.8,iron_chalcogenide_11,mp-20311,,A1,8.65,3DSC_MP,16.0,c_parent,±20-50%,S1_v3_2_2B_extension,single_crystal,sample_form_conditional_median:single_crystal,4.2,1.0,,,,,5000,H_below_validated_reduced_field
Fe1Se0.8,iron_chalcogenide_11,mp-20311,,A1,8.65,3DSC_MP,16.0,c_parent,±20-50%,S1_v3_2_2B_extension,single_crystal,sample_form_conditional_median:single_crystal,4.2,5.0,,,,,5000,family_fails_field_axis_validation
Fe1Se0.8,iron_chalcogenide_11,mp-20311,,A1,8.65,3DSC_MP,16.0,c_parent,±20-50%,S1_v3_2_2B_extension,single_crystal,sample_form_conditional_median:single_crystal,20.0,0.1,,,,,5000,T_above_Tc
Fe1Se0.8,iron_chalcogenide_11,mp-20311,,A1,8.65,3DSC_MP,16.0,c_parent,±20-50%,S1_v3_2_2B_extension,single_crystal,sample_form_conditional_median:single_crystal,20.0,1.0,,,,,5000,T_above_Tc
Fe1Se0.8,iron_chalcogenide_11,mp-20311,,A1,8.65,3DSC_MP,16.0,c_parent,±20-50%,S1_v3_2_2B_extension,single_crystal,sample_form_conditional_median:single_crystal,20.0,5.0,,,,,5000,T_above_Tc
Fe1Se0.8,iron_chalcogenide_11,mp-20311,,A1,8.65,3DSC_MP,16.0,c_parent,±20-50%,S1_v3_2_2B_extension,single_crystal,sample_form_conditional_median:single_crystal,6.660500000000001,0.1,,,,,5000,H_below_validated_reduced_field
Fe1Se0.8,iron_chalcogenide_11,mp-20311,,A1,8.65,3DSC_MP,16.0,c_parent,±20-50%,S1_v3_2_2B_extension,single_crystal,sample_form_conditional_median:single_crystal,6.660500000000001,1.0,,,,,5000,H_below_validated_reduced_field
Fe1Se0.8,iron_chalcogenide_11,mp-20311,,A1,8.65,3DSC_MP,16.0,c_parent,±20-50%,S1_v3_2_2B_extension,single_crystal,sample_form_conditional_median:single_crystal,6.660500000000001,5.0,,,,,5000,family_fails_field_axis_validation
Fe1Se0.82,iron_chalcogenide_11,mp-20311,,A1,7.83,3DSC_MP,16.0,c_parent,±20-50%,S1_v3_2_2B_extension,single_crystal,sample_form_conditional_median:single_crystal,4.2,0.1,,,,,5000,H_below_validated_reduced_field
Fe1Se0.82,iron_chalcogenide_11,mp-20311,,A1,7.83,3DSC_MP,16.0,c_parent,±20-50%,S1_v3_2_2B_extension,single_crystal,sample_form_conditional_median:single_crystal,4.2,1.0,,,,,5000,H_below_validated_reduced_field
Fe1Se0.82,iron_chalcogenide_11,mp-20311,,A1,7.83,3DSC_MP,16.0,c_parent,±20-50%,S1_v3_2_2B_extension,single_crystal,sample_form_conditional_median:single_crystal,4.2,5.0,,,,,5000,family_fails_field_axis_validation
Fe1Se0.82,iron_chalcogenide_11,mp-20311,,A1,7.83,3DSC_MP,16.0,c_parent,±20-50%,S1_v3_2_2B_extension,single_crystal,sample_form_conditional_median:single_crystal,20.0,0.1,,,,,5000,T_above_Tc
Fe1Se0.82,iron_chalcogenide_11,mp-20311,,A1,7.83,3DSC_MP,16.0,c_parent,±20-50%,S1_v3_2_2B_extension,single_crystal,sample_form_conditional_median:single_crystal,20.0,1.0,,,,,5000,T_above_Tc
Fe1Se0.82,iron_chalcogenide_11,mp-20311,,A1,7.83,3DSC_MP,16.0,c_parent,±20-50%,S1_v3_2_2B_extension,single_crystal,sample_form_conditional_median:single_crystal,20.0,5.0,,,,,5000,T_above_Tc
Fe1Se0.82,iron_chalcogenide_11,mp-20311,,A1,7.83,3DSC_MP,16.0,c_parent,±20-50%,S1_v3_2_2B_extension,single_crystal,sample_form_conditional_median:single_crystal,6.029100000000001,0.1,,,,,5000,H_below_validated_reduced_field
Fe1Se0.82,iron_chalcogenide_11,mp-20311,,A1,7.83,3DSC_MP,16.0,c_parent,±20-50%,S1_v3_2_2B_extension,single_crystal,sample_form_conditional_median:single_crystal,6.029100000000001,1.0,,,,,5000,H_below_validated_reduced_field
Fe1Se0.82,iron_chalcogenide_11,mp-20311,,A1,7.83,3DSC_MP,16.0,c_parent,±20-50%,S1_v3_2_2B_extension,single_crystal,sample_form_conditional_median:single_crystal,6.029100000000001,5.0,,,,,5000,family_fails_field_axis_validation
Fe1Se0.85,iron_chalcogenide_11,mp-20311,,A1,9.62,3DSC_MP,16.0,c_parent,±20-50%,S1_v3_2_2B_extension,single_crystal,sample_form_conditional_median:single_crystal,4.2,0.1,,,,,5000,H_below_validated_reduced_field
Fe1Se0.85,iron_chalcogenide_11,mp-20311,,A1,9.62,3DSC_MP,16.0,c_parent,±20-50%,S1_v3_2_2B_extension,single_crystal,sample_form_conditional_median:single_crystal,4.2,1.0,,,,,5000,H_below_validated_reduced_field
Fe1Se0.85,iron_chalcogenide_11,mp-20311,,A1,9.62,3DSC_MP,16.0,c_parent,±20-50%,S1_v3_2_2B_extension,single_crystal,sample_form_conditional_median:single_crystal,4.2,5.0,,,,,5000,family_fails_field_axis_validation
Fe1Se0.85,iron_chalcogenide_11,mp-20311,,A1,9.62,3DSC_MP,16.0,c_parent,±20-50%,S1_v3_2_2B_extension,single_crystal,sample_form_conditional_median:single_crystal,20.0,0.1,,,,,5000,T_above_Tc
Fe1Se0.85,iron_chalcogenide_11,mp-20311,,A1,9.62,3DSC_MP,16.0,c_parent,±20-50%,S1_v3_2_2B_extension,single_crystal,sample_form_conditional_median:single_crystal,20.0,1.0,,,,,5000,T_above_Tc
Fe1Se0.85,iron_chalcogenide_11,mp-20311,,A1,9.62,3DSC_MP,16.0,c_parent,±20-50%,S1_v3_2_2B_extension,single_crystal,sample_form_conditional_median:single_crystal,20.0,5.0,,,,,5000,T_above_Tc
Fe1Se0.85,iron_chalcogenide_11,mp-20311,,A1,9.62,3DSC_MP,16.0,c_parent,±20-50%,S1_v3_2_2B_extension,single_crystal,sample_form_conditional_median:single_crystal,7.4074,0.1,,,,,5000,H_below_validated_reduced_field
Fe1Se0.85,iron_chalcogenide_11,mp-20311,,A1,9.62,3DSC_MP,16.0,c_parent,±20-50%,S1_v3_2_2B_extension,single_crystal,sample_form_conditional_median:single_crystal,7.4074,1.0,,,,,5000,H_below_validated_reduced_field
Fe1Se0.85,iron_chalcogenide_11,mp-20311,,A1,9.62,3DSC_MP,16.0,c_parent,±20-50%,S1_v3_2_2B_extension,single_crystal,sample_form_conditional_median:single_crystal,7.4074,5.0,,,,,5000,family_fails_field_axis_validation
Fe1Se0.88,iron_chalcogenide_11,mp-20311,,A1,8.843333333,3DSC_MP,16.0,c_parent,±20-50%,S1_v3_2_2B_extension,single_crystal,sample_form_conditional_median:single_crystal,4.2,0.1,,,,,5000,H_below_validated_reduced_field
Fe1Se0.88,iron_chalcogenide_11,mp-20311,,A1,8.843333333,3DSC_MP,16.0,c_parent,±20-50%,S1_v3_2_2B_extension,single_crystal,sample_form_conditional_median:single_crystal,4.2,1.0,,,,,5000,H_below_validated_reduced_field
Fe1Se0.88,iron_chalcogenide_11,mp-20311,,A1,8.843333333,3DSC_MP,16.0,c_parent,±20-50%,S1_v3_2_2B_extension,single_crystal,sample_form_conditional_median:single_crystal,4.2,5.0,,,,,5000,family_fails_field_axis_validation
Fe1Se0.88,iron_chalcogenide_11,mp-20311,,A1,8.843333333,3DSC_MP,16.0,c_parent,±20-50%,S1_v3_2_2B_extension,single_crystal,sample_form_conditional_median:single_crystal,20.0,0.1,,,,,5000,T_above_Tc
Fe1Se0.88,iron_chalcogenide_11,mp-20311,,A1,8.843333333,3DSC_MP,16.0,c_parent,±20-50%,S1_v3_2_2B_extension,single_crystal,sample_form_conditional_median:single_crystal,20.0,1.0,,,,,5000,T_above_Tc
Fe1Se0.88,iron_chalcogenide_11,mp-20311,,A1,8.843333333,3DSC_MP,16.0,c_parent,±20-50%,S1_v3_2_2B_extension,single_crystal,sample_form_conditional_median:single_crystal,20.0,5.0,,,,,5000,T_above_Tc
Fe1Se0.88,iron_chalcogenide_11,mp-20311,,A1,8.843333333,3DSC_MP,16.0,c_parent,±20-50%,S1_v3_2_2B_extension,single_crystal,sample_form_conditional_median:single_crystal,6.809366666410001,0.1,,,,,5000,H_below_validated_reduced_field
Fe1Se0.88,iron_chalcogenide_11,mp-20311,,A1,8.843333333,3DSC_MP,16.0,c_parent,±20-50%,S1_v3_2_2B_extension,single_crystal,sample_form_conditional_median:single_crystal,6.809366666410001,1.0,,,,,5000,H_below_validated_reduced_field
Fe1Se0.88,iron_chalcogenide_11,mp-20311,,A1,8.843333333,3DSC_MP,16.0,c_parent,±20-50%,S1_v3_2_2B_extension,single_crystal,sample_form_conditional_median:single_crystal,6.809366666410001,5.0,,,,,5000,family_fails_field_axis_validation
Fe1Se0.92,iron_chalcogenide_11,mp-20311,,A1,7.4,3DSC_MP,16.0,c_parent,±20-50%,S1_v3_2_2B_extension,single_crystal,sample_form_conditional_median:single_crystal,4.2,0.1,,,,,5000,H_below_validated_reduced_field
Fe1Se0.92,iron_chalcogenide_11,mp-20311,,A1,7.4,3DSC_MP,16.0,c_parent,±20-50%,S1_v3_2_2B_extension,single_crystal,sample_form_conditional_median:single_crystal,4.2,1.0,,,,,5000,H_below_validated_reduced_field
Fe1Se0.92,iron_chalcogenide_11,mp-20311,,A1,7.4,3DSC_MP,16.0,c_parent,±20-50%,S1_v3_2_2B_extension,single_crystal,sample_form_conditional_median:single_crystal,4.2,5.0,,,,,5000,family_fails_field_axis_validation
Fe1Se0.92,iron_chalcogenide_11,mp-20311,,A1,7.4,3DSC_MP,16.0,c_parent,±20-50%,S1_v3_2_2B_extension,single_crystal,sample_form_conditional_median:single_crystal,20.0,0.1,,,,,5000,T_above_Tc
Fe1Se0.92,iron_chalcogenide_11,mp-20311,,A1,7.4,3DSC_MP,16.0,c_parent,±20-50%,S1_v3_2_2B_extension,single_crystal,sample_form_conditional_median:single_crystal,20.0,1.0,,,,,5000,T_above_Tc
Fe1Se0.92,iron_chalcogenide_11,mp-20311,,A1,7.4,3DSC_MP,16.0,c_parent,±20-50%,S1_v3_2_2B_extension,single_crystal,sample_form_conditional_median:single_crystal,20.0,5.0,,,,,5000,T_above_Tc
Fe1Se0.92,iron_chalcogenide_11,mp-20311,,A1,7.4,3DSC_MP,16.0,c_parent,±20-50%,S1_v3_2_2B_extension,single_crystal,sample_form_conditional_median:single_crystal,5.698,0.1,,,,,5000,H_below_validated_reduced_field
Fe1Se0.92,iron_chalcogenide_11,mp-20311,,A1,7.4,3DSC_MP,16.0,c_parent,±20-50%,S1_v3_2_2B_extension,single_crystal,sample_form_conditional_median:single_crystal,5.698,1.0,,,,,5000,H_below_validated_reduced_field
Fe1Se0.92,iron_chalcogenide_11,mp-20311,,A1,7.4,3DSC_MP,16.0,c_parent,±20-50%,S1_v3_2_2B_extension,single_crystal,sample_form_conditional_median:single_crystal,5.698,5.0,,,,,5000,family_fails_field_axis_validation
Fe1Se0.93,iron_chalcogenide_11,mp-20311,,A1,7.0,3DSC_MP,16.0,c_parent,±20-50%,S1_v3_2_2B_extension,single_crystal,sample_form_conditional_median:single_crystal,4.2,0.1,,,,,5000,H_below_validated_reduced_field
Fe1Se0.93,iron_chalcogenide_11,mp-20311,,A1,7.0,3DSC_MP,16.0,c_parent,±20-50%,S1_v3_2_2B_extension,single_crystal,sample_form_conditional_median:single_crystal,4.2,1.0,,,,,5000,H_below_validated_reduced_field
Fe1Se0.93,iron_chalcogenide_11,mp-20311,,A1,7.0,3DSC_MP,16.0,c_parent,±20-50%,S1_v3_2_2B_extension,single_crystal,sample_form_conditional_median:single_crystal,4.2,5.0,,,,,5000,family_fails_field_axis_validation
Fe1Se0.93,iron_chalcogenide_11,mp-20311,,A1,7.0,3DSC_MP,16.0,c_parent,±20-50%,S1_v3_2_2B_extension,single_crystal,sample_form_conditional_median:single_crystal,20.0,0.1,,,,,5000,T_above_Tc
Fe1Se0.93,iron_chalcogenide_11,mp-20311,,A1,7.0,3DSC_MP,16.0,c_parent,±20-50%,S1_v3_2_2B_extension,single_crystal,sample_form_conditional_median:single_crystal,20.0,1.0,,,,,5000,T_above_Tc
Fe1Se0.93,iron_chalcogenide_11,mp-20311,,A1,7.0,3DSC_MP,16.0,c_parent,±20-50%,S1_v3_2_2B_extension,single_crystal,sample_form_conditional_median:single_crystal,20.0,5.0,,,,,5000,T_above_Tc
Fe1Se0.93,iron_chalcogenide_11,mp-20311,,A1,7.0,3DSC_MP,16.0,c_parent,±20-50%,S1_v3_2_2B_extension,single_crystal,sample_form_conditional_median:single_crystal,5.390000000000001,0.1,,,,,5000,H_below_validated_reduced_field
Fe1Se0.93,iron_chalcogenide_11,mp-20311,,A1,7.0,3DSC_MP,16.0,c_parent,±20-50%,S1_v3_2_2B_extension,single_crystal,sample_form_conditional_median:single_crystal,5.390000000000001,1.0,,,,,5000,H_below_validated_reduced_field
Fe1Se0.93,iron_chalcogenide_11,mp-20311,,A1,7.0,3DSC_MP,16.0,c_parent,±20-50%,S1_v3_2_2B_extension,single_crystal,sample_form_conditional_median:single_crystal,5.390000000000001,5.0,,,,,5000,family_fails_field_axis_validation
Fe1Se0.94,iron_chalcogenide_11,mp-20311,,A1,8.545,3DSC_MP,16.0,c_parent,±20-50%,S1_v3_2_2B_extension,single_crystal,sample_form_conditional_median:single_crystal,4.2,0.1,,,,,5000,H_below_validated_reduced_field
Fe1Se0.94,iron_chalcogenide_11,mp-20311,,A1,8.545,3DSC_MP,16.0,c_parent,±20-50%,S1_v3_2_2B_extension,single_crystal,sample_form_conditional_median:single_crystal,4.2,1.0,,,,,5000,H_below_validated_reduced_field
Fe1Se0.94,iron_chalcogenide_11,mp-20311,,A1,8.545,3DSC_MP,16.0,c_parent,±20-50%,S1_v3_2_2B_extension,single_crystal,sample_form_conditional_median:single_crystal,4.2,5.0,,,,,5000,family_fails_field_axis_validation
Fe1Se0.94,iron_chalcogenide_11,mp-20311,,A1,8.545,3DSC_MP,16.0,c_parent,±20-50%,S1_v3_2_2B_extension,single_crystal,sample_form_conditional_median:single_crystal,20.0,0.1,,,,,5000,T_above_Tc
Fe1Se0.94,iron_chalcogenide_11,mp-20311,,A1,8.545,3DSC_MP,16.0,c_parent,±20-50%,S1_v3_2_2B_extension,single_crystal,sample_form_conditional_median:single_crystal,20.0,1.0,,,,,5000,T_above_Tc
Fe1Se0.94,iron_chalcogenide_11,mp-20311,,A1,8.545,3DSC_MP,16.0,c_parent,±20-50%,S1_v3_2_2B_extension,single_crystal,sample_form_conditional_median:single_crystal,20.0,5.0,,,,,5000,T_above_Tc
Fe1Se0.94,iron_chalcogenide_11,mp-20311,,A1,8.545,3DSC_MP,16.0,c_parent,±20-50%,S1_v3_2_2B_extension,single_crystal,sample_form_conditional_median:single_crystal,6.57965,0.1,,,,,5000,H_below_validated_reduced_field
Fe1Se0.94,iron_chalcogenide_11,mp-20311,,A1,8.545,3DSC_MP,16.0,c_parent,±20-50%,S1_v3_2_2B_extension,single_crystal,sample_form_conditional_median:single_crystal,6.57965,1.0,,,,,5000,H_below_validated_reduced_field
Fe1Se0.94,iron_chalcogenide_11,mp-20311,,A1,8.545,3DSC_MP,16.0,c_parent,±20-50%,S1_v3_2_2B_extension,single_crystal,sample_form_conditional_median:single_crystal,6.57965,5.0,,,,,5000,family_fails_field_axis_validation
Fe1Se0.98,iron_chalcogenide_11,mp-20311,,A1,8.105,3DSC_MP,16.0,c_parent,±20-50%,S1_v3_2_2B_extension,single_crystal,sample_form_conditional_median:single_crystal,4.2,0.1,,,,,5000,H_below_validated_reduced_field
Fe1Se0.98,iron_chalcogenide_11,mp-20311,,A1,8.105,3DSC_MP,16.0,c_parent,±20-50%,S1_v3_2_2B_extension,single_crystal,sample_form_conditional_median:single_crystal,4.2,1.0,,,,,5000,H_below_validated_reduced_field
Fe1Se0.98,iron_chalcogenide_11,mp-20311,,A1,8.105,3DSC_MP,16.0,c_parent,±20-50%,S1_v3_2_2B_extension,single_crystal,sample_form_conditional_median:single_crystal,4.2,5.0,,,,,5000,family_fails_field_axis_validation
Fe1Se0.98,iron_chalcogenide_11,mp-20311,,A1,8.105,3DSC_MP,16.0,c_parent,±20-50%,S1_v3_2_2B_extension,single_crystal,sample_form_conditional_median:single_crystal,20.0,0.1,,,,,5000,T_above_Tc
Fe1Se0.98,iron_chalcogenide_11,mp-20311,,A1,8.105,3DSC_MP,16.0,c_parent,±20-50%,S1_v3_2_2B_extension,single_crystal,sample_form_conditional_median:single_crystal,20.0,1.0,,,,,5000,T_above_Tc
Fe1Se0.98,iron_chalcogenide_11,mp-20311,,A1,8.105,3DSC_MP,16.0,c_parent,±20-50%,S1_v3_2_2B_extension,single_crystal,sample_form_conditional_median:single_crystal,20.0,5.0,,,,,5000,T_above_Tc
Fe1Se0.98,iron_chalcogenide_11,mp-20311,,A1,8.105,3DSC_MP,16.0,c_parent,±20-50%,S1_v3_2_2B_extension,single_crystal,sample_form_conditional_median:single_crystal,6.240850000000001,0.1,,,,,5000,H_below_validated_reduced_field
Fe1Se0.98,iron_chalcogenide_11,mp-20311,,A1,8.105,3DSC_MP,16.0,c_parent,±20-50%,S1_v3_2_2B_extension,single_crystal,sample_form_conditional_median:single_crystal,6.240850000000001,1.0,,,,,5000,H_below_validated_reduced_field
Fe1Se0.98,iron_chalcogenide_11,mp-20311,,A1,8.105,3DSC_MP,16.0,c_parent,±20-50%,S1_v3_2_2B_extension,single_crystal,sample_form_conditional_median:single_crystal,6.240850000000001,5.0,,,,,5000,family_fails_field_axis_validation
Fe1Se0.99,iron_chalcogenide_11,mp-20311,,A1,6.99,3DSC_MP,16.0,c_parent,±20-50%,S1_v3_2_2B_extension,single_crystal,sample_form_conditional_median:single_crystal,4.2,0.1,,,,,5000,H_below_validated_reduced_field
Fe1Se0.99,iron_chalcogenide_11,mp-20311,,A1,6.99,3DSC_MP,16.0,c_parent,±20-50%,S1_v3_2_2B_extension,single_crystal,sample_form_conditional_median:single_crystal,4.2,1.0,,,,,5000,H_below_validated_reduced_field
Fe1Se0.99,iron_chalcogenide_11,mp-20311,,A1,6.99,3DSC_MP,16.0,c_parent,±20-50%,S1_v3_2_2B_extension,single_crystal,sample_form_conditional_median:single_crystal,4.2,5.0,,,,,5000,family_fails_field_axis_validation
Fe1Se0.99,iron_chalcogenide_11,mp-20311,,A1,6.99,3DSC_MP,16.0,c_parent,±20-50%,S1_v3_2_2B_extension,single_crystal,sample_form_conditional_median:single_crystal,20.0,0.1,,,,,5000,T_above_Tc
Fe1Se0.99,iron_chalcogenide_11,mp-20311,,A1,6.99,3DSC_MP,16.0,c_parent,±20-50%,S1_v3_2_2B_extension,single_crystal,sample_form_conditional_median:single_crystal,20.0,1.0,,,,,5000,T_above_Tc
Fe1Se0.99,iron_chalcogenide_11,mp-20311,,A1,6.99,3DSC_MP,16.0,c_parent,±20-50%,S1_v3_2_2B_extension,single_crystal,sample_form_conditional_median:single_crystal,20.0,5.0,,,,,5000,T_above_Tc
Fe1Se0.99,iron_chalcogenide_11,mp-20311,,A1,6.99,3DSC_MP,16.0,c_parent,±20-50%,S1_v3_2_2B_extension,single_crystal,sample_form_conditional_median:single_crystal,5.3823,0.1,,,,,5000,H_below_validated_reduced_field
Fe1Se0.99,iron_chalcogenide_11,mp-20311,,A1,6.99,3DSC_MP,16.0,c_parent,±20-50%,S1_v3_2_2B_extension,single_crystal,sample_form_conditional_median:single_crystal,5.3823,1.0,,,,,5000,H_below_validated_reduced_field
Fe1Se0.99,iron_chalcogenide_11,mp-20311,,A1,6.99,3DSC_MP,16.0,c_parent,±20-50%,S1_v3_2_2B_extension,single_crystal,sample_form_conditional_median:single_crystal,5.3823,5.0,,,,,5000,family_fails_field_axis_validation
Fe1Te1,iron_chalcogenide_11,mp-21273,,A1,1.5,3DSC_MP,47.0,c_parent,±20-50%,S1_v3_2_2B_extension,single_crystal,sample_form_conditional_median:single_crystal,4.2,0.1,,,,,5000,T_above_Tc
Fe1Te1,iron_chalcogenide_11,mp-21273,,A1,1.5,3DSC_MP,47.0,c_parent,±20-50%,S1_v3_2_2B_extension,single_crystal,sample_form_conditional_median:single_crystal,4.2,1.0,,,,,5000,T_above_Tc
Fe1Te1,iron_chalcogenide_11,mp-21273,,A1,1.5,3DSC_MP,47.0,c_parent,±20-50%,S1_v3_2_2B_extension,single_crystal,sample_form_conditional_median:single_crystal,4.2,5.0,,,,,5000,T_above_Tc
Fe1Te1,iron_chalcogenide_11,mp-21273,,A1,1.5,3DSC_MP,47.0,c_parent,±20-50%,S1_v3_2_2B_extension,single_crystal,sample_form_conditional_median:single_crystal,20.0,0.1,,,,,5000,T_above_Tc
Fe1Te1,iron_chalcogenide_11,mp-21273,,A1,1.5,3DSC_MP,47.0,c_parent,±20-50%,S1_v3_2_2B_extension,single_crystal,sample_form_conditional_median:single_crystal,20.0,1.0,,,,,5000,T_above_Tc
Fe1Te1,iron_chalcogenide_11,mp-21273,,A1,1.5,3DSC_MP,47.0,c_parent,±20-50%,S1_v3_2_2B_extension,single_crystal,sample_form_conditional_median:single_crystal,20.0,5.0,,,,,5000,T_above_Tc
Fe1Te1,iron_chalcogenide_11,mp-21273,,A1,1.5,3DSC_MP,47.0,c_parent,±20-50%,S1_v3_2_2B_extension,single_crystal,sample_form_conditional_median:single_crystal,1.155,0.1,,,,,5000,H_below_validated_reduced_field
Fe1Te1,iron_chalcogenide_11,mp-21273,,A1,1.5,3DSC_MP,47.0,c_parent,±20-50%,S1_v3_2_2B_extension,single_crystal,sample_form_conditional_median:single_crystal,1.155,1.0,,,,,5000,H_below_validated_reduced_field
Fe1Te1,iron_chalcogenide_11,mp-21273,,A1,1.5,3DSC_MP,47.0,c_parent,±20-50%,S1_v3_2_2B_extension,single_crystal,sample_form_conditional_median:single_crystal,1.155,5.0,,,,,5000,H_below_validated_reduced_field
As1.7Eu1Fe2P0.3,iron_pnictide_122,mp-20890,,A1,23.0,3DSC_MP,,pending,,,single_crystal,sample_form_conditional_median:single_crystal,4.2,0.1,5.746354490991693,5.621997152667846,5.804297695181981,,5000,Hc2_unavailable
As1.7Eu1Fe2P0.3,iron_pnictide_122,mp-20890,,A1,23.0,3DSC_MP,,pending,,,single_crystal,sample_form_conditional_median:single_crystal,4.2,1.0,5.746354490991693,5.621997152667846,5.804297695181981,,5000,Hc2_unavailable
As1.7Eu1Fe2P0.3,iron_pnictide_122,mp-20890,,A1,23.0,3DSC_MP,,pending,,,single_crystal,sample_form_conditional_median:single_crystal,4.2,5.0,5.746354490991693,5.621997152667846,5.804297695181981,,5000,Hc2_unavailable
As1.7Eu1Fe2P0.3,iron_pnictide_122,mp-20890,,A1,23.0,3DSC_MP,,pending,,,single_crystal,sample_form_conditional_median:single_crystal,20.0,0.1,4.629745832878859,4.471117052610081,4.778622086000626,,5000,Hc2_unavailable
As1.7Eu1Fe2P0.3,iron_pnictide_122,mp-20890,,A1,23.0,3DSC_MP,,pending,,,single_crystal,sample_form_conditional_median:single_crystal,20.0,1.0,4.629745832878859,4.471117052610081,4.778622086000626,,5000,Hc2_unavailable
As1.7Eu1Fe2P0.3,iron_pnictide_122,mp-20890,,A1,23.0,3DSC_MP,,pending,,,single_crystal,sample_form_conditional_median:single_crystal,20.0,5.0,4.629745832878859,4.471117052610081,4.778622086000626,,5000,Hc2_unavailable
As1.7Eu1Fe2P0.3,iron_pnictide_122,mp-20890,,A1,23.0,3DSC_MP,,pending,,,single_crystal,sample_form_conditional_median:single_crystal,17.71,0.1,4.973338296986256,4.836309683957061,5.086288594464686,,5000,Hc2_unavailable
As1.7Eu1Fe2P0.3,iron_pnictide_122,mp-20890,,A1,23.0,3DSC_MP,,pending,,,single_crystal,sample_form_conditional_median:single_crystal,17.71,1.0,4.973338296986256,4.836309683957061,5.086288594464686,,5000,Hc2_unavailable
As1.7Eu1Fe2P0.3,iron_pnictide_122,mp-20890,,A1,23.0,3DSC_MP,,pending,,,single_crystal,sample_form_conditional_median:single_crystal,17.71,5.0,4.973338296986256,4.836309683957061,5.086288594464686,,5000,Hc2_unavailable
As2Ba0.1Fe2K0.9,iron_pnictide_122,mp-35276,,A1,6.93,3DSC_MP,60.0,c_parent,±20-50%,S1_v3_2_2B_extension,single_crystal,sample_form_conditional_median:single_crystal,4.2,0.1,,,,,5000,H_below_validated_reduced_field
As2Ba0.1Fe2K0.9,iron_pnictide_122,mp-35276,,A1,6.93,3DSC_MP,60.0,c_parent,±20-50%,S1_v3_2_2B_extension,single_crystal,sample_form_conditional_median:single_crystal,4.2,1.0,,,,,5000,H_below_validated_reduced_field
As2Ba0.1Fe2K0.9,iron_pnictide_122,mp-35276,,A1,6.93,3DSC_MP,60.0,c_parent,±20-50%,S1_v3_2_2B_extension,single_crystal,sample_form_conditional_median:single_crystal,4.2,5.0,,,,,5000,H_below_validated_reduced_field
As2Ba0.1Fe2K0.9,iron_pnictide_122,mp-35276,,A1,6.93,3DSC_MP,60.0,c_parent,±20-50%,S1_v3_2_2B_extension,single_crystal,sample_form_conditional_median:single_crystal,20.0,0.1,,,,,5000,T_above_Tc
As2Ba0.1Fe2K0.9,iron_pnictide_122,mp-35276,,A1,6.93,3DSC_MP,60.0,c_parent,±20-50%,S1_v3_2_2B_extension,single_crystal,sample_form_conditional_median:single_crystal,20.0,1.0,,,,,5000,T_above_Tc
As2Ba0.1Fe2K0.9,iron_pnictide_122,mp-35276,,A1,6.93,3DSC_MP,60.0,c_parent,±20-50%,S1_v3_2_2B_extension,single_crystal,sample_form_conditional_median:single_crystal,20.0,5.0,,,,,5000,T_above_Tc
As2Ba0.1Fe2K0.9,iron_pnictide_122,mp-35276,,A1,6.93,3DSC_MP,60.0,c_parent,±20-50%,S1_v3_2_2B_extension,single_crystal,sample_form_conditional_median:single_crystal,5.3361,0.1,,,,,5000,H_below_validated_reduced_field
As2Ba0.1Fe2K0.9,iron_pnictide_122,mp-35276,,A1,6.93,3DSC_MP,60.0,c_parent,±20-50%,S1_v3_2_2B_extension,single_crystal,sample_form_conditional_median:single_crystal,5.3361,1.0,,,,,5000,H_below_validated_reduced_field
As2Ba0.1Fe2K0.9,iron_pnictide_122,mp-35276,,A1,6.93,3DSC_MP,60.0,c_parent,±20-50%,S1_v3_2_2B_extension,single_crystal,sample_form_conditional_median:single_crystal,5.3361,5.0,,,,,5000,H_below_validated_reduced_field
As2Ba0.2Fe2K0.8,iron_pnictide_122,mp-35276,,A1,12.8,3DSC_MP,60.0,c_parent,±20-50%,S1_v3_2_2B_extension,single_crystal,sample_form_conditional_median:single_crystal,4.2,0.1,,,,,5000,H_below_validated_reduced_field
As2Ba0.2Fe2K0.8,iron_pnictide_122,mp-35276,,A1,12.8,3DSC_MP,60.0,c_parent,±20-50%,S1_v3_2_2B_extension,single_crystal,sample_form_conditional_median:single_crystal,4.2,1.0,,,,,5000,H_below_validated_reduced_field
As2Ba0.2Fe2K0.8,iron_pnictide_122,mp-35276,,A1,12.8,3DSC_MP,60.0,c_parent,±20-50%,S1_v3_2_2B_extension,single_crystal,sample_form_conditional_median:single_crystal,4.2,5.0,,,,,5000,H_below_validated_reduced_field
As2Ba0.2Fe2K0.8,iron_pnictide_122,mp-35276,,A1,12.8,3DSC_MP,60.0,c_parent,±20-50%,S1_v3_2_2B_extension,single_crystal,sample_form_conditional_median:single_crystal,20.0,0.1,,,,,5000,T_above_Tc
As2Ba0.2Fe2K0.8,iron_pnictide_122,mp-35276,,A1,12.8,3DSC_MP,60.0,c_parent,±20-50%,S1_v3_2_2B_extension,single_crystal,sample_form_conditional_median:single_crystal,20.0,1.0,,,,,5000,T_above_Tc
As2Ba0.2Fe2K0.8,iron_pnictide_122,mp-35276,,A1,12.8,3DSC_MP,60.0,c_parent,±20-50%,S1_v3_2_2B_extension,single_crystal,sample_form_conditional_median:single_crystal,20.0,5.0,,,,,5000,T_above_Tc
As2Ba0.2Fe2K0.8,iron_pnictide_122,mp-35276,,A1,12.8,3DSC_MP,60.0,c_parent,±20-50%,S1_v3_2_2B_extension,single_crystal,sample_form_conditional_median:single_crystal,9.856000000000002,0.1,,,,,5000,H_below_validated_reduced_field
As2Ba0.2Fe2K0.8,iron_pnictide_122,mp-35276,,A1,12.8,3DSC_MP,60.0,c_parent,±20-50%,S1_v3_2_2B_extension,single_crystal,sample_form_conditional_median:single_crystal,9.856000000000002,1.0,,,,,5000,H_below_validated_reduced_field
As2Ba0.2Fe2K0.8,iron_pnictide_122,mp-35276,,A1,12.8,3DSC_MP,60.0,c_parent,±20-50%,S1_v3_2_2B_extension,single_crystal,sample_form_conditional_median:single_crystal,9.856000000000002,5.0,,,,,5000,H_below_validated_reduced_field
As2Ba0.3Fe2K0.7,iron_pnictide_122,mp-35276,,A1,19.7,3DSC_MP,60.0,c_parent,±20-50%,S1_v3_2_2B_extension,single_crystal,sample_form_conditional_median:single_crystal,4.2,0.1,,,,,5000,H_below_validated_reduced_field
As2Ba0.3Fe2K0.7,iron_pnictide_122,mp-35276,,A1,19.7,3DSC_MP,60.0,c_parent,±20-50%,S1_v3_2_2B_extension,single_crystal,sample_form_conditional_median:single_crystal,4.2,1.0,,,,,5000,H_below_validated_reduced_field
As2Ba0.3Fe2K0.7,iron_pnictide_122,mp-35276,,A1,19.7,3DSC_MP,60.0,c_parent,±20-50%,S1_v3_2_2B_extension,single_crystal,sample_form_conditional_median:single_crystal,4.2,5.0,,,,,5000,H_below_validated_reduced_field
As2Ba0.3Fe2K0.7,iron_pnictide_122,mp-35276,,A1,19.7,3DSC_MP,60.0,c_parent,±20-50%,S1_v3_2_2B_extension,single_crystal,sample_form_conditional_median:single_crystal,20.0,0.1,,,,,5000,T_above_Tc
As2Ba0.3Fe2K0.7,iron_pnictide_122,mp-35276,,A1,19.7,3DSC_MP,60.0,c_parent,±20-50%,S1_v3_2_2B_extension,single_crystal,sample_form_conditional_median:single_crystal,20.0,1.0,,,,,5000,T_above_Tc
As2Ba0.3Fe2K0.7,iron_pnictide_122,mp-35276,,A1,19.7,3DSC_MP,60.0,c_parent,±20-50%,S1_v3_2_2B_extension,single_crystal,sample_form_conditional_median:single_crystal,20.0,5.0,,,,,5000,T_above_Tc
As2Ba0.3Fe2K0.7,iron_pnictide_122,mp-35276,,A1,19.7,3DSC_MP,60.0,c_parent,±20-50%,S1_v3_2_2B_extension,single_crystal,sample_form_conditional_median:single_crystal,15.169,0.1,,,,,5000,H_below_validated_reduced_field
As2Ba0.3Fe2K0.7,iron_pnictide_122,mp-35276,,A1,19.7,3DSC_MP,60.0,c_parent,±20-50%,S1_v3_2_2B_extension,single_crystal,sample_form_conditional_median:single_crystal,15.169,1.0,,,,,5000,H_below_validated_reduced_field
As2Ba0.3Fe2K0.7,iron_pnictide_122,mp-35276,,A1,19.7,3DSC_MP,60.0,c_parent,±20-50%,S1_v3_2_2B_extension,single_crystal,sample_form_conditional_median:single_crystal,15.169,5.0,,,,,5000,H_below_validated_reduced_field
As2Co0.068Fe1.932K1,iron_pnictide_122,mp-35276,,A1,1.845,3DSC_MP,,pending,,,single_crystal,sample_form_conditional_median:single_crystal,4.2,0.1,,,,,5000,Hc2_unavailable
As2Co0.068Fe1.932K1,iron_pnictide_122,mp-35276,,A1,1.845,3DSC_MP,,pending,,,single_crystal,sample_form_conditional_median:single_crystal,4.2,1.0,,,,,5000,Hc2_unavailable
As2Co0.068Fe1.932K1,iron_pnictide_122,mp-35276,,A1,1.845,3DSC_MP,,pending,,,single_crystal,sample_form_conditional_median:single_crystal,4.2,5.0,,,,,5000,Hc2_unavailable
As2Co0.068Fe1.932K1,iron_pnictide_122,mp-35276,,A1,1.845,3DSC_MP,,pending,,,single_crystal,sample_form_conditional_median:single_crystal,20.0,0.1,,,,,5000,Hc2_unavailable
As2Co0.068Fe1.932K1,iron_pnictide_122,mp-35276,,A1,1.845,3DSC_MP,,pending,,,single_crystal,sample_form_conditional_median:single_crystal,20.0,1.0,,,,,5000,Hc2_unavailable
As2Co0.068Fe1.932K1,iron_pnictide_122,mp-35276,,A1,1.845,3DSC_MP,,pending,,,single_crystal,sample_form_conditional_median:single_crystal,20.0,5.0,,,,,5000,Hc2_unavailable
As2Co0.068Fe1.932K1,iron_pnictide_122,mp-35276,,A1,1.845,3DSC_MP,,pending,,,single_crystal,sample_form_conditional_median:single_crystal,1.42065,0.1,17.424651999205018,16.03040539878016,18.72448892899796,,5000,Hc2_unavailable
As2Co0.068Fe1.932K1,iron_pnictide_122,mp-35276,,A1,1.845,3DSC_MP,,pending,,,single_crystal,sample_form_conditional_median:single_crystal,1.42065,1.0,17.424651999205018,16.03040539878016,18.72448892899796,,5000,Hc2_unavailable
As2Co0.068Fe1.932K1,iron_pnictide_122,mp-35276,,A1,1.845,3DSC_MP,,pending,,,single_crystal,sample_form_conditional_median:single_crystal,1.42065,5.0,17.424651999205018,16.03040539878016,18.72448892899796,,5000,Hc2_unavailable
As2Co0.084Fe1.916Sr1,iron_pnictide_122,mp-4488,,A1,2.0,3DSC_MP,,pending,,,single_crystal,sample_form_conditional_median:single_crystal,4.2,0.1,,,,,5000,Hc2_unavailable
As2Co0.084Fe1.916Sr1,iron_pnictide_122,mp-4488,,A1,2.0,3DSC_MP,,pending,,,single_crystal,sample_form_conditional_median:single_crystal,4.2,1.0,,,,,5000,Hc2_unavailable
As2Co0.084Fe1.916Sr1,iron_pnictide_122,mp-4488,,A1,2.0,3DSC_MP,,pending,,,single_crystal,sample_form_conditional_median:single_crystal,4.2,5.0,,,,,5000,Hc2_unavailable
As2Co0.084Fe1.916Sr1,iron_pnictide_122,mp-4488,,A1,2.0,3DSC_MP,,pending,,,single_crystal,sample_form_conditional_median:single_crystal,20.0,0.1,,,,,5000,Hc2_unavailable
As2Co0.084Fe1.916Sr1,iron_pnictide_122,mp-4488,,A1,2.0,3DSC_MP,,pending,,,single_crystal,sample_form_conditional_median:single_crystal,20.0,1.0,,,,,5000,Hc2_unavailable
As2Co0.084Fe1.916Sr1,iron_pnictide_122,mp-4488,,A1,2.0,3DSC_MP,,pending,,,single_crystal,sample_form_conditional_median:single_crystal,20.0,5.0,,,,,5000,Hc2_unavailable
As2Co0.084Fe1.916Sr1,iron_pnictide_122,mp-4488,,A1,2.0,3DSC_MP,,pending,,,single_crystal,sample_form_conditional_median:single_crystal,1.54,0.1,17.428900991601658,16.04781311549264,18.70609762426724,,5000,Hc2_unavailable
As2Co0.084Fe1.916Sr1,iron_pnictide_122,mp-4488,,A1,2.0,3DSC_MP,,pending,,,single_crystal,sample_form_conditional_median:single_crystal,1.54,1.0,17.428900991601658,16.04781311549264,18.70609762426724,,5000,Hc2_unavailable
As2Co0.084Fe1.916Sr1,iron_pnictide_122,mp-4488,,A1,2.0,3DSC_MP,,pending,,,single_crystal,sample_form_conditional_median:single_crystal,1.54,5.0,17.428900991601658,16.04781311549264,18.70609762426724,,5000,Hc2_unavailable
As2Co0.112Fe1.888Sr1,iron_pnictide_122,mp-4488,,A1,2.0,3DSC_MP,,pending,,,single_crystal,sample_form_conditional_median:single_crystal,4.2,0.1,,,,,5000,Hc2_unavailable
As2Co0.112Fe1.888Sr1,iron_pnictide_122,mp-4488,,A1,2.0,3DSC_MP,,pending,,,single_crystal,sample_form_conditional_median:single_crystal,4.2,1.0,,,,,5000,Hc2_unavailable
As2Co0.112Fe1.888Sr1,iron_pnictide_122,mp-4488,,A1,2.0,3DSC_MP,,pending,,,single_crystal,sample_form_conditional_median:single_crystal,4.2,5.0,,,,,5000,Hc2_unavailable
As2Co0.112Fe1.888Sr1,iron_pnictide_122,mp-4488,,A1,2.0,3DSC_MP,,pending,,,single_crystal,sample_form_conditional_median:single_crystal,20.0,0.1,,,,,5000,Hc2_unavailable
As2Co0.112Fe1.888Sr1,iron_pnictide_122,mp-4488,,A1,2.0,3DSC_MP,,pending,,,single_crystal,sample_form_conditional_median:single_crystal,20.0,1.0,,,,,5000,Hc2_unavailable
As2Co0.112Fe1.888Sr1,iron_pnictide_122,mp-4488,,A1,2.0,3DSC_MP,,pending,,,single_crystal,sample_form_conditional_median:single_crystal,20.0,5.0,,,,,5000,Hc2_unavailable
As2Co0.112Fe1.888Sr1,iron_pnictide_122,mp-4488,,A1,2.0,3DSC_MP,,pending,,,single_crystal,sample_form_conditional_median:single_crystal,1.54,0.1,17.41934066753152,16.024459001955815,18.74383755839672,,5000,Hc2_unavailable
As2Co0.112Fe1.888Sr1,iron_pnictide_122,mp-4488,,A1,2.0,3DSC_MP,,pending,,,single_crystal,sample_form_conditional_median:single_crystal,1.54,1.0,17.41934066753152,16.024459001955815,18.74383755839672,,5000,Hc2_unavailable
As2Co0.112Fe1.888Sr1,iron_pnictide_122,mp-4488,,A1,2.0,3DSC_MP,,pending,,,single_crystal,sample_form_conditional_median:single_crystal,1.54,5.0,17.41934066753152,16.024459001955815,18.74383755839672,,5000,Hc2_unavailable
As2Co0.14Fe1.86Sr1,iron_pnictide_122,mp-4488,,A1,7.2,3DSC_MP,,pending,,,single_crystal,sample_form_conditional_median:single_crystal,4.2,0.1,5.746354490991693,5.635326719245767,5.804297695181981,,5000,Hc2_unavailable
As2Co0.14Fe1.86Sr1,iron_pnictide_122,mp-4488,,A1,7.2,3DSC_MP,,pending,,,single_crystal,sample_form_conditional_median:single_crystal,4.2,1.0,5.746354490991693,5.635326719245767,5.804297695181981,,5000,Hc2_unavailable
As2Co0.14Fe1.86Sr1,iron_pnictide_122,mp-4488,,A1,7.2,3DSC_MP,,pending,,,single_crystal,sample_form_conditional_median:single_crystal,4.2,5.0,5.746354490991693,5.635326719245767,5.804297695181981,,5000,Hc2_unavailable
As2Co0.14Fe1.86Sr1,iron_pnictide_122,mp-4488,,A1,7.2,3DSC_MP,,pending,,,single_crystal,sample_form_conditional_median:single_crystal,20.0,0.1,,,,,5000,Hc2_unavailable
As2Co0.14Fe1.86Sr1,iron_pnictide_122,mp-4488,,A1,7.2,3DSC_MP,,pending,,,single_crystal,sample_form_conditional_median:single_crystal,20.0,1.0,,,,,5000,Hc2_unavailable
As2Co0.14Fe1.86Sr1,iron_pnictide_122,mp-4488,,A1,7.2,3DSC_MP,,pending,,,single_crystal,sample_form_conditional_median:single_crystal,20.0,5.0,,,,,5000,Hc2_unavailable
As2Co0.14Fe1.86Sr1,iron_pnictide_122,mp-4488,,A1,7.2,3DSC_MP,,pending,,,single_crystal,sample_form_conditional_median:single_crystal,5.5440000000000005,0.1,5.382526457240147,5.266489083905252,5.456517168268848,,5000,Hc2_unavailable
As2Co0.14Fe1.86Sr1,iron_pnictide_122,mp-4488,,A1,7.2,3DSC_MP,,pending,,,single_crystal,sample_form_conditional_median:single_crystal,5.5440000000000005,1.0,5.382526457240147,5.266489083905252,5.456517168268848,,5000,Hc2_unavailable
As2Co0.14Fe1.86Sr1,iron_pnictide_122,mp-4488,,A1,7.2,3DSC_MP,,pending,,,single_crystal,sample_form_conditional_median:single_crystal,5.5440000000000005,5.0,5.382526457240147,5.266489083905252,5.456517168268848,,5000,Hc2_unavailable
As2Co0.174Fe1.826Sr1,iron_pnictide_122,mp-4488,,A1,9.5,3DSC_MP,,pending,,,single_crystal,sample_form_conditional_median:single_crystal,4.2,0.1,5.746354490991693,5.635326719245767,5.804297695181981,,5000,Hc2_unavailable
As2Co0.174Fe1.826Sr1,iron_pnictide_122,mp-4488,,A1,9.5,3DSC_MP,,pending,,,single_crystal,sample_form_conditional_median:single_crystal,4.2,1.0,5.746354490991693,5.635326719245767,5.804297695181981,,5000,Hc2_unavailable
As2Co0.174Fe1.826Sr1,iron_pnictide_122,mp-4488,,A1,9.5,3DSC_MP,,pending,,,single_crystal,sample_form_conditional_median:single_crystal,4.2,5.0,5.746354490991693,5.635326719245767,5.804297695181981,,5000,Hc2_unavailable
As2Co0.174Fe1.826Sr1,iron_pnictide_122,mp-4488,,A1,9.5,3DSC_MP,,pending,,,single_crystal,sample_form_conditional_median:single_crystal,20.0,0.1,,,,,5000,Hc2_unavailable
As2Co0.174Fe1.826Sr1,iron_pnictide_122,mp-4488,,A1,9.5,3DSC_MP,,pending,,,single_crystal,sample_form_conditional_median:single_crystal,20.0,1.0,,,,,5000,Hc2_unavailable
As2Co0.174Fe1.826Sr1,iron_pnictide_122,mp-4488,,A1,9.5,3DSC_MP,,pending,,,single_crystal,sample_form_conditional_median:single_crystal,20.0,5.0,,,,,5000,Hc2_unavailable
As2Co0.174Fe1.826Sr1,iron_pnictide_122,mp-4488,,A1,9.5,3DSC_MP,,pending,,,single_crystal,sample_form_conditional_median:single_crystal,7.315,0.1,5.20267981625367,5.081073132261025,5.293591009125156,,5000,Hc2_unavailable
As2Co0.174Fe1.826Sr1,iron_pnictide_122,mp-4488,,A1,9.5,3DSC_MP,,pending,,,single_crystal,sample_form_conditional_median:single_crystal,7.315,1.0,5.20267981625367,5.081073132261025,5.293591009125156,,5000,Hc2_unavailable
As2Co0.174Fe1.826Sr1,iron_pnictide_122,mp-4488,,A1,9.5,3DSC_MP,,pending,,,single_crystal,sample_form_conditional_median:single_crystal,7.315,5.0,5.20267981625367,5.081073132261025,5.293591009125156,,5000,Hc2_unavailable
As2Co0.184Fe1.816Sr1,iron_pnictide_122,mp-4488,,A1,13.4,3DSC_MP,,pending,,,single_crystal,sample_form_conditional_median:single_crystal,4.2,0.1,5.746354490991693,5.616211855142307,5.804297695181981,,5000,Hc2_unavailable
As2Co0.184Fe1.816Sr1,iron_pnictide_122,mp-4488,,A1,13.4,3DSC_MP,,pending,,,single_crystal,sample_form_conditional_median:single_crystal,4.2,1.0,5.746354490991693,5.616211855142307,5.804297695181981,,5000,Hc2_unavailable
As2Co0.184Fe1.816Sr1,iron_pnictide_122,mp-4488,,A1,13.4,3DSC_MP,,pending,,,single_crystal,sample_form_conditional_median:single_crystal,4.2,5.0,5.746354490991693,5.616211855142307,5.804297695181981,,5000,Hc2_unavailable
As2Co0.184Fe1.816Sr1,iron_pnictide_122,mp-4488,,A1,13.4,3DSC_MP,,pending,,,single_crystal,sample_form_conditional_median:single_crystal,20.0,0.1,,,,,5000,Hc2_unavailable
As2Co0.184Fe1.816Sr1,iron_pnictide_122,mp-4488,,A1,13.4,3DSC_MP,,pending,,,single_crystal,sample_form_conditional_median:single_crystal,20.0,1.0,,,,,5000,Hc2_unavailable
As2Co0.184Fe1.816Sr1,iron_pnictide_122,mp-4488,,A1,13.4,3DSC_MP,,pending,,,single_crystal,sample_form_conditional_median:single_crystal,20.0,5.0,,,,,5000,Hc2_unavailable
As2Co0.184Fe1.816Sr1,iron_pnictide_122,mp-4488,,A1,13.4,3DSC_MP,,pending,,,single_crystal,sample_form_conditional_median:single_crystal,10.318,0.1,5.078015962965866,4.951467341882443,5.180462954921019,,5000,Hc2_unavailable
As2Co0.184Fe1.816Sr1,iron_pnictide_122,mp-4488,,A1,13.4,3DSC_MP,,pending,,,single_crystal,sample_form_conditional_median:single_crystal,10.318,1.0,5.078015962965866,4.951467341882443,5.180462954921019,,5000,Hc2_unavailable
As2Co0.184Fe1.816Sr1,iron_pnictide_122,mp-4488,,A1,13.4,3DSC_MP,,pending,,,single_crystal,sample_form_conditional_median:single_crystal,10.318,5.0,5.078015962965866,4.951467341882443,5.180462954921019,,5000,Hc2_unavailable
As2Co0.208Fe1.792Sr1,iron_pnictide_122,mp-4488,,A1,13.9,3DSC_MP,,pending,,,single_crystal,sample_form_conditional_median:single_crystal,4.2,0.1,5.746354490991693,5.636927477444992,5.804297695181981,,5000,Hc2_unavailable
As2Co0.208Fe1.792Sr1,iron_pnictide_122,mp-4488,,A1,13.9,3DSC_MP,,pending,,,single_crystal,sample_form_conditional_median:single_crystal,4.2,1.0,5.746354490991693,5.636927477444992,5.804297695181981,,5000,Hc2_unavailable
As2Co0.208Fe1.792Sr1,iron_pnictide_122,mp-4488,,A1,13.9,3DSC_MP,,pending,,,single_crystal,sample_form_conditional_median:single_crystal,4.2,5.0,5.746354490991693,5.636927477444992,5.804297695181981,,5000,Hc2_unavailable
As2Co0.208Fe1.792Sr1,iron_pnictide_122,mp-4488,,A1,13.9,3DSC_MP,,pending,,,single_crystal,sample_form_conditional_median:single_crystal,20.0,0.1,,,,,5000,Hc2_unavailable
As2Co0.208Fe1.792Sr1,iron_pnictide_122,mp-4488,,A1,13.9,3DSC_MP,,pending,,,single_crystal,sample_form_conditional_median:single_crystal,20.0,1.0,,,,,5000,Hc2_unavailable
As2Co0.208Fe1.792Sr1,iron_pnictide_122,mp-4488,,A1,13.9,3DSC_MP,,pending,,,single_crystal,sample_form_conditional_median:single_crystal,20.0,5.0,,,,,5000,Hc2_unavailable
As2Co0.208Fe1.792Sr1,iron_pnictide_122,mp-4488,,A1,13.9,3DSC_MP,,pending,,,single_crystal,sample_form_conditional_median:single_crystal,10.703,0.1,5.068135447658732,4.9398158660457625,5.172501262351531,,5000,Hc2_unavailable
As2Co0.208Fe1.792Sr1,iron_pnictide_122,mp-4488,,A1,13.9,3DSC_MP,,pending,,,single_crystal,sample_form_conditional_median:single_crystal,10.703,1.0,5.068135447658732,4.9398158660457625,5.172501262351531,,5000,Hc2_unavailable
As2Co0.208Fe1.792Sr1,iron_pnictide_122,mp-4488,,A1,13.9,3DSC_MP,,pending,,,single_crystal,sample_form_conditional_median:single_crystal,10.703,5.0,5.068135447658732,4.9398158660457625,5.172501262351531,,5000,Hc2_unavailable
As2Co0.22Eu1Fe1.78,iron_pnictide_122,mp-20890,,A1,21.0,3DSC_MP,,pending,,,single_crystal,sample_form_conditional_median:single_crystal,4.2,0.1,5.746354490991693,5.635326719245767,5.804964475493147,,5000,Hc2_unavailable
As2Co0.22Eu1Fe1.78,iron_pnictide_122,mp-20890,,A1,21.0,3DSC_MP,,pending,,,single_crystal,sample_form_conditional_median:single_crystal,4.2,1.0,5.746354490991693,5.635326719245767,5.804964475493147,,5000,Hc2_unavailable
As2Co0.22Eu1Fe1.78,iron_pnictide_122,mp-20890,,A1,21.0,3DSC_MP,,pending,,,single_crystal,sample_form_conditional_median:single_crystal,4.2,5.0,5.746354490991693,5.635326719245767,5.804964475493147,,5000,Hc2_unavailable
As2Co0.22Eu1Fe1.78,iron_pnictide_122,mp-20890,,A1,21.0,3DSC_MP,,pending,,,single_crystal,sample_form_conditional_median:single_crystal,20.0,0.1,4.033014444058662,3.818986373202443,4.250204018124151,,5000,Hc2_unavailable
As2Co0.22Eu1Fe1.78,iron_pnictide_122,mp-20890,,A1,21.0,3DSC_MP,,pending,,,single_crystal,sample_form_conditional_median:single_crystal,20.0,1.0,4.033014444058662,3.818986373202443,4.250204018124151,,5000,Hc2_unavailable
As2Co0.22Eu1Fe1.78,iron_pnictide_122,mp-20890,,A1,21.0,3DSC_MP,,pending,,,single_crystal,sample_form_conditional_median:single_crystal,20.0,5.0,4.033014444058662,3.818986373202443,4.250204018124151,,5000,Hc2_unavailable
As2Co0.22Eu1Fe1.78,iron_pnictide_122,mp-20890,,A1,21.0,3DSC_MP,,pending,,,single_crystal,sample_form_conditional_median:single_crystal,16.17,0.1,4.986448816329442,4.856022543797076,5.097722119833316,,5000,Hc2_unavailable
As2Co0.22Eu1Fe1.78,iron_pnictide_122,mp-20890,,A1,21.0,3DSC_MP,,pending,,,single_crystal,sample_form_conditional_median:single_crystal,16.17,1.0,4.986448816329442,4.856022543797076,5.097722119833316,,5000,Hc2_unavailable
As2Co0.22Eu1Fe1.78,iron_pnictide_122,mp-20890,,A1,21.0,3DSC_MP,,pending,,,single_crystal,sample_form_conditional_median:single_crystal,16.17,5.0,4.986448816329442,4.856022543797076,5.097722119833316,,5000,Hc2_unavailable
As2Co0.234Fe1.766Sr1,iron_pnictide_122,mp-4488,,A1,14.4,3DSC_MP,,pending,,,single_crystal,sample_form_conditional_median:single_crystal,4.2,0.1,5.746354490991693,5.635326719245767,5.802165025000917,,5000,Hc2_unavailable
As2Co0.234Fe1.766Sr1,iron_pnictide_122,mp-4488,,A1,14.4,3DSC_MP,,pending,,,single_crystal,sample_form_conditional_median:single_crystal,4.2,1.0,5.746354490991693,5.635326719245767,5.802165025000917,,5000,Hc2_unavailable
As2Co0.234Fe1.766Sr1,iron_pnictide_122,mp-4488,,A1,14.4,3DSC_MP,,pending,,,single_crystal,sample_form_conditional_median:single_crystal,4.2,5.0,5.746354490991693,5.635326719245767,5.802165025000917,,5000,Hc2_unavailable
As2Co0.234Fe1.766Sr1,iron_pnictide_122,mp-4488,,A1,14.4,3DSC_MP,,pending,,,single_crystal,sample_form_conditional_median:single_crystal,20.0,0.1,,,,,5000,Hc2_unavailable
As2Co0.234Fe1.766Sr1,iron_pnictide_122,mp-4488,,A1,14.4,3DSC_MP,,pending,,,single_crystal,sample_form_conditional_median:single_crystal,20.0,1.0,,,,,5000,Hc2_unavailable
As2Co0.234Fe1.766Sr1,iron_pnictide_122,mp-4488,,A1,14.4,3DSC_MP,,pending,,,single_crystal,sample_form_conditional_median:single_crystal,20.0,5.0,,,,,5000,Hc2_unavailable
As2Co0.234Fe1.766Sr1,iron_pnictide_122,mp-4488,,A1,14.4,3DSC_MP,,pending,,,single_crystal,sample_form_conditional_median:single_crystal,11.088,0.1,5.05898172474935,4.930227542559042,5.161879944596151,,5000,Hc2_unavailable
As2Co0.234Fe1.766Sr1,iron_pnictide_122,mp-4488,,A1,14.4,3DSC_MP,,pending,,,single_crystal,sample_form_conditional_median:single_crystal,11.088,1.0,5.05898172474935,4.930227542559042,5.161879944596151,,5000,Hc2_unavailable
As2Co0.234Fe1.766Sr1,iron_pnictide_122,mp-4488,,A1,14.4,3DSC_MP,,pending,,,single_crystal,sample_form_conditional_median:single_crystal,11.088,5.0,5.05898172474935,4.930227542559042,5.161879944596151,,5000,Hc2_unavailable
As2Co0.248Fe1.752Sr1,iron_pnictide_122,mp-4488,,A1,13.2,3DSC_MP,,pending,,,single_crystal,sample_form_conditional_median:single_crystal,4.2,0.1,5.746354490991693,5.635326719245767,5.804297695181981,,5000,Hc2_unavailable
As2Co0.248Fe1.752Sr1,iron_pnictide_122,mp-4488,,A1,13.2,3DSC_MP,,pending,,,single_crystal,sample_form_conditional_median:single_crystal,4.2,1.0,5.746354490991693,5.635326719245767,5.804297695181981,,5000,Hc2_unavailable
As2Co0.248Fe1.752Sr1,iron_pnictide_122,mp-4488,,A1,13.2,3DSC_MP,,pending,,,single_crystal,sample_form_conditional_median:single_crystal,4.2,5.0,5.746354490991693,5.635326719245767,5.804297695181981,,5000,Hc2_unavailable
As2Co0.248Fe1.752Sr1,iron_pnictide_122,mp-4488,,A1,13.2,3DSC_MP,,pending,,,single_crystal,sample_form_conditional_median:single_crystal,20.0,0.1,,,,,5000,Hc2_unavailable
As2Co0.248Fe1.752Sr1,iron_pnictide_122,mp-4488,,A1,13.2,3DSC_MP,,pending,,,single_crystal,sample_form_conditional_median:single_crystal,20.0,1.0,,,,,5000,Hc2_unavailable
As2Co0.248Fe1.752Sr1,iron_pnictide_122,mp-4488,,A1,13.2,3DSC_MP,,pending,,,single_crystal,sample_form_conditional_median:single_crystal,20.0,5.0,,,,,5000,Hc2_unavailable
As2Co0.248Fe1.752Sr1,iron_pnictide_122,mp-4488,,A1,13.2,3DSC_MP,,pending,,,single_crystal,sample_form_conditional_median:single_crystal,10.164,0.1,5.081652747986398,4.951449138713942,5.185056723621211,,5000,Hc2_unavailable
As2Co0.248Fe1.752Sr1,iron_pnictide_122,mp-4488,,A1,13.2,3DSC_MP,,pending,,,single_crystal,sample_form_conditional_median:single_crystal,10.164,1.0,5.081652747986398,4.951449138713942,5.185056723621211,,5000,Hc2_unavailable
As2Co0.248Fe1.752Sr1,iron_pnictide_122,mp-4488,,A1,13.2,3DSC_MP,,pending,,,single_crystal,sample_form_conditional_median:single_crystal,10.164,5.0,5.081652747986398,4.951449138713942,5.185056723621211,,5000,Hc2_unavailable
As2Co0.24Eu1Fe1.76,iron_pnictide_122,mp-20890,,A1,2.0,3DSC_MP,,pending,,,single_crystal,sample_form_conditional_median:single_crystal,4.2,0.1,,,,,5000,Hc2_unavailable
As2Co0.24Eu1Fe1.76,iron_pnictide_122,mp-20890,,A1,2.0,3DSC_MP,,pending,,,single_crystal,sample_form_conditional_median:single_crystal,4.2,1.0,,,,,5000,Hc2_unavailable
As2Co0.24Eu1Fe1.76,iron_pnictide_122,mp-20890,,A1,2.0,3DSC_MP,,pending,,,single_crystal,sample_form_conditional_median:single_crystal,4.2,5.0,,,,,5000,Hc2_unavailable
As2Co0.24Eu1Fe1.76,iron_pnictide_122,mp-20890,,A1,2.0,3DSC_MP,,pending,,,single_crystal,sample_form_conditional_median:single_crystal,20.0,0.1,,,,,5000,Hc2_unavailable
As2Co0.24Eu1Fe1.76,iron_pnictide_122,mp-20890,,A1,2.0,3DSC_MP,,pending,,,single_crystal,sample_form_conditional_median:single_crystal,20.0,1.0,,,,,5000,Hc2_unavailable
As2Co0.24Eu1Fe1.76,iron_pnictide_122,mp-20890,,A1,2.0,3DSC_MP,,pending,,,single_crystal,sample_form_conditional_median:single_crystal,20.0,5.0,,,,,5000,Hc2_unavailable
As2Co0.24Eu1Fe1.76,iron_pnictide_122,mp-20890,,A1,2.0,3DSC_MP,,pending,,,single_crystal,sample_form_conditional_median:single_crystal,1.54,0.1,17.40298669924008,16.00338955886269,18.69961534184768,,5000,Hc2_unavailable
As2Co0.24Eu1Fe1.76,iron_pnictide_122,mp-20890,,A1,2.0,3DSC_MP,,pending,,,single_crystal,sample_form_conditional_median:single_crystal,1.54,1.0,17.40298669924008,16.00338955886269,18.69961534184768,,5000,Hc2_unavailable
As2Co0.24Eu1Fe1.76,iron_pnictide_122,mp-20890,,A1,2.0,3DSC_MP,,pending,,,single_crystal,sample_form_conditional_median:single_crystal,1.54,5.0,17.40298669924008,16.00338955886269,18.69961534184768,,5000,Hc2_unavailable
As2Co0.24Fe1.76Sr1,iron_pnictide_122,mp-4488,,A1,13.5,3DSC_MP,,pending,,,single_crystal,sample_form_conditional_median:single_crystal,4.2,0.1,5.746354490991693,5.616211855142307,5.804297695181981,,5000,Hc2_unavailable
As2Co0.24Fe1.76Sr1,iron_pnictide_122,mp-4488,,A1,13.5,3DSC_MP,,pending,,,single_crystal,sample_form_conditional_median:single_crystal,4.2,1.0,5.746354490991693,5.616211855142307,5.804297695181981,,5000,Hc2_unavailable
As2Co0.24Fe1.76Sr1,iron_pnictide_122,mp-4488,,A1,13.5,3DSC_MP,,pending,,,single_crystal,sample_form_conditional_median:single_crystal,4.2,5.0,5.746354490991693,5.616211855142307,5.804297695181981,,5000,Hc2_unavailable
As2Co0.24Fe1.76Sr1,iron_pnictide_122,mp-4488,,A1,13.5,3DSC_MP,,pending,,,single_crystal,sample_form_conditional_median:single_crystal,20.0,0.1,,,,,5000,Hc2_unavailable
As2Co0.24Fe1.76Sr1,iron_pnictide_122,mp-4488,,A1,13.5,3DSC_MP,,pending,,,single_crystal,sample_form_conditional_median:single_crystal,20.0,1.0,,,,,5000,Hc2_unavailable
As2Co0.24Fe1.76Sr1,iron_pnictide_122,mp-4488,,A1,13.5,3DSC_MP,,pending,,,single_crystal,sample_form_conditional_median:single_crystal,20.0,5.0,,,,,5000,Hc2_unavailable
As2Co0.24Fe1.76Sr1,iron_pnictide_122,mp-4488,,A1,13.5,3DSC_MP,,pending,,,single_crystal,sample_form_conditional_median:single_crystal,10.395,0.1,5.073808558647322,4.945932194787884,5.1797030909246615,,5000,Hc2_unavailable
As2Co0.24Fe1.76Sr1,iron_pnictide_122,mp-4488,,A1,13.5,3DSC_MP,,pending,,,single_crystal,sample_form_conditional_median:single_crystal,10.395,1.0,5.073808558647322,4.945932194787884,5.1797030909246615,,5000,Hc2_unavailable
As2Co0.24Fe1.76Sr1,iron_pnictide_122,mp-4488,,A1,13.5,3DSC_MP,,pending,,,single_crystal,sample_form_conditional_median:single_crystal,10.395,5.0,5.073808558647322,4.945932194787884,5.1797030909246615,,5000,Hc2_unavailable
As2Co0.25Fe1.75Sr1,iron_pnictide_122,mp-4488,,A1,15.7,3DSC_MP,,pending,,,single_crystal,sample_form_conditional_median:single_crystal,4.2,0.1,5.746354490991693,5.614582757298319,5.804297695181981,,5000,Hc2_unavailable
As2Co0.25Fe1.75Sr1,iron_pnictide_122,mp-4488,,A1,15.7,3DSC_MP,,pending,,,single_crystal,sample_form_conditional_median:single_crystal,4.2,1.0,5.746354490991693,5.614582757298319,5.804297695181981,,5000,Hc2_unavailable
As2Co0.25Fe1.75Sr1,iron_pnictide_122,mp-4488,,A1,15.7,3DSC_MP,,pending,,,single_crystal,sample_form_conditional_median:single_crystal,4.2,5.0,5.746354490991693,5.614582757298319,5.804297695181981,,5000,Hc2_unavailable
As2Co0.25Fe1.75Sr1,iron_pnictide_122,mp-4488,,A1,15.7,3DSC_MP,,pending,,,single_crystal,sample_form_conditional_median:single_crystal,20.0,0.1,,,,,5000,Hc2_unavailable
As2Co0.25Fe1.75Sr1,iron_pnictide_122,mp-4488,,A1,15.7,3DSC_MP,,pending,,,single_crystal,sample_form_conditional_median:single_crystal,20.0,1.0,,,,,5000,Hc2_unavailable
As2Co0.25Fe1.75Sr1,iron_pnictide_122,mp-4488,,A1,15.7,3DSC_MP,,pending,,,single_crystal,sample_form_conditional_median:single_crystal,20.0,5.0,,,,,5000,Hc2_unavailable
As2Co0.25Fe1.75Sr1,iron_pnictide_122,mp-4488,,A1,15.7,3DSC_MP,,pending,,,single_crystal,sample_form_conditional_median:single_crystal,12.089,0.1,5.038572849091473,4.904543234062478,5.142620697435838,,5000,Hc2_unavailable
As2Co0.25Fe1.75Sr1,iron_pnictide_122,mp-4488,,A1,15.7,3DSC_MP,,pending,,,single_crystal,sample_form_conditional_median:single_crystal,12.089,1.0,5.038572849091473,4.904543234062478,5.142620697435838,,5000,Hc2_unavailable
As2Co0.25Fe1.75Sr1,iron_pnictide_122,mp-4488,,A1,15.7,3DSC_MP,,pending,,,single_crystal,sample_form_conditional_median:single_crystal,12.089,5.0,5.038572849091473,4.904543234062478,5.142620697435838,,5000,Hc2_unavailable
As2Co0.268Fe1.732Sr1,iron_pnictide_122,mp-4488,,A1,11.0,3DSC_MP,,pending,,,single_crystal,sample_form_conditional_median:single_crystal,4.2,0.1,5.746354490991693,5.635326719245767,5.802165025000917,,5000,Hc2_unavailable
As2Co0.268Fe1.732Sr1,iron_pnictide_122,mp-4488,,A1,11.0,3DSC_MP,,pending,,,single_crystal,sample_form_conditional_median:single_crystal,4.2,1.0,5.746354490991693,5.635326719245767,5.802165025000917,,5000,Hc2_unavailable
As2Co0.268Fe1.732Sr1,iron_pnictide_122,mp-4488,,A1,11.0,3DSC_MP,,pending,,,single_crystal,sample_form_conditional_median:single_crystal,4.2,5.0,5.746354490991693,5.635326719245767,5.802165025000917,,5000,Hc2_unavailable
As2Co0.268Fe1.732Sr1,iron_pnictide_122,mp-4488,,A1,11.0,3DSC_MP,,pending,,,single_crystal,sample_form_conditional_median:single_crystal,20.0,0.1,,,,,5000,Hc2_unavailable
As2Co0.268Fe1.732Sr1,iron_pnictide_122,mp-4488,,A1,11.0,3DSC_MP,,pending,,,single_crystal,sample_form_conditional_median:single_crystal,20.0,1.0,,,,,5000,Hc2_unavailable
As2Co0.268Fe1.732Sr1,iron_pnictide_122,mp-4488,,A1,11.0,3DSC_MP,,pending,,,single_crystal,sample_form_conditional_median:single_crystal,20.0,5.0,,,,,5000,Hc2_unavailable
As2Co0.268Fe1.732Sr1,iron_pnictide_122,mp-4488,,A1,11.0,3DSC_MP,,pending,,,single_crystal,sample_form_conditional_median:single_crystal,8.47,0.1,5.1405910114320985,5.016392771693012,5.234538276514811,,5000,Hc2_unavailable
As2Co0.268Fe1.732Sr1,iron_pnictide_122,mp-4488,,A1,11.0,3DSC_MP,,pending,,,single_crystal,sample_form_conditional_median:single_crystal,8.47,1.0,5.1405910114320985,5.016392771693012,5.234538276514811,,5000,Hc2_unavailable
As2Co0.268Fe1.732Sr1,iron_pnictide_122,mp-4488,,A1,11.0,3DSC_MP,,pending,,,single_crystal,sample_form_conditional_median:single_crystal,8.47,5.0,5.1405910114320985,5.016392771693012,5.234538276514811,,5000,Hc2_unavailable
As2Co0.2Fe1.8Sr1,iron_pnictide_122,mp-4488,,A1,18.365,3DSC_MP,,pending,,,single_crystal,sample_form_conditional_median:single_crystal,4.2,0.1,5.746354490991693,5.622103377477762,5.813389291270404,,5000,Hc2_unavailable
As2Co0.2Fe1.8Sr1,iron_pnictide_122,mp-4488,,A1,18.365,3DSC_MP,,pending,,,single_crystal,sample_form_conditional_median:single_crystal,4.2,1.0,5.746354490991693,5.622103377477762,5.813389291270404,,5000,Hc2_unavailable
As2Co0.2Fe1.8Sr1,iron_pnictide_122,mp-4488,,A1,18.365,3DSC_MP,,pending,,,single_crystal,sample_form_conditional_median:single_crystal,4.2,5.0,5.746354490991693,5.622103377477762,5.813389291270404,,5000,Hc2_unavailable
As2Co0.2Fe1.8Sr1,iron_pnictide_122,mp-4488,,A1,18.365,3DSC_MP,,pending,,,single_crystal,sample_form_conditional_median:single_crystal,20.0,0.1,,,,,5000,Hc2_unavailable
As2Co0.2Fe1.8Sr1,iron_pnictide_122,mp-4488,,A1,18.365,3DSC_MP,,pending,,,single_crystal,sample_form_conditional_median:single_crystal,20.0,1.0,,,,,5000,Hc2_unavailable
As2Co0.2Fe1.8Sr1,iron_pnictide_122,mp-4488,,A1,18.365,3DSC_MP,,pending,,,single_crystal,sample_form_conditional_median:single_crystal,20.0,5.0,,,,,5000,Hc2_unavailable
As2Co0.2Fe1.8Sr1,iron_pnictide_122,mp-4488,,A1,18.365,3DSC_MP,,pending,,,single_crystal,sample_form_conditional_median:single_crystal,14.14105,0.1,5.00778427891613,4.877074033738209,5.115407153412949,,5000,Hc2_unavailable
As2Co0.2Fe1.8Sr1,iron_pnictide_122,mp-4488,,A1,18.365,3DSC_MP,,pending,,,single_crystal,sample_form_conditional_median:single_crystal,14.14105,1.0,5.00778427891613,4.877074033738209,5.115407153412949,,5000,Hc2_unavailable
As2Co0.2Fe1.8Sr1,iron_pnictide_122,mp-4488,,A1,18.365,3DSC_MP,,pending,,,single_crystal,sample_form_conditional_median:single_crystal,14.14105,5.0,5.00778427891613,4.877074033738209,5.115407153412949,,5000,Hc2_unavailable
As2Co0.3Fe1.7Sr1,iron_pnictide_122,mp-4488,,A1,13.2,3DSC_MP,,pending,,,single_crystal,sample_form_conditional_median:single_crystal,4.2,0.1,5.746354490991693,5.635326719245767,5.804297695181981,,5000,Hc2_unavailable
As2Co0.3Fe1.7Sr1,iron_pnictide_122,mp-4488,,A1,13.2,3DSC_MP,,pending,,,single_crystal,sample_form_conditional_median:single_crystal,4.2,1.0,5.746354490991693,5.635326719245767,5.804297695181981,,5000,Hc2_unavailable
As2Co0.3Fe1.7Sr1,iron_pnictide_122,mp-4488,,A1,13.2,3DSC_MP,,pending,,,single_crystal,sample_form_conditional_median:single_crystal,4.2,5.0,5.746354490991693,5.635326719245767,5.804297695181981,,5000,Hc2_unavailable
As2Co0.3Fe1.7Sr1,iron_pnictide_122,mp-4488,,A1,13.2,3DSC_MP,,pending,,,single_crystal,sample_form_conditional_median:single_crystal,20.0,0.1,,,,,5000,Hc2_unavailable
As2Co0.3Fe1.7Sr1,iron_pnictide_122,mp-4488,,A1,13.2,3DSC_MP,,pending,,,single_crystal,sample_form_conditional_median:single_crystal,20.0,1.0,,,,,5000,Hc2_unavailable
As2Co0.3Fe1.7Sr1,iron_pnictide_122,mp-4488,,A1,13.2,3DSC_MP,,pending,,,single_crystal,sample_form_conditional_median:single_crystal,20.0,5.0,,,,,5000,Hc2_unavailable
As2Co0.3Fe1.7Sr1,iron_pnictide_122,mp-4488,,A1,13.2,3DSC_MP,,pending,,,single_crystal,sample_form_conditional_median:single_crystal,10.164,0.1,5.081321182447804,4.955054024207653,5.185287207506844,,5000,Hc2_unavailable
As2Co0.3Fe1.7Sr1,iron_pnictide_122,mp-4488,,A1,13.2,3DSC_MP,,pending,,,single_crystal,sample_form_conditional_median:single_crystal,10.164,1.0,5.081321182447804,4.955054024207653,5.185287207506844,,5000,Hc2_unavailable
As2Co0.3Fe1.7Sr1,iron_pnictide_122,mp-4488,,A1,13.2,3DSC_MP,,pending,,,single_crystal,sample_form_conditional_median:single_crystal,10.164,5.0,5.081321182447804,4.955054024207653,5.185287207506844,,5000,Hc2_unavailable
As2Cs1Fe2,iron_pnictide_122,mp-28884,,A1,2.08,3DSC_MP,,pending,,,single_crystal,sample_form_conditional_median:single_crystal,4.2,0.1,,,,,5000,Hc2_unavailable
As2Cs1Fe2,iron_pnictide_122,mp-28884,,A1,2.08,3DSC_MP,,pending,,,single_crystal,sample_form_conditional_median:single_crystal,4.2,1.0,,,,,5000,Hc2_unavailable
As2Cs1Fe2,iron_pnictide_122,mp-28884,,A1,2.08,3DSC_MP,,pending,,,single_crystal,sample_form_conditional_median:single_crystal,4.2,5.0,,,,,5000,Hc2_unavailable
As2Cs1Fe2,iron_pnictide_122,mp-28884,,A1,2.08,3DSC_MP,,pending,,,single_crystal,sample_form_conditional_median:single_crystal,20.0,0.1,,,,,5000,Hc2_unavailable
As2Cs1Fe2,iron_pnictide_122,mp-28884,,A1,2.08,3DSC_MP,,pending,,,single_crystal,sample_form_conditional_median:single_crystal,20.0,1.0,,,,,5000,Hc2_unavailable
As2Cs1Fe2,iron_pnictide_122,mp-28884,,A1,2.08,3DSC_MP,,pending,,,single_crystal,sample_form_conditional_median:single_crystal,20.0,5.0,,,,,5000,Hc2_unavailable
As2Cs1Fe2,iron_pnictide_122,mp-28884,,A1,2.08,3DSC_MP,,pending,,,single_crystal,sample_form_conditional_median:single_crystal,1.6016,0.1,17.420957315549423,16.046696866801526,18.71654889131156,,5000,Hc2_unavailable
As2Cs1Fe2,iron_pnictide_122,mp-28884,,A1,2.08,3DSC_MP,,pending,,,single_crystal,sample_form_conditional_median:single_crystal,1.6016,1.0,17.420957315549423,16.046696866801526,18.71654889131156,,5000,Hc2_unavailable
As2Cs1Fe2,iron_pnictide_122,mp-28884,,A1,2.08,3DSC_MP,,pending,,,single_crystal,sample_form_conditional_median:single_crystal,1.6016,5.0,17.420957315549423,16.046696866801526,18.71654889131156,,5000,Hc2_unavailable
As2Eu0.7Fe2Na0.3,iron_pnictide_122,mp-20890,,A1,32.0,3DSC_MP,,pending,,,single_crystal,sample_form_conditional_median:single_crystal,4.2,0.1,5.746354490991693,5.635326719245767,5.804964475493147,,5000,Hc2_unavailable
As2Eu0.7Fe2Na0.3,iron_pnictide_122,mp-20890,,A1,32.0,3DSC_MP,,pending,,,single_crystal,sample_form_conditional_median:single_crystal,4.2,1.0,5.746354490991693,5.635326719245767,5.804964475493147,,5000,Hc2_unavailable
As2Eu0.7Fe2Na0.3,iron_pnictide_122,mp-20890,,A1,32.0,3DSC_MP,,pending,,,single_crystal,sample_form_conditional_median:single_crystal,4.2,5.0,5.746354490991693,5.635326719245767,5.804964475493147,,5000,Hc2_unavailable
As2Eu0.7Fe2Na0.3,iron_pnictide_122,mp-20890,,A1,32.0,3DSC_MP,,pending,,,single_crystal,sample_form_conditional_median:single_crystal,20.0,0.1,5.233102702569837,5.105927748516311,5.320486259975692,,5000,Hc2_unavailable
As2Eu0.7Fe2Na0.3,iron_pnictide_122,mp-20890,,A1,32.0,3DSC_MP,,pending,,,single_crystal,sample_form_conditional_median:single_crystal,20.0,1.0,5.233102702569837,5.105927748516311,5.320486259975692,,5000,Hc2_unavailable
As2Eu0.7Fe2Na0.3,iron_pnictide_122,mp-20890,,A1,32.0,3DSC_MP,,pending,,,single_crystal,sample_form_conditional_median:single_crystal,20.0,5.0,5.233102702569837,5.105927748516311,5.320486259975692,,5000,Hc2_unavailable
As2Eu0.7Fe2Na0.3,iron_pnictide_122,mp-20890,,A1,32.0,3DSC_MP,,pending,,,single_crystal,sample_form_conditional_median:single_crystal,24.64,0.1,4.935579603336433,4.788736724519112,5.052609049477999,,5000,Hc2_unavailable
As2Eu0.7Fe2Na0.3,iron_pnictide_122,mp-20890,,A1,32.0,3DSC_MP,,pending,,,single_crystal,sample_form_conditional_median:single_crystal,24.64,1.0,4.935579603336433,4.788736724519112,5.052609049477999,,5000,Hc2_unavailable
As2Eu0.7Fe2Na0.3,iron_pnictide_122,mp-20890,,A1,32.0,3DSC_MP,,pending,,,single_crystal,sample_form_conditional_median:single_crystal,24.64,5.0,4.935579603336433,4.788736724519112,5.052609049477999,,5000,Hc2_unavailable
As2Eu1Fe1.72Ir0.28,iron_pnictide_122,mp-20890,,A1,21.66666667,3DSC_MP,,pending,,,single_crystal,sample_form_conditional_median:single_crystal,4.2,0.1,5.746354490991693,5.635326719245767,5.804297695181981,,5000,Hc2_unavailable
As2Eu1Fe1.72Ir0.28,iron_pnictide_122,mp-20890,,A1,21.66666667,3DSC_MP,,pending,,,single_crystal,sample_form_conditional_median:single_crystal,4.2,1.0,5.746354490991693,5.635326719245767,5.804297695181981,,5000,Hc2_unavailable
As2Eu1Fe1.72Ir0.28,iron_pnictide_122,mp-20890,,A1,21.66666667,3DSC_MP,,pending,,,single_crystal,sample_form_conditional_median:single_crystal,4.2,5.0,5.746354490991693,5.635326719245767,5.804297695181981,,5000,Hc2_unavailable
As2Eu1Fe1.72Ir0.28,iron_pnictide_122,mp-20890,,A1,21.66666667,3DSC_MP,,pending,,,single_crystal,sample_form_conditional_median:single_crystal,20.0,0.1,4.320755580181794,4.133692649670043,4.501614197084836,,5000,Hc2_unavailable
As2Eu1Fe1.72Ir0.28,iron_pnictide_122,mp-20890,,A1,21.66666667,3DSC_MP,,pending,,,single_crystal,sample_form_conditional_median:single_crystal,20.0,1.0,4.320755580181794,4.133692649670043,4.501614197084836,,5000,Hc2_unavailable
As2Eu1Fe1.72Ir0.28,iron_pnictide_122,mp-20890,,A1,21.66666667,3DSC_MP,,pending,,,single_crystal,sample_form_conditional_median:single_crystal,20.0,5.0,4.320755580181794,4.133692649670043,4.501614197084836,,5000,Hc2_unavailable
As2Eu1Fe1.72Ir0.28,iron_pnictide_122,mp-20890,,A1,21.66666667,3DSC_MP,,pending,,,single_crystal,sample_form_conditional_median:single_crystal,16.683333335900002,0.1,4.981418352725358,4.845808245748598,5.093250529045149,,5000,Hc2_unavailable
As2Eu1Fe1.72Ir0.28,iron_pnictide_122,mp-20890,,A1,21.66666667,3DSC_MP,,pending,,,single_crystal,sample_form_conditional_median:single_crystal,16.683333335900002,1.0,4.981418352725358,4.845808245748598,5.093250529045149,,5000,Hc2_unavailable
As2Eu1Fe1.72Ir0.28,iron_pnictide_122,mp-20890,,A1,21.66666667,3DSC_MP,,pending,,,single_crystal,sample_form_conditional_median:single_crystal,16.683333335900002,5.0,4.981418352725358,4.845808245748598,5.093250529045149,,5000,Hc2_unavailable
As2Eu1Fe1.78Ir0.22,iron_pnictide_122,mp-20890,,A1,21.0,3DSC_MP,,pending,,,single_crystal,sample_form_conditional_median:single_crystal,4.2,0.1,5.746354490991693,5.635326719245767,5.804297695181981,,5000,Hc2_unavailable
As2Eu1Fe1.78Ir0.22,iron_pnictide_122,mp-20890,,A1,21.0,3DSC_MP,,pending,,,single_crystal,sample_form_conditional_median:single_crystal,4.2,1.0,5.746354490991693,5.635326719245767,5.804297695181981,,5000,Hc2_unavailable
As2Eu1Fe1.78Ir0.22,iron_pnictide_122,mp-20890,,A1,21.0,3DSC_MP,,pending,,,single_crystal,sample_form_conditional_median:single_crystal,4.2,5.0,5.746354490991693,5.635326719245767,5.804297695181981,,5000,Hc2_unavailable
As2Eu1Fe1.78Ir0.22,iron_pnictide_122,mp-20890,,A1,21.0,3DSC_MP,,pending,,,single_crystal,sample_form_conditional_median:single_crystal,20.0,0.1,4.03268461638018,3.8258363667496473,4.244069232606936,,5000,Hc2_unavailable
As2Eu1Fe1.78Ir0.22,iron_pnictide_122,mp-20890,,A1,21.0,3DSC_MP,,pending,,,single_crystal,sample_form_conditional_median:single_crystal,20.0,1.0,4.03268461638018,3.8258363667496473,4.244069232606936,,5000,Hc2_unavailable
As2Eu1Fe1.78Ir0.22,iron_pnictide_122,mp-20890,,A1,21.0,3DSC_MP,,pending,,,single_crystal,sample_form_conditional_median:single_crystal,20.0,5.0,4.03268461638018,3.8258363667496473,4.244069232606936,,5000,Hc2_unavailable
As2Eu1Fe1.78Ir0.22,iron_pnictide_122,mp-20890,,A1,21.0,3DSC_MP,,pending,,,single_crystal,sample_form_conditional_median:single_crystal,16.17,0.1,4.985093688105314,4.85079558347173,5.095212330506511,,5000,Hc2_unavailable
As2Eu1Fe1.78Ir0.22,iron_pnictide_122,mp-20890,,A1,21.0,3DSC_MP,,pending,,,single_crystal,sample_form_conditional_median:single_crystal,16.17,1.0,4.985093688105314,4.85079558347173,5.095212330506511,,5000,Hc2_unavailable
As2Eu1Fe1.78Ir0.22,iron_pnictide_122,mp-20890,,A1,21.0,3DSC_MP,,pending,,,single_crystal,sample_form_conditional_median:single_crystal,16.17,5.0,4.985093688105314,4.85079558347173,5.095212330506511,,5000,Hc2_unavailable
As2Fe1.75Pt0.25Sr1,iron_pnictide_122,mp-4488,,A1,16.3,3DSC_MP,,pending,,,single_crystal,sample_form_conditional_median:single_crystal,4.2,0.1,5.746354490991693,5.635326719245767,5.813389291270404,,5000,Hc2_unavailable
As2Fe1.75Pt0.25Sr1,iron_pnictide_122,mp-4488,,A1,16.3,3DSC_MP,,pending,,,single_crystal,sample_form_conditional_median:single_crystal,4.2,1.0,5.746354490991693,5.635326719245767,5.813389291270404,,5000,Hc2_unavailable
As2Fe1.75Pt0.25Sr1,iron_pnictide_122,mp-4488,,A1,16.3,3DSC_MP,,pending,,,single_crystal,sample_form_conditional_median:single_crystal,4.2,5.0,5.746354490991693,5.635326719245767,5.813389291270404,,5000,Hc2_unavailable
As2Fe1.75Pt0.25Sr1,iron_pnictide_122,mp-4488,,A1,16.3,3DSC_MP,,pending,,,single_crystal,sample_form_conditional_median:single_crystal,20.0,0.1,,,,,5000,Hc2_unavailable
As2Fe1.75Pt0.25Sr1,iron_pnictide_122,mp-4488,,A1,16.3,3DSC_MP,,pending,,,single_crystal,sample_form_conditional_median:single_crystal,20.0,1.0,,,,,5000,Hc2_unavailable
As2Fe1.75Pt0.25Sr1,iron_pnictide_122,mp-4488,,A1,16.3,3DSC_MP,,pending,,,single_crystal,sample_form_conditional_median:single_crystal,20.0,5.0,,,,,5000,Hc2_unavailable
As2Fe1.75Pt0.25Sr1,iron_pnictide_122,mp-4488,,A1,16.3,3DSC_MP,,pending,,,single_crystal,sample_form_conditional_median:single_crystal,12.551,0.1,5.030912623229396,4.900900601503848,5.139517956229295,,5000,Hc2_unavailable
As2Fe1.75Pt0.25Sr1,iron_pnictide_122,mp-4488,,A1,16.3,3DSC_MP,,pending,,,single_crystal,sample_form_conditional_median:single_crystal,12.551,1.0,5.030912623229396,4.900900601503848,5.139517956229295,,5000,Hc2_unavailable
As2Fe1.75Pt0.25Sr1,iron_pnictide_122,mp-4488,,A1,16.3,3DSC_MP,,pending,,,single_crystal,sample_form_conditional_median:single_crystal,12.551,5.0,5.030912623229396,4.900900601503848,5.139517956229295,,5000,Hc2_unavailable
As2Fe1.75Rh0.25Sr1,iron_pnictide_122,mp-4488,,A1,21.9,3DSC_MP,,pending,,,single_crystal,sample_form_conditional_median:single_crystal,4.2,0.1,5.746354490991693,5.614582757298319,5.802165025000917,,5000,Hc2_unavailable
As2Fe1.75Rh0.25Sr1,iron_pnictide_122,mp-4488,,A1,21.9,3DSC_MP,,pending,,,single_crystal,sample_form_conditional_median:single_crystal,4.2,1.0,5.746354490991693,5.614582757298319,5.802165025000917,,5000,Hc2_unavailable
As2Fe1.75Rh0.25Sr1,iron_pnictide_122,mp-4488,,A1,21.9,3DSC_MP,,pending,,,single_crystal,sample_form_conditional_median:single_crystal,4.2,5.0,5.746354490991693,5.614582757298319,5.802165025000917,,5000,Hc2_unavailable
As2Fe1.75Rh0.25Sr1,iron_pnictide_122,mp-4488,,A1,21.9,3DSC_MP,,pending,,,single_crystal,sample_form_conditional_median:single_crystal,20.0,0.1,4.387834005743411,4.208463359383371,4.557025405583571,,5000,Hc2_unavailable
As2Fe1.75Rh0.25Sr1,iron_pnictide_122,mp-4488,,A1,21.9,3DSC_MP,,pending,,,single_crystal,sample_form_conditional_median:single_crystal,20.0,1.0,4.387834005743411,4.208463359383371,4.557025405583571,,5000,Hc2_unavailable
As2Fe1.75Rh0.25Sr1,iron_pnictide_122,mp-4488,,A1,21.9,3DSC_MP,,pending,,,single_crystal,sample_form_conditional_median:single_crystal,20.0,5.0,4.387834005743411,4.208463359383371,4.557025405583571,,5000,Hc2_unavailable
As2Fe1.75Rh0.25Sr1,iron_pnictide_122,mp-4488,,A1,21.9,3DSC_MP,,pending,,,single_crystal,sample_form_conditional_median:single_crystal,16.863,0.1,4.978547381082566,4.844078230728108,5.087169269886292,,5000,Hc2_unavailable
As2Fe1.75Rh0.25Sr1,iron_pnictide_122,mp-4488,,A1,21.9,3DSC_MP,,pending,,,single_crystal,sample_form_conditional_median:single_crystal,16.863,1.0,4.978547381082566,4.844078230728108,5.087169269886292,,5000,Hc2_unavailable
As2Fe1.75Rh0.25Sr1,iron_pnictide_122,mp-4488,,A1,21.9,3DSC_MP,,pending,,,single_crystal,sample_form_conditional_median:single_crystal,16.863,5.0,4.978547381082566,4.844078230728108,5.087169269886292,,5000,Hc2_unavailable
As2Fe1.78Ni0.22Sr1,iron_pnictide_122,mp-4488,,A1,2.305,3DSC_MP,,pending,,,single_crystal,sample_form_conditional_median:single_crystal,4.2,0.1,,,,,5000,Hc2_unavailable
As2Fe1.78Ni0.22Sr1,iron_pnictide_122,mp-4488,,A1,2.305,3DSC_MP,,pending,,,single_crystal,sample_form_conditional_median:single_crystal,4.2,1.0,,,,,5000,Hc2_unavailable
As2Fe1.78Ni0.22Sr1,iron_pnictide_122,mp-4488,,A1,2.305,3DSC_MP,,pending,,,single_crystal,sample_form_conditional_median:single_crystal,4.2,5.0,,,,,5000,Hc2_unavailable
As2Fe1.78Ni0.22Sr1,iron_pnictide_122,mp-4488,,A1,2.305,3DSC_MP,,pending,,,single_crystal,sample_form_conditional_median:single_crystal,20.0,0.1,,,,,5000,Hc2_unavailable
As2Fe1.78Ni0.22Sr1,iron_pnictide_122,mp-4488,,A1,2.305,3DSC_MP,,pending,,,single_crystal,sample_form_conditional_median:single_crystal,20.0,1.0,,,,,5000,Hc2_unavailable
As2Fe1.78Ni0.22Sr1,iron_pnictide_122,mp-4488,,A1,2.305,3DSC_MP,,pending,,,single_crystal,sample_form_conditional_median:single_crystal,20.0,5.0,,,,,5000,Hc2_unavailable
As2Fe1.78Ni0.22Sr1,iron_pnictide_122,mp-4488,,A1,2.305,3DSC_MP,,pending,,,single_crystal,sample_form_conditional_median:single_crystal,1.7748500000000005,0.1,17.426776495403338,16.045183256345087,18.755121478860406,,5000,Hc2_unavailable
As2Fe1.78Ni0.22Sr1,iron_pnictide_122,mp-4488,,A1,2.305,3DSC_MP,,pending,,,single_crystal,sample_form_conditional_median:single_crystal,1.7748500000000005,1.0,17.426776495403338,16.045183256345087,18.755121478860406,,5000,Hc2_unavailable
As2Fe1.78Ni0.22Sr1,iron_pnictide_122,mp-4488,,A1,2.305,3DSC_MP,,pending,,,single_crystal,sample_form_conditional_median:single_crystal,1.7748500000000005,5.0,17.426776495403338,16.045183256345087,18.755121478860406,,5000,Hc2_unavailable
As2Fe1.7Pt0.3Sr1,iron_pnictide_122,mp-4488,,A1,12.6,3DSC_MP,,pending,,,single_crystal,sample_form_conditional_median:single_crystal,4.2,0.1,5.746354490991693,5.617854385081122,5.804297695181981,,5000,Hc2_unavailable
As2Fe1.7Pt0.3Sr1,iron_pnictide_122,mp-4488,,A1,12.6,3DSC_MP,,pending,,,single_crystal,sample_form_conditional_median:single_crystal,4.2,1.0,5.746354490991693,5.617854385081122,5.804297695181981,,5000,Hc2_unavailable
As2Fe1.7Pt0.3Sr1,iron_pnictide_122,mp-4488,,A1,12.6,3DSC_MP,,pending,,,single_crystal,sample_form_conditional_median:single_crystal,4.2,5.0,5.746354490991693,5.617854385081122,5.804297695181981,,5000,Hc2_unavailable
As2Fe1.7Pt0.3Sr1,iron_pnictide_122,mp-4488,,A1,12.6,3DSC_MP,,pending,,,single_crystal,sample_form_conditional_median:single_crystal,20.0,0.1,,,,,5000,Hc2_unavailable
As2Fe1.7Pt0.3Sr1,iron_pnictide_122,mp-4488,,A1,12.6,3DSC_MP,,pending,,,single_crystal,sample_form_conditional_median:single_crystal,20.0,1.0,,,,,5000,Hc2_unavailable
As2Fe1.7Pt0.3Sr1,iron_pnictide_122,mp-4488,,A1,12.6,3DSC_MP,,pending,,,single_crystal,sample_form_conditional_median:single_crystal,20.0,5.0,,,,,5000,Hc2_unavailable
As2Fe1.7Pt0.3Sr1,iron_pnictide_122,mp-4488,,A1,12.6,3DSC_MP,,pending,,,single_crystal,sample_form_conditional_median:single_crystal,9.702,0.1,5.096556786512799,4.971406677175829,5.195795011188487,,5000,Hc2_unavailable
As2Fe1.7Pt0.3Sr1,iron_pnictide_122,mp-4488,,A1,12.6,3DSC_MP,,pending,,,single_crystal,sample_form_conditional_median:single_crystal,9.702,1.0,5.096556786512799,4.971406677175829,5.195795011188487,,5000,Hc2_unavailable
As2Fe1.7Pt0.3Sr1,iron_pnictide_122,mp-4488,,A1,12.6,3DSC_MP,,pending,,,single_crystal,sample_form_conditional_median:single_crystal,9.702,5.0,5.096556786512799,4.971406677175829,5.195795011188487,,5000,Hc2_unavailable
As2Fe1.82Ni0.18Sr1,iron_pnictide_122,mp-4488,,A1,9.6,3DSC_MP,,pending,,,single_crystal,sample_form_conditional_median:single_crystal,4.2,0.1,5.746354490991693,5.635326719245767,5.804297695181981,,5000,Hc2_unavailable
As2Fe1.82Ni0.18Sr1,iron_pnictide_122,mp-4488,,A1,9.6,3DSC_MP,,pending,,,single_crystal,sample_form_conditional_median:single_crystal,4.2,1.0,5.746354490991693,5.635326719245767,5.804297695181981,,5000,Hc2_unavailable
As2Fe1.82Ni0.18Sr1,iron_pnictide_122,mp-4488,,A1,9.6,3DSC_MP,,pending,,,single_crystal,sample_form_conditional_median:single_crystal,4.2,5.0,5.746354490991693,5.635326719245767,5.804297695181981,,5000,Hc2_unavailable
As2Fe1.82Ni0.18Sr1,iron_pnictide_122,mp-4488,,A1,9.6,3DSC_MP,,pending,,,single_crystal,sample_form_conditional_median:single_crystal,20.0,0.1,,,,,5000,Hc2_unavailable
As2Fe1.82Ni0.18Sr1,iron_pnictide_122,mp-4488,,A1,9.6,3DSC_MP,,pending,,,single_crystal,sample_form_conditional_median:single_crystal,20.0,1.0,,,,,5000,Hc2_unavailable
As2Fe1.82Ni0.18Sr1,iron_pnictide_122,mp-4488,,A1,9.6,3DSC_MP,,pending,,,single_crystal,sample_form_conditional_median:single_crystal,20.0,5.0,,,,,5000,Hc2_unavailable
As2Fe1.82Ni0.18Sr1,iron_pnictide_122,mp-4488,,A1,9.6,3DSC_MP,,pending,,,single_crystal,sample_form_conditional_median:single_crystal,7.391999999999999,0.1,5.199935987618115,5.079246201767245,5.286810769471369,,5000,Hc2_unavailable
As2Fe1.82Ni0.18Sr1,iron_pnictide_122,mp-4488,,A1,9.6,3DSC_MP,,pending,,,single_crystal,sample_form_conditional_median:single_crystal,7.391999999999999,1.0,5.199935987618115,5.079246201767245,5.286810769471369,,5000,Hc2_unavailable
As2Fe1.82Ni0.18Sr1,iron_pnictide_122,mp-4488,,A1,9.6,3DSC_MP,,pending,,,single_crystal,sample_form_conditional_median:single_crystal,7.391999999999999,5.0,5.199935987618115,5.079246201767245,5.286810769471369,,5000,Hc2_unavailable
As2Fe1.84Ni0.16Sr1,iron_pnictide_122,mp-4488,,A1,8.65,3DSC_MP,,pending,,,single_crystal,sample_form_conditional_median:single_crystal,4.2,0.1,5.746354490991693,5.635326719245767,5.805175095887575,,5000,Hc2_unavailable
As2Fe1.84Ni0.16Sr1,iron_pnictide_122,mp-4488,,A1,8.65,3DSC_MP,,pending,,,single_crystal,sample_form_conditional_median:single_crystal,4.2,1.0,5.746354490991693,5.635326719245767,5.805175095887575,,5000,Hc2_unavailable
As2Fe1.84Ni0.16Sr1,iron_pnictide_122,mp-4488,,A1,8.65,3DSC_MP,,pending,,,single_crystal,sample_form_conditional_median:single_crystal,4.2,5.0,5.746354490991693,5.635326719245767,5.805175095887575,,5000,Hc2_unavailable
As2Fe1.84Ni0.16Sr1,iron_pnictide_122,mp-4488,,A1,8.65,3DSC_MP,,pending,,,single_crystal,sample_form_conditional_median:single_crystal,20.0,0.1,,,,,5000,Hc2_unavailable
As2Fe1.84Ni0.16Sr1,iron_pnictide_122,mp-4488,,A1,8.65,3DSC_MP,,pending,,,single_crystal,sample_form_conditional_median:single_crystal,20.0,1.0,,,,,5000,Hc2_unavailable
As2Fe1.84Ni0.16Sr1,iron_pnictide_122,mp-4488,,A1,8.65,3DSC_MP,,pending,,,single_crystal,sample_form_conditional_median:single_crystal,20.0,5.0,,,,,5000,Hc2_unavailable
As2Fe1.84Ni0.16Sr1,iron_pnictide_122,mp-4488,,A1,8.65,3DSC_MP,,pending,,,single_crystal,sample_form_conditional_median:single_crystal,6.660500000000001,0.1,5.253975440310556,5.136456825978383,5.339151552069895,,5000,Hc2_unavailable
As2Fe1.84Ni0.16Sr1,iron_pnictide_122,mp-4488,,A1,8.65,3DSC_MP,,pending,,,single_crystal,sample_form_conditional_median:single_crystal,6.660500000000001,1.0,5.253975440310556,5.136456825978383,5.339151552069895,,5000,Hc2_unavailable
As2Fe1.84Ni0.16Sr1,iron_pnictide_122,mp-4488,,A1,8.65,3DSC_MP,,pending,,,single_crystal,sample_form_conditional_median:single_crystal,6.660500000000001,5.0,5.253975440310556,5.136456825978383,5.339151552069895,,5000,Hc2_unavailable
As2Fe1.84Pt0.16Sr1,iron_pnictide_122,mp-4488,,A1,16.0,3DSC_MP,,pending,,,single_crystal,sample_form_conditional_median:single_crystal,4.2,0.1,5.746354490991693,5.635326719245767,5.804297695181981,,5000,Hc2_unavailable
As2Fe1.84Pt0.16Sr1,iron_pnictide_122,mp-4488,,A1,16.0,3DSC_MP,,pending,,,single_crystal,sample_form_conditional_median:single_crystal,4.2,1.0,5.746354490991693,5.635326719245767,5.804297695181981,,5000,Hc2_unavailable
As2Fe1.84Pt0.16Sr1,iron_pnictide_122,mp-4488,,A1,16.0,3DSC_MP,,pending,,,single_crystal,sample_form_conditional_median:single_crystal,4.2,5.0,5.746354490991693,5.635326719245767,5.804297695181981,,5000,Hc2_unavailable
As2Fe1.84Pt0.16Sr1,iron_pnictide_122,mp-4488,,A1,16.0,3DSC_MP,,pending,,,single_crystal,sample_form_conditional_median:single_crystal,20.0,0.1,,,,,5000,Hc2_unavailable
As2Fe1.84Pt0.16Sr1,iron_pnictide_122,mp-4488,,A1,16.0,3DSC_MP,,pending,,,single_crystal,sample_form_conditional_median:single_crystal,20.0,1.0,,,,,5000,Hc2_unavailable
As2Fe1.84Pt0.16Sr1,iron_pnictide_122,mp-4488,,A1,16.0,3DSC_MP,,pending,,,single_crystal,sample_form_conditional_median:single_crystal,20.0,5.0,,,,,5000,Hc2_unavailable
As2Fe1.84Pt0.16Sr1,iron_pnictide_122,mp-4488,,A1,16.0,3DSC_MP,,pending,,,single_crystal,sample_form_conditional_median:single_crystal,12.32,0.1,5.03457103748876,4.904554290633408,5.141987260687951,,5000,Hc2_unavailable
As2Fe1.84Pt0.16Sr1,iron_pnictide_122,mp-4488,,A1,16.0,3DSC_MP,,pending,,,single_crystal,sample_form_conditional_median:single_crystal,12.32,1.0,5.03457103748876,4.904554290633408,5.141987260687951,,5000,Hc2_unavailable
As2Fe1.84Pt0.16Sr1,iron_pnictide_122,mp-4488,,A1,16.0,3DSC_MP,,pending,,,single_crystal,sample_form_conditional_median:single_crystal,12.32,5.0,5.03457103748876,4.904554290633408,5.141987260687951,,5000,Hc2_unavailable
As2Fe1.85Ni0.15Sr1,iron_pnictide_122,mp-4488,,A1,8.93,3DSC_MP,,pending,,,single_crystal,sample_form_conditional_median:single_crystal,4.2,0.1,5.746354490991693,5.635326719245767,5.804297695181981,,5000,Hc2_unavailable
As2Fe1.85Ni0.15Sr1,iron_pnictide_122,mp-4488,,A1,8.93,3DSC_MP,,pending,,,single_crystal,sample_form_conditional_median:single_crystal,4.2,1.0,5.746354490991693,5.635326719245767,5.804297695181981,,5000,Hc2_unavailable
As2Fe1.85Ni0.15Sr1,iron_pnictide_122,mp-4488,,A1,8.93,3DSC_MP,,pending,,,single_crystal,sample_form_conditional_median:single_crystal,4.2,5.0,5.746354490991693,5.635326719245767,5.804297695181981,,5000,Hc2_unavailable
As2Fe1.85Ni0.15Sr1,iron_pnictide_122,mp-4488,,A1,8.93,3DSC_MP,,pending,,,single_crystal,sample_form_conditional_median:single_crystal,20.0,0.1,,,,,5000,Hc2_unavailable
As2Fe1.85Ni0.15Sr1,iron_pnictide_122,mp-4488,,A1,8.93,3DSC_MP,,pending,,,single_crystal,sample_form_conditional_median:single_crystal,20.0,1.0,,,,,5000,Hc2_unavailable
As2Fe1.85Ni0.15Sr1,iron_pnictide_122,mp-4488,,A1,8.93,3DSC_MP,,pending,,,single_crystal,sample_form_conditional_median:single_crystal,20.0,5.0,,,,,5000,Hc2_unavailable
As2Fe1.85Ni0.15Sr1,iron_pnictide_122,mp-4488,,A1,8.93,3DSC_MP,,pending,,,single_crystal,sample_form_conditional_median:single_crystal,6.8761,0.1,5.235606128736108,5.12032761636952,5.324603794290632,,5000,Hc2_unavailable
As2Fe1.85Ni0.15Sr1,iron_pnictide_122,mp-4488,,A1,8.93,3DSC_MP,,pending,,,single_crystal,sample_form_conditional_median:single_crystal,6.8761,1.0,5.235606128736108,5.12032761636952,5.324603794290632,,5000,Hc2_unavailable
As2Fe1.85Ni0.15Sr1,iron_pnictide_122,mp-4488,,A1,8.93,3DSC_MP,,pending,,,single_crystal,sample_form_conditional_median:single_crystal,6.8761,5.0,5.235606128736108,5.12032761636952,5.324603794290632,,5000,Hc2_unavailable
As2Fe1.85Pd0.15Sr1,iron_pnictide_122,mp-4488,,A1,8.7,3DSC_MP,,pending,,,single_crystal,sample_form_conditional_median:single_crystal,4.2,0.1,5.746354490991693,5.635326719245767,5.804297695181981,,5000,Hc2_unavailable
As2Fe1.85Pd0.15Sr1,iron_pnictide_122,mp-4488,,A1,8.7,3DSC_MP,,pending,,,single_crystal,sample_form_conditional_median:single_crystal,4.2,1.0,5.746354490991693,5.635326719245767,5.804297695181981,,5000,Hc2_unavailable
As2Fe1.85Pd0.15Sr1,iron_pnictide_122,mp-4488,,A1,8.7,3DSC_MP,,pending,,,single_crystal,sample_form_conditional_median:single_crystal,4.2,5.0,5.746354490991693,5.635326719245767,5.804297695181981,,5000,Hc2_unavailable
As2Fe1.85Pd0.15Sr1,iron_pnictide_122,mp-4488,,A1,8.7,3DSC_MP,,pending,,,single_crystal,sample_form_conditional_median:single_crystal,20.0,0.1,,,,,5000,Hc2_unavailable
As2Fe1.85Pd0.15Sr1,iron_pnictide_122,mp-4488,,A1,8.7,3DSC_MP,,pending,,,single_crystal,sample_form_conditional_median:single_crystal,20.0,1.0,,,,,5000,Hc2_unavailable
As2Fe1.85Pd0.15Sr1,iron_pnictide_122,mp-4488,,A1,8.7,3DSC_MP,,pending,,,single_crystal,sample_form_conditional_median:single_crystal,20.0,5.0,,,,,5000,Hc2_unavailable
As2Fe1.85Pd0.15Sr1,iron_pnictide_122,mp-4488,,A1,8.7,3DSC_MP,,pending,,,single_crystal,sample_form_conditional_median:single_crystal,6.699,0.1,5.250427313024797,5.130236902945008,5.335641160497323,,5000,Hc2_unavailable
As2Fe1.85Pd0.15Sr1,iron_pnictide_122,mp-4488,,A1,8.7,3DSC_MP,,pending,,,single_crystal,sample_form_conditional_median:single_crystal,6.699,1.0,5.250427313024797,5.130236902945008,5.335641160497323,,5000,Hc2_unavailable
As2Fe1.85Pd0.15Sr1,iron_pnictide_122,mp-4488,,A1,8.7,3DSC_MP,,pending,,,single_crystal,sample_form_conditional_median:single_crystal,6.699,5.0,5.250427313024797,5.130236902945008,5.335641160497323,,5000,Hc2_unavailable
As2Fe1.85Pt0.15Sr1,iron_pnictide_122,mp-4488,,A1,11.7,3DSC_MP,,pending,,,single_crystal,sample_form_conditional_median:single_crystal,4.2,0.1,5.746354490991693,5.636927477444992,5.802165025000917,,5000,Hc2_unavailable
As2Fe1.85Pt0.15Sr1,iron_pnictide_122,mp-4488,,A1,11.7,3DSC_MP,,pending,,,single_crystal,sample_form_conditional_median:single_crystal,4.2,1.0,5.746354490991693,5.636927477444992,5.802165025000917,,5000,Hc2_unavailable
As2Fe1.85Pt0.15Sr1,iron_pnictide_122,mp-4488,,A1,11.7,3DSC_MP,,pending,,,single_crystal,sample_form_conditional_median:single_crystal,4.2,5.0,5.746354490991693,5.636927477444992,5.802165025000917,,5000,Hc2_unavailable
As2Fe1.85Pt0.15Sr1,iron_pnictide_122,mp-4488,,A1,11.7,3DSC_MP,,pending,,,single_crystal,sample_form_conditional_median:single_crystal,20.0,0.1,,,,,5000,Hc2_unavailable
As2Fe1.85Pt0.15Sr1,iron_pnictide_122,mp-4488,,A1,11.7,3DSC_MP,,pending,,,single_crystal,sample_form_conditional_median:single_crystal,20.0,1.0,,,,,5000,Hc2_unavailable
As2Fe1.85Pt0.15Sr1,iron_pnictide_122,mp-4488,,A1,11.7,3DSC_MP,,pending,,,single_crystal,sample_form_conditional_median:single_crystal,20.0,5.0,,,,,5000,Hc2_unavailable
As2Fe1.85Pt0.15Sr1,iron_pnictide_122,mp-4488,,A1,11.7,3DSC_MP,,pending,,,single_crystal,sample_form_conditional_median:single_crystal,9.009,0.1,5.119816268495256,4.998846995339855,5.220278217187115,,5000,Hc2_unavailable
As2Fe1.85Pt0.15Sr1,iron_pnictide_122,mp-4488,,A1,11.7,3DSC_MP,,pending,,,single_crystal,sample_form_conditional_median:single_crystal,9.009,1.0,5.119816268495256,4.998846995339855,5.220278217187115,,5000,Hc2_unavailable
As2Fe1.85Pt0.15Sr1,iron_pnictide_122,mp-4488,,A1,11.7,3DSC_MP,,pending,,,single_crystal,sample_form_conditional_median:single_crystal,9.009,5.0,5.119816268495256,4.998846995339855,5.220278217187115,,5000,Hc2_unavailable
As2Fe1.88Ni0.12Sr1,iron_pnictide_122,mp-4488,,A1,5.92,3DSC_MP,,pending,,,single_crystal,sample_form_conditional_median:single_crystal,4.2,0.1,5.746354490991693,5.636927477444992,5.80431436468976,,5000,Hc2_unavailable
As2Fe1.88Ni0.12Sr1,iron_pnictide_122,mp-4488,,A1,5.92,3DSC_MP,,pending,,,single_crystal,sample_form_conditional_median:single_crystal,4.2,1.0,5.746354490991693,5.636927477444992,5.80431436468976,,5000,Hc2_unavailable
As2Fe1.88Ni0.12Sr1,iron_pnictide_122,mp-4488,,A1,5.92,3DSC_MP,,pending,,,single_crystal,sample_form_conditional_median:single_crystal,4.2,5.0,5.746354490991693,5.636927477444992,5.80431436468976,,5000,Hc2_unavailable
As2Fe1.88Ni0.12Sr1,iron_pnictide_122,mp-4488,,A1,5.92,3DSC_MP,,pending,,,single_crystal,sample_form_conditional_median:single_crystal,20.0,0.1,,,,,5000,Hc2_unavailable
As2Fe1.88Ni0.12Sr1,iron_pnictide_122,mp-4488,,A1,5.92,3DSC_MP,,pending,,,single_crystal,sample_form_conditional_median:single_crystal,20.0,1.0,,,,,5000,Hc2_unavailable
As2Fe1.88Ni0.12Sr1,iron_pnictide_122,mp-4488,,A1,5.92,3DSC_MP,,pending,,,single_crystal,sample_form_conditional_median:single_crystal,20.0,5.0,,,,,5000,Hc2_unavailable
As2Fe1.88Ni0.12Sr1,iron_pnictide_122,mp-4488,,A1,5.92,3DSC_MP,,pending,,,single_crystal,sample_form_conditional_median:single_crystal,4.5584,0.1,5.603036541006132,5.494699458291135,5.666154787472322,,5000,Hc2_unavailable
As2Fe1.88Ni0.12Sr1,iron_pnictide_122,mp-4488,,A1,5.92,3DSC_MP,,pending,,,single_crystal,sample_form_conditional_median:single_crystal,4.5584,1.0,5.603036541006132,5.494699458291135,5.666154787472322,,5000,Hc2_unavailable
As2Fe1.88Ni0.12Sr1,iron_pnictide_122,mp-4488,,A1,5.92,3DSC_MP,,pending,,,single_crystal,sample_form_conditional_median:single_crystal,4.5584,5.0,5.603036541006132,5.494699458291135,5.666154787472322,,5000,Hc2_unavailable
As2Fe1.8Ni0.2Sr1,iron_pnictide_122,mp-4488,,A1,7.4,3DSC_MP,,pending,,,single_crystal,sample_form_conditional_median:single_crystal,4.2,0.1,5.746354490991693,5.634889910891651,5.804297695181981,,5000,Hc2_unavailable
As2Fe1.8Ni0.2Sr1,iron_pnictide_122,mp-4488,,A1,7.4,3DSC_MP,,pending,,,single_crystal,sample_form_conditional_median:single_crystal,4.2,1.0,5.746354490991693,5.634889910891651,5.804297695181981,,5000,Hc2_unavailable
As2Fe1.8Ni0.2Sr1,iron_pnictide_122,mp-4488,,A1,7.4,3DSC_MP,,pending,,,single_crystal,sample_form_conditional_median:single_crystal,4.2,5.0,5.746354490991693,5.634889910891651,5.804297695181981,,5000,Hc2_unavailable
As2Fe1.8Ni0.2Sr1,iron_pnictide_122,mp-4488,,A1,7.4,3DSC_MP,,pending,,,single_crystal,sample_form_conditional_median:single_crystal,20.0,0.1,,,,,5000,Hc2_unavailable
As2Fe1.8Ni0.2Sr1,iron_pnictide_122,mp-4488,,A1,7.4,3DSC_MP,,pending,,,single_crystal,sample_form_conditional_median:single_crystal,20.0,1.0,,,,,5000,Hc2_unavailable
As2Fe1.8Ni0.2Sr1,iron_pnictide_122,mp-4488,,A1,7.4,3DSC_MP,,pending,,,single_crystal,sample_form_conditional_median:single_crystal,20.0,5.0,,,,,5000,Hc2_unavailable
As2Fe1.8Ni0.2Sr1,iron_pnictide_122,mp-4488,,A1,7.4,3DSC_MP,,pending,,,single_crystal,sample_form_conditional_median:single_crystal,5.698,0.1,5.35839472578567,5.243145534244424,5.437611596418224,,5000,Hc2_unavailable
As2Fe1.8Ni0.2Sr1,iron_pnictide_122,mp-4488,,A1,7.4,3DSC_MP,,pending,,,single_crystal,sample_form_conditional_median:single_crystal,5.698,1.0,5.35839472578567,5.243145534244424,5.437611596418224,,5000,Hc2_unavailable
As2Fe1.8Ni0.2Sr1,iron_pnictide_122,mp-4488,,A1,7.4,3DSC_MP,,pending,,,single_crystal,sample_form_conditional_median:single_crystal,5.698,5.0,5.35839472578567,5.243145534244424,5.437611596418224,,5000,Hc2_unavailable
As2Fe1.8Pt0.2Sr1,iron_pnictide_122,mp-4488,,A1,15.8,3DSC_MP,,pending,,,single_crystal,sample_form_conditional_median:single_crystal,4.2,0.1,5.746354490991693,5.635326719245767,5.804297695181981,,5000,Hc2_unavailable
As2Fe1.8Pt0.2Sr1,iron_pnictide_122,mp-4488,,A1,15.8,3DSC_MP,,pending,,,single_crystal,sample_form_conditional_median:single_crystal,4.2,1.0,5.746354490991693,5.635326719245767,5.804297695181981,,5000,Hc2_unavailable
As2Fe1.8Pt0.2Sr1,iron_pnictide_122,mp-4488,,A1,15.8,3DSC_MP,,pending,,,single_crystal,sample_form_conditional_median:single_crystal,4.2,5.0,5.746354490991693,5.635326719245767,5.804297695181981,,5000,Hc2_unavailable
As2Fe1.8Pt0.2Sr1,iron_pnictide_122,mp-4488,,A1,15.8,3DSC_MP,,pending,,,single_crystal,sample_form_conditional_median:single_crystal,20.0,0.1,,,,,5000,Hc2_unavailable
As2Fe1.8Pt0.2Sr1,iron_pnictide_122,mp-4488,,A1,15.8,3DSC_MP,,pending,,,single_crystal,sample_form_conditional_median:single_crystal,20.0,1.0,,,,,5000,Hc2_unavailable
As2Fe1.8Pt0.2Sr1,iron_pnictide_122,mp-4488,,A1,15.8,3DSC_MP,,pending,,,single_crystal,sample_form_conditional_median:single_crystal,20.0,5.0,,,,,5000,Hc2_unavailable
As2Fe1.8Pt0.2Sr1,iron_pnictide_122,mp-4488,,A1,15.8,3DSC_MP,,pending,,,single_crystal,sample_form_conditional_median:single_crystal,12.166,0.1,5.038555069749257,4.910374606361086,5.142674805283367,,5000,Hc2_unavailable
As2Fe1.8Pt0.2Sr1,iron_pnictide_122,mp-4488,,A1,15.8,3DSC_MP,,pending,,,single_crystal,sample_form_conditional_median:single_crystal,12.166,1.0,5.038555069749257,4.910374606361086,5.142674805283367,,5000,Hc2_unavailable
As2Fe1.8Pt0.2Sr1,iron_pnictide_122,mp-4488,,A1,15.8,3DSC_MP,,pending,,,single_crystal,sample_form_conditional_median:single_crystal,12.166,5.0,5.038555069749257,4.910374606361086,5.142674805283367,,5000,Hc2_unavailable
As2Fe1.9Ni0.1Sr1,iron_pnictide_122,mp-4488,,A1,5.5,3DSC_MP,,pending,,,single_crystal,sample_form_conditional_median:single_crystal,4.2,0.1,5.746354490991693,5.635326719245767,5.804297695181981,,5000,Hc2_unavailable
As2Fe1.9Ni0.1Sr1,iron_pnictide_122,mp-4488,,A1,5.5,3DSC_MP,,pending,,,single_crystal,sample_form_conditional_median:single_crystal,4.2,1.0,5.746354490991693,5.635326719245767,5.804297695181981,,5000,Hc2_unavailable
As2Fe1.9Ni0.1Sr1,iron_pnictide_122,mp-4488,,A1,5.5,3DSC_MP,,pending,,,single_crystal,sample_form_conditional_median:single_crystal,4.2,5.0,5.746354490991693,5.635326719245767,5.804297695181981,,5000,Hc2_unavailable
As2Fe1.9Ni0.1Sr1,iron_pnictide_122,mp-4488,,A1,5.5,3DSC_MP,,pending,,,single_crystal,sample_form_conditional_median:single_crystal,20.0,0.1,,,,,5000,Hc2_unavailable
As2Fe1.9Ni0.1Sr1,iron_pnictide_122,mp-4488,,A1,5.5,3DSC_MP,,pending,,,single_crystal,sample_form_conditional_median:single_crystal,20.0,1.0,,,,,5000,Hc2_unavailable
As2Fe1.9Ni0.1Sr1,iron_pnictide_122,mp-4488,,A1,5.5,3DSC_MP,,pending,,,single_crystal,sample_form_conditional_median:single_crystal,20.0,5.0,,,,,5000,Hc2_unavailable
As2Fe1.9Ni0.1Sr1,iron_pnictide_122,mp-4488,,A1,5.5,3DSC_MP,,pending,,,single_crystal,sample_form_conditional_median:single_crystal,4.235,0.1,5.729454907606806,5.617713463587158,5.7877066928861005,,5000,Hc2_unavailable
As2Fe1.9Ni0.1Sr1,iron_pnictide_122,mp-4488,,A1,5.5,3DSC_MP,,pending,,,single_crystal,sample_form_conditional_median:single_crystal,4.235,1.0,5.729454907606806,5.617713463587158,5.7877066928861005,,5000,Hc2_unavailable
As2Fe1.9Ni0.1Sr1,iron_pnictide_122,mp-4488,,A1,5.5,3DSC_MP,,pending,,,single_crystal,sample_form_conditional_median:single_crystal,4.235,5.0,5.729454907606806,5.617713463587158,5.7877066928861005,,5000,Hc2_unavailable
As2Fe1.9Pt0.1Sr1,iron_pnictide_122,mp-4488,,A1,1.6,3DSC_MP,,pending,,,single_crystal,sample_form_conditional_median:single_crystal,4.2,0.1,,,,,5000,Hc2_unavailable
As2Fe1.9Pt0.1Sr1,iron_pnictide_122,mp-4488,,A1,1.6,3DSC_MP,,pending,,,single_crystal,sample_form_conditional_median:single_crystal,4.2,1.0,,,,,5000,Hc2_unavailable
As2Fe1.9Pt0.1Sr1,iron_pnictide_122,mp-4488,,A1,1.6,3DSC_MP,,pending,,,single_crystal,sample_form_conditional_median:single_crystal,4.2,5.0,,,,,5000,Hc2_unavailable
As2Fe1.9Pt0.1Sr1,iron_pnictide_122,mp-4488,,A1,1.6,3DSC_MP,,pending,,,single_crystal,sample_form_conditional_median:single_crystal,20.0,0.1,,,,,5000,Hc2_unavailable
As2Fe1.9Pt0.1Sr1,iron_pnictide_122,mp-4488,,A1,1.6,3DSC_MP,,pending,,,single_crystal,sample_form_conditional_median:single_crystal,20.0,1.0,,,,,5000,Hc2_unavailable
As2Fe1.9Pt0.1Sr1,iron_pnictide_122,mp-4488,,A1,1.6,3DSC_MP,,pending,,,single_crystal,sample_form_conditional_median:single_crystal,20.0,5.0,,,,,5000,Hc2_unavailable
As2Fe1.9Pt0.1Sr1,iron_pnictide_122,mp-4488,,A1,1.6,3DSC_MP,,pending,,,single_crystal,sample_form_conditional_median:single_crystal,1.2320000000000002,0.1,17.43105605854193,16.027180735992534,18.753249141028995,,5000,Hc2_unavailable
As2Fe1.9Pt0.1Sr1,iron_pnictide_122,mp-4488,,A1,1.6,3DSC_MP,,pending,,,single_crystal,sample_form_conditional_median:single_crystal,1.2320000000000002,1.0,17.43105605854193,16.027180735992534,18.753249141028995,,5000,Hc2_unavailable
As2Fe1.9Pt0.1Sr1,iron_pnictide_122,mp-4488,,A1,1.6,3DSC_MP,,pending,,,single_crystal,sample_form_conditional_median:single_crystal,1.2320000000000002,5.0,17.43105605854193,16.027180735992534,18.753249141028995,,5000,Hc2_unavailable
As2Fe2K0.1Sr0.9,iron_pnictide_122,mp-4488,,A1,5.11,3DSC_MP,,pending,,,single_crystal,sample_form_conditional_median:single_crystal,4.2,0.1,5.746354490991693,5.635326719245767,5.804964475493147,,5000,Hc2_unavailable
As2Fe2K0.1Sr0.9,iron_pnictide_122,mp-4488,,A1,5.11,3DSC_MP,,pending,,,single_crystal,sample_form_conditional_median:single_crystal,4.2,1.0,5.746354490991693,5.635326719245767,5.804964475493147,,5000,Hc2_unavailable
As2Fe2K0.1Sr0.9,iron_pnictide_122,mp-4488,,A1,5.11,3DSC_MP,,pending,,,single_crystal,sample_form_conditional_median:single_crystal,4.2,5.0,5.746354490991693,5.635326719245767,5.804964475493147,,5000,Hc2_unavailable
As2Fe2K0.1Sr0.9,iron_pnictide_122,mp-4488,,A1,5.11,3DSC_MP,,pending,,,single_crystal,sample_form_conditional_median:single_crystal,20.0,0.1,,,,,5000,Hc2_unavailable
As2Fe2K0.1Sr0.9,iron_pnictide_122,mp-4488,,A1,5.11,3DSC_MP,,pending,,,single_crystal,sample_form_conditional_median:single_crystal,20.0,1.0,,,,,5000,Hc2_unavailable
As2Fe2K0.1Sr0.9,iron_pnictide_122,mp-4488,,A1,5.11,3DSC_MP,,pending,,,single_crystal,sample_form_conditional_median:single_crystal,20.0,5.0,,,,,5000,Hc2_unavailable
As2Fe2K0.1Sr0.9,iron_pnictide_122,mp-4488,,A1,5.11,3DSC_MP,,pending,,,single_crystal,sample_form_conditional_median:single_crystal,3.9347,0.1,5.898537070927698,5.783776515658534,5.963516656806642,,5000,Hc2_unavailable
As2Fe2K0.1Sr0.9,iron_pnictide_122,mp-4488,,A1,5.11,3DSC_MP,,pending,,,single_crystal,sample_form_conditional_median:single_crystal,3.9347,1.0,5.898537070927698,5.783776515658534,5.963516656806642,,5000,Hc2_unavailable
As2Fe2K0.1Sr0.9,iron_pnictide_122,mp-4488,,A1,5.11,3DSC_MP,,pending,,,single_crystal,sample_form_conditional_median:single_crystal,3.9347,5.0,5.898537070927698,5.783776515658534,5.963516656806642,,5000,Hc2_unavailable
As2Fe2K0.2Sr0.8,iron_pnictide_122,mp-4488,,A1,13.3,3DSC_MP,,pending,,,single_crystal,sample_form_conditional_median:single_crystal,4.2,0.1,5.746354490991693,5.635326719245767,5.804297695181981,,5000,Hc2_unavailable
As2Fe2K0.2Sr0.8,iron_pnictide_122,mp-4488,,A1,13.3,3DSC_MP,,pending,,,single_crystal,sample_form_conditional_median:single_crystal,4.2,1.0,5.746354490991693,5.635326719245767,5.804297695181981,,5000,Hc2_unavailable
As2Fe2K0.2Sr0.8,iron_pnictide_122,mp-4488,,A1,13.3,3DSC_MP,,pending,,,single_crystal,sample_form_conditional_median:single_crystal,4.2,5.0,5.746354490991693,5.635326719245767,5.804297695181981,,5000,Hc2_unavailable
As2Fe2K0.2Sr0.8,iron_pnictide_122,mp-4488,,A1,13.3,3DSC_MP,,pending,,,single_crystal,sample_form_conditional_median:single_crystal,20.0,0.1,,,,,5000,Hc2_unavailable
As2Fe2K0.2Sr0.8,iron_pnictide_122,mp-4488,,A1,13.3,3DSC_MP,,pending,,,single_crystal,sample_form_conditional_median:single_crystal,20.0,1.0,,,,,5000,Hc2_unavailable
As2Fe2K0.2Sr0.8,iron_pnictide_122,mp-4488,,A1,13.3,3DSC_MP,,pending,,,single_crystal,sample_form_conditional_median:single_crystal,20.0,5.0,,,,,5000,Hc2_unavailable
As2Fe2K0.2Sr0.8,iron_pnictide_122,mp-4488,,A1,13.3,3DSC_MP,,pending,,,single_crystal,sample_form_conditional_median:single_crystal,10.241,0.1,5.080561699086878,4.9522205755570585,5.183372866035284,,5000,Hc2_unavailable
As2Fe2K0.2Sr0.8,iron_pnictide_122,mp-4488,,A1,13.3,3DSC_MP,,pending,,,single_crystal,sample_form_conditional_median:single_crystal,10.241,1.0,5.080561699086878,4.9522205755570585,5.183372866035284,,5000,Hc2_unavailable
As2Fe2K0.2Sr0.8,iron_pnictide_122,mp-4488,,A1,13.3,3DSC_MP,,pending,,,single_crystal,sample_form_conditional_median:single_crystal,10.241,5.0,5.080561699086878,4.9522205755570585,5.183372866035284,,5000,Hc2_unavailable
As2Fe2K0.7Sr0.3,iron_pnictide_122,mp-35276,,A1,12.2,3DSC_MP,,pending,,,single_crystal,sample_form_conditional_median:single_crystal,4.2,0.1,5.746354490991693,5.635326719245767,5.804297695181981,,5000,Hc2_unavailable
As2Fe2K0.7Sr0.3,iron_pnictide_122,mp-35276,,A1,12.2,3DSC_MP,,pending,,,single_crystal,sample_form_conditional_median:single_crystal,4.2,1.0,5.746354490991693,5.635326719245767,5.804297695181981,,5000,Hc2_unavailable
As2Fe2K0.7Sr0.3,iron_pnictide_122,mp-35276,,A1,12.2,3DSC_MP,,pending,,,single_crystal,sample_form_conditional_median:single_crystal,4.2,5.0,5.746354490991693,5.635326719245767,5.804297695181981,,5000,Hc2_unavailable
As2Fe2K0.7Sr0.3,iron_pnictide_122,mp-35276,,A1,12.2,3DSC_MP,,pending,,,single_crystal,sample_form_conditional_median:single_crystal,20.0,0.1,,,,,5000,Hc2_unavailable
As2Fe2K0.7Sr0.3,iron_pnictide_122,mp-35276,,A1,12.2,3DSC_MP,,pending,,,single_crystal,sample_form_conditional_median:single_crystal,20.0,1.0,,,,,5000,Hc2_unavailable
As2Fe2K0.7Sr0.3,iron_pnictide_122,mp-35276,,A1,12.2,3DSC_MP,,pending,,,single_crystal,sample_form_conditional_median:single_crystal,20.0,5.0,,,,,5000,Hc2_unavailable
As2Fe2K0.7Sr0.3,iron_pnictide_122,mp-35276,,A1,12.2,3DSC_MP,,pending,,,single_crystal,sample_form_conditional_median:single_crystal,9.394,0.1,5.105892867898023,4.982273113417725,5.204974771366178,,5000,Hc2_unavailable
As2Fe2K0.7Sr0.3,iron_pnictide_122,mp-35276,,A1,12.2,3DSC_MP,,pending,,,single_crystal,sample_form_conditional_median:single_crystal,9.394,1.0,5.105892867898023,4.982273113417725,5.204974771366178,,5000,Hc2_unavailable
As2Fe2K0.7Sr0.3,iron_pnictide_122,mp-35276,,A1,12.2,3DSC_MP,,pending,,,single_crystal,sample_form_conditional_median:single_crystal,9.394,5.0,5.105892867898023,4.982273113417725,5.204974771366178,,5000,Hc2_unavailable
As2Fe2K0.9Na0.1,iron_pnictide_122,mp-35276,,A1,2.9,3DSC_MP,,pending,,,single_crystal,sample_form_conditional_median:single_crystal,4.2,0.1,,,,,5000,Hc2_unavailable
As2Fe2K0.9Na0.1,iron_pnictide_122,mp-35276,,A1,2.9,3DSC_MP,,pending,,,single_crystal,sample_form_conditional_median:single_crystal,4.2,1.0,,,,,5000,Hc2_unavailable
As2Fe2K0.9Na0.1,iron_pnictide_122,mp-35276,,A1,2.9,3DSC_MP,,pending,,,single_crystal,sample_form_conditional_median:single_crystal,4.2,5.0,,,,,5000,Hc2_unavailable
As2Fe2K0.9Na0.1,iron_pnictide_122,mp-35276,,A1,2.9,3DSC_MP,,pending,,,single_crystal,sample_form_conditional_median:single_crystal,20.0,0.1,,,,,5000,Hc2_unavailable
As2Fe2K0.9Na0.1,iron_pnictide_122,mp-35276,,A1,2.9,3DSC_MP,,pending,,,single_crystal,sample_form_conditional_median:single_crystal,20.0,1.0,,,,,5000,Hc2_unavailable
As2Fe2K0.9Na0.1,iron_pnictide_122,mp-35276,,A1,2.9,3DSC_MP,,pending,,,single_crystal,sample_form_conditional_median:single_crystal,20.0,5.0,,,,,5000,Hc2_unavailable
As2Fe2K0.9Na0.1,iron_pnictide_122,mp-35276,,A1,2.9,3DSC_MP,,pending,,,single_crystal,sample_form_conditional_median:single_crystal,2.233,0.1,17.425175737204114,16.04567387349689,18.70535474343725,,5000,Hc2_unavailable
As2Fe2K0.9Na0.1,iron_pnictide_122,mp-35276,,A1,2.9,3DSC_MP,,pending,,,single_crystal,sample_form_conditional_median:single_crystal,2.233,1.0,17.425175737204114,16.04567387349689,18.70535474343725,,5000,Hc2_unavailable
As2Fe2K0.9Na0.1,iron_pnictide_122,mp-35276,,A1,2.9,3DSC_MP,,pending,,,single_crystal,sample_form_conditional_median:single_crystal,2.233,5.0,17.425175737204114,16.04567387349689,18.70535474343725,,5000,Hc2_unavailable
As2Fe2K1,iron_pnictide_122,mp-35276,,A1,2.9965,3DSC_MP,,pending,,,single_crystal,sample_form_conditional_median:single_crystal,4.2,0.1,,,,,5000,Hc2_unavailable
As2Fe2K1,iron_pnictide_122,mp-35276,,A1,2.9965,3DSC_MP,,pending,,,single_crystal,sample_form_conditional_median:single_crystal,4.2,1.0,,,,,5000,Hc2_unavailable
As2Fe2K1,iron_pnictide_122,mp-35276,,A1,2.9965,3DSC_MP,,pending,,,single_crystal,sample_form_conditional_median:single_crystal,4.2,5.0,,,,,5000,Hc2_unavailable
As2Fe2K1,iron_pnictide_122,mp-35276,,A1,2.9965,3DSC_MP,,pending,,,single_crystal,sample_form_conditional_median:single_crystal,20.0,0.1,,,,,5000,Hc2_unavailable
As2Fe2K1,iron_pnictide_122,mp-35276,,A1,2.9965,3DSC_MP,,pending,,,single_crystal,sample_form_conditional_median:single_crystal,20.0,1.0,,,,,5000,Hc2_unavailable
As2Fe2K1,iron_pnictide_122,mp-35276,,A1,2.9965,3DSC_MP,,pending,,,single_crystal,sample_form_conditional_median:single_crystal,20.0,5.0,,,,,5000,Hc2_unavailable
As2Fe2K1,iron_pnictide_122,mp-35276,,A1,2.9965,3DSC_MP,,pending,,,single_crystal,sample_form_conditional_median:single_crystal,2.3073050000000004,0.1,17.396749198497034,16.023984407563717,18.704761197945512,,5000,Hc2_unavailable
As2Fe2K1,iron_pnictide_122,mp-35276,,A1,2.9965,3DSC_MP,,pending,,,single_crystal,sample_form_conditional_median:single_crystal,2.3073050000000004,1.0,17.396749198497034,16.023984407563717,18.704761197945512,,5000,Hc2_unavailable
As2Fe2K1,iron_pnictide_122,mp-35276,,A1,2.9965,3DSC_MP,,pending,,,single_crystal,sample_form_conditional_median:single_crystal,2.3073050000000004,5.0,17.396749198497034,16.023984407563717,18.704761197945512,,5000,Hc2_unavailable
As2Fe2Rb1,iron_pnictide_122,mp-975359,,A1,1.983333333,3DSC_MP,,pending,,,single_crystal,sample_form_conditional_median:single_crystal,4.2,0.1,,,,,5000,Hc2_unavailable
As2Fe2Rb1,iron_pnictide_122,mp-975359,,A1,1.983333333,3DSC_MP,,pending,,,single_crystal,sample_form_conditional_median:single_crystal,4.2,1.0,,,,,5000,Hc2_unavailable
As2Fe2Rb1,iron_pnictide_122,mp-975359,,A1,1.983333333,3DSC_MP,,pending,,,single_crystal,sample_form_conditional_median:single_crystal,4.2,5.0,,,,,5000,Hc2_unavailable
As2Fe2Rb1,iron_pnictide_122,mp-975359,,A1,1.983333333,3DSC_MP,,pending,,,single_crystal,sample_form_conditional_median:single_crystal,20.0,0.1,,,,,5000,Hc2_unavailable
As2Fe2Rb1,iron_pnictide_122,mp-975359,,A1,1.983333333,3DSC_MP,,pending,,,single_crystal,sample_form_conditional_median:single_crystal,20.0,1.0,,,,,5000,Hc2_unavailable
As2Fe2Rb1,iron_pnictide_122,mp-975359,,A1,1.983333333,3DSC_MP,,pending,,,single_crystal,sample_form_conditional_median:single_crystal,20.0,5.0,,,,,5000,Hc2_unavailable
As2Fe2Rb1,iron_pnictide_122,mp-975359,,A1,1.983333333,3DSC_MP,,pending,,,single_crystal,sample_form_conditional_median:single_crystal,1.52716666641,0.1,17.42079388359829,16.022714800530714,18.70629024225916,,5000,Hc2_unavailable
As2Fe2Rb1,iron_pnictide_122,mp-975359,,A1,1.983333333,3DSC_MP,,pending,,,single_crystal,sample_form_conditional_median:single_crystal,1.52716666641,1.0,17.42079388359829,16.022714800530714,18.70629024225916,,5000,Hc2_unavailable
As2Fe2Rb1,iron_pnictide_122,mp-975359,,A1,1.983333333,3DSC_MP,,pending,,,single_crystal,sample_form_conditional_median:single_crystal,1.52716666641,5.0,17.42079388359829,16.022714800530714,18.70629024225916,,5000,Hc2_unavailable
Ag1B2,conventional_AlB2,mp-12062,,A1,6.7,3DSC_MP,,pending,,,,substructure_aggregate_median,4.2,0.1,5.324105348641889,5.1863788403346,5.549941092791016,,5000,Hc2_unavailable
Ag1B2,conventional_AlB2,mp-12062,,A1,6.7,3DSC_MP,,pending,,,,substructure_aggregate_median,4.2,1.0,5.324105348641889,5.1863788403346,5.549941092791016,,5000,Hc2_unavailable
Ag1B2,conventional_AlB2,mp-12062,,A1,6.7,3DSC_MP,,pending,,,,substructure_aggregate_median,4.2,5.0,5.324105348641889,5.1863788403346,5.549941092791016,,5000,Hc2_unavailable
Ag1B2,conventional_AlB2,mp-12062,,A1,6.7,3DSC_MP,,pending,,,,substructure_aggregate_median,20.0,0.1,,,,,5000,Hc2_unavailable
Ag1B2,conventional_AlB2,mp-12062,,A1,6.7,3DSC_MP,,pending,,,,substructure_aggregate_median,20.0,1.0,,,,,5000,Hc2_unavailable
Ag1B2,conventional_AlB2,mp-12062,,A1,6.7,3DSC_MP,,pending,,,,substructure_aggregate_median,20.0,5.0,,,,,5000,Hc2_unavailable
Ag1B2,conventional_AlB2,mp-12062,,A1,6.7,3DSC_MP,,pending,,,,substructure_aggregate_median,5.159000000000001,0.1,5.097642673803628,4.870562893480564,5.370000723024609,,5000,Hc2_unavailable
Ag1B2,conventional_AlB2,mp-12062,,A1,6.7,3DSC_MP,,pending,,,,substructure_aggregate_median,5.159000000000001,1.0,5.097642673803628,4.870562893480564,5.370000723024609,,5000,Hc2_unavailable
Ag1B2,conventional_AlB2,mp-12062,,A1,6.7,3DSC_MP,,pending,,,,substructure_aggregate_median,5.159000000000001,5.0,5.097642673803628,4.870562893480564,5.370000723024609,,5000,Hc2_unavailable
Al0.01B2Mg0.99,conventional_AlB2,mp-763,,A1,37.95,3DSC_MP,15.5,c_parent,±20-50%,S1_v3_2_2B_extension,,substructure_aggregate_median,4.2,0.1,,,,0.0,5000,H_below_validated_reduced_field
Al0.01B2Mg0.99,conventional_AlB2,mp-763,,A1,37.95,3DSC_MP,15.5,c_parent,±20-50%,S1_v3_2_2B_extension,,substructure_aggregate_median,4.2,1.0,,,,0.024714809950443,5000,H_below_validated_reduced_field
Al0.01B2Mg0.99,conventional_AlB2,mp-763,,A1,37.95,3DSC_MP,15.5,c_parent,±20-50%,S1_v3_2_2B_extension,,substructure_aggregate_median,4.2,5.0,4.981083116464963,4.664326021449344,5.264931825178314,0.1854995258153735,5000,
Al0.01B2Mg0.99,conventional_AlB2,mp-763,,A1,37.95,3DSC_MP,15.5,c_parent,±20-50%,S1_v3_2_2B_extension,,substructure_aggregate_median,20.0,0.1,,,,0.0,5000,H_below_validated_reduced_field
Al0.01B2Mg0.99,conventional_AlB2,mp-763,,A1,37.95,3DSC_MP,15.5,c_parent,±20-50%,S1_v3_2_2B_extension,,substructure_aggregate_median,20.0,1.0,,,,0.0254183747952447,5000,H_below_validated_reduced_field
Al0.01B2Mg0.99,conventional_AlB2,mp-763,,A1,37.95,3DSC_MP,15.5,c_parent,±20-50%,S1_v3_2_2B_extension,,substructure_aggregate_median,20.0,5.0,4.667530960476145,4.248060158285139,5.063042301394115,0.1910183038581117,5000,
Al0.01B2Mg0.99,conventional_AlB2,mp-763,,A1,37.95,3DSC_MP,15.5,c_parent,±20-50%,S1_v3_2_2B_extension,,substructure_aggregate_median,29.2215,0.1,,,,0.0,5000,H_below_validated_reduced_field
Al0.01B2Mg0.99,conventional_AlB2,mp-763,,A1,37.95,3DSC_MP,15.5,c_parent,±20-50%,S1_v3_2_2B_extension,,substructure_aggregate_median,29.2215,1.0,,,,0.0254594645429984,5000,H_below_validated_reduced_field
Al0.01B2Mg0.99,conventional_AlB2,mp-763,,A1,37.95,3DSC_MP,15.5,c_parent,±20-50%,S1_v3_2_2B_extension,,substructure_aggregate_median,29.2215,5.0,4.294569283828846,3.679643346856204,4.907462811711364,0.1967799076260927,5000,
Al0.022B2Mg0.978,conventional_AlB2,mp-763,,A1,34.7,3DSC_MP,15.5,c_parent,±20-50%,S1_v3_2_2B_extension,,substructure_aggregate_median,4.2,0.1,,,,0.0,5000,H_below_validated_reduced_field
Al0.022B2Mg0.978,conventional_AlB2,mp-763,,A1,34.7,3DSC_MP,15.5,c_parent,±20-50%,S1_v3_2_2B_extension,,substructure_aggregate_median,4.2,1.0,,,,0.0242485749384933,5000,H_below_validated_reduced_field
Al0.022B2Mg0.978,conventional_AlB2,mp-763,,A1,34.7,3DSC_MP,15.5,c_parent,±20-50%,S1_v3_2_2B_extension,,substructure_aggregate_median,4.2,5.0,4.980622895715926,4.66194451505004,5.268626383053967,0.1849636369458869,5000,
Al0.022B2Mg0.978,conventional_AlB2,mp-763,,A1,34.7,3DSC_MP,15.5,c_parent,±20-50%,S1_v3_2_2B_extension,,substructure_aggregate_median,20.0,0.1,,,,0.0,5000,H_below_validated_reduced_field
Al0.022B2Mg0.978,conventional_AlB2,mp-763,,A1,34.7,3DSC_MP,15.5,c_parent,±20-50%,S1_v3_2_2B_extension,,substructure_aggregate_median,20.0,1.0,,,,0.0241068248616995,5000,H_below_validated_reduced_field
Al0.022B2Mg0.978,conventional_AlB2,mp-763,,A1,34.7,3DSC_MP,15.5,c_parent,±20-50%,S1_v3_2_2B_extension,,substructure_aggregate_median,20.0,5.0,4.612819498687968,4.168798040936677,5.0282185091895455,0.1908853150581304,5000,
Al0.022B2Mg0.978,conventional_AlB2,mp-763,,A1,34.7,3DSC_MP,15.5,c_parent,±20-50%,S1_v3_2_2B_extension,,substructure_aggregate_median,26.719,0.1,,,,0.0,5000,H_below_validated_reduced_field
Al0.022B2Mg0.978,conventional_AlB2,mp-763,,A1,34.7,3DSC_MP,15.5,c_parent,±20-50%,S1_v3_2_2B_extension,,substructure_aggregate_median,26.719,1.0,,,,0.0229982893727207,5000,H_below_validated_reduced_field
Al0.022B2Mg0.978,conventional_AlB2,mp-763,,A1,34.7,3DSC_MP,15.5,c_parent,±20-50%,S1_v3_2_2B_extension,,substructure_aggregate_median,26.719,5.0,4.297455628538685,3.685194951121375,4.891752620310233,0.1930856591809684,5000,
Al0.02B2Mg0.98,conventional_AlB2,mp-763,,A1,36.7,3DSC_MP,15.5,c_parent,±20-50%,S1_v3_2_2B_extension,,substructure_aggregate_median,4.2,0.1,,,,0.0,5000,H_below_validated_reduced_field
Al0.02B2Mg0.98,conventional_AlB2,mp-763,,A1,36.7,3DSC_MP,15.5,c_parent,±20-50%,S1_v3_2_2B_extension,,substructure_aggregate_median,4.2,1.0,,,,0.0269497634137731,5000,H_below_validated_reduced_field
Al0.02B2Mg0.98,conventional_AlB2,mp-763,,A1,36.7,3DSC_MP,15.5,c_parent,±20-50%,S1_v3_2_2B_extension,,substructure_aggregate_median,4.2,5.0,4.981543337214,4.670757041964992,5.267720163001365,0.1860886993948609,5000,
Al0.02B2Mg0.98,conventional_AlB2,mp-763,,A1,36.7,3DSC_MP,15.5,c_parent,±20-50%,S1_v3_2_2B_extension,,substructure_aggregate_median,20.0,0.1,,,,0.0,5000,H_below_validated_reduced_field
Al0.02B2Mg0.98,conventional_AlB2,mp-763,,A1,36.7,3DSC_MP,15.5,c_parent,±20-50%,S1_v3_2_2B_extension,,substructure_aggregate_median,20.0,1.0,,,,0.0245466521897181,5000,H_below_validated_reduced_field
Al0.02B2Mg0.98,conventional_AlB2,mp-763,,A1,36.7,3DSC_MP,15.5,c_parent,±20-50%,S1_v3_2_2B_extension,,substructure_aggregate_median,20.0,5.0,4.645931099745012,4.21900389462887,5.033883906144396,0.1916882192385607,5000,
Al0.02B2Mg0.98,conventional_AlB2,mp-763,,A1,36.7,3DSC_MP,15.5,c_parent,±20-50%,S1_v3_2_2B_extension,,substructure_aggregate_median,28.259000000000004,0.1,,,,0.0,5000,H_below_validated_reduced_field
Al0.02B2Mg0.98,conventional_AlB2,mp-763,,A1,36.7,3DSC_MP,15.5,c_parent,±20-50%,S1_v3_2_2B_extension,,substructure_aggregate_median,28.259000000000004,1.0,,,,0.0242828755698587,5000,H_below_validated_reduced_field
Al0.02B2Mg0.98,conventional_AlB2,mp-763,,A1,36.7,3DSC_MP,15.5,c_parent,±20-50%,S1_v3_2_2B_extension,,substructure_aggregate_median,28.259000000000004,5.0,4.294212001559919,3.6492483996955145,4.879432148185523,0.1947552143120932,5000,
Al0.03B2Mg0.97,conventional_AlB2,mp-763,,A1,37.3,3DSC_MP,15.5,c_parent,±20-50%,S1_v3_2_2B_extension,,substructure_aggregate_median,4.2,0.1,,,,0.0,5000,H_below_validated_reduced_field
Al0.03B2Mg0.97,conventional_AlB2,mp-763,,A1,37.3,3DSC_MP,15.5,c_parent,±20-50%,S1_v3_2_2B_extension,,substructure_aggregate_median,4.2,1.0,,,,0.023854965423002,5000,H_below_validated_reduced_field
Al0.03B2Mg0.97,conventional_AlB2,mp-763,,A1,37.3,3DSC_MP,15.5,c_parent,±20-50%,S1_v3_2_2B_extension,,substructure_aggregate_median,4.2,5.0,4.978240786087785,4.661485594406893,5.264406632650265,0.1846186285834665,5000,
Al0.03B2Mg0.97,conventional_AlB2,mp-763,,A1,37.3,3DSC_MP,15.5,c_parent,±20-50%,S1_v3_2_2B_extension,,substructure_aggregate_median,20.0,0.1,,,,0.0,5000,H_below_validated_reduced_field
Al0.03B2Mg0.97,conventional_AlB2,mp-763,,A1,37.3,3DSC_MP,15.5,c_parent,±20-50%,S1_v3_2_2B_extension,,substructure_aggregate_median,20.0,1.0,,,,0.0246900026529282,5000,H_below_validated_reduced_field
Al0.03B2Mg0.97,conventional_AlB2,mp-763,,A1,37.3,3DSC_MP,15.5,c_parent,±20-50%,S1_v3_2_2B_extension,,substructure_aggregate_median,20.0,5.0,4.655156205122421,4.217202942642701,5.0331965211488745,0.1880097775768003,5000,
Al0.03B2Mg0.97,conventional_AlB2,mp-763,,A1,37.3,3DSC_MP,15.5,c_parent,±20-50%,S1_v3_2_2B_extension,,substructure_aggregate_median,28.721,0.1,,,,0.0,5000,H_below_validated_reduced_field
Al0.03B2Mg0.97,conventional_AlB2,mp-763,,A1,37.3,3DSC_MP,15.5,c_parent,±20-50%,S1_v3_2_2B_extension,,substructure_aggregate_median,28.721,1.0,,,,0.0236872504668923,5000,H_below_validated_reduced_field
Al0.03B2Mg0.97,conventional_AlB2,mp-763,,A1,37.3,3DSC_MP,15.5,c_parent,±20-50%,S1_v3_2_2B_extension,,substructure_aggregate_median,28.721,5.0,4.290045482041284,3.639968008202633,4.878752905592394,0.1910663819353537,5000,
Al0.044B2Mg0.956,conventional_AlB2,mp-763,,A1,34.0,3DSC_MP,15.5,c_parent,±20-50%,S1_v3_2_2B_extension,,substructure_aggregate_median,4.2,0.1,,,,0.0,5000,H_below_validated_reduced_field
Al0.044B2Mg0.956,conventional_AlB2,mp-763,,A1,34.0,3DSC_MP,15.5,c_parent,±20-50%,S1_v3_2_2B_extension,,substructure_aggregate_median,4.2,1.0,,,,0.02344083865363,5000,H_below_validated_reduced_field
Al0.044B2Mg0.956,conventional_AlB2,mp-763,,A1,34.0,3DSC_MP,15.5,c_parent,±20-50%,S1_v3_2_2B_extension,,substructure_aggregate_median,4.2,5.0,4.97994781687558,4.662443293737564,5.265395422341659,0.1828035983636553,5000,
Al0.044B2Mg0.956,conventional_AlB2,mp-763,,A1,34.0,3DSC_MP,15.5,c_parent,±20-50%,S1_v3_2_2B_extension,,substructure_aggregate_median,20.0,0.1,,,,0.0,5000,H_below_validated_reduced_field
Al0.044B2Mg0.956,conventional_AlB2,mp-763,,A1,34.0,3DSC_MP,15.5,c_parent,±20-50%,S1_v3_2_2B_extension,,substructure_aggregate_median,20.0,1.0,,,,0.0243274349561399,5000,H_below_validated_reduced_field
Al0.044B2Mg0.956,conventional_AlB2,mp-763,,A1,34.0,3DSC_MP,15.5,c_parent,±20-50%,S1_v3_2_2B_extension,,substructure_aggregate_median,20.0,5.0,4.596594530911205,4.145227964443689,5.0219676077812325,0.1880844851302727,5000,
Al0.044B2Mg0.956,conventional_AlB2,mp-763,,A1,34.0,3DSC_MP,15.5,c_parent,±20-50%,S1_v3_2_2B_extension,,substructure_aggregate_median,26.18,0.1,,,,0.0,5000,H_below_validated_reduced_field
Al0.044B2Mg0.956,conventional_AlB2,mp-763,,A1,34.0,3DSC_MP,15.5,c_parent,±20-50%,S1_v3_2_2B_extension,,substructure_aggregate_median,26.18,1.0,,,,0.02433581149974,5000,H_below_validated_reduced_field
Al0.044B2Mg0.956,conventional_AlB2,mp-763,,A1,34.0,3DSC_MP,15.5,c_parent,±20-50%,S1_v3_2_2B_extension,,substructure_aggregate_median,26.18,5.0,4.294118887560661,3.6687490617462255,4.895450638381949,0.1930840253041159,5000,
Al0.05B2Mg0.95,conventional_AlB2,mp-763,,A1,36.46666667,3DSC_MP,15.5,c_parent,±20-50%,S1_v3_2_2B_extension,,substructure_aggregate_median,4.2,0.1,,,,0.0,5000,H_below_validated_reduced_field
Al0.05B2Mg0.95,conventional_AlB2,mp-763,,A1,36.46666667,3DSC_MP,15.5,c_parent,±20-50%,S1_v3_2_2B_extension,,substructure_aggregate_median,4.2,1.0,,,,0.0250933492021498,5000,H_below_validated_reduced_field
Al0.05B2Mg0.95,conventional_AlB2,mp-763,,A1,36.46666667,3DSC_MP,15.5,c_parent,±20-50%,S1_v3_2_2B_extension,,substructure_aggregate_median,4.2,5.0,4.980622895715926,4.666310110214952,5.25712374031608,0.185451602314405,5000,
Al0.05B2Mg0.95,conventional_AlB2,mp-763,,A1,36.46666667,3DSC_MP,15.5,c_parent,±20-50%,S1_v3_2_2B_extension,,substructure_aggregate_median,20.0,0.1,,,,0.0,5000,H_below_validated_reduced_field
Al0.05B2Mg0.95,conventional_AlB2,mp-763,,A1,36.46666667,3DSC_MP,15.5,c_parent,±20-50%,S1_v3_2_2B_extension,,substructure_aggregate_median,20.0,1.0,,,,0.0244020206203927,5000,H_below_validated_reduced_field
Al0.05B2Mg0.95,conventional_AlB2,mp-763,,A1,36.46666667,3DSC_MP,15.5,c_parent,±20-50%,S1_v3_2_2B_extension,,substructure_aggregate_median,20.0,5.0,4.639133131953429,4.226427312998879,5.039496843586286,0.1926474699176728,5000,
Al0.05B2Mg0.95,conventional_AlB2,mp-763,,A1,36.46666667,3DSC_MP,15.5,c_parent,±20-50%,S1_v3_2_2B_extension,,substructure_aggregate_median,28.079333335900003,0.1,,,,0.0,5000,H_below_validated_reduced_field
Al0.05B2Mg0.95,conventional_AlB2,mp-763,,A1,36.46666667,3DSC_MP,15.5,c_parent,±20-50%,S1_v3_2_2B_extension,,substructure_aggregate_median,28.079333335900003,1.0,,,,0.0250676103028792,5000,H_below_validated_reduced_field
Al0.05B2Mg0.95,conventional_AlB2,mp-763,,A1,36.46666667,3DSC_MP,15.5,c_parent,±20-50%,S1_v3_2_2B_extension,,substructure_aggregate_median,28.079333335900003,5.0,4.291641076058754,3.709548441839616,4.88920123042337,0.1954352148280644,5000,
Al0.06B2Mg0.94,conventional_AlB2,mp-763,,A1,37.0,3DSC_MP,15.5,c_parent,±20-50%,S1_v3_2_2B_extension,,substructure_aggregate_median,4.2,0.1,,,,0.0,5000,H_below_validated_reduced_field
Al0.06B2Mg0.94,conventional_AlB2,mp-763,,A1,37.0,3DSC_MP,15.5,c_parent,±20-50%,S1_v3_2_2B_extension,,substructure_aggregate_median,4.2,1.0,,,,0.0246463674043102,5000,H_below_validated_reduced_field
Al0.06B2Mg0.94,conventional_AlB2,mp-763,,A1,37.0,3DSC_MP,15.5,c_parent,±20-50%,S1_v3_2_2B_extension,,substructure_aggregate_median,4.2,5.0,4.9763786985300005,4.661485594406893,5.263501015723233,0.1846186285834665,5000,
Al0.06B2Mg0.94,conventional_AlB2,mp-763,,A1,37.0,3DSC_MP,15.5,c_parent,±20-50%,S1_v3_2_2B_extension,,substructure_aggregate_median,20.0,0.1,,,,0.0,5000,H_below_validated_reduced_field
Al0.06B2Mg0.94,conventional_AlB2,mp-763,,A1,37.0,3DSC_MP,15.5,c_parent,±20-50%,S1_v3_2_2B_extension,,substructure_aggregate_median,20.0,1.0,,,,0.025315114451069,5000,H_below_validated_reduced_field
Al0.06B2Mg0.94,conventional_AlB2,mp-763,,A1,37.0,3DSC_MP,15.5,c_parent,±20-50%,S1_v3_2_2B_extension,,substructure_aggregate_median,20.0,5.0,4.647034679595952,4.225152511042297,5.05425683790584,0.19362293800115,5000,
Al0.06B2Mg0.94,conventional_AlB2,mp-763,,A1,37.0,3DSC_MP,15.5,c_parent,±20-50%,S1_v3_2_2B_extension,,substructure_aggregate_median,28.49,0.1,,,,0.0,5000,H_below_validated_reduced_field
Al0.06B2Mg0.94,conventional_AlB2,mp-763,,A1,37.0,3DSC_MP,15.5,c_parent,±20-50%,S1_v3_2_2B_extension,,substructure_aggregate_median,28.49,1.0,,,,0.0233009272656437,5000,H_below_validated_reduced_field
Al0.06B2Mg0.94,conventional_AlB2,mp-763,,A1,37.0,3DSC_MP,15.5,c_parent,±20-50%,S1_v3_2_2B_extension,,substructure_aggregate_median,28.49,5.0,4.289103604745754,3.681732165257126,4.8999787574294205,0.1970424605492375,5000,
Al0.07B2Mg0.93,conventional_AlB2,mp-763,,A1,35.8,3DSC_MP,15.5,c_parent,±20-50%,S1_v3_2_2B_extension,,substructure_aggregate_median,4.2,0.1,,,,0.0,5000,H_below_validated_reduced_field
Al0.07B2Mg0.93,conventional_AlB2,mp-763,,A1,35.8,3DSC_MP,15.5,c_parent,±20-50%,S1_v3_2_2B_extension,,substructure_aggregate_median,4.2,1.0,,,,0.0239948834593759,5000,H_below_validated_reduced_field
Al0.07B2Mg0.93,conventional_AlB2,mp-763,,A1,35.8,3DSC_MP,15.5,c_parent,±20-50%,S1_v3_2_2B_extension,,substructure_aggregate_median,4.2,5.0,4.978391941810938,4.65997924780446,5.263524537620467,0.1856621626134105,5000,
Al0.07B2Mg0.93,conventional_AlB2,mp-763,,A1,35.8,3DSC_MP,15.5,c_parent,±20-50%,S1_v3_2_2B_extension,,substructure_aggregate_median,20.0,0.1,,,,0.0,5000,H_below_validated_reduced_field
Al0.07B2Mg0.93,conventional_AlB2,mp-763,,A1,35.8,3DSC_MP,15.5,c_parent,±20-50%,S1_v3_2_2B_extension,,substructure_aggregate_median,20.0,1.0,,,,0.0250471248404107,5000,H_below_validated_reduced_field
Al0.07B2Mg0.93,conventional_AlB2,mp-763,,A1,35.8,3DSC_MP,15.5,c_parent,±20-50%,S1_v3_2_2B_extension,,substructure_aggregate_median,20.0,5.0,4.628384700935478,4.186994981816402,5.046217814130137,0.1901293888564241,5000,
Al0.07B2Mg0.93,conventional_AlB2,mp-763,,A1,35.8,3DSC_MP,15.5,c_parent,±20-50%,S1_v3_2_2B_extension,,substructure_aggregate_median,27.566,0.1,,,,0.0,5000,H_below_validated_reduced_field
Al0.07B2Mg0.93,conventional_AlB2,mp-763,,A1,35.8,3DSC_MP,15.5,c_parent,±20-50%,S1_v3_2_2B_extension,,substructure_aggregate_median,27.566,1.0,,,,0.0247298108449625,5000,H_below_validated_reduced_field
Al0.07B2Mg0.93,conventional_AlB2,mp-763,,A1,35.8,3DSC_MP,15.5,c_parent,±20-50%,S1_v3_2_2B_extension,,substructure_aggregate_median,27.566,5.0,4.286636660203532,3.6271415704781913,4.89072158912341,0.1961131327926919,5000,
Al0.085B2Mg0.915,conventional_AlB2,mp-763,,A1,32.4,3DSC_MP,15.5,c_parent,±20-50%,S1_v3_2_2B_extension,,substructure_aggregate_median,4.2,0.1,,,,0.0,5000,H_below_validated_reduced_field
Al0.085B2Mg0.915,conventional_AlB2,mp-763,,A1,32.4,3DSC_MP,15.5,c_parent,±20-50%,S1_v3_2_2B_extension,,substructure_aggregate_median,4.2,1.0,,,,0.0233342602886832,5000,H_below_validated_reduced_field
Al0.085B2Mg0.915,conventional_AlB2,mp-763,,A1,32.4,3DSC_MP,15.5,c_parent,±20-50%,S1_v3_2_2B_extension,,substructure_aggregate_median,4.2,5.0,4.980801987065298,4.667268958449525,5.264489202289058,0.1843989497486449,5000,
Al0.085B2Mg0.915,conventional_AlB2,mp-763,,A1,32.4,3DSC_MP,15.5,c_parent,±20-50%,S1_v3_2_2B_extension,,substructure_aggregate_median,20.0,0.1,,,,0.0,5000,H_below_validated_reduced_field
Al0.085B2Mg0.915,conventional_AlB2,mp-763,,A1,32.4,3DSC_MP,15.5,c_parent,±20-50%,S1_v3_2_2B_extension,,substructure_aggregate_median,20.0,1.0,,,,0.0239856574734345,5000,H_below_validated_reduced_field
Al0.085B2Mg0.915,conventional_AlB2,mp-763,,A1,32.4,3DSC_MP,15.5,c_parent,±20-50%,S1_v3_2_2B_extension,,substructure_aggregate_median,20.0,5.0,4.563843101185936,4.110099742058509,5.0056810933035205,0.1910774843446789,5000,
Al0.085B2Mg0.915,conventional_AlB2,mp-763,,A1,32.4,3DSC_MP,15.5,c_parent,±20-50%,S1_v3_2_2B_extension,,substructure_aggregate_median,24.948,0.1,,,,0.0,5000,H_below_validated_reduced_field
Al0.085B2Mg0.915,conventional_AlB2,mp-763,,A1,32.4,3DSC_MP,15.5,c_parent,±20-50%,S1_v3_2_2B_extension,,substructure_aggregate_median,24.948,1.0,,,,0.0239930586314489,5000,H_below_validated_reduced_field
Al0.085B2Mg0.915,conventional_AlB2,mp-763,,A1,32.4,3DSC_MP,15.5,c_parent,±20-50%,S1_v3_2_2B_extension,,substructure_aggregate_median,24.948,5.0,4.297332684805882,3.7158609806728418,4.894854490684743,0.1933649698058293,5000,
Al0.08B2Mg0.92,conventional_AlB2,mp-763,,A1,33.55,3DSC_MP,15.5,c_parent,±20-50%,S1_v3_2_2B_extension,,substructure_aggregate_median,4.2,0.1,,,,0.0,5000,H_below_validated_reduced_field
Al0.08B2Mg0.92,conventional_AlB2,mp-763,,A1,33.55,3DSC_MP,15.5,c_parent,±20-50%,S1_v3_2_2B_extension,,substructure_aggregate_median,4.2,1.0,,,,0.0256688672082843,5000,H_below_validated_reduced_field
Al0.08B2Mg0.92,conventional_AlB2,mp-763,,A1,33.55,3DSC_MP,15.5,c_parent,±20-50%,S1_v3_2_2B_extension,,substructure_aggregate_median,4.2,5.0,4.980622895715926,4.66240692831103,5.266442531151321,0.1850087458433922,5000,
Al0.08B2Mg0.92,conventional_AlB2,mp-763,,A1,33.55,3DSC_MP,15.5,c_parent,±20-50%,S1_v3_2_2B_extension,,substructure_aggregate_median,20.0,0.1,,,,0.0,5000,H_below_validated_reduced_field
Al0.08B2Mg0.92,conventional_AlB2,mp-763,,A1,33.55,3DSC_MP,15.5,c_parent,±20-50%,S1_v3_2_2B_extension,,substructure_aggregate_median,20.0,1.0,,,,0.0242594907595679,5000,H_below_validated_reduced_field
Al0.08B2Mg0.92,conventional_AlB2,mp-763,,A1,33.55,3DSC_MP,15.5,c_parent,±20-50%,S1_v3_2_2B_extension,,substructure_aggregate_median,20.0,5.0,4.587486408082513,4.135659250375783,5.020293106310528,0.191487760055133,5000,
Al0.08B2Mg0.92,conventional_AlB2,mp-763,,A1,33.55,3DSC_MP,15.5,c_parent,±20-50%,S1_v3_2_2B_extension,,substructure_aggregate_median,25.8335,0.1,,,,0.0,5000,H_below_validated_reduced_field
Al0.08B2Mg0.92,conventional_AlB2,mp-763,,A1,33.55,3DSC_MP,15.5,c_parent,±20-50%,S1_v3_2_2B_extension,,substructure_aggregate_median,25.8335,1.0,,,,0.0250933492021498,5000,H_below_validated_reduced_field
Al0.08B2Mg0.92,conventional_AlB2,mp-763,,A1,33.55,3DSC_MP,15.5,c_parent,±20-50%,S1_v3_2_2B_extension,,substructure_aggregate_median,25.8335,5.0,4.2900619704331735,3.6570876362592784,4.902167443117816,0.1966585583186546,5000,
Al0.09B2Mg0.91,conventional_AlB2,mp-763,,A1,34.7,3DSC_MP,15.5,c_parent,±20-50%,S1_v3_2_2B_extension,,substructure_aggregate_median,4.2,0.1,,,,0.0,5000,H_below_validated_reduced_field
Al0.09B2Mg0.91,conventional_AlB2,mp-763,,A1,34.7,3DSC_MP,15.5,c_parent,±20-50%,S1_v3_2_2B_extension,,substructure_aggregate_median,4.2,1.0,,,,0.0241882717625721,5000,H_below_validated_reduced_field
Al0.09B2Mg0.91,conventional_AlB2,mp-763,,A1,34.7,3DSC_MP,15.5,c_parent,±20-50%,S1_v3_2_2B_extension,,substructure_aggregate_median,4.2,5.0,4.978628899283534,4.666190369578961,5.266417610807262,0.1862888350268061,5000,
Al0.09B2Mg0.91,conventional_AlB2,mp-763,,A1,34.7,3DSC_MP,15.5,c_parent,±20-50%,S1_v3_2_2B_extension,,substructure_aggregate_median,20.0,0.1,,,,0.0,5000,H_below_validated_reduced_field
Al0.09B2Mg0.91,conventional_AlB2,mp-763,,A1,34.7,3DSC_MP,15.5,c_parent,±20-50%,S1_v3_2_2B_extension,,substructure_aggregate_median,20.0,1.0,,,,0.0240539672521249,5000,H_below_validated_reduced_field
Al0.09B2Mg0.91,conventional_AlB2,mp-763,,A1,34.7,3DSC_MP,15.5,c_parent,±20-50%,S1_v3_2_2B_extension,,substructure_aggregate_median,20.0,5.0,4.611329093317343,4.190073023635319,5.027380571858147,0.1902879638230938,5000,
Al0.09B2Mg0.91,conventional_AlB2,mp-763,,A1,34.7,3DSC_MP,15.5,c_parent,±20-50%,S1_v3_2_2B_extension,,substructure_aggregate_median,26.719,0.1,,,,0.0,5000,H_below_validated_reduced_field
Al0.09B2Mg0.91,conventional_AlB2,mp-763,,A1,34.7,3DSC_MP,15.5,c_parent,±20-50%,S1_v3_2_2B_extension,,substructure_aggregate_median,26.719,1.0,,,,0.0247412688005166,5000,H_below_validated_reduced_field
Al0.09B2Mg0.91,conventional_AlB2,mp-763,,A1,34.7,3DSC_MP,15.5,c_parent,±20-50%,S1_v3_2_2B_extension,,substructure_aggregate_median,26.719,5.0,4.292389882387574,3.7021898319261055,4.881174171109375,0.1929860287014397,5000,
Al0.14B2Mg0.86,conventional_AlB2,mp-763,,A1,35.1,3DSC_MP,15.5,c_parent,±20-50%,S1_v3_2_2B_extension,,substructure_aggregate_median,4.2,0.1,,,,0.0,5000,H_below_validated_reduced_field
Al0.14B2Mg0.86,conventional_AlB2,mp-763,,A1,35.1,3DSC_MP,15.5,c_parent,±20-50%,S1_v3_2_2B_extension,,substructure_aggregate_median,4.2,1.0,,,,0.023734428952709,5000,H_below_validated_reduced_field
Al0.14B2Mg0.86,conventional_AlB2,mp-763,,A1,35.1,3DSC_MP,15.5,c_parent,±20-50%,S1_v3_2_2B_extension,,substructure_aggregate_median,4.2,5.0,4.979161227585859,4.65997924780446,5.2601945325867545,0.1846186285834665,5000,
Al0.14B2Mg0.86,conventional_AlB2,mp-763,,A1,35.1,3DSC_MP,15.5,c_parent,±20-50%,S1_v3_2_2B_extension,,substructure_aggregate_median,20.0,0.1,,,,0.0,5000,H_below_validated_reduced_field
Al0.14B2Mg0.86,conventional_AlB2,mp-763,,A1,35.1,3DSC_MP,15.5,c_parent,±20-50%,S1_v3_2_2B_extension,,substructure_aggregate_median,20.0,1.0,,,,0.0246393645035123,5000,H_below_validated_reduced_field
Al0.14B2Mg0.86,conventional_AlB2,mp-763,,A1,35.1,3DSC_MP,15.5,c_parent,±20-50%,S1_v3_2_2B_extension,,substructure_aggregate_median,20.0,5.0,4.617197564277795,4.174075106894755,5.029789658533594,0.1892943751404097,5000,
Al0.14B2Mg0.86,conventional_AlB2,mp-763,,A1,35.1,3DSC_MP,15.5,c_parent,±20-50%,S1_v3_2_2B_extension,,substructure_aggregate_median,27.027,0.1,,,,0.0,5000,H_below_validated_reduced_field
Al0.14B2Mg0.86,conventional_AlB2,mp-763,,A1,35.1,3DSC_MP,15.5,c_parent,±20-50%,S1_v3_2_2B_extension,,substructure_aggregate_median,27.027,1.0,,,,0.0253304205698876,5000,H_below_validated_reduced_field
Al0.14B2Mg0.86,conventional_AlB2,mp-763,,A1,35.1,3DSC_MP,15.5,c_parent,±20-50%,S1_v3_2_2B_extension,,substructure_aggregate_median,27.027,5.0,4.29161381084037,3.672325838288471,4.889628465379071,0.1934665271680788,5000,
Al0.15B2Mg0.85,conventional_AlB2,mp-763,,A1,31.5,3DSC_MP,15.5,c_parent,±20-50%,S1_v3_2_2B_extension,,substructure_aggregate_median,4.2,0.1,,,,0.0,5000,H_below_validated_reduced_field
Al0.15B2Mg0.85,conventional_AlB2,mp-763,,A1,31.5,3DSC_MP,15.5,c_parent,±20-50%,S1_v3_2_2B_extension,,substructure_aggregate_median,4.2,1.0,,,,0.0257448331470833,5000,H_below_validated_reduced_field
Al0.15B2Mg0.85,conventional_AlB2,mp-763,,A1,31.5,3DSC_MP,15.5,c_parent,±20-50%,S1_v3_2_2B_extension,,substructure_aggregate_median,4.2,5.0,4.980622895715926,4.6599317983817325,5.265395422341659,0.1842132186998473,5000,
Al0.15B2Mg0.85,conventional_AlB2,mp-763,,A1,31.5,3DSC_MP,15.5,c_parent,±20-50%,S1_v3_2_2B_extension,,substructure_aggregate_median,20.0,0.1,,,,0.0,5000,H_below_validated_reduced_field
Al0.15B2Mg0.85,conventional_AlB2,mp-763,,A1,31.5,3DSC_MP,15.5,c_parent,±20-50%,S1_v3_2_2B_extension,,substructure_aggregate_median,20.0,1.0,,,,0.0254133541113414,5000,H_below_validated_reduced_field
Al0.15B2Mg0.85,conventional_AlB2,mp-763,,A1,31.5,3DSC_MP,15.5,c_parent,±20-50%,S1_v3_2_2B_extension,,substructure_aggregate_median,20.0,5.0,4.537636868795291,4.048028225524992,4.994166482205307,0.1915581854945447,5000,
Al0.15B2Mg0.85,conventional_AlB2,mp-763,,A1,31.5,3DSC_MP,15.5,c_parent,±20-50%,S1_v3_2_2B_extension,,substructure_aggregate_median,24.255,0.1,,,,0.0,5000,H_below_validated_reduced_field
Al0.15B2Mg0.85,conventional_AlB2,mp-763,,A1,31.5,3DSC_MP,15.5,c_parent,±20-50%,S1_v3_2_2B_extension,,substructure_aggregate_median,24.255,1.0,,,,0.0238512867433708,5000,H_below_validated_reduced_field
Al0.15B2Mg0.85,conventional_AlB2,mp-763,,A1,31.5,3DSC_MP,15.5,c_parent,±20-50%,S1_v3_2_2B_extension,,substructure_aggregate_median,24.255,5.0,4.298185771324155,3.643689193579824,4.894155812062641,0.1975508117543372,5000,
Al0.185B2Mg0.815,conventional_AlB2,mp-763,,A1,25.3,3DSC_MP,15.5,c_parent,±20-50%,S1_v3_2_2B_extension,,substructure_aggregate_median,4.2,0.1,,,,0.0,5000,H_below_validated_reduced_field
Al0.185B2Mg0.815,conventional_AlB2,mp-763,,A1,25.3,3DSC_MP,15.5,c_parent,±20-50%,S1_v3_2_2B_extension,,substructure_aggregate_median,4.2,1.0,,,,0.0254594645429984,5000,H_below_validated_reduced_field
Al0.185B2Mg0.815,conventional_AlB2,mp-763,,A1,25.3,3DSC_MP,15.5,c_parent,±20-50%,S1_v3_2_2B_extension,,substructure_aggregate_median,4.2,5.0,4.979576386144396,4.651863879031354,5.261122873473595,0.1874646280936547,5000,
Al0.185B2Mg0.815,conventional_AlB2,mp-763,,A1,25.3,3DSC_MP,15.5,c_parent,±20-50%,S1_v3_2_2B_extension,,substructure_aggregate_median,20.0,0.1,,,,0.0,5000,H_below_validated_reduced_field
Al0.185B2Mg0.815,conventional_AlB2,mp-763,,A1,25.3,3DSC_MP,15.5,c_parent,±20-50%,S1_v3_2_2B_extension,,substructure_aggregate_median,20.0,1.0,,,,0.0237003651569231,5000,H_below_validated_reduced_field
Al0.185B2Mg0.815,conventional_AlB2,mp-763,,A1,25.3,3DSC_MP,15.5,c_parent,±20-50%,S1_v3_2_2B_extension,,substructure_aggregate_median,20.0,5.0,4.273368931355641,3.5868468401630578,4.885784232727443,0.1932199963968965,5000,
Al0.185B2Mg0.815,conventional_AlB2,mp-763,,A1,25.3,3DSC_MP,15.5,c_parent,±20-50%,S1_v3_2_2B_extension,,substructure_aggregate_median,19.481,0.1,,,,0.0,5000,H_below_validated_reduced_field
Al0.185B2Mg0.815,conventional_AlB2,mp-763,,A1,25.3,3DSC_MP,15.5,c_parent,±20-50%,S1_v3_2_2B_extension,,substructure_aggregate_median,19.481,1.0,,,,0.0238976732230993,5000,H_below_validated_reduced_field
Al0.185B2Mg0.815,conventional_AlB2,mp-763,,A1,25.3,3DSC_MP,15.5,c_parent,±20-50%,S1_v3_2_2B_extension,,substructure_aggregate_median,19.481,5.0,4.319870875177763,3.6697795394701975,4.904831624032511,0.1933513618698725,5000,
Al0.19B2Mg0.81,conventional_AlB2,mp-763,,A1,30.8,3DSC_MP,15.5,c_parent,±20-50%,S1_v3_2_2B_extension,,substructure_aggregate_median,4.2,0.1,,,,0.0,5000,H_below_validated_reduced_field
Al0.19B2Mg0.81,conventional_AlB2,mp-763,,A1,30.8,3DSC_MP,15.5,c_parent,±20-50%,S1_v3_2_2B_extension,,substructure_aggregate_median,4.2,1.0,,,,0.0242485749384933,5000,H_below_validated_reduced_field
Al0.19B2Mg0.81,conventional_AlB2,mp-763,,A1,30.8,3DSC_MP,15.5,c_parent,±20-50%,S1_v3_2_2B_extension,,substructure_aggregate_median,4.2,5.0,4.9763786985300005,4.662443950924451,5.264408696891235,0.1847630904181665,5000,
Al0.19B2Mg0.81,conventional_AlB2,mp-763,,A1,30.8,3DSC_MP,15.5,c_parent,±20-50%,S1_v3_2_2B_extension,,substructure_aggregate_median,20.0,0.1,,,,0.0,5000,H_below_validated_reduced_field
Al0.19B2Mg0.81,conventional_AlB2,mp-763,,A1,30.8,3DSC_MP,15.5,c_parent,±20-50%,S1_v3_2_2B_extension,,substructure_aggregate_median,20.0,1.0,,,,0.0261144767336807,5000,H_below_validated_reduced_field
Al0.19B2Mg0.81,conventional_AlB2,mp-763,,A1,30.8,3DSC_MP,15.5,c_parent,±20-50%,S1_v3_2_2B_extension,,substructure_aggregate_median,20.0,5.0,4.519732064558616,4.028997906686251,4.987109003591003,0.1905496643154274,5000,
Al0.19B2Mg0.81,conventional_AlB2,mp-763,,A1,30.8,3DSC_MP,15.5,c_parent,±20-50%,S1_v3_2_2B_extension,,substructure_aggregate_median,23.716,0.1,,,,0.0,5000,H_below_validated_reduced_field
Al0.19B2Mg0.81,conventional_AlB2,mp-763,,A1,30.8,3DSC_MP,15.5,c_parent,±20-50%,S1_v3_2_2B_extension,,substructure_aggregate_median,23.716,1.0,,,,0.0247164970778204,5000,H_below_validated_reduced_field
Al0.19B2Mg0.81,conventional_AlB2,mp-763,,A1,30.8,3DSC_MP,15.5,c_parent,±20-50%,S1_v3_2_2B_extension,,substructure_aggregate_median,23.716,5.0,4.3029997747915365,3.666231489785893,4.894493030115037,0.1960758323926077,5000,
Al0.1B2Mg0.9,conventional_AlB2,mp-763,,A1,34.3,3DSC_MP,15.5,c_parent,±20-50%,S1_v3_2_2B_extension,,substructure_aggregate_median,4.2,0.1,,,,0.0,5000,H_below_validated_reduced_field
Al0.1B2Mg0.9,conventional_AlB2,mp-763,,A1,34.3,3DSC_MP,15.5,c_parent,±20-50%,S1_v3_2_2B_extension,,substructure_aggregate_median,4.2,1.0,,,,0.0251493678374252,5000,H_below_validated_reduced_field
Al0.1B2Mg0.9,conventional_AlB2,mp-763,,A1,34.3,3DSC_MP,15.5,c_parent,±20-50%,S1_v3_2_2B_extension,,substructure_aggregate_median,4.2,5.0,4.980622895715926,4.667268958449525,5.264406632650265,0.1844461906801937,5000,
Al0.1B2Mg0.9,conventional_AlB2,mp-763,,A1,34.3,3DSC_MP,15.5,c_parent,±20-50%,S1_v3_2_2B_extension,,substructure_aggregate_median,20.0,0.1,,,,0.0,5000,H_below_validated_reduced_field
Al0.1B2Mg0.9,conventional_AlB2,mp-763,,A1,34.3,3DSC_MP,15.5,c_parent,±20-50%,S1_v3_2_2B_extension,,substructure_aggregate_median,20.0,1.0,,,,0.0244485741738991,5000,H_below_validated_reduced_field
Al0.1B2Mg0.9,conventional_AlB2,mp-763,,A1,34.3,3DSC_MP,15.5,c_parent,±20-50%,S1_v3_2_2B_extension,,substructure_aggregate_median,20.0,5.0,4.60635456653552,4.158229897217055,5.0310216003331485,0.1898638701851807,5000,
Al0.1B2Mg0.9,conventional_AlB2,mp-763,,A1,34.3,3DSC_MP,15.5,c_parent,±20-50%,S1_v3_2_2B_extension,,substructure_aggregate_median,26.411,0.1,,,,0.0,5000,H_below_validated_reduced_field
Al0.1B2Mg0.9,conventional_AlB2,mp-763,,A1,34.3,3DSC_MP,15.5,c_parent,±20-50%,S1_v3_2_2B_extension,,substructure_aggregate_median,26.411,1.0,,,,0.0227541104577273,5000,H_below_validated_reduced_field
Al0.1B2Mg0.9,conventional_AlB2,mp-763,,A1,34.3,3DSC_MP,15.5,c_parent,±20-50%,S1_v3_2_2B_extension,,substructure_aggregate_median,26.411,5.0,4.298661803140782,3.6566942728617673,4.891550761331173,0.1952618970206749,5000,
Al0.21B2Mg0.79,conventional_AlB2,mp-763,,A1,27.1,3DSC_MP,15.5,c_parent,±20-50%,S1_v3_2_2B_extension,,substructure_aggregate_median,4.2,0.1,,,,0.0,5000,H_below_validated_reduced_field
Al0.21B2Mg0.79,conventional_AlB2,mp-763,,A1,27.1,3DSC_MP,15.5,c_parent,±20-50%,S1_v3_2_2B_extension,,substructure_aggregate_median,4.2,1.0,,,,0.0242333297955053,5000,H_below_validated_reduced_field
Al0.21B2Mg0.79,conventional_AlB2,mp-763,,A1,27.1,3DSC_MP,15.5,c_parent,±20-50%,S1_v3_2_2B_extension,,substructure_aggregate_median,4.2,5.0,4.98039196413065,4.66194451505004,5.264406632650265,0.1842723216757944,5000,
Al0.21B2Mg0.79,conventional_AlB2,mp-763,,A1,27.1,3DSC_MP,15.5,c_parent,±20-50%,S1_v3_2_2B_extension,,substructure_aggregate_median,20.0,0.1,,,,0.0,5000,H_below_validated_reduced_field
Al0.21B2Mg0.79,conventional_AlB2,mp-763,,A1,27.1,3DSC_MP,15.5,c_parent,±20-50%,S1_v3_2_2B_extension,,substructure_aggregate_median,20.0,1.0,,,,0.0238364001072488,5000,H_below_validated_reduced_field
Al0.21B2Mg0.79,conventional_AlB2,mp-763,,A1,27.1,3DSC_MP,15.5,c_parent,±20-50%,S1_v3_2_2B_extension,,substructure_aggregate_median,20.0,5.0,4.379591047492615,3.7982401211132575,4.924759181725385,0.1939328925239101,5000,
Al0.21B2Mg0.79,conventional_AlB2,mp-763,,A1,27.1,3DSC_MP,15.5,c_parent,±20-50%,S1_v3_2_2B_extension,,substructure_aggregate_median,20.867,0.1,,,,0.0,5000,H_below_validated_reduced_field
Al0.21B2Mg0.79,conventional_AlB2,mp-763,,A1,27.1,3DSC_MP,15.5,c_parent,±20-50%,S1_v3_2_2B_extension,,substructure_aggregate_median,20.867,1.0,,,,0.0238175422499207,5000,H_below_validated_reduced_field
Al0.21B2Mg0.79,conventional_AlB2,mp-763,,A1,27.1,3DSC_MP,15.5,c_parent,±20-50%,S1_v3_2_2B_extension,,substructure_aggregate_median,20.867,5.0,4.31300913952106,3.685040820174693,4.893674506847484,0.1951166312607313,5000,
Al0.29B2Mg0.71,conventional_AlB2,mp-1207086,,A1,24.0,3DSC_MP,15.5,c_parent,±20-50%,S1_v3_2_2B_extension,,substructure_aggregate_median,4.2,0.1,,,,0.0,5000,H_below_validated_reduced_field
Al0.29B2Mg0.71,conventional_AlB2,mp-1207086,,A1,24.0,3DSC_MP,15.5,c_parent,±20-50%,S1_v3_2_2B_extension,,substructure_aggregate_median,4.2,1.0,,,,0.0245198605090033,5000,H_below_validated_reduced_field
Al0.29B2Mg0.71,conventional_AlB2,mp-1207086,,A1,24.0,3DSC_MP,15.5,c_parent,±20-50%,S1_v3_2_2B_extension,,substructure_aggregate_median,4.2,5.0,4.979161227585859,4.667150606665967,5.26081579515503,0.1864077165464328,5000,
Al0.29B2Mg0.71,conventional_AlB2,mp-1207086,,A1,24.0,3DSC_MP,15.5,c_parent,±20-50%,S1_v3_2_2B_extension,,substructure_aggregate_median,20.0,0.1,,,,0.0,5000,H_below_validated_reduced_field
Al0.29B2Mg0.71,conventional_AlB2,mp-1207086,,A1,24.0,3DSC_MP,15.5,c_parent,±20-50%,S1_v3_2_2B_extension,,substructure_aggregate_median,20.0,1.0,,,,0.0236019089931769,5000,H_below_validated_reduced_field
Al0.29B2Mg0.71,conventional_AlB2,mp-1207086,,A1,24.0,3DSC_MP,15.5,c_parent,±20-50%,S1_v3_2_2B_extension,,substructure_aggregate_median,20.0,5.0,4.169777367639243,3.417553977807924,4.833818255696782,0.1933820920968614,5000,
Al0.29B2Mg0.71,conventional_AlB2,mp-1207086,,A1,24.0,3DSC_MP,15.5,c_parent,±20-50%,S1_v3_2_2B_extension,,substructure_aggregate_median,18.48,0.1,,,,0.0,5000,H_below_validated_reduced_field
Al0.29B2Mg0.71,conventional_AlB2,mp-1207086,,A1,24.0,3DSC_MP,15.5,c_parent,±20-50%,S1_v3_2_2B_extension,,substructure_aggregate_median,18.48,1.0,,,,0.0246995891760466,5000,H_below_validated_reduced_field
Al0.29B2Mg0.71,conventional_AlB2,mp-1207086,,A1,24.0,3DSC_MP,15.5,c_parent,±20-50%,S1_v3_2_2B_extension,,substructure_aggregate_median,18.48,5.0,4.332015613097519,3.7155857863380657,4.896660051887063,0.1929054821473883,5000,
Al0.2B2Mg0.8,conventional_AlB2,mp-1222150,,A1,28.71,3DSC_MP,15.5,c_parent,±20-50%,S1_v3_2_2B_extension,,substructure_aggregate_median,4.2,0.1,,,,0.0,5000,H_below_validated_reduced_field
Al0.2B2Mg0.8,conventional_AlB2,mp-1222150,,A1,28.71,3DSC_MP,15.5,c_parent,±20-50%,S1_v3_2_2B_extension,,substructure_aggregate_median,4.2,1.0,,,,0.0255405430726636,5000,H_below_validated_reduced_field
Al0.2B2Mg0.8,conventional_AlB2,mp-1222150,,A1,28.71,3DSC_MP,15.5,c_parent,±20-50%,S1_v3_2_2B_extension,,substructure_aggregate_median,4.2,5.0,4.981987504912386,4.661953624195636,5.264408696891235,0.183614180410232,5000,
Al0.2B2Mg0.8,conventional_AlB2,mp-1222150,,A1,28.71,3DSC_MP,15.5,c_parent,±20-50%,S1_v3_2_2B_extension,,substructure_aggregate_median,20.0,0.1,,,,0.0,5000,H_below_validated_reduced_field
Al0.2B2Mg0.8,conventional_AlB2,mp-1222150,,A1,28.71,3DSC_MP,15.5,c_parent,±20-50%,S1_v3_2_2B_extension,,substructure_aggregate_median,20.0,1.0,,,,0.026973341564398,5000,H_below_validated_reduced_field
Al0.2B2Mg0.8,conventional_AlB2,mp-1222150,,A1,28.71,3DSC_MP,15.5,c_parent,±20-50%,S1_v3_2_2B_extension,,substructure_aggregate_median,20.0,5.0,4.448178719680456,3.948120853915375,4.968527422986587,0.194005960982329,5000,
Al0.2B2Mg0.8,conventional_AlB2,mp-1222150,,A1,28.71,3DSC_MP,15.5,c_parent,±20-50%,S1_v3_2_2B_extension,,substructure_aggregate_median,22.1067,0.1,,,,0.0,5000,H_below_validated_reduced_field
Al0.2B2Mg0.8,conventional_AlB2,mp-1222150,,A1,28.71,3DSC_MP,15.5,c_parent,±20-50%,S1_v3_2_2B_extension,,substructure_aggregate_median,22.1067,1.0,,,,0.0244894569392624,5000,H_below_validated_reduced_field
Al0.2B2Mg0.8,conventional_AlB2,mp-1222150,,A1,28.71,3DSC_MP,15.5,c_parent,±20-50%,S1_v3_2_2B_extension,,substructure_aggregate_median,22.1067,5.0,4.305765255342217,3.724472184082236,4.9078289341562265,0.1940443946176628,5000,
Al0.5B2Mg0.5,conventional_AlB2,mp-1207086,,A1,12.9,3DSC_MP,15.5,c_parent,±20-50%,S1_v3_2_2B_extension,,substructure_aggregate_median,4.2,0.1,,,,0.0,5000,H_below_validated_reduced_field
Al0.5B2Mg0.5,conventional_AlB2,mp-1207086,,A1,12.9,3DSC_MP,15.5,c_parent,±20-50%,S1_v3_2_2B_extension,,substructure_aggregate_median,4.2,1.0,,,,0.0254347364415101,5000,H_below_validated_reduced_field
Al0.5B2Mg0.5,conventional_AlB2,mp-1207086,,A1,12.9,3DSC_MP,15.5,c_parent,±20-50%,S1_v3_2_2B_extension,,substructure_aggregate_median,4.2,5.0,4.981465135227783,4.661588655142967,5.255102393462412,0.1851151939248803,5000,
Al0.5B2Mg0.5,conventional_AlB2,mp-1207086,,A1,12.9,3DSC_MP,15.5,c_parent,±20-50%,S1_v3_2_2B_extension,,substructure_aggregate_median,20.0,0.1,,,,,5000,T_above_Tc
Al0.5B2Mg0.5,conventional_AlB2,mp-1207086,,A1,12.9,3DSC_MP,15.5,c_parent,±20-50%,S1_v3_2_2B_extension,,substructure_aggregate_median,20.0,1.0,,,,,5000,T_above_Tc
Al0.5B2Mg0.5,conventional_AlB2,mp-1207086,,A1,12.9,3DSC_MP,15.5,c_parent,±20-50%,S1_v3_2_2B_extension,,substructure_aggregate_median,20.0,5.0,,,,,5000,T_above_Tc
Al0.5B2Mg0.5,conventional_AlB2,mp-1207086,,A1,12.9,3DSC_MP,15.5,c_parent,±20-50%,S1_v3_2_2B_extension,,substructure_aggregate_median,9.933,0.1,,,,0.0,5000,H_below_validated_reduced_field
Al0.5B2Mg0.5,conventional_AlB2,mp-1207086,,A1,12.9,3DSC_MP,15.5,c_parent,±20-50%,S1_v3_2_2B_extension,,substructure_aggregate_median,9.933,1.0,,,,0.0261507197239447,5000,H_below_validated_reduced_field
Al0.5B2Mg0.5,conventional_AlB2,mp-1207086,,A1,12.9,3DSC_MP,15.5,c_parent,±20-50%,S1_v3_2_2B_extension,,substructure_aggregate_median,9.933,5.0,4.433610822730859,3.923378353178329,4.939868587084373,0.1919436769072877,5000,
Al0.69B2Mg0.31,conventional_AlB2,mp-1207086,,A1,11.1,3DSC_MP,15.5,c_parent,±20-50%,S1_v3_2_2B_extension,,substructure_aggregate_median,4.2,0.1,,,,0.0,5000,H_below_validated_reduced_field
Al0.69B2Mg0.31,conventional_AlB2,mp-1207086,,A1,11.1,3DSC_MP,15.5,c_parent,±20-50%,S1_v3_2_2B_extension,,substructure_aggregate_median,4.2,1.0,,,,0.0254594645429984,5000,H_below_validated_reduced_field
Al0.69B2Mg0.31,conventional_AlB2,mp-1207086,,A1,11.1,3DSC_MP,15.5,c_parent,±20-50%,S1_v3_2_2B_extension,,substructure_aggregate_median,4.2,5.0,4.981543337214,4.666310110214952,5.263546589996212,0.1857284068110249,5000,
Al0.69B2Mg0.31,conventional_AlB2,mp-1207086,,A1,11.1,3DSC_MP,15.5,c_parent,±20-50%,S1_v3_2_2B_extension,,substructure_aggregate_median,20.0,0.1,,,,,5000,T_above_Tc
Al0.69B2Mg0.31,conventional_AlB2,mp-1207086,,A1,11.1,3DSC_MP,15.5,c_parent,±20-50%,S1_v3_2_2B_extension,,substructure_aggregate_median,20.0,1.0,,,,,5000,T_above_Tc
Al0.69B2Mg0.31,conventional_AlB2,mp-1207086,,A1,11.1,3DSC_MP,15.5,c_parent,±20-50%,S1_v3_2_2B_extension,,substructure_aggregate_median,20.0,5.0,,,,,5000,T_above_Tc
Al0.69B2Mg0.31,conventional_AlB2,mp-1207086,,A1,11.1,3DSC_MP,15.5,c_parent,±20-50%,S1_v3_2_2B_extension,,substructure_aggregate_median,8.547,0.1,,,,0.0,5000,H_below_validated_reduced_field
Al0.69B2Mg0.31,conventional_AlB2,mp-1207086,,A1,11.1,3DSC_MP,15.5,c_parent,±20-50%,S1_v3_2_2B_extension,,substructure_aggregate_median,8.547,1.0,,,,0.0254434999133339,5000,H_below_validated_reduced_field
Al0.69B2Mg0.31,conventional_AlB2,mp-1207086,,A1,11.1,3DSC_MP,15.5,c_parent,±20-50%,S1_v3_2_2B_extension,,substructure_aggregate_median,8.547,5.0,4.47814006717811,3.989701334483387,4.962902492250607,0.1922415250755103,5000,
Al0.6B2Mg0.4,conventional_AlB2,mp-1207086,,A1,8.925,3DSC_MP,15.5,c_parent,±20-50%,S1_v3_2_2B_extension,,substructure_aggregate_median,4.2,0.1,,,,0.0,5000,H_below_validated_reduced_field
Al0.6B2Mg0.4,conventional_AlB2,mp-1207086,,A1,8.925,3DSC_MP,15.5,c_parent,±20-50%,S1_v3_2_2B_extension,,substructure_aggregate_median,4.2,1.0,,,,0.0245644095418331,5000,H_below_validated_reduced_field
Al0.6B2Mg0.4,conventional_AlB2,mp-1207086,,A1,8.925,3DSC_MP,15.5,c_parent,±20-50%,S1_v3_2_2B_extension,,substructure_aggregate_median,4.2,5.0,4.980622895715926,4.666223515771057,5.264406632650265,0.1833098582995749,5000,
Al0.6B2Mg0.4,conventional_AlB2,mp-1207086,,A1,8.925,3DSC_MP,15.5,c_parent,±20-50%,S1_v3_2_2B_extension,,substructure_aggregate_median,20.0,0.1,,,,,5000,T_above_Tc
Al0.6B2Mg0.4,conventional_AlB2,mp-1207086,,A1,8.925,3DSC_MP,15.5,c_parent,±20-50%,S1_v3_2_2B_extension,,substructure_aggregate_median,20.0,1.0,,,,,5000,T_above_Tc
Al0.6B2Mg0.4,conventional_AlB2,mp-1207086,,A1,8.925,3DSC_MP,15.5,c_parent,±20-50%,S1_v3_2_2B_extension,,substructure_aggregate_median,20.0,5.0,,,,,5000,T_above_Tc
Al0.6B2Mg0.4,conventional_AlB2,mp-1207086,,A1,8.925,3DSC_MP,15.5,c_parent,±20-50%,S1_v3_2_2B_extension,,substructure_aggregate_median,6.872250000000001,0.1,,,,0.0,5000,H_below_validated_reduced_field
Al0.6B2Mg0.4,conventional_AlB2,mp-1207086,,A1,8.925,3DSC_MP,15.5,c_parent,±20-50%,S1_v3_2_2B_extension,,substructure_aggregate_median,6.872250000000001,1.0,,,,0.0249510065050495,5000,H_below_validated_reduced_field
Al0.6B2Mg0.4,conventional_AlB2,mp-1207086,,A1,8.925,3DSC_MP,15.5,c_parent,±20-50%,S1_v3_2_2B_extension,,substructure_aggregate_median,6.872250000000001,5.0,4.554570906100084,4.075968405708618,4.993823382726523,0.1884833538944681,5000,
Au0.146B2Mg0.854,conventional_AlB2,mp-763,,A1,25.6,3DSC_MP,15.5,c_parent,±20-50%,S1_v3_2_2B_extension,,substructure_aggregate_median,4.2,0.1,,,,0.0,5000,H_below_validated_reduced_field
Au0.146B2Mg0.854,conventional_AlB2,mp-763,,A1,25.6,3DSC_MP,15.5,c_parent,±20-50%,S1_v3_2_2B_extension,,substructure_aggregate_median,4.2,1.0,,,,0.0243043023415507,5000,H_below_validated_reduced_field
Au0.146B2Mg0.854,conventional_AlB2,mp-763,,A1,25.6,3DSC_MP,15.5,c_parent,±20-50%,S1_v3_2_2B_extension,,substructure_aggregate_median,4.2,5.0,4.978628899283534,4.666176321222375,5.263500412597663,0.1864077165464328,5000,
Au0.146B2Mg0.854,conventional_AlB2,mp-763,,A1,25.6,3DSC_MP,15.5,c_parent,±20-50%,S1_v3_2_2B_extension,,substructure_aggregate_median,20.0,0.1,,,,0.0,5000,H_below_validated_reduced_field
Au0.146B2Mg0.854,conventional_AlB2,mp-763,,A1,25.6,3DSC_MP,15.5,c_parent,±20-50%,S1_v3_2_2B_extension,,substructure_aggregate_median,20.0,1.0,,,,0.0231683161959095,5000,H_below_validated_reduced_field
Au0.146B2Mg0.854,conventional_AlB2,mp-763,,A1,25.6,3DSC_MP,15.5,c_parent,±20-50%,S1_v3_2_2B_extension,,substructure_aggregate_median,20.0,5.0,4.295242524501736,3.670241525065221,4.900963314614924,0.1957948269521798,5000,
Au0.146B2Mg0.854,conventional_AlB2,mp-763,,A1,25.6,3DSC_MP,15.5,c_parent,±20-50%,S1_v3_2_2B_extension,,substructure_aggregate_median,19.712000000000003,0.1,,,,0.0,5000,H_below_validated_reduced_field
Au0.146B2Mg0.854,conventional_AlB2,mp-763,,A1,25.6,3DSC_MP,15.5,c_parent,±20-50%,S1_v3_2_2B_extension,,substructure_aggregate_median,19.712000000000003,1.0,,,,0.0236778464650475,5000,H_below_validated_reduced_field
Au0.146B2Mg0.854,conventional_AlB2,mp-763,,A1,25.6,3DSC_MP,15.5,c_parent,±20-50%,S1_v3_2_2B_extension,,substructure_aggregate_median,19.712000000000003,5.0,4.320009134797831,3.714951116341645,4.911265887998473,0.196405852881222,5000,
B2Ce0.001La0.999Rh3,conventional_AlB2,mp-3465,,A1,1.67,3DSC_MP,,pending,,,,substructure_aggregate_median,4.2,0.1,,,,,5000,Hc2_unavailable
B2Ce0.001La0.999Rh3,conventional_AlB2,mp-3465,,A1,1.67,3DSC_MP,,pending,,,,substructure_aggregate_median,4.2,1.0,,,,,5000,Hc2_unavailable
B2Ce0.001La0.999Rh3,conventional_AlB2,mp-3465,,A1,1.67,3DSC_MP,,pending,,,,substructure_aggregate_median,4.2,5.0,,,,,5000,Hc2_unavailable
B2Ce0.001La0.999Rh3,conventional_AlB2,mp-3465,,A1,1.67,3DSC_MP,,pending,,,,substructure_aggregate_median,20.0,0.1,,,,,5000,Hc2_unavailable
B2Ce0.001La0.999Rh3,conventional_AlB2,mp-3465,,A1,1.67,3DSC_MP,,pending,,,,substructure_aggregate_median,20.0,1.0,,,,,5000,Hc2_unavailable
B2Ce0.001La0.999Rh3,conventional_AlB2,mp-3465,,A1,1.67,3DSC_MP,,pending,,,,substructure_aggregate_median,20.0,5.0,,,,,5000,Hc2_unavailable
B2Ce0.001La0.999Rh3,conventional_AlB2,mp-3465,,A1,1.67,3DSC_MP,,pending,,,,substructure_aggregate_median,1.2859,0.1,14.86769234464299,8.070149957497122,24.529730054687924,,5000,Hc2_unavailable
B2Ce0.001La0.999Rh3,conventional_AlB2,mp-3465,,A1,1.67,3DSC_MP,,pending,,,,substructure_aggregate_median,1.2859,1.0,14.86769234464299,8.070149957497122,24.529730054687924,,5000,Hc2_unavailable
B2Ce0.001La0.999Rh3,conventional_AlB2,mp-3465,,A1,1.67,3DSC_MP,,pending,,,,substructure_aggregate_median,1.2859,5.0,14.86769234464299,8.070149957497122,24.529730054687924,,5000,Hc2_unavailable
B2Ce0.002La0.998Rh3,conventional_AlB2,mp-3465,,A1,1.07,3DSC_MP,,pending,,,,substructure_aggregate_median,4.2,0.1,,,,,5000,Hc2_unavailable
B2Ce0.002La0.998Rh3,conventional_AlB2,mp-3465,,A1,1.07,3DSC_MP,,pending,,,,substructure_aggregate_median,4.2,1.0,,,,,5000,Hc2_unavailable
B2Ce0.002La0.998Rh3,conventional_AlB2,mp-3465,,A1,1.07,3DSC_MP,,pending,,,,substructure_aggregate_median,4.2,5.0,,,,,5000,Hc2_unavailable
B2Ce0.002La0.998Rh3,conventional_AlB2,mp-3465,,A1,1.07,3DSC_MP,,pending,,,,substructure_aggregate_median,20.0,0.1,,,,,5000,Hc2_unavailable
B2Ce0.002La0.998Rh3,conventional_AlB2,mp-3465,,A1,1.07,3DSC_MP,,pending,,,,substructure_aggregate_median,20.0,1.0,,,,,5000,Hc2_unavailable
B2Ce0.002La0.998Rh3,conventional_AlB2,mp-3465,,A1,1.07,3DSC_MP,,pending,,,,substructure_aggregate_median,20.0,5.0,,,,,5000,Hc2_unavailable
B2Ce0.002La0.998Rh3,conventional_AlB2,mp-3465,,A1,1.07,3DSC_MP,,pending,,,,substructure_aggregate_median,0.8239000000000001,0.1,14.853201201835986,8.040184598625256,24.545614254923283,,5000,Hc2_unavailable
B2Ce0.002La0.998Rh3,conventional_AlB2,mp-3465,,A1,1.07,3DSC_MP,,pending,,,,substructure_aggregate_median,0.8239000000000001,1.0,14.853201201835986,8.040184598625256,24.545614254923283,,5000,Hc2_unavailable
B2Ce0.002La0.998Rh3,conventional_AlB2,mp-3465,,A1,1.07,3DSC_MP,,pending,,,,substructure_aggregate_median,0.8239000000000001,5.0,14.853201201835986,8.040184598625256,24.545614254923283,,5000,Hc2_unavailable
B2Ce0.003La0.997Rh3,conventional_AlB2,mp-3465,,A1,0.38,3DSC_MP,,pending,,,,substructure_aggregate_median,4.2,0.1,,,,,5000,Hc2_unavailable
B2Ce0.003La0.997Rh3,conventional_AlB2,mp-3465,,A1,0.38,3DSC_MP,,pending,,,,substructure_aggregate_median,4.2,1.0,,,,,5000,Hc2_unavailable
B2Ce0.003La0.997Rh3,conventional_AlB2,mp-3465,,A1,0.38,3DSC_MP,,pending,,,,substructure_aggregate_median,4.2,5.0,,,,,5000,Hc2_unavailable
B2Ce0.003La0.997Rh3,conventional_AlB2,mp-3465,,A1,0.38,3DSC_MP,,pending,,,,substructure_aggregate_median,20.0,0.1,,,,,5000,Hc2_unavailable
B2Ce0.003La0.997Rh3,conventional_AlB2,mp-3465,,A1,0.38,3DSC_MP,,pending,,,,substructure_aggregate_median,20.0,1.0,,,,,5000,Hc2_unavailable
B2Ce0.003La0.997Rh3,conventional_AlB2,mp-3465,,A1,0.38,3DSC_MP,,pending,,,,substructure_aggregate_median,20.0,5.0,,,,,5000,Hc2_unavailable
B2Ce0.003La0.997Rh3,conventional_AlB2,mp-3465,,A1,0.38,3DSC_MP,,pending,,,,substructure_aggregate_median,0.2926,0.1,14.853201201835986,8.060760345035954,19.48252987467516,,5000,Hc2_unavailable
B2Ce0.003La0.997Rh3,conventional_AlB2,mp-3465,,A1,0.38,3DSC_MP,,pending,,,,substructure_aggregate_median,0.2926,1.0,14.853201201835986,8.060760345035954,19.48252987467516,,5000,Hc2_unavailable
B2Ce0.003La0.997Rh3,conventional_AlB2,mp-3465,,A1,0.38,3DSC_MP,,pending,,,,substructure_aggregate_median,0.2926,5.0,14.853201201835986,8.060760345035954,19.48252987467516,,5000,Hc2_unavailable
B2Ce1Ru3,conventional_AlB2,mp-5940,,A1,0.55,3DSC_MP,,pending,,,,substructure_aggregate_median,4.2,0.1,,,,,5000,Hc2_unavailable
B2Ce1Ru3,conventional_AlB2,mp-5940,,A1,0.55,3DSC_MP,,pending,,,,substructure_aggregate_median,4.2,1.0,,,,,5000,Hc2_unavailable
B2Ce1Ru3,conventional_AlB2,mp-5940,,A1,0.55,3DSC_MP,,pending,,,,substructure_aggregate_median,4.2,5.0,,,,,5000,Hc2_unavailable
B2Ce1Ru3,conventional_AlB2,mp-5940,,A1,0.55,3DSC_MP,,pending,,,,substructure_aggregate_median,20.0,0.1,,,,,5000,Hc2_unavailable
B2Ce1Ru3,conventional_AlB2,mp-5940,,A1,0.55,3DSC_MP,,pending,,,,substructure_aggregate_median,20.0,1.0,,,,,5000,Hc2_unavailable
B2Ce1Ru3,conventional_AlB2,mp-5940,,A1,0.55,3DSC_MP,,pending,,,,substructure_aggregate_median,20.0,5.0,,,,,5000,Hc2_unavailable
B2Ce1Ru3,conventional_AlB2,mp-5940,,A1,0.55,3DSC_MP,,pending,,,,substructure_aggregate_median,0.4235,0.1,14.853201201835986,8.051370732574785,19.707803132786864,,5000,Hc2_unavailable
B2Ce1Ru3,conventional_AlB2,mp-5940,,A1,0.55,3DSC_MP,,pending,,,,substructure_aggregate_median,0.4235,1.0,14.853201201835986,8.051370732574785,19.707803132786864,,5000,Hc2_unavailable
B2Ce1Ru3,conventional_AlB2,mp-5940,,A1,0.55,3DSC_MP,,pending,,,,substructure_aggregate_median,0.4235,5.0,14.853201201835986,8.051370732574785,19.707803132786864,,5000,Hc2_unavailable
B2Co0.01Mg0.99,conventional_AlB2,mp-763,,A1,37.1,3DSC_MP,15.5,c_parent,±20-50%,S1_v3_2_2B_extension,,substructure_aggregate_median,4.2,0.1,,,,0.0,5000,H_below_validated_reduced_field
B2Co0.01Mg0.99,conventional_AlB2,mp-763,,A1,37.1,3DSC_MP,15.5,c_parent,±20-50%,S1_v3_2_2B_extension,,substructure_aggregate_median,4.2,1.0,,,,0.0254594645429984,5000,H_below_validated_reduced_field
B2Co0.01Mg0.99,conventional_AlB2,mp-763,,A1,37.1,3DSC_MP,15.5,c_parent,±20-50%,S1_v3_2_2B_extension,,substructure_aggregate_median,4.2,5.0,4.980507429923287,4.655341231936519,5.26082830090082,0.1841264042334858,5000,
B2Co0.01Mg0.99,conventional_AlB2,mp-763,,A1,37.1,3DSC_MP,15.5,c_parent,±20-50%,S1_v3_2_2B_extension,,substructure_aggregate_median,20.0,0.1,,,,0.0,5000,H_below_validated_reduced_field
B2Co0.01Mg0.99,conventional_AlB2,mp-763,,A1,37.1,3DSC_MP,15.5,c_parent,±20-50%,S1_v3_2_2B_extension,,substructure_aggregate_median,20.0,1.0,,,,0.0253201807052034,5000,H_below_validated_reduced_field
B2Co0.01Mg0.99,conventional_AlB2,mp-763,,A1,37.1,3DSC_MP,15.5,c_parent,±20-50%,S1_v3_2_2B_extension,,substructure_aggregate_median,20.0,5.0,4.648430853561258,4.2235664765268215,5.038416299880808,0.1904074492495997,5000,
B2Co0.01Mg0.99,conventional_AlB2,mp-763,,A1,37.1,3DSC_MP,15.5,c_parent,±20-50%,S1_v3_2_2B_extension,,substructure_aggregate_median,28.567,0.1,,,,0.0,5000,H_below_validated_reduced_field
B2Co0.01Mg0.99,conventional_AlB2,mp-763,,A1,37.1,3DSC_MP,15.5,c_parent,±20-50%,S1_v3_2_2B_extension,,substructure_aggregate_median,28.567,1.0,,,,0.0254629701758117,5000,H_below_validated_reduced_field
B2Co0.01Mg0.99,conventional_AlB2,mp-763,,A1,37.1,3DSC_MP,15.5,c_parent,±20-50%,S1_v3_2_2B_extension,,substructure_aggregate_median,28.567,5.0,4.28786964221526,3.626041351728821,4.889740984924347,0.1928661193175154,5000,
B2Co0.02Mg0.98,conventional_AlB2,mp-763,,A1,37.4,3DSC_MP,15.5,c_parent,±20-50%,S1_v3_2_2B_extension,,substructure_aggregate_median,4.2,0.1,,,,0.0,5000,H_below_validated_reduced_field
B2Co0.02Mg0.98,conventional_AlB2,mp-763,,A1,37.4,3DSC_MP,15.5,c_parent,±20-50%,S1_v3_2_2B_extension,,substructure_aggregate_median,4.2,1.0,,,,0.0254594645429984,5000,H_below_validated_reduced_field
B2Co0.02Mg0.98,conventional_AlB2,mp-763,,A1,37.4,3DSC_MP,15.5,c_parent,±20-50%,S1_v3_2_2B_extension,,substructure_aggregate_median,4.2,5.0,4.978912482618636,4.651889285545567,5.263546589996212,0.1857963139965308,5000,
B2Co0.02Mg0.98,conventional_AlB2,mp-763,,A1,37.4,3DSC_MP,15.5,c_parent,±20-50%,S1_v3_2_2B_extension,,substructure_aggregate_median,20.0,0.1,,,,0.0,5000,H_below_validated_reduced_field
B2Co0.02Mg0.98,conventional_AlB2,mp-763,,A1,37.4,3DSC_MP,15.5,c_parent,±20-50%,S1_v3_2_2B_extension,,substructure_aggregate_median,20.0,1.0,,,,0.0239565291608556,5000,H_below_validated_reduced_field
B2Co0.02Mg0.98,conventional_AlB2,mp-763,,A1,37.4,3DSC_MP,15.5,c_parent,±20-50%,S1_v3_2_2B_extension,,substructure_aggregate_median,20.0,5.0,4.656320338317912,4.244587523903577,5.051259964682015,0.1921336025563329,5000,
B2Co0.02Mg0.98,conventional_AlB2,mp-763,,A1,37.4,3DSC_MP,15.5,c_parent,±20-50%,S1_v3_2_2B_extension,,substructure_aggregate_median,28.798,0.1,,,,0.0,5000,H_below_validated_reduced_field
B2Co0.02Mg0.98,conventional_AlB2,mp-763,,A1,37.4,3DSC_MP,15.5,c_parent,±20-50%,S1_v3_2_2B_extension,,substructure_aggregate_median,28.798,1.0,,,,0.0251514986099321,5000,H_below_validated_reduced_field
B2Co0.02Mg0.98,conventional_AlB2,mp-763,,A1,37.4,3DSC_MP,15.5,c_parent,±20-50%,S1_v3_2_2B_extension,,substructure_aggregate_median,28.798,5.0,4.289054448988412,3.732773103471057,4.894799770240639,0.1940448363507521,5000,
B2Co0.03Mg0.97,conventional_AlB2,mp-763,,A1,36.2,3DSC_MP,15.5,c_parent,±20-50%,S1_v3_2_2B_extension,,substructure_aggregate_median,4.2,0.1,,,,0.0,5000,H_below_validated_reduced_field
B2Co0.03Mg0.97,conventional_AlB2,mp-763,,A1,36.2,3DSC_MP,15.5,c_parent,±20-50%,S1_v3_2_2B_extension,,substructure_aggregate_median,4.2,1.0,,,,0.0243811898529768,5000,H_below_validated_reduced_field
B2Co0.03Mg0.97,conventional_AlB2,mp-763,,A1,36.2,3DSC_MP,15.5,c_parent,±20-50%,S1_v3_2_2B_extension,,substructure_aggregate_median,4.2,5.0,4.9763786985300005,4.658087464905135,5.258474867104329,0.1821084352748663,5000,
B2Co0.03Mg0.97,conventional_AlB2,mp-763,,A1,36.2,3DSC_MP,15.5,c_parent,±20-50%,S1_v3_2_2B_extension,,substructure_aggregate_median,20.0,0.1,,,,0.0,5000,H_below_validated_reduced_field
B2Co0.03Mg0.97,conventional_AlB2,mp-763,,A1,36.2,3DSC_MP,15.5,c_parent,±20-50%,S1_v3_2_2B_extension,,substructure_aggregate_median,20.0,1.0,,,,0.0244401390438957,5000,H_below_validated_reduced_field
B2Co0.03Mg0.97,conventional_AlB2,mp-763,,A1,36.2,3DSC_MP,15.5,c_parent,±20-50%,S1_v3_2_2B_extension,,substructure_aggregate_median,20.0,5.0,4.633501433131614,4.213573484782817,5.047761293708607,0.192670767028054,5000,
B2Co0.03Mg0.97,conventional_AlB2,mp-763,,A1,36.2,3DSC_MP,15.5,c_parent,±20-50%,S1_v3_2_2B_extension,,substructure_aggregate_median,27.874,0.1,,,,0.0,5000,H_below_validated_reduced_field
B2Co0.03Mg0.97,conventional_AlB2,mp-763,,A1,36.2,3DSC_MP,15.5,c_parent,±20-50%,S1_v3_2_2B_extension,,substructure_aggregate_median,27.874,1.0,,,,0.0252764068725745,5000,H_below_validated_reduced_field
B2Co0.03Mg0.97,conventional_AlB2,mp-763,,A1,36.2,3DSC_MP,15.5,c_parent,±20-50%,S1_v3_2_2B_extension,,substructure_aggregate_median,27.874,5.0,4.2866796184957625,3.66814258917465,4.889701557386512,0.1943546085617109,5000,
B2Co0.1Mg0.9,conventional_AlB2,mp-763,,A1,34.5,3DSC_MP,15.5,c_parent,±20-50%,S1_v3_2_2B_extension,,substructure_aggregate_median,4.2,0.1,,,,0.0,5000,H_below_validated_reduced_field
B2Co0.1Mg0.9,conventional_AlB2,mp-763,,A1,34.5,3DSC_MP,15.5,c_parent,±20-50%,S1_v3_2_2B_extension,,substructure_aggregate_median,4.2,1.0,,,,0.0246463674043102,5000,H_below_validated_reduced_field
B2Co0.1Mg0.9,conventional_AlB2,mp-763,,A1,34.5,3DSC_MP,15.5,c_parent,±20-50%,S1_v3_2_2B_extension,,substructure_aggregate_median,4.2,5.0,4.978895063434697,4.655327540514675,5.256702552765383,0.1853988192590838,5000,
B2Co0.1Mg0.9,conventional_AlB2,mp-763,,A1,34.5,3DSC_MP,15.5,c_parent,±20-50%,S1_v3_2_2B_extension,,substructure_aggregate_median,20.0,0.1,,,,0.0,5000,H_below_validated_reduced_field
B2Co0.1Mg0.9,conventional_AlB2,mp-763,,A1,34.5,3DSC_MP,15.5,c_parent,±20-50%,S1_v3_2_2B_extension,,substructure_aggregate_median,20.0,1.0,,,,0.0245289239495782,5000,H_below_validated_reduced_field
B2Co0.1Mg0.9,conventional_AlB2,mp-763,,A1,34.5,3DSC_MP,15.5,c_parent,±20-50%,S1_v3_2_2B_extension,,substructure_aggregate_median,20.0,5.0,4.615144834324527,4.15718315889547,5.028828241857193,0.1873300266158146,5000,
B2Co0.1Mg0.9,conventional_AlB2,mp-763,,A1,34.5,3DSC_MP,15.5,c_parent,±20-50%,S1_v3_2_2B_extension,,substructure_aggregate_median,26.565,0.1,,,,0.0,5000,H_below_validated_reduced_field
B2Co0.1Mg0.9,conventional_AlB2,mp-763,,A1,34.5,3DSC_MP,15.5,c_parent,±20-50%,S1_v3_2_2B_extension,,substructure_aggregate_median,26.565,1.0,,,,0.0227006366650055,5000,H_below_validated_reduced_field
B2Co0.1Mg0.9,conventional_AlB2,mp-763,,A1,34.5,3DSC_MP,15.5,c_parent,±20-50%,S1_v3_2_2B_extension,,substructure_aggregate_median,26.565,5.0,4.300371452351628,3.68589168924717,4.8919565742623465,0.191489868627622,5000,
B2Cr0.01Mg0.99,conventional_AlB2,mp-763,,A1,36.7,3DSC_MP,15.5,c_parent,±20-50%,S1_v3_2_2B_extension,,substructure_aggregate_median,4.2,0.1,,,,0.0,5000,H_below_validated_reduced_field
B2Cr0.01Mg0.99,conventional_AlB2,mp-763,,A1,36.7,3DSC_MP,15.5,c_parent,±20-50%,S1_v3_2_2B_extension,,substructure_aggregate_median,4.2,1.0,,,,0.0257448331470833,5000,H_below_validated_reduced_field
B2Cr0.01Mg0.99,conventional_AlB2,mp-763,,A1,36.7,3DSC_MP,15.5,c_parent,±20-50%,S1_v3_2_2B_extension,,substructure_aggregate_median,4.2,5.0,4.97994781687558,4.661544720035862,5.269583657060885,0.1842429029214312,5000,
B2Cr0.01Mg0.99,conventional_AlB2,mp-763,,A1,36.7,3DSC_MP,15.5,c_parent,±20-50%,S1_v3_2_2B_extension,,substructure_aggregate_median,20.0,0.1,,,,0.0,5000,H_below_validated_reduced_field
B2Cr0.01Mg0.99,conventional_AlB2,mp-763,,A1,36.7,3DSC_MP,15.5,c_parent,±20-50%,S1_v3_2_2B_extension,,substructure_aggregate_median,20.0,1.0,,,,0.0248114281987197,5000,H_below_validated_reduced_field
B2Cr0.01Mg0.99,conventional_AlB2,mp-763,,A1,36.7,3DSC_MP,15.5,c_parent,±20-50%,S1_v3_2_2B_extension,,substructure_aggregate_median,20.0,5.0,4.6458029975844415,4.208488896220804,5.038844296162517,0.1913761681161716,5000,
B2Cr0.01Mg0.99,conventional_AlB2,mp-763,,A1,36.7,3DSC_MP,15.5,c_parent,±20-50%,S1_v3_2_2B_extension,,substructure_aggregate_median,28.259000000000004,0.1,,,,0.0,5000,H_below_validated_reduced_field
B2Cr0.01Mg0.99,conventional_AlB2,mp-763,,A1,36.7,3DSC_MP,15.5,c_parent,±20-50%,S1_v3_2_2B_extension,,substructure_aggregate_median,28.259000000000004,1.0,,,,0.0230205624544685,5000,H_below_validated_reduced_field
B2Cr0.01Mg0.99,conventional_AlB2,mp-763,,A1,36.7,3DSC_MP,15.5,c_parent,±20-50%,S1_v3_2_2B_extension,,substructure_aggregate_median,28.259000000000004,5.0,4.291064764818264,3.662641160104017,4.880426147180542,0.1967339305842923,5000,
B2Cr0.02Mg0.98,conventional_AlB2,mp-763,,A1,35.3,3DSC_MP,15.5,c_parent,±20-50%,S1_v3_2_2B_extension,,substructure_aggregate_median,4.2,0.1,,,,0.0,5000,H_below_validated_reduced_field
B2Cr0.02Mg0.98,conventional_AlB2,mp-763,,A1,35.3,3DSC_MP,15.5,c_parent,±20-50%,S1_v3_2_2B_extension,,substructure_aggregate_median,4.2,1.0,,,,0.0262821365304821,5000,H_below_validated_reduced_field
B2Cr0.02Mg0.98,conventional_AlB2,mp-763,,A1,35.3,3DSC_MP,15.5,c_parent,±20-50%,S1_v3_2_2B_extension,,substructure_aggregate_median,4.2,5.0,4.981543337214,4.666310110214952,5.263524537620467,0.1841835298952858,5000,
B2Cr0.02Mg0.98,conventional_AlB2,mp-763,,A1,35.3,3DSC_MP,15.5,c_parent,±20-50%,S1_v3_2_2B_extension,,substructure_aggregate_median,20.0,0.1,,,,0.0,5000,H_below_validated_reduced_field
B2Cr0.02Mg0.98,conventional_AlB2,mp-763,,A1,35.3,3DSC_MP,15.5,c_parent,±20-50%,S1_v3_2_2B_extension,,substructure_aggregate_median,20.0,1.0,,,,0.0246273997108081,5000,H_below_validated_reduced_field
B2Cr0.02Mg0.98,conventional_AlB2,mp-763,,A1,35.3,3DSC_MP,15.5,c_parent,±20-50%,S1_v3_2_2B_extension,,substructure_aggregate_median,20.0,5.0,4.626999148297832,4.191078905301291,5.03512783635325,0.1899911995564958,5000,
B2Cr0.02Mg0.98,conventional_AlB2,mp-763,,A1,35.3,3DSC_MP,15.5,c_parent,±20-50%,S1_v3_2_2B_extension,,substructure_aggregate_median,27.181,0.1,,,,0.0,5000,H_below_validated_reduced_field
B2Cr0.02Mg0.98,conventional_AlB2,mp-763,,A1,35.3,3DSC_MP,15.5,c_parent,±20-50%,S1_v3_2_2B_extension,,substructure_aggregate_median,27.181,1.0,,,,0.0251034331034087,5000,H_below_validated_reduced_field
B2Cr0.02Mg0.98,conventional_AlB2,mp-763,,A1,35.3,3DSC_MP,15.5,c_parent,±20-50%,S1_v3_2_2B_extension,,substructure_aggregate_median,27.181,5.0,4.303224905715002,3.6980241182361953,4.89998122531752,0.1935981061715832,5000,
B2Cr0.03Mg0.97,conventional_AlB2,mp-763,,A1,35.1,3DSC_MP,15.5,c_parent,±20-50%,S1_v3_2_2B_extension,,substructure_aggregate_median,4.2,0.1,,,,0.0,5000,H_below_validated_reduced_field
B2Cr0.03Mg0.97,conventional_AlB2,mp-763,,A1,35.1,3DSC_MP,15.5,c_parent,±20-50%,S1_v3_2_2B_extension,,substructure_aggregate_median,4.2,1.0,,,,0.0244474711714017,5000,H_below_validated_reduced_field
B2Cr0.03Mg0.97,conventional_AlB2,mp-763,,A1,35.1,3DSC_MP,15.5,c_parent,±20-50%,S1_v3_2_2B_extension,,substructure_aggregate_median,4.2,5.0,4.980622895715926,4.657563454596022,5.271600867811023,0.185158858444387,5000,
B2Cr0.03Mg0.97,conventional_AlB2,mp-763,,A1,35.1,3DSC_MP,15.5,c_parent,±20-50%,S1_v3_2_2B_extension,,substructure_aggregate_median,20.0,0.1,,,,0.0,5000,H_below_validated_reduced_field
B2Cr0.03Mg0.97,conventional_AlB2,mp-763,,A1,35.1,3DSC_MP,15.5,c_parent,±20-50%,S1_v3_2_2B_extension,,substructure_aggregate_median,20.0,1.0,,,,0.0244289392595646,5000,H_below_validated_reduced_field
B2Cr0.03Mg0.97,conventional_AlB2,mp-763,,A1,35.1,3DSC_MP,15.5,c_parent,±20-50%,S1_v3_2_2B_extension,,substructure_aggregate_median,20.0,5.0,4.621395946507317,4.183831450689021,5.028882183080567,0.1904940659179281,5000,
B2Cr0.03Mg0.97,conventional_AlB2,mp-763,,A1,35.1,3DSC_MP,15.5,c_parent,±20-50%,S1_v3_2_2B_extension,,substructure_aggregate_median,27.027,0.1,,,,0.0,5000,H_below_validated_reduced_field
B2Cr0.03Mg0.97,conventional_AlB2,mp-763,,A1,35.1,3DSC_MP,15.5,c_parent,±20-50%,S1_v3_2_2B_extension,,substructure_aggregate_median,27.027,1.0,,,,0.0227223137211485,5000,H_below_validated_reduced_field
B2Cr0.03Mg0.97,conventional_AlB2,mp-763,,A1,35.1,3DSC_MP,15.5,c_parent,±20-50%,S1_v3_2_2B_extension,,substructure_aggregate_median,27.027,5.0,4.297582967934322,3.69403568591728,4.885166431226193,0.1959657534667416,5000,
B2Cu0.004Mg0.996,conventional_AlB2,mp-763,,A1,38.11,3DSC_MP,15.5,c_parent,±20-50%,S1_v3_2_2B_extension,,substructure_aggregate_median,4.2,0.1,,,,0.0,5000,H_below_validated_reduced_field
B2Cu0.004Mg0.996,conventional_AlB2,mp-763,,A1,38.11,3DSC_MP,15.5,c_parent,±20-50%,S1_v3_2_2B_extension,,substructure_aggregate_median,4.2,1.0,,,,0.023854965423002,5000,H_below_validated_reduced_field
B2Cu0.004Mg0.996,conventional_AlB2,mp-763,,A1,38.11,3DSC_MP,15.5,c_parent,±20-50%,S1_v3_2_2B_extension,,substructure_aggregate_median,4.2,5.0,4.975326348157319,4.6615651292183,5.264931825178314,0.1845036098240786,5000,
B2Cu0.004Mg0.996,conventional_AlB2,mp-763,,A1,38.11,3DSC_MP,15.5,c_parent,±20-50%,S1_v3_2_2B_extension,,substructure_aggregate_median,20.0,0.1,,,,0.0,5000,H_below_validated_reduced_field
B2Cu0.004Mg0.996,conventional_AlB2,mp-763,,A1,38.11,3DSC_MP,15.5,c_parent,±20-50%,S1_v3_2_2B_extension,,substructure_aggregate_median,20.0,1.0,,,,0.0236563746409883,5000,H_below_validated_reduced_field
B2Cu0.004Mg0.996,conventional_AlB2,mp-763,,A1,38.11,3DSC_MP,15.5,c_parent,±20-50%,S1_v3_2_2B_extension,,substructure_aggregate_median,20.0,5.0,4.661351398763664,4.24660172655291,5.0477236485058965,0.1897889028646178,5000,
B2Cu0.004Mg0.996,conventional_AlB2,mp-763,,A1,38.11,3DSC_MP,15.5,c_parent,±20-50%,S1_v3_2_2B_extension,,substructure_aggregate_median,29.3447,0.1,,,,0.0,5000,H_below_validated_reduced_field
B2Cu0.004Mg0.996,conventional_AlB2,mp-763,,A1,38.11,3DSC_MP,15.5,c_parent,±20-50%,S1_v3_2_2B_extension,,substructure_aggregate_median,29.3447,1.0,,,,0.0252562991392251,5000,H_below_validated_reduced_field
B2Cu0.004Mg0.996,conventional_AlB2,mp-763,,A1,38.11,3DSC_MP,15.5,c_parent,±20-50%,S1_v3_2_2B_extension,,substructure_aggregate_median,29.3447,5.0,4.286694083260439,3.6992218781197495,4.880706916567631,0.1925374488504569,5000,
B2Cu0.011Mg0.989,conventional_AlB2,mp-763,,A1,38.05,3DSC_MP,15.5,c_parent,±20-50%,S1_v3_2_2B_extension,,substructure_aggregate_median,4.2,0.1,,,,0.0,5000,H_below_validated_reduced_field
B2Cu0.011Mg0.989,conventional_AlB2,mp-763,,A1,38.05,3DSC_MP,15.5,c_parent,±20-50%,S1_v3_2_2B_extension,,substructure_aggregate_median,4.2,1.0,,,,0.0234457150947982,5000,H_below_validated_reduced_field
B2Cu0.011Mg0.989,conventional_AlB2,mp-763,,A1,38.05,3DSC_MP,15.5,c_parent,±20-50%,S1_v3_2_2B_extension,,substructure_aggregate_median,4.2,5.0,4.980622895715926,4.66194451505004,5.260069290786695,0.1849636369458869,5000,
B2Cu0.011Mg0.989,conventional_AlB2,mp-763,,A1,38.05,3DSC_MP,15.5,c_parent,±20-50%,S1_v3_2_2B_extension,,substructure_aggregate_median,20.0,0.1,,,,0.0,5000,H_below_validated_reduced_field
B2Cu0.011Mg0.989,conventional_AlB2,mp-763,,A1,38.05,3DSC_MP,15.5,c_parent,±20-50%,S1_v3_2_2B_extension,,substructure_aggregate_median,20.0,1.0,,,,0.024528583990655,5000,H_below_validated_reduced_field
B2Cu0.011Mg0.989,conventional_AlB2,mp-763,,A1,38.05,3DSC_MP,15.5,c_parent,±20-50%,S1_v3_2_2B_extension,,substructure_aggregate_median,20.0,5.0,4.663038039472059,4.249063718683685,5.046402246952853,0.1881114181889467,5000,
B2Cu0.011Mg0.989,conventional_AlB2,mp-763,,A1,38.05,3DSC_MP,15.5,c_parent,±20-50%,S1_v3_2_2B_extension,,substructure_aggregate_median,29.2985,0.1,,,,0.0,5000,H_below_validated_reduced_field
B2Cu0.011Mg0.989,conventional_AlB2,mp-763,,A1,38.05,3DSC_MP,15.5,c_parent,±20-50%,S1_v3_2_2B_extension,,substructure_aggregate_median,29.2985,1.0,,,,0.0237541175846978,5000,H_below_validated_reduced_field
B2Cu0.011Mg0.989,conventional_AlB2,mp-763,,A1,38.05,3DSC_MP,15.5,c_parent,±20-50%,S1_v3_2_2B_extension,,substructure_aggregate_median,29.2985,5.0,4.285830036199902,3.658078402693467,4.878205593202277,0.1951659617215853,5000,
B2Cu0.018Mg0.982,conventional_AlB2,mp-763,,A1,37.8,3DSC_MP,15.5,c_parent,±20-50%,S1_v3_2_2B_extension,,substructure_aggregate_median,4.2,0.1,,,,0.0,5000,H_below_validated_reduced_field
B2Cu0.018Mg0.982,conventional_AlB2,mp-763,,A1,37.8,3DSC_MP,15.5,c_parent,±20-50%,S1_v3_2_2B_extension,,substructure_aggregate_median,4.2,1.0,,,,0.0239948834593759,5000,H_below_validated_reduced_field
B2Cu0.018Mg0.982,conventional_AlB2,mp-763,,A1,37.8,3DSC_MP,15.5,c_parent,±20-50%,S1_v3_2_2B_extension,,substructure_aggregate_median,4.2,5.0,4.98039196413065,4.657914814423946,5.255017020189096,0.1837761800861779,5000,
B2Cu0.018Mg0.982,conventional_AlB2,mp-763,,A1,37.8,3DSC_MP,15.5,c_parent,±20-50%,S1_v3_2_2B_extension,,substructure_aggregate_median,20.0,0.1,,,,0.0,5000,H_below_validated_reduced_field
B2Cu0.018Mg0.982,conventional_AlB2,mp-763,,A1,37.8,3DSC_MP,15.5,c_parent,±20-50%,S1_v3_2_2B_extension,,substructure_aggregate_median,20.0,1.0,,,,0.0242349974142026,5000,H_below_validated_reduced_field
B2Cu0.018Mg0.982,conventional_AlB2,mp-763,,A1,37.8,3DSC_MP,15.5,c_parent,±20-50%,S1_v3_2_2B_extension,,substructure_aggregate_median,20.0,5.0,4.664172564456719,4.238024840881443,5.046903336026763,0.1906166275364018,5000,
B2Cu0.018Mg0.982,conventional_AlB2,mp-763,,A1,37.8,3DSC_MP,15.5,c_parent,±20-50%,S1_v3_2_2B_extension,,substructure_aggregate_median,29.106,0.1,,,,0.0,5000,H_below_validated_reduced_field
B2Cu0.018Mg0.982,conventional_AlB2,mp-763,,A1,37.8,3DSC_MP,15.5,c_parent,±20-50%,S1_v3_2_2B_extension,,substructure_aggregate_median,29.106,1.0,,,,0.0241456790058229,5000,H_below_validated_reduced_field
B2Cu0.018Mg0.982,conventional_AlB2,mp-763,,A1,37.8,3DSC_MP,15.5,c_parent,±20-50%,S1_v3_2_2B_extension,,substructure_aggregate_median,29.106,5.0,4.287796564730518,3.6562877910806586,4.879676138681235,0.1935984619443447,5000,
B2Cu0.03Mg0.97,conventional_AlB2,mp-763,,A1,37.58,3DSC_MP,15.5,c_parent,±20-50%,S1_v3_2_2B_extension,,substructure_aggregate_median,4.2,0.1,,,,0.0,5000,H_below_validated_reduced_field
B2Cu0.03Mg0.97,conventional_AlB2,mp-763,,A1,37.58,3DSC_MP,15.5,c_parent,±20-50%,S1_v3_2_2B_extension,,substructure_aggregate_median,4.2,1.0,,,,0.0246463674043102,5000,H_below_validated_reduced_field
B2Cu0.03Mg0.97,conventional_AlB2,mp-763,,A1,37.58,3DSC_MP,15.5,c_parent,±20-50%,S1_v3_2_2B_extension,,substructure_aggregate_median,4.2,5.0,4.9763786985300005,4.666223515771057,5.265495856664213,0.1843524931608131,5000,
B2Cu0.03Mg0.97,conventional_AlB2,mp-763,,A1,37.58,3DSC_MP,15.5,c_parent,±20-50%,S1_v3_2_2B_extension,,substructure_aggregate_median,20.0,0.1,,,,0.0,5000,H_below_validated_reduced_field
B2Cu0.03Mg0.97,conventional_AlB2,mp-763,,A1,37.58,3DSC_MP,15.5,c_parent,±20-50%,S1_v3_2_2B_extension,,substructure_aggregate_median,20.0,1.0,,,,0.0253604649574681,5000,H_below_validated_reduced_field
B2Cu0.03Mg0.97,conventional_AlB2,mp-763,,A1,37.58,3DSC_MP,15.5,c_parent,±20-50%,S1_v3_2_2B_extension,,substructure_aggregate_median,20.0,5.0,4.657495361634589,4.246278914715051,5.049941927328062,0.1906556373097139,5000,
B2Cu0.03Mg0.97,conventional_AlB2,mp-763,,A1,37.58,3DSC_MP,15.5,c_parent,±20-50%,S1_v3_2_2B_extension,,substructure_aggregate_median,28.9366,0.1,,,,0.0,5000,H_below_validated_reduced_field
B2Cu0.03Mg0.97,conventional_AlB2,mp-763,,A1,37.58,3DSC_MP,15.5,c_parent,±20-50%,S1_v3_2_2B_extension,,substructure_aggregate_median,28.9366,1.0,,,,0.0256021488450404,5000,H_below_validated_reduced_field
B2Cu0.03Mg0.97,conventional_AlB2,mp-763,,A1,37.58,3DSC_MP,15.5,c_parent,±20-50%,S1_v3_2_2B_extension,,substructure_aggregate_median,28.9366,5.0,4.289190919626191,3.673629079246935,4.886731733825129,0.1947305302978277,5000,
B2Cu0.05Mg0.95,conventional_AlB2,mp-763,,A1,37.75,3DSC_MP,15.5,c_parent,±20-50%,S1_v3_2_2B_extension,,substructure_aggregate_median,4.2,0.1,,,,0.0,5000,H_below_validated_reduced_field
B2Cu0.05Mg0.95,conventional_AlB2,mp-763,,A1,37.75,3DSC_MP,15.5,c_parent,±20-50%,S1_v3_2_2B_extension,,substructure_aggregate_median,4.2,1.0,,,,0.0254594645429984,5000,H_below_validated_reduced_field
B2Cu0.05Mg0.95,conventional_AlB2,mp-763,,A1,37.75,3DSC_MP,15.5,c_parent,±20-50%,S1_v3_2_2B_extension,,substructure_aggregate_median,4.2,5.0,4.980622895715926,4.661544720035862,5.265395422341659,0.1844443918403993,5000,
B2Cu0.05Mg0.95,conventional_AlB2,mp-763,,A1,37.75,3DSC_MP,15.5,c_parent,±20-50%,S1_v3_2_2B_extension,,substructure_aggregate_median,20.0,0.1,,,,0.0,5000,H_below_validated_reduced_field
B2Cu0.05Mg0.95,conventional_AlB2,mp-763,,A1,37.75,3DSC_MP,15.5,c_parent,±20-50%,S1_v3_2_2B_extension,,substructure_aggregate_median,20.0,1.0,,,,0.0252233073536682,5000,H_below_validated_reduced_field
B2Cu0.05Mg0.95,conventional_AlB2,mp-763,,A1,37.75,3DSC_MP,15.5,c_parent,±20-50%,S1_v3_2_2B_extension,,substructure_aggregate_median,20.0,5.0,4.662306583771308,4.247469597193171,5.049790438630109,0.1915772593039131,5000,
B2Cu0.05Mg0.95,conventional_AlB2,mp-763,,A1,37.75,3DSC_MP,15.5,c_parent,±20-50%,S1_v3_2_2B_extension,,substructure_aggregate_median,29.0675,0.1,,,,0.0,5000,H_below_validated_reduced_field
B2Cu0.05Mg0.95,conventional_AlB2,mp-763,,A1,37.75,3DSC_MP,15.5,c_parent,±20-50%,S1_v3_2_2B_extension,,substructure_aggregate_median,29.0675,1.0,,,,0.0235042171924977,5000,H_below_validated_reduced_field
B2Cu0.05Mg0.95,conventional_AlB2,mp-763,,A1,37.75,3DSC_MP,15.5,c_parent,±20-50%,S1_v3_2_2B_extension,,substructure_aggregate_median,29.0675,5.0,4.293057262584432,3.6850719152377303,4.892337485460521,0.1947381445953269,5000,
B2Cu0.1Mg0.9,conventional_AlB2,mp-763,,A1,38.6,3DSC_MP,15.5,c_parent,±20-50%,S1_v3_2_2B_extension,,substructure_aggregate_median,4.2,0.1,,,,0.0,5000,H_below_validated_reduced_field
B2Cu0.1Mg0.9,conventional_AlB2,mp-763,,A1,38.6,3DSC_MP,15.5,c_parent,±20-50%,S1_v3_2_2B_extension,,substructure_aggregate_median,4.2,1.0,,,,0.0233234241987583,5000,H_below_validated_reduced_field
B2Cu0.1Mg0.9,conventional_AlB2,mp-763,,A1,38.6,3DSC_MP,15.5,c_parent,±20-50%,S1_v3_2_2B_extension,,substructure_aggregate_median,4.2,5.0,4.978510420547236,4.661953624195636,5.256994599571886,0.1846186285834665,5000,
B2Cu0.1Mg0.9,conventional_AlB2,mp-763,,A1,38.6,3DSC_MP,15.5,c_parent,±20-50%,S1_v3_2_2B_extension,,substructure_aggregate_median,20.0,0.1,,,,0.0,5000,H_below_validated_reduced_field
B2Cu0.1Mg0.9,conventional_AlB2,mp-763,,A1,38.6,3DSC_MP,15.5,c_parent,±20-50%,S1_v3_2_2B_extension,,substructure_aggregate_median,20.0,1.0,,,,0.024039932962923,5000,H_below_validated_reduced_field
B2Cu0.1Mg0.9,conventional_AlB2,mp-763,,A1,38.6,3DSC_MP,15.5,c_parent,±20-50%,S1_v3_2_2B_extension,,substructure_aggregate_median,20.0,5.0,4.667507170322648,4.268004140263859,5.051045137778675,0.1910131547749696,5000,
B2Cu0.1Mg0.9,conventional_AlB2,mp-763,,A1,38.6,3DSC_MP,15.5,c_parent,±20-50%,S1_v3_2_2B_extension,,substructure_aggregate_median,29.722,0.1,,,,0.0,5000,H_below_validated_reduced_field
B2Cu0.1Mg0.9,conventional_AlB2,mp-763,,A1,38.6,3DSC_MP,15.5,c_parent,±20-50%,S1_v3_2_2B_extension,,substructure_aggregate_median,29.722,1.0,,,,0.0234886554113327,5000,H_below_validated_reduced_field
B2Cu0.1Mg0.9,conventional_AlB2,mp-763,,A1,38.6,3DSC_MP,15.5,c_parent,±20-50%,S1_v3_2_2B_extension,,substructure_aggregate_median,29.722,5.0,4.288674810044218,3.7124738860777455,4.877816366982129,0.193361934022576,5000,
B2Cu0.2Mg0.8,conventional_AlB2,mp-763,,A1,38.6,3DSC_MP,15.5,c_parent,±20-50%,S1_v3_2_2B_extension,,substructure_aggregate_median,4.2,0.1,,,,0.0,5000,H_below_validated_reduced_field
B2Cu0.2Mg0.8,conventional_AlB2,mp-763,,A1,38.6,3DSC_MP,15.5,c_parent,±20-50%,S1_v3_2_2B_extension,,substructure_aggregate_median,4.2,1.0,,,,0.0255207996085422,5000,H_below_validated_reduced_field
B2Cu0.2Mg0.8,conventional_AlB2,mp-763,,A1,38.6,3DSC_MP,15.5,c_parent,±20-50%,S1_v3_2_2B_extension,,substructure_aggregate_median,4.2,5.0,4.980622895715926,4.661589258371804,5.264489202289058,0.1852514666824598,5000,
B2Cu0.2Mg0.8,conventional_AlB2,mp-763,,A1,38.6,3DSC_MP,15.5,c_parent,±20-50%,S1_v3_2_2B_extension,,substructure_aggregate_median,20.0,0.1,,,,0.0,5000,H_below_validated_reduced_field
B2Cu0.2Mg0.8,conventional_AlB2,mp-763,,A1,38.6,3DSC_MP,15.5,c_parent,±20-50%,S1_v3_2_2B_extension,,substructure_aggregate_median,20.0,1.0,,,,0.0241283540001751,5000,H_below_validated_reduced_field
B2Cu0.2Mg0.8,conventional_AlB2,mp-763,,A1,38.6,3DSC_MP,15.5,c_parent,±20-50%,S1_v3_2_2B_extension,,substructure_aggregate_median,20.0,5.0,4.674784197974749,4.2702773166435,5.053861128402115,0.1904140620621692,5000,
B2Cu0.2Mg0.8,conventional_AlB2,mp-763,,A1,38.6,3DSC_MP,15.5,c_parent,±20-50%,S1_v3_2_2B_extension,,substructure_aggregate_median,29.722,0.1,,,,0.0,5000,H_below_validated_reduced_field
B2Cu0.2Mg0.8,conventional_AlB2,mp-763,,A1,38.6,3DSC_MP,15.5,c_parent,±20-50%,S1_v3_2_2B_extension,,substructure_aggregate_median,29.722,1.0,,,,0.0231026099964646,5000,H_below_validated_reduced_field
B2Cu0.2Mg0.8,conventional_AlB2,mp-763,,A1,38.6,3DSC_MP,15.5,c_parent,±20-50%,S1_v3_2_2B_extension,,substructure_aggregate_median,29.722,5.0,4.288072790098537,3.728347350567915,4.889702651531472,0.1922200752813783,5000,
B2Fe0.003Mg0.997,conventional_AlB2,mp-763,,A1,37.8,3DSC_MP,15.5,c_parent,±20-50%,S1_v3_2_2B_extension,,substructure_aggregate_median,4.2,0.1,,,,0.0,5000,H_below_validated_reduced_field
B2Fe0.003Mg0.997,conventional_AlB2,mp-763,,A1,37.8,3DSC_MP,15.5,c_parent,±20-50%,S1_v3_2_2B_extension,,substructure_aggregate_median,4.2,1.0,,,,0.0239948834593759,5000,H_below_validated_reduced_field
B2Fe0.003Mg0.997,conventional_AlB2,mp-763,,A1,37.8,3DSC_MP,15.5,c_parent,±20-50%,S1_v3_2_2B_extension,,substructure_aggregate_median,4.2,5.0,4.979227182023163,4.661953624195636,5.260794148889566,0.1864933408724089,5000,
B2Fe0.003Mg0.997,conventional_AlB2,mp-763,,A1,37.8,3DSC_MP,15.5,c_parent,±20-50%,S1_v3_2_2B_extension,,substructure_aggregate_median,20.0,0.1,,,,0.0,5000,H_below_validated_reduced_field
B2Fe0.003Mg0.997,conventional_AlB2,mp-763,,A1,37.8,3DSC_MP,15.5,c_parent,±20-50%,S1_v3_2_2B_extension,,substructure_aggregate_median,20.0,1.0,,,,0.0251483162380745,5000,H_below_validated_reduced_field
B2Fe0.003Mg0.997,conventional_AlB2,mp-763,,A1,37.8,3DSC_MP,15.5,c_parent,±20-50%,S1_v3_2_2B_extension,,substructure_aggregate_median,20.0,5.0,4.668243924779475,4.258781110988466,5.049674202419956,0.1910765899538198,5000,
B2Fe0.003Mg0.997,conventional_AlB2,mp-763,,A1,37.8,3DSC_MP,15.5,c_parent,±20-50%,S1_v3_2_2B_extension,,substructure_aggregate_median,29.106,0.1,,,,0.0,5000,H_below_validated_reduced_field
B2Fe0.003Mg0.997,conventional_AlB2,mp-763,,A1,37.8,3DSC_MP,15.5,c_parent,±20-50%,S1_v3_2_2B_extension,,substructure_aggregate_median,29.106,1.0,,,,0.024517377444754,5000,H_below_validated_reduced_field
B2Fe0.003Mg0.997,conventional_AlB2,mp-763,,A1,37.8,3DSC_MP,15.5,c_parent,±20-50%,S1_v3_2_2B_extension,,substructure_aggregate_median,29.106,5.0,4.29717336265847,3.722303382761767,4.889197664324265,0.1941658866742939,5000,
B2Fe0.006Mg0.994,conventional_AlB2,mp-763,,A1,35.6,3DSC_MP,15.5,c_parent,±20-50%,S1_v3_2_2B_extension,,substructure_aggregate_median,4.2,0.1,,,,0.0,5000,H_below_validated_reduced_field
B2Fe0.006Mg0.994,conventional_AlB2,mp-763,,A1,35.6,3DSC_MP,15.5,c_parent,±20-50%,S1_v3_2_2B_extension,,substructure_aggregate_median,4.2,1.0,,,,0.0251025864123821,5000,H_below_validated_reduced_field
B2Fe0.006Mg0.994,conventional_AlB2,mp-763,,A1,35.6,3DSC_MP,15.5,c_parent,±20-50%,S1_v3_2_2B_extension,,substructure_aggregate_median,4.2,5.0,4.980622895715926,4.651889285545567,5.271600867811023,0.1869204379022546,5000,
B2Fe0.006Mg0.994,conventional_AlB2,mp-763,,A1,35.6,3DSC_MP,15.5,c_parent,±20-50%,S1_v3_2_2B_extension,,substructure_aggregate_median,20.0,0.1,,,,0.0,5000,H_below_validated_reduced_field
B2Fe0.006Mg0.994,conventional_AlB2,mp-763,,A1,35.6,3DSC_MP,15.5,c_parent,±20-50%,S1_v3_2_2B_extension,,substructure_aggregate_median,20.0,1.0,,,,0.0244184493695769,5000,H_below_validated_reduced_field
B2Fe0.006Mg0.994,conventional_AlB2,mp-763,,A1,35.6,3DSC_MP,15.5,c_parent,±20-50%,S1_v3_2_2B_extension,,substructure_aggregate_median,20.0,5.0,4.633146003497009,4.1941023755110844,5.034098403958578,0.1894050378484308,5000,
B2Fe0.006Mg0.994,conventional_AlB2,mp-763,,A1,35.6,3DSC_MP,15.5,c_parent,±20-50%,S1_v3_2_2B_extension,,substructure_aggregate_median,27.412000000000003,0.1,,,,0.0,5000,H_below_validated_reduced_field
B2Fe0.006Mg0.994,conventional_AlB2,mp-763,,A1,35.6,3DSC_MP,15.5,c_parent,±20-50%,S1_v3_2_2B_extension,,substructure_aggregate_median,27.412000000000003,1.0,,,,0.0231898878557581,5000,H_below_validated_reduced_field
B2Fe0.006Mg0.994,conventional_AlB2,mp-763,,A1,35.6,3DSC_MP,15.5,c_parent,±20-50%,S1_v3_2_2B_extension,,substructure_aggregate_median,27.412000000000003,5.0,4.303531147409693,3.72522404665017,4.887681752600584,0.192220266608281,5000,
B2Fe0.012Mg0.988,conventional_AlB2,mp-763,,A1,33.45,3DSC_MP,15.5,c_parent,±20-50%,S1_v3_2_2B_extension,,substructure_aggregate_median,4.2,0.1,,,,0.0,5000,H_below_validated_reduced_field
B2Fe0.012Mg0.988,conventional_AlB2,mp-763,,A1,33.45,3DSC_MP,15.5,c_parent,±20-50%,S1_v3_2_2B_extension,,substructure_aggregate_median,4.2,1.0,,,,0.0238375899414142,5000,H_below_validated_reduced_field
B2Fe0.012Mg0.988,conventional_AlB2,mp-763,,A1,33.45,3DSC_MP,15.5,c_parent,±20-50%,S1_v3_2_2B_extension,,substructure_aggregate_median,4.2,5.0,4.9740306958490415,4.655381392460561,5.264500267861289,0.1869003499565913,5000,
B2Fe0.012Mg0.988,conventional_AlB2,mp-763,,A1,33.45,3DSC_MP,15.5,c_parent,±20-50%,S1_v3_2_2B_extension,,substructure_aggregate_median,20.0,0.1,,,,0.0,5000,H_below_validated_reduced_field
B2Fe0.012Mg0.988,conventional_AlB2,mp-763,,A1,33.45,3DSC_MP,15.5,c_parent,±20-50%,S1_v3_2_2B_extension,,substructure_aggregate_median,20.0,1.0,,,,0.0250136242864558,5000,H_below_validated_reduced_field
B2Fe0.012Mg0.988,conventional_AlB2,mp-763,,A1,33.45,3DSC_MP,15.5,c_parent,±20-50%,S1_v3_2_2B_extension,,substructure_aggregate_median,20.0,5.0,4.581005512172087,4.132496081335257,5.0079817523098775,0.1907448025004896,5000,
B2Fe0.012Mg0.988,conventional_AlB2,mp-763,,A1,33.45,3DSC_MP,15.5,c_parent,±20-50%,S1_v3_2_2B_extension,,substructure_aggregate_median,25.756500000000003,0.1,,,,0.0,5000,H_below_validated_reduced_field
B2Fe0.012Mg0.988,conventional_AlB2,mp-763,,A1,33.45,3DSC_MP,15.5,c_parent,±20-50%,S1_v3_2_2B_extension,,substructure_aggregate_median,25.756500000000003,1.0,,,,0.0251705524289027,5000,H_below_validated_reduced_field
B2Fe0.012Mg0.988,conventional_AlB2,mp-763,,A1,33.45,3DSC_MP,15.5,c_parent,±20-50%,S1_v3_2_2B_extension,,substructure_aggregate_median,25.756500000000003,5.0,4.289796185278469,3.680969642285471,4.883877925017583,0.1921260635232542,5000,
B2Fe0.01Mg0.99,conventional_AlB2,mp-763,,A1,34.7,3DSC_MP,15.5,c_parent,±20-50%,S1_v3_2_2B_extension,,substructure_aggregate_median,4.2,0.1,,,,0.0,5000,H_below_validated_reduced_field
B2Fe0.01Mg0.99,conventional_AlB2,mp-763,,A1,34.7,3DSC_MP,15.5,c_parent,±20-50%,S1_v3_2_2B_extension,,substructure_aggregate_median,4.2,1.0,,,,0.0257448331470833,5000,H_below_validated_reduced_field
B2Fe0.01Mg0.99,conventional_AlB2,mp-763,,A1,34.7,3DSC_MP,15.5,c_parent,±20-50%,S1_v3_2_2B_extension,,substructure_aggregate_median,4.2,5.0,4.983848333870372,4.667150606665967,5.263524537620467,0.1838909849068519,5000,
B2Fe0.01Mg0.99,conventional_AlB2,mp-763,,A1,34.7,3DSC_MP,15.5,c_parent,±20-50%,S1_v3_2_2B_extension,,substructure_aggregate_median,20.0,0.1,,,,0.0,5000,H_below_validated_reduced_field
B2Fe0.01Mg0.99,conventional_AlB2,mp-763,,A1,34.7,3DSC_MP,15.5,c_parent,±20-50%,S1_v3_2_2B_extension,,substructure_aggregate_median,20.0,1.0,,,,0.0238167958541515,5000,H_below_validated_reduced_field
B2Fe0.01Mg0.99,conventional_AlB2,mp-763,,A1,34.7,3DSC_MP,15.5,c_parent,±20-50%,S1_v3_2_2B_extension,,substructure_aggregate_median,20.0,5.0,4.616406833695808,4.166804422775988,5.030870501289571,0.1874251769100006,5000,
B2Fe0.01Mg0.99,conventional_AlB2,mp-763,,A1,34.7,3DSC_MP,15.5,c_parent,±20-50%,S1_v3_2_2B_extension,,substructure_aggregate_median,26.719,0.1,,,,0.0,5000,H_below_validated_reduced_field
B2Fe0.01Mg0.99,conventional_AlB2,mp-763,,A1,34.7,3DSC_MP,15.5,c_parent,±20-50%,S1_v3_2_2B_extension,,substructure_aggregate_median,26.719,1.0,,,,0.024028394141105,5000,H_below_validated_reduced_field
B2Fe0.01Mg0.99,conventional_AlB2,mp-763,,A1,34.7,3DSC_MP,15.5,c_parent,±20-50%,S1_v3_2_2B_extension,,substructure_aggregate_median,26.719,5.0,4.302219847794967,3.641178661960058,4.891647839874698,0.1896244701574181,5000,
B2Fe0.03Mg0.97,conventional_AlB2,mp-763,,A1,32.96666667,3DSC_MP,15.5,c_parent,±20-50%,S1_v3_2_2B_extension,,substructure_aggregate_median,4.2,0.1,,,,0.0,5000,H_below_validated_reduced_field
B2Fe0.03Mg0.97,conventional_AlB2,mp-763,,A1,32.96666667,3DSC_MP,15.5,c_parent,±20-50%,S1_v3_2_2B_extension,,substructure_aggregate_median,4.2,1.0,,,,0.024704992032607,5000,H_below_validated_reduced_field
B2Fe0.03Mg0.97,conventional_AlB2,mp-763,,A1,32.96666667,3DSC_MP,15.5,c_parent,±20-50%,S1_v3_2_2B_extension,,substructure_aggregate_median,4.2,5.0,4.981543337214,4.66390965664839,5.264943415107397,0.1850470720690538,5000,
B2Fe0.03Mg0.97,conventional_AlB2,mp-763,,A1,32.96666667,3DSC_MP,15.5,c_parent,±20-50%,S1_v3_2_2B_extension,,substructure_aggregate_median,20.0,0.1,,,,0.0,5000,H_below_validated_reduced_field
B2Fe0.03Mg0.97,conventional_AlB2,mp-763,,A1,32.96666667,3DSC_MP,15.5,c_parent,±20-50%,S1_v3_2_2B_extension,,substructure_aggregate_median,20.0,1.0,,,,0.0247750555190799,5000,H_below_validated_reduced_field
B2Fe0.03Mg0.97,conventional_AlB2,mp-763,,A1,32.96666667,3DSC_MP,15.5,c_parent,±20-50%,S1_v3_2_2B_extension,,substructure_aggregate_median,20.0,5.0,4.57673311792972,4.104591837142061,5.02038624277539,0.1877478644928789,5000,
B2Fe0.03Mg0.97,conventional_AlB2,mp-763,,A1,32.96666667,3DSC_MP,15.5,c_parent,±20-50%,S1_v3_2_2B_extension,,substructure_aggregate_median,25.384333335900003,0.1,,,,0.0,5000,H_below_validated_reduced_field
B2Fe0.03Mg0.97,conventional_AlB2,mp-763,,A1,32.96666667,3DSC_MP,15.5,c_parent,±20-50%,S1_v3_2_2B_extension,,substructure_aggregate_median,25.384333335900003,1.0,,,,0.0228869107617901,5000,H_below_validated_reduced_field
B2Fe0.03Mg0.97,conventional_AlB2,mp-763,,A1,32.96666667,3DSC_MP,15.5,c_parent,±20-50%,S1_v3_2_2B_extension,,substructure_aggregate_median,25.384333335900003,5.0,4.299419713622108,3.641709562730932,4.900987725699816,0.1948233177181668,5000,
B2Fe0.05Mg0.95,conventional_AlB2,mp-763,,A1,29.5,3DSC_MP,15.5,c_parent,±20-50%,S1_v3_2_2B_extension,,substructure_aggregate_median,4.2,0.1,,,,0.0,5000,H_below_validated_reduced_field
B2Fe0.05Mg0.95,conventional_AlB2,mp-763,,A1,29.5,3DSC_MP,15.5,c_parent,±20-50%,S1_v3_2_2B_extension,,substructure_aggregate_median,4.2,1.0,,,,0.0236766581917384,5000,H_below_validated_reduced_field
B2Fe0.05Mg0.95,conventional_AlB2,mp-763,,A1,29.5,3DSC_MP,15.5,c_parent,±20-50%,S1_v3_2_2B_extension,,substructure_aggregate_median,4.2,5.0,4.975786568906356,4.6571606044087055,5.265395422341659,0.1836202205858379,5000,
B2Fe0.05Mg0.95,conventional_AlB2,mp-763,,A1,29.5,3DSC_MP,15.5,c_parent,±20-50%,S1_v3_2_2B_extension,,substructure_aggregate_median,20.0,0.1,,,,0.0,5000,H_below_validated_reduced_field
B2Fe0.05Mg0.95,conventional_AlB2,mp-763,,A1,29.5,3DSC_MP,15.5,c_parent,±20-50%,S1_v3_2_2B_extension,,substructure_aggregate_median,20.0,1.0,,,,0.0250192773274307,5000,H_below_validated_reduced_field
B2Fe0.05Mg0.95,conventional_AlB2,mp-763,,A1,29.5,3DSC_MP,15.5,c_parent,±20-50%,S1_v3_2_2B_extension,,substructure_aggregate_median,20.0,5.0,4.479128817380817,3.999848139412326,4.970830828755447,0.1904128803192,5000,
B2Fe0.05Mg0.95,conventional_AlB2,mp-763,,A1,29.5,3DSC_MP,15.5,c_parent,±20-50%,S1_v3_2_2B_extension,,substructure_aggregate_median,22.715,0.1,,,,0.0,5000,H_below_validated_reduced_field
B2Fe0.05Mg0.95,conventional_AlB2,mp-763,,A1,29.5,3DSC_MP,15.5,c_parent,±20-50%,S1_v3_2_2B_extension,,substructure_aggregate_median,22.715,1.0,,,,0.0231757794629787,5000,H_below_validated_reduced_field
B2Fe0.05Mg0.95,conventional_AlB2,mp-763,,A1,29.5,3DSC_MP,15.5,c_parent,±20-50%,S1_v3_2_2B_extension,,substructure_aggregate_median,22.715,5.0,4.307324460160552,3.756345393136455,4.893336985725912,0.1945122153085572,5000,
B2Fe0.1Mg0.9,conventional_AlB2,mp-763,,A1,34.0,3DSC_MP,15.5,c_parent,±20-50%,S1_v3_2_2B_extension,,substructure_aggregate_median,4.2,0.1,,,,0.0,5000,H_below_validated_reduced_field
B2Fe0.1Mg0.9,conventional_AlB2,mp-763,,A1,34.0,3DSC_MP,15.5,c_parent,±20-50%,S1_v3_2_2B_extension,,substructure_aggregate_median,4.2,1.0,,,,0.0239996397414383,5000,H_below_validated_reduced_field
B2Fe0.1Mg0.9,conventional_AlB2,mp-763,,A1,34.0,3DSC_MP,15.5,c_parent,±20-50%,S1_v3_2_2B_extension,,substructure_aggregate_median,4.2,5.0,4.980622895715926,4.662443950924451,5.264406632650265,0.1848955150900595,5000,
B2Fe0.1Mg0.9,conventional_AlB2,mp-763,,A1,34.0,3DSC_MP,15.5,c_parent,±20-50%,S1_v3_2_2B_extension,,substructure_aggregate_median,20.0,0.1,,,,0.0,5000,H_below_validated_reduced_field
B2Fe0.1Mg0.9,conventional_AlB2,mp-763,,A1,34.0,3DSC_MP,15.5,c_parent,±20-50%,S1_v3_2_2B_extension,,substructure_aggregate_median,20.0,1.0,,,,0.0240832348356692,5000,H_below_validated_reduced_field
B2Fe0.1Mg0.9,conventional_AlB2,mp-763,,A1,34.0,3DSC_MP,15.5,c_parent,±20-50%,S1_v3_2_2B_extension,,substructure_aggregate_median,20.0,5.0,4.595976038503468,4.148825012659504,5.029371186017469,0.1914729032017286,5000,
B2Fe0.1Mg0.9,conventional_AlB2,mp-763,,A1,34.0,3DSC_MP,15.5,c_parent,±20-50%,S1_v3_2_2B_extension,,substructure_aggregate_median,26.18,0.1,,,,0.0,5000,H_below_validated_reduced_field
B2Fe0.1Mg0.9,conventional_AlB2,mp-763,,A1,34.0,3DSC_MP,15.5,c_parent,±20-50%,S1_v3_2_2B_extension,,substructure_aggregate_median,26.18,1.0,,,,0.0248605525788327,5000,H_below_validated_reduced_field
B2Fe0.1Mg0.9,conventional_AlB2,mp-763,,A1,34.0,3DSC_MP,15.5,c_parent,±20-50%,S1_v3_2_2B_extension,,substructure_aggregate_median,26.18,5.0,4.2940845383809965,3.688260945745625,4.891073645980663,0.1977767953426958,5000,
B2Ir0.02Mg0.98,conventional_AlB2,mp-763,,A1,33.2,3DSC_MP,15.5,c_parent,±20-50%,S1_v3_2_2B_extension,,substructure_aggregate_median,4.2,0.1,,,,0.0,5000,H_below_validated_reduced_field
B2Ir0.02Mg0.98,conventional_AlB2,mp-763,,A1,33.2,3DSC_MP,15.5,c_parent,±20-50%,S1_v3_2_2B_extension,,substructure_aggregate_median,4.2,1.0,,,,0.0244807380071208,5000,H_below_validated_reduced_field
B2Ir0.02Mg0.98,conventional_AlB2,mp-763,,A1,33.2,3DSC_MP,15.5,c_parent,±20-50%,S1_v3_2_2B_extension,,substructure_aggregate_median,4.2,5.0,4.980622895715926,4.661953624195636,5.266384212033055,0.1841112312442678,5000,
B2Ir0.02Mg0.98,conventional_AlB2,mp-763,,A1,33.2,3DSC_MP,15.5,c_parent,±20-50%,S1_v3_2_2B_extension,,substructure_aggregate_median,20.0,0.1,,,,0.0,5000,H_below_validated_reduced_field
B2Ir0.02Mg0.98,conventional_AlB2,mp-763,,A1,33.2,3DSC_MP,15.5,c_parent,±20-50%,S1_v3_2_2B_extension,,substructure_aggregate_median,20.0,1.0,,,,0.0241871984690904,5000,H_below_validated_reduced_field
B2Ir0.02Mg0.98,conventional_AlB2,mp-763,,A1,33.2,3DSC_MP,15.5,c_parent,±20-50%,S1_v3_2_2B_extension,,substructure_aggregate_median,20.0,5.0,4.589526040308347,4.144559915842474,5.01474584151328,0.1883485507607103,5000,
B2Ir0.02Mg0.98,conventional_AlB2,mp-763,,A1,33.2,3DSC_MP,15.5,c_parent,±20-50%,S1_v3_2_2B_extension,,substructure_aggregate_median,25.564000000000004,0.1,,,,0.0,5000,H_below_validated_reduced_field
B2Ir0.02Mg0.98,conventional_AlB2,mp-763,,A1,33.2,3DSC_MP,15.5,c_parent,±20-50%,S1_v3_2_2B_extension,,substructure_aggregate_median,25.564000000000004,1.0,,,,0.0237074953590754,5000,H_below_validated_reduced_field
B2Ir0.02Mg0.98,conventional_AlB2,mp-763,,A1,33.2,3DSC_MP,15.5,c_parent,±20-50%,S1_v3_2_2B_extension,,substructure_aggregate_median,25.564000000000004,5.0,4.30436232959682,3.7430833012318767,4.893572418850814,0.1912621901670874,5000,
B2Ir0.06Mg0.94,conventional_AlB2,mp-763,,A1,28.1,3DSC_MP,15.5,c_parent,±20-50%,S1_v3_2_2B_extension,,substructure_aggregate_median,4.2,0.1,,,,0.0,5000,H_below_validated_reduced_field
B2Ir0.06Mg0.94,conventional_AlB2,mp-763,,A1,28.1,3DSC_MP,15.5,c_parent,±20-50%,S1_v3_2_2B_extension,,substructure_aggregate_median,4.2,1.0,,,,0.0243600297446082,5000,H_below_validated_reduced_field
B2Ir0.06Mg0.94,conventional_AlB2,mp-763,,A1,28.1,3DSC_MP,15.5,c_parent,±20-50%,S1_v3_2_2B_extension,,substructure_aggregate_median,4.2,5.0,4.979161227585859,4.666310110214952,5.265395422341659,0.1864571035082693,5000,
B2Ir0.06Mg0.94,conventional_AlB2,mp-763,,A1,28.1,3DSC_MP,15.5,c_parent,±20-50%,S1_v3_2_2B_extension,,substructure_aggregate_median,20.0,0.1,,,,0.0,5000,H_below_validated_reduced_field
B2Ir0.06Mg0.94,conventional_AlB2,mp-763,,A1,28.1,3DSC_MP,15.5,c_parent,±20-50%,S1_v3_2_2B_extension,,substructure_aggregate_median,20.0,1.0,,,,0.0260334481162356,5000,H_below_validated_reduced_field
B2Ir0.06Mg0.94,conventional_AlB2,mp-763,,A1,28.1,3DSC_MP,15.5,c_parent,±20-50%,S1_v3_2_2B_extension,,substructure_aggregate_median,20.0,5.0,4.430315395638914,3.918608245604189,4.936706757131295,0.1925991527029085,5000,
B2Ir0.06Mg0.94,conventional_AlB2,mp-763,,A1,28.1,3DSC_MP,15.5,c_parent,±20-50%,S1_v3_2_2B_extension,,substructure_aggregate_median,21.637,0.1,,,,0.0,5000,H_below_validated_reduced_field
B2Ir0.06Mg0.94,conventional_AlB2,mp-763,,A1,28.1,3DSC_MP,15.5,c_parent,±20-50%,S1_v3_2_2B_extension,,substructure_aggregate_median,21.637,1.0,,,,0.0246007283949047,5000,H_below_validated_reduced_field
B2Ir0.06Mg0.94,conventional_AlB2,mp-763,,A1,28.1,3DSC_MP,15.5,c_parent,±20-50%,S1_v3_2_2B_extension,,substructure_aggregate_median,21.637,5.0,4.312748147554222,3.7559197338317927,4.889403369246572,0.192760873459183,5000,
B2Ir0.12Mg0.88,conventional_AlB2,mp-763,,A1,18.0,3DSC_MP,15.5,c_parent,±20-50%,S1_v3_2_2B_extension,,substructure_aggregate_median,4.2,0.1,,,,0.0,5000,H_below_validated_reduced_field
B2Ir0.12Mg0.88,conventional_AlB2,mp-763,,A1,18.0,3DSC_MP,15.5,c_parent,±20-50%,S1_v3_2_2B_extension,,substructure_aggregate_median,4.2,1.0,,,,0.0242485749384933,5000,H_below_validated_reduced_field
B2Ir0.12Mg0.88,conventional_AlB2,mp-763,,A1,18.0,3DSC_MP,15.5,c_parent,±20-50%,S1_v3_2_2B_extension,,substructure_aggregate_median,4.2,5.0,4.979161227585859,4.662432558599641,5.270003645054798,0.1832915204353691,5000,
B2Ir0.12Mg0.88,conventional_AlB2,mp-763,,A1,18.0,3DSC_MP,15.5,c_parent,±20-50%,S1_v3_2_2B_extension,,substructure_aggregate_median,20.0,0.1,,,,,5000,T_above_Tc
B2Ir0.12Mg0.88,conventional_AlB2,mp-763,,A1,18.0,3DSC_MP,15.5,c_parent,±20-50%,S1_v3_2_2B_extension,,substructure_aggregate_median,20.0,1.0,,,,,5000,T_above_Tc
B2Ir0.12Mg0.88,conventional_AlB2,mp-763,,A1,18.0,3DSC_MP,15.5,c_parent,±20-50%,S1_v3_2_2B_extension,,substructure_aggregate_median,20.0,5.0,,,,,5000,T_above_Tc
B2Ir0.12Mg0.88,conventional_AlB2,mp-763,,A1,18.0,3DSC_MP,15.5,c_parent,±20-50%,S1_v3_2_2B_extension,,substructure_aggregate_median,13.86,0.1,,,,0.0,5000,H_below_validated_reduced_field
B2Ir0.12Mg0.88,conventional_AlB2,mp-763,,A1,18.0,3DSC_MP,15.5,c_parent,±20-50%,S1_v3_2_2B_extension,,substructure_aggregate_median,13.86,1.0,,,,0.0238135828089269,5000,H_below_validated_reduced_field
B2Ir0.12Mg0.88,conventional_AlB2,mp-763,,A1,18.0,3DSC_MP,15.5,c_parent,±20-50%,S1_v3_2_2B_extension,,substructure_aggregate_median,13.86,5.0,4.363387546985154,3.7931037358504,4.931851612090483,0.1956900526797733,5000,
B2Ir3La1,conventional_AlB2,mp-10112,,A1,1.65,3DSC_MP,,pending,,,,substructure_aggregate_median,4.2,0.1,,,,,5000,Hc2_unavailable
B2Ir3La1,conventional_AlB2,mp-10112,,A1,1.65,3DSC_MP,,pending,,,,substructure_aggregate_median,4.2,1.0,,,,,5000,Hc2_unavailable
B2Ir3La1,conventional_AlB2,mp-10112,,A1,1.65,3DSC_MP,,pending,,,,substructure_aggregate_median,4.2,5.0,,,,,5000,Hc2_unavailable
B2Ir3La1,conventional_AlB2,mp-10112,,A1,1.65,3DSC_MP,,pending,,,,substructure_aggregate_median,20.0,0.1,,,,,5000,Hc2_unavailable
B2Ir3La1,conventional_AlB2,mp-10112,,A1,1.65,3DSC_MP,,pending,,,,substructure_aggregate_median,20.0,1.0,,,,,5000,Hc2_unavailable
B2Ir3La1,conventional_AlB2,mp-10112,,A1,1.65,3DSC_MP,,pending,,,,substructure_aggregate_median,20.0,5.0,,,,,5000,Hc2_unavailable
B2Ir3La1,conventional_AlB2,mp-10112,,A1,1.65,3DSC_MP,,pending,,,,substructure_aggregate_median,1.2705,0.1,14.86769234464299,9.399503587891097,24.649290079075456,,5000,Hc2_unavailable
B2Ir3La1,conventional_AlB2,mp-10112,,A1,1.65,3DSC_MP,,pending,,,,substructure_aggregate_median,1.2705,1.0,14.86769234464299,9.399503587891097,24.649290079075456,,5000,Hc2_unavailable
B2Ir3La1,conventional_AlB2,mp-10112,,A1,1.65,3DSC_MP,,pending,,,,substructure_aggregate_median,1.2705,5.0,14.86769234464299,9.399503587891097,24.649290079075456,,5000,Hc2_unavailable
B2Ir3Th1,conventional_AlB2,mp-10115,,A1,2.09,3DSC_MP,,pending,,,,substructure_aggregate_median,4.2,0.1,,,,,5000,Hc2_unavailable
B2Ir3Th1,conventional_AlB2,mp-10115,,A1,2.09,3DSC_MP,,pending,,,,substructure_aggregate_median,4.2,1.0,,,,,5000,Hc2_unavailable
B2Ir3Th1,conventional_AlB2,mp-10115,,A1,2.09,3DSC_MP,,pending,,,,substructure_aggregate_median,4.2,5.0,,,,,5000,Hc2_unavailable
B2Ir3Th1,conventional_AlB2,mp-10115,,A1,2.09,3DSC_MP,,pending,,,,substructure_aggregate_median,20.0,0.1,,,,,5000,Hc2_unavailable
B2Ir3Th1,conventional_AlB2,mp-10115,,A1,2.09,3DSC_MP,,pending,,,,substructure_aggregate_median,20.0,1.0,,,,,5000,Hc2_unavailable
B2Ir3Th1,conventional_AlB2,mp-10115,,A1,2.09,3DSC_MP,,pending,,,,substructure_aggregate_median,20.0,5.0,,,,,5000,Hc2_unavailable
B2Ir3Th1,conventional_AlB2,mp-10115,,A1,2.09,3DSC_MP,,pending,,,,substructure_aggregate_median,1.6093,0.1,14.853201201835986,8.070149957497122,19.547459057149467,,5000,Hc2_unavailable
B2Ir3Th1,conventional_AlB2,mp-10115,,A1,2.09,3DSC_MP,,pending,,,,substructure_aggregate_median,1.6093,1.0,14.853201201835986,8.070149957497122,19.547459057149467,,5000,Hc2_unavailable
B2Ir3Th1,conventional_AlB2,mp-10115,,A1,2.09,3DSC_MP,,pending,,,,substructure_aggregate_median,1.6093,5.0,14.853201201835986,8.070149957497122,19.547459057149467,,5000,Hc2_unavailable
B2Li0.05Mg0.95,conventional_AlB2,mp-763,,A1,38.25,3DSC_MP,15.5,c_parent,±20-50%,S1_v3_2_2B_extension,,substructure_aggregate_median,4.2,0.1,,,,0.0,5000,H_below_validated_reduced_field
B2Li0.05Mg0.95,conventional_AlB2,mp-763,,A1,38.25,3DSC_MP,15.5,c_parent,±20-50%,S1_v3_2_2B_extension,,substructure_aggregate_median,4.2,1.0,,,,0.0246463674043102,5000,H_below_validated_reduced_field
B2Li0.05Mg0.95,conventional_AlB2,mp-763,,A1,38.25,3DSC_MP,15.5,c_parent,±20-50%,S1_v3_2_2B_extension,,substructure_aggregate_median,4.2,5.0,4.980622895715926,4.664288439251294,5.271989495193117,0.1848935846752741,5000,
B2Li0.05Mg0.95,conventional_AlB2,mp-763,,A1,38.25,3DSC_MP,15.5,c_parent,±20-50%,S1_v3_2_2B_extension,,substructure_aggregate_median,20.0,0.1,,,,0.0,5000,H_below_validated_reduced_field
B2Li0.05Mg0.95,conventional_AlB2,mp-763,,A1,38.25,3DSC_MP,15.5,c_parent,±20-50%,S1_v3_2_2B_extension,,substructure_aggregate_median,20.0,1.0,,,,0.0240477266438201,5000,H_below_validated_reduced_field
B2Li0.05Mg0.95,conventional_AlB2,mp-763,,A1,38.25,3DSC_MP,15.5,c_parent,±20-50%,S1_v3_2_2B_extension,,substructure_aggregate_median,20.0,5.0,4.667406510996847,4.264084318043861,5.067505743743904,0.1919202025136757,5000,
B2Li0.05Mg0.95,conventional_AlB2,mp-763,,A1,38.25,3DSC_MP,15.5,c_parent,±20-50%,S1_v3_2_2B_extension,,substructure_aggregate_median,29.4525,0.1,,,,0.0,5000,H_below_validated_reduced_field
B2Li0.05Mg0.95,conventional_AlB2,mp-763,,A1,38.25,3DSC_MP,15.5,c_parent,±20-50%,S1_v3_2_2B_extension,,substructure_aggregate_median,29.4525,1.0,,,,0.0245632055958928,5000,H_below_validated_reduced_field
B2Li0.05Mg0.95,conventional_AlB2,mp-763,,A1,38.25,3DSC_MP,15.5,c_parent,±20-50%,S1_v3_2_2B_extension,,substructure_aggregate_median,29.4525,5.0,4.292073742988291,3.642188606169508,4.899795378578908,0.1927003594120808,5000,
B2Li0.07Mg0.93,conventional_AlB2,mp-763,,A1,37.8,3DSC_MP,15.5,c_parent,±20-50%,S1_v3_2_2B_extension,,substructure_aggregate_median,4.2,0.1,,,,0.0,5000,H_below_validated_reduced_field
B2Li0.07Mg0.93,conventional_AlB2,mp-763,,A1,37.8,3DSC_MP,15.5,c_parent,±20-50%,S1_v3_2_2B_extension,,substructure_aggregate_median,4.2,1.0,,,,0.023854965423002,5000,H_below_validated_reduced_field
B2Li0.07Mg0.93,conventional_AlB2,mp-763,,A1,37.8,3DSC_MP,15.5,c_parent,±20-50%,S1_v3_2_2B_extension,,substructure_aggregate_median,4.2,5.0,4.978628899283534,4.667268958449525,5.256010677755983,0.1869268185792689,5000,
B2Li0.07Mg0.93,conventional_AlB2,mp-763,,A1,37.8,3DSC_MP,15.5,c_parent,±20-50%,S1_v3_2_2B_extension,,substructure_aggregate_median,20.0,0.1,,,,0.0,5000,H_below_validated_reduced_field
B2Li0.07Mg0.93,conventional_AlB2,mp-763,,A1,37.8,3DSC_MP,15.5,c_parent,±20-50%,S1_v3_2_2B_extension,,substructure_aggregate_median,20.0,1.0,,,,0.023977804196277,5000,H_below_validated_reduced_field
B2Li0.07Mg0.93,conventional_AlB2,mp-763,,A1,37.8,3DSC_MP,15.5,c_parent,±20-50%,S1_v3_2_2B_extension,,substructure_aggregate_median,20.0,5.0,4.660925971974756,4.263342346519421,5.052527838813194,0.1936120563629408,5000,
B2Li0.07Mg0.93,conventional_AlB2,mp-763,,A1,37.8,3DSC_MP,15.5,c_parent,±20-50%,S1_v3_2_2B_extension,,substructure_aggregate_median,29.106,0.1,,,,0.0,5000,H_below_validated_reduced_field
B2Li0.07Mg0.93,conventional_AlB2,mp-763,,A1,37.8,3DSC_MP,15.5,c_parent,±20-50%,S1_v3_2_2B_extension,,substructure_aggregate_median,29.106,1.0,,,,0.0255606859071271,5000,H_below_validated_reduced_field
B2Li0.07Mg0.93,conventional_AlB2,mp-763,,A1,37.8,3DSC_MP,15.5,c_parent,±20-50%,S1_v3_2_2B_extension,,substructure_aggregate_median,29.106,5.0,4.287211162363871,3.721044537390659,4.889909263843278,0.193877474622627,5000,
B2Li0.08Mg0.92,conventional_AlB2,mp-763,,A1,38.0,3DSC_MP,15.5,c_parent,±20-50%,S1_v3_2_2B_extension,,substructure_aggregate_median,4.2,0.1,,,,0.0,5000,H_below_validated_reduced_field
B2Li0.08Mg0.92,conventional_AlB2,mp-763,,A1,38.0,3DSC_MP,15.5,c_parent,±20-50%,S1_v3_2_2B_extension,,substructure_aggregate_median,4.2,1.0,,,,0.0244397295358247,5000,H_below_validated_reduced_field
B2Li0.08Mg0.92,conventional_AlB2,mp-763,,A1,38.0,3DSC_MP,15.5,c_parent,±20-50%,S1_v3_2_2B_extension,,substructure_aggregate_median,4.2,5.0,4.9763786985300005,4.656878383419974,5.262594192545062,0.1831581639790434,5000,
B2Li0.08Mg0.92,conventional_AlB2,mp-763,,A1,38.0,3DSC_MP,15.5,c_parent,±20-50%,S1_v3_2_2B_extension,,substructure_aggregate_median,20.0,0.1,,,,0.0,5000,H_below_validated_reduced_field
B2Li0.08Mg0.92,conventional_AlB2,mp-763,,A1,38.0,3DSC_MP,15.5,c_parent,±20-50%,S1_v3_2_2B_extension,,substructure_aggregate_median,20.0,1.0,,,,0.0246029250836636,5000,H_below_validated_reduced_field
B2Li0.08Mg0.92,conventional_AlB2,mp-763,,A1,38.0,3DSC_MP,15.5,c_parent,±20-50%,S1_v3_2_2B_extension,,substructure_aggregate_median,20.0,5.0,4.662455768673233,4.254720886056155,5.054869755895078,0.1940494011081144,5000,
B2Li0.08Mg0.92,conventional_AlB2,mp-763,,A1,38.0,3DSC_MP,15.5,c_parent,±20-50%,S1_v3_2_2B_extension,,substructure_aggregate_median,29.26,0.1,,,,0.0,5000,H_below_validated_reduced_field
B2Li0.08Mg0.92,conventional_AlB2,mp-763,,A1,38.0,3DSC_MP,15.5,c_parent,±20-50%,S1_v3_2_2B_extension,,substructure_aggregate_median,29.26,1.0,,,,0.0252739456498822,5000,H_below_validated_reduced_field
B2Li0.08Mg0.92,conventional_AlB2,mp-763,,A1,38.0,3DSC_MP,15.5,c_parent,±20-50%,S1_v3_2_2B_extension,,substructure_aggregate_median,29.26,5.0,4.286506381182952,3.672125785550613,4.887287634846547,0.1935652850456426,5000,
B2Li0.11Mg0.89,conventional_AlB2,mp-763,,A1,35.3,3DSC_MP,15.5,c_parent,±20-50%,S1_v3_2_2B_extension,,substructure_aggregate_median,4.2,0.1,,,,0.0,5000,H_below_validated_reduced_field
B2Li0.11Mg0.89,conventional_AlB2,mp-763,,A1,35.3,3DSC_MP,15.5,c_parent,±20-50%,S1_v3_2_2B_extension,,substructure_aggregate_median,4.2,1.0,,,,0.0265890262055048,5000,H_below_validated_reduced_field
B2Li0.11Mg0.89,conventional_AlB2,mp-763,,A1,35.3,3DSC_MP,15.5,c_parent,±20-50%,S1_v3_2_2B_extension,,substructure_aggregate_median,4.2,5.0,4.980622895715926,4.661977679714222,5.272925810373348,0.188730385414761,5000,
B2Li0.11Mg0.89,conventional_AlB2,mp-763,,A1,35.3,3DSC_MP,15.5,c_parent,±20-50%,S1_v3_2_2B_extension,,substructure_aggregate_median,20.0,0.1,,,,0.0,5000,H_below_validated_reduced_field
B2Li0.11Mg0.89,conventional_AlB2,mp-763,,A1,35.3,3DSC_MP,15.5,c_parent,±20-50%,S1_v3_2_2B_extension,,substructure_aggregate_median,20.0,1.0,,,,0.025288598951481,5000,H_below_validated_reduced_field
B2Li0.11Mg0.89,conventional_AlB2,mp-763,,A1,35.3,3DSC_MP,15.5,c_parent,±20-50%,S1_v3_2_2B_extension,,substructure_aggregate_median,20.0,5.0,4.628782462699931,4.173905281070806,5.042822028952751,0.1900874665053997,5000,
B2Li0.11Mg0.89,conventional_AlB2,mp-763,,A1,35.3,3DSC_MP,15.5,c_parent,±20-50%,S1_v3_2_2B_extension,,substructure_aggregate_median,27.181,0.1,,,,0.0,5000,H_below_validated_reduced_field
B2Li0.11Mg0.89,conventional_AlB2,mp-763,,A1,35.3,3DSC_MP,15.5,c_parent,±20-50%,S1_v3_2_2B_extension,,substructure_aggregate_median,27.181,1.0,,,,0.0241882717625721,5000,H_below_validated_reduced_field
B2Li0.11Mg0.89,conventional_AlB2,mp-763,,A1,35.3,3DSC_MP,15.5,c_parent,±20-50%,S1_v3_2_2B_extension,,substructure_aggregate_median,27.181,5.0,4.3000776283042175,3.7018006719366254,4.901333871862773,0.1930162185350932,5000,
B2Li0.15Mg0.85,conventional_AlB2,mp-763,,A1,36.6,3DSC_MP,15.5,c_parent,±20-50%,S1_v3_2_2B_extension,,substructure_aggregate_median,4.2,0.1,,,,0.0,5000,H_below_validated_reduced_field
B2Li0.15Mg0.85,conventional_AlB2,mp-763,,A1,36.6,3DSC_MP,15.5,c_parent,±20-50%,S1_v3_2_2B_extension,,substructure_aggregate_median,4.2,1.0,,,,0.0254594645429984,5000,H_below_validated_reduced_field
B2Li0.15Mg0.85,conventional_AlB2,mp-763,,A1,36.6,3DSC_MP,15.5,c_parent,±20-50%,S1_v3_2_2B_extension,,substructure_aggregate_median,4.2,5.0,4.9763786985300005,4.652032227858731,5.264406632650265,0.1846186285834665,5000,
B2Li0.15Mg0.85,conventional_AlB2,mp-763,,A1,36.6,3DSC_MP,15.5,c_parent,±20-50%,S1_v3_2_2B_extension,,substructure_aggregate_median,20.0,0.1,,,,0.0,5000,H_below_validated_reduced_field
B2Li0.15Mg0.85,conventional_AlB2,mp-763,,A1,36.6,3DSC_MP,15.5,c_parent,±20-50%,S1_v3_2_2B_extension,,substructure_aggregate_median,20.0,1.0,,,,0.0251469432679609,5000,H_below_validated_reduced_field
B2Li0.15Mg0.85,conventional_AlB2,mp-763,,A1,36.6,3DSC_MP,15.5,c_parent,±20-50%,S1_v3_2_2B_extension,,substructure_aggregate_median,20.0,5.0,4.643782707071752,4.217991819518686,5.03853762114672,0.1896621719078677,5000,
B2Li0.15Mg0.85,conventional_AlB2,mp-763,,A1,36.6,3DSC_MP,15.5,c_parent,±20-50%,S1_v3_2_2B_extension,,substructure_aggregate_median,28.182,0.1,,,,0.0,5000,H_below_validated_reduced_field
B2Li0.15Mg0.85,conventional_AlB2,mp-763,,A1,36.6,3DSC_MP,15.5,c_parent,±20-50%,S1_v3_2_2B_extension,,substructure_aggregate_median,28.182,1.0,,,,0.0241261612514298,5000,H_below_validated_reduced_field
B2Li0.15Mg0.85,conventional_AlB2,mp-763,,A1,36.6,3DSC_MP,15.5,c_parent,±20-50%,S1_v3_2_2B_extension,,substructure_aggregate_median,28.182,5.0,4.2889622939205445,3.715633941857568,4.883093875427361,0.1939837013978618,5000,
B2Li0.1Mg0.9,conventional_AlB2,mp-763,,A1,36.91666667,3DSC_MP,15.5,c_parent,±20-50%,S1_v3_2_2B_extension,,substructure_aggregate_median,4.2,0.1,,,,0.0,5000,H_below_validated_reduced_field
B2Li0.1Mg0.9,conventional_AlB2,mp-763,,A1,36.91666667,3DSC_MP,15.5,c_parent,±20-50%,S1_v3_2_2B_extension,,substructure_aggregate_median,4.2,1.0,,,,0.0265836480729246,5000,H_below_validated_reduced_field
B2Li0.1Mg0.9,conventional_AlB2,mp-763,,A1,36.91666667,3DSC_MP,15.5,c_parent,±20-50%,S1_v3_2_2B_extension,,substructure_aggregate_median,4.2,5.0,4.979861361064101,4.655381392460561,5.27222837779613,0.1868150604466363,5000,
B2Li0.1Mg0.9,conventional_AlB2,mp-763,,A1,36.91666667,3DSC_MP,15.5,c_parent,±20-50%,S1_v3_2_2B_extension,,substructure_aggregate_median,20.0,0.1,,,,0.0,5000,H_below_validated_reduced_field
B2Li0.1Mg0.9,conventional_AlB2,mp-763,,A1,36.91666667,3DSC_MP,15.5,c_parent,±20-50%,S1_v3_2_2B_extension,,substructure_aggregate_median,20.0,1.0,,,,0.0243390323840015,5000,H_below_validated_reduced_field
B2Li0.1Mg0.9,conventional_AlB2,mp-763,,A1,36.91666667,3DSC_MP,15.5,c_parent,±20-50%,S1_v3_2_2B_extension,,substructure_aggregate_median,20.0,5.0,4.648880650690408,4.226137590123148,5.0443597582556805,0.1896373096128139,5000,
B2Li0.1Mg0.9,conventional_AlB2,mp-763,,A1,36.91666667,3DSC_MP,15.5,c_parent,±20-50%,S1_v3_2_2B_extension,,substructure_aggregate_median,28.4258333359,0.1,,,,0.0,5000,H_below_validated_reduced_field
B2Li0.1Mg0.9,conventional_AlB2,mp-763,,A1,36.91666667,3DSC_MP,15.5,c_parent,±20-50%,S1_v3_2_2B_extension,,substructure_aggregate_median,28.4258333359,1.0,,,,0.0234472995209742,5000,H_below_validated_reduced_field
B2Li0.1Mg0.9,conventional_AlB2,mp-763,,A1,36.91666667,3DSC_MP,15.5,c_parent,±20-50%,S1_v3_2_2B_extension,,substructure_aggregate_median,28.4258333359,5.0,4.293857277933407,3.6440257444460857,4.877633074394505,0.1915796588650531,5000,
B2Li0.2Mg0.8,conventional_AlB2,mp-763,,A1,34.0,3DSC_MP,15.5,c_parent,±20-50%,S1_v3_2_2B_extension,,substructure_aggregate_median,4.2,0.1,,,,0.0,5000,H_below_validated_reduced_field
B2Li0.2Mg0.8,conventional_AlB2,mp-763,,A1,34.0,3DSC_MP,15.5,c_parent,±20-50%,S1_v3_2_2B_extension,,substructure_aggregate_median,4.2,1.0,,,,0.0257448331470833,5000,H_below_validated_reduced_field
B2Li0.2Mg0.8,conventional_AlB2,mp-763,,A1,34.0,3DSC_MP,15.5,c_parent,±20-50%,S1_v3_2_2B_extension,,substructure_aggregate_median,4.2,5.0,4.980156196696775,4.664288439251294,5.264406632650265,0.1869390372934098,5000,
B2Li0.2Mg0.8,conventional_AlB2,mp-763,,A1,34.0,3DSC_MP,15.5,c_parent,±20-50%,S1_v3_2_2B_extension,,substructure_aggregate_median,20.0,0.1,,,,0.0,5000,H_below_validated_reduced_field
B2Li0.2Mg0.8,conventional_AlB2,mp-763,,A1,34.0,3DSC_MP,15.5,c_parent,±20-50%,S1_v3_2_2B_extension,,substructure_aggregate_median,20.0,1.0,,,,0.0247622433782916,5000,H_below_validated_reduced_field
B2Li0.2Mg0.8,conventional_AlB2,mp-763,,A1,34.0,3DSC_MP,15.5,c_parent,±20-50%,S1_v3_2_2B_extension,,substructure_aggregate_median,20.0,5.0,4.596517417939436,4.1533550902421785,5.028564480183073,0.1897622700133201,5000,
B2Li0.2Mg0.8,conventional_AlB2,mp-763,,A1,34.0,3DSC_MP,15.5,c_parent,±20-50%,S1_v3_2_2B_extension,,substructure_aggregate_median,26.18,0.1,,,,0.0,5000,H_below_validated_reduced_field
B2Li0.2Mg0.8,conventional_AlB2,mp-763,,A1,34.0,3DSC_MP,15.5,c_parent,±20-50%,S1_v3_2_2B_extension,,substructure_aggregate_median,26.18,1.0,,,,0.0248714448426721,5000,H_below_validated_reduced_field
B2Li0.2Mg0.8,conventional_AlB2,mp-763,,A1,34.0,3DSC_MP,15.5,c_parent,±20-50%,S1_v3_2_2B_extension,,substructure_aggregate_median,26.18,5.0,4.293628255894669,3.6902743456481337,4.893781929388908,0.192670767028054,5000,
B2Lu1Os3,conventional_AlB2,mp-2880,,A1,4.655,3DSC_MP,,pending,,,,substructure_aggregate_median,4.2,0.1,5.324105348641889,5.1863788403346,5.549941092791016,,5000,Hc2_unavailable
B2Lu1Os3,conventional_AlB2,mp-2880,,A1,4.655,3DSC_MP,,pending,,,,substructure_aggregate_median,4.2,1.0,5.324105348641889,5.1863788403346,5.549941092791016,,5000,Hc2_unavailable
B2Lu1Os3,conventional_AlB2,mp-2880,,A1,4.655,3DSC_MP,,pending,,,,substructure_aggregate_median,4.2,5.0,5.324105348641889,5.1863788403346,5.549941092791016,,5000,Hc2_unavailable
B2Lu1Os3,conventional_AlB2,mp-2880,,A1,4.655,3DSC_MP,,pending,,,,substructure_aggregate_median,20.0,0.1,,,,,5000,Hc2_unavailable
B2Lu1Os3,conventional_AlB2,mp-2880,,A1,4.655,3DSC_MP,,pending,,,,substructure_aggregate_median,20.0,1.0,,,,,5000,Hc2_unavailable
B2Lu1Os3,conventional_AlB2,mp-2880,,A1,4.655,3DSC_MP,,pending,,,,substructure_aggregate_median,20.0,5.0,,,,,5000,Hc2_unavailable
B2Lu1Os3,conventional_AlB2,mp-2880,,A1,4.655,3DSC_MP,,pending,,,,substructure_aggregate_median,3.58435,0.1,5.793079067403056,5.444486289109469,6.170005811433414,,5000,Hc2_unavailable
B2Lu1Os3,conventional_AlB2,mp-2880,,A1,4.655,3DSC_MP,,pending,,,,substructure_aggregate_median,3.58435,1.0,5.793079067403056,5.444486289109469,6.170005811433414,,5000,Hc2_unavailable
B2Lu1Os3,conventional_AlB2,mp-2880,,A1,4.655,3DSC_MP,,pending,,,,substructure_aggregate_median,3.58435,5.0,5.793079067403056,5.444486289109469,6.170005811433414,,5000,Hc2_unavailable
B2Mg0.1Nb0.9,conventional_AlB2,mp-450,,A1,4.5,3DSC_MP,15.5,c_parent,±20-50%,S1_v3_2_2B_extension,,substructure_aggregate_median,4.2,0.1,,,,0.0,5000,H_below_validated_reduced_field
B2Mg0.1Nb0.9,conventional_AlB2,mp-450,,A1,4.5,3DSC_MP,15.5,c_parent,±20-50%,S1_v3_2_2B_extension,,substructure_aggregate_median,4.2,1.0,,,,0.0254594645429984,5000,H_below_validated_reduced_field
B2Mg0.1Nb0.9,conventional_AlB2,mp-450,,A1,4.5,3DSC_MP,15.5,c_parent,±20-50%,S1_v3_2_2B_extension,,substructure_aggregate_median,4.2,5.0,4.981543337214,4.655306448540895,5.266119204051221,0.185236182461046,5000,
B2Mg0.1Nb0.9,conventional_AlB2,mp-450,,A1,4.5,3DSC_MP,15.5,c_parent,±20-50%,S1_v3_2_2B_extension,,substructure_aggregate_median,20.0,0.1,,,,,5000,T_above_Tc
B2Mg0.1Nb0.9,conventional_AlB2,mp-450,,A1,4.5,3DSC_MP,15.5,c_parent,±20-50%,S1_v3_2_2B_extension,,substructure_aggregate_median,20.0,1.0,,,,,5000,T_above_Tc
B2Mg0.1Nb0.9,conventional_AlB2,mp-450,,A1,4.5,3DSC_MP,15.5,c_parent,±20-50%,S1_v3_2_2B_extension,,substructure_aggregate_median,20.0,5.0,,,,,5000,T_above_Tc
B2Mg0.1Nb0.9,conventional_AlB2,mp-450,,A1,4.5,3DSC_MP,15.5,c_parent,±20-50%,S1_v3_2_2B_extension,,substructure_aggregate_median,3.465,0.1,,,,0.0,5000,H_below_validated_reduced_field
B2Mg0.1Nb0.9,conventional_AlB2,mp-450,,A1,4.5,3DSC_MP,15.5,c_parent,±20-50%,S1_v3_2_2B_extension,,substructure_aggregate_median,3.465,1.0,,,,0.0253891414622566,5000,H_below_validated_reduced_field
B2Mg0.1Nb0.9,conventional_AlB2,mp-450,,A1,4.5,3DSC_MP,15.5,c_parent,±20-50%,S1_v3_2_2B_extension,,substructure_aggregate_median,3.465,5.0,5.628205612401301,5.0006788648823,6.167209872423871,0.1909118673920637,5000,
B2Mg0.7,conventional_AlB2,mp-763,,A1,37.2,3DSC_MP,15.5,c_parent,±20-50%,S1_v3_2_2B_extension,,substructure_aggregate_median,4.2,0.1,,,,0.0,5000,H_below_validated_reduced_field
B2Mg0.7,conventional_AlB2,mp-763,,A1,37.2,3DSC_MP,15.5,c_parent,±20-50%,S1_v3_2_2B_extension,,substructure_aggregate_median,4.2,1.0,,,,0.0269497634137731,5000,H_below_validated_reduced_field
B2Mg0.7,conventional_AlB2,mp-763,,A1,37.2,3DSC_MP,15.5,c_parent,±20-50%,S1_v3_2_2B_extension,,substructure_aggregate_median,4.2,5.0,4.981675246088607,4.667150606665967,5.271605694817802,0.1857284068110249,5000,
B2Mg0.7,conventional_AlB2,mp-763,,A1,37.2,3DSC_MP,15.5,c_parent,±20-50%,S1_v3_2_2B_extension,,substructure_aggregate_median,20.0,0.1,,,,0.0,5000,H_below_validated_reduced_field
B2Mg0.7,conventional_AlB2,mp-763,,A1,37.2,3DSC_MP,15.5,c_parent,±20-50%,S1_v3_2_2B_extension,,substructure_aggregate_median,20.0,1.0,,,,0.025183137993519,5000,H_below_validated_reduced_field
B2Mg0.7,conventional_AlB2,mp-763,,A1,37.2,3DSC_MP,15.5,c_parent,±20-50%,S1_v3_2_2B_extension,,substructure_aggregate_median,20.0,5.0,4.6566070952815135,4.251634526196149,5.046110991167243,0.1919698094784045,5000,
B2Mg0.7,conventional_AlB2,mp-763,,A1,37.2,3DSC_MP,15.5,c_parent,±20-50%,S1_v3_2_2B_extension,,substructure_aggregate_median,28.644,0.1,,,,0.0,5000,H_below_validated_reduced_field
B2Mg0.7,conventional_AlB2,mp-763,,A1,37.2,3DSC_MP,15.5,c_parent,±20-50%,S1_v3_2_2B_extension,,substructure_aggregate_median,28.644,1.0,,,,0.0232662369696594,5000,H_below_validated_reduced_field
B2Mg0.7,conventional_AlB2,mp-763,,A1,37.2,3DSC_MP,15.5,c_parent,±20-50%,S1_v3_2_2B_extension,,substructure_aggregate_median,28.644,5.0,4.295704343268543,3.713384412447906,4.888625960542342,0.1960375104284972,5000,
B2Mg0.8,conventional_AlB2,mp-763,,A1,38.0,3DSC_MP,15.5,c_parent,±20-50%,S1_v3_2_2B_extension,,substructure_aggregate_median,4.2,0.1,,,,0.0,5000,H_below_validated_reduced_field
B2Mg0.8,conventional_AlB2,mp-763,,A1,38.0,3DSC_MP,15.5,c_parent,±20-50%,S1_v3_2_2B_extension,,substructure_aggregate_median,4.2,1.0,,,,0.0239948834593759,5000,H_below_validated_reduced_field
B2Mg0.8,conventional_AlB2,mp-763,,A1,38.0,3DSC_MP,15.5,c_parent,±20-50%,S1_v3_2_2B_extension,,substructure_aggregate_median,4.2,5.0,4.9800520067861775,4.659545975808126,5.263524537620467,0.1848955150900595,5000,
B2Mg0.8,conventional_AlB2,mp-763,,A1,38.0,3DSC_MP,15.5,c_parent,±20-50%,S1_v3_2_2B_extension,,substructure_aggregate_median,20.0,0.1,,,,0.0,5000,H_below_validated_reduced_field
B2Mg0.8,conventional_AlB2,mp-763,,A1,38.0,3DSC_MP,15.5,c_parent,±20-50%,S1_v3_2_2B_extension,,substructure_aggregate_median,20.0,1.0,,,,0.0241523247024453,5000,H_below_validated_reduced_field
B2Mg0.8,conventional_AlB2,mp-763,,A1,38.0,3DSC_MP,15.5,c_parent,±20-50%,S1_v3_2_2B_extension,,substructure_aggregate_median,20.0,5.0,4.666713313018313,4.262089710702336,5.050255353199647,0.1877413677164128,5000,
B2Mg0.8,conventional_AlB2,mp-763,,A1,38.0,3DSC_MP,15.5,c_parent,±20-50%,S1_v3_2_2B_extension,,substructure_aggregate_median,29.26,0.1,,,,0.0,5000,H_below_validated_reduced_field
B2Mg0.8,conventional_AlB2,mp-763,,A1,38.0,3DSC_MP,15.5,c_parent,±20-50%,S1_v3_2_2B_extension,,substructure_aggregate_median,29.26,1.0,,,,0.0227541104577273,5000,H_below_validated_reduced_field
B2Mg0.8,conventional_AlB2,mp-763,,A1,38.0,3DSC_MP,15.5,c_parent,±20-50%,S1_v3_2_2B_extension,,substructure_aggregate_median,29.26,5.0,4.293348787087427,3.729796993275623,4.887107277187327,0.1918243383884448,5000,
B2Mg0.85Na0.15,conventional_AlB2,mp-763,,A1,38.0,3DSC_MP,15.5,c_parent,±20-50%,S1_v3_2_2B_extension,,substructure_aggregate_median,4.2,0.1,,,,0.0,5000,H_below_validated_reduced_field
B2Mg0.85Na0.15,conventional_AlB2,mp-763,,A1,38.0,3DSC_MP,15.5,c_parent,±20-50%,S1_v3_2_2B_extension,,substructure_aggregate_median,4.2,1.0,,,,0.0235209696268086,5000,H_below_validated_reduced_field
B2Mg0.85Na0.15,conventional_AlB2,mp-763,,A1,38.0,3DSC_MP,15.5,c_parent,±20-50%,S1_v3_2_2B_extension,,substructure_aggregate_median,4.2,5.0,4.978628899283534,4.659376101146725,5.264408696891235,0.1855177007787105,5000,
B2Mg0.85Na0.15,conventional_AlB2,mp-763,,A1,38.0,3DSC_MP,15.5,c_parent,±20-50%,S1_v3_2_2B_extension,,substructure_aggregate_median,20.0,0.1,,,,0.0,5000,H_below_validated_reduced_field
B2Mg0.85Na0.15,conventional_AlB2,mp-763,,A1,38.0,3DSC_MP,15.5,c_parent,±20-50%,S1_v3_2_2B_extension,,substructure_aggregate_median,20.0,1.0,,,,0.0248924306816675,5000,H_below_validated_reduced_field
B2Mg0.85Na0.15,conventional_AlB2,mp-763,,A1,38.0,3DSC_MP,15.5,c_parent,±20-50%,S1_v3_2_2B_extension,,substructure_aggregate_median,20.0,5.0,4.664531456354222,4.2622274075416255,5.053183213814046,0.1908698998615996,5000,
B2Mg0.85Na0.15,conventional_AlB2,mp-763,,A1,38.0,3DSC_MP,15.5,c_parent,±20-50%,S1_v3_2_2B_extension,,substructure_aggregate_median,29.26,0.1,,,,0.0,5000,H_below_validated_reduced_field
B2Mg0.85Na0.15,conventional_AlB2,mp-763,,A1,38.0,3DSC_MP,15.5,c_parent,±20-50%,S1_v3_2_2B_extension,,substructure_aggregate_median,29.26,1.0,,,,0.0256832273747065,5000,H_below_validated_reduced_field
B2Mg0.85Na0.15,conventional_AlB2,mp-763,,A1,38.0,3DSC_MP,15.5,c_parent,±20-50%,S1_v3_2_2B_extension,,substructure_aggregate_median,29.26,5.0,4.294095904859594,3.736995635491813,4.888690054528903,0.1939417249503545,5000,
B2Mg0.88Sc0.12,conventional_AlB2,mp-763,,A1,30.0,3DSC_MP,15.5,c_parent,±20-50%,S1_v3_2_2B_extension,,substructure_aggregate_median,4.2,0.1,,,,0.0,5000,H_below_validated_reduced_field
B2Mg0.88Sc0.12,conventional_AlB2,mp-763,,A1,30.0,3DSC_MP,15.5,c_parent,±20-50%,S1_v3_2_2B_extension,,substructure_aggregate_median,4.2,1.0,,,,0.023479696295559,5000,H_below_validated_reduced_field
B2Mg0.88Sc0.12,conventional_AlB2,mp-763,,A1,30.0,3DSC_MP,15.5,c_parent,±20-50%,S1_v3_2_2B_extension,,substructure_aggregate_median,4.2,5.0,4.978240786087785,4.666307945353855,5.266181883526289,0.1827556209881624,5000,
B2Mg0.88Sc0.12,conventional_AlB2,mp-763,,A1,30.0,3DSC_MP,15.5,c_parent,±20-50%,S1_v3_2_2B_extension,,substructure_aggregate_median,20.0,0.1,,,,0.0,5000,H_below_validated_reduced_field
B2Mg0.88Sc0.12,conventional_AlB2,mp-763,,A1,30.0,3DSC_MP,15.5,c_parent,±20-50%,S1_v3_2_2B_extension,,substructure_aggregate_median,20.0,1.0,,,,0.0256460533867413,5000,H_below_validated_reduced_field
B2Mg0.88Sc0.12,conventional_AlB2,mp-763,,A1,30.0,3DSC_MP,15.5,c_parent,±20-50%,S1_v3_2_2B_extension,,substructure_aggregate_median,20.0,5.0,4.50132423872004,4.013144302875967,4.972762871862527,0.1869163775434499,5000,
B2Mg0.88Sc0.12,conventional_AlB2,mp-763,,A1,30.0,3DSC_MP,15.5,c_parent,±20-50%,S1_v3_2_2B_extension,,substructure_aggregate_median,23.1,0.1,,,,0.0,5000,H_below_validated_reduced_field
B2Mg0.88Sc0.12,conventional_AlB2,mp-763,,A1,30.0,3DSC_MP,15.5,c_parent,±20-50%,S1_v3_2_2B_extension,,substructure_aggregate_median,23.1,1.0,,,,0.0228611444535324,5000,H_below_validated_reduced_field
B2Mg0.88Sc0.12,conventional_AlB2,mp-763,,A1,30.0,3DSC_MP,15.5,c_parent,±20-50%,S1_v3_2_2B_extension,,substructure_aggregate_median,23.1,5.0,4.310912999159578,3.730418030636423,4.89056416417245,0.1905163933881546,5000,
B2Mg0.8Na0.2,conventional_AlB2,mp-763,,A1,38.0,3DSC_MP,15.5,c_parent,±20-50%,S1_v3_2_2B_extension,,substructure_aggregate_median,4.2,0.1,,,,0.0,5000,H_below_validated_reduced_field
B2Mg0.8Na0.2,conventional_AlB2,mp-763,,A1,38.0,3DSC_MP,15.5,c_parent,±20-50%,S1_v3_2_2B_extension,,substructure_aggregate_median,4.2,1.0,,,,0.0246463674043102,5000,H_below_validated_reduced_field
B2Mg0.8Na0.2,conventional_AlB2,mp-763,,A1,38.0,3DSC_MP,15.5,c_parent,±20-50%,S1_v3_2_2B_extension,,substructure_aggregate_median,4.2,5.0,4.9763786985300005,4.658606035432146,5.2719886320130085,0.1871754651751729,5000,
B2Mg0.8Na0.2,conventional_AlB2,mp-763,,A1,38.0,3DSC_MP,15.5,c_parent,±20-50%,S1_v3_2_2B_extension,,substructure_aggregate_median,20.0,0.1,,,,0.0,5000,H_below_validated_reduced_field
B2Mg0.8Na0.2,conventional_AlB2,mp-763,,A1,38.0,3DSC_MP,15.5,c_parent,±20-50%,S1_v3_2_2B_extension,,substructure_aggregate_median,20.0,1.0,,,,0.0247854470756268,5000,H_below_validated_reduced_field
B2Mg0.8Na0.2,conventional_AlB2,mp-763,,A1,38.0,3DSC_MP,15.5,c_parent,±20-50%,S1_v3_2_2B_extension,,substructure_aggregate_median,20.0,5.0,4.663576506082317,4.247081395676539,5.0540570603063255,0.1900289091426765,5000,
B2Mg0.8Na0.2,conventional_AlB2,mp-763,,A1,38.0,3DSC_MP,15.5,c_parent,±20-50%,S1_v3_2_2B_extension,,substructure_aggregate_median,29.26,0.1,,,,0.0,5000,H_below_validated_reduced_field
B2Mg0.8Na0.2,conventional_AlB2,mp-763,,A1,38.0,3DSC_MP,15.5,c_parent,±20-50%,S1_v3_2_2B_extension,,substructure_aggregate_median,29.26,1.0,,,,0.0245228596134108,5000,H_below_validated_reduced_field
B2Mg0.8Na0.2,conventional_AlB2,mp-763,,A1,38.0,3DSC_MP,15.5,c_parent,±20-50%,S1_v3_2_2B_extension,,substructure_aggregate_median,29.26,5.0,4.293074303734237,3.681599799239039,4.89869938559015,0.192928019826291,5000,
B2Mg0.8Ti0.2,conventional_AlB2,mp-763,,A1,37.8,3DSC_MP,15.5,c_parent,±20-50%,S1_v3_2_2B_extension,,substructure_aggregate_median,4.2,0.1,,,,0.0,5000,H_below_validated_reduced_field
B2Mg0.8Ti0.2,conventional_AlB2,mp-763,,A1,37.8,3DSC_MP,15.5,c_parent,±20-50%,S1_v3_2_2B_extension,,substructure_aggregate_median,4.2,1.0,,,,0.0254594645429984,5000,H_below_validated_reduced_field
B2Mg0.8Ti0.2,conventional_AlB2,mp-763,,A1,37.8,3DSC_MP,15.5,c_parent,±20-50%,S1_v3_2_2B_extension,,substructure_aggregate_median,4.2,5.0,4.982774073758791,4.664326021449344,5.264406632650265,0.1831982140291517,5000,
B2Mg0.8Ti0.2,conventional_AlB2,mp-763,,A1,37.8,3DSC_MP,15.5,c_parent,±20-50%,S1_v3_2_2B_extension,,substructure_aggregate_median,20.0,0.1,,,,0.0,5000,H_below_validated_reduced_field
B2Mg0.8Ti0.2,conventional_AlB2,mp-763,,A1,37.8,3DSC_MP,15.5,c_parent,±20-50%,S1_v3_2_2B_extension,,substructure_aggregate_median,20.0,1.0,,,,0.0247533241713782,5000,H_below_validated_reduced_field
B2Mg0.8Ti0.2,conventional_AlB2,mp-763,,A1,37.8,3DSC_MP,15.5,c_parent,±20-50%,S1_v3_2_2B_extension,,substructure_aggregate_median,20.0,5.0,4.664916337522039,4.249147851895642,5.052513240089438,0.1865610489208693,5000,
B2Mg0.8Ti0.2,conventional_AlB2,mp-763,,A1,37.8,3DSC_MP,15.5,c_parent,±20-50%,S1_v3_2_2B_extension,,substructure_aggregate_median,29.106,0.1,,,,0.0,5000,H_below_validated_reduced_field
B2Mg0.8Ti0.2,conventional_AlB2,mp-763,,A1,37.8,3DSC_MP,15.5,c_parent,±20-50%,S1_v3_2_2B_extension,,substructure_aggregate_median,29.106,1.0,,,,0.0244609541941365,5000,H_below_validated_reduced_field
B2Mg0.8Ti0.2,conventional_AlB2,mp-763,,A1,37.8,3DSC_MP,15.5,c_parent,±20-50%,S1_v3_2_2B_extension,,substructure_aggregate_median,29.106,5.0,4.290164137083802,3.7018303427751222,4.879874719513261,0.1917697170521854,5000,
B2Mg0.8Zn0.2,conventional_AlB2,mp-763,,A1,38.4,3DSC_MP,15.5,c_parent,±20-50%,S1_v3_2_2B_extension,,substructure_aggregate_median,4.2,0.1,,,,0.0,5000,H_below_validated_reduced_field
B2Mg0.8Zn0.2,conventional_AlB2,mp-763,,A1,38.4,3DSC_MP,15.5,c_parent,±20-50%,S1_v3_2_2B_extension,,substructure_aggregate_median,4.2,1.0,,,,0.0242485749384933,5000,H_below_validated_reduced_field
B2Mg0.8Zn0.2,conventional_AlB2,mp-763,,A1,38.4,3DSC_MP,15.5,c_parent,±20-50%,S1_v3_2_2B_extension,,substructure_aggregate_median,4.2,5.0,4.979161227585859,4.653615938449442,5.256010677755983,0.1866122223920356,5000,
B2Mg0.8Zn0.2,conventional_AlB2,mp-763,,A1,38.4,3DSC_MP,15.5,c_parent,±20-50%,S1_v3_2_2B_extension,,substructure_aggregate_median,20.0,0.1,,,,0.0,5000,H_below_validated_reduced_field
B2Mg0.8Zn0.2,conventional_AlB2,mp-763,,A1,38.4,3DSC_MP,15.5,c_parent,±20-50%,S1_v3_2_2B_extension,,substructure_aggregate_median,20.0,1.0,,,,0.0239721434483115,5000,H_below_validated_reduced_field
B2Mg0.8Zn0.2,conventional_AlB2,mp-763,,A1,38.4,3DSC_MP,15.5,c_parent,±20-50%,S1_v3_2_2B_extension,,substructure_aggregate_median,20.0,5.0,4.66837584178738,4.250250818382392,5.054582224497711,0.1924496262314239,5000,
B2Mg0.8Zn0.2,conventional_AlB2,mp-763,,A1,38.4,3DSC_MP,15.5,c_parent,±20-50%,S1_v3_2_2B_extension,,substructure_aggregate_median,29.568,0.1,,,,0.0,5000,H_below_validated_reduced_field
B2Mg0.8Zn0.2,conventional_AlB2,mp-763,,A1,38.4,3DSC_MP,15.5,c_parent,±20-50%,S1_v3_2_2B_extension,,substructure_aggregate_median,29.568,1.0,,,,0.0229144979585687,5000,H_below_validated_reduced_field
B2Mg0.8Zn0.2,conventional_AlB2,mp-763,,A1,38.4,3DSC_MP,15.5,c_parent,±20-50%,S1_v3_2_2B_extension,,substructure_aggregate_median,29.568,5.0,4.289770412236116,3.6359948278859022,4.888572050221825,0.1919558048961809,5000,
B2Mg0.8Zr0.2,conventional_AlB2,mp-763,,A1,37.3,3DSC_MP,15.5,c_parent,±20-50%,S1_v3_2_2B_extension,,substructure_aggregate_median,4.2,0.1,,,,0.0,5000,H_below_validated_reduced_field
B2Mg0.8Zr0.2,conventional_AlB2,mp-763,,A1,37.3,3DSC_MP,15.5,c_parent,±20-50%,S1_v3_2_2B_extension,,substructure_aggregate_median,4.2,1.0,,,,0.0242669048672263,5000,H_below_validated_reduced_field
B2Mg0.8Zr0.2,conventional_AlB2,mp-763,,A1,37.3,3DSC_MP,15.5,c_parent,±20-50%,S1_v3_2_2B_extension,,substructure_aggregate_median,4.2,5.0,4.978628899283534,4.661564106454811,5.266126083927362,0.1859407758312308,5000,
B2Mg0.8Zr0.2,conventional_AlB2,mp-763,,A1,37.3,3DSC_MP,15.5,c_parent,±20-50%,S1_v3_2_2B_extension,,substructure_aggregate_median,20.0,0.1,,,,0.0,5000,H_below_validated_reduced_field
B2Mg0.8Zr0.2,conventional_AlB2,mp-763,,A1,37.3,3DSC_MP,15.5,c_parent,±20-50%,S1_v3_2_2B_extension,,substructure_aggregate_median,20.0,1.0,,,,0.0256541134204129,5000,H_below_validated_reduced_field
B2Mg0.8Zr0.2,conventional_AlB2,mp-763,,A1,37.3,3DSC_MP,15.5,c_parent,±20-50%,S1_v3_2_2B_extension,,substructure_aggregate_median,20.0,5.0,4.654401282109474,4.223207718989063,5.053368719245778,0.1891827680282487,5000,
B2Mg0.8Zr0.2,conventional_AlB2,mp-763,,A1,37.3,3DSC_MP,15.5,c_parent,±20-50%,S1_v3_2_2B_extension,,substructure_aggregate_median,28.721,0.1,,,,0.0,5000,H_below_validated_reduced_field
B2Mg0.8Zr0.2,conventional_AlB2,mp-763,,A1,37.3,3DSC_MP,15.5,c_parent,±20-50%,S1_v3_2_2B_extension,,substructure_aggregate_median,28.721,1.0,,,,0.0228429685476729,5000,H_below_validated_reduced_field
B2Mg0.8Zr0.2,conventional_AlB2,mp-763,,A1,37.3,3DSC_MP,15.5,c_parent,±20-50%,S1_v3_2_2B_extension,,substructure_aggregate_median,28.721,5.0,4.290932282852009,3.645144287888902,4.886880082509889,0.1949396429747265,5000,
B2Mg0.9,conventional_AlB2,mp-763,,A1,38.2,3DSC_MP,15.5,c_parent,±20-50%,S1_v3_2_2B_extension,,substructure_aggregate_median,4.2,0.1,,,,0.0,5000,H_below_validated_reduced_field
B2Mg0.9,conventional_AlB2,mp-763,,A1,38.2,3DSC_MP,15.5,c_parent,±20-50%,S1_v3_2_2B_extension,,substructure_aggregate_median,4.2,1.0,,,,0.0251045870601087,5000,H_below_validated_reduced_field
B2Mg0.9,conventional_AlB2,mp-763,,A1,38.2,3DSC_MP,15.5,c_parent,±20-50%,S1_v3_2_2B_extension,,substructure_aggregate_median,4.2,5.0,4.976264208839332,4.65808731005489,5.263524537620467,0.1845036098240786,5000,
B2Mg0.9,conventional_AlB2,mp-763,,A1,38.2,3DSC_MP,15.5,c_parent,±20-50%,S1_v3_2_2B_extension,,substructure_aggregate_median,20.0,0.1,,,,0.0,5000,H_below_validated_reduced_field
B2Mg0.9,conventional_AlB2,mp-763,,A1,38.2,3DSC_MP,15.5,c_parent,±20-50%,S1_v3_2_2B_extension,,substructure_aggregate_median,20.0,1.0,,,,0.0243320412688454,5000,H_below_validated_reduced_field
B2Mg0.9,conventional_AlB2,mp-763,,A1,38.2,3DSC_MP,15.5,c_parent,±20-50%,S1_v3_2_2B_extension,,substructure_aggregate_median,20.0,5.0,4.664523178699433,4.252260010045114,5.047798170344647,0.1908901585950797,5000,
B2Mg0.9,conventional_AlB2,mp-763,,A1,38.2,3DSC_MP,15.5,c_parent,±20-50%,S1_v3_2_2B_extension,,substructure_aggregate_median,29.414,0.1,,,,0.0,5000,H_below_validated_reduced_field
B2Mg0.9,conventional_AlB2,mp-763,,A1,38.2,3DSC_MP,15.5,c_parent,±20-50%,S1_v3_2_2B_extension,,substructure_aggregate_median,29.414,1.0,,,,0.0249630082528105,5000,H_below_validated_reduced_field
B2Mg0.9,conventional_AlB2,mp-763,,A1,38.2,3DSC_MP,15.5,c_parent,±20-50%,S1_v3_2_2B_extension,,substructure_aggregate_median,29.414,5.0,4.28692584838445,3.6728076820944033,4.877626862374022,0.1944551269332963,5000,
B2Mg0.93Na0.07,conventional_AlB2,mp-763,,A1,38.0,3DSC_MP,15.5,c_parent,±20-50%,S1_v3_2_2B_extension,,substructure_aggregate_median,4.2,0.1,,,,0.0,5000,H_below_validated_reduced_field
B2Mg0.93Na0.07,conventional_AlB2,mp-763,,A1,38.0,3DSC_MP,15.5,c_parent,±20-50%,S1_v3_2_2B_extension,,substructure_aggregate_median,4.2,1.0,,,,0.0242485749384933,5000,H_below_validated_reduced_field
B2Mg0.93Na0.07,conventional_AlB2,mp-763,,A1,38.0,3DSC_MP,15.5,c_parent,±20-50%,S1_v3_2_2B_extension,,substructure_aggregate_median,4.2,5.0,4.981675246088607,4.655366498224829,5.264406632650265,0.1857284068110249,5000,
B2Mg0.93Na0.07,conventional_AlB2,mp-763,,A1,38.0,3DSC_MP,15.5,c_parent,±20-50%,S1_v3_2_2B_extension,,substructure_aggregate_median,20.0,0.1,,,,0.0,5000,H_below_validated_reduced_field
B2Mg0.93Na0.07,conventional_AlB2,mp-763,,A1,38.0,3DSC_MP,15.5,c_parent,±20-50%,S1_v3_2_2B_extension,,substructure_aggregate_median,20.0,1.0,,,,0.0241815812869417,5000,H_below_validated_reduced_field
B2Mg0.93Na0.07,conventional_AlB2,mp-763,,A1,38.0,3DSC_MP,15.5,c_parent,±20-50%,S1_v3_2_2B_extension,,substructure_aggregate_median,20.0,5.0,4.664503460434936,4.251834108110792,5.05689997820616,0.1916366115981649,5000,
B2Mg0.93Na0.07,conventional_AlB2,mp-763,,A1,38.0,3DSC_MP,15.5,c_parent,±20-50%,S1_v3_2_2B_extension,,substructure_aggregate_median,29.26,0.1,,,,0.0,5000,H_below_validated_reduced_field
B2Mg0.93Na0.07,conventional_AlB2,mp-763,,A1,38.0,3DSC_MP,15.5,c_parent,±20-50%,S1_v3_2_2B_extension,,substructure_aggregate_median,29.26,1.0,,,,0.0239175453748794,5000,H_below_validated_reduced_field
B2Mg0.93Na0.07,conventional_AlB2,mp-763,,A1,38.0,3DSC_MP,15.5,c_parent,±20-50%,S1_v3_2_2B_extension,,substructure_aggregate_median,29.26,5.0,4.287247731331653,3.690971634649855,4.898083474210686,0.1934265748396413,5000,
B2Mg0.94Pb0.06,conventional_AlB2,mp-763,,A1,35.0,3DSC_MP,15.5,c_parent,±20-50%,S1_v3_2_2B_extension,,substructure_aggregate_median,4.2,0.1,,,,0.0,5000,H_below_validated_reduced_field
B2Mg0.94Pb0.06,conventional_AlB2,mp-763,,A1,35.0,3DSC_MP,15.5,c_parent,±20-50%,S1_v3_2_2B_extension,,substructure_aggregate_median,4.2,1.0,,,,0.0251493678374252,5000,H_below_validated_reduced_field
B2Mg0.94Pb0.06,conventional_AlB2,mp-763,,A1,35.0,3DSC_MP,15.5,c_parent,±20-50%,S1_v3_2_2B_extension,,substructure_aggregate_median,4.2,5.0,4.978240786087785,4.661987392088656,5.258431937471141,0.1855177007787105,5000,
B2Mg0.94Pb0.06,conventional_AlB2,mp-763,,A1,35.0,3DSC_MP,15.5,c_parent,±20-50%,S1_v3_2_2B_extension,,substructure_aggregate_median,20.0,0.1,,,,0.0,5000,H_below_validated_reduced_field
B2Mg0.94Pb0.06,conventional_AlB2,mp-763,,A1,35.0,3DSC_MP,15.5,c_parent,±20-50%,S1_v3_2_2B_extension,,substructure_aggregate_median,20.0,1.0,,,,0.0248228682558995,5000,H_below_validated_reduced_field
B2Mg0.94Pb0.06,conventional_AlB2,mp-763,,A1,35.0,3DSC_MP,15.5,c_parent,±20-50%,S1_v3_2_2B_extension,,substructure_aggregate_median,20.0,5.0,4.614254021456638,4.176521092567454,5.023038190313475,0.1903384679490027,5000,
B2Mg0.94Pb0.06,conventional_AlB2,mp-763,,A1,35.0,3DSC_MP,15.5,c_parent,±20-50%,S1_v3_2_2B_extension,,substructure_aggregate_median,26.95,0.1,,,,0.0,5000,H_below_validated_reduced_field
B2Mg0.94Pb0.06,conventional_AlB2,mp-763,,A1,35.0,3DSC_MP,15.5,c_parent,±20-50%,S1_v3_2_2B_extension,,substructure_aggregate_median,26.95,1.0,,,,0.0237327177879835,5000,H_below_validated_reduced_field
B2Mg0.94Pb0.06,conventional_AlB2,mp-763,,A1,35.0,3DSC_MP,15.5,c_parent,±20-50%,S1_v3_2_2B_extension,,substructure_aggregate_median,26.95,5.0,4.290083097121328,3.649702830899979,4.88563554060589,0.1945122260704783,5000,
B2Mg0.95Mn0.05,conventional_AlB2,mp-763,,A1,30.0,3DSC_MP,15.5,c_parent,±20-50%,S1_v3_2_2B_extension,,substructure_aggregate_median,4.2,0.1,,,,0.0,5000,H_below_validated_reduced_field
B2Mg0.95Mn0.05,conventional_AlB2,mp-763,,A1,30.0,3DSC_MP,15.5,c_parent,±20-50%,S1_v3_2_2B_extension,,substructure_aggregate_median,4.2,1.0,,,,0.0252764068725737,5000,H_below_validated_reduced_field
B2Mg0.95Mn0.05,conventional_AlB2,mp-763,,A1,30.0,3DSC_MP,15.5,c_parent,±20-50%,S1_v3_2_2B_extension,,substructure_aggregate_median,4.2,5.0,4.9808168791513445,4.668692219843093,5.270572995281247,0.1850470720690538,5000,
B2Mg0.95Mn0.05,conventional_AlB2,mp-763,,A1,30.0,3DSC_MP,15.5,c_parent,±20-50%,S1_v3_2_2B_extension,,substructure_aggregate_median,20.0,0.1,,,,0.0,5000,H_below_validated_reduced_field
B2Mg0.95Mn0.05,conventional_AlB2,mp-763,,A1,30.0,3DSC_MP,15.5,c_parent,±20-50%,S1_v3_2_2B_extension,,substructure_aggregate_median,20.0,1.0,,,,0.0254436057273235,5000,H_below_validated_reduced_field
B2Mg0.95Mn0.05,conventional_AlB2,mp-763,,A1,30.0,3DSC_MP,15.5,c_parent,±20-50%,S1_v3_2_2B_extension,,substructure_aggregate_median,20.0,5.0,4.499228351244579,3.980380230097741,4.9813738203538,0.1904137895315285,5000,
B2Mg0.95Mn0.05,conventional_AlB2,mp-763,,A1,30.0,3DSC_MP,15.5,c_parent,±20-50%,S1_v3_2_2B_extension,,substructure_aggregate_median,23.1,0.1,,,,0.0,5000,H_below_validated_reduced_field
B2Mg0.95Mn0.05,conventional_AlB2,mp-763,,A1,30.0,3DSC_MP,15.5,c_parent,±20-50%,S1_v3_2_2B_extension,,substructure_aggregate_median,23.1,1.0,,,,0.02294812566842,5000,H_below_validated_reduced_field
B2Mg0.95Mn0.05,conventional_AlB2,mp-763,,A1,30.0,3DSC_MP,15.5,c_parent,±20-50%,S1_v3_2_2B_extension,,substructure_aggregate_median,23.1,5.0,4.306147150398644,3.636027152104969,4.895455100843726,0.1912670732230417,5000,
B2Mg0.95Ti0.05,conventional_AlB2,mp-763,,A1,38.5,3DSC_MP,15.5,c_parent,±20-50%,S1_v3_2_2B_extension,,substructure_aggregate_median,4.2,0.1,,,,0.0,5000,H_below_validated_reduced_field
B2Mg0.95Ti0.05,conventional_AlB2,mp-763,,A1,38.5,3DSC_MP,15.5,c_parent,±20-50%,S1_v3_2_2B_extension,,substructure_aggregate_median,4.2,1.0,,,,0.0269497634137731,5000,H_below_validated_reduced_field
B2Mg0.95Ti0.05,conventional_AlB2,mp-763,,A1,38.5,3DSC_MP,15.5,c_parent,±20-50%,S1_v3_2_2B_extension,,substructure_aggregate_median,4.2,5.0,4.97990458896984,4.667268958449525,5.257448727793254,0.1874646280936547,5000,
B2Mg0.95Ti0.05,conventional_AlB2,mp-763,,A1,38.5,3DSC_MP,15.5,c_parent,±20-50%,S1_v3_2_2B_extension,,substructure_aggregate_median,20.0,0.1,,,,0.0,5000,H_below_validated_reduced_field
B2Mg0.95Ti0.05,conventional_AlB2,mp-763,,A1,38.5,3DSC_MP,15.5,c_parent,±20-50%,S1_v3_2_2B_extension,,substructure_aggregate_median,20.0,1.0,,,,0.0239255603389088,5000,H_below_validated_reduced_field
B2Mg0.95Ti0.05,conventional_AlB2,mp-763,,A1,38.5,3DSC_MP,15.5,c_parent,±20-50%,S1_v3_2_2B_extension,,substructure_aggregate_median,20.0,5.0,4.672686237981405,4.266309411381549,5.055721688113898,0.1912117375619804,5000,
B2Mg0.95Ti0.05,conventional_AlB2,mp-763,,A1,38.5,3DSC_MP,15.5,c_parent,±20-50%,S1_v3_2_2B_extension,,substructure_aggregate_median,29.645,0.1,,,,0.0,5000,H_below_validated_reduced_field
B2Mg0.95Ti0.05,conventional_AlB2,mp-763,,A1,38.5,3DSC_MP,15.5,c_parent,±20-50%,S1_v3_2_2B_extension,,substructure_aggregate_median,29.645,1.0,,,,0.0238961216469322,5000,H_below_validated_reduced_field
B2Mg0.95Ti0.05,conventional_AlB2,mp-763,,A1,38.5,3DSC_MP,15.5,c_parent,±20-50%,S1_v3_2_2B_extension,,substructure_aggregate_median,29.645,5.0,4.288637571953361,3.699308315083176,4.8882803543190985,0.1958941403155547,5000,
B2Mg0.95Zn0.05,conventional_AlB2,mp-763,,A1,38.3,3DSC_MP,15.5,c_parent,±20-50%,S1_v3_2_2B_extension,,substructure_aggregate_median,4.2,0.1,,,,0.0,5000,H_below_validated_reduced_field
B2Mg0.95Zn0.05,conventional_AlB2,mp-763,,A1,38.3,3DSC_MP,15.5,c_parent,±20-50%,S1_v3_2_2B_extension,,substructure_aggregate_median,4.2,1.0,,,,0.023709514855291,5000,H_below_validated_reduced_field
B2Mg0.95Zn0.05,conventional_AlB2,mp-763,,A1,38.3,3DSC_MP,15.5,c_parent,±20-50%,S1_v3_2_2B_extension,,substructure_aggregate_median,4.2,5.0,4.980622895715926,4.657567016619448,5.274337113726394,0.1835822140420857,5000,
B2Mg0.95Zn0.05,conventional_AlB2,mp-763,,A1,38.3,3DSC_MP,15.5,c_parent,±20-50%,S1_v3_2_2B_extension,,substructure_aggregate_median,20.0,0.1,,,,0.0,5000,H_below_validated_reduced_field
B2Mg0.95Zn0.05,conventional_AlB2,mp-763,,A1,38.3,3DSC_MP,15.5,c_parent,±20-50%,S1_v3_2_2B_extension,,substructure_aggregate_median,20.0,1.0,,,,0.0253776045074234,5000,H_below_validated_reduced_field
B2Mg0.95Zn0.05,conventional_AlB2,mp-763,,A1,38.3,3DSC_MP,15.5,c_parent,±20-50%,S1_v3_2_2B_extension,,substructure_aggregate_median,20.0,5.0,4.67167520338468,4.253795290142487,5.057637428021434,0.1897388341227674,5000,
B2Mg0.95Zn0.05,conventional_AlB2,mp-763,,A1,38.3,3DSC_MP,15.5,c_parent,±20-50%,S1_v3_2_2B_extension,,substructure_aggregate_median,29.491,0.1,,,,0.0,5000,H_below_validated_reduced_field
B2Mg0.95Zn0.05,conventional_AlB2,mp-763,,A1,38.3,3DSC_MP,15.5,c_parent,±20-50%,S1_v3_2_2B_extension,,substructure_aggregate_median,29.491,1.0,,,,0.0237715045407531,5000,H_below_validated_reduced_field
B2Mg0.95Zn0.05,conventional_AlB2,mp-763,,A1,38.3,3DSC_MP,15.5,c_parent,±20-50%,S1_v3_2_2B_extension,,substructure_aggregate_median,29.491,5.0,4.294395623869491,3.71099600026588,4.888886792558536,0.1882682423356376,5000,
B2Mg0.95Zr0.05,conventional_AlB2,mp-763,,A1,37.7,3DSC_MP,15.5,c_parent,±20-50%,S1_v3_2_2B_extension,,substructure_aggregate_median,4.2,0.1,,,,0.0,5000,H_below_validated_reduced_field
B2Mg0.95Zr0.05,conventional_AlB2,mp-763,,A1,37.7,3DSC_MP,15.5,c_parent,±20-50%,S1_v3_2_2B_extension,,substructure_aggregate_median,4.2,1.0,,,,0.0246463674043102,5000,H_below_validated_reduced_field
B2Mg0.95Zr0.05,conventional_AlB2,mp-763,,A1,37.7,3DSC_MP,15.5,c_parent,±20-50%,S1_v3_2_2B_extension,,substructure_aggregate_median,4.2,5.0,4.977758236137484,4.655381392460561,5.256220376766975,0.1842540929444647,5000,
B2Mg0.95Zr0.05,conventional_AlB2,mp-763,,A1,37.7,3DSC_MP,15.5,c_parent,±20-50%,S1_v3_2_2B_extension,,substructure_aggregate_median,20.0,0.1,,,,0.0,5000,H_below_validated_reduced_field
B2Mg0.95Zr0.05,conventional_AlB2,mp-763,,A1,37.7,3DSC_MP,15.5,c_parent,±20-50%,S1_v3_2_2B_extension,,substructure_aggregate_median,20.0,1.0,,,,0.0247165968799407,5000,H_below_validated_reduced_field
B2Mg0.95Zr0.05,conventional_AlB2,mp-763,,A1,37.7,3DSC_MP,15.5,c_parent,±20-50%,S1_v3_2_2B_extension,,substructure_aggregate_median,20.0,5.0,4.656727576707379,4.241101305300437,5.058789155540778,0.1901062183158828,5000,
B2Mg0.95Zr0.05,conventional_AlB2,mp-763,,A1,37.7,3DSC_MP,15.5,c_parent,±20-50%,S1_v3_2_2B_extension,,substructure_aggregate_median,29.029000000000003,0.1,,,,0.0,5000,H_below_validated_reduced_field
B2Mg0.95Zr0.05,conventional_AlB2,mp-763,,A1,37.7,3DSC_MP,15.5,c_parent,±20-50%,S1_v3_2_2B_extension,,substructure_aggregate_median,29.029000000000003,1.0,,,,0.0239195241868994,5000,H_below_validated_reduced_field
B2Mg0.95Zr0.05,conventional_AlB2,mp-763,,A1,37.7,3DSC_MP,15.5,c_parent,±20-50%,S1_v3_2_2B_extension,,substructure_aggregate_median,29.029000000000003,5.0,4.285776894203593,3.641372938764446,4.895093380911806,0.1930921382379917,5000,
B2Mg0.96Mn0.04,conventional_AlB2,mp-763,,A1,32.3,3DSC_MP,15.5,c_parent,±20-50%,S1_v3_2_2B_extension,,substructure_aggregate_median,4.2,0.1,,,,0.0,5000,H_below_validated_reduced_field
B2Mg0.96Mn0.04,conventional_AlB2,mp-763,,A1,32.3,3DSC_MP,15.5,c_parent,±20-50%,S1_v3_2_2B_extension,,substructure_aggregate_median,4.2,1.0,,,,0.0257706709427596,5000,H_below_validated_reduced_field
B2Mg0.96Mn0.04,conventional_AlB2,mp-763,,A1,32.3,3DSC_MP,15.5,c_parent,±20-50%,S1_v3_2_2B_extension,,substructure_aggregate_median,4.2,5.0,4.981543337214,4.662443950924451,5.2644911623942825,0.1857284068110249,5000,
B2Mg0.96Mn0.04,conventional_AlB2,mp-763,,A1,32.3,3DSC_MP,15.5,c_parent,±20-50%,S1_v3_2_2B_extension,,substructure_aggregate_median,20.0,0.1,,,,0.0,5000,H_below_validated_reduced_field
B2Mg0.96Mn0.04,conventional_AlB2,mp-763,,A1,32.3,3DSC_MP,15.5,c_parent,±20-50%,S1_v3_2_2B_extension,,substructure_aggregate_median,20.0,1.0,,,,0.0244492497559356,5000,H_below_validated_reduced_field
B2Mg0.96Mn0.04,conventional_AlB2,mp-763,,A1,32.3,3DSC_MP,15.5,c_parent,±20-50%,S1_v3_2_2B_extension,,substructure_aggregate_median,20.0,5.0,4.566997889705483,4.102113807042482,5.004041411877218,0.1893584724465054,5000,
B2Mg0.96Mn0.04,conventional_AlB2,mp-763,,A1,32.3,3DSC_MP,15.5,c_parent,±20-50%,S1_v3_2_2B_extension,,substructure_aggregate_median,24.871,0.1,,,,0.0,5000,H_below_validated_reduced_field
B2Mg0.96Mn0.04,conventional_AlB2,mp-763,,A1,32.3,3DSC_MP,15.5,c_parent,±20-50%,S1_v3_2_2B_extension,,substructure_aggregate_median,24.871,1.0,,,,0.0245355036446133,5000,H_below_validated_reduced_field
B2Mg0.96Mn0.04,conventional_AlB2,mp-763,,A1,32.3,3DSC_MP,15.5,c_parent,±20-50%,S1_v3_2_2B_extension,,substructure_aggregate_median,24.871,5.0,4.307343295702307,3.723660771122932,4.893196221267145,0.1928298385388807,5000,
B2Mg0.97Na0.03,conventional_AlB2,mp-763,,A1,38.0,3DSC_MP,15.5,c_parent,±20-50%,S1_v3_2_2B_extension,,substructure_aggregate_median,4.2,0.1,,,,0.0,5000,H_below_validated_reduced_field
B2Mg0.97Na0.03,conventional_AlB2,mp-763,,A1,38.0,3DSC_MP,15.5,c_parent,±20-50%,S1_v3_2_2B_extension,,substructure_aggregate_median,4.2,1.0,,,,0.0257448331470833,5000,H_below_validated_reduced_field
B2Mg0.97Na0.03,conventional_AlB2,mp-763,,A1,38.0,3DSC_MP,15.5,c_parent,±20-50%,S1_v3_2_2B_extension,,substructure_aggregate_median,4.2,5.0,4.97990458896984,4.667265999654936,5.263501015723233,0.1864933408724089,5000,
B2Mg0.97Na0.03,conventional_AlB2,mp-763,,A1,38.0,3DSC_MP,15.5,c_parent,±20-50%,S1_v3_2_2B_extension,,substructure_aggregate_median,20.0,0.1,,,,0.0,5000,H_below_validated_reduced_field
B2Mg0.97Na0.03,conventional_AlB2,mp-763,,A1,38.0,3DSC_MP,15.5,c_parent,±20-50%,S1_v3_2_2B_extension,,substructure_aggregate_median,20.0,1.0,,,,0.0241866641461294,5000,H_below_validated_reduced_field
B2Mg0.97Na0.03,conventional_AlB2,mp-763,,A1,38.0,3DSC_MP,15.5,c_parent,±20-50%,S1_v3_2_2B_extension,,substructure_aggregate_median,20.0,5.0,4.665548228646005,4.240123529799593,5.058142561277677,0.1902260508576265,5000,
B2Mg0.97Na0.03,conventional_AlB2,mp-763,,A1,38.0,3DSC_MP,15.5,c_parent,±20-50%,S1_v3_2_2B_extension,,substructure_aggregate_median,29.26,0.1,,,,0.0,5000,H_below_validated_reduced_field
B2Mg0.97Na0.03,conventional_AlB2,mp-763,,A1,38.0,3DSC_MP,15.5,c_parent,±20-50%,S1_v3_2_2B_extension,,substructure_aggregate_median,29.26,1.0,,,,0.0239592688927272,5000,H_below_validated_reduced_field
B2Mg0.97Na0.03,conventional_AlB2,mp-763,,A1,38.0,3DSC_MP,15.5,c_parent,±20-50%,S1_v3_2_2B_extension,,substructure_aggregate_median,29.26,5.0,4.28845733710854,3.615786755825068,4.897443799395943,0.1901851431397609,5000,
B2Mg0.98,conventional_AlB2,mp-763,,A1,38.4,3DSC_MP,15.5,c_parent,±20-50%,S1_v3_2_2B_extension,,substructure_aggregate_median,4.2,0.1,,,,0.0,5000,H_below_validated_reduced_field
B2Mg0.98,conventional_AlB2,mp-763,,A1,38.4,3DSC_MP,15.5,c_parent,±20-50%,S1_v3_2_2B_extension,,substructure_aggregate_median,4.2,1.0,,,,0.0239978518877705,5000,H_below_validated_reduced_field
B2Mg0.98,conventional_AlB2,mp-763,,A1,38.4,3DSC_MP,15.5,c_parent,±20-50%,S1_v3_2_2B_extension,,substructure_aggregate_median,4.2,5.0,4.9763786985300005,4.659103484778752,5.256994599571886,0.1867810593767851,5000,
B2Mg0.98,conventional_AlB2,mp-763,,A1,38.4,3DSC_MP,15.5,c_parent,±20-50%,S1_v3_2_2B_extension,,substructure_aggregate_median,20.0,0.1,,,,0.0,5000,H_below_validated_reduced_field
B2Mg0.98,conventional_AlB2,mp-763,,A1,38.4,3DSC_MP,15.5,c_parent,±20-50%,S1_v3_2_2B_extension,,substructure_aggregate_median,20.0,1.0,,,,0.0230809200278168,5000,H_below_validated_reduced_field
B2Mg0.98,conventional_AlB2,mp-763,,A1,38.4,3DSC_MP,15.5,c_parent,±20-50%,S1_v3_2_2B_extension,,substructure_aggregate_median,20.0,5.0,4.665674992913292,4.259479350709919,5.050838969116036,0.1901554789269228,5000,
B2Mg0.98,conventional_AlB2,mp-763,,A1,38.4,3DSC_MP,15.5,c_parent,±20-50%,S1_v3_2_2B_extension,,substructure_aggregate_median,29.568,0.1,,,,0.0,5000,H_below_validated_reduced_field
B2Mg0.98,conventional_AlB2,mp-763,,A1,38.4,3DSC_MP,15.5,c_parent,±20-50%,S1_v3_2_2B_extension,,substructure_aggregate_median,29.568,1.0,,,,0.0254531252675267,5000,H_below_validated_reduced_field
B2Mg0.98,conventional_AlB2,mp-763,,A1,38.4,3DSC_MP,15.5,c_parent,±20-50%,S1_v3_2_2B_extension,,substructure_aggregate_median,29.568,5.0,4.281539256753845,3.690603055403234,4.891961616505274,0.194337642188648,5000,
B2Mg0.988Sc0.012,conventional_AlB2,mp-763,,A1,41.4,3DSC_MP,15.5,c_parent,±20-50%,S1_v3_2_2B_extension,,substructure_aggregate_median,4.2,0.1,,,,0.0,5000,H_below_validated_reduced_field
B2Mg0.988Sc0.012,conventional_AlB2,mp-763,,A1,41.4,3DSC_MP,15.5,c_parent,±20-50%,S1_v3_2_2B_extension,,substructure_aggregate_median,4.2,1.0,,,,0.0257448331470833,5000,H_below_validated_reduced_field
B2Mg0.988Sc0.012,conventional_AlB2,mp-763,,A1,41.4,3DSC_MP,15.5,c_parent,±20-50%,S1_v3_2_2B_extension,,substructure_aggregate_median,4.2,5.0,4.981675246088607,4.6580299368748985,5.264406632650265,0.1825815273177466,5000,
B2Mg0.988Sc0.012,conventional_AlB2,mp-763,,A1,41.4,3DSC_MP,15.5,c_parent,±20-50%,S1_v3_2_2B_extension,,substructure_aggregate_median,20.0,0.1,,,,0.0,5000,H_below_validated_reduced_field
B2Mg0.988Sc0.012,conventional_AlB2,mp-763,,A1,41.4,3DSC_MP,15.5,c_parent,±20-50%,S1_v3_2_2B_extension,,substructure_aggregate_median,20.0,1.0,,,,0.0245475176166349,5000,H_below_validated_reduced_field
B2Mg0.988Sc0.012,conventional_AlB2,mp-763,,A1,41.4,3DSC_MP,15.5,c_parent,±20-50%,S1_v3_2_2B_extension,,substructure_aggregate_median,20.0,5.0,4.707398357548378,4.306807181838872,5.070587795906425,0.1890767396248796,5000,
B2Mg0.988Sc0.012,conventional_AlB2,mp-763,,A1,41.4,3DSC_MP,15.5,c_parent,±20-50%,S1_v3_2_2B_extension,,substructure_aggregate_median,31.878,0.1,,,,0.0,5000,H_below_validated_reduced_field
B2Mg0.988Sc0.012,conventional_AlB2,mp-763,,A1,41.4,3DSC_MP,15.5,c_parent,±20-50%,S1_v3_2_2B_extension,,substructure_aggregate_median,31.878,1.0,,,,0.0232832377953675,5000,H_below_validated_reduced_field
B2Mg0.988Sc0.012,conventional_AlB2,mp-763,,A1,41.4,3DSC_MP,15.5,c_parent,±20-50%,S1_v3_2_2B_extension,,substructure_aggregate_median,31.878,5.0,4.287550970255874,3.628989076238924,4.881783089920845,0.1928238990520103,5000,
B2Mg0.98Pb0.02,conventional_AlB2,mp-763,,A1,35.5,3DSC_MP,15.5,c_parent,±20-50%,S1_v3_2_2B_extension,,substructure_aggregate_median,4.2,0.1,,,,0.0,5000,H_below_validated_reduced_field
B2Mg0.98Pb0.02,conventional_AlB2,mp-763,,A1,35.5,3DSC_MP,15.5,c_parent,±20-50%,S1_v3_2_2B_extension,,substructure_aggregate_median,4.2,1.0,,,,0.0267936044545686,5000,H_below_validated_reduced_field
B2Mg0.98Pb0.02,conventional_AlB2,mp-763,,A1,35.5,3DSC_MP,15.5,c_parent,±20-50%,S1_v3_2_2B_extension,,substructure_aggregate_median,4.2,5.0,4.978628899283534,4.655381392460561,5.26941680692436,0.1850681646810885,5000,
B2Mg0.98Pb0.02,conventional_AlB2,mp-763,,A1,35.5,3DSC_MP,15.5,c_parent,±20-50%,S1_v3_2_2B_extension,,substructure_aggregate_median,20.0,0.1,,,,0.0,5000,H_below_validated_reduced_field
B2Mg0.98Pb0.02,conventional_AlB2,mp-763,,A1,35.5,3DSC_MP,15.5,c_parent,±20-50%,S1_v3_2_2B_extension,,substructure_aggregate_median,20.0,1.0,,,,0.0239999497384495,5000,H_below_validated_reduced_field
B2Mg0.98Pb0.02,conventional_AlB2,mp-763,,A1,35.5,3DSC_MP,15.5,c_parent,±20-50%,S1_v3_2_2B_extension,,substructure_aggregate_median,20.0,5.0,4.6251302200503295,4.186652114194771,5.034368886227101,0.1912352850038896,5000,
B2Mg0.98Pb0.02,conventional_AlB2,mp-763,,A1,35.5,3DSC_MP,15.5,c_parent,±20-50%,S1_v3_2_2B_extension,,substructure_aggregate_median,27.335,0.1,,,,0.0,5000,H_below_validated_reduced_field
B2Mg0.98Pb0.02,conventional_AlB2,mp-763,,A1,35.5,3DSC_MP,15.5,c_parent,±20-50%,S1_v3_2_2B_extension,,substructure_aggregate_median,27.335,1.0,,,,0.0244080898328897,5000,H_below_validated_reduced_field
B2Mg0.98Pb0.02,conventional_AlB2,mp-763,,A1,35.5,3DSC_MP,15.5,c_parent,±20-50%,S1_v3_2_2B_extension,,substructure_aggregate_median,27.335,5.0,4.296825559607718,3.703288684423681,4.890949779572301,0.1931006060941174,5000,
B2Mg0.98Sc0.02,conventional_AlB2,mp-763,,A1,39.0,3DSC_MP,15.5,c_parent,±20-50%,S1_v3_2_2B_extension,,substructure_aggregate_median,4.2,0.1,,,,0.0,5000,H_below_validated_reduced_field
B2Mg0.98Sc0.02,conventional_AlB2,mp-763,,A1,39.0,3DSC_MP,15.5,c_parent,±20-50%,S1_v3_2_2B_extension,,substructure_aggregate_median,4.2,1.0,,,,0.0254594645429984,5000,H_below_validated_reduced_field
B2Mg0.98Sc0.02,conventional_AlB2,mp-763,,A1,39.0,3DSC_MP,15.5,c_parent,±20-50%,S1_v3_2_2B_extension,,substructure_aggregate_median,4.2,5.0,4.980712441390612,4.671625444468842,5.281369895300264,0.1862888350268061,5000,
B2Mg0.98Sc0.02,conventional_AlB2,mp-763,,A1,39.0,3DSC_MP,15.5,c_parent,±20-50%,S1_v3_2_2B_extension,,substructure_aggregate_median,20.0,0.1,,,,0.0,5000,H_below_validated_reduced_field
B2Mg0.98Sc0.02,conventional_AlB2,mp-763,,A1,39.0,3DSC_MP,15.5,c_parent,±20-50%,S1_v3_2_2B_extension,,substructure_aggregate_median,20.0,1.0,,,,0.024110919930167,5000,H_below_validated_reduced_field
B2Mg0.98Sc0.02,conventional_AlB2,mp-763,,A1,39.0,3DSC_MP,15.5,c_parent,±20-50%,S1_v3_2_2B_extension,,substructure_aggregate_median,20.0,5.0,4.676860370036109,4.282919692981801,5.070462923537469,0.1893260398885443,5000,
B2Mg0.98Sc0.02,conventional_AlB2,mp-763,,A1,39.0,3DSC_MP,15.5,c_parent,±20-50%,S1_v3_2_2B_extension,,substructure_aggregate_median,30.03,0.1,,,,0.0,5000,H_below_validated_reduced_field
B2Mg0.98Sc0.02,conventional_AlB2,mp-763,,A1,39.0,3DSC_MP,15.5,c_parent,±20-50%,S1_v3_2_2B_extension,,substructure_aggregate_median,30.03,1.0,,,,0.0251330974520058,5000,H_below_validated_reduced_field
B2Mg0.98Sc0.02,conventional_AlB2,mp-763,,A1,39.0,3DSC_MP,15.5,c_parent,±20-50%,S1_v3_2_2B_extension,,substructure_aggregate_median,30.03,5.0,4.286071508334704,3.713437534474856,4.892217470632189,0.1929721617753177,5000,
B2Mg0.99Mn0.01,conventional_AlB2,mp-763,,A1,33.4,3DSC_MP,15.5,c_parent,±20-50%,S1_v3_2_2B_extension,,substructure_aggregate_median,4.2,0.1,,,,0.0,5000,H_below_validated_reduced_field
B2Mg0.99Mn0.01,conventional_AlB2,mp-763,,A1,33.4,3DSC_MP,15.5,c_parent,±20-50%,S1_v3_2_2B_extension,,substructure_aggregate_median,4.2,1.0,,,,0.0255405430726636,5000,H_below_validated_reduced_field
B2Mg0.99Mn0.01,conventional_AlB2,mp-763,,A1,33.4,3DSC_MP,15.5,c_parent,±20-50%,S1_v3_2_2B_extension,,substructure_aggregate_median,4.2,5.0,4.979161227585859,4.65808731005489,5.263524537620467,0.1864077165464328,5000,
B2Mg0.99Mn0.01,conventional_AlB2,mp-763,,A1,33.4,3DSC_MP,15.5,c_parent,±20-50%,S1_v3_2_2B_extension,,substructure_aggregate_median,20.0,0.1,,,,0.0,5000,H_below_validated_reduced_field
B2Mg0.99Mn0.01,conventional_AlB2,mp-763,,A1,33.4,3DSC_MP,15.5,c_parent,±20-50%,S1_v3_2_2B_extension,,substructure_aggregate_median,20.0,1.0,,,,0.024991430082351,5000,H_below_validated_reduced_field
B2Mg0.99Mn0.01,conventional_AlB2,mp-763,,A1,33.4,3DSC_MP,15.5,c_parent,±20-50%,S1_v3_2_2B_extension,,substructure_aggregate_median,20.0,5.0,4.5827173042915685,4.116496177643172,5.018340049699935,0.1904563177234806,5000,
B2Mg0.99Mn0.01,conventional_AlB2,mp-763,,A1,33.4,3DSC_MP,15.5,c_parent,±20-50%,S1_v3_2_2B_extension,,substructure_aggregate_median,25.718,0.1,,,,0.0,5000,H_below_validated_reduced_field
B2Mg0.99Mn0.01,conventional_AlB2,mp-763,,A1,33.4,3DSC_MP,15.5,c_parent,±20-50%,S1_v3_2_2B_extension,,substructure_aggregate_median,25.718,1.0,,,,0.0244345913524846,5000,H_below_validated_reduced_field
B2Mg0.99Mn0.01,conventional_AlB2,mp-763,,A1,33.4,3DSC_MP,15.5,c_parent,±20-50%,S1_v3_2_2B_extension,,substructure_aggregate_median,25.718,5.0,4.29456395047279,3.67512231134642,4.895971619082965,0.1934006580924157,5000,
B2Mg0.99Pb0.01,conventional_AlB2,mp-763,,A1,35.9,3DSC_MP,15.5,c_parent,±20-50%,S1_v3_2_2B_extension,,substructure_aggregate_median,4.2,0.1,,,,0.0,5000,H_below_validated_reduced_field
B2Mg0.99Pb0.01,conventional_AlB2,mp-763,,A1,35.9,3DSC_MP,15.5,c_parent,±20-50%,S1_v3_2_2B_extension,,substructure_aggregate_median,4.2,1.0,,,,0.0246509986535192,5000,H_below_validated_reduced_field
B2Mg0.99Pb0.01,conventional_AlB2,mp-763,,A1,35.9,3DSC_MP,15.5,c_parent,±20-50%,S1_v3_2_2B_extension,,substructure_aggregate_median,4.2,5.0,4.981675246088607,4.667265999654936,5.262594192545062,0.1841835298952858,5000,
B2Mg0.99Pb0.01,conventional_AlB2,mp-763,,A1,35.9,3DSC_MP,15.5,c_parent,±20-50%,S1_v3_2_2B_extension,,substructure_aggregate_median,20.0,0.1,,,,0.0,5000,H_below_validated_reduced_field
B2Mg0.99Pb0.01,conventional_AlB2,mp-763,,A1,35.9,3DSC_MP,15.5,c_parent,±20-50%,S1_v3_2_2B_extension,,substructure_aggregate_median,20.0,1.0,,,,0.0246026441813969,5000,H_below_validated_reduced_field
B2Mg0.99Pb0.01,conventional_AlB2,mp-763,,A1,35.9,3DSC_MP,15.5,c_parent,±20-50%,S1_v3_2_2B_extension,,substructure_aggregate_median,20.0,5.0,4.635534276117643,4.209797245911828,5.047023798277358,0.1889804414436087,5000,
B2Mg0.99Pb0.01,conventional_AlB2,mp-763,,A1,35.9,3DSC_MP,15.5,c_parent,±20-50%,S1_v3_2_2B_extension,,substructure_aggregate_median,27.643,0.1,,,,0.0,5000,H_below_validated_reduced_field
B2Mg0.99Pb0.01,conventional_AlB2,mp-763,,A1,35.9,3DSC_MP,15.5,c_parent,±20-50%,S1_v3_2_2B_extension,,substructure_aggregate_median,27.643,1.0,,,,0.0249940242668271,5000,H_below_validated_reduced_field
B2Mg0.99Pb0.01,conventional_AlB2,mp-763,,A1,35.9,3DSC_MP,15.5,c_parent,±20-50%,S1_v3_2_2B_extension,,substructure_aggregate_median,27.643,5.0,4.297374223100727,3.6984938788266377,4.909114085873218,0.1939115306069787,5000,
B2Mg0.99Sn0.01,conventional_AlB2,mp-763,,A1,33.5,3DSC_MP,15.5,c_parent,±20-50%,S1_v3_2_2B_extension,,substructure_aggregate_median,4.2,0.1,,,,0.0,5000,H_below_validated_reduced_field
B2Mg0.99Sn0.01,conventional_AlB2,mp-763,,A1,33.5,3DSC_MP,15.5,c_parent,±20-50%,S1_v3_2_2B_extension,,substructure_aggregate_median,4.2,1.0,,,,0.0250830935348016,5000,H_below_validated_reduced_field
B2Mg0.99Sn0.01,conventional_AlB2,mp-763,,A1,33.5,3DSC_MP,15.5,c_parent,±20-50%,S1_v3_2_2B_extension,,substructure_aggregate_median,4.2,5.0,4.977717263980598,4.670741378486062,5.269564591760424,0.1864077165464328,5000,
B2Mg0.99Sn0.01,conventional_AlB2,mp-763,,A1,33.5,3DSC_MP,15.5,c_parent,±20-50%,S1_v3_2_2B_extension,,substructure_aggregate_median,20.0,0.1,,,,0.0,5000,H_below_validated_reduced_field
B2Mg0.99Sn0.01,conventional_AlB2,mp-763,,A1,33.5,3DSC_MP,15.5,c_parent,±20-50%,S1_v3_2_2B_extension,,substructure_aggregate_median,20.0,1.0,,,,0.0248353937517409,5000,H_below_validated_reduced_field
B2Mg0.99Sn0.01,conventional_AlB2,mp-763,,A1,33.5,3DSC_MP,15.5,c_parent,±20-50%,S1_v3_2_2B_extension,,substructure_aggregate_median,20.0,5.0,4.585288903226269,4.134443848417017,5.034291767070359,0.1909684481774212,5000,
B2Mg0.99Sn0.01,conventional_AlB2,mp-763,,A1,33.5,3DSC_MP,15.5,c_parent,±20-50%,S1_v3_2_2B_extension,,substructure_aggregate_median,25.795,0.1,,,,0.0,5000,H_below_validated_reduced_field
B2Mg0.99Sn0.01,conventional_AlB2,mp-763,,A1,33.5,3DSC_MP,15.5,c_parent,±20-50%,S1_v3_2_2B_extension,,substructure_aggregate_median,25.795,1.0,,,,0.0242866019546861,5000,H_below_validated_reduced_field
B2Mg0.99Sn0.01,conventional_AlB2,mp-763,,A1,33.5,3DSC_MP,15.5,c_parent,±20-50%,S1_v3_2_2B_extension,,substructure_aggregate_median,25.795,5.0,4.294837249965669,3.6647578722495178,4.9081351331949055,0.1955035210529994,5000,
B2Mg0.99Ti0.01,conventional_AlB2,mp-763,,A1,38.6,3DSC_MP,15.5,c_parent,±20-50%,S1_v3_2_2B_extension,,substructure_aggregate_median,4.2,0.1,,,,0.0,5000,H_below_validated_reduced_field
B2Mg0.99Ti0.01,conventional_AlB2,mp-763,,A1,38.6,3DSC_MP,15.5,c_parent,±20-50%,S1_v3_2_2B_extension,,substructure_aggregate_median,4.2,1.0,,,,0.024182212884054,5000,H_below_validated_reduced_field
B2Mg0.99Ti0.01,conventional_AlB2,mp-763,,A1,38.6,3DSC_MP,15.5,c_parent,±20-50%,S1_v3_2_2B_extension,,substructure_aggregate_median,4.2,5.0,4.981675246088607,4.661957270531784,5.264489202289058,0.1835362560812274,5000,
B2Mg0.99Ti0.01,conventional_AlB2,mp-763,,A1,38.6,3DSC_MP,15.5,c_parent,±20-50%,S1_v3_2_2B_extension,,substructure_aggregate_median,20.0,0.1,,,,0.0,5000,H_below_validated_reduced_field
B2Mg0.99Ti0.01,conventional_AlB2,mp-763,,A1,38.6,3DSC_MP,15.5,c_parent,±20-50%,S1_v3_2_2B_extension,,substructure_aggregate_median,20.0,1.0,,,,0.0234445044068731,5000,H_below_validated_reduced_field
B2Mg0.99Ti0.01,conventional_AlB2,mp-763,,A1,38.6,3DSC_MP,15.5,c_parent,±20-50%,S1_v3_2_2B_extension,,substructure_aggregate_median,20.0,5.0,4.674508054825669,4.248865125620045,5.0646808999280815,0.1912105726394291,5000,
B2Mg0.99Ti0.01,conventional_AlB2,mp-763,,A1,38.6,3DSC_MP,15.5,c_parent,±20-50%,S1_v3_2_2B_extension,,substructure_aggregate_median,29.722,0.1,,,,0.0,5000,H_below_validated_reduced_field
B2Mg0.99Ti0.01,conventional_AlB2,mp-763,,A1,38.6,3DSC_MP,15.5,c_parent,±20-50%,S1_v3_2_2B_extension,,substructure_aggregate_median,29.722,1.0,,,,0.0242842175705852,5000,H_below_validated_reduced_field
B2Mg0.99Ti0.01,conventional_AlB2,mp-763,,A1,38.6,3DSC_MP,15.5,c_parent,±20-50%,S1_v3_2_2B_extension,,substructure_aggregate_median,29.722,5.0,4.2888021729115415,3.638491002171937,4.900305732826227,0.1956326268279724,5000,
B2Mg0.9Pb0.1,conventional_AlB2,mp-763,,A1,34.0,3DSC_MP,15.5,c_parent,±20-50%,S1_v3_2_2B_extension,,substructure_aggregate_median,4.2,0.1,,,,0.0,5000,H_below_validated_reduced_field
B2Mg0.9Pb0.1,conventional_AlB2,mp-763,,A1,34.0,3DSC_MP,15.5,c_parent,±20-50%,S1_v3_2_2B_extension,,substructure_aggregate_median,4.2,1.0,,,,0.0245708676803406,5000,H_below_validated_reduced_field
B2Mg0.9Pb0.1,conventional_AlB2,mp-763,,A1,34.0,3DSC_MP,15.5,c_parent,±20-50%,S1_v3_2_2B_extension,,substructure_aggregate_median,4.2,5.0,4.975326348157319,4.666260750805173,5.268738383906248,0.187850245595631,5000,
B2Mg0.9Pb0.1,conventional_AlB2,mp-763,,A1,34.0,3DSC_MP,15.5,c_parent,±20-50%,S1_v3_2_2B_extension,,substructure_aggregate_median,20.0,0.1,,,,0.0,5000,H_below_validated_reduced_field
B2Mg0.9Pb0.1,conventional_AlB2,mp-763,,A1,34.0,3DSC_MP,15.5,c_parent,±20-50%,S1_v3_2_2B_extension,,substructure_aggregate_median,20.0,1.0,,,,0.0237824111045252,5000,H_below_validated_reduced_field
B2Mg0.9Pb0.1,conventional_AlB2,mp-763,,A1,34.0,3DSC_MP,15.5,c_parent,±20-50%,S1_v3_2_2B_extension,,substructure_aggregate_median,20.0,5.0,4.601216139625704,4.145428407825903,5.02995784170783,0.1904070908144479,5000,
B2Mg0.9Pb0.1,conventional_AlB2,mp-763,,A1,34.0,3DSC_MP,15.5,c_parent,±20-50%,S1_v3_2_2B_extension,,substructure_aggregate_median,26.18,0.1,,,,0.0,5000,H_below_validated_reduced_field
B2Mg0.9Pb0.1,conventional_AlB2,mp-763,,A1,34.0,3DSC_MP,15.5,c_parent,±20-50%,S1_v3_2_2B_extension,,substructure_aggregate_median,26.18,1.0,,,,0.0237740321894364,5000,H_below_validated_reduced_field
B2Mg0.9Pb0.1,conventional_AlB2,mp-763,,A1,34.0,3DSC_MP,15.5,c_parent,±20-50%,S1_v3_2_2B_extension,,substructure_aggregate_median,26.18,5.0,4.299083092291819,3.685058004978711,4.901476262247291,0.193783134064839,5000,
B2Mg0.9Ti0.1,conventional_AlB2,mp-763,,A1,38.3,3DSC_MP,15.5,c_parent,±20-50%,S1_v3_2_2B_extension,,substructure_aggregate_median,4.2,0.1,,,,0.0,5000,H_below_validated_reduced_field
B2Mg0.9Ti0.1,conventional_AlB2,mp-763,,A1,38.3,3DSC_MP,15.5,c_parent,±20-50%,S1_v3_2_2B_extension,,substructure_aggregate_median,4.2,1.0,,,,0.0239948834593759,5000,H_below_validated_reduced_field
B2Mg0.9Ti0.1,conventional_AlB2,mp-763,,A1,38.3,3DSC_MP,15.5,c_parent,±20-50%,S1_v3_2_2B_extension,,substructure_aggregate_median,4.2,5.0,4.980622895715926,4.658087464905135,5.264406632650265,0.1840582823776584,5000,
B2Mg0.9Ti0.1,conventional_AlB2,mp-763,,A1,38.3,3DSC_MP,15.5,c_parent,±20-50%,S1_v3_2_2B_extension,,substructure_aggregate_median,20.0,0.1,,,,0.0,5000,H_below_validated_reduced_field
B2Mg0.9Ti0.1,conventional_AlB2,mp-763,,A1,38.3,3DSC_MP,15.5,c_parent,±20-50%,S1_v3_2_2B_extension,,substructure_aggregate_median,20.0,1.0,,,,0.0239994926215141,5000,H_below_validated_reduced_field
B2Mg0.9Ti0.1,conventional_AlB2,mp-763,,A1,38.3,3DSC_MP,15.5,c_parent,±20-50%,S1_v3_2_2B_extension,,substructure_aggregate_median,20.0,5.0,4.669647293619105,4.253795290142487,5.048393501800003,0.1876914109572487,5000,
B2Mg0.9Ti0.1,conventional_AlB2,mp-763,,A1,38.3,3DSC_MP,15.5,c_parent,±20-50%,S1_v3_2_2B_extension,,substructure_aggregate_median,29.491,0.1,,,,0.0,5000,H_below_validated_reduced_field
B2Mg0.9Ti0.1,conventional_AlB2,mp-763,,A1,38.3,3DSC_MP,15.5,c_parent,±20-50%,S1_v3_2_2B_extension,,substructure_aggregate_median,29.491,1.0,,,,0.0239930586314489,5000,H_below_validated_reduced_field
B2Mg0.9Ti0.1,conventional_AlB2,mp-763,,A1,38.3,3DSC_MP,15.5,c_parent,±20-50%,S1_v3_2_2B_extension,,substructure_aggregate_median,29.491,5.0,4.286067356825962,3.625190765915542,4.87806247421998,0.1946832099773026,5000,
B2Mg0.9Zn0.1,conventional_AlB2,mp-763,,A1,38.4,3DSC_MP,15.5,c_parent,±20-50%,S1_v3_2_2B_extension,,substructure_aggregate_median,4.2,0.1,,,,0.0,5000,H_below_validated_reduced_field
B2Mg0.9Zn0.1,conventional_AlB2,mp-763,,A1,38.4,3DSC_MP,15.5,c_parent,±20-50%,S1_v3_2_2B_extension,,substructure_aggregate_median,4.2,1.0,,,,0.0239948834593759,5000,H_below_validated_reduced_field
B2Mg0.9Zn0.1,conventional_AlB2,mp-763,,A1,38.4,3DSC_MP,15.5,c_parent,±20-50%,S1_v3_2_2B_extension,,substructure_aggregate_median,4.2,5.0,4.981543337214,4.667268958449525,5.270572995281247,0.1822889823293128,5000,
B2Mg0.9Zn0.1,conventional_AlB2,mp-763,,A1,38.4,3DSC_MP,15.5,c_parent,±20-50%,S1_v3_2_2B_extension,,substructure_aggregate_median,20.0,0.1,,,,0.0,5000,H_below_validated_reduced_field
B2Mg0.9Zn0.1,conventional_AlB2,mp-763,,A1,38.4,3DSC_MP,15.5,c_parent,±20-50%,S1_v3_2_2B_extension,,substructure_aggregate_median,20.0,1.0,,,,0.0236359987836278,5000,H_below_validated_reduced_field
B2Mg0.9Zn0.1,conventional_AlB2,mp-763,,A1,38.4,3DSC_MP,15.5,c_parent,±20-50%,S1_v3_2_2B_extension,,substructure_aggregate_median,20.0,5.0,4.675147844125015,4.2662835704595015,5.064089944176264,0.1920172126769301,5000,
B2Mg0.9Zn0.1,conventional_AlB2,mp-763,,A1,38.4,3DSC_MP,15.5,c_parent,±20-50%,S1_v3_2_2B_extension,,substructure_aggregate_median,29.568,0.1,,,,0.0,5000,H_below_validated_reduced_field
B2Mg0.9Zn0.1,conventional_AlB2,mp-763,,A1,38.4,3DSC_MP,15.5,c_parent,±20-50%,S1_v3_2_2B_extension,,substructure_aggregate_median,29.568,1.0,,,,0.0238356604760614,5000,H_below_validated_reduced_field
B2Mg0.9Zn0.1,conventional_AlB2,mp-763,,A1,38.4,3DSC_MP,15.5,c_parent,±20-50%,S1_v3_2_2B_extension,,substructure_aggregate_median,29.568,5.0,4.294598347372289,3.695414473972389,4.905036455537124,0.1922137439105755,5000,
B2Mg0.9Zr0.1,conventional_AlB2,mp-763,,A1,37.3,3DSC_MP,15.5,c_parent,±20-50%,S1_v3_2_2B_extension,,substructure_aggregate_median,4.2,0.1,,,,0.0,5000,H_below_validated_reduced_field
B2Mg0.9Zr0.1,conventional_AlB2,mp-763,,A1,37.3,3DSC_MP,15.5,c_parent,±20-50%,S1_v3_2_2B_extension,,substructure_aggregate_median,4.2,1.0,,,,0.0242505755862199,5000,H_below_validated_reduced_field
B2Mg0.9Zr0.1,conventional_AlB2,mp-763,,A1,37.3,3DSC_MP,15.5,c_parent,±20-50%,S1_v3_2_2B_extension,,substructure_aggregate_median,4.2,5.0,4.9763786985300005,4.66074876192079,5.264489202289058,0.1821084352748663,5000,
B2Mg0.9Zr0.1,conventional_AlB2,mp-763,,A1,37.3,3DSC_MP,15.5,c_parent,±20-50%,S1_v3_2_2B_extension,,substructure_aggregate_median,20.0,0.1,,,,0.0,5000,H_below_validated_reduced_field
B2Mg0.9Zr0.1,conventional_AlB2,mp-763,,A1,37.3,3DSC_MP,15.5,c_parent,±20-50%,S1_v3_2_2B_extension,,substructure_aggregate_median,20.0,1.0,,,,0.0241890639886177,5000,H_below_validated_reduced_field
B2Mg0.9Zr0.1,conventional_AlB2,mp-763,,A1,37.3,3DSC_MP,15.5,c_parent,±20-50%,S1_v3_2_2B_extension,,substructure_aggregate_median,20.0,5.0,4.65118630935687,4.240110409026577,5.046709495515511,0.1923851726365413,5000,
B2Mg0.9Zr0.1,conventional_AlB2,mp-763,,A1,37.3,3DSC_MP,15.5,c_parent,±20-50%,S1_v3_2_2B_extension,,substructure_aggregate_median,28.721,0.1,,,,0.0,5000,H_below_validated_reduced_field
B2Mg0.9Zr0.1,conventional_AlB2,mp-763,,A1,37.3,3DSC_MP,15.5,c_parent,±20-50%,S1_v3_2_2B_extension,,substructure_aggregate_median,28.721,1.0,,,,0.0250051152328527,5000,H_below_validated_reduced_field
B2Mg0.9Zr0.1,conventional_AlB2,mp-763,,A1,37.3,3DSC_MP,15.5,c_parent,±20-50%,S1_v3_2_2B_extension,,substructure_aggregate_median,28.721,5.0,4.287661877723784,3.681472100112211,4.889485020506533,0.1950141678107186,5000,
B2Nb0.7,conventional_AlB2,mp-450,,A1,7.96,3DSC_MP,,pending,,,,substructure_aggregate_median,4.2,0.1,5.324105348641889,5.171003190830169,5.559330705252185,,5000,Hc2_unavailable
B2Nb0.7,conventional_AlB2,mp-450,,A1,7.96,3DSC_MP,,pending,,,,substructure_aggregate_median,4.2,1.0,5.324105348641889,5.171003190830169,5.559330705252185,,5000,Hc2_unavailable
B2Nb0.7,conventional_AlB2,mp-450,,A1,7.96,3DSC_MP,,pending,,,,substructure_aggregate_median,4.2,5.0,5.324105348641889,5.171003190830169,5.559330705252185,,5000,Hc2_unavailable
B2Nb0.7,conventional_AlB2,mp-450,,A1,7.96,3DSC_MP,,pending,,,,substructure_aggregate_median,20.0,0.1,,,,,5000,Hc2_unavailable
B2Nb0.7,conventional_AlB2,mp-450,,A1,7.96,3DSC_MP,,pending,,,,substructure_aggregate_median,20.0,1.0,,,,,5000,Hc2_unavailable
B2Nb0.7,conventional_AlB2,mp-450,,A1,7.96,3DSC_MP,,pending,,,,substructure_aggregate_median,20.0,5.0,,,,,5000,Hc2_unavailable
B2Nb0.7,conventional_AlB2,mp-450,,A1,7.96,3DSC_MP,,pending,,,,substructure_aggregate_median,6.1292,0.1,4.982415350485944,4.696722814785645,5.325434566764852,,5000,Hc2_unavailable
B2Nb0.7,conventional_AlB2,mp-450,,A1,7.96,3DSC_MP,,pending,,,,substructure_aggregate_median,6.1292,1.0,4.982415350485944,4.696722814785645,5.325434566764852,,5000,Hc2_unavailable
B2Nb0.7,conventional_AlB2,mp-450,,A1,7.96,3DSC_MP,,pending,,,,substructure_aggregate_median,6.1292,5.0,4.982415350485944,4.696722814785645,5.325434566764852,,5000,Hc2_unavailable
B2Nb0.83,conventional_AlB2,mp-450,,A1,9.77,3DSC_MP,,pending,,,,substructure_aggregate_median,4.2,0.1,5.324105348641889,5.171003190830169,5.559330705252185,,5000,Hc2_unavailable
B2Nb0.83,conventional_AlB2,mp-450,,A1,9.77,3DSC_MP,,pending,,,,substructure_aggregate_median,4.2,1.0,5.324105348641889,5.171003190830169,5.559330705252185,,5000,Hc2_unavailable
B2Nb0.83,conventional_AlB2,mp-450,,A1,9.77,3DSC_MP,,pending,,,,substructure_aggregate_median,4.2,5.0,5.324105348641889,5.171003190830169,5.559330705252185,,5000,Hc2_unavailable
B2Nb0.83,conventional_AlB2,mp-450,,A1,9.77,3DSC_MP,,pending,,,,substructure_aggregate_median,20.0,0.1,,,,,5000,Hc2_unavailable
B2Nb0.83,conventional_AlB2,mp-450,,A1,9.77,3DSC_MP,,pending,,,,substructure_aggregate_median,20.0,1.0,,,,,5000,Hc2_unavailable
B2Nb0.83,conventional_AlB2,mp-450,,A1,9.77,3DSC_MP,,pending,,,,substructure_aggregate_median,20.0,5.0,,,,,5000,Hc2_unavailable
B2Nb0.83,conventional_AlB2,mp-450,,A1,9.77,3DSC_MP,,pending,,,,substructure_aggregate_median,7.5229,0.1,4.885406023555153,4.526876516024137,5.265073835361812,,5000,Hc2_unavailable
B2Nb0.83,conventional_AlB2,mp-450,,A1,9.77,3DSC_MP,,pending,,,,substructure_aggregate_median,7.5229,1.0,4.885406023555153,4.526876516024137,5.265073835361812,,5000,Hc2_unavailable
B2Nb0.83,conventional_AlB2,mp-450,,A1,9.77,3DSC_MP,,pending,,,,substructure_aggregate_median,7.5229,5.0,4.885406023555153,4.526876516024137,5.265073835361812,,5000,Hc2_unavailable
B2Nb0.84,conventional_AlB2,mp-450,,A1,9.1,3DSC_MP,,pending,,,,substructure_aggregate_median,4.2,0.1,5.324105348641889,5.171003190830169,5.549941092791016,,5000,Hc2_unavailable
B2Nb0.84,conventional_AlB2,mp-450,,A1,9.1,3DSC_MP,,pending,,,,substructure_aggregate_median,4.2,1.0,5.324105348641889,5.171003190830169,5.549941092791016,,5000,Hc2_unavailable
B2Nb0.84,conventional_AlB2,mp-450,,A1,9.1,3DSC_MP,,pending,,,,substructure_aggregate_median,4.2,5.0,5.324105348641889,5.171003190830169,5.549941092791016,,5000,Hc2_unavailable
B2Nb0.84,conventional_AlB2,mp-450,,A1,9.1,3DSC_MP,,pending,,,,substructure_aggregate_median,20.0,0.1,,,,,5000,Hc2_unavailable
B2Nb0.84,conventional_AlB2,mp-450,,A1,9.1,3DSC_MP,,pending,,,,substructure_aggregate_median,20.0,1.0,,,,,5000,Hc2_unavailable
B2Nb0.84,conventional_AlB2,mp-450,,A1,9.1,3DSC_MP,,pending,,,,substructure_aggregate_median,20.0,5.0,,,,,5000,Hc2_unavailable
B2Nb0.84,conventional_AlB2,mp-450,,A1,9.1,3DSC_MP,,pending,,,,substructure_aggregate_median,7.007,0.1,4.91213219295337,4.597762222078934,5.277844967397888,,5000,Hc2_unavailable
B2Nb0.84,conventional_AlB2,mp-450,,A1,9.1,3DSC_MP,,pending,,,,substructure_aggregate_median,7.007,1.0,4.91213219295337,4.597762222078934,5.277844967397888,,5000,Hc2_unavailable
B2Nb0.84,conventional_AlB2,mp-450,,A1,9.1,3DSC_MP,,pending,,,,substructure_aggregate_median,7.007,5.0,4.91213219295337,4.597762222078934,5.277844967397888,,5000,Hc2_unavailable
B2Nb0.9,conventional_AlB2,mp-450,,A1,3.64,3DSC_MP,,pending,,,,substructure_aggregate_median,4.2,0.1,,,,,5000,Hc2_unavailable
B2Nb0.9,conventional_AlB2,mp-450,,A1,3.64,3DSC_MP,,pending,,,,substructure_aggregate_median,4.2,1.0,,,,,5000,Hc2_unavailable
B2Nb0.9,conventional_AlB2,mp-450,,A1,3.64,3DSC_MP,,pending,,,,substructure_aggregate_median,4.2,5.0,,,,,5000,Hc2_unavailable
B2Nb0.9,conventional_AlB2,mp-450,,A1,3.64,3DSC_MP,,pending,,,,substructure_aggregate_median,20.0,0.1,,,,,5000,Hc2_unavailable
B2Nb0.9,conventional_AlB2,mp-450,,A1,3.64,3DSC_MP,,pending,,,,substructure_aggregate_median,20.0,1.0,,,,,5000,Hc2_unavailable
B2Nb0.9,conventional_AlB2,mp-450,,A1,3.64,3DSC_MP,,pending,,,,substructure_aggregate_median,20.0,5.0,,,,,5000,Hc2_unavailable
B2Nb0.9,conventional_AlB2,mp-450,,A1,3.64,3DSC_MP,,pending,,,,substructure_aggregate_median,2.8028,0.1,14.853201201835986,8.03028059250382,24.64690796944732,,5000,Hc2_unavailable
B2Nb0.9,conventional_AlB2,mp-450,,A1,3.64,3DSC_MP,,pending,,,,substructure_aggregate_median,2.8028,1.0,14.853201201835986,8.03028059250382,24.64690796944732,,5000,Hc2_unavailable
B2Nb0.9,conventional_AlB2,mp-450,,A1,3.64,3DSC_MP,,pending,,,,substructure_aggregate_median,2.8028,5.0,14.853201201835986,8.03028059250382,24.64690796944732,,5000,Hc2_unavailable
B2Nb1,conventional_AlB2,mp-450,,A1,4.5975,3DSC_MP,,pending,,,,substructure_aggregate_median,4.2,0.1,5.324105348641889,5.1863788403346,5.549941092791016,,5000,Hc2_unavailable
B2Nb1,conventional_AlB2,mp-450,,A1,4.5975,3DSC_MP,,pending,,,,substructure_aggregate_median,4.2,1.0,5.324105348641889,5.1863788403346,5.549941092791016,,5000,Hc2_unavailable
B2Nb1,conventional_AlB2,mp-450,,A1,4.5975,3DSC_MP,,pending,,,,substructure_aggregate_median,4.2,5.0,5.324105348641889,5.1863788403346,5.549941092791016,,5000,Hc2_unavailable
B2Nb1,conventional_AlB2,mp-450,,A1,4.5975,3DSC_MP,,pending,,,,substructure_aggregate_median,20.0,0.1,,,,,5000,Hc2_unavailable
B2Nb1,conventional_AlB2,mp-450,,A1,4.5975,3DSC_MP,,pending,,,,substructure_aggregate_median,20.0,1.0,,,,,5000,Hc2_unavailable
B2Nb1,conventional_AlB2,mp-450,,A1,4.5975,3DSC_MP,,pending,,,,substructure_aggregate_median,20.0,5.0,,,,,5000,Hc2_unavailable
B2Nb1,conventional_AlB2,mp-450,,A1,4.5975,3DSC_MP,,pending,,,,substructure_aggregate_median,3.5400750000000003,0.1,5.8609711277246745,5.473527772018299,6.235572539958467,,5000,Hc2_unavailable
B2Nb1,conventional_AlB2,mp-450,,A1,4.5975,3DSC_MP,,pending,,,,substructure_aggregate_median,3.5400750000000003,1.0,5.8609711277246745,5.473527772018299,6.235572539958467,,5000,Hc2_unavailable
B2Nb1,conventional_AlB2,mp-450,,A1,4.5975,3DSC_MP,,pending,,,,substructure_aggregate_median,3.5400750000000003,5.0,5.8609711277246745,5.473527772018299,6.235572539958467,,5000,Hc2_unavailable
B2Ru3Th1,conventional_AlB2,mp-3223,,A1,1.79,3DSC_MP,,pending,,,,substructure_aggregate_median,4.2,0.1,,,,,5000,Hc2_unavailable
B2Ru3Th1,conventional_AlB2,mp-3223,,A1,1.79,3DSC_MP,,pending,,,,substructure_aggregate_median,4.2,1.0,,,,,5000,Hc2_unavailable
B2Ru3Th1,conventional_AlB2,mp-3223,,A1,1.79,3DSC_MP,,pending,,,,substructure_aggregate_median,4.2,5.0,,,,,5000,Hc2_unavailable
B2Ru3Th1,conventional_AlB2,mp-3223,,A1,1.79,3DSC_MP,,pending,,,,substructure_aggregate_median,20.0,0.1,,,,,5000,Hc2_unavailable
B2Ru3Th1,conventional_AlB2,mp-3223,,A1,1.79,3DSC_MP,,pending,,,,substructure_aggregate_median,20.0,1.0,,,,,5000,Hc2_unavailable
B2Ru3Th1,conventional_AlB2,mp-3223,,A1,1.79,3DSC_MP,,pending,,,,substructure_aggregate_median,20.0,5.0,,,,,5000,Hc2_unavailable
B2Ru3Th1,conventional_AlB2,mp-3223,,A1,1.79,3DSC_MP,,pending,,,,substructure_aggregate_median,1.3783,0.1,14.853201201835986,8.217092234351666,19.576013009676775,,5000,Hc2_unavailable
B2Ru3Th1,conventional_AlB2,mp-3223,,A1,1.79,3DSC_MP,,pending,,,,substructure_aggregate_median,1.3783,1.0,14.853201201835986,8.217092234351666,19.576013009676775,,5000,Hc2_unavailable
B2Ru3Th1,conventional_AlB2,mp-3223,,A1,1.79,3DSC_MP,,pending,,,,substructure_aggregate_median,1.3783,5.0,14.853201201835986,8.217092234351666,19.576013009676775,,5000,Hc2_unavailable
B2V0.01Zr0.99,conventional_AlB2,mp-1472,,A1,6.4,3DSC_MP,,pending,,,,substructure_aggregate_median,4.2,0.1,5.324105348641889,5.171003190830169,5.559330705252185,,5000,Hc2_unavailable
B2V0.01Zr0.99,conventional_AlB2,mp-1472,,A1,6.4,3DSC_MP,,pending,,,,substructure_aggregate_median,4.2,1.0,5.324105348641889,5.171003190830169,5.559330705252185,,5000,Hc2_unavailable
B2V0.01Zr0.99,conventional_AlB2,mp-1472,,A1,6.4,3DSC_MP,,pending,,,,substructure_aggregate_median,4.2,5.0,5.324105348641889,5.171003190830169,5.559330705252185,,5000,Hc2_unavailable
B2V0.01Zr0.99,conventional_AlB2,mp-1472,,A1,6.4,3DSC_MP,,pending,,,,substructure_aggregate_median,20.0,0.1,,,,,5000,Hc2_unavailable
B2V0.01Zr0.99,conventional_AlB2,mp-1472,,A1,6.4,3DSC_MP,,pending,,,,substructure_aggregate_median,20.0,1.0,,,,,5000,Hc2_unavailable
B2V0.01Zr0.99,conventional_AlB2,mp-1472,,A1,6.4,3DSC_MP,,pending,,,,substructure_aggregate_median,20.0,5.0,,,,,5000,Hc2_unavailable
B2V0.01Zr0.99,conventional_AlB2,mp-1472,,A1,6.4,3DSC_MP,,pending,,,,substructure_aggregate_median,4.928000000000001,0.1,5.135387689112218,4.920083751411613,5.391089153808339,,5000,Hc2_unavailable
B2V0.01Zr0.99,conventional_AlB2,mp-1472,,A1,6.4,3DSC_MP,,pending,,,,substructure_aggregate_median,4.928000000000001,1.0,5.135387689112218,4.920083751411613,5.391089153808339,,5000,Hc2_unavailable
B2V0.01Zr0.99,conventional_AlB2,mp-1472,,A1,6.4,3DSC_MP,,pending,,,,substructure_aggregate_median,4.928000000000001,5.0,5.135387689112218,4.920083751411613,5.391089153808339,,5000,Hc2_unavailable
B2V0.04Zr0.96,conventional_AlB2,mp-1472,,A1,8.7,3DSC_MP,,pending,,,,substructure_aggregate_median,4.2,0.1,5.324105348641889,5.1863788403346,5.559330705252185,,5000,Hc2_unavailable
B2V0.04Zr0.96,conventional_AlB2,mp-1472,,A1,8.7,3DSC_MP,,pending,,,,substructure_aggregate_median,4.2,1.0,5.324105348641889,5.1863788403346,5.559330705252185,,5000,Hc2_unavailable
B2V0.04Zr0.96,conventional_AlB2,mp-1472,,A1,8.7,3DSC_MP,,pending,,,,substructure_aggregate_median,4.2,5.0,5.324105348641889,5.1863788403346,5.559330705252185,,5000,Hc2_unavailable
B2V0.04Zr0.96,conventional_AlB2,mp-1472,,A1,8.7,3DSC_MP,,pending,,,,substructure_aggregate_median,20.0,0.1,,,,,5000,Hc2_unavailable
B2V0.04Zr0.96,conventional_AlB2,mp-1472,,A1,8.7,3DSC_MP,,pending,,,,substructure_aggregate_median,20.0,1.0,,,,,5000,Hc2_unavailable
B2V0.04Zr0.96,conventional_AlB2,mp-1472,,A1,8.7,3DSC_MP,,pending,,,,substructure_aggregate_median,20.0,5.0,,,,,5000,Hc2_unavailable
B2V0.04Zr0.96,conventional_AlB2,mp-1472,,A1,8.7,3DSC_MP,,pending,,,,substructure_aggregate_median,6.699,0.1,4.937283497881751,4.648563573439609,5.295428479979434,,5000,Hc2_unavailable
B2V0.04Zr0.96,conventional_AlB2,mp-1472,,A1,8.7,3DSC_MP,,pending,,,,substructure_aggregate_median,6.699,1.0,4.937283497881751,4.648563573439609,5.295428479979434,,5000,Hc2_unavailable
B2V0.04Zr0.96,conventional_AlB2,mp-1472,,A1,8.7,3DSC_MP,,pending,,,,substructure_aggregate_median,6.699,5.0,4.937283497881751,4.648563573439609,5.295428479979434,,5000,Hc2_unavailable
B2V0.05Zr0.95,conventional_AlB2,mp-1472,,A1,8.2,3DSC_MP,,pending,,,,substructure_aggregate_median,4.2,0.1,5.324105348641889,5.171003190830169,5.559330705252185,,5000,Hc2_unavailable
B2V0.05Zr0.95,conventional_AlB2,mp-1472,,A1,8.2,3DSC_MP,,pending,,,,substructure_aggregate_median,4.2,1.0,5.324105348641889,5.171003190830169,5.559330705252185,,5000,Hc2_unavailable
B2V0.05Zr0.95,conventional_AlB2,mp-1472,,A1,8.2,3DSC_MP,,pending,,,,substructure_aggregate_median,4.2,5.0,5.324105348641889,5.171003190830169,5.559330705252185,,5000,Hc2_unavailable
B2V0.05Zr0.95,conventional_AlB2,mp-1472,,A1,8.2,3DSC_MP,,pending,,,,substructure_aggregate_median,20.0,0.1,,,,,5000,Hc2_unavailable
B2V0.05Zr0.95,conventional_AlB2,mp-1472,,A1,8.2,3DSC_MP,,pending,,,,substructure_aggregate_median,20.0,1.0,,,,,5000,Hc2_unavailable
B2V0.05Zr0.95,conventional_AlB2,mp-1472,,A1,8.2,3DSC_MP,,pending,,,,substructure_aggregate_median,20.0,5.0,,,,,5000,Hc2_unavailable
B2V0.05Zr0.95,conventional_AlB2,mp-1472,,A1,8.2,3DSC_MP,,pending,,,,substructure_aggregate_median,6.313999999999999,0.1,4.963614346500313,4.676069985866671,5.3011035005026335,,5000,Hc2_unavailable
B2V0.05Zr0.95,conventional_AlB2,mp-1472,,A1,8.2,3DSC_MP,,pending,,,,substructure_aggregate_median,6.313999999999999,1.0,4.963614346500313,4.676069985866671,5.3011035005026335,,5000,Hc2_unavailable
B2V0.05Zr0.95,conventional_AlB2,mp-1472,,A1,8.2,3DSC_MP,,pending,,,,substructure_aggregate_median,6.313999999999999,5.0,4.963614346500313,4.676069985866671,5.3011035005026335,,5000,Hc2_unavailable
B2Zr1,conventional_AlB2,mp-1472,,A1,2.75,3DSC_MP,,pending,,,,substructure_aggregate_median,4.2,0.1,,,,,5000,Hc2_unavailable
B2Zr1,conventional_AlB2,mp-1472,,A1,2.75,3DSC_MP,,pending,,,,substructure_aggregate_median,4.2,1.0,,,,,5000,Hc2_unavailable
B2Zr1,conventional_AlB2,mp-1472,,A1,2.75,3DSC_MP,,pending,,,,substructure_aggregate_median,4.2,5.0,,,,,5000,Hc2_unavailable
B2Zr1,conventional_AlB2,mp-1472,,A1,2.75,3DSC_MP,,pending,,,,substructure_aggregate_median,20.0,0.1,,,,,5000,Hc2_unavailable
B2Zr1,conventional_AlB2,mp-1472,,A1,2.75,3DSC_MP,,pending,,,,substructure_aggregate_median,20.0,1.0,,,,,5000,Hc2_unavailable
B2Zr1,conventional_AlB2,mp-1472,,A1,2.75,3DSC_MP,,pending,,,,substructure_aggregate_median,20.0,5.0,,,,,5000,Hc2_unavailable
B2Zr1,conventional_AlB2,mp-1472,,A1,2.75,3DSC_MP,,pending,,,,substructure_aggregate_median,2.1175,0.1,14.86769234464299,9.468354675269952,19.547459057149467,,5000,Hc2_unavailable
B2Zr1,conventional_AlB2,mp-1472,,A1,2.75,3DSC_MP,,pending,,,,substructure_aggregate_median,2.1175,1.0,14.86769234464299,9.468354675269952,19.547459057149467,,5000,Hc2_unavailable
B2Zr1,conventional_AlB2,mp-1472,,A1,2.75,3DSC_MP,,pending,,,,substructure_aggregate_median,2.1175,5.0,14.86769234464299,9.468354675269952,19.547459057149467,,5000,Hc2_unavailable
BaFe2As2,iron_pnictide_122,,elsevier_10.1016_j.physc.2014.03.020_VISION_PASS_LONG,A2,22.0,extraction_csv,60.0,exact,,S1_v3_2_2B_extension,single_crystal,sample_form_conditional_median:single_crystal,4.2,0.1,,,,,5000,H_below_validated_reduced_field
BaFe2As2,iron_pnictide_122,,elsevier_10.1016_j.physc.2014.03.020_VISION_PASS_LONG,A2,22.0,extraction_csv,60.0,exact,,S1_v3_2_2B_extension,single_crystal,sample_form_conditional_median:single_crystal,4.2,1.0,,,,,5000,H_below_validated_reduced_field
BaFe2As2,iron_pnictide_122,,elsevier_10.1016_j.physc.2014.03.020_VISION_PASS_LONG,A2,22.0,extraction_csv,60.0,exact,,S1_v3_2_2B_extension,single_crystal,sample_form_conditional_median:single_crystal,4.2,5.0,,,,,5000,H_below_validated_reduced_field
BaFe2As2,iron_pnictide_122,,elsevier_10.1016_j.physc.2014.03.020_VISION_PASS_LONG,A2,22.0,extraction_csv,60.0,exact,,S1_v3_2_2B_extension,single_crystal,sample_form_conditional_median:single_crystal,20.0,0.1,,,,,5000,H_below_validated_reduced_field
BaFe2As2,iron_pnictide_122,,elsevier_10.1016_j.physc.2014.03.020_VISION_PASS_LONG,A2,22.0,extraction_csv,60.0,exact,,S1_v3_2_2B_extension,single_crystal,sample_form_conditional_median:single_crystal,20.0,1.0,,,,,5000,H_below_validated_reduced_field
BaFe2As2,iron_pnictide_122,,elsevier_10.1016_j.physc.2014.03.020_VISION_PASS_LONG,A2,22.0,extraction_csv,60.0,exact,,S1_v3_2_2B_extension,single_crystal,sample_form_conditional_median:single_crystal,20.0,5.0,,,,,5000,H_below_validated_reduced_field
BaFe2As2,iron_pnictide_122,,elsevier_10.1016_j.physc.2014.03.020_VISION_PASS_LONG,A2,22.0,extraction_csv,60.0,exact,,S1_v3_2_2B_extension,single_crystal,sample_form_conditional_median:single_crystal,16.94,0.1,,,,,5000,H_below_validated_reduced_field
BaFe2As2,iron_pnictide_122,,elsevier_10.1016_j.physc.2014.03.020_VISION_PASS_LONG,A2,22.0,extraction_csv,60.0,exact,,S1_v3_2_2B_extension,single_crystal,sample_form_conditional_median:single_crystal,16.94,1.0,,,,,5000,H_below_validated_reduced_field
BaFe2As2,iron_pnictide_122,,elsevier_10.1016_j.physc.2014.03.020_VISION_PASS_LONG,A2,22.0,extraction_csv,60.0,exact,,S1_v3_2_2B_extension,single_crystal,sample_form_conditional_median:single_crystal,16.94,5.0,,,,,5000,H_below_validated_reduced_field
FeSe,iron_chalcogenide_11,,elsevier_10.1016_j.jallcom.2024.173999_PATH_AC_VISION_PASS_LONG,A2,9.0,extraction_csv,16.0,exact,,S1_v3_2_2B_extension,single_crystal,sample_form_conditional_median:single_crystal,4.2,0.1,,,,,5000,H_below_validated_reduced_field
FeSe,iron_chalcogenide_11,,elsevier_10.1016_j.jallcom.2024.173999_PATH_AC_VISION_PASS_LONG,A2,9.0,extraction_csv,16.0,exact,,S1_v3_2_2B_extension,single_crystal,sample_form_conditional_median:single_crystal,4.2,1.0,,,,,5000,H_below_validated_reduced_field
FeSe,iron_chalcogenide_11,,elsevier_10.1016_j.jallcom.2024.173999_PATH_AC_VISION_PASS_LONG,A2,9.0,extraction_csv,16.0,exact,,S1_v3_2_2B_extension,single_crystal,sample_form_conditional_median:single_crystal,4.2,5.0,,,,,5000,family_fails_field_axis_validation
FeSe,iron_chalcogenide_11,,elsevier_10.1016_j.jallcom.2024.173999_PATH_AC_VISION_PASS_LONG,A2,9.0,extraction_csv,16.0,exact,,S1_v3_2_2B_extension,single_crystal,sample_form_conditional_median:single_crystal,20.0,0.1,,,,,5000,T_above_Tc
FeSe,iron_chalcogenide_11,,elsevier_10.1016_j.jallcom.2024.173999_PATH_AC_VISION_PASS_LONG,A2,9.0,extraction_csv,16.0,exact,,S1_v3_2_2B_extension,single_crystal,sample_form_conditional_median:single_crystal,20.0,1.0,,,,,5000,T_above_Tc
FeSe,iron_chalcogenide_11,,elsevier_10.1016_j.jallcom.2024.173999_PATH_AC_VISION_PASS_LONG,A2,9.0,extraction_csv,16.0,exact,,S1_v3_2_2B_extension,single_crystal,sample_form_conditional_median:single_crystal,20.0,5.0,,,,,5000,T_above_Tc
FeSe,iron_chalcogenide_11,,elsevier_10.1016_j.jallcom.2024.173999_PATH_AC_VISION_PASS_LONG,A2,9.0,extraction_csv,16.0,exact,,S1_v3_2_2B_extension,single_crystal,sample_form_conditional_median:single_crystal,6.93,0.1,,,,,5000,H_below_validated_reduced_field
FeSe,iron_chalcogenide_11,,elsevier_10.1016_j.jallcom.2024.173999_PATH_AC_VISION_PASS_LONG,A2,9.0,extraction_csv,16.0,exact,,S1_v3_2_2B_extension,single_crystal,sample_form_conditional_median:single_crystal,6.93,1.0,,,,,5000,H_below_validated_reduced_field
FeSe,iron_chalcogenide_11,,elsevier_10.1016_j.jallcom.2024.173999_PATH_AC_VISION_PASS_LONG,A2,9.0,extraction_csv,16.0,exact,,S1_v3_2_2B_extension,single_crystal,sample_form_conditional_median:single_crystal,6.93,5.0,,,,,5000,family_fails_field_axis_validation
FeSe,iron_chalcogenide_11,,elsevier_10.1016_j.jallcom.2024.173999_PATH_AC_VISION_PASS_LONG,A2,9.0,extraction_csv,16.0,exact,,S1_v3_2_2B_extension,single_crystal,sample_form_conditional_median:single_crystal,4.2,0.1,,,,,5000,H_below_validated_reduced_field
FeSe,iron_chalcogenide_11,,elsevier_10.1016_j.jallcom.2024.173999_PATH_AC_VISION_PASS_LONG,A2,9.0,extraction_csv,16.0,exact,,S1_v3_2_2B_extension,single_crystal,sample_form_conditional_median:single_crystal,4.2,1.0,,,,,5000,H_below_validated_reduced_field
FeSe,iron_chalcogenide_11,,elsevier_10.1016_j.jallcom.2024.173999_PATH_AC_VISION_PASS_LONG,A2,9.0,extraction_csv,16.0,exact,,S1_v3_2_2B_extension,single_crystal,sample_form_conditional_median:single_crystal,4.2,5.0,,,,,5000,family_fails_field_axis_validation
FeSe,iron_chalcogenide_11,,elsevier_10.1016_j.jallcom.2024.173999_PATH_AC_VISION_PASS_LONG,A2,9.0,extraction_csv,16.0,exact,,S1_v3_2_2B_extension,single_crystal,sample_form_conditional_median:single_crystal,20.0,0.1,,,,,5000,T_above_Tc
FeSe,iron_chalcogenide_11,,elsevier_10.1016_j.jallcom.2024.173999_PATH_AC_VISION_PASS_LONG,A2,9.0,extraction_csv,16.0,exact,,S1_v3_2_2B_extension,single_crystal,sample_form_conditional_median:single_crystal,20.0,1.0,,,,,5000,T_above_Tc
FeSe,iron_chalcogenide_11,,elsevier_10.1016_j.jallcom.2024.173999_PATH_AC_VISION_PASS_LONG,A2,9.0,extraction_csv,16.0,exact,,S1_v3_2_2B_extension,single_crystal,sample_form_conditional_median:single_crystal,20.0,5.0,,,,,5000,T_above_Tc
FeSe,iron_chalcogenide_11,,elsevier_10.1016_j.jallcom.2024.173999_PATH_AC_VISION_PASS_LONG,A2,9.0,extraction_csv,16.0,exact,,S1_v3_2_2B_extension,single_crystal,sample_form_conditional_median:single_crystal,6.93,0.1,,,,,5000,H_below_validated_reduced_field
FeSe,iron_chalcogenide_11,,elsevier_10.1016_j.jallcom.2024.173999_PATH_AC_VISION_PASS_LONG,A2,9.0,extraction_csv,16.0,exact,,S1_v3_2_2B_extension,single_crystal,sample_form_conditional_median:single_crystal,6.93,1.0,,,,,5000,H_below_validated_reduced_field
FeSe,iron_chalcogenide_11,,elsevier_10.1016_j.jallcom.2024.173999_PATH_AC_VISION_PASS_LONG,A2,9.0,extraction_csv,16.0,exact,,S1_v3_2_2B_extension,single_crystal,sample_form_conditional_median:single_crystal,6.93,5.0,,,,,5000,family_fails_field_axis_validation
FeSe,iron_chalcogenide_11,,elsevier_10.1016_j.jallcom.2024.173999_PATH_AC_VISION_PASS_LONG,A2,9.0,extraction_csv,16.0,exact,,S1_v3_2_2B_extension,single_crystal,sample_form_conditional_median:single_crystal,4.2,0.1,,,,,5000,H_below_validated_reduced_field
FeSe,iron_chalcogenide_11,,elsevier_10.1016_j.jallcom.2024.173999_PATH_AC_VISION_PASS_LONG,A2,9.0,extraction_csv,16.0,exact,,S1_v3_2_2B_extension,single_crystal,sample_form_conditional_median:single_crystal,4.2,1.0,,,,,5000,H_below_validated_reduced_field
FeSe,iron_chalcogenide_11,,elsevier_10.1016_j.jallcom.2024.173999_PATH_AC_VISION_PASS_LONG,A2,9.0,extraction_csv,16.0,exact,,S1_v3_2_2B_extension,single_crystal,sample_form_conditional_median:single_crystal,4.2,5.0,,,,,5000,family_fails_field_axis_validation
FeSe,iron_chalcogenide_11,,elsevier_10.1016_j.jallcom.2024.173999_PATH_AC_VISION_PASS_LONG,A2,9.0,extraction_csv,16.0,exact,,S1_v3_2_2B_extension,single_crystal,sample_form_conditional_median:single_crystal,20.0,0.1,,,,,5000,T_above_Tc
FeSe,iron_chalcogenide_11,,elsevier_10.1016_j.jallcom.2024.173999_PATH_AC_VISION_PASS_LONG,A2,9.0,extraction_csv,16.0,exact,,S1_v3_2_2B_extension,single_crystal,sample_form_conditional_median:single_crystal,20.0,1.0,,,,,5000,T_above_Tc
FeSe,iron_chalcogenide_11,,elsevier_10.1016_j.jallcom.2024.173999_PATH_AC_VISION_PASS_LONG,A2,9.0,extraction_csv,16.0,exact,,S1_v3_2_2B_extension,single_crystal,sample_form_conditional_median:single_crystal,20.0,5.0,,,,,5000,T_above_Tc
FeSe,iron_chalcogenide_11,,elsevier_10.1016_j.jallcom.2024.173999_PATH_AC_VISION_PASS_LONG,A2,9.0,extraction_csv,16.0,exact,,S1_v3_2_2B_extension,single_crystal,sample_form_conditional_median:single_crystal,6.93,0.1,,,,,5000,H_below_validated_reduced_field
FeSe,iron_chalcogenide_11,,elsevier_10.1016_j.jallcom.2024.173999_PATH_AC_VISION_PASS_LONG,A2,9.0,extraction_csv,16.0,exact,,S1_v3_2_2B_extension,single_crystal,sample_form_conditional_median:single_crystal,6.93,1.0,,,,,5000,H_below_validated_reduced_field
FeSe,iron_chalcogenide_11,,elsevier_10.1016_j.jallcom.2024.173999_PATH_AC_VISION_PASS_LONG,A2,9.0,extraction_csv,16.0,exact,,S1_v3_2_2B_extension,single_crystal,sample_form_conditional_median:single_crystal,6.93,5.0,,,,,5000,family_fails_field_axis_validation
FeSe,iron_chalcogenide_11,,elsevier_10.1016_j.jallcom.2024.173999_PATH_AC_VISION_PASS_LONG,A2,9.0,extraction_csv,16.0,exact,,S1_v3_2_2B_extension,single_crystal,sample_form_conditional_median:single_crystal,4.2,0.1,,,,,5000,H_below_validated_reduced_field
FeSe,iron_chalcogenide_11,,elsevier_10.1016_j.jallcom.2024.173999_PATH_AC_VISION_PASS_LONG,A2,9.0,extraction_csv,16.0,exact,,S1_v3_2_2B_extension,single_crystal,sample_form_conditional_median:single_crystal,4.2,1.0,,,,,5000,H_below_validated_reduced_field
FeSe,iron_chalcogenide_11,,elsevier_10.1016_j.jallcom.2024.173999_PATH_AC_VISION_PASS_LONG,A2,9.0,extraction_csv,16.0,exact,,S1_v3_2_2B_extension,single_crystal,sample_form_conditional_median:single_crystal,4.2,5.0,,,,,5000,family_fails_field_axis_validation
FeSe,iron_chalcogenide_11,,elsevier_10.1016_j.jallcom.2024.173999_PATH_AC_VISION_PASS_LONG,A2,9.0,extraction_csv,16.0,exact,,S1_v3_2_2B_extension,single_crystal,sample_form_conditional_median:single_crystal,20.0,0.1,,,,,5000,T_above_Tc
FeSe,iron_chalcogenide_11,,elsevier_10.1016_j.jallcom.2024.173999_PATH_AC_VISION_PASS_LONG,A2,9.0,extraction_csv,16.0,exact,,S1_v3_2_2B_extension,single_crystal,sample_form_conditional_median:single_crystal,20.0,1.0,,,,,5000,T_above_Tc
FeSe,iron_chalcogenide_11,,elsevier_10.1016_j.jallcom.2024.173999_PATH_AC_VISION_PASS_LONG,A2,9.0,extraction_csv,16.0,exact,,S1_v3_2_2B_extension,single_crystal,sample_form_conditional_median:single_crystal,20.0,5.0,,,,,5000,T_above_Tc
FeSe,iron_chalcogenide_11,,elsevier_10.1016_j.jallcom.2024.173999_PATH_AC_VISION_PASS_LONG,A2,9.0,extraction_csv,16.0,exact,,S1_v3_2_2B_extension,single_crystal,sample_form_conditional_median:single_crystal,6.93,0.1,,,,,5000,H_below_validated_reduced_field
FeSe,iron_chalcogenide_11,,elsevier_10.1016_j.jallcom.2024.173999_PATH_AC_VISION_PASS_LONG,A2,9.0,extraction_csv,16.0,exact,,S1_v3_2_2B_extension,single_crystal,sample_form_conditional_median:single_crystal,6.93,1.0,,,,,5000,H_below_validated_reduced_field
FeSe,iron_chalcogenide_11,,elsevier_10.1016_j.jallcom.2024.173999_PATH_AC_VISION_PASS_LONG,A2,9.0,extraction_csv,16.0,exact,,S1_v3_2_2B_extension,single_crystal,sample_form_conditional_median:single_crystal,6.93,5.0,,,,,5000,family_fails_field_axis_validation
CaFe2As2,iron_pnictide_122,,elsevier_10.1038_srep22278_PATH_AC_VISION_PASS_LONG,A2,12.0,extraction_csv,50.0,exact,,S1_v3_2_2B_extension,single_crystal,sample_form_conditional_median:single_crystal,4.2,0.1,,,,,5000,H_below_validated_reduced_field
CaFe2As2,iron_pnictide_122,,elsevier_10.1038_srep22278_PATH_AC_VISION_PASS_LONG,A2,12.0,extraction_csv,50.0,exact,,S1_v3_2_2B_extension,single_crystal,sample_form_conditional_median:single_crystal,4.2,1.0,,,,,5000,H_below_validated_reduced_field
CaFe2As2,iron_pnictide_122,,elsevier_10.1038_srep22278_PATH_AC_VISION_PASS_LONG,A2,12.0,extraction_csv,50.0,exact,,S1_v3_2_2B_extension,single_crystal,sample_form_conditional_median:single_crystal,4.2,5.0,,,,,5000,H_below_validated_reduced_field
CaFe2As2,iron_pnictide_122,,elsevier_10.1038_srep22278_PATH_AC_VISION_PASS_LONG,A2,12.0,extraction_csv,50.0,exact,,S1_v3_2_2B_extension,single_crystal,sample_form_conditional_median:single_crystal,20.0,0.1,,,,,5000,T_above_Tc
CaFe2As2,iron_pnictide_122,,elsevier_10.1038_srep22278_PATH_AC_VISION_PASS_LONG,A2,12.0,extraction_csv,50.0,exact,,S1_v3_2_2B_extension,single_crystal,sample_form_conditional_median:single_crystal,20.0,1.0,,,,,5000,T_above_Tc
CaFe2As2,iron_pnictide_122,,elsevier_10.1038_srep22278_PATH_AC_VISION_PASS_LONG,A2,12.0,extraction_csv,50.0,exact,,S1_v3_2_2B_extension,single_crystal,sample_form_conditional_median:single_crystal,20.0,5.0,,,,,5000,T_above_Tc
CaFe2As2,iron_pnictide_122,,elsevier_10.1038_srep22278_PATH_AC_VISION_PASS_LONG,A2,12.0,extraction_csv,50.0,exact,,S1_v3_2_2B_extension,single_crystal,sample_form_conditional_median:single_crystal,9.24,0.1,,,,,5000,H_below_validated_reduced_field
CaFe2As2,iron_pnictide_122,,elsevier_10.1038_srep22278_PATH_AC_VISION_PASS_LONG,A2,12.0,extraction_csv,50.0,exact,,S1_v3_2_2B_extension,single_crystal,sample_form_conditional_median:single_crystal,9.24,1.0,,,,,5000,H_below_validated_reduced_field
CaFe2As2,iron_pnictide_122,,elsevier_10.1038_srep22278_PATH_AC_VISION_PASS_LONG,A2,12.0,extraction_csv,50.0,exact,,S1_v3_2_2B_extension,single_crystal,sample_form_conditional_median:single_crystal,9.24,5.0,,,,,5000,H_below_validated_reduced_field
CaFe2As2,iron_pnictide_122,,elsevier_10.1038_srep22278_PATH_AC_VISION_PASS_LONG,A2,12.0,extraction_csv,50.0,exact,,S1_v3_2_2B_extension,single_crystal,sample_form_conditional_median:single_crystal,4.2,0.1,,,,,5000,H_below_validated_reduced_field
CaFe2As2,iron_pnictide_122,,elsevier_10.1038_srep22278_PATH_AC_VISION_PASS_LONG,A2,12.0,extraction_csv,50.0,exact,,S1_v3_2_2B_extension,single_crystal,sample_form_conditional_median:single_crystal,4.2,1.0,,,,,5000,H_below_validated_reduced_field
CaFe2As2,iron_pnictide_122,,elsevier_10.1038_srep22278_PATH_AC_VISION_PASS_LONG,A2,12.0,extraction_csv,50.0,exact,,S1_v3_2_2B_extension,single_crystal,sample_form_conditional_median:single_crystal,4.2,5.0,,,,,5000,H_below_validated_reduced_field
CaFe2As2,iron_pnictide_122,,elsevier_10.1038_srep22278_PATH_AC_VISION_PASS_LONG,A2,12.0,extraction_csv,50.0,exact,,S1_v3_2_2B_extension,single_crystal,sample_form_conditional_median:single_crystal,20.0,0.1,,,,,5000,T_above_Tc
CaFe2As2,iron_pnictide_122,,elsevier_10.1038_srep22278_PATH_AC_VISION_PASS_LONG,A2,12.0,extraction_csv,50.0,exact,,S1_v3_2_2B_extension,single_crystal,sample_form_conditional_median:single_crystal,20.0,1.0,,,,,5000,T_above_Tc
CaFe2As2,iron_pnictide_122,,elsevier_10.1038_srep22278_PATH_AC_VISION_PASS_LONG,A2,12.0,extraction_csv,50.0,exact,,S1_v3_2_2B_extension,single_crystal,sample_form_conditional_median:single_crystal,20.0,5.0,,,,,5000,T_above_Tc
CaFe2As2,iron_pnictide_122,,elsevier_10.1038_srep22278_PATH_AC_VISION_PASS_LONG,A2,12.0,extraction_csv,50.0,exact,,S1_v3_2_2B_extension,single_crystal,sample_form_conditional_median:single_crystal,9.24,0.1,,,,,5000,H_below_validated_reduced_field
CaFe2As2,iron_pnictide_122,,elsevier_10.1038_srep22278_PATH_AC_VISION_PASS_LONG,A2,12.0,extraction_csv,50.0,exact,,S1_v3_2_2B_extension,single_crystal,sample_form_conditional_median:single_crystal,9.24,1.0,,,,,5000,H_below_validated_reduced_field
CaFe2As2,iron_pnictide_122,,elsevier_10.1038_srep22278_PATH_AC_VISION_PASS_LONG,A2,12.0,extraction_csv,50.0,exact,,S1_v3_2_2B_extension,single_crystal,sample_form_conditional_median:single_crystal,9.24,5.0,,,,,5000,H_below_validated_reduced_field
FeTeSe,iron_chalcogenide_11,,elsevier_10.1016_j.physc.2010.05.048_VISION_PASS_LONG,A2,14.0,extraction_csv,47.0,exact,,S1_v3_2_2B_extension,single_crystal,sample_form_conditional_median:single_crystal,4.2,0.1,,,,,5000,H_below_validated_reduced_field
FeTeSe,iron_chalcogenide_11,,elsevier_10.1016_j.physc.2010.05.048_VISION_PASS_LONG,A2,14.0,extraction_csv,47.0,exact,,S1_v3_2_2B_extension,single_crystal,sample_form_conditional_median:single_crystal,4.2,1.0,,,,,5000,H_below_validated_reduced_field
FeTeSe,iron_chalcogenide_11,,elsevier_10.1016_j.physc.2010.05.048_VISION_PASS_LONG,A2,14.0,extraction_csv,47.0,exact,,S1_v3_2_2B_extension,single_crystal,sample_form_conditional_median:single_crystal,4.2,5.0,,,,,5000,H_below_validated_reduced_field
FeTeSe,iron_chalcogenide_11,,elsevier_10.1016_j.physc.2010.05.048_VISION_PASS_LONG,A2,14.0,extraction_csv,47.0,exact,,S1_v3_2_2B_extension,single_crystal,sample_form_conditional_median:single_crystal,20.0,0.1,,,,,5000,T_above_Tc
FeTeSe,iron_chalcogenide_11,,elsevier_10.1016_j.physc.2010.05.048_VISION_PASS_LONG,A2,14.0,extraction_csv,47.0,exact,,S1_v3_2_2B_extension,single_crystal,sample_form_conditional_median:single_crystal,20.0,1.0,,,,,5000,T_above_Tc
FeTeSe,iron_chalcogenide_11,,elsevier_10.1016_j.physc.2010.05.048_VISION_PASS_LONG,A2,14.0,extraction_csv,47.0,exact,,S1_v3_2_2B_extension,single_crystal,sample_form_conditional_median:single_crystal,20.0,5.0,,,,,5000,T_above_Tc
FeTeSe,iron_chalcogenide_11,,elsevier_10.1016_j.physc.2010.05.048_VISION_PASS_LONG,A2,14.0,extraction_csv,47.0,exact,,S1_v3_2_2B_extension,single_crystal,sample_form_conditional_median:single_crystal,10.78,0.1,,,,,5000,H_below_validated_reduced_field
FeTeSe,iron_chalcogenide_11,,elsevier_10.1016_j.physc.2010.05.048_VISION_PASS_LONG,A2,14.0,extraction_csv,47.0,exact,,S1_v3_2_2B_extension,single_crystal,sample_form_conditional_median:single_crystal,10.78,1.0,,,,,5000,H_below_validated_reduced_field
FeTeSe,iron_chalcogenide_11,,elsevier_10.1016_j.physc.2010.05.048_VISION_PASS_LONG,A2,14.0,extraction_csv,47.0,exact,,S1_v3_2_2B_extension,single_crystal,sample_form_conditional_median:single_crystal,10.78,5.0,,,,,5000,H_below_validated_reduced_field
FeTeSe,iron_chalcogenide_11,,elsevier_10.1016_j.physc.2010.05.048_VISION_PASS_LONG,A2,14.0,extraction_csv,47.0,exact,,S1_v3_2_2B_extension,single_crystal,sample_form_conditional_median:single_crystal,4.2,0.1,,,,,5000,H_below_validated_reduced_field
FeTeSe,iron_chalcogenide_11,,elsevier_10.1016_j.physc.2010.05.048_VISION_PASS_LONG,A2,14.0,extraction_csv,47.0,exact,,S1_v3_2_2B_extension,single_crystal,sample_form_conditional_median:single_crystal,4.2,1.0,,,,,5000,H_below_validated_reduced_field
FeTeSe,iron_chalcogenide_11,,elsevier_10.1016_j.physc.2010.05.048_VISION_PASS_LONG,A2,14.0,extraction_csv,47.0,exact,,S1_v3_2_2B_extension,single_crystal,sample_form_conditional_median:single_crystal,4.2,5.0,,,,,5000,H_below_validated_reduced_field
FeTeSe,iron_chalcogenide_11,,elsevier_10.1016_j.physc.2010.05.048_VISION_PASS_LONG,A2,14.0,extraction_csv,47.0,exact,,S1_v3_2_2B_extension,single_crystal,sample_form_conditional_median:single_crystal,20.0,0.1,,,,,5000,T_above_Tc
FeTeSe,iron_chalcogenide_11,,elsevier_10.1016_j.physc.2010.05.048_VISION_PASS_LONG,A2,14.0,extraction_csv,47.0,exact,,S1_v3_2_2B_extension,single_crystal,sample_form_conditional_median:single_crystal,20.0,1.0,,,,,5000,T_above_Tc
FeTeSe,iron_chalcogenide_11,,elsevier_10.1016_j.physc.2010.05.048_VISION_PASS_LONG,A2,14.0,extraction_csv,47.0,exact,,S1_v3_2_2B_extension,single_crystal,sample_form_conditional_median:single_crystal,20.0,5.0,,,,,5000,T_above_Tc
FeTeSe,iron_chalcogenide_11,,elsevier_10.1016_j.physc.2010.05.048_VISION_PASS_LONG,A2,14.0,extraction_csv,47.0,exact,,S1_v3_2_2B_extension,single_crystal,sample_form_conditional_median:single_crystal,10.78,0.1,,,,,5000,H_below_validated_reduced_field
FeTeSe,iron_chalcogenide_11,,elsevier_10.1016_j.physc.2010.05.048_VISION_PASS_LONG,A2,14.0,extraction_csv,47.0,exact,,S1_v3_2_2B_extension,single_crystal,sample_form_conditional_median:single_crystal,10.78,1.0,,,,,5000,H_below_validated_reduced_field
FeTeSe,iron_chalcogenide_11,,elsevier_10.1016_j.physc.2010.05.048_VISION_PASS_LONG,A2,14.0,extraction_csv,47.0,exact,,S1_v3_2_2B_extension,single_crystal,sample_form_conditional_median:single_crystal,10.78,5.0,,,,,5000,H_below_validated_reduced_field
FeTeSe,iron_chalcogenide_11,,elsevier_10.1016_j.physc.2010.05.048_VISION_PASS_LONG,A2,14.0,extraction_csv,47.0,exact,,S1_v3_2_2B_extension,single_crystal,sample_form_conditional_median:single_crystal,4.2,0.1,,,,,5000,H_below_validated_reduced_field
FeTeSe,iron_chalcogenide_11,,elsevier_10.1016_j.physc.2010.05.048_VISION_PASS_LONG,A2,14.0,extraction_csv,47.0,exact,,S1_v3_2_2B_extension,single_crystal,sample_form_conditional_median:single_crystal,4.2,1.0,,,,,5000,H_below_validated_reduced_field
FeTeSe,iron_chalcogenide_11,,elsevier_10.1016_j.physc.2010.05.048_VISION_PASS_LONG,A2,14.0,extraction_csv,47.0,exact,,S1_v3_2_2B_extension,single_crystal,sample_form_conditional_median:single_crystal,4.2,5.0,,,,,5000,H_below_validated_reduced_field
FeTeSe,iron_chalcogenide_11,,elsevier_10.1016_j.physc.2010.05.048_VISION_PASS_LONG,A2,14.0,extraction_csv,47.0,exact,,S1_v3_2_2B_extension,single_crystal,sample_form_conditional_median:single_crystal,20.0,0.1,,,,,5000,T_above_Tc
FeTeSe,iron_chalcogenide_11,,elsevier_10.1016_j.physc.2010.05.048_VISION_PASS_LONG,A2,14.0,extraction_csv,47.0,exact,,S1_v3_2_2B_extension,single_crystal,sample_form_conditional_median:single_crystal,20.0,1.0,,,,,5000,T_above_Tc
FeTeSe,iron_chalcogenide_11,,elsevier_10.1016_j.physc.2010.05.048_VISION_PASS_LONG,A2,14.0,extraction_csv,47.0,exact,,S1_v3_2_2B_extension,single_crystal,sample_form_conditional_median:single_crystal,20.0,5.0,,,,,5000,T_above_Tc
FeTeSe,iron_chalcogenide_11,,elsevier_10.1016_j.physc.2010.05.048_VISION_PASS_LONG,A2,14.0,extraction_csv,47.0,exact,,S1_v3_2_2B_extension,single_crystal,sample_form_conditional_median:single_crystal,10.78,0.1,,,,,5000,H_below_validated_reduced_field
FeTeSe,iron_chalcogenide_11,,elsevier_10.1016_j.physc.2010.05.048_VISION_PASS_LONG,A2,14.0,extraction_csv,47.0,exact,,S1_v3_2_2B_extension,single_crystal,sample_form_conditional_median:single_crystal,10.78,1.0,,,,,5000,H_below_validated_reduced_field
FeTeSe,iron_chalcogenide_11,,elsevier_10.1016_j.physc.2010.05.048_VISION_PASS_LONG,A2,14.0,extraction_csv,47.0,exact,,S1_v3_2_2B_extension,single_crystal,sample_form_conditional_median:single_crystal,10.78,5.0,,,,,5000,H_below_validated_reduced_field
FeTeSe,iron_chalcogenide_11,,elsevier_10.1016_j.physc.2010.05.048_VISION_PASS_LONG,A2,14.0,extraction_csv,47.0,exact,,S1_v3_2_2B_extension,single_crystal,sample_form_conditional_median:single_crystal,4.2,0.1,,,,,5000,H_below_validated_reduced_field
FeTeSe,iron_chalcogenide_11,,elsevier_10.1016_j.physc.2010.05.048_VISION_PASS_LONG,A2,14.0,extraction_csv,47.0,exact,,S1_v3_2_2B_extension,single_crystal,sample_form_conditional_median:single_crystal,4.2,1.0,,,,,5000,H_below_validated_reduced_field
FeTeSe,iron_chalcogenide_11,,elsevier_10.1016_j.physc.2010.05.048_VISION_PASS_LONG,A2,14.0,extraction_csv,47.0,exact,,S1_v3_2_2B_extension,single_crystal,sample_form_conditional_median:single_crystal,4.2,5.0,,,,,5000,H_below_validated_reduced_field
FeTeSe,iron_chalcogenide_11,,elsevier_10.1016_j.physc.2010.05.048_VISION_PASS_LONG,A2,14.0,extraction_csv,47.0,exact,,S1_v3_2_2B_extension,single_crystal,sample_form_conditional_median:single_crystal,20.0,0.1,,,,,5000,T_above_Tc
FeTeSe,iron_chalcogenide_11,,elsevier_10.1016_j.physc.2010.05.048_VISION_PASS_LONG,A2,14.0,extraction_csv,47.0,exact,,S1_v3_2_2B_extension,single_crystal,sample_form_conditional_median:single_crystal,20.0,1.0,,,,,5000,T_above_Tc
FeTeSe,iron_chalcogenide_11,,elsevier_10.1016_j.physc.2010.05.048_VISION_PASS_LONG,A2,14.0,extraction_csv,47.0,exact,,S1_v3_2_2B_extension,single_crystal,sample_form_conditional_median:single_crystal,20.0,5.0,,,,,5000,T_above_Tc
FeTeSe,iron_chalcogenide_11,,elsevier_10.1016_j.physc.2010.05.048_VISION_PASS_LONG,A2,14.0,extraction_csv,47.0,exact,,S1_v3_2_2B_extension,single_crystal,sample_form_conditional_median:single_crystal,10.78,0.1,,,,,5000,H_below_validated_reduced_field
FeTeSe,iron_chalcogenide_11,,elsevier_10.1016_j.physc.2010.05.048_VISION_PASS_LONG,A2,14.0,extraction_csv,47.0,exact,,S1_v3_2_2B_extension,single_crystal,sample_form_conditional_median:single_crystal,10.78,1.0,,,,,5000,H_below_validated_reduced_field
FeTeSe,iron_chalcogenide_11,,elsevier_10.1016_j.physc.2010.05.048_VISION_PASS_LONG,A2,14.0,extraction_csv,47.0,exact,,S1_v3_2_2B_extension,single_crystal,sample_form_conditional_median:single_crystal,10.78,5.0,,,,,5000,H_below_validated_reduced_field
FeTeSe,iron_chalcogenide_11,,elsevier_10.1016_j.physc.2010.05.048_VISION_PASS_LONG,A2,14.0,extraction_csv,47.0,exact,,S1_v3_2_2B_extension,single_crystal,sample_form_conditional_median:single_crystal,4.2,0.1,,,,,5000,H_below_validated_reduced_field
FeTeSe,iron_chalcogenide_11,,elsevier_10.1016_j.physc.2010.05.048_VISION_PASS_LONG,A2,14.0,extraction_csv,47.0,exact,,S1_v3_2_2B_extension,single_crystal,sample_form_conditional_median:single_crystal,4.2,1.0,,,,,5000,H_below_validated_reduced_field
FeTeSe,iron_chalcogenide_11,,elsevier_10.1016_j.physc.2010.05.048_VISION_PASS_LONG,A2,14.0,extraction_csv,47.0,exact,,S1_v3_2_2B_extension,single_crystal,sample_form_conditional_median:single_crystal,4.2,5.0,,,,,5000,H_below_validated_reduced_field
FeTeSe,iron_chalcogenide_11,,elsevier_10.1016_j.physc.2010.05.048_VISION_PASS_LONG,A2,14.0,extraction_csv,47.0,exact,,S1_v3_2_2B_extension,single_crystal,sample_form_conditional_median:single_crystal,20.0,0.1,,,,,5000,T_above_Tc
FeTeSe,iron_chalcogenide_11,,elsevier_10.1016_j.physc.2010.05.048_VISION_PASS_LONG,A2,14.0,extraction_csv,47.0,exact,,S1_v3_2_2B_extension,single_crystal,sample_form_conditional_median:single_crystal,20.0,1.0,,,,,5000,T_above_Tc
FeTeSe,iron_chalcogenide_11,,elsevier_10.1016_j.physc.2010.05.048_VISION_PASS_LONG,A2,14.0,extraction_csv,47.0,exact,,S1_v3_2_2B_extension,single_crystal,sample_form_conditional_median:single_crystal,20.0,5.0,,,,,5000,T_above_Tc
FeTeSe,iron_chalcogenide_11,,elsevier_10.1016_j.physc.2010.05.048_VISION_PASS_LONG,A2,14.0,extraction_csv,47.0,exact,,S1_v3_2_2B_extension,single_crystal,sample_form_conditional_median:single_crystal,10.78,0.1,,,,,5000,H_below_validated_reduced_field
FeTeSe,iron_chalcogenide_11,,elsevier_10.1016_j.physc.2010.05.048_VISION_PASS_LONG,A2,14.0,extraction_csv,47.0,exact,,S1_v3_2_2B_extension,single_crystal,sample_form_conditional_median:single_crystal,10.78,1.0,,,,,5000,H_below_validated_reduced_field
FeTeSe,iron_chalcogenide_11,,elsevier_10.1016_j.physc.2010.05.048_VISION_PASS_LONG,A2,14.0,extraction_csv,47.0,exact,,S1_v3_2_2B_extension,single_crystal,sample_form_conditional_median:single_crystal,10.78,5.0,,,,,5000,H_below_validated_reduced_field
FeTeSe,iron_chalcogenide_11,,elsevier_10.1016_j.physc.2010.05.048_VISION_PASS_LONG,A2,14.0,extraction_csv,47.0,exact,,S1_v3_2_2B_extension,single_crystal,sample_form_conditional_median:single_crystal,4.2,0.1,,,,,5000,H_below_validated_reduced_field
FeTeSe,iron_chalcogenide_11,,elsevier_10.1016_j.physc.2010.05.048_VISION_PASS_LONG,A2,14.0,extraction_csv,47.0,exact,,S1_v3_2_2B_extension,single_crystal,sample_form_conditional_median:single_crystal,4.2,1.0,,,,,5000,H_below_validated_reduced_field
FeTeSe,iron_chalcogenide_11,,elsevier_10.1016_j.physc.2010.05.048_VISION_PASS_LONG,A2,14.0,extraction_csv,47.0,exact,,S1_v3_2_2B_extension,single_crystal,sample_form_conditional_median:single_crystal,4.2,5.0,,,,,5000,H_below_validated_reduced_field
FeTeSe,iron_chalcogenide_11,,elsevier_10.1016_j.physc.2010.05.048_VISION_PASS_LONG,A2,14.0,extraction_csv,47.0,exact,,S1_v3_2_2B_extension,single_crystal,sample_form_conditional_median:single_crystal,20.0,0.1,,,,,5000,T_above_Tc
FeTeSe,iron_chalcogenide_11,,elsevier_10.1016_j.physc.2010.05.048_VISION_PASS_LONG,A2,14.0,extraction_csv,47.0,exact,,S1_v3_2_2B_extension,single_crystal,sample_form_conditional_median:single_crystal,20.0,1.0,,,,,5000,T_above_Tc
FeTeSe,iron_chalcogenide_11,,elsevier_10.1016_j.physc.2010.05.048_VISION_PASS_LONG,A2,14.0,extraction_csv,47.0,exact,,S1_v3_2_2B_extension,single_crystal,sample_form_conditional_median:single_crystal,20.0,5.0,,,,,5000,T_above_Tc
FeTeSe,iron_chalcogenide_11,,elsevier_10.1016_j.physc.2010.05.048_VISION_PASS_LONG,A2,14.0,extraction_csv,47.0,exact,,S1_v3_2_2B_extension,single_crystal,sample_form_conditional_median:single_crystal,10.78,0.1,,,,,5000,H_below_validated_reduced_field
FeTeSe,iron_chalcogenide_11,,elsevier_10.1016_j.physc.2010.05.048_VISION_PASS_LONG,A2,14.0,extraction_csv,47.0,exact,,S1_v3_2_2B_extension,single_crystal,sample_form_conditional_median:single_crystal,10.78,1.0,,,,,5000,H_below_validated_reduced_field
FeTeSe,iron_chalcogenide_11,,elsevier_10.1016_j.physc.2010.05.048_VISION_PASS_LONG,A2,14.0,extraction_csv,47.0,exact,,S1_v3_2_2B_extension,single_crystal,sample_form_conditional_median:single_crystal,10.78,5.0,,,,,5000,H_below_validated_reduced_field
FeTeSe,iron_chalcogenide_11,,elsevier_10.1016_j.physc.2010.05.048_VISION_PASS_LONG,A2,14.0,extraction_csv,47.0,exact,,S1_v3_2_2B_extension,single_crystal,sample_form_conditional_median:single_crystal,4.2,0.1,,,,,5000,H_below_validated_reduced_field
FeTeSe,iron_chalcogenide_11,,elsevier_10.1016_j.physc.2010.05.048_VISION_PASS_LONG,A2,14.0,extraction_csv,47.0,exact,,S1_v3_2_2B_extension,single_crystal,sample_form_conditional_median:single_crystal,4.2,1.0,,,,,5000,H_below_validated_reduced_field
FeTeSe,iron_chalcogenide_11,,elsevier_10.1016_j.physc.2010.05.048_VISION_PASS_LONG,A2,14.0,extraction_csv,47.0,exact,,S1_v3_2_2B_extension,single_crystal,sample_form_conditional_median:single_crystal,4.2,5.0,,,,,5000,H_below_validated_reduced_field
FeTeSe,iron_chalcogenide_11,,elsevier_10.1016_j.physc.2010.05.048_VISION_PASS_LONG,A2,14.0,extraction_csv,47.0,exact,,S1_v3_2_2B_extension,single_crystal,sample_form_conditional_median:single_crystal,20.0,0.1,,,,,5000,T_above_Tc
FeTeSe,iron_chalcogenide_11,,elsevier_10.1016_j.physc.2010.05.048_VISION_PASS_LONG,A2,14.0,extraction_csv,47.0,exact,,S1_v3_2_2B_extension,single_crystal,sample_form_conditional_median:single_crystal,20.0,1.0,,,,,5000,T_above_Tc
FeTeSe,iron_chalcogenide_11,,elsevier_10.1016_j.physc.2010.05.048_VISION_PASS_LONG,A2,14.0,extraction_csv,47.0,exact,,S1_v3_2_2B_extension,single_crystal,sample_form_conditional_median:single_crystal,20.0,5.0,,,,,5000,T_above_Tc
FeTeSe,iron_chalcogenide_11,,elsevier_10.1016_j.physc.2010.05.048_VISION_PASS_LONG,A2,14.0,extraction_csv,47.0,exact,,S1_v3_2_2B_extension,single_crystal,sample_form_conditional_median:single_crystal,10.78,0.1,,,,,5000,H_below_validated_reduced_field
FeTeSe,iron_chalcogenide_11,,elsevier_10.1016_j.physc.2010.05.048_VISION_PASS_LONG,A2,14.0,extraction_csv,47.0,exact,,S1_v3_2_2B_extension,single_crystal,sample_form_conditional_median:single_crystal,10.78,1.0,,,,,5000,H_below_validated_reduced_field
FeTeSe,iron_chalcogenide_11,,elsevier_10.1016_j.physc.2010.05.048_VISION_PASS_LONG,A2,14.0,extraction_csv,47.0,exact,,S1_v3_2_2B_extension,single_crystal,sample_form_conditional_median:single_crystal,10.78,5.0,,,,,5000,H_below_validated_reduced_field
FeTeSe,iron_chalcogenide_11,,elsevier_10.1016_j.physc.2010.05.048_VISION_PASS_LONG,A2,14.0,extraction_csv,47.0,exact,,S1_v3_2_2B_extension,single_crystal,sample_form_conditional_median:single_crystal,4.2,0.1,,,,,5000,H_below_validated_reduced_field
FeTeSe,iron_chalcogenide_11,,elsevier_10.1016_j.physc.2010.05.048_VISION_PASS_LONG,A2,14.0,extraction_csv,47.0,exact,,S1_v3_2_2B_extension,single_crystal,sample_form_conditional_median:single_crystal,4.2,1.0,,,,,5000,H_below_validated_reduced_field
FeTeSe,iron_chalcogenide_11,,elsevier_10.1016_j.physc.2010.05.048_VISION_PASS_LONG,A2,14.0,extraction_csv,47.0,exact,,S1_v3_2_2B_extension,single_crystal,sample_form_conditional_median:single_crystal,4.2,5.0,,,,,5000,H_below_validated_reduced_field
FeTeSe,iron_chalcogenide_11,,elsevier_10.1016_j.physc.2010.05.048_VISION_PASS_LONG,A2,14.0,extraction_csv,47.0,exact,,S1_v3_2_2B_extension,single_crystal,sample_form_conditional_median:single_crystal,20.0,0.1,,,,,5000,T_above_Tc
FeTeSe,iron_chalcogenide_11,,elsevier_10.1016_j.physc.2010.05.048_VISION_PASS_LONG,A2,14.0,extraction_csv,47.0,exact,,S1_v3_2_2B_extension,single_crystal,sample_form_conditional_median:single_crystal,20.0,1.0,,,,,5000,T_above_Tc
FeTeSe,iron_chalcogenide_11,,elsevier_10.1016_j.physc.2010.05.048_VISION_PASS_LONG,A2,14.0,extraction_csv,47.0,exact,,S1_v3_2_2B_extension,single_crystal,sample_form_conditional_median:single_crystal,20.0,5.0,,,,,5000,T_above_Tc
FeTeSe,iron_chalcogenide_11,,elsevier_10.1016_j.physc.2010.05.048_VISION_PASS_LONG,A2,14.0,extraction_csv,47.0,exact,,S1_v3_2_2B_extension,single_crystal,sample_form_conditional_median:single_crystal,10.78,0.1,,,,,5000,H_below_validated_reduced_field
FeTeSe,iron_chalcogenide_11,,elsevier_10.1016_j.physc.2010.05.048_VISION_PASS_LONG,A2,14.0,extraction_csv,47.0,exact,,S1_v3_2_2B_extension,single_crystal,sample_form_conditional_median:single_crystal,10.78,1.0,,,,,5000,H_below_validated_reduced_field
FeTeSe,iron_chalcogenide_11,,elsevier_10.1016_j.physc.2010.05.048_VISION_PASS_LONG,A2,14.0,extraction_csv,47.0,exact,,S1_v3_2_2B_extension,single_crystal,sample_form_conditional_median:single_crystal,10.78,5.0,,,,,5000,H_below_validated_reduced_field
"Ba(Fe,Ru)2As2",iron_pnictide_122,,elsevier_10.1016_j.phpro.2012.03.421_VISION_PASS_LONG,A2,20.0,extraction_csv,60.0,exact,,S1_v3_2_2B_extension,single_crystal,sample_form_conditional_median:single_crystal,4.2,0.1,,,,,5000,H_below_validated_reduced_field
"Ba(Fe,Ru)2As2",iron_pnictide_122,,elsevier_10.1016_j.phpro.2012.03.421_VISION_PASS_LONG,A2,20.0,extraction_csv,60.0,exact,,S1_v3_2_2B_extension,single_crystal,sample_form_conditional_median:single_crystal,4.2,1.0,,,,,5000,H_below_validated_reduced_field
"Ba(Fe,Ru)2As2",iron_pnictide_122,,elsevier_10.1016_j.phpro.2012.03.421_VISION_PASS_LONG,A2,20.0,extraction_csv,60.0,exact,,S1_v3_2_2B_extension,single_crystal,sample_form_conditional_median:single_crystal,4.2,5.0,,,,,5000,H_below_validated_reduced_field
"Ba(Fe,Ru)2As2",iron_pnictide_122,,elsevier_10.1016_j.phpro.2012.03.421_VISION_PASS_LONG,A2,20.0,extraction_csv,60.0,exact,,S1_v3_2_2B_extension,single_crystal,sample_form_conditional_median:single_crystal,20.0,0.1,,,,,5000,T_above_Tc
"Ba(Fe,Ru)2As2",iron_pnictide_122,,elsevier_10.1016_j.phpro.2012.03.421_VISION_PASS_LONG,A2,20.0,extraction_csv,60.0,exact,,S1_v3_2_2B_extension,single_crystal,sample_form_conditional_median:single_crystal,20.0,1.0,,,,,5000,T_above_Tc
"Ba(Fe,Ru)2As2",iron_pnictide_122,,elsevier_10.1016_j.phpro.2012.03.421_VISION_PASS_LONG,A2,20.0,extraction_csv,60.0,exact,,S1_v3_2_2B_extension,single_crystal,sample_form_conditional_median:single_crystal,20.0,5.0,,,,,5000,T_above_Tc
"Ba(Fe,Ru)2As2",iron_pnictide_122,,elsevier_10.1016_j.phpro.2012.03.421_VISION_PASS_LONG,A2,20.0,extraction_csv,60.0,exact,,S1_v3_2_2B_extension,single_crystal,sample_form_conditional_median:single_crystal,15.4,0.1,,,,,5000,H_below_validated_reduced_field
"Ba(Fe,Ru)2As2",iron_pnictide_122,,elsevier_10.1016_j.phpro.2012.03.421_VISION_PASS_LONG,A2,20.0,extraction_csv,60.0,exact,,S1_v3_2_2B_extension,single_crystal,sample_form_conditional_median:single_crystal,15.4,1.0,,,,,5000,H_below_validated_reduced_field
"Ba(Fe,Ru)2As2",iron_pnictide_122,,elsevier_10.1016_j.phpro.2012.03.421_VISION_PASS_LONG,A2,20.0,extraction_csv,60.0,exact,,S1_v3_2_2B_extension,single_crystal,sample_form_conditional_median:single_crystal,15.4,5.0,,,,,5000,H_below_validated_reduced_field
CaFe2As2,iron_pnictide_122,,elsevier_10.1038_s41598-021-86728-8_PATH_AC_VISION_PASS_LONG,A2,12.0,extraction_csv,50.0,exact,,S1_v3_2_2B_extension,single_crystal,sample_form_conditional_median:single_crystal,4.2,0.1,,,,,5000,H_below_validated_reduced_field
CaFe2As2,iron_pnictide_122,,elsevier_10.1038_s41598-021-86728-8_PATH_AC_VISION_PASS_LONG,A2,12.0,extraction_csv,50.0,exact,,S1_v3_2_2B_extension,single_crystal,sample_form_conditional_median:single_crystal,4.2,1.0,,,,,5000,H_below_validated_reduced_field
CaFe2As2,iron_pnictide_122,,elsevier_10.1038_s41598-021-86728-8_PATH_AC_VISION_PASS_LONG,A2,12.0,extraction_csv,50.0,exact,,S1_v3_2_2B_extension,single_crystal,sample_form_conditional_median:single_crystal,4.2,5.0,,,,,5000,H_below_validated_reduced_field
CaFe2As2,iron_pnictide_122,,elsevier_10.1038_s41598-021-86728-8_PATH_AC_VISION_PASS_LONG,A2,12.0,extraction_csv,50.0,exact,,S1_v3_2_2B_extension,single_crystal,sample_form_conditional_median:single_crystal,20.0,0.1,,,,,5000,T_above_Tc
CaFe2As2,iron_pnictide_122,,elsevier_10.1038_s41598-021-86728-8_PATH_AC_VISION_PASS_LONG,A2,12.0,extraction_csv,50.0,exact,,S1_v3_2_2B_extension,single_crystal,sample_form_conditional_median:single_crystal,20.0,1.0,,,,,5000,T_above_Tc
CaFe2As2,iron_pnictide_122,,elsevier_10.1038_s41598-021-86728-8_PATH_AC_VISION_PASS_LONG,A2,12.0,extraction_csv,50.0,exact,,S1_v3_2_2B_extension,single_crystal,sample_form_conditional_median:single_crystal,20.0,5.0,,,,,5000,T_above_Tc
CaFe2As2,iron_pnictide_122,,elsevier_10.1038_s41598-021-86728-8_PATH_AC_VISION_PASS_LONG,A2,12.0,extraction_csv,50.0,exact,,S1_v3_2_2B_extension,single_crystal,sample_form_conditional_median:single_crystal,9.24,0.1,,,,,5000,H_below_validated_reduced_field
CaFe2As2,iron_pnictide_122,,elsevier_10.1038_s41598-021-86728-8_PATH_AC_VISION_PASS_LONG,A2,12.0,extraction_csv,50.0,exact,,S1_v3_2_2B_extension,single_crystal,sample_form_conditional_median:single_crystal,9.24,1.0,,,,,5000,H_below_validated_reduced_field
CaFe2As2,iron_pnictide_122,,elsevier_10.1038_s41598-021-86728-8_PATH_AC_VISION_PASS_LONG,A2,12.0,extraction_csv,50.0,exact,,S1_v3_2_2B_extension,single_crystal,sample_form_conditional_median:single_crystal,9.24,5.0,,,,,5000,H_below_validated_reduced_field
FeSeTe,iron_chalcogenide_11,,elsevier_10.1016_j.cjph.2024.09.042_VISION_PASS_LONG,A2,14.0,extraction_csv,47.0,exact,,S1_v3_2_2B_extension,single_crystal,sample_form_conditional_median:single_crystal,4.2,0.1,,,,,5000,H_below_validated_reduced_field
FeSeTe,iron_chalcogenide_11,,elsevier_10.1016_j.cjph.2024.09.042_VISION_PASS_LONG,A2,14.0,extraction_csv,47.0,exact,,S1_v3_2_2B_extension,single_crystal,sample_form_conditional_median:single_crystal,4.2,1.0,,,,,5000,H_below_validated_reduced_field
FeSeTe,iron_chalcogenide_11,,elsevier_10.1016_j.cjph.2024.09.042_VISION_PASS_LONG,A2,14.0,extraction_csv,47.0,exact,,S1_v3_2_2B_extension,single_crystal,sample_form_conditional_median:single_crystal,4.2,5.0,,,,,5000,H_below_validated_reduced_field
FeSeTe,iron_chalcogenide_11,,elsevier_10.1016_j.cjph.2024.09.042_VISION_PASS_LONG,A2,14.0,extraction_csv,47.0,exact,,S1_v3_2_2B_extension,single_crystal,sample_form_conditional_median:single_crystal,20.0,0.1,,,,,5000,T_above_Tc
FeSeTe,iron_chalcogenide_11,,elsevier_10.1016_j.cjph.2024.09.042_VISION_PASS_LONG,A2,14.0,extraction_csv,47.0,exact,,S1_v3_2_2B_extension,single_crystal,sample_form_conditional_median:single_crystal,20.0,1.0,,,,,5000,T_above_Tc
FeSeTe,iron_chalcogenide_11,,elsevier_10.1016_j.cjph.2024.09.042_VISION_PASS_LONG,A2,14.0,extraction_csv,47.0,exact,,S1_v3_2_2B_extension,single_crystal,sample_form_conditional_median:single_crystal,20.0,5.0,,,,,5000,T_above_Tc
FeSeTe,iron_chalcogenide_11,,elsevier_10.1016_j.cjph.2024.09.042_VISION_PASS_LONG,A2,14.0,extraction_csv,47.0,exact,,S1_v3_2_2B_extension,single_crystal,sample_form_conditional_median:single_crystal,10.78,0.1,,,,,5000,H_below_validated_reduced_field
FeSeTe,iron_chalcogenide_11,,elsevier_10.1016_j.cjph.2024.09.042_VISION_PASS_LONG,A2,14.0,extraction_csv,47.0,exact,,S1_v3_2_2B_extension,single_crystal,sample_form_conditional_median:single_crystal,10.78,1.0,,,,,5000,H_below_validated_reduced_field
FeSeTe,iron_chalcogenide_11,,elsevier_10.1016_j.cjph.2024.09.042_VISION_PASS_LONG,A2,14.0,extraction_csv,47.0,exact,,S1_v3_2_2B_extension,single_crystal,sample_form_conditional_median:single_crystal,10.78,5.0,,,,,5000,H_below_validated_reduced_field
FeSeTe,iron_chalcogenide_11,,elsevier_10.1016_j.cjph.2024.09.042_VISION_PASS_LONG,A2,14.0,extraction_csv,47.0,exact,,S1_v3_2_2B_extension,single_crystal,sample_form_conditional_median:single_crystal,4.2,0.1,,,,,5000,H_below_validated_reduced_field
FeSeTe,iron_chalcogenide_11,,elsevier_10.1016_j.cjph.2024.09.042_VISION_PASS_LONG,A2,14.0,extraction_csv,47.0,exact,,S1_v3_2_2B_extension,single_crystal,sample_form_conditional_median:single_crystal,4.2,1.0,,,,,5000,H_below_validated_reduced_field
FeSeTe,iron_chalcogenide_11,,elsevier_10.1016_j.cjph.2024.09.042_VISION_PASS_LONG,A2,14.0,extraction_csv,47.0,exact,,S1_v3_2_2B_extension,single_crystal,sample_form_conditional_median:single_crystal,4.2,5.0,,,,,5000,H_below_validated_reduced_field
FeSeTe,iron_chalcogenide_11,,elsevier_10.1016_j.cjph.2024.09.042_VISION_PASS_LONG,A2,14.0,extraction_csv,47.0,exact,,S1_v3_2_2B_extension,single_crystal,sample_form_conditional_median:single_crystal,20.0,0.1,,,,,5000,T_above_Tc
FeSeTe,iron_chalcogenide_11,,elsevier_10.1016_j.cjph.2024.09.042_VISION_PASS_LONG,A2,14.0,extraction_csv,47.0,exact,,S1_v3_2_2B_extension,single_crystal,sample_form_conditional_median:single_crystal,20.0,1.0,,,,,5000,T_above_Tc
FeSeTe,iron_chalcogenide_11,,elsevier_10.1016_j.cjph.2024.09.042_VISION_PASS_LONG,A2,14.0,extraction_csv,47.0,exact,,S1_v3_2_2B_extension,single_crystal,sample_form_conditional_median:single_crystal,20.0,5.0,,,,,5000,T_above_Tc
FeSeTe,iron_chalcogenide_11,,elsevier_10.1016_j.cjph.2024.09.042_VISION_PASS_LONG,A2,14.0,extraction_csv,47.0,exact,,S1_v3_2_2B_extension,single_crystal,sample_form_conditional_median:single_crystal,10.78,0.1,,,,,5000,H_below_validated_reduced_field
FeSeTe,iron_chalcogenide_11,,elsevier_10.1016_j.cjph.2024.09.042_VISION_PASS_LONG,A2,14.0,extraction_csv,47.0,exact,,S1_v3_2_2B_extension,single_crystal,sample_form_conditional_median:single_crystal,10.78,1.0,,,,,5000,H_below_validated_reduced_field
FeSeTe,iron_chalcogenide_11,,elsevier_10.1016_j.cjph.2024.09.042_VISION_PASS_LONG,A2,14.0,extraction_csv,47.0,exact,,S1_v3_2_2B_extension,single_crystal,sample_form_conditional_median:single_crystal,10.78,5.0,,,,,5000,H_below_validated_reduced_field
FeSeTe,iron_chalcogenide_11,,elsevier_10.1016_j.cjph.2024.09.042_VISION_PASS_LONG,A2,14.0,extraction_csv,47.0,exact,,S1_v3_2_2B_extension,single_crystal,sample_form_conditional_median:single_crystal,4.2,0.1,,,,,5000,H_below_validated_reduced_field
FeSeTe,iron_chalcogenide_11,,elsevier_10.1016_j.cjph.2024.09.042_VISION_PASS_LONG,A2,14.0,extraction_csv,47.0,exact,,S1_v3_2_2B_extension,single_crystal,sample_form_conditional_median:single_crystal,4.2,1.0,,,,,5000,H_below_validated_reduced_field
FeSeTe,iron_chalcogenide_11,,elsevier_10.1016_j.cjph.2024.09.042_VISION_PASS_LONG,A2,14.0,extraction_csv,47.0,exact,,S1_v3_2_2B_extension,single_crystal,sample_form_conditional_median:single_crystal,4.2,5.0,,,,,5000,H_below_validated_reduced_field
FeSeTe,iron_chalcogenide_11,,elsevier_10.1016_j.cjph.2024.09.042_VISION_PASS_LONG,A2,14.0,extraction_csv,47.0,exact,,S1_v3_2_2B_extension,single_crystal,sample_form_conditional_median:single_crystal,20.0,0.1,,,,,5000,T_above_Tc
FeSeTe,iron_chalcogenide_11,,elsevier_10.1016_j.cjph.2024.09.042_VISION_PASS_LONG,A2,14.0,extraction_csv,47.0,exact,,S1_v3_2_2B_extension,single_crystal,sample_form_conditional_median:single_crystal,20.0,1.0,,,,,5000,T_above_Tc
FeSeTe,iron_chalcogenide_11,,elsevier_10.1016_j.cjph.2024.09.042_VISION_PASS_LONG,A2,14.0,extraction_csv,47.0,exact,,S1_v3_2_2B_extension,single_crystal,sample_form_conditional_median:single_crystal,20.0,5.0,,,,,5000,T_above_Tc
FeSeTe,iron_chalcogenide_11,,elsevier_10.1016_j.cjph.2024.09.042_VISION_PASS_LONG,A2,14.0,extraction_csv,47.0,exact,,S1_v3_2_2B_extension,single_crystal,sample_form_conditional_median:single_crystal,10.78,0.1,,,,,5000,H_below_validated_reduced_field
FeSeTe,iron_chalcogenide_11,,elsevier_10.1016_j.cjph.2024.09.042_VISION_PASS_LONG,A2,14.0,extraction_csv,47.0,exact,,S1_v3_2_2B_extension,single_crystal,sample_form_conditional_median:single_crystal,10.78,1.0,,,,,5000,H_below_validated_reduced_field
FeSeTe,iron_chalcogenide_11,,elsevier_10.1016_j.cjph.2024.09.042_VISION_PASS_LONG,A2,14.0,extraction_csv,47.0,exact,,S1_v3_2_2B_extension,single_crystal,sample_form_conditional_median:single_crystal,10.78,5.0,,,,,5000,H_below_validated_reduced_field
FeSeTe,iron_chalcogenide_11,,elsevier_10.1016_j.cjph.2024.09.042_VISION_PASS_LONG,A2,14.0,extraction_csv,47.0,exact,,S1_v3_2_2B_extension,single_crystal,sample_form_conditional_median:single_crystal,4.2,0.1,,,,,5000,H_below_validated_reduced_field
FeSeTe,iron_chalcogenide_11,,elsevier_10.1016_j.cjph.2024.09.042_VISION_PASS_LONG,A2,14.0,extraction_csv,47.0,exact,,S1_v3_2_2B_extension,single_crystal,sample_form_conditional_median:single_crystal,4.2,1.0,,,,,5000,H_below_validated_reduced_field
FeSeTe,iron_chalcogenide_11,,elsevier_10.1016_j.cjph.2024.09.042_VISION_PASS_LONG,A2,14.0,extraction_csv,47.0,exact,,S1_v3_2_2B_extension,single_crystal,sample_form_conditional_median:single_crystal,4.2,5.0,,,,,5000,H_below_validated_reduced_field
FeSeTe,iron_chalcogenide_11,,elsevier_10.1016_j.cjph.2024.09.042_VISION_PASS_LONG,A2,14.0,extraction_csv,47.0,exact,,S1_v3_2_2B_extension,single_crystal,sample_form_conditional_median:single_crystal,20.0,0.1,,,,,5000,T_above_Tc
FeSeTe,iron_chalcogenide_11,,elsevier_10.1016_j.cjph.2024.09.042_VISION_PASS_LONG,A2,14.0,extraction_csv,47.0,exact,,S1_v3_2_2B_extension,single_crystal,sample_form_conditional_median:single_crystal,20.0,1.0,,,,,5000,T_above_Tc
FeSeTe,iron_chalcogenide_11,,elsevier_10.1016_j.cjph.2024.09.042_VISION_PASS_LONG,A2,14.0,extraction_csv,47.0,exact,,S1_v3_2_2B_extension,single_crystal,sample_form_conditional_median:single_crystal,20.0,5.0,,,,,5000,T_above_Tc
FeSeTe,iron_chalcogenide_11,,elsevier_10.1016_j.cjph.2024.09.042_VISION_PASS_LONG,A2,14.0,extraction_csv,47.0,exact,,S1_v3_2_2B_extension,single_crystal,sample_form_conditional_median:single_crystal,10.78,0.1,,,,,5000,H_below_validated_reduced_field
FeSeTe,iron_chalcogenide_11,,elsevier_10.1016_j.cjph.2024.09.042_VISION_PASS_LONG,A2,14.0,extraction_csv,47.0,exact,,S1_v3_2_2B_extension,single_crystal,sample_form_conditional_median:single_crystal,10.78,1.0,,,,,5000,H_below_validated_reduced_field
FeSeTe,iron_chalcogenide_11,,elsevier_10.1016_j.cjph.2024.09.042_VISION_PASS_LONG,A2,14.0,extraction_csv,47.0,exact,,S1_v3_2_2B_extension,single_crystal,sample_form_conditional_median:single_crystal,10.78,5.0,,,,,5000,H_below_validated_reduced_field
FeSeTe,iron_chalcogenide_11,,elsevier_10.1016_j.cjph.2024.09.042_VISION_PASS_LONG,A2,14.0,extraction_csv,47.0,exact,,S1_v3_2_2B_extension,single_crystal,sample_form_conditional_median:single_crystal,4.2,0.1,,,,,5000,H_below_validated_reduced_field
FeSeTe,iron_chalcogenide_11,,elsevier_10.1016_j.cjph.2024.09.042_VISION_PASS_LONG,A2,14.0,extraction_csv,47.0,exact,,S1_v3_2_2B_extension,single_crystal,sample_form_conditional_median:single_crystal,4.2,1.0,,,,,5000,H_below_validated_reduced_field
FeSeTe,iron_chalcogenide_11,,elsevier_10.1016_j.cjph.2024.09.042_VISION_PASS_LONG,A2,14.0,extraction_csv,47.0,exact,,S1_v3_2_2B_extension,single_crystal,sample_form_conditional_median:single_crystal,4.2,5.0,,,,,5000,H_below_validated_reduced_field
FeSeTe,iron_chalcogenide_11,,elsevier_10.1016_j.cjph.2024.09.042_VISION_PASS_LONG,A2,14.0,extraction_csv,47.0,exact,,S1_v3_2_2B_extension,single_crystal,sample_form_conditional_median:single_crystal,20.0,0.1,,,,,5000,T_above_Tc
FeSeTe,iron_chalcogenide_11,,elsevier_10.1016_j.cjph.2024.09.042_VISION_PASS_LONG,A2,14.0,extraction_csv,47.0,exact,,S1_v3_2_2B_extension,single_crystal,sample_form_conditional_median:single_crystal,20.0,1.0,,,,,5000,T_above_Tc
FeSeTe,iron_chalcogenide_11,,elsevier_10.1016_j.cjph.2024.09.042_VISION_PASS_LONG,A2,14.0,extraction_csv,47.0,exact,,S1_v3_2_2B_extension,single_crystal,sample_form_conditional_median:single_crystal,20.0,5.0,,,,,5000,T_above_Tc
FeSeTe,iron_chalcogenide_11,,elsevier_10.1016_j.cjph.2024.09.042_VISION_PASS_LONG,A2,14.0,extraction_csv,47.0,exact,,S1_v3_2_2B_extension,single_crystal,sample_form_conditional_median:single_crystal,10.78,0.1,,,,,5000,H_below_validated_reduced_field
FeSeTe,iron_chalcogenide_11,,elsevier_10.1016_j.cjph.2024.09.042_VISION_PASS_LONG,A2,14.0,extraction_csv,47.0,exact,,S1_v3_2_2B_extension,single_crystal,sample_form_conditional_median:single_crystal,10.78,1.0,,,,,5000,H_below_validated_reduced_field
FeSeTe,iron_chalcogenide_11,,elsevier_10.1016_j.cjph.2024.09.042_VISION_PASS_LONG,A2,14.0,extraction_csv,47.0,exact,,S1_v3_2_2B_extension,single_crystal,sample_form_conditional_median:single_crystal,10.78,5.0,,,,,5000,H_below_validated_reduced_field
FeSeTe,iron_chalcogenide_11,,elsevier_10.1016_j.cjph.2024.09.042_VISION_PASS_LONG,A2,14.0,extraction_csv,47.0,exact,,S1_v3_2_2B_extension,single_crystal,sample_form_conditional_median:single_crystal,4.2,0.1,,,,,5000,H_below_validated_reduced_field
FeSeTe,iron_chalcogenide_11,,elsevier_10.1016_j.cjph.2024.09.042_VISION_PASS_LONG,A2,14.0,extraction_csv,47.0,exact,,S1_v3_2_2B_extension,single_crystal,sample_form_conditional_median:single_crystal,4.2,1.0,,,,,5000,H_below_validated_reduced_field
FeSeTe,iron_chalcogenide_11,,elsevier_10.1016_j.cjph.2024.09.042_VISION_PASS_LONG,A2,14.0,extraction_csv,47.0,exact,,S1_v3_2_2B_extension,single_crystal,sample_form_conditional_median:single_crystal,4.2,5.0,,,,,5000,H_below_validated_reduced_field
FeSeTe,iron_chalcogenide_11,,elsevier_10.1016_j.cjph.2024.09.042_VISION_PASS_LONG,A2,14.0,extraction_csv,47.0,exact,,S1_v3_2_2B_extension,single_crystal,sample_form_conditional_median:single_crystal,20.0,0.1,,,,,5000,T_above_Tc
FeSeTe,iron_chalcogenide_11,,elsevier_10.1016_j.cjph.2024.09.042_VISION_PASS_LONG,A2,14.0,extraction_csv,47.0,exact,,S1_v3_2_2B_extension,single_crystal,sample_form_conditional_median:single_crystal,20.0,1.0,,,,,5000,T_above_Tc
FeSeTe,iron_chalcogenide_11,,elsevier_10.1016_j.cjph.2024.09.042_VISION_PASS_LONG,A2,14.0,extraction_csv,47.0,exact,,S1_v3_2_2B_extension,single_crystal,sample_form_conditional_median:single_crystal,20.0,5.0,,,,,5000,T_above_Tc
FeSeTe,iron_chalcogenide_11,,elsevier_10.1016_j.cjph.2024.09.042_VISION_PASS_LONG,A2,14.0,extraction_csv,47.0,exact,,S1_v3_2_2B_extension,single_crystal,sample_form_conditional_median:single_crystal,10.78,0.1,,,,,5000,H_below_validated_reduced_field
FeSeTe,iron_chalcogenide_11,,elsevier_10.1016_j.cjph.2024.09.042_VISION_PASS_LONG,A2,14.0,extraction_csv,47.0,exact,,S1_v3_2_2B_extension,single_crystal,sample_form_conditional_median:single_crystal,10.78,1.0,,,,,5000,H_below_validated_reduced_field
FeSeTe,iron_chalcogenide_11,,elsevier_10.1016_j.cjph.2024.09.042_VISION_PASS_LONG,A2,14.0,extraction_csv,47.0,exact,,S1_v3_2_2B_extension,single_crystal,sample_form_conditional_median:single_crystal,10.78,5.0,,,,,5000,H_below_validated_reduced_field
"Ba(Fe,Co)2As2",iron_pnictide_122,,elsevier_10.1016_j.mtphys.2022.100783_VISION_PASS_LONG,A2,22.0,extraction_csv,50.0,exact,,S1_v3_2_2B_extension,single_crystal,sample_form_conditional_median:single_crystal,4.2,0.1,,,,,5000,H_below_validated_reduced_field
"Ba(Fe,Co)2As2",iron_pnictide_122,,elsevier_10.1016_j.mtphys.2022.100783_VISION_PASS_LONG,A2,22.0,extraction_csv,50.0,exact,,S1_v3_2_2B_extension,single_crystal,sample_form_conditional_median:single_crystal,4.2,1.0,,,,,5000,H_below_validated_reduced_field
"Ba(Fe,Co)2As2",iron_pnictide_122,,elsevier_10.1016_j.mtphys.2022.100783_VISION_PASS_LONG,A2,22.0,extraction_csv,50.0,exact,,S1_v3_2_2B_extension,single_crystal,sample_form_conditional_median:single_crystal,4.2,5.0,,,,,5000,H_below_validated_reduced_field
"Ba(Fe,Co)2As2",iron_pnictide_122,,elsevier_10.1016_j.mtphys.2022.100783_VISION_PASS_LONG,A2,22.0,extraction_csv,50.0,exact,,S1_v3_2_2B_extension,single_crystal,sample_form_conditional_median:single_crystal,20.0,0.1,,,,,5000,H_below_validated_reduced_field
"Ba(Fe,Co)2As2",iron_pnictide_122,,elsevier_10.1016_j.mtphys.2022.100783_VISION_PASS_LONG,A2,22.0,extraction_csv,50.0,exact,,S1_v3_2_2B_extension,single_crystal,sample_form_conditional_median:single_crystal,20.0,1.0,,,,,5000,H_below_validated_reduced_field
"Ba(Fe,Co)2As2",iron_pnictide_122,,elsevier_10.1016_j.mtphys.2022.100783_VISION_PASS_LONG,A2,22.0,extraction_csv,50.0,exact,,S1_v3_2_2B_extension,single_crystal,sample_form_conditional_median:single_crystal,20.0,5.0,,,,,5000,H_below_validated_reduced_field
"Ba(Fe,Co)2As2",iron_pnictide_122,,elsevier_10.1016_j.mtphys.2022.100783_VISION_PASS_LONG,A2,22.0,extraction_csv,50.0,exact,,S1_v3_2_2B_extension,single_crystal,sample_form_conditional_median:single_crystal,16.94,0.1,,,,,5000,H_below_validated_reduced_field
"Ba(Fe,Co)2As2",iron_pnictide_122,,elsevier_10.1016_j.mtphys.2022.100783_VISION_PASS_LONG,A2,22.0,extraction_csv,50.0,exact,,S1_v3_2_2B_extension,single_crystal,sample_form_conditional_median:single_crystal,16.94,1.0,,,,,5000,H_below_validated_reduced_field
"Ba(Fe,Co)2As2",iron_pnictide_122,,elsevier_10.1016_j.mtphys.2022.100783_VISION_PASS_LONG,A2,22.0,extraction_csv,50.0,exact,,S1_v3_2_2B_extension,single_crystal,sample_form_conditional_median:single_crystal,16.94,5.0,,,,,5000,H_below_validated_reduced_field
"Ba(Fe,Co)2As2",iron_pnictide_122,,elsevier_10.1016_j.mtphys.2022.100783_VISION_PASS_LONG,A2,22.0,extraction_csv,50.0,exact,,S1_v3_2_2B_extension,single_crystal,sample_form_conditional_median:single_crystal,4.2,0.1,,,,,5000,H_below_validated_reduced_field
"Ba(Fe,Co)2As2",iron_pnictide_122,,elsevier_10.1016_j.mtphys.2022.100783_VISION_PASS_LONG,A2,22.0,extraction_csv,50.0,exact,,S1_v3_2_2B_extension,single_crystal,sample_form_conditional_median:single_crystal,4.2,1.0,,,,,5000,H_below_validated_reduced_field
"Ba(Fe,Co)2As2",iron_pnictide_122,,elsevier_10.1016_j.mtphys.2022.100783_VISION_PASS_LONG,A2,22.0,extraction_csv,50.0,exact,,S1_v3_2_2B_extension,single_crystal,sample_form_conditional_median:single_crystal,4.2,5.0,,,,,5000,H_below_validated_reduced_field
"Ba(Fe,Co)2As2",iron_pnictide_122,,elsevier_10.1016_j.mtphys.2022.100783_VISION_PASS_LONG,A2,22.0,extraction_csv,50.0,exact,,S1_v3_2_2B_extension,single_crystal,sample_form_conditional_median:single_crystal,20.0,0.1,,,,,5000,H_below_validated_reduced_field
"Ba(Fe,Co)2As2",iron_pnictide_122,,elsevier_10.1016_j.mtphys.2022.100783_VISION_PASS_LONG,A2,22.0,extraction_csv,50.0,exact,,S1_v3_2_2B_extension,single_crystal,sample_form_conditional_median:single_crystal,20.0,1.0,,,,,5000,H_below_validated_reduced_field
"Ba(Fe,Co)2As2",iron_pnictide_122,,elsevier_10.1016_j.mtphys.2022.100783_VISION_PASS_LONG,A2,22.0,extraction_csv,50.0,exact,,S1_v3_2_2B_extension,single_crystal,sample_form_conditional_median:single_crystal,20.0,5.0,,,,,5000,H_below_validated_reduced_field
"Ba(Fe,Co)2As2",iron_pnictide_122,,elsevier_10.1016_j.mtphys.2022.100783_VISION_PASS_LONG,A2,22.0,extraction_csv,50.0,exact,,S1_v3_2_2B_extension,single_crystal,sample_form_conditional_median:single_crystal,16.94,0.1,,,,,5000,H_below_validated_reduced_field
"Ba(Fe,Co)2As2",iron_pnictide_122,,elsevier_10.1016_j.mtphys.2022.100783_VISION_PASS_LONG,A2,22.0,extraction_csv,50.0,exact,,S1_v3_2_2B_extension,single_crystal,sample_form_conditional_median:single_crystal,16.94,1.0,,,,,5000,H_below_validated_reduced_field
"Ba(Fe,Co)2As2",iron_pnictide_122,,elsevier_10.1016_j.mtphys.2022.100783_VISION_PASS_LONG,A2,22.0,extraction_csv,50.0,exact,,S1_v3_2_2B_extension,single_crystal,sample_form_conditional_median:single_crystal,16.94,5.0,,,,,5000,H_below_validated_reduced_field
"Ba(Fe,Co)2As2",iron_pnictide_122,,elsevier_10.1016_j.mtphys.2022.100783_VISION_PASS_LONG,A2,22.0,extraction_csv,50.0,exact,,S1_v3_2_2B_extension,single_crystal,sample_form_conditional_median:single_crystal,4.2,0.1,,,,,5000,H_below_validated_reduced_field
"Ba(Fe,Co)2As2",iron_pnictide_122,,elsevier_10.1016_j.mtphys.2022.100783_VISION_PASS_LONG,A2,22.0,extraction_csv,50.0,exact,,S1_v3_2_2B_extension,single_crystal,sample_form_conditional_median:single_crystal,4.2,1.0,,,,,5000,H_below_validated_reduced_field
"Ba(Fe,Co)2As2",iron_pnictide_122,,elsevier_10.1016_j.mtphys.2022.100783_VISION_PASS_LONG,A2,22.0,extraction_csv,50.0,exact,,S1_v3_2_2B_extension,single_crystal,sample_form_conditional_median:single_crystal,4.2,5.0,,,,,5000,H_below_validated_reduced_field
"Ba(Fe,Co)2As2",iron_pnictide_122,,elsevier_10.1016_j.mtphys.2022.100783_VISION_PASS_LONG,A2,22.0,extraction_csv,50.0,exact,,S1_v3_2_2B_extension,single_crystal,sample_form_conditional_median:single_crystal,20.0,0.1,,,,,5000,H_below_validated_reduced_field
"Ba(Fe,Co)2As2",iron_pnictide_122,,elsevier_10.1016_j.mtphys.2022.100783_VISION_PASS_LONG,A2,22.0,extraction_csv,50.0,exact,,S1_v3_2_2B_extension,single_crystal,sample_form_conditional_median:single_crystal,20.0,1.0,,,,,5000,H_below_validated_reduced_field
"Ba(Fe,Co)2As2",iron_pnictide_122,,elsevier_10.1016_j.mtphys.2022.100783_VISION_PASS_LONG,A2,22.0,extraction_csv,50.0,exact,,S1_v3_2_2B_extension,single_crystal,sample_form_conditional_median:single_crystal,20.0,5.0,,,,,5000,H_below_validated_reduced_field
"Ba(Fe,Co)2As2",iron_pnictide_122,,elsevier_10.1016_j.mtphys.2022.100783_VISION_PASS_LONG,A2,22.0,extraction_csv,50.0,exact,,S1_v3_2_2B_extension,single_crystal,sample_form_conditional_median:single_crystal,16.94,0.1,,,,,5000,H_below_validated_reduced_field
"Ba(Fe,Co)2As2",iron_pnictide_122,,elsevier_10.1016_j.mtphys.2022.100783_VISION_PASS_LONG,A2,22.0,extraction_csv,50.0,exact,,S1_v3_2_2B_extension,single_crystal,sample_form_conditional_median:single_crystal,16.94,1.0,,,,,5000,H_below_validated_reduced_field
"Ba(Fe,Co)2As2",iron_pnictide_122,,elsevier_10.1016_j.mtphys.2022.100783_VISION_PASS_LONG,A2,22.0,extraction_csv,50.0,exact,,S1_v3_2_2B_extension,single_crystal,sample_form_conditional_median:single_crystal,16.94,5.0,,,,,5000,H_below_validated_reduced_field
"Ba(Fe,Co)2As2",iron_pnictide_122,,elsevier_10.1016_j.mtphys.2022.100783_VISION_PASS_LONG,A2,22.0,extraction_csv,50.0,exact,,S1_v3_2_2B_extension,single_crystal,sample_form_conditional_median:single_crystal,4.2,0.1,,,,,5000,H_below_validated_reduced_field
"Ba(Fe,Co)2As2",iron_pnictide_122,,elsevier_10.1016_j.mtphys.2022.100783_VISION_PASS_LONG,A2,22.0,extraction_csv,50.0,exact,,S1_v3_2_2B_extension,single_crystal,sample_form_conditional_median:single_crystal,4.2,1.0,,,,,5000,H_below_validated_reduced_field
"Ba(Fe,Co)2As2",iron_pnictide_122,,elsevier_10.1016_j.mtphys.2022.100783_VISION_PASS_LONG,A2,22.0,extraction_csv,50.0,exact,,S1_v3_2_2B_extension,single_crystal,sample_form_conditional_median:single_crystal,4.2,5.0,,,,,5000,H_below_validated_reduced_field
"Ba(Fe,Co)2As2",iron_pnictide_122,,elsevier_10.1016_j.mtphys.2022.100783_VISION_PASS_LONG,A2,22.0,extraction_csv,50.0,exact,,S1_v3_2_2B_extension,single_crystal,sample_form_conditional_median:single_crystal,20.0,0.1,,,,,5000,H_below_validated_reduced_field
"Ba(Fe,Co)2As2",iron_pnictide_122,,elsevier_10.1016_j.mtphys.2022.100783_VISION_PASS_LONG,A2,22.0,extraction_csv,50.0,exact,,S1_v3_2_2B_extension,single_crystal,sample_form_conditional_median:single_crystal,20.0,1.0,,,,,5000,H_below_validated_reduced_field
"Ba(Fe,Co)2As2",iron_pnictide_122,,elsevier_10.1016_j.mtphys.2022.100783_VISION_PASS_LONG,A2,22.0,extraction_csv,50.0,exact,,S1_v3_2_2B_extension,single_crystal,sample_form_conditional_median:single_crystal,20.0,5.0,,,,,5000,H_below_validated_reduced_field
"Ba(Fe,Co)2As2",iron_pnictide_122,,elsevier_10.1016_j.mtphys.2022.100783_VISION_PASS_LONG,A2,22.0,extraction_csv,50.0,exact,,S1_v3_2_2B_extension,single_crystal,sample_form_conditional_median:single_crystal,16.94,0.1,,,,,5000,H_below_validated_reduced_field
"Ba(Fe,Co)2As2",iron_pnictide_122,,elsevier_10.1016_j.mtphys.2022.100783_VISION_PASS_LONG,A2,22.0,extraction_csv,50.0,exact,,S1_v3_2_2B_extension,single_crystal,sample_form_conditional_median:single_crystal,16.94,1.0,,,,,5000,H_below_validated_reduced_field
"Ba(Fe,Co)2As2",iron_pnictide_122,,elsevier_10.1016_j.mtphys.2022.100783_VISION_PASS_LONG,A2,22.0,extraction_csv,50.0,exact,,S1_v3_2_2B_extension,single_crystal,sample_form_conditional_median:single_crystal,16.94,5.0,,,,,5000,H_below_validated_reduced_field
"Ba(Fe,Co)2As2",iron_pnictide_122,,elsevier_10.1016_j.mtphys.2022.100783_VISION_PASS_LONG,A2,22.0,extraction_csv,50.0,exact,,S1_v3_2_2B_extension,single_crystal,sample_form_conditional_median:single_crystal,4.2,0.1,,,,,5000,H_below_validated_reduced_field
"Ba(Fe,Co)2As2",iron_pnictide_122,,elsevier_10.1016_j.mtphys.2022.100783_VISION_PASS_LONG,A2,22.0,extraction_csv,50.0,exact,,S1_v3_2_2B_extension,single_crystal,sample_form_conditional_median:single_crystal,4.2,1.0,,,,,5000,H_below_validated_reduced_field
"Ba(Fe,Co)2As2",iron_pnictide_122,,elsevier_10.1016_j.mtphys.2022.100783_VISION_PASS_LONG,A2,22.0,extraction_csv,50.0,exact,,S1_v3_2_2B_extension,single_crystal,sample_form_conditional_median:single_crystal,4.2,5.0,,,,,5000,H_below_validated_reduced_field
"Ba(Fe,Co)2As2",iron_pnictide_122,,elsevier_10.1016_j.mtphys.2022.100783_VISION_PASS_LONG,A2,22.0,extraction_csv,50.0,exact,,S1_v3_2_2B_extension,single_crystal,sample_form_conditional_median:single_crystal,20.0,0.1,,,,,5000,H_below_validated_reduced_field
"Ba(Fe,Co)2As2",iron_pnictide_122,,elsevier_10.1016_j.mtphys.2022.100783_VISION_PASS_LONG,A2,22.0,extraction_csv,50.0,exact,,S1_v3_2_2B_extension,single_crystal,sample_form_conditional_median:single_crystal,20.0,1.0,,,,,5000,H_below_validated_reduced_field
"Ba(Fe,Co)2As2",iron_pnictide_122,,elsevier_10.1016_j.mtphys.2022.100783_VISION_PASS_LONG,A2,22.0,extraction_csv,50.0,exact,,S1_v3_2_2B_extension,single_crystal,sample_form_conditional_median:single_crystal,20.0,5.0,,,,,5000,H_below_validated_reduced_field
"Ba(Fe,Co)2As2",iron_pnictide_122,,elsevier_10.1016_j.mtphys.2022.100783_VISION_PASS_LONG,A2,22.0,extraction_csv,50.0,exact,,S1_v3_2_2B_extension,single_crystal,sample_form_conditional_median:single_crystal,16.94,0.1,,,,,5000,H_below_validated_reduced_field
"Ba(Fe,Co)2As2",iron_pnictide_122,,elsevier_10.1016_j.mtphys.2022.100783_VISION_PASS_LONG,A2,22.0,extraction_csv,50.0,exact,,S1_v3_2_2B_extension,single_crystal,sample_form_conditional_median:single_crystal,16.94,1.0,,,,,5000,H_below_validated_reduced_field
"Ba(Fe,Co)2As2",iron_pnictide_122,,elsevier_10.1016_j.mtphys.2022.100783_VISION_PASS_LONG,A2,22.0,extraction_csv,50.0,exact,,S1_v3_2_2B_extension,single_crystal,sample_form_conditional_median:single_crystal,16.94,5.0,,,,,5000,H_below_validated_reduced_field
"Ba(Fe,Co)2As2",iron_pnictide_122,,elsevier_10.1016_j.mtphys.2022.100783_VISION_PASS_LONG,A2,22.0,extraction_csv,50.0,exact,,S1_v3_2_2B_extension,single_crystal,sample_form_conditional_median:single_crystal,4.2,0.1,,,,,5000,H_below_validated_reduced_field
"Ba(Fe,Co)2As2",iron_pnictide_122,,elsevier_10.1016_j.mtphys.2022.100783_VISION_PASS_LONG,A2,22.0,extraction_csv,50.0,exact,,S1_v3_2_2B_extension,single_crystal,sample_form_conditional_median:single_crystal,4.2,1.0,,,,,5000,H_below_validated_reduced_field
"Ba(Fe,Co)2As2",iron_pnictide_122,,elsevier_10.1016_j.mtphys.2022.100783_VISION_PASS_LONG,A2,22.0,extraction_csv,50.0,exact,,S1_v3_2_2B_extension,single_crystal,sample_form_conditional_median:single_crystal,4.2,5.0,,,,,5000,H_below_validated_reduced_field
"Ba(Fe,Co)2As2",iron_pnictide_122,,elsevier_10.1016_j.mtphys.2022.100783_VISION_PASS_LONG,A2,22.0,extraction_csv,50.0,exact,,S1_v3_2_2B_extension,single_crystal,sample_form_conditional_median:single_crystal,20.0,0.1,,,,,5000,H_below_validated_reduced_field
"Ba(Fe,Co)2As2",iron_pnictide_122,,elsevier_10.1016_j.mtphys.2022.100783_VISION_PASS_LONG,A2,22.0,extraction_csv,50.0,exact,,S1_v3_2_2B_extension,single_crystal,sample_form_conditional_median:single_crystal,20.0,1.0,,,,,5000,H_below_validated_reduced_field
"Ba(Fe,Co)2As2",iron_pnictide_122,,elsevier_10.1016_j.mtphys.2022.100783_VISION_PASS_LONG,A2,22.0,extraction_csv,50.0,exact,,S1_v3_2_2B_extension,single_crystal,sample_form_conditional_median:single_crystal,20.0,5.0,,,,,5000,H_below_validated_reduced_field
"Ba(Fe,Co)2As2",iron_pnictide_122,,elsevier_10.1016_j.mtphys.2022.100783_VISION_PASS_LONG,A2,22.0,extraction_csv,50.0,exact,,S1_v3_2_2B_extension,single_crystal,sample_form_conditional_median:single_crystal,16.94,0.1,,,,,5000,H_below_validated_reduced_field
"Ba(Fe,Co)2As2",iron_pnictide_122,,elsevier_10.1016_j.mtphys.2022.100783_VISION_PASS_LONG,A2,22.0,extraction_csv,50.0,exact,,S1_v3_2_2B_extension,single_crystal,sample_form_conditional_median:single_crystal,16.94,1.0,,,,,5000,H_below_validated_reduced_field
"Ba(Fe,Co)2As2",iron_pnictide_122,,elsevier_10.1016_j.mtphys.2022.100783_VISION_PASS_LONG,A2,22.0,extraction_csv,50.0,exact,,S1_v3_2_2B_extension,single_crystal,sample_form_conditional_median:single_crystal,16.94,5.0,,,,,5000,H_below_validated_reduced_field
"Ba(Fe,Co)2As2",iron_pnictide_122,,elsevier_10.1016_j.mtphys.2022.100783_VISION_PASS_LONG,A2,22.0,extraction_csv,50.0,exact,,S1_v3_2_2B_extension,single_crystal,sample_form_conditional_median:single_crystal,4.2,0.1,,,,,5000,H_below_validated_reduced_field
"Ba(Fe,Co)2As2",iron_pnictide_122,,elsevier_10.1016_j.mtphys.2022.100783_VISION_PASS_LONG,A2,22.0,extraction_csv,50.0,exact,,S1_v3_2_2B_extension,single_crystal,sample_form_conditional_median:single_crystal,4.2,1.0,,,,,5000,H_below_validated_reduced_field
"Ba(Fe,Co)2As2",iron_pnictide_122,,elsevier_10.1016_j.mtphys.2022.100783_VISION_PASS_LONG,A2,22.0,extraction_csv,50.0,exact,,S1_v3_2_2B_extension,single_crystal,sample_form_conditional_median:single_crystal,4.2,5.0,,,,,5000,H_below_validated_reduced_field
"Ba(Fe,Co)2As2",iron_pnictide_122,,elsevier_10.1016_j.mtphys.2022.100783_VISION_PASS_LONG,A2,22.0,extraction_csv,50.0,exact,,S1_v3_2_2B_extension,single_crystal,sample_form_conditional_median:single_crystal,20.0,0.1,,,,,5000,H_below_validated_reduced_field
"Ba(Fe,Co)2As2",iron_pnictide_122,,elsevier_10.1016_j.mtphys.2022.100783_VISION_PASS_LONG,A2,22.0,extraction_csv,50.0,exact,,S1_v3_2_2B_extension,single_crystal,sample_form_conditional_median:single_crystal,20.0,1.0,,,,,5000,H_below_validated_reduced_field
"Ba(Fe,Co)2As2",iron_pnictide_122,,elsevier_10.1016_j.mtphys.2022.100783_VISION_PASS_LONG,A2,22.0,extraction_csv,50.0,exact,,S1_v3_2_2B_extension,single_crystal,sample_form_conditional_median:single_crystal,20.0,5.0,,,,,5000,H_below_validated_reduced_field
"Ba(Fe,Co)2As2",iron_pnictide_122,,elsevier_10.1016_j.mtphys.2022.100783_VISION_PASS_LONG,A2,22.0,extraction_csv,50.0,exact,,S1_v3_2_2B_extension,single_crystal,sample_form_conditional_median:single_crystal,16.94,0.1,,,,,5000,H_below_validated_reduced_field
"Ba(Fe,Co)2As2",iron_pnictide_122,,elsevier_10.1016_j.mtphys.2022.100783_VISION_PASS_LONG,A2,22.0,extraction_csv,50.0,exact,,S1_v3_2_2B_extension,single_crystal,sample_form_conditional_median:single_crystal,16.94,1.0,,,,,5000,H_below_validated_reduced_field
"Ba(Fe,Co)2As2",iron_pnictide_122,,elsevier_10.1016_j.mtphys.2022.100783_VISION_PASS_LONG,A2,22.0,extraction_csv,50.0,exact,,S1_v3_2_2B_extension,single_crystal,sample_form_conditional_median:single_crystal,16.94,5.0,,,,,5000,H_below_validated_reduced_field
"Ba(Fe,Co)2As2",iron_pnictide_122,,elsevier_10.1016_j.mtphys.2022.100783_VISION_PASS_LONG,A2,22.0,extraction_csv,50.0,exact,,S1_v3_2_2B_extension,single_crystal,sample_form_conditional_median:single_crystal,4.2,0.1,,,,,5000,H_below_validated_reduced_field
"Ba(Fe,Co)2As2",iron_pnictide_122,,elsevier_10.1016_j.mtphys.2022.100783_VISION_PASS_LONG,A2,22.0,extraction_csv,50.0,exact,,S1_v3_2_2B_extension,single_crystal,sample_form_conditional_median:single_crystal,4.2,1.0,,,,,5000,H_below_validated_reduced_field
"Ba(Fe,Co)2As2",iron_pnictide_122,,elsevier_10.1016_j.mtphys.2022.100783_VISION_PASS_LONG,A2,22.0,extraction_csv,50.0,exact,,S1_v3_2_2B_extension,single_crystal,sample_form_conditional_median:single_crystal,4.2,5.0,,,,,5000,H_below_validated_reduced_field
"Ba(Fe,Co)2As2",iron_pnictide_122,,elsevier_10.1016_j.mtphys.2022.100783_VISION_PASS_LONG,A2,22.0,extraction_csv,50.0,exact,,S1_v3_2_2B_extension,single_crystal,sample_form_conditional_median:single_crystal,20.0,0.1,,,,,5000,H_below_validated_reduced_field
"Ba(Fe,Co)2As2",iron_pnictide_122,,elsevier_10.1016_j.mtphys.2022.100783_VISION_PASS_LONG,A2,22.0,extraction_csv,50.0,exact,,S1_v3_2_2B_extension,single_crystal,sample_form_conditional_median:single_crystal,20.0,1.0,,,,,5000,H_below_validated_reduced_field
"Ba(Fe,Co)2As2",iron_pnictide_122,,elsevier_10.1016_j.mtphys.2022.100783_VISION_PASS_LONG,A2,22.0,extraction_csv,50.0,exact,,S1_v3_2_2B_extension,single_crystal,sample_form_conditional_median:single_crystal,20.0,5.0,,,,,5000,H_below_validated_reduced_field
"Ba(Fe,Co)2As2",iron_pnictide_122,,elsevier_10.1016_j.mtphys.2022.100783_VISION_PASS_LONG,A2,22.0,extraction_csv,50.0,exact,,S1_v3_2_2B_extension,single_crystal,sample_form_conditional_median:single_crystal,16.94,0.1,,,,,5000,H_below_validated_reduced_field
"Ba(Fe,Co)2As2",iron_pnictide_122,,elsevier_10.1016_j.mtphys.2022.100783_VISION_PASS_LONG,A2,22.0,extraction_csv,50.0,exact,,S1_v3_2_2B_extension,single_crystal,sample_form_conditional_median:single_crystal,16.94,1.0,,,,,5000,H_below_validated_reduced_field
"Ba(Fe,Co)2As2",iron_pnictide_122,,elsevier_10.1016_j.mtphys.2022.100783_VISION_PASS_LONG,A2,22.0,extraction_csv,50.0,exact,,S1_v3_2_2B_extension,single_crystal,sample_form_conditional_median:single_crystal,16.94,5.0,,,,,5000,H_below_validated_reduced_field
"Ba(Fe,Co)2As2",iron_pnictide_122,,elsevier_10.1016_j.mtphys.2022.100783_VISION_PASS_LONG,A2,22.0,extraction_csv,50.0,exact,,S1_v3_2_2B_extension,single_crystal,sample_form_conditional_median:single_crystal,4.2,0.1,,,,,5000,H_below_validated_reduced_field
"Ba(Fe,Co)2As2",iron_pnictide_122,,elsevier_10.1016_j.mtphys.2022.100783_VISION_PASS_LONG,A2,22.0,extraction_csv,50.0,exact,,S1_v3_2_2B_extension,single_crystal,sample_form_conditional_median:single_crystal,4.2,1.0,,,,,5000,H_below_validated_reduced_field
"Ba(Fe,Co)2As2",iron_pnictide_122,,elsevier_10.1016_j.mtphys.2022.100783_VISION_PASS_LONG,A2,22.0,extraction_csv,50.0,exact,,S1_v3_2_2B_extension,single_crystal,sample_form_conditional_median:single_crystal,4.2,5.0,,,,,5000,H_below_validated_reduced_field
"Ba(Fe,Co)2As2",iron_pnictide_122,,elsevier_10.1016_j.mtphys.2022.100783_VISION_PASS_LONG,A2,22.0,extraction_csv,50.0,exact,,S1_v3_2_2B_extension,single_crystal,sample_form_conditional_median:single_crystal,20.0,0.1,,,,,5000,H_below_validated_reduced_field
"Ba(Fe,Co)2As2",iron_pnictide_122,,elsevier_10.1016_j.mtphys.2022.100783_VISION_PASS_LONG,A2,22.0,extraction_csv,50.0,exact,,S1_v3_2_2B_extension,single_crystal,sample_form_conditional_median:single_crystal,20.0,1.0,,,,,5000,H_below_validated_reduced_field
"Ba(Fe,Co)2As2",iron_pnictide_122,,elsevier_10.1016_j.mtphys.2022.100783_VISION_PASS_LONG,A2,22.0,extraction_csv,50.0,exact,,S1_v3_2_2B_extension,single_crystal,sample_form_conditional_median:single_crystal,20.0,5.0,,,,,5000,H_below_validated_reduced_field
"Ba(Fe,Co)2As2",iron_pnictide_122,,elsevier_10.1016_j.mtphys.2022.100783_VISION_PASS_LONG,A2,22.0,extraction_csv,50.0,exact,,S1_v3_2_2B_extension,single_crystal,sample_form_conditional_median:single_crystal,16.94,0.1,,,,,5000,H_below_validated_reduced_field
"Ba(Fe,Co)2As2",iron_pnictide_122,,elsevier_10.1016_j.mtphys.2022.100783_VISION_PASS_LONG,A2,22.0,extraction_csv,50.0,exact,,S1_v3_2_2B_extension,single_crystal,sample_form_conditional_median:single_crystal,16.94,1.0,,,,,5000,H_below_validated_reduced_field
"Ba(Fe,Co)2As2",iron_pnictide_122,,elsevier_10.1016_j.mtphys.2022.100783_VISION_PASS_LONG,A2,22.0,extraction_csv,50.0,exact,,S1_v3_2_2B_extension,single_crystal,sample_form_conditional_median:single_crystal,16.94,5.0,,,,,5000,H_below_validated_reduced_field
"Ba(Fe,Co)2As2",iron_pnictide_122,,elsevier_10.1016_j.mtphys.2022.100783_VISION_PASS_LONG,A2,22.0,extraction_csv,50.0,exact,,S1_v3_2_2B_extension,single_crystal,sample_form_conditional_median:single_crystal,4.2,0.1,,,,,5000,H_below_validated_reduced_field
"Ba(Fe,Co)2As2",iron_pnictide_122,,elsevier_10.1016_j.mtphys.2022.100783_VISION_PASS_LONG,A2,22.0,extraction_csv,50.0,exact,,S1_v3_2_2B_extension,single_crystal,sample_form_conditional_median:single_crystal,4.2,1.0,,,,,5000,H_below_validated_reduced_field
"Ba(Fe,Co)2As2",iron_pnictide_122,,elsevier_10.1016_j.mtphys.2022.100783_VISION_PASS_LONG,A2,22.0,extraction_csv,50.0,exact,,S1_v3_2_2B_extension,single_crystal,sample_form_conditional_median:single_crystal,4.2,5.0,,,,,5000,H_below_validated_reduced_field
"Ba(Fe,Co)2As2",iron_pnictide_122,,elsevier_10.1016_j.mtphys.2022.100783_VISION_PASS_LONG,A2,22.0,extraction_csv,50.0,exact,,S1_v3_2_2B_extension,single_crystal,sample_form_conditional_median:single_crystal,20.0,0.1,,,,,5000,H_below_validated_reduced_field
"Ba(Fe,Co)2As2",iron_pnictide_122,,elsevier_10.1016_j.mtphys.2022.100783_VISION_PASS_LONG,A2,22.0,extraction_csv,50.0,exact,,S1_v3_2_2B_extension,single_crystal,sample_form_conditional_median:single_crystal,20.0,1.0,,,,,5000,H_below_validated_reduced_field
"Ba(Fe,Co)2As2",iron_pnictide_122,,elsevier_10.1016_j.mtphys.2022.100783_VISION_PASS_LONG,A2,22.0,extraction_csv,50.0,exact,,S1_v3_2_2B_extension,single_crystal,sample_form_conditional_median:single_crystal,20.0,5.0,,,,,5000,H_below_validated_reduced_field
"Ba(Fe,Co)2As2",iron_pnictide_122,,elsevier_10.1016_j.mtphys.2022.100783_VISION_PASS_LONG,A2,22.0,extraction_csv,50.0,exact,,S1_v3_2_2B_extension,single_crystal,sample_form_conditional_median:single_crystal,16.94,0.1,,,,,5000,H_below_validated_reduced_field
"Ba(Fe,Co)2As2",iron_pnictide_122,,elsevier_10.1016_j.mtphys.2022.100783_VISION_PASS_LONG,A2,22.0,extraction_csv,50.0,exact,,S1_v3_2_2B_extension,single_crystal,sample_form_conditional_median:single_crystal,16.94,1.0,,,,,5000,H_below_validated_reduced_field
"Ba(Fe,Co)2As2",iron_pnictide_122,,elsevier_10.1016_j.mtphys.2022.100783_VISION_PASS_LONG,A2,22.0,extraction_csv,50.0,exact,,S1_v3_2_2B_extension,single_crystal,sample_form_conditional_median:single_crystal,16.94,5.0,,,,,5000,H_below_validated_reduced_field
"Ba(Fe,Co)2As2",iron_pnictide_122,,elsevier_10.1016_j.mtphys.2022.100783_VISION_PASS_LONG,A2,22.0,extraction_csv,50.0,exact,,S1_v3_2_2B_extension,single_crystal,sample_form_conditional_median:single_crystal,4.2,0.1,,,,,5000,H_below_validated_reduced_field
"Ba(Fe,Co)2As2",iron_pnictide_122,,elsevier_10.1016_j.mtphys.2022.100783_VISION_PASS_LONG,A2,22.0,extraction_csv,50.0,exact,,S1_v3_2_2B_extension,single_crystal,sample_form_conditional_median:single_crystal,4.2,1.0,,,,,5000,H_below_validated_reduced_field
"Ba(Fe,Co)2As2",iron_pnictide_122,,elsevier_10.1016_j.mtphys.2022.100783_VISION_PASS_LONG,A2,22.0,extraction_csv,50.0,exact,,S1_v3_2_2B_extension,single_crystal,sample_form_conditional_median:single_crystal,4.2,5.0,,,,,5000,H_below_validated_reduced_field
"Ba(Fe,Co)2As2",iron_pnictide_122,,elsevier_10.1016_j.mtphys.2022.100783_VISION_PASS_LONG,A2,22.0,extraction_csv,50.0,exact,,S1_v3_2_2B_extension,single_crystal,sample_form_conditional_median:single_crystal,20.0,0.1,,,,,5000,H_below_validated_reduced_field
"Ba(Fe,Co)2As2",iron_pnictide_122,,elsevier_10.1016_j.mtphys.2022.100783_VISION_PASS_LONG,A2,22.0,extraction_csv,50.0,exact,,S1_v3_2_2B_extension,single_crystal,sample_form_conditional_median:single_crystal,20.0,1.0,,,,,5000,H_below_validated_reduced_field
"Ba(Fe,Co)2As2",iron_pnictide_122,,elsevier_10.1016_j.mtphys.2022.100783_VISION_PASS_LONG,A2,22.0,extraction_csv,50.0,exact,,S1_v3_2_2B_extension,single_crystal,sample_form_conditional_median:single_crystal,20.0,5.0,,,,,5000,H_below_validated_reduced_field
"Ba(Fe,Co)2As2",iron_pnictide_122,,elsevier_10.1016_j.mtphys.2022.100783_VISION_PASS_LONG,A2,22.0,extraction_csv,50.0,exact,,S1_v3_2_2B_extension,single_crystal,sample_form_conditional_median:single_crystal,16.94,0.1,,,,,5000,H_below_validated_reduced_field
"Ba(Fe,Co)2As2",iron_pnictide_122,,elsevier_10.1016_j.mtphys.2022.100783_VISION_PASS_LONG,A2,22.0,extraction_csv,50.0,exact,,S1_v3_2_2B_extension,single_crystal,sample_form_conditional_median:single_crystal,16.94,1.0,,,,,5000,H_below_validated_reduced_field
"Ba(Fe,Co)2As2",iron_pnictide_122,,elsevier_10.1016_j.mtphys.2022.100783_VISION_PASS_LONG,A2,22.0,extraction_csv,50.0,exact,,S1_v3_2_2B_extension,single_crystal,sample_form_conditional_median:single_crystal,16.94,5.0,,,,,5000,H_below_validated_reduced_field
"Ba(Fe,Co)2As2",iron_pnictide_122,,elsevier_10.1016_j.mtphys.2022.100783_VISION_PASS_LONG,A2,22.0,extraction_csv,50.0,exact,,S1_v3_2_2B_extension,single_crystal,sample_form_conditional_median:single_crystal,4.2,0.1,,,,,5000,H_below_validated_reduced_field
"Ba(Fe,Co)2As2",iron_pnictide_122,,elsevier_10.1016_j.mtphys.2022.100783_VISION_PASS_LONG,A2,22.0,extraction_csv,50.0,exact,,S1_v3_2_2B_extension,single_crystal,sample_form_conditional_median:single_crystal,4.2,1.0,,,,,5000,H_below_validated_reduced_field
"Ba(Fe,Co)2As2",iron_pnictide_122,,elsevier_10.1016_j.mtphys.2022.100783_VISION_PASS_LONG,A2,22.0,extraction_csv,50.0,exact,,S1_v3_2_2B_extension,single_crystal,sample_form_conditional_median:single_crystal,4.2,5.0,,,,,5000,H_below_validated_reduced_field
"Ba(Fe,Co)2As2",iron_pnictide_122,,elsevier_10.1016_j.mtphys.2022.100783_VISION_PASS_LONG,A2,22.0,extraction_csv,50.0,exact,,S1_v3_2_2B_extension,single_crystal,sample_form_conditional_median:single_crystal,20.0,0.1,,,,,5000,H_below_validated_reduced_field
"Ba(Fe,Co)2As2",iron_pnictide_122,,elsevier_10.1016_j.mtphys.2022.100783_VISION_PASS_LONG,A2,22.0,extraction_csv,50.0,exact,,S1_v3_2_2B_extension,single_crystal,sample_form_conditional_median:single_crystal,20.0,1.0,,,,,5000,H_below_validated_reduced_field
"Ba(Fe,Co)2As2",iron_pnictide_122,,elsevier_10.1016_j.mtphys.2022.100783_VISION_PASS_LONG,A2,22.0,extraction_csv,50.0,exact,,S1_v3_2_2B_extension,single_crystal,sample_form_conditional_median:single_crystal,20.0,5.0,,,,,5000,H_below_validated_reduced_field
"Ba(Fe,Co)2As2",iron_pnictide_122,,elsevier_10.1016_j.mtphys.2022.100783_VISION_PASS_LONG,A2,22.0,extraction_csv,50.0,exact,,S1_v3_2_2B_extension,single_crystal,sample_form_conditional_median:single_crystal,16.94,0.1,,,,,5000,H_below_validated_reduced_field
"Ba(Fe,Co)2As2",iron_pnictide_122,,elsevier_10.1016_j.mtphys.2022.100783_VISION_PASS_LONG,A2,22.0,extraction_csv,50.0,exact,,S1_v3_2_2B_extension,single_crystal,sample_form_conditional_median:single_crystal,16.94,1.0,,,,,5000,H_below_validated_reduced_field
"Ba(Fe,Co)2As2",iron_pnictide_122,,elsevier_10.1016_j.mtphys.2022.100783_VISION_PASS_LONG,A2,22.0,extraction_csv,50.0,exact,,S1_v3_2_2B_extension,single_crystal,sample_form_conditional_median:single_crystal,16.94,5.0,,,,,5000,H_below_validated_reduced_field
FeSe1-xSx,iron_chalcogenide_11,,elsevier_10.1016_j.physc.2016.05.023_VISION_PASS_LONG,A2,9.0,extraction_csv,30.0,exact,,S1_v3_2_2B_extension,single_crystal,sample_form_conditional_median:single_crystal,4.2,0.1,,,,,5000,H_below_validated_reduced_field
FeSe1-xSx,iron_chalcogenide_11,,elsevier_10.1016_j.physc.2016.05.023_VISION_PASS_LONG,A2,9.0,extraction_csv,30.0,exact,,S1_v3_2_2B_extension,single_crystal,sample_form_conditional_median:single_crystal,4.2,1.0,,,,,5000,H_below_validated_reduced_field
FeSe1-xSx,iron_chalcogenide_11,,elsevier_10.1016_j.physc.2016.05.023_VISION_PASS_LONG,A2,9.0,extraction_csv,30.0,exact,,S1_v3_2_2B_extension,single_crystal,sample_form_conditional_median:single_crystal,4.2,5.0,,,,,5000,H_below_validated_reduced_field
FeSe1-xSx,iron_chalcogenide_11,,elsevier_10.1016_j.physc.2016.05.023_VISION_PASS_LONG,A2,9.0,extraction_csv,30.0,exact,,S1_v3_2_2B_extension,single_crystal,sample_form_conditional_median:single_crystal,20.0,0.1,,,,,5000,T_above_Tc
FeSe1-xSx,iron_chalcogenide_11,,elsevier_10.1016_j.physc.2016.05.023_VISION_PASS_LONG,A2,9.0,extraction_csv,30.0,exact,,S1_v3_2_2B_extension,single_crystal,sample_form_conditional_median:single_crystal,20.0,1.0,,,,,5000,T_above_Tc
FeSe1-xSx,iron_chalcogenide_11,,elsevier_10.1016_j.physc.2016.05.023_VISION_PASS_LONG,A2,9.0,extraction_csv,30.0,exact,,S1_v3_2_2B_extension,single_crystal,sample_form_conditional_median:single_crystal,20.0,5.0,,,,,5000,T_above_Tc
FeSe1-xSx,iron_chalcogenide_11,,elsevier_10.1016_j.physc.2016.05.023_VISION_PASS_LONG,A2,9.0,extraction_csv,30.0,exact,,S1_v3_2_2B_extension,single_crystal,sample_form_conditional_median:single_crystal,6.93,0.1,,,,,5000,H_below_validated_reduced_field
FeSe1-xSx,iron_chalcogenide_11,,elsevier_10.1016_j.physc.2016.05.023_VISION_PASS_LONG,A2,9.0,extraction_csv,30.0,exact,,S1_v3_2_2B_extension,single_crystal,sample_form_conditional_median:single_crystal,6.93,1.0,,,,,5000,H_below_validated_reduced_field
FeSe1-xSx,iron_chalcogenide_11,,elsevier_10.1016_j.physc.2016.05.023_VISION_PASS_LONG,A2,9.0,extraction_csv,30.0,exact,,S1_v3_2_2B_extension,single_crystal,sample_form_conditional_median:single_crystal,6.93,5.0,,,,,5000,H_below_validated_reduced_field
FeSe1-xSx,iron_chalcogenide_11,,elsevier_10.1016_j.physc.2016.05.023_VISION_PASS_LONG,A2,9.0,extraction_csv,30.0,exact,,S1_v3_2_2B_extension,single_crystal,sample_form_conditional_median:single_crystal,4.2,0.1,,,,,5000,H_below_validated_reduced_field
FeSe1-xSx,iron_chalcogenide_11,,elsevier_10.1016_j.physc.2016.05.023_VISION_PASS_LONG,A2,9.0,extraction_csv,30.0,exact,,S1_v3_2_2B_extension,single_crystal,sample_form_conditional_median:single_crystal,4.2,1.0,,,,,5000,H_below_validated_reduced_field
FeSe1-xSx,iron_chalcogenide_11,,elsevier_10.1016_j.physc.2016.05.023_VISION_PASS_LONG,A2,9.0,extraction_csv,30.0,exact,,S1_v3_2_2B_extension,single_crystal,sample_form_conditional_median:single_crystal,4.2,5.0,,,,,5000,H_below_validated_reduced_field
FeSe1-xSx,iron_chalcogenide_11,,elsevier_10.1016_j.physc.2016.05.023_VISION_PASS_LONG,A2,9.0,extraction_csv,30.0,exact,,S1_v3_2_2B_extension,single_crystal,sample_form_conditional_median:single_crystal,20.0,0.1,,,,,5000,T_above_Tc
FeSe1-xSx,iron_chalcogenide_11,,elsevier_10.1016_j.physc.2016.05.023_VISION_PASS_LONG,A2,9.0,extraction_csv,30.0,exact,,S1_v3_2_2B_extension,single_crystal,sample_form_conditional_median:single_crystal,20.0,1.0,,,,,5000,T_above_Tc
FeSe1-xSx,iron_chalcogenide_11,,elsevier_10.1016_j.physc.2016.05.023_VISION_PASS_LONG,A2,9.0,extraction_csv,30.0,exact,,S1_v3_2_2B_extension,single_crystal,sample_form_conditional_median:single_crystal,20.0,5.0,,,,,5000,T_above_Tc
FeSe1-xSx,iron_chalcogenide_11,,elsevier_10.1016_j.physc.2016.05.023_VISION_PASS_LONG,A2,9.0,extraction_csv,30.0,exact,,S1_v3_2_2B_extension,single_crystal,sample_form_conditional_median:single_crystal,6.93,0.1,,,,,5000,H_below_validated_reduced_field
FeSe1-xSx,iron_chalcogenide_11,,elsevier_10.1016_j.physc.2016.05.023_VISION_PASS_LONG,A2,9.0,extraction_csv,30.0,exact,,S1_v3_2_2B_extension,single_crystal,sample_form_conditional_median:single_crystal,6.93,1.0,,,,,5000,H_below_validated_reduced_field
FeSe1-xSx,iron_chalcogenide_11,,elsevier_10.1016_j.physc.2016.05.023_VISION_PASS_LONG,A2,9.0,extraction_csv,30.0,exact,,S1_v3_2_2B_extension,single_crystal,sample_form_conditional_median:single_crystal,6.93,5.0,,,,,5000,H_below_validated_reduced_field
FeSe1-xSx,iron_chalcogenide_11,,elsevier_10.1016_j.physc.2016.05.023_VISION_PASS_LONG,A2,9.0,extraction_csv,30.0,exact,,S1_v3_2_2B_extension,single_crystal,sample_form_conditional_median:single_crystal,4.2,0.1,,,,,5000,H_below_validated_reduced_field
FeSe1-xSx,iron_chalcogenide_11,,elsevier_10.1016_j.physc.2016.05.023_VISION_PASS_LONG,A2,9.0,extraction_csv,30.0,exact,,S1_v3_2_2B_extension,single_crystal,sample_form_conditional_median:single_crystal,4.2,1.0,,,,,5000,H_below_validated_reduced_field
FeSe1-xSx,iron_chalcogenide_11,,elsevier_10.1016_j.physc.2016.05.023_VISION_PASS_LONG,A2,9.0,extraction_csv,30.0,exact,,S1_v3_2_2B_extension,single_crystal,sample_form_conditional_median:single_crystal,4.2,5.0,,,,,5000,H_below_validated_reduced_field
FeSe1-xSx,iron_chalcogenide_11,,elsevier_10.1016_j.physc.2016.05.023_VISION_PASS_LONG,A2,9.0,extraction_csv,30.0,exact,,S1_v3_2_2B_extension,single_crystal,sample_form_conditional_median:single_crystal,20.0,0.1,,,,,5000,T_above_Tc
FeSe1-xSx,iron_chalcogenide_11,,elsevier_10.1016_j.physc.2016.05.023_VISION_PASS_LONG,A2,9.0,extraction_csv,30.0,exact,,S1_v3_2_2B_extension,single_crystal,sample_form_conditional_median:single_crystal,20.0,1.0,,,,,5000,T_above_Tc
FeSe1-xSx,iron_chalcogenide_11,,elsevier_10.1016_j.physc.2016.05.023_VISION_PASS_LONG,A2,9.0,extraction_csv,30.0,exact,,S1_v3_2_2B_extension,single_crystal,sample_form_conditional_median:single_crystal,20.0,5.0,,,,,5000,T_above_Tc
FeSe1-xSx,iron_chalcogenide_11,,elsevier_10.1016_j.physc.2016.05.023_VISION_PASS_LONG,A2,9.0,extraction_csv,30.0,exact,,S1_v3_2_2B_extension,single_crystal,sample_form_conditional_median:single_crystal,6.93,0.1,,,,,5000,H_below_validated_reduced_field
FeSe1-xSx,iron_chalcogenide_11,,elsevier_10.1016_j.physc.2016.05.023_VISION_PASS_LONG,A2,9.0,extraction_csv,30.0,exact,,S1_v3_2_2B_extension,single_crystal,sample_form_conditional_median:single_crystal,6.93,1.0,,,,,5000,H_below_validated_reduced_field
FeSe1-xSx,iron_chalcogenide_11,,elsevier_10.1016_j.physc.2016.05.023_VISION_PASS_LONG,A2,9.0,extraction_csv,30.0,exact,,S1_v3_2_2B_extension,single_crystal,sample_form_conditional_median:single_crystal,6.93,5.0,,,,,5000,H_below_validated_reduced_field
FeSe1-xSx,iron_chalcogenide_11,,elsevier_10.1016_j.physc.2016.05.023_VISION_PASS_LONG,A2,9.0,extraction_csv,30.0,exact,,S1_v3_2_2B_extension,single_crystal,sample_form_conditional_median:single_crystal,4.2,0.1,,,,,5000,H_below_validated_reduced_field
FeSe1-xSx,iron_chalcogenide_11,,elsevier_10.1016_j.physc.2016.05.023_VISION_PASS_LONG,A2,9.0,extraction_csv,30.0,exact,,S1_v3_2_2B_extension,single_crystal,sample_form_conditional_median:single_crystal,4.2,1.0,,,,,5000,H_below_validated_reduced_field
FeSe1-xSx,iron_chalcogenide_11,,elsevier_10.1016_j.physc.2016.05.023_VISION_PASS_LONG,A2,9.0,extraction_csv,30.0,exact,,S1_v3_2_2B_extension,single_crystal,sample_form_conditional_median:single_crystal,4.2,5.0,,,,,5000,H_below_validated_reduced_field
FeSe1-xSx,iron_chalcogenide_11,,elsevier_10.1016_j.physc.2016.05.023_VISION_PASS_LONG,A2,9.0,extraction_csv,30.0,exact,,S1_v3_2_2B_extension,single_crystal,sample_form_conditional_median:single_crystal,20.0,0.1,,,,,5000,T_above_Tc
FeSe1-xSx,iron_chalcogenide_11,,elsevier_10.1016_j.physc.2016.05.023_VISION_PASS_LONG,A2,9.0,extraction_csv,30.0,exact,,S1_v3_2_2B_extension,single_crystal,sample_form_conditional_median:single_crystal,20.0,1.0,,,,,5000,T_above_Tc
FeSe1-xSx,iron_chalcogenide_11,,elsevier_10.1016_j.physc.2016.05.023_VISION_PASS_LONG,A2,9.0,extraction_csv,30.0,exact,,S1_v3_2_2B_extension,single_crystal,sample_form_conditional_median:single_crystal,20.0,5.0,,,,,5000,T_above_Tc
FeSe1-xSx,iron_chalcogenide_11,,elsevier_10.1016_j.physc.2016.05.023_VISION_PASS_LONG,A2,9.0,extraction_csv,30.0,exact,,S1_v3_2_2B_extension,single_crystal,sample_form_conditional_median:single_crystal,6.93,0.1,,,,,5000,H_below_validated_reduced_field
FeSe1-xSx,iron_chalcogenide_11,,elsevier_10.1016_j.physc.2016.05.023_VISION_PASS_LONG,A2,9.0,extraction_csv,30.0,exact,,S1_v3_2_2B_extension,single_crystal,sample_form_conditional_median:single_crystal,6.93,1.0,,,,,5000,H_below_validated_reduced_field
FeSe1-xSx,iron_chalcogenide_11,,elsevier_10.1016_j.physc.2016.05.023_VISION_PASS_LONG,A2,9.0,extraction_csv,30.0,exact,,S1_v3_2_2B_extension,single_crystal,sample_form_conditional_median:single_crystal,6.93,5.0,,,,,5000,H_below_validated_reduced_field
FeSe1-xSx,iron_chalcogenide_11,,elsevier_10.1016_j.physc.2016.05.023_VISION_PASS_LONG,A2,9.0,extraction_csv,30.0,exact,,S1_v3_2_2B_extension,single_crystal,sample_form_conditional_median:single_crystal,4.2,0.1,,,,,5000,H_below_validated_reduced_field
FeSe1-xSx,iron_chalcogenide_11,,elsevier_10.1016_j.physc.2016.05.023_VISION_PASS_LONG,A2,9.0,extraction_csv,30.0,exact,,S1_v3_2_2B_extension,single_crystal,sample_form_conditional_median:single_crystal,4.2,1.0,,,,,5000,H_below_validated_reduced_field
FeSe1-xSx,iron_chalcogenide_11,,elsevier_10.1016_j.physc.2016.05.023_VISION_PASS_LONG,A2,9.0,extraction_csv,30.0,exact,,S1_v3_2_2B_extension,single_crystal,sample_form_conditional_median:single_crystal,4.2,5.0,,,,,5000,H_below_validated_reduced_field
FeSe1-xSx,iron_chalcogenide_11,,elsevier_10.1016_j.physc.2016.05.023_VISION_PASS_LONG,A2,9.0,extraction_csv,30.0,exact,,S1_v3_2_2B_extension,single_crystal,sample_form_conditional_median:single_crystal,20.0,0.1,,,,,5000,T_above_Tc
FeSe1-xSx,iron_chalcogenide_11,,elsevier_10.1016_j.physc.2016.05.023_VISION_PASS_LONG,A2,9.0,extraction_csv,30.0,exact,,S1_v3_2_2B_extension,single_crystal,sample_form_conditional_median:single_crystal,20.0,1.0,,,,,5000,T_above_Tc
FeSe1-xSx,iron_chalcogenide_11,,elsevier_10.1016_j.physc.2016.05.023_VISION_PASS_LONG,A2,9.0,extraction_csv,30.0,exact,,S1_v3_2_2B_extension,single_crystal,sample_form_conditional_median:single_crystal,20.0,5.0,,,,,5000,T_above_Tc
FeSe1-xSx,iron_chalcogenide_11,,elsevier_10.1016_j.physc.2016.05.023_VISION_PASS_LONG,A2,9.0,extraction_csv,30.0,exact,,S1_v3_2_2B_extension,single_crystal,sample_form_conditional_median:single_crystal,6.93,0.1,,,,,5000,H_below_validated_reduced_field
FeSe1-xSx,iron_chalcogenide_11,,elsevier_10.1016_j.physc.2016.05.023_VISION_PASS_LONG,A2,9.0,extraction_csv,30.0,exact,,S1_v3_2_2B_extension,single_crystal,sample_form_conditional_median:single_crystal,6.93,1.0,,,,,5000,H_below_validated_reduced_field
FeSe1-xSx,iron_chalcogenide_11,,elsevier_10.1016_j.physc.2016.05.023_VISION_PASS_LONG,A2,9.0,extraction_csv,30.0,exact,,S1_v3_2_2B_extension,single_crystal,sample_form_conditional_median:single_crystal,6.93,5.0,,,,,5000,H_below_validated_reduced_field
MgB2,conventional_AlB2,,elsevier_10.1016_j.matpr.2019.05.078_VISION_PASS_LONG,A2,39.0,extraction_csv,15.5,exact,,S1_v3_2_2B_extension,,substructure_aggregate_median,4.2,0.1,,,,,5000,H_below_validated_reduced_field
MgB2,conventional_AlB2,,elsevier_10.1016_j.matpr.2019.05.078_VISION_PASS_LONG,A2,39.0,extraction_csv,15.5,exact,,S1_v3_2_2B_extension,,substructure_aggregate_median,4.2,1.0,,,,,5000,H_below_validated_reduced_field
MgB2,conventional_AlB2,,elsevier_10.1016_j.matpr.2019.05.078_VISION_PASS_LONG,A2,39.0,extraction_csv,15.5,exact,,S1_v3_2_2B_extension,,substructure_aggregate_median,4.2,5.0,4.981543337214,4.802802680640668,5.197672786083292,,5000,
MgB2,conventional_AlB2,,elsevier_10.1016_j.matpr.2019.05.078_VISION_PASS_LONG,A2,39.0,extraction_csv,15.5,exact,,S1_v3_2_2B_extension,,substructure_aggregate_median,20.0,0.1,,,,,5000,H_below_validated_reduced_field
MgB2,conventional_AlB2,,elsevier_10.1016_j.matpr.2019.05.078_VISION_PASS_LONG,A2,39.0,extraction_csv,15.5,exact,,S1_v3_2_2B_extension,,substructure_aggregate_median,20.0,1.0,,,,,5000,H_below_validated_reduced_field
MgB2,conventional_AlB2,,elsevier_10.1016_j.matpr.2019.05.078_VISION_PASS_LONG,A2,39.0,extraction_csv,15.5,exact,,S1_v3_2_2B_extension,,substructure_aggregate_median,20.0,5.0,4.682324600178827,4.40990053583562,4.988200306574173,,5000,
MgB2,conventional_AlB2,,elsevier_10.1016_j.matpr.2019.05.078_VISION_PASS_LONG,A2,39.0,extraction_csv,15.5,exact,,S1_v3_2_2B_extension,,substructure_aggregate_median,30.03,0.1,,,,,5000,H_below_validated_reduced_field
MgB2,conventional_AlB2,,elsevier_10.1016_j.matpr.2019.05.078_VISION_PASS_LONG,A2,39.0,extraction_csv,15.5,exact,,S1_v3_2_2B_extension,,substructure_aggregate_median,30.03,1.0,,,,,5000,H_below_validated_reduced_field
MgB2,conventional_AlB2,,elsevier_10.1016_j.matpr.2019.05.078_VISION_PASS_LONG,A2,39.0,extraction_csv,15.5,exact,,S1_v3_2_2B_extension,,substructure_aggregate_median,30.03,5.0,4.286223364054467,3.853627244631777,4.821598132207009,,5000,
MgB2,conventional_AlB2,,elsevier_10.1016_j.matpr.2019.05.078_VISION_PASS_LONG,A2,39.0,extraction_csv,15.5,exact,,S1_v3_2_2B_extension,,substructure_aggregate_median,4.2,0.1,,,,,5000,H_below_validated_reduced_field
MgB2,conventional_AlB2,,elsevier_10.1016_j.matpr.2019.05.078_VISION_PASS_LONG,A2,39.0,extraction_csv,15.5,exact,,S1_v3_2_2B_extension,,substructure_aggregate_median,4.2,1.0,,,,,5000,H_below_validated_reduced_field
MgB2,conventional_AlB2,,elsevier_10.1016_j.matpr.2019.05.078_VISION_PASS_LONG,A2,39.0,extraction_csv,15.5,exact,,S1_v3_2_2B_extension,,substructure_aggregate_median,4.2,5.0,4.980622895715926,4.802244940409238,5.196442049538501,,5000,
MgB2,conventional_AlB2,,elsevier_10.1016_j.matpr.2019.05.078_VISION_PASS_LONG,A2,39.0,extraction_csv,15.5,exact,,S1_v3_2_2B_extension,,substructure_aggregate_median,20.0,0.1,,,,,5000,H_below_validated_reduced_field
MgB2,conventional_AlB2,,elsevier_10.1016_j.matpr.2019.05.078_VISION_PASS_LONG,A2,39.0,extraction_csv,15.5,exact,,S1_v3_2_2B_extension,,substructure_aggregate_median,20.0,1.0,,,,,5000,H_below_validated_reduced_field
MgB2,conventional_AlB2,,elsevier_10.1016_j.matpr.2019.05.078_VISION_PASS_LONG,A2,39.0,extraction_csv,15.5,exact,,S1_v3_2_2B_extension,,substructure_aggregate_median,20.0,5.0,4.680143004003336,4.400576797181746,4.999439768469792,,5000,
MgB2,conventional_AlB2,,elsevier_10.1016_j.matpr.2019.05.078_VISION_PASS_LONG,A2,39.0,extraction_csv,15.5,exact,,S1_v3_2_2B_extension,,substructure_aggregate_median,30.03,0.1,,,,,5000,H_below_validated_reduced_field
MgB2,conventional_AlB2,,elsevier_10.1016_j.matpr.2019.05.078_VISION_PASS_LONG,A2,39.0,extraction_csv,15.5,exact,,S1_v3_2_2B_extension,,substructure_aggregate_median,30.03,1.0,,,,,5000,H_below_validated_reduced_field
MgB2,conventional_AlB2,,elsevier_10.1016_j.matpr.2019.05.078_VISION_PASS_LONG,A2,39.0,extraction_csv,15.5,exact,,S1_v3_2_2B_extension,,substructure_aggregate_median,30.03,5.0,4.294744783542939,3.7917743597234095,4.833303921184637,,5000,
Ba(Fe1-xCox)2As2,iron_pnictide_122,,elsevier_10.1016_j.physc.2009.03.028_VISION_PASS_LONG,A2,22.8,extraction_csv,50.0,exact,,S1_v3_2_2B_extension,single_crystal,sample_form_conditional_median:single_crystal,4.2,0.1,,,,,5000,H_below_validated_reduced_field
Ba(Fe1-xCox)2As2,iron_pnictide_122,,elsevier_10.1016_j.physc.2009.03.028_VISION_PASS_LONG,A2,22.8,extraction_csv,50.0,exact,,S1_v3_2_2B_extension,single_crystal,sample_form_conditional_median:single_crystal,4.2,1.0,,,,,5000,H_below_validated_reduced_field
Ba(Fe1-xCox)2As2,iron_pnictide_122,,elsevier_10.1016_j.physc.2009.03.028_VISION_PASS_LONG,A2,22.8,extraction_csv,50.0,exact,,S1_v3_2_2B_extension,single_crystal,sample_form_conditional_median:single_crystal,4.2,5.0,,,,,5000,H_below_validated_reduced_field
Ba(Fe1-xCox)2As2,iron_pnictide_122,,elsevier_10.1016_j.physc.2009.03.028_VISION_PASS_LONG,A2,22.8,extraction_csv,50.0,exact,,S1_v3_2_2B_extension,single_crystal,sample_form_conditional_median:single_crystal,20.0,0.1,,,,,5000,H_below_validated_reduced_field
Ba(Fe1-xCox)2As2,iron_pnictide_122,,elsevier_10.1016_j.physc.2009.03.028_VISION_PASS_LONG,A2,22.8,extraction_csv,50.0,exact,,S1_v3_2_2B_extension,single_crystal,sample_form_conditional_median:single_crystal,20.0,1.0,,,,,5000,H_below_validated_reduced_field
Ba(Fe1-xCox)2As2,iron_pnictide_122,,elsevier_10.1016_j.physc.2009.03.028_VISION_PASS_LONG,A2,22.8,extraction_csv,50.0,exact,,S1_v3_2_2B_extension,single_crystal,sample_form_conditional_median:single_crystal,20.0,5.0,,,,,5000,H_below_validated_reduced_field
Ba(Fe1-xCox)2As2,iron_pnictide_122,,elsevier_10.1016_j.physc.2009.03.028_VISION_PASS_LONG,A2,22.8,extraction_csv,50.0,exact,,S1_v3_2_2B_extension,single_crystal,sample_form_conditional_median:single_crystal,17.556,0.1,,,,,5000,H_below_validated_reduced_field
Ba(Fe1-xCox)2As2,iron_pnictide_122,,elsevier_10.1016_j.physc.2009.03.028_VISION_PASS_LONG,A2,22.8,extraction_csv,50.0,exact,,S1_v3_2_2B_extension,single_crystal,sample_form_conditional_median:single_crystal,17.556,1.0,,,,,5000,H_below_validated_reduced_field
Ba(Fe1-xCox)2As2,iron_pnictide_122,,elsevier_10.1016_j.physc.2009.03.028_VISION_PASS_LONG,A2,22.8,extraction_csv,50.0,exact,,S1_v3_2_2B_extension,single_crystal,sample_form_conditional_median:single_crystal,17.556,5.0,,,,,5000,H_below_validated_reduced_field
Ba(Fe1-xCox)2As2,iron_pnictide_122,,elsevier_10.1016_j.physc.2009.03.028_VISION_PASS_LONG,A2,22.8,extraction_csv,50.0,exact,,S1_v3_2_2B_extension,single_crystal,sample_form_conditional_median:single_crystal,4.2,0.1,,,,,5000,H_below_validated_reduced_field
Ba(Fe1-xCox)2As2,iron_pnictide_122,,elsevier_10.1016_j.physc.2009.03.028_VISION_PASS_LONG,A2,22.8,extraction_csv,50.0,exact,,S1_v3_2_2B_extension,single_crystal,sample_form_conditional_median:single_crystal,4.2,1.0,,,,,5000,H_below_validated_reduced_field
Ba(Fe1-xCox)2As2,iron_pnictide_122,,elsevier_10.1016_j.physc.2009.03.028_VISION_PASS_LONG,A2,22.8,extraction_csv,50.0,exact,,S1_v3_2_2B_extension,single_crystal,sample_form_conditional_median:single_crystal,4.2,5.0,,,,,5000,H_below_validated_reduced_field
Ba(Fe1-xCox)2As2,iron_pnictide_122,,elsevier_10.1016_j.physc.2009.03.028_VISION_PASS_LONG,A2,22.8,extraction_csv,50.0,exact,,S1_v3_2_2B_extension,single_crystal,sample_form_conditional_median:single_crystal,20.0,0.1,,,,,5000,H_below_validated_reduced_field
Ba(Fe1-xCox)2As2,iron_pnictide_122,,elsevier_10.1016_j.physc.2009.03.028_VISION_PASS_LONG,A2,22.8,extraction_csv,50.0,exact,,S1_v3_2_2B_extension,single_crystal,sample_form_conditional_median:single_crystal,20.0,1.0,,,,,5000,H_below_validated_reduced_field
Ba(Fe1-xCox)2As2,iron_pnictide_122,,elsevier_10.1016_j.physc.2009.03.028_VISION_PASS_LONG,A2,22.8,extraction_csv,50.0,exact,,S1_v3_2_2B_extension,single_crystal,sample_form_conditional_median:single_crystal,20.0,5.0,,,,,5000,H_below_validated_reduced_field
Ba(Fe1-xCox)2As2,iron_pnictide_122,,elsevier_10.1016_j.physc.2009.03.028_VISION_PASS_LONG,A2,22.8,extraction_csv,50.0,exact,,S1_v3_2_2B_extension,single_crystal,sample_form_conditional_median:single_crystal,17.556,0.1,,,,,5000,H_below_validated_reduced_field
Ba(Fe1-xCox)2As2,iron_pnictide_122,,elsevier_10.1016_j.physc.2009.03.028_VISION_PASS_LONG,A2,22.8,extraction_csv,50.0,exact,,S1_v3_2_2B_extension,single_crystal,sample_form_conditional_median:single_crystal,17.556,1.0,,,,,5000,H_below_validated_reduced_field
Ba(Fe1-xCox)2As2,iron_pnictide_122,,elsevier_10.1016_j.physc.2009.03.028_VISION_PASS_LONG,A2,22.8,extraction_csv,50.0,exact,,S1_v3_2_2B_extension,single_crystal,sample_form_conditional_median:single_crystal,17.556,5.0,,,,,5000,H_below_validated_reduced_field
Ba(Fe1-xCox)2As2,iron_pnictide_122,,elsevier_10.1016_j.physc.2009.03.028_VISION_PASS_LONG,A2,22.8,extraction_csv,50.0,exact,,S1_v3_2_2B_extension,single_crystal,sample_form_conditional_median:single_crystal,4.2,0.1,,,,,5000,H_below_validated_reduced_field
Ba(Fe1-xCox)2As2,iron_pnictide_122,,elsevier_10.1016_j.physc.2009.03.028_VISION_PASS_LONG,A2,22.8,extraction_csv,50.0,exact,,S1_v3_2_2B_extension,single_crystal,sample_form_conditional_median:single_crystal,4.2,1.0,,,,,5000,H_below_validated_reduced_field
Ba(Fe1-xCox)2As2,iron_pnictide_122,,elsevier_10.1016_j.physc.2009.03.028_VISION_PASS_LONG,A2,22.8,extraction_csv,50.0,exact,,S1_v3_2_2B_extension,single_crystal,sample_form_conditional_median:single_crystal,4.2,5.0,,,,,5000,H_below_validated_reduced_field
Ba(Fe1-xCox)2As2,iron_pnictide_122,,elsevier_10.1016_j.physc.2009.03.028_VISION_PASS_LONG,A2,22.8,extraction_csv,50.0,exact,,S1_v3_2_2B_extension,single_crystal,sample_form_conditional_median:single_crystal,20.0,0.1,,,,,5000,H_below_validated_reduced_field
Ba(Fe1-xCox)2As2,iron_pnictide_122,,elsevier_10.1016_j.physc.2009.03.028_VISION_PASS_LONG,A2,22.8,extraction_csv,50.0,exact,,S1_v3_2_2B_extension,single_crystal,sample_form_conditional_median:single_crystal,20.0,1.0,,,,,5000,H_below_validated_reduced_field
Ba(Fe1-xCox)2As2,iron_pnictide_122,,elsevier_10.1016_j.physc.2009.03.028_VISION_PASS_LONG,A2,22.8,extraction_csv,50.0,exact,,S1_v3_2_2B_extension,single_crystal,sample_form_conditional_median:single_crystal,20.0,5.0,,,,,5000,H_below_validated_reduced_field
Ba(Fe1-xCox)2As2,iron_pnictide_122,,elsevier_10.1016_j.physc.2009.03.028_VISION_PASS_LONG,A2,22.8,extraction_csv,50.0,exact,,S1_v3_2_2B_extension,single_crystal,sample_form_conditional_median:single_crystal,17.556,0.1,,,,,5000,H_below_validated_reduced_field
Ba(Fe1-xCox)2As2,iron_pnictide_122,,elsevier_10.1016_j.physc.2009.03.028_VISION_PASS_LONG,A2,22.8,extraction_csv,50.0,exact,,S1_v3_2_2B_extension,single_crystal,sample_form_conditional_median:single_crystal,17.556,1.0,,,,,5000,H_below_validated_reduced_field
Ba(Fe1-xCox)2As2,iron_pnictide_122,,elsevier_10.1016_j.physc.2009.03.028_VISION_PASS_LONG,A2,22.8,extraction_csv,50.0,exact,,S1_v3_2_2B_extension,single_crystal,sample_form_conditional_median:single_crystal,17.556,5.0,,,,,5000,H_below_validated_reduced_field
Ba(Fe1-xCox)2As2,iron_pnictide_122,,elsevier_10.1016_j.physc.2009.03.028_VISION_PASS_LONG,A2,22.8,extraction_csv,50.0,exact,,S1_v3_2_2B_extension,single_crystal,sample_form_conditional_median:single_crystal,4.2,0.1,,,,,5000,H_below_validated_reduced_field
Ba(Fe1-xCox)2As2,iron_pnictide_122,,elsevier_10.1016_j.physc.2009.03.028_VISION_PASS_LONG,A2,22.8,extraction_csv,50.0,exact,,S1_v3_2_2B_extension,single_crystal,sample_form_conditional_median:single_crystal,4.2,1.0,,,,,5000,H_below_validated_reduced_field
Ba(Fe1-xCox)2As2,iron_pnictide_122,,elsevier_10.1016_j.physc.2009.03.028_VISION_PASS_LONG,A2,22.8,extraction_csv,50.0,exact,,S1_v3_2_2B_extension,single_crystal,sample_form_conditional_median:single_crystal,4.2,5.0,,,,,5000,H_below_validated_reduced_field
Ba(Fe1-xCox)2As2,iron_pnictide_122,,elsevier_10.1016_j.physc.2009.03.028_VISION_PASS_LONG,A2,22.8,extraction_csv,50.0,exact,,S1_v3_2_2B_extension,single_crystal,sample_form_conditional_median:single_crystal,20.0,0.1,,,,,5000,H_below_validated_reduced_field
Ba(Fe1-xCox)2As2,iron_pnictide_122,,elsevier_10.1016_j.physc.2009.03.028_VISION_PASS_LONG,A2,22.8,extraction_csv,50.0,exact,,S1_v3_2_2B_extension,single_crystal,sample_form_conditional_median:single_crystal,20.0,1.0,,,,,5000,H_below_validated_reduced_field
Ba(Fe1-xCox)2As2,iron_pnictide_122,,elsevier_10.1016_j.physc.2009.03.028_VISION_PASS_LONG,A2,22.8,extraction_csv,50.0,exact,,S1_v3_2_2B_extension,single_crystal,sample_form_conditional_median:single_crystal,20.0,5.0,,,,,5000,H_below_validated_reduced_field
Ba(Fe1-xCox)2As2,iron_pnictide_122,,elsevier_10.1016_j.physc.2009.03.028_VISION_PASS_LONG,A2,22.8,extraction_csv,50.0,exact,,S1_v3_2_2B_extension,single_crystal,sample_form_conditional_median:single_crystal,17.556,0.1,,,,,5000,H_below_validated_reduced_field
Ba(Fe1-xCox)2As2,iron_pnictide_122,,elsevier_10.1016_j.physc.2009.03.028_VISION_PASS_LONG,A2,22.8,extraction_csv,50.0,exact,,S1_v3_2_2B_extension,single_crystal,sample_form_conditional_median:single_crystal,17.556,1.0,,,,,5000,H_below_validated_reduced_field
Ba(Fe1-xCox)2As2,iron_pnictide_122,,elsevier_10.1016_j.physc.2009.03.028_VISION_PASS_LONG,A2,22.8,extraction_csv,50.0,exact,,S1_v3_2_2B_extension,single_crystal,sample_form_conditional_median:single_crystal,17.556,5.0,,,,,5000,H_below_validated_reduced_field
Ba(Fe1-xCox)2As2,iron_pnictide_122,,elsevier_10.1016_j.physc.2009.03.028_VISION_PASS_LONG,A2,22.8,extraction_csv,50.0,exact,,S1_v3_2_2B_extension,single_crystal,sample_form_conditional_median:single_crystal,4.2,0.1,,,,,5000,H_below_validated_reduced_field
Ba(Fe1-xCox)2As2,iron_pnictide_122,,elsevier_10.1016_j.physc.2009.03.028_VISION_PASS_LONG,A2,22.8,extraction_csv,50.0,exact,,S1_v3_2_2B_extension,single_crystal,sample_form_conditional_median:single_crystal,4.2,1.0,,,,,5000,H_below_validated_reduced_field
Ba(Fe1-xCox)2As2,iron_pnictide_122,,elsevier_10.1016_j.physc.2009.03.028_VISION_PASS_LONG,A2,22.8,extraction_csv,50.0,exact,,S1_v3_2_2B_extension,single_crystal,sample_form_conditional_median:single_crystal,4.2,5.0,,,,,5000,H_below_validated_reduced_field
Ba(Fe1-xCox)2As2,iron_pnictide_122,,elsevier_10.1016_j.physc.2009.03.028_VISION_PASS_LONG,A2,22.8,extraction_csv,50.0,exact,,S1_v3_2_2B_extension,single_crystal,sample_form_conditional_median:single_crystal,20.0,0.1,,,,,5000,H_below_validated_reduced_field
Ba(Fe1-xCox)2As2,iron_pnictide_122,,elsevier_10.1016_j.physc.2009.03.028_VISION_PASS_LONG,A2,22.8,extraction_csv,50.0,exact,,S1_v3_2_2B_extension,single_crystal,sample_form_conditional_median:single_crystal,20.0,1.0,,,,,5000,H_below_validated_reduced_field
Ba(Fe1-xCox)2As2,iron_pnictide_122,,elsevier_10.1016_j.physc.2009.03.028_VISION_PASS_LONG,A2,22.8,extraction_csv,50.0,exact,,S1_v3_2_2B_extension,single_crystal,sample_form_conditional_median:single_crystal,20.0,5.0,,,,,5000,H_below_validated_reduced_field
Ba(Fe1-xCox)2As2,iron_pnictide_122,,elsevier_10.1016_j.physc.2009.03.028_VISION_PASS_LONG,A2,22.8,extraction_csv,50.0,exact,,S1_v3_2_2B_extension,single_crystal,sample_form_conditional_median:single_crystal,17.556,0.1,,,,,5000,H_below_validated_reduced_field
Ba(Fe1-xCox)2As2,iron_pnictide_122,,elsevier_10.1016_j.physc.2009.03.028_VISION_PASS_LONG,A2,22.8,extraction_csv,50.0,exact,,S1_v3_2_2B_extension,single_crystal,sample_form_conditional_median:single_crystal,17.556,1.0,,,,,5000,H_below_validated_reduced_field
Ba(Fe1-xCox)2As2,iron_pnictide_122,,elsevier_10.1016_j.physc.2009.03.028_VISION_PASS_LONG,A2,22.8,extraction_csv,50.0,exact,,S1_v3_2_2B_extension,single_crystal,sample_form_conditional_median:single_crystal,17.556,5.0,,,,,5000,H_below_validated_reduced_field
Ba(Fe1-xCox)2As2,iron_pnictide_122,,elsevier_10.1016_j.physc.2009.03.028_VISION_PASS_LONG,A2,22.8,extraction_csv,50.0,exact,,S1_v3_2_2B_extension,single_crystal,sample_form_conditional_median:single_crystal,4.2,0.1,,,,,5000,H_below_validated_reduced_field
Ba(Fe1-xCox)2As2,iron_pnictide_122,,elsevier_10.1016_j.physc.2009.03.028_VISION_PASS_LONG,A2,22.8,extraction_csv,50.0,exact,,S1_v3_2_2B_extension,single_crystal,sample_form_conditional_median:single_crystal,4.2,1.0,,,,,5000,H_below_validated_reduced_field
Ba(Fe1-xCox)2As2,iron_pnictide_122,,elsevier_10.1016_j.physc.2009.03.028_VISION_PASS_LONG,A2,22.8,extraction_csv,50.0,exact,,S1_v3_2_2B_extension,single_crystal,sample_form_conditional_median:single_crystal,4.2,5.0,,,,,5000,H_below_validated_reduced_field
Ba(Fe1-xCox)2As2,iron_pnictide_122,,elsevier_10.1016_j.physc.2009.03.028_VISION_PASS_LONG,A2,22.8,extraction_csv,50.0,exact,,S1_v3_2_2B_extension,single_crystal,sample_form_conditional_median:single_crystal,20.0,0.1,,,,,5000,H_below_validated_reduced_field
Ba(Fe1-xCox)2As2,iron_pnictide_122,,elsevier_10.1016_j.physc.2009.03.028_VISION_PASS_LONG,A2,22.8,extraction_csv,50.0,exact,,S1_v3_2_2B_extension,single_crystal,sample_form_conditional_median:single_crystal,20.0,1.0,,,,,5000,H_below_validated_reduced_field
Ba(Fe1-xCox)2As2,iron_pnictide_122,,elsevier_10.1016_j.physc.2009.03.028_VISION_PASS_LONG,A2,22.8,extraction_csv,50.0,exact,,S1_v3_2_2B_extension,single_crystal,sample_form_conditional_median:single_crystal,20.0,5.0,,,,,5000,H_below_validated_reduced_field
Ba(Fe1-xCox)2As2,iron_pnictide_122,,elsevier_10.1016_j.physc.2009.03.028_VISION_PASS_LONG,A2,22.8,extraction_csv,50.0,exact,,S1_v3_2_2B_extension,single_crystal,sample_form_conditional_median:single_crystal,17.556,0.1,,,,,5000,H_below_validated_reduced_field
Ba(Fe1-xCox)2As2,iron_pnictide_122,,elsevier_10.1016_j.physc.2009.03.028_VISION_PASS_LONG,A2,22.8,extraction_csv,50.0,exact,,S1_v3_2_2B_extension,single_crystal,sample_form_conditional_median:single_crystal,17.556,1.0,,,,,5000,H_below_validated_reduced_field
Ba(Fe1-xCox)2As2,iron_pnictide_122,,elsevier_10.1016_j.physc.2009.03.028_VISION_PASS_LONG,A2,22.8,extraction_csv,50.0,exact,,S1_v3_2_2B_extension,single_crystal,sample_form_conditional_median:single_crystal,17.556,5.0,,,,,5000,H_below_validated_reduced_field
Ba(Fe1-xCox)2As2,iron_pnictide_122,,elsevier_10.1016_j.physc.2009.03.028_VISION_PASS_LONG,A2,22.8,extraction_csv,50.0,exact,,S1_v3_2_2B_extension,single_crystal,sample_form_conditional_median:single_crystal,4.2,0.1,,,,,5000,H_below_validated_reduced_field
Ba(Fe1-xCox)2As2,iron_pnictide_122,,elsevier_10.1016_j.physc.2009.03.028_VISION_PASS_LONG,A2,22.8,extraction_csv,50.0,exact,,S1_v3_2_2B_extension,single_crystal,sample_form_conditional_median:single_crystal,4.2,1.0,,,,,5000,H_below_validated_reduced_field
Ba(Fe1-xCox)2As2,iron_pnictide_122,,elsevier_10.1016_j.physc.2009.03.028_VISION_PASS_LONG,A2,22.8,extraction_csv,50.0,exact,,S1_v3_2_2B_extension,single_crystal,sample_form_conditional_median:single_crystal,4.2,5.0,,,,,5000,H_below_validated_reduced_field
Ba(Fe1-xCox)2As2,iron_pnictide_122,,elsevier_10.1016_j.physc.2009.03.028_VISION_PASS_LONG,A2,22.8,extraction_csv,50.0,exact,,S1_v3_2_2B_extension,single_crystal,sample_form_conditional_median:single_crystal,20.0,0.1,,,,,5000,H_below_validated_reduced_field
Ba(Fe1-xCox)2As2,iron_pnictide_122,,elsevier_10.1016_j.physc.2009.03.028_VISION_PASS_LONG,A2,22.8,extraction_csv,50.0,exact,,S1_v3_2_2B_extension,single_crystal,sample_form_conditional_median:single_crystal,20.0,1.0,,,,,5000,H_below_validated_reduced_field
Ba(Fe1-xCox)2As2,iron_pnictide_122,,elsevier_10.1016_j.physc.2009.03.028_VISION_PASS_LONG,A2,22.8,extraction_csv,50.0,exact,,S1_v3_2_2B_extension,single_crystal,sample_form_conditional_median:single_crystal,20.0,5.0,,,,,5000,H_below_validated_reduced_field
Ba(Fe1-xCox)2As2,iron_pnictide_122,,elsevier_10.1016_j.physc.2009.03.028_VISION_PASS_LONG,A2,22.8,extraction_csv,50.0,exact,,S1_v3_2_2B_extension,single_crystal,sample_form_conditional_median:single_crystal,17.556,0.1,,,,,5000,H_below_validated_reduced_field
Ba(Fe1-xCox)2As2,iron_pnictide_122,,elsevier_10.1016_j.physc.2009.03.028_VISION_PASS_LONG,A2,22.8,extraction_csv,50.0,exact,,S1_v3_2_2B_extension,single_crystal,sample_form_conditional_median:single_crystal,17.556,1.0,,,,,5000,H_below_validated_reduced_field
Ba(Fe1-xCox)2As2,iron_pnictide_122,,elsevier_10.1016_j.physc.2009.03.028_VISION_PASS_LONG,A2,22.8,extraction_csv,50.0,exact,,S1_v3_2_2B_extension,single_crystal,sample_form_conditional_median:single_crystal,17.556,5.0,,,,,5000,H_below_validated_reduced_field
FeTe1-xSex,iron_chalcogenide_11,,elsevier_10.1016_j.physc.2011.05.018_VISION_PASS_LONG,A2,14.0,extraction_csv,47.0,exact,,S1_v3_2_2B_extension,single_crystal,sample_form_conditional_median:single_crystal,4.2,0.1,,,,,5000,H_below_validated_reduced_field
FeTe1-xSex,iron_chalcogenide_11,,elsevier_10.1016_j.physc.2011.05.018_VISION_PASS_LONG,A2,14.0,extraction_csv,47.0,exact,,S1_v3_2_2B_extension,single_crystal,sample_form_conditional_median:single_crystal,4.2,1.0,,,,,5000,H_below_validated_reduced_field
FeTe1-xSex,iron_chalcogenide_11,,elsevier_10.1016_j.physc.2011.05.018_VISION_PASS_LONG,A2,14.0,extraction_csv,47.0,exact,,S1_v3_2_2B_extension,single_crystal,sample_form_conditional_median:single_crystal,4.2,5.0,,,,,5000,H_below_validated_reduced_field
FeTe1-xSex,iron_chalcogenide_11,,elsevier_10.1016_j.physc.2011.05.018_VISION_PASS_LONG,A2,14.0,extraction_csv,47.0,exact,,S1_v3_2_2B_extension,single_crystal,sample_form_conditional_median:single_crystal,20.0,0.1,,,,,5000,T_above_Tc
FeTe1-xSex,iron_chalcogenide_11,,elsevier_10.1016_j.physc.2011.05.018_VISION_PASS_LONG,A2,14.0,extraction_csv,47.0,exact,,S1_v3_2_2B_extension,single_crystal,sample_form_conditional_median:single_crystal,20.0,1.0,,,,,5000,T_above_Tc
FeTe1-xSex,iron_chalcogenide_11,,elsevier_10.1016_j.physc.2011.05.018_VISION_PASS_LONG,A2,14.0,extraction_csv,47.0,exact,,S1_v3_2_2B_extension,single_crystal,sample_form_conditional_median:single_crystal,20.0,5.0,,,,,5000,T_above_Tc
FeTe1-xSex,iron_chalcogenide_11,,elsevier_10.1016_j.physc.2011.05.018_VISION_PASS_LONG,A2,14.0,extraction_csv,47.0,exact,,S1_v3_2_2B_extension,single_crystal,sample_form_conditional_median:single_crystal,10.78,0.1,,,,,5000,H_below_validated_reduced_field
FeTe1-xSex,iron_chalcogenide_11,,elsevier_10.1016_j.physc.2011.05.018_VISION_PASS_LONG,A2,14.0,extraction_csv,47.0,exact,,S1_v3_2_2B_extension,single_crystal,sample_form_conditional_median:single_crystal,10.78,1.0,,,,,5000,H_below_validated_reduced_field
FeTe1-xSex,iron_chalcogenide_11,,elsevier_10.1016_j.physc.2011.05.018_VISION_PASS_LONG,A2,14.0,extraction_csv,47.0,exact,,S1_v3_2_2B_extension,single_crystal,sample_form_conditional_median:single_crystal,10.78,5.0,,,,,5000,H_below_validated_reduced_field
FeTe1-xSex,iron_chalcogenide_11,,elsevier_10.1016_j.physc.2011.05.018_VISION_PASS_LONG,A2,14.0,extraction_csv,47.0,exact,,S1_v3_2_2B_extension,single_crystal,sample_form_conditional_median:single_crystal,4.2,0.1,,,,,5000,H_below_validated_reduced_field
FeTe1-xSex,iron_chalcogenide_11,,elsevier_10.1016_j.physc.2011.05.018_VISION_PASS_LONG,A2,14.0,extraction_csv,47.0,exact,,S1_v3_2_2B_extension,single_crystal,sample_form_conditional_median:single_crystal,4.2,1.0,,,,,5000,H_below_validated_reduced_field
FeTe1-xSex,iron_chalcogenide_11,,elsevier_10.1016_j.physc.2011.05.018_VISION_PASS_LONG,A2,14.0,extraction_csv,47.0,exact,,S1_v3_2_2B_extension,single_crystal,sample_form_conditional_median:single_crystal,4.2,5.0,,,,,5000,H_below_validated_reduced_field
FeTe1-xSex,iron_chalcogenide_11,,elsevier_10.1016_j.physc.2011.05.018_VISION_PASS_LONG,A2,14.0,extraction_csv,47.0,exact,,S1_v3_2_2B_extension,single_crystal,sample_form_conditional_median:single_crystal,20.0,0.1,,,,,5000,T_above_Tc
FeTe1-xSex,iron_chalcogenide_11,,elsevier_10.1016_j.physc.2011.05.018_VISION_PASS_LONG,A2,14.0,extraction_csv,47.0,exact,,S1_v3_2_2B_extension,single_crystal,sample_form_conditional_median:single_crystal,20.0,1.0,,,,,5000,T_above_Tc
FeTe1-xSex,iron_chalcogenide_11,,elsevier_10.1016_j.physc.2011.05.018_VISION_PASS_LONG,A2,14.0,extraction_csv,47.0,exact,,S1_v3_2_2B_extension,single_crystal,sample_form_conditional_median:single_crystal,20.0,5.0,,,,,5000,T_above_Tc
FeTe1-xSex,iron_chalcogenide_11,,elsevier_10.1016_j.physc.2011.05.018_VISION_PASS_LONG,A2,14.0,extraction_csv,47.0,exact,,S1_v3_2_2B_extension,single_crystal,sample_form_conditional_median:single_crystal,10.78,0.1,,,,,5000,H_below_validated_reduced_field
FeTe1-xSex,iron_chalcogenide_11,,elsevier_10.1016_j.physc.2011.05.018_VISION_PASS_LONG,A2,14.0,extraction_csv,47.0,exact,,S1_v3_2_2B_extension,single_crystal,sample_form_conditional_median:single_crystal,10.78,1.0,,,,,5000,H_below_validated_reduced_field
FeTe1-xSex,iron_chalcogenide_11,,elsevier_10.1016_j.physc.2011.05.018_VISION_PASS_LONG,A2,14.0,extraction_csv,47.0,exact,,S1_v3_2_2B_extension,single_crystal,sample_form_conditional_median:single_crystal,10.78,5.0,,,,,5000,H_below_validated_reduced_field
BaFe2As2,iron_pnictide_122,,elsevier_10.1016_j.phpro.2015.06.160_VISION_PASS_LONG,A2,20.0,extraction_csv,60.0,exact,,S1_v3_2_2B_extension,single_crystal,sample_form_conditional_median:single_crystal,4.2,0.1,,,,,5000,H_below_validated_reduced_field
BaFe2As2,iron_pnictide_122,,elsevier_10.1016_j.phpro.2015.06.160_VISION_PASS_LONG,A2,20.0,extraction_csv,60.0,exact,,S1_v3_2_2B_extension,single_crystal,sample_form_conditional_median:single_crystal,4.2,1.0,,,,,5000,H_below_validated_reduced_field
BaFe2As2,iron_pnictide_122,,elsevier_10.1016_j.phpro.2015.06.160_VISION_PASS_LONG,A2,20.0,extraction_csv,60.0,exact,,S1_v3_2_2B_extension,single_crystal,sample_form_conditional_median:single_crystal,4.2,5.0,,,,,5000,H_below_validated_reduced_field
BaFe2As2,iron_pnictide_122,,elsevier_10.1016_j.phpro.2015.06.160_VISION_PASS_LONG,A2,20.0,extraction_csv,60.0,exact,,S1_v3_2_2B_extension,single_crystal,sample_form_conditional_median:single_crystal,20.0,0.1,,,,,5000,T_above_Tc
BaFe2As2,iron_pnictide_122,,elsevier_10.1016_j.phpro.2015.06.160_VISION_PASS_LONG,A2,20.0,extraction_csv,60.0,exact,,S1_v3_2_2B_extension,single_crystal,sample_form_conditional_median:single_crystal,20.0,1.0,,,,,5000,T_above_Tc
BaFe2As2,iron_pnictide_122,,elsevier_10.1016_j.phpro.2015.06.160_VISION_PASS_LONG,A2,20.0,extraction_csv,60.0,exact,,S1_v3_2_2B_extension,single_crystal,sample_form_conditional_median:single_crystal,20.0,5.0,,,,,5000,T_above_Tc
BaFe2As2,iron_pnictide_122,,elsevier_10.1016_j.phpro.2015.06.160_VISION_PASS_LONG,A2,20.0,extraction_csv,60.0,exact,,S1_v3_2_2B_extension,single_crystal,sample_form_conditional_median:single_crystal,15.4,0.1,,,,,5000,H_below_validated_reduced_field
BaFe2As2,iron_pnictide_122,,elsevier_10.1016_j.phpro.2015.06.160_VISION_PASS_LONG,A2,20.0,extraction_csv,60.0,exact,,S1_v3_2_2B_extension,single_crystal,sample_form_conditional_median:single_crystal,15.4,1.0,,,,,5000,H_below_validated_reduced_field
BaFe2As2,iron_pnictide_122,,elsevier_10.1016_j.phpro.2015.06.160_VISION_PASS_LONG,A2,20.0,extraction_csv,60.0,exact,,S1_v3_2_2B_extension,single_crystal,sample_form_conditional_median:single_crystal,15.4,5.0,,,,,5000,H_below_validated_reduced_field
BaFe2As2,iron_pnictide_122,,elsevier_10.1016_j.phpro.2015.06.160_VISION_PASS_LONG,A2,20.0,extraction_csv,60.0,exact,,S1_v3_2_2B_extension,single_crystal,sample_form_conditional_median:single_crystal,4.2,0.1,,,,,5000,H_below_validated_reduced_field
BaFe2As2,iron_pnictide_122,,elsevier_10.1016_j.phpro.2015.06.160_VISION_PASS_LONG,A2,20.0,extraction_csv,60.0,exact,,S1_v3_2_2B_extension,single_crystal,sample_form_conditional_median:single_crystal,4.2,1.0,,,,,5000,H_below_validated_reduced_field
BaFe2As2,iron_pnictide_122,,elsevier_10.1016_j.phpro.2015.06.160_VISION_PASS_LONG,A2,20.0,extraction_csv,60.0,exact,,S1_v3_2_2B_extension,single_crystal,sample_form_conditional_median:single_crystal,4.2,5.0,,,,,5000,H_below_validated_reduced_field
BaFe2As2,iron_pnictide_122,,elsevier_10.1016_j.phpro.2015.06.160_VISION_PASS_LONG,A2,20.0,extraction_csv,60.0,exact,,S1_v3_2_2B_extension,single_crystal,sample_form_conditional_median:single_crystal,20.0,0.1,,,,,5000,T_above_Tc
BaFe2As2,iron_pnictide_122,,elsevier_10.1016_j.phpro.2015.06.160_VISION_PASS_LONG,A2,20.0,extraction_csv,60.0,exact,,S1_v3_2_2B_extension,single_crystal,sample_form_conditional_median:single_crystal,20.0,1.0,,,,,5000,T_above_Tc
BaFe2As2,iron_pnictide_122,,elsevier_10.1016_j.phpro.2015.06.160_VISION_PASS_LONG,A2,20.0,extraction_csv,60.0,exact,,S1_v3_2_2B_extension,single_crystal,sample_form_conditional_median:single_crystal,20.0,5.0,,,,,5000,T_above_Tc
BaFe2As2,iron_pnictide_122,,elsevier_10.1016_j.phpro.2015.06.160_VISION_PASS_LONG,A2,20.0,extraction_csv,60.0,exact,,S1_v3_2_2B_extension,single_crystal,sample_form_conditional_median:single_crystal,15.4,0.1,,,,,5000,H_below_validated_reduced_field
BaFe2As2,iron_pnictide_122,,elsevier_10.1016_j.phpro.2015.06.160_VISION_PASS_LONG,A2,20.0,extraction_csv,60.0,exact,,S1_v3_2_2B_extension,single_crystal,sample_form_conditional_median:single_crystal,15.4,1.0,,,,,5000,H_below_validated_reduced_field
BaFe2As2,iron_pnictide_122,,elsevier_10.1016_j.phpro.2015.06.160_VISION_PASS_LONG,A2,20.0,extraction_csv,60.0,exact,,S1_v3_2_2B_extension,single_crystal,sample_form_conditional_median:single_crystal,15.4,5.0,,,,,5000,H_below_validated_reduced_field
BaFe2As2,iron_pnictide_122,,elsevier_10.1016_j.phpro.2015.06.160_VISION_PASS_LONG,A2,20.0,extraction_csv,60.0,exact,,S1_v3_2_2B_extension,single_crystal,sample_form_conditional_median:single_crystal,4.2,0.1,,,,,5000,H_below_validated_reduced_field
BaFe2As2,iron_pnictide_122,,elsevier_10.1016_j.phpro.2015.06.160_VISION_PASS_LONG,A2,20.0,extraction_csv,60.0,exact,,S1_v3_2_2B_extension,single_crystal,sample_form_conditional_median:single_crystal,4.2,1.0,,,,,5000,H_below_validated_reduced_field
BaFe2As2,iron_pnictide_122,,elsevier_10.1016_j.phpro.2015.06.160_VISION_PASS_LONG,A2,20.0,extraction_csv,60.0,exact,,S1_v3_2_2B_extension,single_crystal,sample_form_conditional_median:single_crystal,4.2,5.0,,,,,5000,H_below_validated_reduced_field
BaFe2As2,iron_pnictide_122,,elsevier_10.1016_j.phpro.2015.06.160_VISION_PASS_LONG,A2,20.0,extraction_csv,60.0,exact,,S1_v3_2_2B_extension,single_crystal,sample_form_conditional_median:single_crystal,20.0,0.1,,,,,5000,T_above_Tc
BaFe2As2,iron_pnictide_122,,elsevier_10.1016_j.phpro.2015.06.160_VISION_PASS_LONG,A2,20.0,extraction_csv,60.0,exact,,S1_v3_2_2B_extension,single_crystal,sample_form_conditional_median:single_crystal,20.0,1.0,,,,,5000,T_above_Tc
BaFe2As2,iron_pnictide_122,,elsevier_10.1016_j.phpro.2015.06.160_VISION_PASS_LONG,A2,20.0,extraction_csv,60.0,exact,,S1_v3_2_2B_extension,single_crystal,sample_form_conditional_median:single_crystal,20.0,5.0,,,,,5000,T_above_Tc
BaFe2As2,iron_pnictide_122,,elsevier_10.1016_j.phpro.2015.06.160_VISION_PASS_LONG,A2,20.0,extraction_csv,60.0,exact,,S1_v3_2_2B_extension,single_crystal,sample_form_conditional_median:single_crystal,15.4,0.1,,,,,5000,H_below_validated_reduced_field
BaFe2As2,iron_pnictide_122,,elsevier_10.1016_j.phpro.2015.06.160_VISION_PASS_LONG,A2,20.0,extraction_csv,60.0,exact,,S1_v3_2_2B_extension,single_crystal,sample_form_conditional_median:single_crystal,15.4,1.0,,,,,5000,H_below_validated_reduced_field
BaFe2As2,iron_pnictide_122,,elsevier_10.1016_j.phpro.2015.06.160_VISION_PASS_LONG,A2,20.0,extraction_csv,60.0,exact,,S1_v3_2_2B_extension,single_crystal,sample_form_conditional_median:single_crystal,15.4,5.0,,,,,5000,H_below_validated_reduced_field
BaFe2As2,iron_pnictide_122,,elsevier_10.1016_j.phpro.2015.06.160_VISION_PASS_LONG,A2,20.0,extraction_csv,60.0,exact,,S1_v3_2_2B_extension,single_crystal,sample_form_conditional_median:single_crystal,4.2,0.1,,,,,5000,H_below_validated_reduced_field
BaFe2As2,iron_pnictide_122,,elsevier_10.1016_j.phpro.2015.06.160_VISION_PASS_LONG,A2,20.0,extraction_csv,60.0,exact,,S1_v3_2_2B_extension,single_crystal,sample_form_conditional_median:single_crystal,4.2,1.0,,,,,5000,H_below_validated_reduced_field
BaFe2As2,iron_pnictide_122,,elsevier_10.1016_j.phpro.2015.06.160_VISION_PASS_LONG,A2,20.0,extraction_csv,60.0,exact,,S1_v3_2_2B_extension,single_crystal,sample_form_conditional_median:single_crystal,4.2,5.0,,,,,5000,H_below_validated_reduced_field
BaFe2As2,iron_pnictide_122,,elsevier_10.1016_j.phpro.2015.06.160_VISION_PASS_LONG,A2,20.0,extraction_csv,60.0,exact,,S1_v3_2_2B_extension,single_crystal,sample_form_conditional_median:single_crystal,20.0,0.1,,,,,5000,T_above_Tc
BaFe2As2,iron_pnictide_122,,elsevier_10.1016_j.phpro.2015.06.160_VISION_PASS_LONG,A2,20.0,extraction_csv,60.0,exact,,S1_v3_2_2B_extension,single_crystal,sample_form_conditional_median:single_crystal,20.0,1.0,,,,,5000,T_above_Tc
BaFe2As2,iron_pnictide_122,,elsevier_10.1016_j.phpro.2015.06.160_VISION_PASS_LONG,A2,20.0,extraction_csv,60.0,exact,,S1_v3_2_2B_extension,single_crystal,sample_form_conditional_median:single_crystal,20.0,5.0,,,,,5000,T_above_Tc
BaFe2As2,iron_pnictide_122,,elsevier_10.1016_j.phpro.2015.06.160_VISION_PASS_LONG,A2,20.0,extraction_csv,60.0,exact,,S1_v3_2_2B_extension,single_crystal,sample_form_conditional_median:single_crystal,15.4,0.1,,,,,5000,H_below_validated_reduced_field
BaFe2As2,iron_pnictide_122,,elsevier_10.1016_j.phpro.2015.06.160_VISION_PASS_LONG,A2,20.0,extraction_csv,60.0,exact,,S1_v3_2_2B_extension,single_crystal,sample_form_conditional_median:single_crystal,15.4,1.0,,,,,5000,H_below_validated_reduced_field
BaFe2As2,iron_pnictide_122,,elsevier_10.1016_j.phpro.2015.06.160_VISION_PASS_LONG,A2,20.0,extraction_csv,60.0,exact,,S1_v3_2_2B_extension,single_crystal,sample_form_conditional_median:single_crystal,15.4,5.0,,,,,5000,H_below_validated_reduced_field
BaFe2As2,iron_pnictide_122,,elsevier_10.1016_j.phpro.2015.06.160_VISION_PASS_LONG,A2,20.0,extraction_csv,60.0,exact,,S1_v3_2_2B_extension,single_crystal,sample_form_conditional_median:single_crystal,4.2,0.1,,,,,5000,H_below_validated_reduced_field
BaFe2As2,iron_pnictide_122,,elsevier_10.1016_j.phpro.2015.06.160_VISION_PASS_LONG,A2,20.0,extraction_csv,60.0,exact,,S1_v3_2_2B_extension,single_crystal,sample_form_conditional_median:single_crystal,4.2,1.0,,,,,5000,H_below_validated_reduced_field
BaFe2As2,iron_pnictide_122,,elsevier_10.1016_j.phpro.2015.06.160_VISION_PASS_LONG,A2,20.0,extraction_csv,60.0,exact,,S1_v3_2_2B_extension,single_crystal,sample_form_conditional_median:single_crystal,4.2,5.0,,,,,5000,H_below_validated_reduced_field
BaFe2As2,iron_pnictide_122,,elsevier_10.1016_j.phpro.2015.06.160_VISION_PASS_LONG,A2,20.0,extraction_csv,60.0,exact,,S1_v3_2_2B_extension,single_crystal,sample_form_conditional_median:single_crystal,20.0,0.1,,,,,5000,T_above_Tc
BaFe2As2,iron_pnictide_122,,elsevier_10.1016_j.phpro.2015.06.160_VISION_PASS_LONG,A2,20.0,extraction_csv,60.0,exact,,S1_v3_2_2B_extension,single_crystal,sample_form_conditional_median:single_crystal,20.0,1.0,,,,,5000,T_above_Tc
BaFe2As2,iron_pnictide_122,,elsevier_10.1016_j.phpro.2015.06.160_VISION_PASS_LONG,A2,20.0,extraction_csv,60.0,exact,,S1_v3_2_2B_extension,single_crystal,sample_form_conditional_median:single_crystal,20.0,5.0,,,,,5000,T_above_Tc
BaFe2As2,iron_pnictide_122,,elsevier_10.1016_j.phpro.2015.06.160_VISION_PASS_LONG,A2,20.0,extraction_csv,60.0,exact,,S1_v3_2_2B_extension,single_crystal,sample_form_conditional_median:single_crystal,15.4,0.1,,,,,5000,H_below_validated_reduced_field
BaFe2As2,iron_pnictide_122,,elsevier_10.1016_j.phpro.2015.06.160_VISION_PASS_LONG,A2,20.0,extraction_csv,60.0,exact,,S1_v3_2_2B_extension,single_crystal,sample_form_conditional_median:single_crystal,15.4,1.0,,,,,5000,H_below_validated_reduced_field
BaFe2As2,iron_pnictide_122,,elsevier_10.1016_j.phpro.2015.06.160_VISION_PASS_LONG,A2,20.0,extraction_csv,60.0,exact,,S1_v3_2_2B_extension,single_crystal,sample_form_conditional_median:single_crystal,15.4,5.0,,,,,5000,H_below_validated_reduced_field
BaFe2As2,iron_pnictide_122,,elsevier_10.1016_j.phpro.2015.06.160_VISION_PASS_LONG,A2,20.0,extraction_csv,60.0,exact,,S1_v3_2_2B_extension,single_crystal,sample_form_conditional_median:single_crystal,4.2,0.1,,,,,5000,H_below_validated_reduced_field
BaFe2As2,iron_pnictide_122,,elsevier_10.1016_j.phpro.2015.06.160_VISION_PASS_LONG,A2,20.0,extraction_csv,60.0,exact,,S1_v3_2_2B_extension,single_crystal,sample_form_conditional_median:single_crystal,4.2,1.0,,,,,5000,H_below_validated_reduced_field
BaFe2As2,iron_pnictide_122,,elsevier_10.1016_j.phpro.2015.06.160_VISION_PASS_LONG,A2,20.0,extraction_csv,60.0,exact,,S1_v3_2_2B_extension,single_crystal,sample_form_conditional_median:single_crystal,4.2,5.0,,,,,5000,H_below_validated_reduced_field
BaFe2As2,iron_pnictide_122,,elsevier_10.1016_j.phpro.2015.06.160_VISION_PASS_LONG,A2,20.0,extraction_csv,60.0,exact,,S1_v3_2_2B_extension,single_crystal,sample_form_conditional_median:single_crystal,20.0,0.1,,,,,5000,T_above_Tc
BaFe2As2,iron_pnictide_122,,elsevier_10.1016_j.phpro.2015.06.160_VISION_PASS_LONG,A2,20.0,extraction_csv,60.0,exact,,S1_v3_2_2B_extension,single_crystal,sample_form_conditional_median:single_crystal,20.0,1.0,,,,,5000,T_above_Tc
BaFe2As2,iron_pnictide_122,,elsevier_10.1016_j.phpro.2015.06.160_VISION_PASS_LONG,A2,20.0,extraction_csv,60.0,exact,,S1_v3_2_2B_extension,single_crystal,sample_form_conditional_median:single_crystal,20.0,5.0,,,,,5000,T_above_Tc
BaFe2As2,iron_pnictide_122,,elsevier_10.1016_j.phpro.2015.06.160_VISION_PASS_LONG,A2,20.0,extraction_csv,60.0,exact,,S1_v3_2_2B_extension,single_crystal,sample_form_conditional_median:single_crystal,15.4,0.1,,,,,5000,H_below_validated_reduced_field
BaFe2As2,iron_pnictide_122,,elsevier_10.1016_j.phpro.2015.06.160_VISION_PASS_LONG,A2,20.0,extraction_csv,60.0,exact,,S1_v3_2_2B_extension,single_crystal,sample_form_conditional_median:single_crystal,15.4,1.0,,,,,5000,H_below_validated_reduced_field
BaFe2As2,iron_pnictide_122,,elsevier_10.1016_j.phpro.2015.06.160_VISION_PASS_LONG,A2,20.0,extraction_csv,60.0,exact,,S1_v3_2_2B_extension,single_crystal,sample_form_conditional_median:single_crystal,15.4,5.0,,,,,5000,H_below_validated_reduced_field
Ba(Fe0.93Co0.07)2As2,iron_pnictide_122,,elsevier_10.1016_j.physc.2009.11.051_VISION_PASS_LONG,A2,22.0,extraction_csv,50.0,exact,,S1_v3_2_2B_extension,single_crystal,sample_form_conditional_median:single_crystal,4.2,0.1,,,,,5000,H_below_validated_reduced_field
Ba(Fe0.93Co0.07)2As2,iron_pnictide_122,,elsevier_10.1016_j.physc.2009.11.051_VISION_PASS_LONG,A2,22.0,extraction_csv,50.0,exact,,S1_v3_2_2B_extension,single_crystal,sample_form_conditional_median:single_crystal,4.2,1.0,,,,,5000,H_below_validated_reduced_field
Ba(Fe0.93Co0.07)2As2,iron_pnictide_122,,elsevier_10.1016_j.physc.2009.11.051_VISION_PASS_LONG,A2,22.0,extraction_csv,50.0,exact,,S1_v3_2_2B_extension,single_crystal,sample_form_conditional_median:single_crystal,4.2,5.0,,,,,5000,H_below_validated_reduced_field
Ba(Fe0.93Co0.07)2As2,iron_pnictide_122,,elsevier_10.1016_j.physc.2009.11.051_VISION_PASS_LONG,A2,22.0,extraction_csv,50.0,exact,,S1_v3_2_2B_extension,single_crystal,sample_form_conditional_median:single_crystal,20.0,0.1,,,,,5000,H_below_validated_reduced_field
Ba(Fe0.93Co0.07)2As2,iron_pnictide_122,,elsevier_10.1016_j.physc.2009.11.051_VISION_PASS_LONG,A2,22.0,extraction_csv,50.0,exact,,S1_v3_2_2B_extension,single_crystal,sample_form_conditional_median:single_crystal,20.0,1.0,,,,,5000,H_below_validated_reduced_field
Ba(Fe0.93Co0.07)2As2,iron_pnictide_122,,elsevier_10.1016_j.physc.2009.11.051_VISION_PASS_LONG,A2,22.0,extraction_csv,50.0,exact,,S1_v3_2_2B_extension,single_crystal,sample_form_conditional_median:single_crystal,20.0,5.0,,,,,5000,H_below_validated_reduced_field
Ba(Fe0.93Co0.07)2As2,iron_pnictide_122,,elsevier_10.1016_j.physc.2009.11.051_VISION_PASS_LONG,A2,22.0,extraction_csv,50.0,exact,,S1_v3_2_2B_extension,single_crystal,sample_form_conditional_median:single_crystal,16.94,0.1,,,,,5000,H_below_validated_reduced_field
Ba(Fe0.93Co0.07)2As2,iron_pnictide_122,,elsevier_10.1016_j.physc.2009.11.051_VISION_PASS_LONG,A2,22.0,extraction_csv,50.0,exact,,S1_v3_2_2B_extension,single_crystal,sample_form_conditional_median:single_crystal,16.94,1.0,,,,,5000,H_below_validated_reduced_field
Ba(Fe0.93Co0.07)2As2,iron_pnictide_122,,elsevier_10.1016_j.physc.2009.11.051_VISION_PASS_LONG,A2,22.0,extraction_csv,50.0,exact,,S1_v3_2_2B_extension,single_crystal,sample_form_conditional_median:single_crystal,16.94,5.0,,,,,5000,H_below_validated_reduced_field
Ba(Fe0.93Co0.07)2As2,iron_pnictide_122,,elsevier_10.1016_j.physc.2009.11.051_VISION_PASS_LONG,A2,22.0,extraction_csv,50.0,exact,,S1_v3_2_2B_extension,single_crystal,sample_form_conditional_median:single_crystal,4.2,0.1,,,,,5000,H_below_validated_reduced_field
Ba(Fe0.93Co0.07)2As2,iron_pnictide_122,,elsevier_10.1016_j.physc.2009.11.051_VISION_PASS_LONG,A2,22.0,extraction_csv,50.0,exact,,S1_v3_2_2B_extension,single_crystal,sample_form_conditional_median:single_crystal,4.2,1.0,,,,,5000,H_below_validated_reduced_field
Ba(Fe0.93Co0.07)2As2,iron_pnictide_122,,elsevier_10.1016_j.physc.2009.11.051_VISION_PASS_LONG,A2,22.0,extraction_csv,50.0,exact,,S1_v3_2_2B_extension,single_crystal,sample_form_conditional_median:single_crystal,4.2,5.0,,,,,5000,H_below_validated_reduced_field
Ba(Fe0.93Co0.07)2As2,iron_pnictide_122,,elsevier_10.1016_j.physc.2009.11.051_VISION_PASS_LONG,A2,22.0,extraction_csv,50.0,exact,,S1_v3_2_2B_extension,single_crystal,sample_form_conditional_median:single_crystal,20.0,0.1,,,,,5000,H_below_validated_reduced_field
Ba(Fe0.93Co0.07)2As2,iron_pnictide_122,,elsevier_10.1016_j.physc.2009.11.051_VISION_PASS_LONG,A2,22.0,extraction_csv,50.0,exact,,S1_v3_2_2B_extension,single_crystal,sample_form_conditional_median:single_crystal,20.0,1.0,,,,,5000,H_below_validated_reduced_field
Ba(Fe0.93Co0.07)2As2,iron_pnictide_122,,elsevier_10.1016_j.physc.2009.11.051_VISION_PASS_LONG,A2,22.0,extraction_csv,50.0,exact,,S1_v3_2_2B_extension,single_crystal,sample_form_conditional_median:single_crystal,20.0,5.0,,,,,5000,H_below_validated_reduced_field
Ba(Fe0.93Co0.07)2As2,iron_pnictide_122,,elsevier_10.1016_j.physc.2009.11.051_VISION_PASS_LONG,A2,22.0,extraction_csv,50.0,exact,,S1_v3_2_2B_extension,single_crystal,sample_form_conditional_median:single_crystal,16.94,0.1,,,,,5000,H_below_validated_reduced_field
Ba(Fe0.93Co0.07)2As2,iron_pnictide_122,,elsevier_10.1016_j.physc.2009.11.051_VISION_PASS_LONG,A2,22.0,extraction_csv,50.0,exact,,S1_v3_2_2B_extension,single_crystal,sample_form_conditional_median:single_crystal,16.94,1.0,,,,,5000,H_below_validated_reduced_field
Ba(Fe0.93Co0.07)2As2,iron_pnictide_122,,elsevier_10.1016_j.physc.2009.11.051_VISION_PASS_LONG,A2,22.0,extraction_csv,50.0,exact,,S1_v3_2_2B_extension,single_crystal,sample_form_conditional_median:single_crystal,16.94,5.0,,,,,5000,H_below_validated_reduced_field
Ba(Fe0.93Co0.07)2As2,iron_pnictide_122,,elsevier_10.1016_j.physc.2009.11.051_VISION_PASS_LONG,A2,22.0,extraction_csv,50.0,exact,,S1_v3_2_2B_extension,single_crystal,sample_form_conditional_median:single_crystal,4.2,0.1,,,,,5000,H_below_validated_reduced_field
Ba(Fe0.93Co0.07)2As2,iron_pnictide_122,,elsevier_10.1016_j.physc.2009.11.051_VISION_PASS_LONG,A2,22.0,extraction_csv,50.0,exact,,S1_v3_2_2B_extension,single_crystal,sample_form_conditional_median:single_crystal,4.2,1.0,,,,,5000,H_below_validated_reduced_field
Ba(Fe0.93Co0.07)2As2,iron_pnictide_122,,elsevier_10.1016_j.physc.2009.11.051_VISION_PASS_LONG,A2,22.0,extraction_csv,50.0,exact,,S1_v3_2_2B_extension,single_crystal,sample_form_conditional_median:single_crystal,4.2,5.0,,,,,5000,H_below_validated_reduced_field
Ba(Fe0.93Co0.07)2As2,iron_pnictide_122,,elsevier_10.1016_j.physc.2009.11.051_VISION_PASS_LONG,A2,22.0,extraction_csv,50.0,exact,,S1_v3_2_2B_extension,single_crystal,sample_form_conditional_median:single_crystal,20.0,0.1,,,,,5000,H_below_validated_reduced_field
Ba(Fe0.93Co0.07)2As2,iron_pnictide_122,,elsevier_10.1016_j.physc.2009.11.051_VISION_PASS_LONG,A2,22.0,extraction_csv,50.0,exact,,S1_v3_2_2B_extension,single_crystal,sample_form_conditional_median:single_crystal,20.0,1.0,,,,,5000,H_below_validated_reduced_field
Ba(Fe0.93Co0.07)2As2,iron_pnictide_122,,elsevier_10.1016_j.physc.2009.11.051_VISION_PASS_LONG,A2,22.0,extraction_csv,50.0,exact,,S1_v3_2_2B_extension,single_crystal,sample_form_conditional_median:single_crystal,20.0,5.0,,,,,5000,H_below_validated_reduced_field
Ba(Fe0.93Co0.07)2As2,iron_pnictide_122,,elsevier_10.1016_j.physc.2009.11.051_VISION_PASS_LONG,A2,22.0,extraction_csv,50.0,exact,,S1_v3_2_2B_extension,single_crystal,sample_form_conditional_median:single_crystal,16.94,0.1,,,,,5000,H_below_validated_reduced_field
Ba(Fe0.93Co0.07)2As2,iron_pnictide_122,,elsevier_10.1016_j.physc.2009.11.051_VISION_PASS_LONG,A2,22.0,extraction_csv,50.0,exact,,S1_v3_2_2B_extension,single_crystal,sample_form_conditional_median:single_crystal,16.94,1.0,,,,,5000,H_below_validated_reduced_field
Ba(Fe0.93Co0.07)2As2,iron_pnictide_122,,elsevier_10.1016_j.physc.2009.11.051_VISION_PASS_LONG,A2,22.0,extraction_csv,50.0,exact,,S1_v3_2_2B_extension,single_crystal,sample_form_conditional_median:single_crystal,16.94,5.0,,,,,5000,H_below_validated_reduced_field
Ba(Fe0.93Co0.07)2As2,iron_pnictide_122,,elsevier_10.1016_j.physc.2009.11.051_VISION_PASS_LONG,A2,22.0,extraction_csv,50.0,exact,,S1_v3_2_2B_extension,single_crystal,sample_form_conditional_median:single_crystal,4.2,0.1,,,,,5000,H_below_validated_reduced_field
Ba(Fe0.93Co0.07)2As2,iron_pnictide_122,,elsevier_10.1016_j.physc.2009.11.051_VISION_PASS_LONG,A2,22.0,extraction_csv,50.0,exact,,S1_v3_2_2B_extension,single_crystal,sample_form_conditional_median:single_crystal,4.2,1.0,,,,,5000,H_below_validated_reduced_field
Ba(Fe0.93Co0.07)2As2,iron_pnictide_122,,elsevier_10.1016_j.physc.2009.11.051_VISION_PASS_LONG,A2,22.0,extraction_csv,50.0,exact,,S1_v3_2_2B_extension,single_crystal,sample_form_conditional_median:single_crystal,4.2,5.0,,,,,5000,H_below_validated_reduced_field
Ba(Fe0.93Co0.07)2As2,iron_pnictide_122,,elsevier_10.1016_j.physc.2009.11.051_VISION_PASS_LONG,A2,22.0,extraction_csv,50.0,exact,,S1_v3_2_2B_extension,single_crystal,sample_form_conditional_median:single_crystal,20.0,0.1,,,,,5000,H_below_validated_reduced_field
Ba(Fe0.93Co0.07)2As2,iron_pnictide_122,,elsevier_10.1016_j.physc.2009.11.051_VISION_PASS_LONG,A2,22.0,extraction_csv,50.0,exact,,S1_v3_2_2B_extension,single_crystal,sample_form_conditional_median:single_crystal,20.0,1.0,,,,,5000,H_below_validated_reduced_field
Ba(Fe0.93Co0.07)2As2,iron_pnictide_122,,elsevier_10.1016_j.physc.2009.11.051_VISION_PASS_LONG,A2,22.0,extraction_csv,50.0,exact,,S1_v3_2_2B_extension,single_crystal,sample_form_conditional_median:single_crystal,20.0,5.0,,,,,5000,H_below_validated_reduced_field
Ba(Fe0.93Co0.07)2As2,iron_pnictide_122,,elsevier_10.1016_j.physc.2009.11.051_VISION_PASS_LONG,A2,22.0,extraction_csv,50.0,exact,,S1_v3_2_2B_extension,single_crystal,sample_form_conditional_median:single_crystal,16.94,0.1,,,,,5000,H_below_validated_reduced_field
Ba(Fe0.93Co0.07)2As2,iron_pnictide_122,,elsevier_10.1016_j.physc.2009.11.051_VISION_PASS_LONG,A2,22.0,extraction_csv,50.0,exact,,S1_v3_2_2B_extension,single_crystal,sample_form_conditional_median:single_crystal,16.94,1.0,,,,,5000,H_below_validated_reduced_field
Ba(Fe0.93Co0.07)2As2,iron_pnictide_122,,elsevier_10.1016_j.physc.2009.11.051_VISION_PASS_LONG,A2,22.0,extraction_csv,50.0,exact,,S1_v3_2_2B_extension,single_crystal,sample_form_conditional_median:single_crystal,16.94,5.0,,,,,5000,H_below_validated_reduced_field
MgB2,conventional_AlB2,,elsevier_10.1016_j.matchemphys.2023.128348_VISION_PASS_LONG,A2,39.0,extraction_csv,15.5,exact,,S1_v3_2_2B_extension,,substructure_aggregate_median,4.2,0.1,,,,,5000,H_below_validated_reduced_field
MgB2,conventional_AlB2,,elsevier_10.1016_j.matchemphys.2023.128348_VISION_PASS_LONG,A2,39.0,extraction_csv,15.5,exact,,S1_v3_2_2B_extension,,substructure_aggregate_median,4.2,1.0,,,,,5000,H_below_validated_reduced_field
MgB2,conventional_AlB2,,elsevier_10.1016_j.matchemphys.2023.128348_VISION_PASS_LONG,A2,39.0,extraction_csv,15.5,exact,,S1_v3_2_2B_extension,,substructure_aggregate_median,4.2,5.0,4.978240786087785,4.797724668278873,5.20225580250418,,5000,
MgB2,conventional_AlB2,,elsevier_10.1016_j.matchemphys.2023.128348_VISION_PASS_LONG,A2,39.0,extraction_csv,15.5,exact,,S1_v3_2_2B_extension,,substructure_aggregate_median,20.0,0.1,,,,,5000,H_below_validated_reduced_field
MgB2,conventional_AlB2,,elsevier_10.1016_j.matchemphys.2023.128348_VISION_PASS_LONG,A2,39.0,extraction_csv,15.5,exact,,S1_v3_2_2B_extension,,substructure_aggregate_median,20.0,1.0,,,,,5000,H_below_validated_reduced_field
MgB2,conventional_AlB2,,elsevier_10.1016_j.matchemphys.2023.128348_VISION_PASS_LONG,A2,39.0,extraction_csv,15.5,exact,,S1_v3_2_2B_extension,,substructure_aggregate_median,20.0,5.0,4.675808019663427,4.399893469807365,4.992673514498774,,5000,
MgB2,conventional_AlB2,,elsevier_10.1016_j.matchemphys.2023.128348_VISION_PASS_LONG,A2,39.0,extraction_csv,15.5,exact,,S1_v3_2_2B_extension,,substructure_aggregate_median,30.03,0.1,,,,,5000,H_below_validated_reduced_field
MgB2,conventional_AlB2,,elsevier_10.1016_j.matchemphys.2023.128348_VISION_PASS_LONG,A2,39.0,extraction_csv,15.5,exact,,S1_v3_2_2B_extension,,substructure_aggregate_median,30.03,1.0,,,,,5000,H_below_validated_reduced_field
MgB2,conventional_AlB2,,elsevier_10.1016_j.matchemphys.2023.128348_VISION_PASS_LONG,A2,39.0,extraction_csv,15.5,exact,,S1_v3_2_2B_extension,,substructure_aggregate_median,30.03,5.0,4.291563796542481,3.8127288034265554,4.827047321068514,,5000,
